Time,Displacement,Force
(s),(mm),(N)
"0.0000","0.0000","0.0029"
"0.0200","0.0000","0.0485"
"0.0400","0.0000","0.0681"
"0.0600","0.0000","0.0783"
"0.0800","0.0001","0.0468"
"0.1000","0.0002","0.0070"
"0.1200","0.0004","-0.0465"
"0.1400","0.0006","-0.0317"
"0.1600","0.0006","-0.0029"
"0.1800","0.0006","0.0239"
"0.2000","0.0007","0.0541"
"0.2200","0.0009","0.0098"
"0.2400","0.0012","-0.0165"
"0.2600","0.0017","0.0773"
"0.2800","0.0021","0.1909"
"0.3000","0.0025","0.1228"
"0.3200","0.0029","0.0717"
"0.3400","0.0034","0.1055"
"0.3600","0.0038","0.1095"
"0.3800","0.0043","0.1396"
"0.4000","0.0048","0.2046"
"0.4200","0.0052","0.2140"
"0.4400","0.0055","0.1883"
"0.4600","0.0057","0.2182"
"0.4800","0.0061","0.1736"
"0.5000","0.0064","0.2606"
"0.5200","0.0068","0.2229"
"0.5400","0.0072","0.2389"
"0.5600","0.0076","0.2410"
"0.5800","0.0080","0.2132"
"0.6000","0.0083","0.1591"
"0.6200","0.0086","0.1407"
"0.6400","0.0089","0.1491"
"0.6600","0.0092","0.1342"
"0.6800","0.0097","0.1429"
"0.7000","0.0102","0.2001"
"0.7200","0.0107","0.2958"
"0.7400","0.0110","0.2690"
"0.7600","0.0113","0.2365"
"0.7800","0.0115","0.2504"
"0.8000","0.0117","0.1858"
"0.8200","0.0120","0.1987"
"0.8400","0.0123","0.2283"
"0.8600","0.0126","0.2224"
"0.8800","0.0130","0.2018"
"0.9000","0.0134","0.2292"
"0.9200","0.0137","0.1686"
"0.9400","0.0140","0.2058"
"0.9600","0.0143","0.2250"
"0.9800","0.0146","0.2430"
"1.0000","0.0150","0.2059"
"1.0200","0.0154","0.2184"
"1.0400","0.0158","0.3310"
"1.0600","0.0162","0.3646"
"1.0800","0.0165","0.3560"
"1.1000","0.0168","0.3329"
"1.1200","0.0170","0.3982"
"1.1400","0.0173","0.3579"
"1.1600","0.0176","0.2680"
"1.1800","0.0179","0.2903"
"1.2000","0.0183","0.2192"
"1.2200","0.0187","0.2386"
"1.2400","0.0191","0.1883"
"1.2600","0.0194","0.2025"
"1.2800","0.0197","0.2516"
"1.3000","0.0199","0.2987"
"1.3200","0.0202","0.2727"
"1.3400","0.0205","0.2291"
"1.3600","0.0209","0.2207"
"1.3800","0.0214","0.2718"
"1.4000","0.0218","0.2692"
"1.4200","0.0223","0.1882"
"1.4400","0.0226","0.2055"
"1.4600","0.0228","0.2896"
"1.4800","0.0231","0.3601"
"1.5000","0.0233","0.3527"
"1.5200","0.0236","0.2932"
"1.5400","0.0239","0.1400"
"1.5600","0.0243","0.1939"
"1.5800","0.0246","0.2377"
"1.6000","0.0250","0.2496"
"1.6200","0.0254","0.2459"
"1.6400","0.0257","0.2970"
"1.6600","0.0260","0.2545"
"1.6800","0.0263","0.3111"
"1.7000","0.0267","0.2272"
"1.7200","0.0271","0.2028"
"1.7400","0.0275","0.2009"
"1.7600","0.0279","0.3104"
"1.7800","0.0282","0.2796"
"1.8000","0.0284","0.3281"
"1.8200","0.0287","0.3583"
"1.8400","0.0289","0.2727"
"1.8600","0.0292","0.3053"
"1.8800","0.0296","0.3623"
"1.9000","0.0300","0.3398"
"1.9200","0.0303","0.2930"
"1.9400","0.0307","0.2659"
"1.9600","0.0310","0.1949"
"1.9800","0.0313","0.1972"
"2.0000","0.0316","0.2209"
"2.0200","0.0319","0.2679"
"2.0400","0.0322","0.3773"
"2.0600","0.0326","0.3660"
"2.0800","0.0331","0.3106"
"2.1000","0.0335","0.2691"
"2.1200","0.0339","0.1667"
"2.1400","0.0342","0.1971"
"2.1600","0.0344","0.3194"
"2.1800","0.0346","0.3618"
"2.2000","0.0349","0.3501"
"2.2200","0.0352","0.3937"
"2.2400","0.0355","0.4134"
"2.2600","0.0359","0.3949"
"2.2800","0.0363","0.3464"
"2.3000","0.0367","0.2984"
"2.3200","0.0370","0.2541"
"2.3400","0.0373","0.2049"
"2.3600","0.0376","0.2631"
"2.3800","0.0380","0.3000"
"2.4000","0.0384","0.2782"
"2.4200","0.0388","0.3305"
"2.4400","0.0392","0.3692"
"2.4600","0.0395","0.3614"
"2.4800","0.0398","0.3289"
"2.5000","0.0400","0.2964"
"2.5200","0.0403","0.2773"
"2.5400","0.0406","0.2601"
"2.5600","0.0409","0.2870"
"2.5800","0.0413","0.3021"
"2.6000","0.0417","0.3547"
"2.6200","0.0421","0.3129"
"2.6400","0.0424","0.3078"
"2.6600","0.0427","0.2941"
"2.6800","0.0429","0.3562"
"2.7000","0.0432","0.4004"
"2.7200","0.0435","0.3476"
"2.7400","0.0439","0.2785"
"2.7600","0.0444","0.2857"
"2.7800","0.0448","0.2711"
"2.8000","0.0453","0.3057"
"2.8200","0.0456","0.2244"
"2.8400","0.0458","0.2291"
"2.8600","0.0461","0.2517"
"2.8800","0.0463","0.2840"
"2.9000","0.0466","0.2908"
"2.9200","0.0469","0.3850"
"2.9400","0.0473","0.3893"
"2.9600","0.0476","0.3564"
"2.9800","0.0480","0.2939"
"3.0000","0.0484","0.2565"
"3.0200","0.0487","0.2870"
"3.0400","0.0490","0.3260"
"3.0600","0.0493","0.3559"
"3.0800","0.0497","0.3531"
"3.1000","0.0501","0.3879"
"3.1200","0.0505","0.3883"
"3.1400","0.0509","0.3281"
"3.1600","0.0511","0.3109"
"3.1800","0.0514","0.2599"
"3.2000","0.0516","0.2305"
"3.2200","0.0519","0.2383"
"3.2400","0.0522","0.3679"
"3.2600","0.0526","0.3559"
"3.2800","0.0530","0.3278"
"3.3000","0.0534","0.3608"
"3.3200","0.0537","0.3804"
"3.3400","0.0540","0.3847"
"3.3600","0.0543","0.3829"
"3.3800","0.0546","0.3701"
"3.4000","0.0549","0.3632"
"3.4200","0.0552","0.4064"
"3.4400","0.0557","0.4254"
"3.4600","0.0561","0.4086"
"3.4800","0.0566","0.3337"
"3.5000","0.0570","0.3352"
"3.5200","0.0572","0.3549"
"3.5400","0.0575","0.4388"
"3.5600","0.0577","0.4289"
"3.5800","0.0579","0.3439"
"3.6000","0.0583","0.2749"
"3.6200","0.0586","0.2734"
"3.6400","0.0590","0.3136"
"3.6600","0.0593","0.3451"
"3.6800","0.0597","0.3293"
"3.7000","0.0600","0.3654"
"3.7200","0.0603","0.4034"
"3.7400","0.0607","0.4175"
"3.7600","0.0610","0.4054"
"3.7800","0.0614","0.3446"
"3.8000","0.0618","0.3322"
"3.8200","0.0622","0.3451"
"3.8400","0.0625","0.4110"
"3.8600","0.0628","0.3572"
"3.8800","0.0630","0.4168"
"3.9000","0.0633","0.4105"
"3.9200","0.0636","0.3911"
"3.9400","0.0639","0.4518"
"3.9600","0.0643","0.4129"
"3.9800","0.0647","0.3980"
"4.0000","0.0651","0.4674"
"4.0200","0.0654","0.4317"
"4.0400","0.0657","0.3944"
"4.0600","0.0659","0.3726"
"4.0800","0.0662","0.3946"
"4.1000","0.0665","0.3931"
"4.1200","0.0669","0.3935"
"4.1400","0.0674","0.3680"
"4.1600","0.0678","0.3841"
"4.1800","0.0683","0.4548"
"4.2000","0.0686","0.4606"
"4.2200","0.0688","0.4660"
"4.2400","0.0690","0.3538"
"4.2600","0.0693","0.3740"
"4.2800","0.0696","0.3888"
"4.3000","0.0699","0.3605"
"4.3200","0.0703","0.4204"
"4.3400","0.0707","0.4630"
"4.3600","0.0710","0.4716"
"4.3800","0.0714","0.4667"
"4.4000","0.0717","0.4694"
"4.4200","0.0720","0.3547"
"4.4400","0.0723","0.3809"
"4.4600","0.0727","0.4564"
"4.4800","0.0731","0.4968"
"4.5000","0.0735","0.5277"
"4.5200","0.0739","0.5523"
"4.5400","0.0741","0.5616"
"4.5600","0.0744","0.5083"
"4.5800","0.0746","0.5071"
"4.6000","0.0749","0.4505"
"4.6200","0.0752","0.4293"
"4.6400","0.0756","0.4660"
"4.6600","0.0760","0.4375"
"4.6800","0.0764","0.4884"
"4.7000","0.0767","0.4796"
"4.7200","0.0771","0.5210"
"4.7400","0.0773","0.5328"
"4.7600","0.0776","0.5441"
"4.7800","0.0779","0.5283"
"4.8000","0.0783","0.5059"
"4.8200","0.0787","0.5177"
"4.8400","0.0792","0.4953"
"4.8600","0.0796","0.5138"
"4.8800","0.0799","0.5634"
"4.9000","0.0802","0.5302"
"4.9200","0.0804","0.5833"
"4.9400","0.0806","0.6025"
"4.9600","0.0809","0.4383"
"4.9800","0.0812","0.4788"
"5.0000","0.0816","0.5343"
"5.0200","0.0820","0.5436"
"5.0400","0.0824","0.5568"
"5.0600","0.0827","0.6030"
"5.0800","0.0830","0.6450"
"5.1000","0.0833","0.6443"
"5.1200","0.0837","0.6296"
"5.1400","0.0840","0.5458"
"5.1600","0.0844","0.5555"
"5.1800","0.0848","0.5599"
"5.2000","0.0851","0.5498"
"5.2200","0.0854","0.5278"
"5.2400","0.0857","0.5022"
"5.2600","0.0859","0.5910"
"5.2800","0.0862","0.6200"
"5.3000","0.0865","0.5105"
"5.3200","0.0868","0.5069"
"5.3400","0.0872","0.5521"
"5.3600","0.0876","0.6204"
"5.3800","0.0879","0.5606"
"5.4000","0.0883","0.5769"
"5.4200","0.0886","0.5908"
"5.4400","0.0889","0.4915"
"5.4600","0.0892","0.4853"
"5.4800","0.0895","0.5965"
"5.5000","0.0899","0.6045"
"5.5200","0.0903","0.6141"
"5.5400","0.0908","0.7230"
"5.5600","0.0913","0.6725"
"5.5800","0.0916","0.6259"
"5.6000","0.0918","0.6214"
"5.6200","0.0921","0.6543"
"5.6400","0.0923","0.6680"
"5.6600","0.0926","0.5693"
"5.6800","0.0930","0.5732"
"5.7000","0.0934","0.5987"
"5.7200","0.0938","0.5635"
"5.7400","0.0941","0.5432"
"5.7600","0.0945","0.5701"
"5.7800","0.0948","0.6261"
"5.8000","0.0951","0.7051"
"5.8200","0.0954","0.6628"
"5.8400","0.0958","0.6338"
"5.8600","0.0962","0.5837"
"5.8800","0.0966","0.6447"
"5.9000","0.0969","0.6412"
"5.9200","0.0971","0.7071"
"5.9400","0.0974","0.6698"
"5.9600","0.0976","0.6548"
"5.9800","0.0979","0.6821"
"6.0000","0.0982","0.7476"
"6.0200","0.0985","0.6868"
"6.0400","0.0989","0.6421"
"6.0600","0.0993","0.6266"
"6.0800","0.0997","0.6790"
"6.1000","0.1000","0.6724"
"6.1200","0.1002","0.7116"
"6.1400","0.1005","0.7022"
"6.1600","0.1008","0.6518"
"6.1800","0.1012","0.6347"
"6.2000","0.1017","0.7335"
"6.2200","0.1021","0.7688"
"6.2400","0.1026","0.7738"
"6.2600","0.1029","0.7607"
"6.2800","0.1031","0.8099"
"6.3000","0.1034","0.7617"
"6.3200","0.1036","0.6882"
"6.3400","0.1039","0.6551"
"6.3600","0.1042","0.7486"
"6.3800","0.1046","0.7303"
"6.4000","0.1050","0.7429"
"6.4200","0.1054","0.7382"
"6.4400","0.1058","0.7204"
"6.4600","0.1061","0.7615"
"6.4800","0.1064","0.8174"
"6.5000","0.1067","0.8139"
"6.5200","0.1071","0.8319"
"6.5400","0.1075","0.8529"
"6.5600","0.1079","0.8158"
"6.5800","0.1082","0.7458"
"6.6000","0.1085","0.7797"
"6.6200","0.1087","0.8114"
"6.6400","0.1090","0.8201"
"6.6600","0.1093","0.8878"
"6.6800","0.1096","0.8780"
"6.7000","0.1099","0.9255"
"6.7200","0.1103","0.9130"
"6.7400","0.1107","0.9025"
"6.7600","0.1111","0.9133"
"6.7800","0.1114","0.8871"
"6.8000","0.1116","0.8953"
"6.8200","0.1119","0.9913"
"6.8400","0.1122","1.0693"
"6.8600","0.1126","1.0837"
"6.8800","0.1130","1.0536"
"6.9000","0.1135","1.0215"
"6.9200","0.1139","0.9124"
"6.9400","0.1143","0.8891"
"6.9600","0.1145","0.9858"
"6.9800","0.1148","1.0137"
"7.0000","0.1150","0.9862"
"7.0200","0.1152","0.9823"
"7.0400","0.1155","1.0351"
"7.0600","0.1159","1.0932"
"7.0800","0.1163","1.0797"
"7.1000","0.1167","1.0950"
"7.1200","0.1171","1.0909"
"7.1400","0.1174","1.0304"
"7.1600","0.1177","1.0843"
"7.1800","0.1180","1.1076"
"7.2000","0.1184","1.0334"
"7.2200","0.1188","1.0864"
"7.2400","0.1192","1.1777"
"7.2600","0.1195","1.1633"
"7.2800","0.1198","1.1390"
"7.3000","0.1201","1.1131"
"7.3200","0.1203","1.2332"
"7.3400","0.1206","1.1895"
"7.3600","0.1209","1.1346"
"7.3800","0.1212","1.0880"
"7.4000","0.1216","1.1192"
"7.4200","0.1220","1.1409"
"7.4400","0.1224","1.1665"
"7.4600","0.1227","1.1302"
"7.4800","0.1230","1.1941"
"7.5000","0.1232","1.2352"
"7.5200","0.1235","1.2950"
"7.5400","0.1239","1.2298"
"7.5600","0.1243","1.2221"
"7.5800","0.1247","1.2009"
"7.6000","0.1252","1.1961"
"7.6200","0.1256","1.1705"
"7.6400","0.1259","1.2587"
"7.6600","0.1262","1.2513"
"7.6800","0.1264","1.1850"
"7.7000","0.1266","1.1720"
"7.7200","0.1269","1.1662"
"7.7400","0.1272","1.1838"
"7.7600","0.1276","1.2180"
"7.7800","0.1280","1.2016"
"7.8000","0.1284","1.1996"
"7.8200","0.1288","1.2064"
"7.8400","0.1291","1.1866"
"7.8600","0.1294","1.1424"
"7.8800","0.1297","1.1692"
"7.9000","0.1301","1.2328"
"7.9200","0.1304","1.2334"
"7.9400","0.1308","1.2087"
"7.9600","0.1312","1.2076"
"7.9800","0.1315","1.3198"
"8.0000","0.1317","1.3398"
"8.0200","0.1320","1.3675"
"8.0400","0.1322","1.2830"
"8.0600","0.1325","1.1628"
"8.0800","0.1329","1.1094"
"8.1000","0.1332","1.1910"
"8.1200","0.1336","1.3100"
"8.1400","0.1340","1.2563"
"8.1600","0.1343","1.3261"
"8.1800","0.1346","1.3495"
"8.2000","0.1348","1.2851"
"8.2200","0.1351","1.2786"
"8.2400","0.1355","1.2661"
"8.2600","0.1359","1.1534"
"8.2800","0.1364","1.2448"
"8.3000","0.1369","1.2843"
"8.3200","0.1373","1.2842"
"8.3400","0.1376","1.2626"
"8.3600","0.1378","1.3145"
"8.3800","0.1380","1.3157"
"8.4000","0.1383","1.3310"
"8.4200","0.1386","1.2502"
"8.4400","0.1389","1.1396"
"8.4600","0.1393","1.1592"
"8.4800","0.1397","1.2842"
"8.5000","0.1401","1.3239"
"8.5200","0.1404","1.2507"
"8.5400","0.1407","1.2291"
"8.5600","0.1411","1.2572"
"8.5800","0.1414","1.2458"
"8.6000","0.1418","1.2260"
"8.6200","0.1422","1.2906"
"8.6400","0.1426","1.2954"
"8.6600","0.1429","1.2649"
"8.6800","0.1431","1.2382"
"8.7000","0.1434","1.2175"
"8.7200","0.1436","1.2121"
"8.7400","0.1439","1.2867"
"8.7600","0.1443","1.2990"
"8.7800","0.1447","1.2585"
"8.8000","0.1450","1.2626"
"8.8200","0.1454","1.3264"
"8.8400","0.1457","1.2957"
"8.8600","0.1460","1.2346"
"8.8800","0.1462","1.2244"
"8.9000","0.1465","1.2228"
"8.9200","0.1468","1.2221"
"8.9400","0.1472","1.2397"
"8.9600","0.1477","1.3465"
"8.9800","0.1481","1.3853"
"9.0000","0.1485","1.3308"
"9.0200","0.1488","1.2961"
"9.0400","0.1491","1.3096"
"9.0600","0.1493","1.3122"
"9.0800","0.1495","1.3408"
"9.1000","0.1498","1.3847"
"9.1200","0.1501","1.3447"
"9.1400","0.1505","1.2939"
"9.1600","0.1509","1.2803"
"9.1800","0.1513","1.3137"
"9.2000","0.1516","1.3374"
"9.2200","0.1520","1.3282"
"9.2400","0.1523","1.3061"
"9.2600","0.1526","1.2213"
"9.2800","0.1530","1.2537"
"9.3000","0.1534","1.2699"
"9.3200","0.1538","1.2992"
"9.3400","0.1542","1.2761"
"9.3600","0.1545","1.3152"
"9.3800","0.1547","1.3370"
"9.4000","0.1550","1.3298"
"9.4200","0.1553","1.3689"
"9.4400","0.1556","1.4035"
"9.4600","0.1559","1.3527"
"9.4800","0.1563","1.4614"
"9.5000","0.1567","1.4421"
"9.5200","0.1570","1.3868"
"9.5400","0.1573","1.3736"
"9.5600","0.1576","1.3911"
"9.5800","0.1579","1.4561"
"9.6000","0.1582","1.3817"
"9.6200","0.1586","1.3256"
"9.6400","0.1590","1.2674"
"9.6600","0.1595","1.3908"
"9.6800","0.1599","1.4505"
"9.7000","0.1603","1.4106"
"9.7200","0.1605","1.3528"
"9.7400","0.1607","1.3267"
"9.7600","0.1610","1.3459"
"9.7800","0.1613","1.4089"
"9.8000","0.1616","1.3132"
"9.8200","0.1620","1.2563"
"9.8400","0.1624","1.2685"
"9.8600","0.1627","1.2898"
"9.8800","0.1631","1.3684"
"9.9000","0.1634","1.4103"
"9.9200","0.1637","1.3406"
"9.9400","0.1640","1.2878"
"9.9600","0.1644","1.4392"
"9.9800","0.1648","1.4841"
"10.0000","0.1652","1.4867"
"10.0200","0.1656","1.3756"
"10.0400","0.1658","1.3629"
"10.0600","0.1661","1.4579"
"10.0800","0.1663","1.4130"
"10.1000","0.1666","1.4042"
"10.1200","0.1669","1.3756"
"10.1400","0.1673","1.3421"
"10.1600","0.1676","1.4278"
"10.1800","0.1680","1.3638"
"10.2000","0.1684","1.4292"
"10.2200","0.1687","1.4891"
"10.2400","0.1690","1.5082"
"10.2600","0.1692","1.6010"
"10.2800","0.1695","1.5948"
"10.3000","0.1699","1.6181"
"10.3200","0.1703","1.6887"
"10.3400","0.1707","1.6443"
"10.3600","0.1712","1.6628"
"10.3800","0.1716","1.6525"
"10.4000","0.1719","1.8607"
"10.4200","0.1721","1.8336"
"10.4400","0.1723","1.8361"
"10.4600","0.1726","1.7870"
"10.4800","0.1729","1.7604"
"10.5000","0.1733","1.7735"
"10.5200","0.1737","1.8860"
"10.5400","0.1740","1.9316"
"10.5600","0.1744","1.8441"
"10.5800","0.1747","1.8765"
"10.6000","0.1750","1.9874"
"10.6200","0.1753","2.0639"
"10.6400","0.1757","2.0424"
"10.6600","0.1761","2.0079"
"10.6800","0.1765","2.0266"
"10.7000","0.1769","2.0387"
"10.7200","0.1772","2.0421"
"10.7400","0.1775","2.0853"
"10.7600","0.1777","2.0892"
"10.7800","0.1780","2.1072"
"10.8000","0.1783","2.2158"
"10.8200","0.1786","2.2597"
"10.8400","0.1789","2.2628"
"10.8600","0.1793","2.2088"
"10.8800","0.1797","2.1815"
"10.9000","0.1800","2.2198"
"10.9200","0.1803","2.2460"
"10.9400","0.1806","2.3169"
"10.9600","0.1808","2.3176"
"10.9800","0.1812","2.3422"
"11.0000","0.1815","2.3370"
"11.0200","0.1820","2.3214"
"11.0400","0.1825","2.3336"
"11.0600","0.1829","2.4073"
"11.0800","0.1832","2.3455"
"11.1000","0.1835","2.3410"
"11.1200","0.1837","2.3861"
"11.1400","0.1840","2.4441"
"11.1600","0.1843","2.3941"
"11.1800","0.1846","2.4452"
"11.2000","0.1850","2.4649"
"11.2200","0.1854","2.5817"
"11.2400","0.1857","2.5942"
"11.2600","0.1861","2.5936"
"11.2800","0.1863","2.5020"
"11.3000","0.1866","2.5782"
"11.3200","0.1870","2.5889"
"11.3400","0.1874","2.6368"
"11.3600","0.1878","2.6271"
"11.3800","0.1882","2.6331"
"11.4000","0.1885","2.6026"
"11.4200","0.1888","2.6170"
"11.4400","0.1891","2.6612"
"11.4600","0.1893","2.6689"
"11.4800","0.1896","2.6488"
"11.5000","0.1899","2.6939"
"11.5200","0.1903","2.7224"
"11.5400","0.1907","2.6840"
"11.5600","0.1911","2.6426"
"11.5800","0.1914","2.6251"
"11.6000","0.1917","2.6541"
"11.6200","0.1919","2.7289"
"11.6400","0.1922","2.6805"
"11.6600","0.1925","2.6939"
"11.6800","0.1928","2.7531"
"11.7000","0.1932","2.7167"
"11.7200","0.1937","2.6966"
"11.7400","0.1942","2.7357"
"11.7600","0.1945","2.7518"
"11.7800","0.1948","2.8013"
"11.8000","0.1951","2.8511"
"11.8200","0.1953","2.9162"
"11.8400","0.1956","2.8993"
"11.8600","0.1959","2.8797"
"11.8800","0.1963","2.8902"
"11.9000","0.1967","2.8568"
"11.9200","0.1970","2.8218"
"11.9400","0.1974","2.8390"
"11.9600","0.1977","2.8348"
"11.9800","0.1980","2.8199"
"12.0000","0.1983","2.9116"
"12.0200","0.1987","2.9242"
"12.0400","0.1991","2.9028"
"12.0600","0.1995","3.0588"
"12.0800","0.1999","3.1409"
"12.1000","0.2002","3.0290"
"12.1200","0.2005","2.9230"
"12.1400","0.2007","2.9118"
"12.1600","0.2010","3.0115"
"12.1800","0.2013","2.9964"
"12.2000","0.2016","2.9510"
"12.2200","0.2020","3.0067"
"12.2400","0.2024","2.9170"
"12.2600","0.2027","2.9568"
"12.2800","0.2030","3.0043"
"12.3000","0.2033","3.0590"
"12.3200","0.2036","3.0828"
"12.3400","0.2039","3.0998"
"12.3600","0.2042","3.0779"
"12.3800","0.2046","3.1364"
"12.4000","0.2050","3.1421"
"12.4200","0.2055","3.0996"
"12.4400","0.2059","3.0972"
"12.4600","0.2062","3.0651"
"12.4800","0.2064","3.0704"
"12.5000","0.2067","3.1026"
"12.5200","0.2069","3.0507"
"12.5400","0.2072","3.1076"
"12.5600","0.2076","3.2062"
"12.5800","0.2079","3.2312"
"12.6000","0.2083","3.2245"
"12.6200","0.2087","3.1812"
"12.6400","0.2090","3.1614"
"12.6600","0.2093","3.2024"
"12.6800","0.2096","3.2427"
"12.7000","0.2100","3.2753"
"12.7200","0.2103","3.2706"
"12.7400","0.2108","3.2693"
"12.7600","0.2112","3.2244"
"12.7800","0.2115","3.2449"
"12.8000","0.2118","3.2861"
"12.8200","0.2121","3.2518"
"12.8400","0.2123","3.3222"
"12.8600","0.2126","3.3596"
"12.8800","0.2129","3.3553"
"12.9000","0.2133","3.3763"
"12.9200","0.2137","3.3297"
"12.9400","0.2140","3.3067"
"12.9600","0.2144","3.3932"
"12.9800","0.2147","3.5031"
"13.0000","0.2150","3.4788"
"13.0200","0.2152","3.4706"
"13.0400","0.2155","3.4521"
"13.0600","0.2158","3.4224"
"13.0800","0.2163","3.4279"
"13.1000","0.2167","3.4409"
"13.1200","0.2172","3.5664"
"13.1400","0.2176","3.5786"
"13.1600","0.2178","3.5332"
"13.1800","0.2181","3.5708"
"13.2000","0.2183","3.6283"
"13.2200","0.2186","3.5882"
"13.2400","0.2189","3.6126"
"13.2600","0.2192","3.5503"
"13.2800","0.2196","3.5586"
"13.3000","0.2200","3.5233"
"13.3200","0.2204","3.5504"
"13.3400","0.2207","3.6002"
"13.3600","0.2210","3.5497"
"13.3800","0.2213","3.6165"
"13.4000","0.2217","3.5862"
"13.4200","0.2221","3.6390"
"13.4400","0.2225","3.6832"
"13.4600","0.2229","3.6301"
"13.4800","0.2232","3.5982"
"13.5000","0.2234","3.7119"
"13.5200","0.2237","3.8200"
"13.5400","0.2239","3.6773"
"13.5600","0.2242","3.7296"
"13.5800","0.2246","3.7686"
"13.6000","0.2249","3.8618"
"13.6200","0.2253","3.9088"
"13.6400","0.2257","3.9135"
"13.6600","0.2261","3.9062"
"13.6800","0.2264","3.8244"
"13.7000","0.2266","3.7629"
"13.7200","0.2269","3.7869"
"13.7400","0.2272","3.8226"
"13.7600","0.2276","3.8471"
"13.7800","0.2280","3.8708"
"13.8000","0.2285","3.9656"
"13.8200","0.2289","3.9099"
"13.8400","0.2292","3.8365"
"13.8600","0.2295","3.9168"
"13.8800","0.2297","3.9502"
"13.9000","0.2299","3.8882"
"13.9200","0.2302","3.8532"
"13.9400","0.2306","3.9796"
"13.9600","0.2310","4.0511"
"13.9800","0.2313","4.0571"
"14.0000","0.2317","3.9867"
"14.0200","0.2320","3.9890"
"14.0400","0.2323","3.9774"
"14.0600","0.2326","3.9827"
"14.0800","0.2330","3.9958"
"14.1000","0.2334","4.0745"
"14.1200","0.2338","4.0927"
"14.1400","0.2342","4.0910"
"14.1600","0.2346","4.0912"
"14.1800","0.2348","4.0599"
"14.2000","0.2351","4.0546"
"14.2200","0.2353","4.0136"
"14.2400","0.2356","4.1217"
"14.2600","0.2359","4.1621"
"14.2800","0.2363","4.2108"
"14.3000","0.2367","4.2504"
"14.3200","0.2371","4.2616"
"14.3400","0.2374","4.2523"
"14.3600","0.2377","4.2548"
"14.3800","0.2380","4.2106"
"14.4000","0.2382","4.1707"
"14.4200","0.2386","4.1883"
"14.4400","0.2389","4.2801"
"14.4600","0.2393","4.3264"
"14.4800","0.2398","4.2288"
"14.5000","0.2402","4.3007"
"14.5200","0.2406","4.4672"
"14.5400","0.2408","4.5257"
"14.5600","0.2411","4.5211"
"14.5800","0.2413","4.4670"
"14.6000","0.2416","4.3956"
"14.6200","0.2419","4.4536"
"14.6400","0.2423","4.4942"
"14.6600","0.2427","4.4170"
"14.6800","0.2430","4.4567"
"14.7000","0.2434","4.4920"
"14.7200","0.2437","4.4711"
"14.7400","0.2440","4.5073"
"14.7600","0.2443","4.5256"
"14.7800","0.2447","4.5636"
"14.8000","0.2451","4.5687"
"14.8200","0.2455","4.5838"
"14.8400","0.2459","4.5517"
"14.8600","0.2462","4.5612"
"14.8800","0.2464","4.5777"
"14.9000","0.2467","4.6652"
"14.9200","0.2469","4.6869"
"14.9400","0.2472","4.6171"
"14.9600","0.2476","4.6379"
"14.9800","0.2480","4.6661"
"15.0000","0.2484","4.6073"
"15.0200","0.2487","4.7044"
"15.0400","0.2490","4.6720"
"15.0600","0.2493","4.6918"
"15.0800","0.2496","4.6914"
"15.1000","0.2499","4.7148"
"15.1200","0.2502","4.7569"
"15.1400","0.2506","4.7732"
"15.1600","0.2511","4.8412"
"15.1800","0.2516","4.8326"
"15.2000","0.2519","4.7466"
"15.2200","0.2522","4.7411"
"15.2400","0.2525","4.7887"
"15.2600","0.2527","4.8355"
"15.2800","0.2529","4.9118"
"15.3000","0.2532","4.9210"
"15.3200","0.2536","4.8484"
"15.3400","0.2539","4.8331"
"15.3600","0.2543","4.8846"
"15.3800","0.2547","4.9197"
"15.4000","0.2550","4.9276"
"15.4200","0.2553","4.9788"
"15.4400","0.2556","5.0197"
"15.4600","0.2560","5.0019"
"15.4800","0.2564","5.0491"
"15.5000","0.2568","5.0469"
"15.5200","0.2572","5.0146"
"15.5400","0.2575","4.9687"
"15.5600","0.2578","4.9244"
"15.5800","0.2581","4.8893"
"15.6000","0.2583","5.0321"
"15.6200","0.2586","4.9537"
"15.6400","0.2589","4.9781"
"15.6600","0.2593","5.0111"
"15.6800","0.2597","5.0578"
"15.7000","0.2600","5.0782"
"15.7200","0.2604","4.9808"
"15.7400","0.2607","4.9698"
"15.7600","0.2609","4.9984"
"15.7800","0.2612","5.0097"
"15.8000","0.2615","5.0014"
"15.8200","0.2619","5.0364"
"15.8400","0.2623","5.0572"
"15.8600","0.2628","5.1058"
"15.8800","0.2632","5.1158"
"15.9000","0.2636","5.1030"
"15.9200","0.2639","5.1247"
"15.9400","0.2641","5.1482"
"15.9600","0.2643","5.1631"
"15.9800","0.2646","5.2053"
"16.0000","0.2649","5.2498"
"16.0200","0.2652","5.2672"
"16.0400","0.2656","5.2004"
"16.0600","0.2660","5.2391"
"16.0800","0.2663","5.2180"
"16.1000","0.2667","5.2023"
"16.1200","0.2670","5.2409"
"16.1400","0.2673","5.2047"
"16.1600","0.2677","5.2281"
"16.1800","0.2681","5.2170"
"16.2000","0.2685","5.2442"
"16.2200","0.2689","5.1941"
"16.2400","0.2692","5.1501"
"16.2600","0.2694","5.1880"
"16.2800","0.2697","5.2834"
"16.3000","0.2699","5.3524"
"16.3200","0.2702","5.3125"
"16.3400","0.2706","5.3683"
"16.3600","0.2709","5.3980"
"16.3800","0.2713","5.3073"
"16.4000","0.2717","5.2613"
"16.4200","0.2720","5.3518"
"16.4400","0.2723","5.2849"
"16.4600","0.2726","5.2333"
"16.4800","0.2729","5.2383"
"16.5000","0.2732","5.3096"
"16.5200","0.2736","5.3311"
"16.5400","0.2740","5.3406"
"16.5600","0.2745","5.4247"
"16.5800","0.2749","5.4179"
"16.6000","0.2752","5.4214"
"16.6200","0.2755","5.4197"
"16.6400","0.2757","5.3966"
"16.6600","0.2759","5.3736"
"16.6800","0.2762","5.3370"
"16.7000","0.2765","5.3551"
"16.7200","0.2769","5.3163"
"16.7400","0.2773","5.3298"
"16.7600","0.2777","5.3904"
"16.7800","0.2780","5.4717"
"16.8000","0.2783","5.4505"
"16.8200","0.2786","5.5126"
"16.8400","0.2790","5.5232"
"16.8600","0.2794","5.4231"
"16.8800","0.2798","5.4531"
"16.9000","0.2802","5.4005"
"16.9200","0.2805","5.3469"
"16.9400","0.2808","5.4897"
"16.9600","0.2810","5.6237"
"16.9800","0.2813","5.6194"
"17.0000","0.2816","5.6840"
"17.0200","0.2819","5.6178"
"17.0400","0.2823","5.5489"
"17.0600","0.2827","5.6232"
"17.0800","0.2831","5.5448"
"17.1000","0.2834","5.5833"
"17.1200","0.2837","5.6456"
"17.1400","0.2840","5.6801"
"17.1600","0.2842","5.6962"
"17.1800","0.2845","5.6835"
"17.2000","0.2849","5.6899"
"17.2200","0.2853","5.6517"
"17.2400","0.2858","5.5750"
"17.2600","0.2863","5.5482"
"17.2800","0.2866","5.5482"
"17.3000","0.2869","5.5826"
"17.3200","0.2871","5.5736"
"17.3400","0.2873","5.6807"
"17.3600","0.2876","5.6679"
"17.3800","0.2879","5.6250"
"17.4000","0.2883","5.5995"
"17.4200","0.2887","5.5922"
"17.4400","0.2890","5.6019"
"17.4600","0.2894","5.5949"
"17.4800","0.2897","5.6348"
"17.5000","0.2900","5.7179"
"17.5200","0.2904","5.7150"
"17.5400","0.2907","5.7455"
"17.5600","0.2911","5.7827"
"17.5800","0.2915","5.7625"
"17.6000","0.2919","5.7364"
"17.6200","0.2922","5.7528"
"17.6400","0.2924","5.7326"
"17.6600","0.2927","5.7325"
"17.6800","0.2929","5.8216"
"17.7000","0.2932","5.8497"
"17.7200","0.2936","5.8148"
"17.7400","0.2940","5.7508"
"17.7600","0.2944","5.7043"
"17.7800","0.2947","5.6938"
"17.8000","0.2950","5.7517"
"17.8200","0.2953","5.7862"
"17.8400","0.2956","5.8590"
"17.8600","0.2959","5.8748"
"17.8800","0.2962","5.8732"
"17.9000","0.2966","5.8675"
"17.9200","0.2971","5.8830"
"17.9400","0.2976","5.9253"
"17.9600","0.2980","5.8854"
"17.9800","0.2983","5.9077"
"18.0000","0.2985","5.9273"
"18.0200","0.2987","5.8755"
"18.0400","0.2990","5.8996"
"18.0600","0.2993","5.8128"
"18.0800","0.2996","5.8914"
"18.1000","0.3000","5.8855"
"18.1200","0.3003","5.8815"
"18.1400","0.3007","5.9654"
"18.1600","0.3010","5.9889"
"18.1800","0.3013","6.0104"
"18.2000","0.3016","5.9918"
"18.2200","0.3020","6.0547"
"18.2400","0.3024","6.0144"
"18.2600","0.3028","5.9620"
"18.2800","0.3032","6.0023"
"18.3000","0.3035","6.0292"
"18.3200","0.3038","6.0526"
"18.3400","0.3040","6.0318"
"18.3600","0.3043","5.9407"
"18.3800","0.3046","5.9876"
"18.4000","0.3049","5.9988"
"18.4200","0.3053","6.0483"
"18.4400","0.3057","6.0912"
"18.4600","0.3061","6.1129"
"18.4800","0.3064","6.1158"
"18.5000","0.3067","6.1169"
"18.5200","0.3070","6.0702"
"18.5400","0.3072","6.0404"
"18.5600","0.3075","6.1093"
"18.5800","0.3079","6.0987"
"18.6000","0.3083","5.9765"
"18.6200","0.3088","6.0045"
"18.6400","0.3092","5.9955"
"18.6600","0.3096","5.9734"
"18.6800","0.3098","5.9423"
"18.7000","0.3101","6.0008"
"18.7200","0.3103","5.9669"
"18.7400","0.3106","5.9957"
"18.7600","0.3109","5.9838"
"18.7800","0.3113","6.0781"
"18.8000","0.3116","6.0746"
"18.8200","0.3120","6.0703"
"18.8400","0.3124","6.0585"
"18.8600","0.3127","6.0938"
"18.8800","0.3130","6.0761"
"18.9000","0.3133","6.0206"
"18.9200","0.3137","6.0547"
"18.9400","0.3141","6.1060"
"18.9600","0.3145","6.1254"
"18.9800","0.3148","6.1046"
"19.0000","0.3151","6.1150"
"19.0200","0.3154","6.1064"
"19.0400","0.3156","6.0940"
"19.0600","0.3159","6.0984"
"19.0800","0.3162","6.0782"
"19.1000","0.3166","6.0981"
"19.1200","0.3169","6.0789"
"19.1400","0.3173","6.0841"
"19.1600","0.3177","6.0463"
"19.1800","0.3180","6.0903"
"19.2000","0.3183","6.1278"
"19.2200","0.3186","6.1840"
"19.2400","0.3189","6.2124"
"19.2600","0.3192","6.2141"
"19.2800","0.3196","6.1482"
"19.3000","0.3201","6.1335"
"19.3200","0.3205","6.1721"
"19.3400","0.3209","6.2189"
"19.3600","0.3212","6.1891"
"19.3800","0.3214","6.2153"
"19.4000","0.3217","6.2838"
"19.4200","0.3219","6.2530"
"19.4400","0.3222","6.2525"
"19.4600","0.3226","6.2187"
"19.4800","0.3229","6.1936"
"19.5000","0.3233","6.1851"
"19.5200","0.3237","6.2132"
"19.5400","0.3240","6.2083"
"19.5600","0.3243","6.1732"
"19.5800","0.3247","6.2136"
"19.6000","0.3250","6.2222"
"19.6200","0.3254","6.2286"
"19.6400","0.3258","6.1990"
"19.6600","0.3262","6.2797"
"19.6800","0.3265","6.3409"
"19.7000","0.3268","6.3595"
"19.7200","0.3270","6.3849"
"19.7400","0.3273","6.3767"
"19.7600","0.3275","6.3090"
"19.7800","0.3279","6.2903"
"19.8000","0.3282","6.3666"
"19.8200","0.3286","6.4362"
"19.8400","0.3290","6.4103"
"19.8600","0.3294","6.3327"
"19.8800","0.3297","6.3941"
"19.9000","0.3299","6.4147"
"19.9200","0.3302","6.3630"
"19.9400","0.3305","6.3223"
"19.9600","0.3309","6.3063"
"19.9800","0.3314","6.3655"
"20.0000","0.3318","6.4203"
"20.0200","0.3323","6.4976"
"20.0400","0.3326","6.4571"
"20.0600","0.3328","6.4521"
"20.0800","0.3331","6.4700"
"20.1000","0.3333","6.4649"
"20.1200","0.3336","6.4722"
"20.1400","0.3339","6.4557"
"20.1600","0.3343","6.4640"
"20.1800","0.3347","6.4362"
"20.2000","0.3350","6.3081"
"20.2200","0.3354","6.2929"
"20.2400","0.3357","6.3420"
"20.2600","0.3360","6.3566"
"20.2800","0.3364","6.3242"
"20.3000","0.3367","6.3299"
"20.3200","0.3371","6.3157"
"20.3400","0.3375","6.2735"
"20.3600","0.3378","6.3533"
"20.3800","0.3381","6.3673"
"20.4000","0.3384","6.3470"
"20.4200","0.3386","6.3263"
"20.4400","0.3389","6.3917"
"20.4600","0.3392","6.4318"
"20.4800","0.3395","6.4120"
"20.5000","0.3399","6.3772"
"20.5200","0.3403","6.3467"
"20.5400","0.3407","6.3958"
"20.5600","0.3410","6.4752"
"20.5800","0.3413","6.4567"
"20.6000","0.3416","6.4328"
"20.6200","0.3419","6.4755"
"20.6400","0.3422","6.4360"
"20.6600","0.3427","6.3614"
"20.6800","0.3432","6.3315"
"20.7000","0.3436","6.3225"
"20.7200","0.3439","6.2884"
"20.7400","0.3442","6.3403"
"20.7600","0.3444","6.3287"
"20.7800","0.3446","6.3931"
"20.8000","0.3449","6.4396"
"20.8200","0.3452","6.3833"
"20.8400","0.3456","6.3932"
"20.8600","0.3460","6.3349"
"20.8800","0.3464","6.2746"
"20.9000","0.3467","6.2579"
"20.9200","0.3471","6.2322"
"20.9400","0.3474","6.2522"
"20.9600","0.3477","6.3258"
"20.9800","0.3481","6.4180"
"21.0000","0.3484","6.3846"
"21.0200","0.3488","6.3057"
"21.0400","0.3492","6.2845"
"21.0600","0.3495","6.3087"
"21.0800","0.3498","6.2781"
"21.1000","0.3500","6.2982"
"21.1200","0.3503","6.3413"
"21.1400","0.3506","6.3540"
"21.1600","0.3509","6.4051"
"21.1800","0.3513","6.3496"
"21.2000","0.3517","6.3618"
"21.2200","0.3520","6.3025"
"21.2400","0.3524","6.3514"
"21.2600","0.3526","6.4452"
"21.2800","0.3529","6.4462"
"21.3000","0.3532","6.3779"
"21.3200","0.3536","6.3721"
"21.3400","0.3540","6.3454"
"21.3600","0.3544","6.3550"
"21.3800","0.3549","6.2950"
"21.4000","0.3553","6.2860"
"21.4200","0.3556","6.3470"
"21.4400","0.3558","6.4632"
"21.4600","0.3560","6.4810"
"21.4800","0.3563","6.3367"
"21.5000","0.3565","6.2893"
"21.5200","0.3569","6.3309"
"21.5400","0.3573","6.3326"
"21.5600","0.3577","6.3126"
"21.5800","0.3581","6.3405"
"21.6000","0.3584","6.4575"
"21.6200","0.3587","6.3832"
"21.6400","0.3590","6.3456"
"21.6600","0.3594","6.4108"
"21.6800","0.3597","6.4693"
"21.7000","0.3601","6.4489"
"21.7200","0.3605","6.3575"
"21.7400","0.3608","6.2273"
"21.7600","0.3611","6.2572"
"21.7800","0.3614","6.3855"
"21.8000","0.3616","6.4019"
"21.8200","0.3619","6.3439"
"21.8400","0.3622","6.2698"
"21.8600","0.3626","6.2610"
"21.8800","0.3630","6.2611"
"21.9000","0.3633","6.3692"
"21.9200","0.3637","6.4441"
"21.9400","0.3640","6.4088"
"21.9600","0.3643","6.3198"
"21.9800","0.3645","6.2996"
"22.0000","0.3649","6.3461"
"22.0200","0.3652","6.3688"
"22.0400","0.3657","6.3822"
"22.0600","0.3662","6.3439"
"22.0800","0.3666","6.3109"
"22.1000","0.3669","6.3367"
"22.1200","0.3672","6.4300"
"22.1400","0.3674","6.4608"
"22.1600","0.3676","6.3878"
"22.1800","0.3679","6.3677"
"22.2000","0.3682","6.3708"
"22.2200","0.3686","6.3820"
"22.2400","0.3690","6.3464"
"22.2600","0.3694","6.3487"
"22.2800","0.3698","6.4218"
"22.3000","0.3701","6.4571"
"22.3200","0.3704","6.3813"
"22.3400","0.3707","6.3176"
"22.3600","0.3711","6.2662"
"22.3800","0.3715","6.2872"
"22.4000","0.3718","6.4073"
"22.4200","0.3722","6.4042"
"22.4400","0.3725","6.3316"
"22.4600","0.3727","6.2825"
"22.4800","0.3730","6.3437"
"22.5000","0.3732","6.3440"
"22.5200","0.3735","6.3828"
"22.5400","0.3739","6.4253"
"22.5600","0.3742","6.4175"
"22.5800","0.3746","6.3332"
"22.6000","0.3750","6.3059"
"22.6200","0.3753","6.3223"
"22.6400","0.3756","6.3661"
"22.6600","0.3759","6.4503"
"22.6800","0.3762","6.4486"
"22.7000","0.3765","6.4676"
"22.7200","0.3769","6.4016"
"22.7400","0.3774","6.3938"
"22.7600","0.3779","6.3849"
"22.7800","0.3783","6.4072"
"22.8000","0.3786","6.4363"
"22.8200","0.3788","6.4451"
"22.8400","0.3790","6.3806"
"22.8600","0.3793","6.4173"
"22.8800","0.3796","6.4602"
"22.9000","0.3799","6.4654"
"22.9200","0.3803","6.4340"
"22.9400","0.3807","6.4052"
"22.9600","0.3811","6.4158"
"22.9800","0.3814","6.4650"
"23.0000","0.3817","6.3543"
"23.0200","0.3820","6.4025"
"23.0400","0.3824","6.4518"
"23.0600","0.3827","6.4685"
"23.0800","0.3831","6.5298"
"23.1000","0.3835","6.5445"
"23.1200","0.3838","6.6117"
"23.1400","0.3841","6.5907"
"23.1600","0.3844","6.5845"
"23.1800","0.3846","6.5755"
"23.2000","0.3849","6.5370"
"23.2200","0.3852","6.5656"
"23.2400","0.3856","6.6211"
"23.2600","0.3860","6.6226"
"23.2800","0.3864","6.5696"
"23.3000","0.3867","6.5874"
"23.3200","0.3870","6.5500"
"23.3400","0.3873","6.4809"
"23.3600","0.3876","6.3958"
"23.3800","0.3879","6.4874"
"23.4000","0.3883","6.5644"
"23.4200","0.3887","6.6135"
"23.4400","0.3892","6.6468"
"23.4600","0.3896","6.5671"
"23.4800","0.3899","6.4963"
"23.5000","0.3902","6.4330"
"23.5200","0.3904","6.4387"
"23.5400","0.3906","6.4522"
"23.5600","0.3909","6.4987"
"23.5800","0.3913","6.6369"
"23.6000","0.3916","6.6100"
"23.6200","0.3920","6.6205"
"23.6400","0.3924","6.5875"
"23.6600","0.3927","6.5398"
"23.6800","0.3930","6.6034"
"23.7000","0.3933","6.6495"
"23.7200","0.3937","6.7023"
"23.7400","0.3940","6.6934"
"23.7600","0.3945","6.5869"
"23.7800","0.3949","6.5104"
"23.8000","0.3952","6.5371"
"23.8200","0.3955","6.6014"
"23.8400","0.3957","6.6225"
"23.8600","0.3960","6.5786"
"23.8800","0.3963","6.5197"
"23.9000","0.3966","6.5141"
"23.9200","0.3969","6.5531"
"23.9400","0.3973","6.6105"
"23.9600","0.3976","6.7060"
"23.9800","0.3980","6.6618"
"24.0000","0.3983","6.5987"
"24.0200","0.3986","6.5689"
"24.0400","0.3989","6.6560"
"24.0600","0.3992","6.6604"
"24.0800","0.3995","6.6948"
"24.1000","0.3999","6.6597"
"24.1200","0.4004","6.5770"
"24.1400","0.4008","6.5661"
"24.1600","0.4012","6.5958"
"24.1800","0.4015","6.6066"
"24.2000","0.4017","6.7115"
"24.2200","0.4019","6.7829"
"24.2400","0.4022","6.6897"
"24.2600","0.4025","6.5576"
"24.2800","0.4029","6.5381"
"24.3000","0.4033","6.6353"
"24.3200","0.4036","6.7204"
"24.3400","0.4040","6.7248"
"24.3600","0.4043","6.6386"
"24.3800","0.4046","6.6456"
"24.4000","0.4049","6.6130"
"24.4200","0.4053","6.5974"
"24.4400","0.4057","6.5993"
"24.4600","0.4062","6.6409"
"24.4800","0.4065","6.6339"
"24.5000","0.4069","6.6812"
"24.5200","0.4071","6.7114"
"24.5400","0.4074","6.6689"
"24.5600","0.4076","6.7047"
"24.5800","0.4079","6.7863"
"24.6000","0.4083","6.7019"
"24.6200","0.4086","6.6000"
"24.6400","0.4090","6.7060"
"24.6600","0.4094","6.7501"
"24.6800","0.4097","6.7972"
"24.7000","0.4100","6.7048"
"24.7200","0.4103","6.6997"
"24.7400","0.4106","6.7967"
"24.7600","0.4109","6.7509"
"24.7800","0.4113","6.7506"
"24.8000","0.4117","6.7960"
"24.8200","0.4122","6.7302"
"24.8400","0.4126","6.7367"
"24.8600","0.4129","6.7927"
"24.8800","0.4131","6.8292"
"24.9000","0.4134","6.8137"
"24.9200","0.4136","6.7760"
"24.9400","0.4139","6.6858"
"24.9600","0.4143","6.7781"
"24.9800","0.4147","6.7914"
"25.0000","0.4150","6.8290"
"25.0200","0.4154","6.8003"
"25.0400","0.4157","6.7728"
"25.0600","0.4160","6.8055"
"25.0800","0.4163","6.8994"
"25.1000","0.4167","6.8468"
"25.1200","0.4171","6.7814"
"25.1400","0.4175","6.8590"
"25.1600","0.4179","6.9060"
"25.1800","0.4182","6.9088"
"25.2000","0.4185","6.8583"
"25.2200","0.4188","6.8400"
"25.2400","0.4190","6.8241"
"25.2600","0.4193","6.8131"
"25.2800","0.4196","6.9519"
"25.3000","0.4199","6.8884"
"25.3200","0.4203","6.8599"
"25.3400","0.4207","6.8658"
"25.3600","0.4210","6.8927"
"25.3800","0.4213","6.9408"
"25.4000","0.4216","6.9618"
"25.4200","0.4219","6.9179"
"25.4400","0.4222","6.8085"
"25.4600","0.4225","6.8714"
"25.4800","0.4230","6.9502"
"25.5000","0.4235","6.9249"
"25.5200","0.4239","6.9329"
"25.5400","0.4243","7.0335"
"25.5600","0.4245","7.0718"
"25.5800","0.4247","6.9871"
"25.6000","0.4250","6.9415"
"25.6200","0.4253","6.9212"
"25.6400","0.4256","6.9510"
"25.6600","0.4260","6.9629"
"25.6800","0.4264","6.9413"
"25.7000","0.4267","7.0193"
"25.7200","0.4271","6.9964"
"25.7400","0.4274","7.0055"
"25.7600","0.4277","6.9719"
"25.7800","0.4280","7.0749"
"25.8000","0.4284","7.0700"
"25.8200","0.4288","7.0723"
"25.8400","0.4292","7.0938"
"25.8600","0.4296","7.0934"
"25.8800","0.4299","7.1594"
"25.9000","0.4301","7.1381"
"25.9200","0.4304","7.0809"
"25.9400","0.4306","6.9953"
"25.9600","0.4309","7.0338"
"25.9800","0.4313","7.0809"
"26.0000","0.4317","7.0204"
"26.0200","0.4320","7.1182"
"26.0400","0.4324","7.1484"
"26.0600","0.4327","7.0083"
"26.0800","0.4330","7.0298"
"26.1000","0.4332","7.0691"
"26.1200","0.4335","7.1113"
"26.1400","0.4338","7.1685"
"26.1600","0.4342","7.1651"
"26.1800","0.4347","7.1380"
"26.2000","0.4351","7.1529"
"26.2200","0.4355","7.1857"
"26.2400","0.4358","7.1833"
"26.2600","0.4361","7.2011"
"26.2800","0.4363","7.2112"
"26.3000","0.4366","7.1735"
"26.3200","0.4369","7.2253"
"26.3400","0.4373","7.2669"
"26.3600","0.4376","7.3195"
"26.3800","0.4380","7.3159"
"26.4000","0.4384","7.2153"
"26.4200","0.4387","7.1820"
"26.4400","0.4390","7.2364"
"26.4600","0.4393","7.3258"
"26.4800","0.4397","7.3558"
"26.5000","0.4401","7.3902"
"26.5200","0.4405","7.4257"
"26.5400","0.4409","7.4039"
"26.5600","0.4412","7.4139"
"26.5800","0.4415","7.3981"
"26.6000","0.4417","7.4414"
"26.6200","0.4420","7.4881"
"26.6400","0.4423","7.4381"
"26.6600","0.4426","7.4379"
"26.6800","0.4429","7.4739"
"26.7000","0.4433","7.4360"
"26.7200","0.4437","7.4633"
"26.7400","0.4440","7.4568"
"26.7600","0.4443","7.4349"
"26.7800","0.4446","7.4525"
"26.8000","0.4449","7.5656"
"26.8200","0.4452","7.6177"
"26.8400","0.4455","7.5748"
"26.8600","0.4460","7.6167"
"26.8800","0.4464","7.6254"
"26.9000","0.4468","7.6661"
"26.9200","0.4472","7.6875"
"26.9400","0.4475","7.6804"
"26.9600","0.4477","7.7516"
"26.9800","0.4479","7.7684"
"27.0000","0.4482","7.7473"
"27.0200","0.4486","7.6487"
"27.0400","0.4489","7.6324"
"27.0600","0.4493","7.7322"
"27.0800","0.4497","7.7878"
"27.1000","0.4500","7.8337"
"27.1200","0.4503","7.7745"
"27.1400","0.4506","7.7385"
"27.1600","0.4510","7.7113"
"27.1800","0.4513","7.7711"
"27.2000","0.4518","7.8578"
"27.2200","0.4522","7.9089"
"27.2400","0.4525","7.8374"
"27.2600","0.4528","7.7726"
"27.2800","0.4531","7.8669"
"27.3000","0.4533","7.9127"
"27.3200","0.4536","7.9280"
"27.3400","0.4539","7.8948"
"27.3600","0.4543","7.8889"
"27.3800","0.4546","7.8448"
"27.4000","0.4550","7.7542"
"27.4200","0.4554","7.8111"
"27.4400","0.4557","8.0410"
"27.4600","0.4560","8.1185"
"27.4800","0.4562","8.0165"
"27.5000","0.4565","8.0039"
"27.5200","0.4568","8.0611"
"27.5400","0.4572","8.0077"
"27.5600","0.4577","7.9977"
"27.5800","0.4581","8.0504"
"27.6000","0.4586","8.0828"
"27.6200","0.4588","8.0860"
"27.6400","0.4591","8.0256"
"27.6600","0.4593","8.0373"
"27.6800","0.4596","8.1018"
"27.7000","0.4599","8.0996"
"27.7200","0.4602","8.0939"
"27.7400","0.4606","8.0152"
"27.7600","0.4610","8.0239"
"27.7800","0.4614","8.0775"
"27.8000","0.4617","8.1587"
"27.8200","0.4620","8.2121"
"27.8400","0.4623","8.1712"
"27.8600","0.4627","8.1300"
"27.8800","0.4631","8.1127"
"27.9000","0.4635","8.1224"
"27.9200","0.4639","8.1880"
"27.9400","0.4642","8.2483"
"27.9600","0.4645","8.2998"
"27.9800","0.4647","8.2291"
"28.0000","0.4650","8.2490"
"28.0200","0.4652","8.2260"
"28.0400","0.4656","8.2517"
"28.0600","0.4659","8.2797"
"28.0800","0.4663","8.3141"
"28.1000","0.4667","8.3478"
"28.1200","0.4671","8.3241"
"28.1400","0.4674","8.2782"
"28.1600","0.4676","8.3194"
"28.1800","0.4679","8.2640"
"28.2000","0.4682","8.3663"
"28.2200","0.4686","8.4226"
"28.2400","0.4690","8.4236"
"28.2600","0.4695","8.4332"
"28.2800","0.4699","8.4773"
"28.3000","0.4703","8.5080"
"28.3200","0.4705","8.4107"
"28.3400","0.4707","8.3407"
"28.3600","0.4710","8.4954"
"28.3800","0.4713","8.5486"
"28.4000","0.4716","8.5802"
"28.4200","0.4720","8.6138"
"28.4400","0.4724","8.6188"
"28.4600","0.4727","8.6212"
"28.4800","0.4730","8.5709"
"28.5000","0.4733","8.6162"
"28.5200","0.4737","8.5718"
"28.5400","0.4740","8.5869"
"28.5600","0.4744","8.5925"
"28.5800","0.4748","8.6378"
"28.6000","0.4752","8.6228"
"28.6200","0.4756","8.5739"
"28.6400","0.4759","8.6334"
"28.6600","0.4761","8.7254"
"28.6800","0.4763","8.6424"
"28.7000","0.4766","8.6222"
"28.7200","0.4769","8.6885"
"28.7400","0.4773","8.8071"
"28.7600","0.4777","8.7649"
"28.7800","0.4781","8.8226"
"28.8000","0.4784","8.7884"
"28.8200","0.4787","8.7474"
"28.8400","0.4790","8.8260"
"28.8600","0.4793","8.8483"
"28.8800","0.4795","8.8216"
"28.9000","0.4799","8.7687"
"28.9200","0.4803","8.7863"
"28.9400","0.4808","8.8209"
"28.9600","0.4812","8.8535"
"28.9800","0.4816","8.8982"
"29.0000","0.4818","8.8646"
"29.0200","0.4821","8.9355"
"29.0400","0.4823","9.0065"
"29.0600","0.4826","9.0810"
"29.0800","0.4829","9.0306"
"29.1000","0.4832","9.0669"
"29.1200","0.4836","8.9557"
"29.1400","0.4840","8.9684"
"29.1600","0.4843","9.0389"
"29.1800","0.4847","9.0006"
"29.2000","0.4850","9.0126"
"29.2200","0.4853","9.0192"
"29.2400","0.4857","8.9541"
"29.2600","0.4861","8.9776"
"29.2800","0.4865","9.0725"
"29.3000","0.4868","9.0724"
"29.3200","0.4872","9.0321"
"29.3400","0.4874","9.0249"
"29.3600","0.4877","9.1233"
"29.3800","0.4879","9.1527"
"29.4000","0.4882","9.0608"
"29.4200","0.4886","9.0445"
"29.4400","0.4889","9.0981"
"29.4600","0.4893","9.1340"
"29.4800","0.4897","9.2069"
"29.5000","0.4901","9.2262"
"29.5200","0.4904","9.2077"
"29.5400","0.4906","9.2673"
"29.5600","0.4909","9.2646"
"29.5800","0.4913","9.1930"
"29.6000","0.4917","9.1595"
"29.6200","0.4921","9.2426"
"29.6400","0.4926","9.3273"
"29.6600","0.4930","9.3696"
"29.6800","0.4933","9.2861"
"29.7000","0.4935","9.2433"
"29.7200","0.4937","9.3164"
"29.7400","0.4940","9.3539"
"29.7600","0.4943","9.3471"
"29.7800","0.4946","9.3293"
"29.8000","0.4949","9.2191"
"29.8200","0.4953","9.2235"
"29.8400","0.4957","9.1662"
"29.8600","0.4960","9.2270"
"29.8800","0.4963","9.3062"
"29.9000","0.4966","9.2982"
"29.9200","0.4969","9.2926"
"29.9400","0.4973","9.3181"
"29.9600","0.4978","9.4207"
"29.9800","0.4982","9.3918"
"30.0000","0.4985","9.4250"
"30.0200","0.4988","9.4499"
"30.0400","0.4991","9.5141"
"30.0600","0.4993","9.5340"
"30.0800","0.4996","9.4854"
"30.1000","0.4999","9.4188"
"30.1200","0.5002","9.4391"
"30.1400","0.5006","9.4262"
"30.1600","0.5010","9.4643"
"30.1800","0.5014","9.5571"
"30.2000","0.5017","9.5674"
"30.2200","0.5020","9.5688"
"30.2400","0.5022","9.6264"
"30.2600","0.5025","9.6652"
"30.2800","0.5029","9.6345"
"30.3000","0.5033","9.6164"
"30.3200","0.5038","9.6517"
"30.3400","0.5042","9.6354"
"30.3600","0.5046","9.6227"
"30.3800","0.5049","9.6824"
"30.4000","0.5051","9.7225"
"30.4200","0.5053","9.8057"
"30.4400","0.5056","9.8327"
"30.4600","0.5059","9.7703"
"30.4800","0.5062","9.7556"
"30.5000","0.5066","9.8252"
"30.5200","0.5070","9.8337"
"30.5400","0.5073","9.7847"
"30.5600","0.5077","9.7895"
"30.5800","0.5080","9.8167"
"30.6000","0.5083","9.8189"
"30.6200","0.5087","9.8568"
"30.6400","0.5091","9.8850"
"30.6600","0.5095","9.9275"
"30.6800","0.5099","9.8781"
"30.7000","0.5102","9.8462"
"30.7200","0.5105","9.8623"
"30.7400","0.5107","9.9213"
"30.7600","0.5109","9.9309"
"30.7800","0.5112","10.0185"
"30.8000","0.5116","10.0605"
"30.8200","0.5119","9.9704"
"30.8400","0.5123","9.8925"
"30.8600","0.5127","9.9502"
"30.8800","0.5130","9.9998"
"30.9000","0.5133","10.0162"
"30.9200","0.5136","9.9969"
"30.9400","0.5139","10.0632"
"30.9600","0.5142","10.0680"
"30.9800","0.5146","10.0219"
"31.0000","0.5150","9.9896"
"31.0200","0.5155","10.0222"
"31.0400","0.5159","10.0095"
"31.0600","0.5163","10.0750"
"31.0800","0.5165","10.1198"
"31.1000","0.5167","10.1631"
"31.1200","0.5169","10.1171"
"31.1400","0.5172","10.0990"
"31.1600","0.5175","10.0996"
"31.1800","0.5179","10.1825"
"31.2000","0.5183","10.2125"
"31.2200","0.5187","10.0896"
"31.2400","0.5190","10.0459"
"31.2600","0.5193","10.2462"
"31.2800","0.5196","10.2207"
"31.3000","0.5200","10.2726"
"31.3200","0.5204","10.3288"
"31.3400","0.5208","10.3047"
"31.3600","0.5212","10.3356"
"31.3800","0.5215","10.3461"
"31.4000","0.5218","10.3403"
"31.4200","0.5221","10.3582"
"31.4400","0.5223","10.3549"
"31.4600","0.5226","10.3932"
"31.4800","0.5229","10.3628"
"31.5000","0.5232","10.3369"
"31.5200","0.5236","10.3883"
"31.5400","0.5240","10.3089"
"31.5600","0.5244","10.3816"
"31.5800","0.5247","10.4494"
"31.6000","0.5250","10.4869"
"31.6200","0.5252","10.4596"
"31.6400","0.5255","10.3929"
"31.6600","0.5259","10.4231"
"31.6800","0.5263","10.5118"
"31.7000","0.5268","10.4781"
"31.7200","0.5272","10.5348"
"31.7400","0.5276","10.5472"
"31.7600","0.5279","10.5520"
"31.7800","0.5281","10.5189"
"31.8000","0.5283","10.4274"
"31.8200","0.5286","10.3974"
"31.8400","0.5289","10.5022"
"31.8600","0.5292","10.4983"
"31.8800","0.5296","10.3932"
"31.9000","0.5300","10.4716"
"31.9200","0.5304","10.5145"
"31.9400","0.5307","10.6292"
"31.9600","0.5310","10.6929"
"31.9800","0.5313","10.6738"
"32.0000","0.5317","10.5963"
"32.0200","0.5321","10.6021"
"32.0400","0.5325","10.5629"
"32.0600","0.5329","10.6175"
"32.0800","0.5332","10.6159"
"32.1000","0.5334","10.6002"
"32.1200","0.5337","10.6796"
"32.1400","0.5339","10.7567"
"32.1600","0.5342","10.7583"
"32.1800","0.5346","10.8034"
"32.2000","0.5349","10.7948"
"32.2200","0.5353","10.7212"
"32.2400","0.5357","10.7383"
"32.2600","0.5361","10.7687"
"32.2800","0.5363","10.7903"
"32.3000","0.5366","10.8948"
"32.3200","0.5369","10.8923"
"32.3400","0.5372","10.9253"
"32.3600","0.5376","10.9044"
"32.3800","0.5381","10.8312"
"32.4000","0.5386","10.9113"
"32.4200","0.5390","11.0616"
"32.4400","0.5393","11.0051"
"32.4600","0.5396","10.9255"
"32.4800","0.5398","10.8995"
"32.5000","0.5400","10.9723"
"32.5200","0.5403","10.9246"
"32.5400","0.5406","10.9785"
"32.5600","0.5410","11.0419"
"32.5800","0.5414","11.0863"
"32.6000","0.5417","11.0898"
"32.6200","0.5420","11.0068"
"32.6400","0.5423","10.9653"
"32.6600","0.5427","10.9976"
"32.6800","0.5430","11.0417"
"32.7000","0.5434","11.0411"
"32.7200","0.5438","11.0944"
"32.7400","0.5442","11.1821"
"32.7600","0.5445","11.1227"
"32.7800","0.5448","11.1241"
"32.8000","0.5450","11.1467"
"32.8200","0.5453","11.1426"
"32.8400","0.5455","11.1484"
"32.8600","0.5459","11.2601"
"32.8800","0.5462","11.1675"
"32.9000","0.5466","11.1107"
"32.9200","0.5470","11.1534"
"32.9400","0.5474","11.1541"
"32.9600","0.5477","11.2636"
"32.9800","0.5480","11.2633"
"33.0000","0.5482","11.2970"
"33.0200","0.5485","11.3363"
"33.0400","0.5489","11.3759"
"33.0600","0.5493","11.3723"
"33.0800","0.5498","11.3883"
"33.1000","0.5502","11.3158"
"33.1200","0.5506","11.3347"
"33.1400","0.5508","11.4504"
"33.1600","0.5511","11.4969"
"33.1800","0.5513","11.4919"
"33.2000","0.5516","11.4849"
"33.2200","0.5519","11.5232"
"33.2400","0.5522","11.5063"
"33.2600","0.5526","11.4409"
"33.2800","0.5530","11.4722"
"33.3000","0.5533","11.5660"
"33.3200","0.5536","11.5241"
"33.3400","0.5540","11.4592"
"33.3600","0.5543","11.4388"
"33.3800","0.5547","11.5238"
"33.4000","0.5551","11.5717"
"33.4200","0.5555","11.5817"
"33.4400","0.5559","11.5250"
"33.4600","0.5562","11.5012"
"33.4800","0.5564","11.6024"
"33.5000","0.5567","11.7067"
"33.5200","0.5569","11.6938"
"33.5400","0.5572","11.6525"
"33.5600","0.5576","11.6180"
"33.5800","0.5580","11.6262"
"33.6000","0.5583","11.7023"
"33.6200","0.5587","11.7750"
"33.6400","0.5591","11.8313"
"33.6600","0.5593","11.7592"
"33.6800","0.5596","11.7446"
"33.7000","0.5599","11.7751"
"33.7200","0.5602","11.7665"
"33.7400","0.5606","11.7870"
"33.7600","0.5611","11.7916"
"33.7800","0.5615","11.7965"
"33.8000","0.5619","11.7889"
"33.8200","0.5622","11.7499"
"33.8400","0.5625","11.8395"
"33.8600","0.5627","11.8947"
"33.8800","0.5629","11.9076"
"33.9000","0.5632","11.8753"
"33.9200","0.5636","11.9176"
"33.9400","0.5639","11.9204"
"33.9600","0.5643","11.9487"
"33.9800","0.5647","11.9842"
"34.0000","0.5650","12.0628"
"34.0200","0.5653","12.0576"
"34.0400","0.5657","12.0587"
"34.0600","0.5660","11.9694"
"34.0800","0.5664","11.9178"
"34.1000","0.5668","11.9290"
"34.1200","0.5672","11.9282"
"34.1400","0.5675","12.0359"
"34.1600","0.5678","12.0918"
"34.1800","0.5680","12.1573"
"34.2000","0.5683","12.1147"
"34.2200","0.5686","12.0934"
"34.2400","0.5689","12.1104"
"34.2600","0.5692","12.0856"
"34.2800","0.5696","12.1974"
"34.3000","0.5700","12.2015"
"34.3200","0.5704","12.1731"
"34.3400","0.5707","12.1805"
"34.3600","0.5710","12.1694"
"34.3800","0.5712","12.1613"
"34.4000","0.5715","12.1166"
"34.4200","0.5719","12.1297"
"34.4400","0.5723","12.1849"
"34.4600","0.5728","12.3371"
"34.4800","0.5732","12.2552"
"34.5000","0.5736","12.2304"
"34.5200","0.5738","12.1657"
"34.5400","0.5741","12.2097"
"34.5600","0.5743","12.3386"
"34.5800","0.5746","12.2726"
"34.6000","0.5749","12.2709"
"34.6200","0.5753","12.2430"
"34.6400","0.5757","12.3524"
"34.6600","0.5760","12.4230"
"34.6800","0.5764","12.4013"
"34.7000","0.5767","12.3994"
"34.7200","0.5770","12.3981"
"34.7400","0.5773","12.4129"
"34.7600","0.5777","12.4541"
"34.7800","0.5781","12.4440"
"34.8000","0.5785","12.3631"
"34.8200","0.5788","12.3853"
"34.8400","0.5791","12.4738"
"34.8600","0.5794","12.5672"
"34.8800","0.5796","12.5258"
"34.9000","0.5799","12.5293"
"34.9200","0.5802","12.5555"
"34.9400","0.5805","12.5495"
"34.9600","0.5809","12.5830"
"34.9800","0.5813","12.5612"
"35.0000","0.5817","12.5368"
"35.0200","0.5820","12.5991"
"35.0400","0.5823","12.5961"
"35.0600","0.5826","12.5720"
"35.0800","0.5829","12.5357"
"35.1000","0.5832","12.5866"
"35.1200","0.5836","12.6622"
"35.1400","0.5841","12.6382"
"35.1600","0.5846","12.5945"
"35.1800","0.5849","12.6718"
"35.2000","0.5852","12.7112"
"35.2200","0.5854","12.7302"
"35.2400","0.5857","12.7537"
"35.2600","0.5859","12.8547"
"35.2800","0.5862","12.8037"
"35.3000","0.5866","12.7179"
"35.3200","0.5870","12.6772"
"35.3400","0.5874","12.7382"
"35.3600","0.5877","12.9341"
"35.3800","0.5881","12.8942"
"35.4000","0.5884","12.8542"
"35.4200","0.5887","12.8377"
"35.4400","0.5890","12.8497"
"35.4600","0.5894","12.9309"
"35.4800","0.5898","12.8927"
"35.5000","0.5902","12.8470"
"35.5200","0.5905","12.8368"
"35.5400","0.5908","12.9459"
"35.5600","0.5910","12.9261"
"35.5800","0.5913","12.9189"
"35.6000","0.5916","13.0155"
"35.6200","0.5919","13.0115"
"35.6400","0.5923","13.0143"
"35.6600","0.5927","13.0067"
"35.6800","0.5930","13.0418"
"35.7000","0.5934","13.0646"
"35.7200","0.5937","13.0506"
"35.7400","0.5939","13.0326"
"35.7600","0.5942","13.0377"
"35.7800","0.5946","13.0395"
"35.8000","0.5950","12.9904"
"35.8200","0.5954","13.0099"
"35.8400","0.5959","13.1213"
"35.8600","0.5963","13.1261"
"35.8800","0.5966","13.2231"
"35.9000","0.5968","13.2438"
"35.9200","0.5970","13.2802"
"35.9400","0.5973","13.2754"
"35.9600","0.5976","13.2009"
"35.9800","0.5979","13.1794"
"36.0000","0.5983","13.1095"
"36.0200","0.5987","13.1349"
"36.0400","0.5991","13.1809"
"36.0600","0.5994","13.2339"
"36.0800","0.5998","13.2738"
"36.1000","0.6001","13.2556"
"36.1200","0.6004","13.2588"
"36.1400","0.6007","13.3567"
"36.1600","0.6011","13.3573"
"36.1800","0.6015","13.2687"
"36.2000","0.6018","13.2566"
"36.2200","0.6021","13.3214"
"36.2400","0.6024","13.3056"
"36.2600","0.6026","13.3182"
"36.2800","0.6029","13.3011"
"36.3000","0.6032","13.2414"
"36.3200","0.6036","13.2722"
"36.3400","0.6039","13.3591"
"36.3600","0.6043","13.4601"
"36.3800","0.6047","13.4410"
"36.4000","0.6050","13.4669"
"36.4200","0.6053","13.5543"
"36.4400","0.6055","13.5325"
"36.4600","0.6059","13.5326"
"36.4800","0.6062","13.4624"
"36.5000","0.6067","13.4458"
"36.5200","0.6071","13.4970"
"36.5400","0.6076","13.5134"
"36.5600","0.6079","13.5458"
"36.5800","0.6082","13.5072"
"36.6000","0.6084","13.5177"
"36.6200","0.6086","13.4653"
"36.6400","0.6089","13.4160"
"36.6600","0.6092","13.4984"
"36.6800","0.6096","13.5532"
"36.7000","0.6100","13.6064"
"36.7200","0.6104","13.6535"
"36.7400","0.6108","13.6419"
"36.7600","0.6111","13.6721"
"36.7800","0.6114","13.7209"
"36.8000","0.6117","13.7076"
"36.8200","0.6120","13.6971"
"36.8400","0.6124","13.6805"
"36.8600","0.6128","13.6855"
"36.8800","0.6132","13.6383"
"36.9000","0.6135","13.6869"
"36.9200","0.6138","13.6646"
"36.9400","0.6140","13.6773"
"36.9600","0.6143","13.6835"
"36.9800","0.6145","13.7498"
"37.0000","0.6149","13.8142"
"37.0200","0.6152","13.8237"
"37.0400","0.6156","13.7379"
"37.0600","0.6160","13.7749"
"37.0800","0.6163","13.7278"
"37.1000","0.6166","13.6920"
"37.1200","0.6169","13.7249"
"37.1400","0.6172","13.7811"
"37.1600","0.6175","13.8123"
"37.1800","0.6179","13.8824"
"37.2000","0.6184","13.8338"
"37.2200","0.6189","13.8641"
"37.2400","0.6193","13.8521"
"37.2600","0.6196","13.8698"
"37.2800","0.6198","13.8689"
"37.3000","0.6201","13.8846"
"37.3200","0.6203","13.9115"
"37.3400","0.6206","13.9244"
"37.3600","0.6209","13.8412"
"37.3800","0.6213","13.8797"
"37.4000","0.6217","13.9842"
"37.4200","0.6221","13.9717"
"37.4400","0.6224","13.9582"
"37.4600","0.6227","14.0066"
"37.4800","0.6230","14.0433"
"37.5000","0.6234","14.0544"
"37.5200","0.6237","13.9859"
"37.5400","0.6241","13.9416"
"37.5600","0.6245","13.9271"
"37.5800","0.6248","13.9886"
"37.6000","0.6251","14.0596"
"37.6200","0.6254","14.1798"
"37.6400","0.6256","14.1671"
"37.6600","0.6259","14.1101"
"37.6800","0.6262","14.1270"
"37.7000","0.6266","14.1575"
"37.7200","0.6270","14.1856"
"37.7400","0.6273","14.1550"
"37.7600","0.6277","14.2310"
"37.7800","0.6280","14.2261"
"37.8000","0.6283","14.1857"
"37.8200","0.6285","14.2205"
"37.8400","0.6289","14.3050"
"37.8600","0.6292","14.3134"
"37.8800","0.6296","14.3785"
"37.9000","0.6301","14.3422"
"37.9200","0.6305","14.2991"
"37.9400","0.6309","14.3023"
"37.9600","0.6312","14.2759"
"37.9800","0.6314","14.3339"
"38.0000","0.6316","14.3510"
"38.0200","0.6319","14.3301"
"38.0400","0.6322","14.2769"
"38.0600","0.6326","14.2249"
"38.0800","0.6330","14.2471"
"38.1000","0.6333","14.2723"
"38.1200","0.6337","14.2464"
"38.1400","0.6340","14.1944"
"38.1600","0.6343","14.1751"
"38.1800","0.6346","14.2470"
"38.2000","0.6350","14.2957"
"38.2200","0.6354","14.3044"
"38.2400","0.6358","14.2428"
"38.2600","0.6362","14.2325"
"38.2800","0.6365","14.0296"
"38.3000","0.6368","13.5578"
"38.3200","0.6370","13.1249"
"38.3400","0.6373","12.9356"
"38.3600","0.6376","12.8187"
"38.3800","0.6379","12.7439"
"38.4000","0.6383","12.7009"
"38.4200","0.6386","12.7651"
"38.4400","0.6390","12.8097"
"38.4600","0.6393","12.7592"
"38.4800","0.6396","12.7089"
"38.5000","0.6399","12.6604"
"38.5200","0.6402","12.6003"
"38.5400","0.6405","12.5584"
"38.5600","0.6409","12.4940"
"38.5800","0.6414","12.4499"
"38.6000","0.6419","12.4170"
"38.6200","0.6423","12.4612"
"38.6400","0.6426","12.4353"
"38.6600","0.6428","12.4533"
"38.6800","0.6430","12.5026"
"38.7000","0.6433","12.4314"
"38.7200","0.6436","12.4489"
"38.7400","0.6439","12.4590"
"38.7600","0.6443","12.3669"
"38.7800","0.6447","12.4217"
"38.8000","0.6450","12.4089"
"38.8200","0.6454","12.3278"
"38.8400","0.6457","12.3297"
"38.8600","0.6460","12.3792"
"38.8800","0.6464","12.4068"
"38.9000","0.6468","12.4436"
"38.9200","0.6472","12.3938"
"38.9400","0.6475","12.4014"
"38.9600","0.6479","12.3785"
"38.9800","0.6481","12.3232"
"39.0000","0.6484","12.3752"
"39.0200","0.6486","12.3574"
"39.0400","0.6489","12.3072"
"39.0600","0.6493","12.3772"
"39.0800","0.6496","12.3973"
"39.1000","0.6500","12.2892"
"39.1200","0.6504","12.3045"
"39.1400","0.6507","12.2957"
"39.1600","0.6510","12.2781"
"39.1800","0.6513","12.3222"
"39.2000","0.6516","12.4048"
"39.2200","0.6519","12.3870"
"39.2400","0.6522","12.3176"
"39.2600","0.6527","12.3409"
"39.2800","0.6531","12.3540"
"39.3000","0.6536","12.3461"
"39.3200","0.6539","12.3021"
"39.3400","0.6541","12.3684"
"39.3600","0.6544","12.3785"
"39.3800","0.6546","12.3277"
"39.4000","0.6549","12.3682"
"39.4200","0.6553","12.4606"
"39.4400","0.6556","12.4275"
"39.4600","0.6560","12.3933"
"39.4800","0.6564","12.3507"
"39.5000","0.6567","12.4048"
"39.5200","0.6570","12.4383"
"39.5400","0.6573","12.4994"
"39.5600","0.6577","12.5475"
"39.5800","0.6581","12.4929"
"39.6000","0.6585","12.4008"
"39.6200","0.6589","12.3553"
"39.6400","0.6593","12.4045"
"39.6600","0.6595","12.3311"
"39.6800","0.6598","12.2543"
"39.7000","0.6600","12.1408"
"39.7200","0.6603","11.8715"
"39.7400","0.6606","11.6169"
"39.7600","0.6609","11.6153"
"39.7800","0.6613","11.6383"
"39.8000","0.6617","11.5864"
"39.8200","0.6620","11.5724"
"39.8400","0.6623","11.5362"
"39.8600","0.6626","11.4637"
"39.8800","0.6629","11.3899"
"39.9000","0.6632","11.3250"
"39.9200","0.6635","11.3691"
"39.9400","0.6639","11.3063"
"39.9600","0.6644","11.2598"
"39.9800","0.6649","11.2625"
"40.0000","0.6652","11.2628"
"40.0200","0.6655","11.2314"
"40.0400","0.6658","11.2907"
"40.0600","0.6660","11.2470"
"40.0800","0.6663","11.2551"
"40.1000","0.6666","11.2809"
"40.1200","0.6670","11.2732"
"40.1400","0.6673","11.3253"
"40.1600","0.6677","11.3266"
"40.1800","0.6681","11.3311"
"40.2000","0.6684","11.3319"
"40.2200","0.6687","11.3176"
"40.2400","0.6690","11.2980"
"40.2600","0.6693","11.2766"
"40.2800","0.6697","11.3123"
"40.3000","0.6701","11.3851"
"40.3200","0.6705","11.4007"
"40.3400","0.6709","11.3107"
"40.3600","0.6711","11.2604"
"40.3800","0.6714","11.2842"
"40.4000","0.6716","11.3461"
"40.4200","0.6719","11.4268"
"40.4400","0.6723","11.4337"
"40.4600","0.6726","11.3526"
"40.4800","0.6730","11.3577"
"40.5000","0.6734","11.3746"
"40.5200","0.6737","11.3632"
"40.5400","0.6740","11.3995"
"40.5600","0.6742","11.3770"
"40.5800","0.6745","11.3409"
"40.6000","0.6748","11.3951"
"40.6200","0.6752","11.4219"
"40.6400","0.6756","11.4605"
"40.6600","0.6761","11.4863"
"40.6800","0.6765","11.5102"
"40.7000","0.6768","11.4823"
"40.7200","0.6771","11.4912"
"40.7400","0.6773","11.5987"
"40.7600","0.6776","11.6038"
"40.7800","0.6779","11.4871"
"40.8000","0.6782","11.4128"
"40.8200","0.6786","11.4763"
"40.8400","0.6790","11.4392"
"40.8600","0.6794","11.3841"
"40.8800","0.6797","11.4196"
"40.9000","0.6800","11.4226"
"40.9200","0.6803","11.4059"
"40.9400","0.6807","11.4422"
"40.9600","0.6810","11.3973"
"40.9800","0.6815","11.3847"
"41.0000","0.6819","11.4479"
"41.0200","0.6822","11.4032"
"41.0400","0.6825","11.4009"
"41.0600","0.6828","11.3967"
"41.0800","0.6830","11.4565"
"41.1000","0.6833","11.4532"
"41.1200","0.6836","11.4240"
"41.1400","0.6839","11.4265"
"41.1600","0.6843","11.4150"
"41.1800","0.6847","11.4367"
"41.2000","0.6850","11.4870"
"41.2200","0.6853","11.4960"
"41.2400","0.6856","11.5141"
"41.2600","0.6859","11.4482"
"41.2800","0.6862","11.3706"
"41.3000","0.6865","11.3948"
"41.3200","0.6870","11.3640"
"41.3400","0.6874","11.4324"
"41.3600","0.6878","11.6327"
"41.3800","0.6882","11.6414"
"41.4000","0.6885","11.5465"
"41.4200","0.6887","11.5395"
"41.4400","0.6890","11.5320"
"41.4600","0.6892","11.5341"
"41.4800","0.6896","11.5809"
"41.5000","0.6899","11.5907"
"41.5200","0.6903","11.5984"
"41.5400","0.6907","11.5887"
"41.5600","0.6911","11.5157"
"41.5800","0.6914","11.5303"
"41.6000","0.6917","11.6442"
"41.6200","0.6920","11.7062"
"41.6400","0.6924","11.6280"
"41.6600","0.6928","11.5780"
"41.6800","0.6932","11.5682"
"41.7000","0.6936","11.6693"
"41.7200","0.6939","11.6567"
"41.7400","0.6941","11.7097"
"41.7600","0.6944","11.8081"
"41.7800","0.6946","11.7795"
"41.8000","0.6949","11.7548"
"41.8200","0.6953","11.7188"
"41.8400","0.6956","11.6873"
"41.8600","0.6960","11.7032"
"41.8800","0.6964","11.7128"
"41.9000","0.6967","11.8348"
"41.9200","0.6970","11.8185"
"41.9400","0.6972","11.8755"
"41.9600","0.6975","11.9040"
"41.9800","0.6978","11.8647"
"42.0000","0.6982","11.8267"
"42.0200","0.6987","11.8254"
"42.0400","0.6991","11.8768"
"42.0600","0.6996","11.8591"
"42.0800","0.6999","11.8432"
"42.1000","0.7001","11.8711"
"42.1200","0.7004","11.9180"
"42.1400","0.7006","11.9027"
"42.1600","0.7009","11.8357"
"42.1800","0.7012","11.8200"
"42.2000","0.7016","11.9131"
"42.2200","0.7020","11.9934"
"42.2400","0.7024","11.9893"
"42.2600","0.7027","11.9110"
"42.2800","0.7030","11.8375"
"42.3000","0.7033","11.8371"
"42.3200","0.7037","11.9207"
"42.3400","0.7041","11.9532"
"42.3600","0.7045","11.9832"
"42.3800","0.7049","11.9590"
"42.4000","0.7052","11.9355"
"42.4200","0.7055","11.9389"
"42.4400","0.7057","11.9546"
"42.4600","0.7060","11.9489"
"42.4800","0.7062","12.0251"
"42.5000","0.7066","12.0642"
"42.5200","0.7069","12.0493"
"42.5400","0.7073","12.0037"
"42.5600","0.7077","12.0397"
"42.5800","0.7081","12.1246"
"42.6000","0.7084","12.1027"
"42.6200","0.7087","12.1157"
"42.6400","0.7089","12.0278"
"42.6600","0.7092","11.9309"
"42.6800","0.7096","12.0724"
"42.7000","0.7100","12.1300"
"42.7200","0.7104","12.1278"
"42.7400","0.7109","12.0402"
"42.7600","0.7113","12.1824"
"42.7800","0.7115","12.1791"
"42.8000","0.7118","12.2088"
"42.8200","0.7120","12.1820"
"42.8400","0.7123","12.1259"
"42.8600","0.7126","12.0650"
"42.8800","0.7129","12.1124"
"42.9000","0.7133","12.1898"
"42.9200","0.7137","12.2747"
"42.9400","0.7140","12.2319"
"42.9600","0.7143","12.1675"
"42.9800","0.7146","12.2071"
"43.0000","0.7150","12.2390"
"43.0200","0.7154","12.1493"
"43.0400","0.7158","12.1922"
"43.0600","0.7162","12.2245"
"43.0800","0.7166","12.2810"
"43.1000","0.7169","12.3021"
"43.1200","0.7171","12.2978"
"43.1400","0.7173","12.2917"
"43.1600","0.7176","12.2780"
"43.1800","0.7179","12.3239"
"43.2000","0.7182","12.3407"
"43.2200","0.7186","12.3043"
"43.2400","0.7190","12.2942"
"43.2600","0.7194","12.3477"
"43.2800","0.7197","12.3550"
"43.3000","0.7200","12.3303"
"43.3200","0.7203","12.3268"
"43.3400","0.7205","12.2791"
"43.3600","0.7209","12.2785"
"43.3800","0.7213","12.2781"
"43.4000","0.7217","12.2996"
"43.4200","0.7222","12.3088"
"43.4400","0.7226","12.3551"
"43.4600","0.7229","12.4190"
"43.4800","0.7231","12.4284"
"43.5000","0.7233","12.3667"
"43.5200","0.7236","12.4277"
"43.5400","0.7239","12.4660"
"43.5600","0.7242","12.5534"
"43.5800","0.7246","12.4930"
"43.6000","0.7250","12.4586"
"43.6200","0.7254","12.4754"
"43.6400","0.7257","12.4539"
"43.6600","0.7260","12.4316"
"43.6800","0.7263","12.3700"
"43.7000","0.7267","12.3550"
"43.7200","0.7271","12.3705"
"43.7400","0.7275","12.4405"
"43.7600","0.7279","12.4401"
"43.7800","0.7282","12.4945"
"43.8000","0.7285","12.4932"
"43.8200","0.7287","12.5745"
"43.8400","0.7290","12.6159"
"43.8600","0.7293","12.5741"
"43.8800","0.7296","12.5449"
"43.9000","0.7299","12.6328"
"43.9200","0.7303","12.6073"
"43.9400","0.7307","12.5639"
"43.9600","0.7311","12.5278"
"43.9800","0.7314","12.5319"
"44.0000","0.7316","12.5108"
"44.0200","0.7319","12.5441"
"44.0400","0.7322","12.5493"
"44.0600","0.7326","12.6198"
"44.0800","0.7330","12.6481"
"44.1000","0.7335","12.6937"
"44.1200","0.7339","12.7114"
"44.1400","0.7343","12.7156"
"44.1600","0.7345","12.7995"
"44.1800","0.7347","12.7588"
"44.2000","0.7350","12.7048"
"44.2200","0.7353","12.6433"
"44.2400","0.7356","12.6095"
"44.2600","0.7359","12.5955"
"44.2800","0.7363","12.6598"
"44.3000","0.7367","12.6890"
"44.3200","0.7370","12.8016"
"44.3400","0.7373","12.7829"
"44.3600","0.7376","12.7742"
"44.3800","0.7380","12.7651"
"44.4000","0.7383","12.7991"
"44.4200","0.7388","12.8566"
"44.4400","0.7392","12.8239"
"44.4600","0.7396","12.8033"
"44.4800","0.7399","12.8426"
"44.5000","0.7401","12.7943"
"44.5200","0.7404","12.6873"
"44.5400","0.7406","12.7623"
"44.5600","0.7409","12.8398"
"44.5800","0.7413","12.8631"
"44.6000","0.7416","12.8892"
"44.6200","0.7420","12.9124"
"44.6400","0.7424","12.8853"
"44.6600","0.7427","12.9414"
"44.6800","0.7430","12.9110"
"44.7000","0.7432","12.8202"
"44.7200","0.7435","12.8016"
"44.7400","0.7439","12.8379"
"44.7600","0.7443","12.7771"
"44.7800","0.7447","12.8208"
"44.8000","0.7452","12.9638"
"44.8200","0.7456","12.9290"
"44.8400","0.7459","12.8425"
"44.8600","0.7461","12.9059"
"44.8800","0.7464","12.9783"
"44.9000","0.7466","12.9482"
"44.9200","0.7469","12.9087"
"44.9400","0.7472","12.9435"
"44.9600","0.7476","13.0289"
"44.9800","0.7480","13.0428"
"45.0000","0.7483","13.0851"
"45.0200","0.7487","12.9959"
"45.0400","0.7490","13.0478"
"45.0600","0.7493","12.9887"
"45.0800","0.7497","12.9300"
"45.1000","0.7501","12.9916"
"45.1200","0.7505","12.9970"
"45.1400","0.7509","13.0228"
"45.1600","0.7512","12.9810"
"45.1800","0.7515","13.0027"
"45.2000","0.7517","13.0280"
"45.2200","0.7520","13.0342"
"45.2400","0.7522","13.1801"
"45.2600","0.7526","13.1703"
"45.2800","0.7529","13.0615"
"45.3000","0.7533","13.0422"
"45.3200","0.7537","13.1167"
"45.3400","0.7540","13.1689"
"45.3600","0.7543","13.2012"
"45.3800","0.7546","13.1959"
"45.4000","0.7549","13.1255"
"45.4200","0.7552","13.1786"
"45.4400","0.7556","13.2485"
"45.4600","0.7560","13.2411"
"45.4800","0.7565","13.1697"
"45.5000","0.7569","13.1193"
"45.5200","0.7573","13.1349"
"45.5400","0.7575","13.2092"
"45.5600","0.7577","13.2459"
"45.5800","0.7580","13.2397"
"45.6000","0.7582","13.1960"
"45.6200","0.7585","13.1908"
"45.6400","0.7589","13.2206"
"45.6600","0.7593","13.3042"
"45.6800","0.7597","13.3094"
"45.7000","0.7600","13.2016"
"45.7200","0.7603","13.1679"
"45.7400","0.7606","13.1949"
"45.7600","0.7610","13.2425"
"45.7800","0.7614","13.3100"
"45.8000","0.7618","13.3573"
"45.8200","0.7622","13.2954"
"45.8400","0.7625","13.2812"
"45.8600","0.7628","13.3205"
"45.8800","0.7631","13.3835"
"45.9000","0.7633","13.3978"
"45.9200","0.7636","13.3767"
"45.9400","0.7639","13.3602"
"45.9600","0.7642","13.3628"
"45.9800","0.7646","13.3805"
"46.0000","0.7650","13.3730"
"46.0200","0.7654","13.3796"
"46.0400","0.7657","13.3504"
"46.0600","0.7660","13.3793"
"46.0800","0.7662","13.3379"
"46.1000","0.7665","13.3274"
"46.1200","0.7669","13.4027"
"46.1400","0.7673","13.3930"
"46.1600","0.7677","13.3248"
"46.1800","0.7682","13.3753"
"46.2000","0.7686","13.3707"
"46.2200","0.7689","13.3906"
"46.2400","0.7692","13.3454"
"46.2600","0.7694","13.3847"
"46.2800","0.7696","13.3786"
"46.3000","0.7699","13.4433"
"46.3200","0.7702","13.4738"
"46.3400","0.7706","13.5755"
"46.3600","0.7710","13.5837"
"46.3800","0.7714","13.4899"
"46.4000","0.7717","13.5063"
"46.4200","0.7720","13.4749"
"46.4400","0.7723","13.4046"
"46.4600","0.7727","13.4136"
"46.4800","0.7731","13.4720"
"46.5000","0.7735","13.6071"
"46.5200","0.7739","13.5998"
"46.5400","0.7742","13.5565"
"46.5600","0.7745","13.5560"
"46.5800","0.7747","13.5363"
"46.6000","0.7750","13.5754"
"46.6200","0.7752","13.6070"
"46.6400","0.7756","13.6557"
"46.6600","0.7759","13.7138"
"46.6800","0.7763","13.6663"
"46.7000","0.7767","13.6685"
"46.7200","0.7771","13.7124"
"46.7400","0.7773","13.7183"
"46.7600","0.7776","13.6271"
"46.7800","0.7779","13.6026"
"46.8000","0.7782","13.6075"
"46.8200","0.7786","13.6890"
"46.8400","0.7790","13.7153"
"46.8600","0.7795","13.7871"
"46.8800","0.7800","13.7943"
"46.9000","0.7803","13.7053"
"46.9200","0.7806","13.6120"
"46.9400","0.7808","13.5533"
"46.9600","0.7810","13.6802"
"46.9800","0.7813","13.7081"
"47.0000","0.7816","13.7126"
"47.0200","0.7819","13.6913"
"47.0400","0.7823","13.6723"
"47.0600","0.7827","13.7541"
"47.0800","0.7830","13.8658"
"47.1000","0.7833","13.8874"
"47.1200","0.7836","13.9185"
"47.1400","0.7840","13.8886"
"47.1600","0.7844","13.8234"
"47.1800","0.7848","13.7590"
"47.2000","0.7852","13.6914"
"47.2200","0.7856","13.7559"
"47.2400","0.7858","13.8102"
"47.2600","0.7861","13.8530"
"47.2800","0.7863","13.8706"
"47.3000","0.7866","13.9403"
"47.3200","0.7869","13.9778"
"47.3400","0.7873","13.7961"
"47.3600","0.7877","13.7461"
"47.3800","0.7881","13.7916"
"47.4000","0.7884","13.8628"
"47.4200","0.7887","13.8817"
"47.4400","0.7890","13.9515"
"47.4600","0.7893","13.9493"
"47.4800","0.7896","13.8826"
"47.5000","0.7899","13.9196"
"47.5200","0.7903","13.9261"
"47.5400","0.7908","13.8984"
"47.5600","0.7912","13.9766"
"47.5800","0.7916","13.9961"
"47.6000","0.7919","14.0360"
"47.6200","0.7921","14.0275"
"47.6400","0.7924","14.0116"
"47.6600","0.7926","13.9576"
"47.6800","0.7929","13.9407"
"47.7000","0.7933","13.9997"
"47.7200","0.7936","13.9729"
"47.7400","0.7940","13.9870"
"47.7600","0.7944","14.0960"
"47.7800","0.7947","14.1458"
"47.8000","0.7950","13.9791"
"47.8200","0.7953","13.9152"
"47.8400","0.7957","13.8732"
"47.8600","0.7961","13.9300"
"47.8800","0.7965","13.9883"
"47.9000","0.7968","14.0266"
"47.9200","0.7971","13.9851"
"47.9400","0.7974","14.0434"
"47.9600","0.7977","14.0396"
"47.9800","0.7979","14.0515"
"48.0000","0.7982","14.1007"
"48.0200","0.7985","14.1402"
"48.0400","0.7989","14.1188"
"48.0600","0.7993","14.1194"
"48.0800","0.7997","14.2211"
"48.1000","0.8000","14.2107"
"48.1200","0.8003","14.1969"
"48.1400","0.8006","14.1597"
"48.1600","0.8009","14.1512"
"48.1800","0.8012","14.2253"
"48.2000","0.8016","14.2440"
"48.2200","0.8020","14.2593"
"48.2400","0.8025","14.2813"
"48.2600","0.8029","14.2799"
"48.2800","0.8032","14.2810"
"48.3000","0.8035","14.2523"
"48.3200","0.8037","14.2449"
"48.3400","0.8039","14.3247"
"48.3600","0.8042","14.3118"
"48.3800","0.8046","14.2777"
"48.4000","0.8049","14.1993"
"48.4200","0.8053","14.2416"
"48.4400","0.8057","14.2725"
"48.4600","0.8060","14.2764"
"48.4800","0.8064","14.3068"
"48.5000","0.8067","14.3891"
"48.5200","0.8070","14.3445"
"48.5400","0.8074","14.3041"
"48.5600","0.8078","14.1918"
"48.5800","0.8082","14.2679"
"48.6000","0.8085","14.3911"
"48.6200","0.8088","14.3510"
"48.6400","0.8090","14.3027"
"48.6600","0.8093","14.3427"
"48.6800","0.8096","14.4120"
"48.7000","0.8099","14.3949"
"48.7200","0.8102","14.4360"
"48.7400","0.8106","14.3966"
"48.7600","0.8110","14.4316"
"48.7800","0.8114","14.5238"
"48.8000","0.8117","14.4866"
"48.8200","0.8120","14.4530"
"48.8400","0.8122","14.5063"
"48.8600","0.8125","14.5324"
"48.8800","0.8129","14.5291"
"48.9000","0.8133","14.4971"
"48.9200","0.8138","14.4937"
"48.9400","0.8142","14.5798"
"48.9600","0.8146","14.5710"
"48.9800","0.8149","14.5234"
"49.0000","0.8151","14.4448"
"49.0200","0.8153","14.3857"
"49.0400","0.8156","14.4472"
"49.0600","0.8159","14.5205"
"49.0800","0.8163","14.5557"
"49.1000","0.8167","14.5449"
"49.1200","0.8170","14.4937"
"49.1400","0.8174","14.5754"
"49.1600","0.8177","14.6014"
"49.1800","0.8180","14.6715"
"49.2000","0.8183","14.7097"
"49.2200","0.8187","14.7121"
"49.2400","0.8191","14.7380"
"49.2600","0.8195","14.6987"
"49.2800","0.8198","14.6882"
"49.3000","0.8201","14.7153"
"49.3200","0.8204","14.6721"
"49.3400","0.8207","14.6346"
"49.3600","0.8209","14.6159"
"49.3800","0.8212","14.6572"
"49.4000","0.8215","14.6900"
"49.4200","0.8219","14.7181"
"49.4400","0.8223","14.7396"
"49.4600","0.8227","14.8053"
"49.4800","0.8230","14.8004"
"49.5000","0.8233","14.7119"
"49.5200","0.8236","14.6883"
"49.5400","0.8239","14.7056"
"49.5600","0.8242","14.7475"
"49.5800","0.8246","14.7294"
"49.6000","0.8251","14.7254"
"49.6200","0.8256","14.8761"
"49.6400","0.8260","14.9284"
"49.6600","0.8262","14.8821"
"49.6800","0.8265","14.7530"
"49.7000","0.8267","14.8046"
"49.7200","0.8269","14.8679"
"49.7400","0.8272","14.8095"
"49.7600","0.8276","14.8371"
"49.7800","0.8280","14.8387"
"49.8000","0.8284","14.9013"
"49.8200","0.8287","14.9637"
"49.8400","0.8291","14.9466"
"49.8600","0.8294","14.8984"
"49.8800","0.8297","14.9247"
"49.9000","0.8300","14.8657"
"49.9200","0.8304","14.8776"
"49.9400","0.8308","14.8927"
"49.9600","0.8312","14.9486"
"49.9800","0.8315","14.9693"
"50.0000","0.8318","14.9684"
"50.0200","0.8320","14.9717"
"50.0400","0.8323","14.9953"
"50.0600","0.8326","14.9757"
"50.0800","0.8329","15.0026"
"50.1000","0.8333","14.9654"
"50.1200","0.8337","15.0032"
"50.1400","0.8340","15.0570"
"50.1600","0.8344","15.0794"
"50.1800","0.8347","15.1086"
"50.2000","0.8350","15.0614"
"50.2200","0.8352","15.0513"
"50.2400","0.8356","15.0783"
"50.2600","0.8359","15.1185"
"50.2800","0.8364","15.1583"
"50.3000","0.8369","15.1480"
"50.3200","0.8373","15.1332"
"50.3400","0.8376","15.0838"
"50.3600","0.8378","15.0730"
"50.3800","0.8381","15.0796"
"50.4000","0.8383","15.1488"
"50.4200","0.8386","15.1686"
"50.4400","0.8389","15.0977"
"50.4600","0.8393","15.0083"
"50.4800","0.8397","15.0661"
"50.5000","0.8401","15.0974"
"50.5200","0.8404","15.1735"
"50.5400","0.8408","15.2307"
"50.5600","0.8411","15.1351"
"50.5800","0.8414","15.0916"
"50.6000","0.8417","15.1695"
"50.6200","0.8421","15.2015"
"50.6400","0.8425","15.2095"
"50.6600","0.8428","15.2649"
"50.6800","0.8431","15.2917"
"50.7000","0.8434","15.3016"
"50.7200","0.8436","15.2530"
"50.7400","0.8439","15.2069"
"50.7600","0.8442","15.2179"
"50.7800","0.8446","15.2856"
"50.8000","0.8449","15.2773"
"50.8200","0.8453","15.2138"
"50.8400","0.8457","15.2805"
"50.8600","0.8460","15.2810"
"50.8800","0.8463","15.3502"
"50.9000","0.8465","15.3607"
"50.9200","0.8468","15.2465"
"50.9400","0.8472","15.1897"
"50.9600","0.8476","15.2700"
"50.9800","0.8481","15.2760"
"51.0000","0.8486","15.3212"
"51.0200","0.8489","15.3070"
"51.0400","0.8492","15.2881"
"51.0600","0.8494","15.3004"
"51.0800","0.8497","15.2889"
"51.1000","0.8499","15.3476"
"51.1200","0.8502","15.4831"
"51.1400","0.8506","15.4640"
"51.1600","0.8510","15.4597"
"51.1800","0.8514","15.4719"
"51.2000","0.8518","15.4420"
"51.2200","0.8521","15.4983"
"51.2400","0.8524","15.4377"
"51.2600","0.8527","15.4771"
"51.2800","0.8531","15.5082"
"51.3000","0.8534","15.4547"
"51.3200","0.8538","15.4285"
"51.3400","0.8542","15.4473"
"51.3600","0.8545","15.5172"
"51.3800","0.8548","15.5462"
"51.4000","0.8550","15.5098"
"51.4200","0.8553","15.5775"
"51.4400","0.8555","15.5703"
"51.4600","0.8559","15.5893"
"51.4800","0.8562","15.5964"
"51.5000","0.8566","15.6229"
"51.5200","0.8570","15.5720"
"51.5400","0.8573","15.5183"
"51.5600","0.8576","15.4491"
"51.5800","0.8579","15.5080"
"51.6000","0.8582","15.5095"
"51.6200","0.8585","15.5600"
"51.6400","0.8589","15.6745"
"51.6600","0.8593","15.5845"
"51.6800","0.8598","15.5647"
"51.7000","0.8603","15.5748"
"51.7200","0.8606","15.6768"
"51.7400","0.8609","15.6802"
"51.7600","0.8611","15.6095"
"51.7800","0.8613","15.6320"
"51.8000","0.8616","15.6422"
"51.8200","0.8619","15.7074"
"51.8400","0.8623","15.7442"
"51.8600","0.8627","15.6904"
"51.8800","0.8631","15.7861"
"51.9000","0.8634","15.7103"
"51.9200","0.8637","15.7076"
"51.9400","0.8640","15.7260"
"51.9600","0.8643","15.7582"
"51.9800","0.8647","15.6924"
"52.0000","0.8651","15.7378"
"52.0200","0.8655","15.6823"
"52.0400","0.8658","15.6332"
"52.0600","0.8661","15.6397"
"52.0800","0.8664","15.6963"
"52.1000","0.8667","15.7295"
"52.1200","0.8669","15.8652"
"52.1400","0.8672","15.8612"
"52.1600","0.8676","15.9024"
"52.1800","0.8680","15.9304"
"52.2000","0.8684","15.9305"
"52.2200","0.8687","15.9570"
"52.2400","0.8690","15.8790"
"52.2600","0.8693","15.8735"
"52.2800","0.8696","15.8946"
"52.3000","0.8699","15.8377"
"52.3200","0.8702","15.7865"
"52.3400","0.8706","15.8353"
"52.3600","0.8711","15.9198"
"52.3800","0.8716","15.9662"
"52.4000","0.8719","15.9193"
"52.4200","0.8722","15.8642"
"52.4400","0.8724","15.8550"
"52.4600","0.8726","15.8539"
"52.4800","0.8729","15.8094"
"52.5000","0.8732","15.8742"
"52.5200","0.8736","15.8490"
"52.5400","0.8740","15.8308"
"52.5600","0.8743","15.8495"
"52.5800","0.8747","16.0483"
"52.6000","0.8750","16.0652"
"52.6200","0.8753","16.0416"
"52.6400","0.8756","16.0634"
"52.6600","0.8760","16.0412"
"52.6800","0.8764","16.0196"
"52.7000","0.8768","16.0368"
"52.7200","0.8772","16.1124"
"52.7400","0.8775","16.0977"
"52.7600","0.8778","16.0884"
"52.7800","0.8780","16.1676"
"52.8000","0.8783","16.2184"
"52.8200","0.8786","16.1491"
"52.8400","0.8789","16.0238"
"52.8600","0.8793","16.0672"
"52.8800","0.8797","16.1728"
"52.9000","0.8800","16.2370"
"52.9200","0.8803","16.1905"
"52.9400","0.8806","16.0344"
"52.9600","0.8809","16.0418"
"52.9800","0.8812","16.0376"
"53.0000","0.8815","16.0671"
"53.0200","0.8819","16.0514"
"53.0400","0.8823","16.0219"
"53.0600","0.8828","16.0682"
"53.0800","0.8832","16.1624"
"53.1000","0.8835","16.1986"
"53.1200","0.8838","16.1578"
"53.1400","0.8840","16.2076"
"53.1600","0.8843","16.2677"
"53.1800","0.8845","16.2649"
"53.2000","0.8849","16.2348"
"53.2200","0.8853","16.2745"
"53.2400","0.8857","16.2378"
"53.2600","0.8860","16.2566"
"53.2800","0.8864","16.3038"
"53.3000","0.8867","16.1978"
"53.3200","0.8870","16.1591"
"53.3400","0.8873","16.2510"
"53.3600","0.8878","16.3259"
"53.3800","0.8882","16.3223"
"53.4000","0.8886","16.4143"
"53.4200","0.8889","16.4153"
"53.4400","0.8892","16.3748"
"53.4600","0.8894","16.3581"
"53.4800","0.8897","16.3490"
"53.5000","0.8900","16.3633"
"53.5200","0.8903","16.3101"
"53.5400","0.8906","16.3322"
"53.5600","0.8910","16.3847"
"53.5800","0.8914","16.4193"
"53.6000","0.8917","16.5209"
"53.6200","0.8920","16.5085"
"53.6400","0.8923","16.4663"
"53.6600","0.8926","16.4407"
"53.6800","0.8929","16.4577"
"53.7000","0.8932","16.4789"
"53.7200","0.8936","16.4589"
"53.7400","0.8941","16.4511"
"53.7600","0.8945","16.5339"
"53.7800","0.8949","16.5070"
"53.8000","0.8952","16.5284"
"53.8200","0.8954","16.5959"
"53.8400","0.8956","16.5535"
"53.8600","0.8959","16.4934"
"53.8800","0.8963","16.5266"
"53.9000","0.8966","16.5808"
"53.9200","0.8970","16.5205"
"53.9400","0.8974","16.5310"
"53.9600","0.8977","16.5454"
"53.9800","0.8980","16.4775"
"54.0000","0.8983","16.5591"
"54.0200","0.8987","16.5835"
"54.0400","0.8990","16.5788"
"54.0600","0.8995","16.6489"
"54.0800","0.8999","16.6656"
"54.1000","0.9002","16.6848"
"54.1200","0.9005","16.6906"
"54.1400","0.9008","16.5991"
"54.1600","0.9010","16.6069"
"54.1800","0.9013","16.6425"
"54.2000","0.9016","16.5997"
"54.2200","0.9019","16.6925"
"54.2400","0.9023","16.7054"
"54.2600","0.9027","16.7744"
"54.2800","0.9030","16.7813"
"54.3000","0.9033","16.6376"
"54.3200","0.9036","16.6282"
"54.3400","0.9039","16.6715"
"54.3600","0.9042","16.6651"
"54.3800","0.9045","16.7096"
"54.4000","0.9049","16.7783"
"54.4200","0.9054","16.8464"
"54.4400","0.9058","16.7727"
"54.4600","0.9063","16.6480"
"54.4800","0.9066","16.6651"
"54.5000","0.9068","16.7795"
"54.5200","0.9070","16.7781"
"54.5400","0.9073","16.7841"
"54.5600","0.9076","16.7951"
"54.5800","0.9080","16.7931"
"54.6000","0.9083","16.7790"
"54.6200","0.9087","16.7756"
"54.6400","0.9091","16.7925"
"54.6600","0.9094","16.7907"
"54.6800","0.9097","16.8368"
"54.7000","0.9100","16.8601"
"54.7200","0.9103","16.8391"
"54.7400","0.9107","16.8774"
"54.7600","0.9111","16.7868"
"54.7800","0.9115","16.7841"
"54.8000","0.9119","16.8225"
"54.8200","0.9122","16.9767"
"54.8400","0.9124","16.9695"
"54.8600","0.9126","16.8578"
"54.8800","0.9129","16.9053"
"54.9000","0.9133","16.9086"
"54.9200","0.9136","16.8677"
"54.9400","0.9140","16.8805"
"54.9600","0.9144","16.9068"
"54.9800","0.9147","17.0131"
"55.0000","0.9150","16.9714"
"55.0200","0.9153","16.8744"
"55.0400","0.9155","16.7914"
"55.0600","0.9158","16.8394"
"55.0800","0.9162","16.9950"
"55.1000","0.9166","17.0049"
"55.1200","0.9171","16.9973"
"55.1400","0.9175","17.0315"
"55.1600","0.9179","17.0400"
"55.1800","0.9181","17.0483"
"55.2000","0.9184","17.0426"
"55.2200","0.9186","17.1041"
"55.2400","0.9189","17.0901"
"55.2600","0.9192","17.0539"
"55.2800","0.9196","17.0957"
"55.3000","0.9200","17.1037"
"55.3200","0.9204","17.1284"
"55.3400","0.9207","17.1216"
"55.3600","0.9210","17.1440"
"55.3800","0.9213","17.0890"
"55.4000","0.9217","17.1211"
"55.4200","0.9220","17.1347"
"55.4400","0.9224","17.1386"
"55.4600","0.9229","17.1642"
"55.4800","0.9232","17.1754"
"55.5000","0.9236","17.1891"
"55.5200","0.9238","17.1968"
"55.5400","0.9240","17.1151"
"55.5600","0.9243","17.1054"
"55.5800","0.9246","17.1350"
"55.6000","0.9249","17.1479"
"55.6200","0.9253","17.1008"
"55.6400","0.9257","17.0229"
"55.6600","0.9260","17.0542"
"55.6800","0.9264","17.2065"
"55.7000","0.9266","17.2843"
"55.7200","0.9269","17.3322"
"55.7400","0.9272","17.3476"
"55.7600","0.9275","17.3628"
"55.7800","0.9279","17.3914"
"55.8000","0.9284","17.3581"
"55.8200","0.9288","17.3372"
"55.8400","0.9292","17.2460"
"55.8600","0.9295","17.2341"
"55.8800","0.9297","17.2867"
"55.9000","0.9300","17.2695"
"55.9200","0.9302","17.2563"
"55.9400","0.9305","17.3307"
"55.9600","0.9309","17.3471"
"55.9800","0.9313","17.4297"
"56.0000","0.9317","17.5210"
"56.0200","0.9321","17.4319"
"56.0400","0.9324","17.3320"
"56.0600","0.9327","17.3118"
"56.0800","0.9330","17.3774"
"56.1000","0.9334","17.4548"
"56.1200","0.9338","17.4829"
"56.1400","0.9342","17.4122"
"56.1600","0.9346","17.4432"
"56.1800","0.9349","17.4677"
"56.2000","0.9351","17.4703"
"56.2200","0.9354","17.4438"
"56.2400","0.9356","17.4557"
"56.2600","0.9359","17.4504"
"56.2800","0.9363","17.4367"
"56.3000","0.9366","17.4818"
"56.3200","0.9370","17.5209"
"56.3400","0.9374","17.4915"
"56.3600","0.9377","17.4645"
"56.3800","0.9380","17.5551"
"56.4000","0.9383","17.6606"
"56.4200","0.9385","17.6525"
"56.4400","0.9388","17.5378"
"56.4600","0.9392","17.5405"
"56.4800","0.9396","17.5998"
"56.5000","0.9401","17.6221"
"56.5200","0.9405","17.5260"
"56.5400","0.9409","17.5269"
"56.5600","0.9411","17.5334"
"56.5800","0.9414","17.5999"
"56.6000","0.9416","17.6769"
"56.6200","0.9419","17.7047"
"56.6400","0.9422","17.5951"
"56.6600","0.9426","17.6305"
"56.6800","0.9430","17.7141"
"56.7000","0.9434","17.6941"
"56.7200","0.9437","17.7373"
"56.7400","0.9440","17.7131"
"56.7600","0.9443","17.7556"
"56.7800","0.9446","17.8091"
"56.8000","0.9450","17.7939"
"56.8200","0.9454","17.7637"
"56.8400","0.9459","17.7022"
"56.8600","0.9462","17.6356"
"56.8800","0.9465","17.5830"
"56.9000","0.9467","17.7003"
"56.9200","0.9470","17.7485"
"56.9400","0.9472","17.8184"
"56.9600","0.9475","17.8247"
"56.9800","0.9479","17.8730"
"57.0000","0.9483","17.8164"
"57.0200","0.9487","17.8096"
"57.0400","0.9491","17.8846"
"57.0600","0.9494","17.8824"
"57.0800","0.9497","17.8659"
"57.1000","0.9499","17.8582"
"57.1200","0.9502","17.8911"
"57.1400","0.9506","17.8630"
"57.1600","0.9510","17.8303"
"57.1800","0.9514","17.8262"
"57.2000","0.9519","17.8906"
"57.2200","0.9522","17.8895"
"57.2400","0.9525","17.8934"
"57.2600","0.9528","17.9483"
"57.2800","0.9530","17.9342"
"57.3000","0.9533","17.8927"
"57.3200","0.9536","17.9514"
"57.3400","0.9539","17.9847"
"57.3600","0.9543","18.0081"
"57.3800","0.9547","17.9436"
"57.4000","0.9551","17.9457"
"57.4200","0.9554","18.0958"
"57.4400","0.9557","18.1100"
"57.4600","0.9560","18.0832"
"57.4800","0.9564","18.1215"
"57.5000","0.9568","18.0429"
"57.5200","0.9572","18.0309"
"57.5400","0.9576","18.1619"
"57.5600","0.9579","18.1276"
"57.5800","0.9581","18.0717"
"57.6000","0.9584","18.0974"
"57.6200","0.9586","18.1484"
"57.6400","0.9589","18.1167"
"57.6600","0.9593","18.0866"
"57.6800","0.9597","18.0654"
"57.7000","0.9601","18.0518"
"57.7200","0.9604","18.0441"
"57.7400","0.9608","18.1485"
"57.7600","0.9610","18.1104"
"57.7800","0.9613","18.1511"
"57.8000","0.9616","18.2136"
"57.8200","0.9619","18.1807"
"57.8400","0.9623","18.1461"
"57.8600","0.9627","18.1793"
"57.8800","0.9632","18.1980"
"57.9000","0.9636","18.2087"
"57.9200","0.9639","18.1848"
"57.9400","0.9641","18.2004"
"57.9600","0.9644","18.2171"
"57.9800","0.9646","18.2788"
"58.0000","0.9649","18.2397"
"58.0200","0.9652","18.2532"
"58.0400","0.9656","18.2311"
"58.0600","0.9660","18.2370"
"58.0800","0.9664","18.2805"
"58.1000","0.9667","18.3686"
"58.1200","0.9670","18.3530"
"58.1400","0.9673","18.3135"
"58.1600","0.9677","18.3201"
"58.1800","0.9681","18.3347"
"58.2000","0.9685","18.3309"
"58.2200","0.9689","18.2569"
"58.2400","0.9693","18.2971"
"58.2600","0.9695","18.3654"
"58.2800","0.9698","18.4253"
"58.3000","0.9700","18.3458"
"58.3200","0.9703","18.3540"
"58.3400","0.9706","18.4170"
"58.3600","0.9709","18.4803"
"58.3800","0.9713","18.4634"
"58.4000","0.9717","18.4668"
"58.4200","0.9721","18.4636"
"58.4400","0.9724","18.4642"
"58.4600","0.9726","18.4354"
"58.4800","0.9729","18.4331"
"58.5000","0.9732","18.4492"
"58.5200","0.9736","18.4994"
"58.5400","0.9740","18.4654"
"58.5600","0.9744","18.5133"
"58.5800","0.9749","18.4828"
"58.6000","0.9753","18.5052"
"58.6200","0.9755","18.4904"
"58.6400","0.9757","18.5054"
"58.6600","0.9760","18.6057"
"58.6800","0.9762","18.6410"
"58.7000","0.9766","18.6140"
"58.7200","0.9769","18.6395"
"58.7400","0.9773","18.6622"
"58.7600","0.9777","18.6308"
"58.7800","0.9780","18.6406"
"58.8000","0.9783","18.6232"
"58.8200","0.9786","18.6428"
"58.8400","0.9790","18.6253"
"58.8600","0.9793","18.6398"
"58.8800","0.9797","18.6687"
"58.9000","0.9802","18.6108"
"58.9200","0.9805","18.5791"
"58.9400","0.9809","18.6683"
"58.9600","0.9811","18.7218"
"58.9800","0.9813","18.6916"
"59.0000","0.9816","18.7411"
"59.0200","0.9819","18.6848"
"59.0400","0.9822","18.6848"
"59.0600","0.9826","18.7295"
"59.0800","0.9830","18.7733"
"59.1000","0.9834","18.7354"
"59.1200","0.9837","18.6695"
"59.1400","0.9840","18.6932"
"59.1600","0.9842","18.6215"
"59.1800","0.9845","18.6896"
"59.2000","0.9848","18.7830"
"59.2200","0.9852","18.7922"
"59.2400","0.9857","18.8111"
"59.2600","0.9862","18.8024"
"59.2800","0.9866","18.8003"
"59.3000","0.9870","18.8454"
"59.3200","0.9872","18.8209"
"59.3400","0.9874","18.7998"
"59.3600","0.9876","18.8564"
"59.3800","0.9879","18.8099"
"59.4000","0.9882","18.8177"
"59.4200","0.9886","18.8689"
"59.4400","0.9890","18.8788"
"59.4600","0.9893","18.8899"
"59.4800","0.9897","18.9884"
"59.5000","0.9900","19.0022"
"59.5200","0.9903","18.9318"
"59.5400","0.9906","19.0139"
"59.5600","0.9910","19.0308"
"59.5800","0.9915","18.9880"
"59.6000","0.9919","18.9278"
"59.6200","0.9922","18.8891"
"59.6400","0.9925","18.9687"
"59.6600","0.9927","19.0200"
"59.6800","0.9930","19.0247"
"59.7000","0.9932","18.9667"
"59.7200","0.9936","18.9533"
"59.7400","0.9939","18.9127"
"59.7600","0.9943","18.9916"
"59.7800","0.9947","19.0169"
"59.8000","0.9951","19.0307"
"59.8200","0.9954","19.0221"
"59.8400","0.9956","18.9794"
"59.8600","0.9959","19.0029"
"59.8800","0.9962","18.9839"
"59.9000","0.9966","19.0285"
"59.9200","0.9970","19.0476"
"59.9400","0.9974","19.1217"
"59.9600","0.9979","19.0930"
"59.9800","0.9983","19.0663"
"60.0000","0.9985","19.0766"
"60.0200","0.9987","19.0997"
"60.0400","0.9990","19.0999"
"60.0600","0.9992","19.1122"
"60.0800","0.9995","19.2025"
"60.1000","0.9999","19.2586"
"60.1200","1.0003","19.2317"
"60.1400","1.0007","19.1937"
"60.1600","1.0010","19.2179"
"60.1800","1.0013","19.2171"
"60.2000","1.0016","19.1847"
"60.2200","1.0020","19.1294"
"60.2400","1.0023","19.2037"
"60.2600","1.0028","19.3152"
"60.2800","1.0032","19.3274"
"60.3000","1.0036","19.2577"
"60.3200","1.0039","19.3216"
"60.3400","1.0041","19.3029"
"60.3600","1.0044","19.3709"
"60.3800","1.0046","19.3684"
"60.4000","1.0049","19.3342"
"60.4200","1.0053","19.2710"
"60.4400","1.0056","19.3188"
"60.4600","1.0060","19.4383"
"60.4800","1.0064","19.3575"
"60.5000","1.0067","19.3168"
"60.5200","1.0070","19.2631"
"60.5400","1.0072","19.1949"
"60.5600","1.0075","19.1775"
"60.5800","1.0078","19.3096"
"60.6000","1.0082","19.4002"
"60.6200","1.0087","19.4787"
"60.6400","1.0092","19.4924"
"60.6600","1.0096","19.3817"
"60.6800","1.0099","19.4033"
"60.7000","1.0102","19.4546"
"60.7200","1.0104","19.4172"
"60.7400","1.0106","19.3170"
"60.7600","1.0109","19.3902"
"60.7800","1.0112","19.4808"
"60.8000","1.0116","19.4928"
"60.8200","1.0120","19.4731"
"60.8400","1.0124","19.4504"
"60.8600","1.0127","19.4672"
"60.8800","1.0130","19.5061"
"60.9000","1.0134","19.5041"
"60.9200","1.0137","19.4406"
"60.9400","1.0141","19.3943"
"60.9600","1.0145","19.4493"
"60.9800","1.0149","19.5413"
"61.0000","1.0152","19.6001"
"61.0200","1.0155","19.6099"
"61.0400","1.0157","19.5717"
"61.0600","1.0160","19.5620"
"61.0800","1.0162","19.5580"
"61.1000","1.0165","19.5519"
"61.1200","1.0169","19.5684"
"61.1400","1.0173","19.6200"
"61.1600","1.0177","19.6876"
"61.1800","1.0181","19.6596"
"61.2000","1.0184","19.5987"
"61.2200","1.0186","19.5765"
"61.2400","1.0189","19.6866"
"61.2600","1.0192","19.7040"
"61.2800","1.0196","19.6821"
"61.3000","1.0200","19.6792"
"61.3200","1.0205","19.7216"
"61.3400","1.0209","19.7240"
"61.3600","1.0213","19.7480"
"61.3800","1.0216","19.7380"
"61.4000","1.0218","19.7382"
"61.4200","1.0220","19.7543"
"61.4400","1.0223","19.7778"
"61.4600","1.0226","19.7655"
"61.4800","1.0229","19.7660"
"61.5000","1.0233","19.7232"
"61.5200","1.0237","19.6963"
"61.5400","1.0240","19.8001"
"61.5600","1.0243","19.8687"
"61.5800","1.0246","19.8351"
"61.6000","1.0250","19.8213"
"61.6200","1.0253","19.8878"
"61.6400","1.0257","19.8142"
"61.6600","1.0262","19.8687"
"61.6800","1.0265","19.8854"
"61.7000","1.0268","19.8866"
"61.7200","1.0271","19.9117"
"61.7400","1.0273","19.8081"
"61.7600","1.0276","19.8472"
"61.7800","1.0279","19.9457"
"61.8000","1.0282","20.0380"
"61.8200","1.0286","20.0051"
"61.8400","1.0290","19.8820"
"61.8600","1.0294","19.8281"
"61.8800","1.0297","19.8956"
"61.9000","1.0300","19.9313"
"61.9200","1.0303","19.9442"
"61.9400","1.0306","19.9424"
"61.9600","1.0309","19.9945"
"61.9800","1.0313","19.9390"
"62.0000","1.0318","19.9252"
"62.0200","1.0322","20.0214"
"62.0400","1.0326","20.0354"
"62.0600","1.0329","19.9473"
"62.0800","1.0331","19.9701"
"62.1000","1.0334","20.0047"
"62.1200","1.0336","19.9784"
"62.1400","1.0339","19.9987"
"62.1600","1.0342","20.0398"
"62.1800","1.0346","20.0442"
"62.2000","1.0350","20.0526"
"62.2200","1.0354","20.0194"
"62.2400","1.0357","20.0530"
"62.2600","1.0360","20.0709"
"62.2800","1.0363","20.1099"
"62.3000","1.0367","20.0635"
"62.3200","1.0371","20.1803"
"62.3400","1.0375","20.2193"
"62.3600","1.0379","20.2150"
"62.3800","1.0382","20.2057"
"62.4000","1.0385","20.1957"
"62.4200","1.0387","20.1130"
"62.4400","1.0389","20.1015"
"62.4600","1.0392","20.1406"
"62.4800","1.0396","20.1705"
"62.5000","1.0399","20.1571"
"62.5200","1.0403","20.1639"
"62.5400","1.0407","20.1655"
"62.5600","1.0411","20.1466"
"62.5800","1.0413","20.1443"
"62.6000","1.0416","20.1426"
"62.6200","1.0419","20.2521"
"62.6400","1.0422","20.2331"
"62.6600","1.0426","20.2778"
"62.6800","1.0430","20.2710"
"62.7000","1.0434","20.3230"
"62.7200","1.0439","20.3992"
"62.7400","1.0442","20.3623"
"62.7600","1.0445","20.3844"
"62.7800","1.0447","20.3211"
"62.8000","1.0450","20.3079"
"62.8200","1.0452","20.3193"
"62.8400","1.0456","20.2845"
"62.8600","1.0459","20.2384"
"62.8800","1.0463","20.1809"
"62.9000","1.0467","20.2408"
"62.9200","1.0470","20.3322"
"62.9400","1.0474","20.3462"
"62.9600","1.0477","20.3078"
"62.9800","1.0480","20.3834"
"63.0000","1.0484","20.4418"
"63.0200","1.0488","20.3428"
"63.0400","1.0492","20.3754"
"63.0600","1.0495","20.4296"
"63.0800","1.0498","20.4766"
"63.1000","1.0501","20.3844"
"63.1200","1.0503","20.3659"
"63.1400","1.0506","20.3873"
"63.1600","1.0509","20.4124"
"63.1800","1.0512","20.4718"
"63.2000","1.0516","20.5310"
"63.2200","1.0520","20.4960"
"63.2400","1.0524","20.4765"
"63.2600","1.0527","20.5297"
"63.2800","1.0530","20.5507"
"63.3000","1.0533","20.5524"
"63.3200","1.0535","20.5111"
"63.3400","1.0539","20.5112"
"63.3600","1.0543","20.5458"
"63.3800","1.0547","20.5220"
"63.4000","1.0552","20.5195"
"63.4200","1.0556","20.5900"
"63.4400","1.0559","20.7047"
"63.4600","1.0561","20.7078"
"63.4800","1.0563","20.7213"
"63.5000","1.0566","20.6235"
"63.5200","1.0569","20.6411"
"63.5400","1.0573","20.7033"
"63.5600","1.0577","20.7246"
"63.5800","1.0580","20.7146"
"63.6000","1.0584","20.6818"
"63.6200","1.0587","20.7257"
"63.6400","1.0590","20.7577"
"63.6600","1.0593","20.7260"
"63.6800","1.0597","20.6660"
"63.7000","1.0601","20.6570"
"63.7200","1.0605","20.6989"
"63.7400","1.0609","20.7413"
"63.7600","1.0612","20.8141"
"63.7800","1.0614","20.7796"
"63.8000","1.0617","20.7293"
"63.8200","1.0619","20.7065"
"63.8400","1.0622","20.7925"
"63.8600","1.0625","20.8189"
"63.8800","1.0629","20.8628"
"63.9000","1.0633","20.8679"
"63.9200","1.0637","20.8893"
"63.9400","1.0640","20.7824"
"63.9600","1.0643","20.8364"
"63.9800","1.0646","20.8433"
"64.0000","1.0649","20.8659"
"64.0200","1.0652","20.8830"
"64.0400","1.0656","20.9282"
"64.0600","1.0661","20.9518"
"64.0800","1.0666","20.9653"
"64.1000","1.0670","20.8410"
"64.1200","1.0673","20.8801"
"64.1400","1.0675","20.8778"
"64.1600","1.0677","20.8716"
"64.1800","1.0679","20.9056"
"64.2000","1.0682","20.8876"
"64.2200","1.0686","20.8622"
"64.2400","1.0690","20.8772"
"64.2600","1.0694","20.8837"
"64.2800","1.0697","20.9290"
"64.3000","1.0701","20.9467"
"64.3200","1.0704","20.9738"
"64.3400","1.0707","21.0874"
"64.3600","1.0710","21.0584"
"64.3800","1.0714","21.0032"
"64.4000","1.0718","21.0158"
"64.4200","1.0722","20.9754"
"64.4400","1.0725","20.9981"
"64.4600","1.0728","21.0711"
"64.4800","1.0730","21.1353"
"64.5000","1.0733","21.1650"
"64.5200","1.0736","21.1771"
"64.5400","1.0739","21.1341"
"64.5600","1.0742","21.0955"
"64.5800","1.0746","21.1179"
"64.6000","1.0750","21.0627"
"64.6200","1.0754","21.0827"
"64.6400","1.0757","21.1311"
"64.6600","1.0760","21.2309"
"64.6800","1.0762","21.1441"
"64.7000","1.0765","21.1287"
"64.7200","1.0769","21.2250"
"64.7400","1.0773","21.1887"
"64.7600","1.0778","21.1320"
"64.7800","1.0783","21.1423"
"64.8000","1.0786","21.2648"
"64.8200","1.0789","21.3282"
"64.8400","1.0791","21.2512"
"64.8600","1.0793","21.2544"
"64.8800","1.0796","21.2096"
"64.9000","1.0799","21.2015"
"64.9200","1.0802","21.2923"
"64.9400","1.0806","21.2185"
"64.9600","1.0810","21.1964"
"64.9800","1.0814","21.1979"
"65.0000","1.0817","21.2860"
"65.0200","1.0821","21.3180"
"65.0400","1.0824","21.2397"
"65.0600","1.0827","21.2267"
"65.0800","1.0831","21.2961"
"65.1000","1.0835","21.2606"
"65.1200","1.0838","21.2634"
"65.1400","1.0842","21.3419"
"65.1600","1.0844","21.3861"
"65.1800","1.0847","21.4269"
"65.2000","1.0849","21.3900"
"65.2200","1.0852","21.3979"
"65.2400","1.0856","21.3288"
"65.2600","1.0859","21.3473"
"65.2800","1.0863","21.4155"
"65.3000","1.0867","21.4224"
"65.3200","1.0870","21.4587"
"65.3400","1.0873","21.4932"
"65.3600","1.0876","21.4832"
"65.3800","1.0878","21.5013"
"65.4000","1.0882","21.5051"
"65.4200","1.0886","21.5223"
"65.4400","1.0891","21.5518"
"65.4600","1.0896","21.4994"
"65.4800","1.0900","21.4775"
"65.5000","1.0903","21.4877"
"65.5200","1.0905","21.4767"
"65.5400","1.0907","21.5340"
"65.5600","1.0909","21.5349"
"65.5800","1.0912","21.4786"
"65.6000","1.0916","21.5127"
"65.6200","1.0920","21.5267"
"65.6400","1.0924","21.5823"
"65.6600","1.0928","21.5741"
"65.6800","1.0931","21.5922"
"65.7000","1.0934","21.6088"
"65.7200","1.0937","21.5853"
"65.7400","1.0941","21.6107"
"65.7600","1.0944","21.6052"
"65.7800","1.0948","21.5375"
"65.8000","1.0952","21.5320"
"65.8200","1.0955","21.6712"
"65.8400","1.0958","21.6751"
"65.8600","1.0960","21.6204"
"65.8800","1.0963","21.5867"
"65.9000","1.0966","21.6568"
"65.9200","1.0969","21.7814"
"65.9400","1.0972","21.7827"
"65.9600","1.0976","21.7548"
"65.9800","1.0980","21.7800"
"66.0000","1.0983","21.6932"
"66.0200","1.0987","21.7284"
"66.0400","1.0989","21.8105"
"66.0600","1.0992","21.8409"
"66.0800","1.0995","21.8460"
"66.1000","1.0999","21.7822"
"66.1200","1.1003","21.7826"
"66.1400","1.1008","21.7827"
"66.1600","1.1013","21.8203"
"66.1800","1.1016","21.7970"
"66.2000","1.1019","21.8605"
"66.2200","1.1021","21.9239"
"66.2400","1.1023","21.8939"
"66.2600","1.1026","21.9099"
"66.2800","1.1029","21.9175"
"66.3000","1.1033","21.8643"
"66.3200","1.1037","21.8807"
"66.3400","1.1041","21.9160"
"66.3600","1.1044","21.9160"
"66.3800","1.1047","21.9955"
"66.4000","1.1050","21.9553"
"66.4200","1.1053","21.9277"
"66.4400","1.1057","21.9441"
"66.4600","1.1061","22.0153"
"66.4800","1.1065","22.0106"
"66.5000","1.1068","21.9993"
"66.5200","1.1071","21.9937"
"66.5400","1.1074","21.9700"
"66.5600","1.1077","21.9358"
"66.5800","1.1079","22.1295"
"66.6000","1.1082","22.1375"
"66.6200","1.1086","22.0956"
"66.6400","1.1089","22.0335"
"66.6600","1.1093","22.0509"
"66.6800","1.1097","22.0063"
"66.7000","1.1100","22.0315"
"66.7200","1.1103","22.0785"
"66.7400","1.1106","22.0877"
"66.7600","1.1109","22.0318"
"66.7800","1.1112","22.0095"
"66.8000","1.1116","22.0409"
"66.8200","1.1121","22.0452"
"66.8400","1.1125","22.1338"
"66.8600","1.1129","22.1382"
"66.8800","1.1132","22.1569"
"66.9000","1.1135","22.1367"
"66.9200","1.1137","22.1384"
"66.9400","1.1139","22.1486"
"66.9600","1.1142","22.1740"
"66.9800","1.1146","22.1640"
"67.0000","1.1149","22.1653"
"67.0200","1.1153","22.2130"
"67.0400","1.1157","22.2485"
"67.0600","1.1160","22.2147"
"67.0800","1.1163","22.2079"
"67.1000","1.1166","22.2485"
"67.1200","1.1170","22.2761"
"67.1400","1.1174","22.3400"
"67.1600","1.1178","22.3021"
"67.1800","1.1182","22.2689"
"67.2000","1.1185","22.2429"
"67.2200","1.1188","22.2426"
"67.2400","1.1190","22.2172"
"67.2600","1.1193","22.2713"
"67.2800","1.1196","22.3062"
"67.3000","1.1199","22.2973"
"67.3200","1.1203","22.3676"
"67.3400","1.1206","22.3705"
"67.3600","1.1210","22.4209"
"67.3800","1.1213","22.4123"
"67.4000","1.1216","22.3502"
"67.4200","1.1219","22.3052"
"67.4400","1.1222","22.3988"
"67.4600","1.1225","22.4255"
"67.4800","1.1229","22.3984"
"67.5000","1.1233","22.3247"
"67.5200","1.1238","22.3581"
"67.5400","1.1242","22.3804"
"67.5600","1.1246","22.4583"
"67.5800","1.1248","22.4574"
"67.6000","1.1250","22.4230"
"67.6200","1.1253","22.4690"
"67.6400","1.1256","22.5158"
"67.6600","1.1259","22.5201"
"67.6800","1.1263","22.4422"
"67.7000","1.1267","22.3992"
"67.7200","1.1270","22.5218"
"67.7400","1.1274","22.5112"
"67.7600","1.1277","22.5379"
"67.7800","1.1280","22.5828"
"67.8000","1.1283","22.5780"
"67.8200","1.1287","22.5770"
"67.8400","1.1292","22.5169"
"67.8600","1.1296","22.5625"
"67.8800","1.1299","22.6191"
"67.9000","1.1302","22.6576"
"67.9200","1.1304","22.6786"
"67.9400","1.1307","22.6830"
"67.9600","1.1309","22.5578"
"67.9800","1.1313","22.5706"
"68.0000","1.1316","22.6001"
"68.0200","1.1320","22.6651"
"68.0400","1.1324","22.6785"
"68.0600","1.1327","22.6711"
"68.0800","1.1330","22.6104"
"68.1000","1.1333","22.6091"
"68.1200","1.1336","22.5711"
"68.1400","1.1339","22.6809"
"68.1600","1.1342","22.7286"
"68.1800","1.1346","22.6230"
"68.2000","1.1351","22.6221"
"68.2200","1.1355","22.7331"
"68.2400","1.1359","22.6997"
"68.2600","1.1362","22.7376"
"68.2800","1.1364","22.8474"
"68.3000","1.1367","22.8496"
"68.3200","1.1369","22.7444"
"68.3400","1.1373","22.7396"
"68.3600","1.1376","22.7596"
"68.3800","1.1380","22.9002"
"68.4000","1.1384","22.9115"
"68.4200","1.1387","22.8756"
"68.4400","1.1390","22.8127"
"68.4600","1.1393","22.8295"
"68.4800","1.1397","22.8957"
"68.5000","1.1400","22.8857"
"68.5200","1.1404","22.8508"
"68.5400","1.1409","22.8299"
"68.5600","1.1413","22.8921"
"68.5800","1.1416","22.9797"
"68.6000","1.1418","22.8953"
"68.6200","1.1421","22.8268"
"68.6400","1.1423","22.8408"
"68.6600","1.1426","22.9342"
"68.6800","1.1429","23.0085"
"68.7000","1.1433","22.9677"
"68.7200","1.1437","22.9457"
"68.7400","1.1440","22.9538"
"68.7600","1.1444","23.0594"
"68.7800","1.1446","22.9643"
"68.8000","1.1449","22.9434"
"68.8200","1.1452","22.9505"
"68.8400","1.1455","22.9405"
"68.8600","1.1459","22.9622"
"68.8800","1.1463","22.9918"
"68.9000","1.1468","22.9198"
"68.9200","1.1473","23.0079"
"68.9400","1.1476","23.0972"
"68.9600","1.1478","23.1246"
"68.9800","1.1481","23.1368"
"69.0000","1.1483","23.1672"
"69.0200","1.1486","23.0724"
"69.0400","1.1490","23.0939"
"69.0600","1.1493","22.9824"
"69.0800","1.1497","23.0861"
"69.1000","1.1501","23.1475"
"69.1200","1.1504","23.1481"
"69.1400","1.1507","23.0859"
"69.1600","1.1510","23.0505"
"69.1800","1.1513","23.1216"
"69.2000","1.1517","23.1991"
"69.2200","1.1521","23.2132"
"69.2400","1.1525","23.1712"
"69.2600","1.1529","23.1141"
"69.2800","1.1532","23.2174"
"69.3000","1.1534","23.2301"
"69.3200","1.1537","23.2107"
"69.3400","1.1539","23.2921"
"69.3600","1.1543","23.3367"
"69.3800","1.1546","23.2914"
"69.4000","1.1550","23.2656"
"69.4200","1.1554","23.2306"
"69.4400","1.1557","23.2247"
"69.4600","1.1560","23.2505"
"69.4800","1.1563","23.2990"
"69.5000","1.1565","23.2938"
"69.5200","1.1568","23.3408"
"69.5400","1.1572","23.4375"
"69.5600","1.1576","23.3558"
"69.5800","1.1581","23.3130"
"69.6000","1.1585","23.3043"
"69.6200","1.1589","23.2920"
"69.6400","1.1591","23.3368"
"69.6600","1.1594","23.3520"
"69.6800","1.1596","23.3389"
"69.7000","1.1599","23.2652"
"69.7200","1.1602","23.2028"
"69.7400","1.1606","23.3268"
"69.7600","1.1610","23.4277"
"69.7800","1.1614","23.5115"
"69.8000","1.1617","23.4899"
"69.8200","1.1620","23.5004"
"69.8400","1.1623","23.5740"
"69.8600","1.1626","23.6004"
"69.8800","1.1630","23.5146"
"69.9000","1.1634","23.4652"
"69.9200","1.1638","23.4609"
"69.9400","1.1642","23.4681"
"69.9600","1.1645","23.4289"
"69.9800","1.1648","23.4171"
"70.0000","1.1650","23.5260"
"70.0200","1.1653","23.6727"
"70.0400","1.1656","23.6253"
"70.0600","1.1659","23.5798"
"70.0800","1.1663","23.5138"
"70.1000","1.1667","23.5068"
"70.1200","1.1671","23.5755"
"70.1400","1.1674","23.6346"
"70.1600","1.1676","23.6354"
"70.1800","1.1679","23.6014"
"70.2000","1.1682","23.5610"
"70.2200","1.1685","23.6186"
"70.2400","1.1689","23.5909"
"70.2600","1.1693","23.6353"
"70.2800","1.1698","23.6973"
"70.3000","1.1702","23.7503"
"70.3200","1.1705","23.7478"
"70.3400","1.1708","23.7165"
"70.3600","1.1710","23.6804"
"70.3800","1.1712","23.7025"
"70.4000","1.1715","23.7175"
"70.4200","1.1719","23.7095"
"70.4400","1.1723","23.7013"
"70.4600","1.1727","23.6938"
"70.4800","1.1730","23.6930"
"70.5000","1.1734","23.6920"
"70.5200","1.1737","23.7320"
"70.5400","1.1740","23.6616"
"70.5600","1.1743","23.7101"
"70.5800","1.1747","23.7553"
"70.6000","1.1751","23.7569"
"70.6200","1.1755","23.7749"
"70.6400","1.1759","23.7995"
"70.6600","1.1761","23.8709"
"70.6800","1.1764","23.9710"
"70.7000","1.1766","23.9191"
"70.7200","1.1769","23.7943"
"70.7400","1.1772","23.7743"
"70.7600","1.1776","23.8620"
"70.7800","1.1780","23.8830"
"70.8000","1.1784","23.8171"
"70.8200","1.1787","23.8382"
"70.8400","1.1790","23.9042"
"70.8600","1.1793","23.9334"
"70.8800","1.1795","23.9821"
"70.9000","1.1798","23.9275"
"70.9200","1.1802","23.8736"
"70.9400","1.1806","23.8883"
"70.9600","1.1811","23.8292"
"70.9800","1.1815","23.9156"
"71.0000","1.1819","23.9176"
"71.0200","1.1822","24.0180"
"71.0400","1.1824","24.0031"
"71.0600","1.1826","23.9871"
"71.0800","1.1829","24.0052"
"71.1000","1.1832","24.0836"
"71.1200","1.1836","24.0381"
"71.1400","1.1840","23.9578"
"71.1600","1.1844","24.0329"
"71.1800","1.1847","23.9529"
"71.2000","1.1850","23.9694"
"71.2200","1.1854","23.9927"
"71.2400","1.1857","24.1064"
"71.2600","1.1861","24.0849"
"71.2800","1.1865","24.1431"
"71.3000","1.1869","24.1826"
"71.3200","1.1872","24.0859"
"71.3400","1.1875","24.0689"
"71.3600","1.1878","24.0580"
"71.3800","1.1880","24.1618"
"71.4000","1.1883","24.2320"
"71.4200","1.1886","24.2495"
"71.4400","1.1889","24.2185"
"71.4600","1.1893","24.1508"
"71.4800","1.1897","24.1475"
"71.5000","1.1901","24.1715"
"71.5200","1.1904","24.1803"
"71.5400","1.1907","24.2286"
"71.5600","1.1909","24.2395"
"71.5800","1.1912","24.2332"
"71.6000","1.1916","24.2826"
"71.6200","1.1919","24.2985"
"71.6400","1.1924","24.2464"
"71.6600","1.1929","24.1960"
"71.6800","1.1933","24.2724"
"71.7000","1.1936","24.2815"
"71.7200","1.1938","24.2483"
"71.7400","1.1940","24.2440"
"71.7600","1.1943","24.2960"
"71.7800","1.1946","24.4016"
"71.8000","1.1949","24.3145"
"71.8200","1.1953","24.2526"
"71.8400","1.1957","24.3268"
"71.8600","1.1960","24.4310"
"71.8800","1.1964","24.4127"
"71.9000","1.1967","24.3543"
"71.9200","1.1970","24.3656"
"71.9400","1.1973","24.3978"
"71.9600","1.1977","24.3435"
"71.9800","1.1981","24.3746"
"72.0000","1.1985","24.4452"
"72.0200","1.1989","24.4106"
"72.0400","1.1991","24.4022"
"72.0600","1.1994","24.4432"
"72.0800","1.1996","24.3857"
"72.1000","1.1999","24.4708"
"72.1200","1.2002","24.4662"
"72.1400","1.2006","24.4881"
"72.1600","1.2010","24.4597"
"72.1800","1.2014","24.5074"
"72.2000","1.2017","24.5118"
"72.2200","1.2020","24.5080"
"72.2400","1.2023","24.4875"
"72.2600","1.2026","24.5212"
"72.2800","1.2029","24.5634"
"72.3000","1.2032","24.5756"
"72.3200","1.2037","24.5340"
"72.3400","1.2042","24.5757"
"72.3600","1.2046","24.6373"
"72.3800","1.2049","24.6412"
"72.4000","1.2052","24.5883"
"72.4200","1.2054","24.5161"
"72.4400","1.2056","24.5786"
"72.4600","1.2059","24.6012"
"72.4800","1.2062","24.6821"
"72.5000","1.2066","24.6684"
"72.5200","1.2070","24.6091"
"72.5400","1.2074","24.5618"
"72.5600","1.2077","24.6327"
"72.5800","1.2080","24.6128"
"72.6000","1.2083","24.6661"
"72.6200","1.2087","24.7138"
"72.6400","1.2091","24.6407"
"72.6600","1.2095","24.6440"
"72.6800","1.2099","24.6756"
"72.7000","1.2102","24.7394"
"72.7200","1.2105","24.7747"
"72.7400","1.2108","24.7567"
"72.7600","1.2110","24.7793"
"72.7800","1.2113","24.7496"
"72.8000","1.2116","24.6649"
"72.8200","1.2119","24.6096"
"72.8400","1.2123","24.6382"
"72.8600","1.2127","24.7809"
"72.8800","1.2131","24.8804"
"72.9000","1.2134","24.8784"
"72.9200","1.2136","24.8758"
"72.9400","1.2139","24.7643"
"72.9600","1.2142","24.7660"
"72.9800","1.2145","24.8657"
"73.0000","1.2150","24.8884"
"73.0200","1.2154","24.8487"
"73.0400","1.2159","24.9096"
"73.0600","1.2163","24.9106"
"73.0800","1.2165","24.9362"
"73.1000","1.2168","24.9668"
"73.1200","1.2170","24.8644"
"73.1400","1.2173","24.8375"
"73.1600","1.2176","24.9116"
"73.1800","1.2179","24.9827"
"73.2000","1.2183","24.9787"
"73.2200","1.2186","24.9949"
"73.2400","1.2190","25.0481"
"73.2600","1.2193","25.0621"
"73.2800","1.2196","25.0431"
"73.3000","1.2199","25.0265"
"73.3200","1.2203","25.0620"
"73.3400","1.2207","25.0994"
"73.3600","1.2212","25.1271"
"73.3800","1.2216","25.0807"
"73.4000","1.2219","25.0937"
"73.4200","1.2222","25.1663"
"73.4400","1.2224","25.1394"
"73.4600","1.2226","25.1304"
"73.4800","1.2229","25.1129"
"73.5000","1.2232","25.0720"
"73.5200","1.2236","25.0171"
"73.5400","1.2240","25.0508"
"73.5600","1.2244","25.0798"
"73.5800","1.2247","25.1327"
"73.6000","1.2250","25.1606"
"73.6200","1.2253","25.1488"
"73.6400","1.2255","25.1209"
"73.6600","1.2259","25.1621"
"73.6800","1.2262","25.1941"
"73.7000","1.2267","25.1529"
"73.7200","1.2271","25.1695"
"73.7400","1.2276","25.2386"
"73.7600","1.2279","25.2462"
"73.7800","1.2282","25.2748"
"73.8000","1.2284","25.3024"
"73.8200","1.2286","25.3609"
"73.8400","1.2289","25.3084"
"73.8600","1.2292","25.2913"
"73.8800","1.2296","25.3204"
"73.9000","1.2300","25.2613"
"73.9200","1.2303","25.2166"
"73.9400","1.2307","25.1902"
"73.9600","1.2310","25.1921"
"73.9800","1.2313","25.2874"
"74.0000","1.2317","25.4051"
"74.0200","1.2320","25.5008"
"74.0400","1.2325","25.4729"
"74.0600","1.2329","25.4008"
"74.0800","1.2332","25.4011"
"74.1000","1.2335","25.4013"
"74.1200","1.2338","25.3273"
"74.1400","1.2340","25.2919"
"74.1600","1.2343","25.3636"
"74.1800","1.2346","25.4021"
"74.2000","1.2349","25.4027"
"74.2200","1.2353","25.4366"
"74.2400","1.2357","25.4406"
"74.2600","1.2361","25.4067"
"74.2800","1.2364","25.3901"
"74.3000","1.2367","25.3828"
"74.3200","1.2369","25.4545"
"74.3400","1.2372","25.4662"
"74.3600","1.2376","25.4693"
"74.3800","1.2380","25.5179"
"74.4000","1.2384","25.5288"
"74.4200","1.2389","25.5663"
"74.4400","1.2393","25.5874"
"74.4600","1.2396","25.4829"
"74.4800","1.2398","25.4089"
"74.5000","1.2400","25.4823"
"74.5200","1.2403","25.5122"
"74.5400","1.2405","25.5666"
"74.5600","1.2409","25.5909"
"74.5800","1.2413","25.6932"
"74.6000","1.2417","25.6987"
"74.6200","1.2420","25.6351"
"74.6400","1.2423","25.5519"
"74.6600","1.2426","25.6144"
"74.6800","1.2430","25.6383"
"74.7000","1.2433","25.6330"
"74.7200","1.2437","25.6001"
"74.7400","1.2441","25.6026"
"74.7600","1.2445","25.5716"
"74.7800","1.2449","25.6481"
"74.8000","1.2451","25.6057"
"74.8200","1.2454","25.6019"
"74.8400","1.2456","25.6284"
"74.8600","1.2459","25.7337"
"74.8800","1.2462","25.7472"
"74.9000","1.2466","25.7901"
"74.9200","1.2470","25.8318"
"74.9400","1.2474","25.7923"
"74.9600","1.2477","25.7174"
"74.9800","1.2480","25.7139"
"75.0000","1.2483","25.7495"
"75.0200","1.2485","25.7272"
"75.0400","1.2488","25.7422"
"75.0600","1.2492","25.7853"
"75.0800","1.2497","25.8609"
"75.1000","1.2501","25.8185"
"75.1200","1.2506","25.7868"
"75.1400","1.2509","25.8265"
"75.1600","1.2512","25.8375"
"75.1800","1.2514","25.8416"
"75.2000","1.2516","25.8702"
"75.2200","1.2519","25.8762"
"75.2400","1.2522","25.8670"
"75.2600","1.2526","25.8578"
"75.2800","1.2530","25.9320"
"75.3000","1.2533","26.0247"
"75.3200","1.2537","26.0010"
"75.3400","1.2540","25.9526"
"75.3600","1.2543","25.8742"
"75.3800","1.2547","25.8417"
"75.4000","1.2550","25.9465"
"75.4200","1.2555","26.0143"
"75.4400","1.2559","26.0247"
"75.4600","1.2562","26.0090"
"75.4800","1.2565","25.9576"
"75.5000","1.2567","26.0514"
"75.5200","1.2570","26.0516"
"75.5400","1.2572","26.0722"
"75.5600","1.2576","26.0718"
"75.5800","1.2579","26.0476"
"75.6000","1.2583","26.0919"
"75.6200","1.2587","26.0944"
"75.6400","1.2590","26.0142"
"75.6600","1.2594","26.0185"
"75.6800","1.2596","26.0596"
"75.7000","1.2599","26.1463"
"75.7200","1.2602","26.1223"
"75.7400","1.2605","26.1499"
"75.7600","1.2610","26.2160"
"75.7800","1.2614","26.2023"
"75.8000","1.2619","26.1286"
"75.8200","1.2623","26.1106"
"75.8400","1.2626","26.1776"
"75.8600","1.2628","26.0827"
"75.8800","1.2630","26.0838"
"75.9000","1.2633","26.1451"
"75.9200","1.2636","26.1557"
"75.9400","1.2639","26.1557"
"75.9600","1.2643","26.2026"
"75.9800","1.2647","26.3060"
"76.0000","1.2650","26.2959"
"76.0200","1.2653","26.2677"
"76.0400","1.2657","26.2134"
"76.0600","1.2660","26.1905"
"76.0800","1.2664","26.2182"
"76.1000","1.2668","26.2844"
"76.1200","1.2672","26.2433"
"76.1400","1.2676","26.2675"
"76.1600","1.2679","26.3054"
"76.1800","1.2681","26.3869"
"76.2000","1.2684","26.3919"
"76.2200","1.2686","26.3371"
"76.2400","1.2689","26.2861"
"76.2600","1.2692","26.2931"
"76.2800","1.2696","26.2970"
"76.3000","1.2700","26.3304"
"76.3200","1.2704","26.4231"
"76.3400","1.2707","26.4638"
"76.3600","1.2710","26.3708"
"76.3800","1.2713","26.3506"
"76.4000","1.2716","26.3675"
"76.4200","1.2719","26.3396"
"76.4400","1.2722","26.4171"
"76.4600","1.2727","26.4540"
"76.4800","1.2732","26.4592"
"76.5000","1.2736","26.5565"
"76.5200","1.2739","26.5288"
"76.5400","1.2742","26.4866"
"76.5600","1.2744","26.5100"
"76.5800","1.2746","26.5152"
"76.6000","1.2749","26.6060"
"76.6200","1.2753","26.6286"
"76.6400","1.2756","26.5458"
"76.6600","1.2760","26.4912"
"76.6800","1.2764","26.5069"
"76.7000","1.2767","26.5901"
"76.7200","1.2770","26.6284"
"76.7400","1.2773","26.6473"
"76.7600","1.2777","26.5836"
"76.7800","1.2781","26.6155"
"76.8000","1.2785","26.6000"
"76.8200","1.2788","26.6437"
"76.8400","1.2792","26.6497"
"76.8600","1.2795","26.6367"
"76.8800","1.2797","26.6799"
"76.9000","1.2800","26.7054"
"76.9200","1.2802","26.6903"
"76.9400","1.2805","26.7063"
"76.9600","1.2809","26.6938"
"76.9800","1.2813","26.6928"
"77.0000","1.2817","26.6788"
"77.0200","1.2820","26.7191"
"77.0400","1.2824","26.6662"
"77.0600","1.2826","26.7734"
"77.0800","1.2829","26.7826"
"77.1000","1.2832","26.8106"
"77.1200","1.2836","26.8232"
"77.1400","1.2840","26.8229"
"77.1600","1.2845","26.8160"
"77.1800","1.2849","26.7796"
"77.2000","1.2852","26.7671"
"77.2200","1.2855","26.8053"
"77.2400","1.2857","26.7704"
"77.2600","1.2860","26.7476"
"77.2800","1.2863","26.7698"
"77.3000","1.2866","26.8230"
"77.3200","1.2869","26.9012"
"77.3400","1.2873","26.8402"
"77.3600","1.2877","26.8193"
"77.3800","1.2881","26.8115"
"77.4000","1.2884","26.7979"
"77.4200","1.2887","26.7813"
"77.4400","1.2890","26.7936"
"77.4600","1.2894","26.7654"
"77.4800","1.2898","26.8134"
"77.5000","1.2902","26.8599"
"77.5200","1.2905","26.8118"
"77.5400","1.2908","26.8220"
"77.5600","1.2911","26.8988"
"77.5800","1.2913","26.9534"
"77.6000","1.2916","26.9511"
"77.6200","1.2919","27.0154"
"77.6400","1.2922","26.9681"
"77.6600","1.2926","27.0266"
"77.6800","1.2930","27.0211"
"77.7000","1.2934","26.9935"
"77.7200","1.2937","26.9852"
"77.7400","1.2940","26.9598"
"77.7600","1.2943","27.0278"
"77.7800","1.2945","27.0095"
"77.8000","1.2949","27.0615"
"77.8200","1.2952","27.0963"
"77.8400","1.2957","27.1077"
"77.8600","1.2962","27.1090"
"77.8800","1.2966","27.1930"
"77.9000","1.2969","27.1300"
"77.9200","1.2971","27.1007"
"77.9400","1.2974","27.1388"
"77.9600","1.2976","27.1545"
"77.9800","1.2979","27.1135"
"78.0000","1.2982","27.1007"
"78.0200","1.2986","27.1243"
"78.0400","1.2990","27.1755"
"78.0600","1.2994","27.2029"
"78.0800","1.2997","27.2280"
"78.1000","1.3000","27.2335"
"78.1200","1.3003","27.1661"
"78.1400","1.3007","27.1519"
"78.1600","1.3011","27.1629"
"78.1800","1.3015","27.2264"
"78.2000","1.3018","27.2248"
"78.2200","1.3022","27.2581"
"78.2400","1.3024","27.2173"
"78.2600","1.3027","27.2530"
"78.2800","1.3029","27.3356"
"78.3000","1.3032","27.2965"
"78.3200","1.3035","27.3069"
"78.3400","1.3039","27.4508"
"78.3600","1.3043","27.4169"
"78.3800","1.3047","27.3105"
"78.4000","1.3050","27.2494"
"78.4200","1.3053","27.2480"
"78.4400","1.3056","27.2818"
"78.4600","1.3059","27.2769"
"78.4800","1.3062","27.2568"
"78.5000","1.3066","27.3072"
"78.5200","1.3070","27.3686"
"78.5400","1.3075","27.3897"
"78.5600","1.3079","27.4409"
"78.5800","1.3083","27.3837"
"78.6000","1.3085","27.3554"
"78.6200","1.3087","27.3689"
"78.6400","1.3090","27.3262"
"78.6600","1.3092","27.3384"
"78.6800","1.3096","27.3891"
"78.7000","1.3099","27.3918"
"78.7200","1.3103","27.3793"
"78.7400","1.3107","27.4837"
"78.7600","1.3111","27.5109"
"78.7800","1.3114","27.5291"
"78.8000","1.3117","27.5516"
"78.8200","1.3120","27.5434"
"78.8400","1.3124","27.5361"
"78.8600","1.3128","27.5333"
"78.8800","1.3132","27.5246"
"78.9000","1.3135","27.5069"
"78.9200","1.3138","27.5195"
"78.9400","1.3141","27.5900"
"78.9600","1.3143","27.6113"
"78.9800","1.3146","27.5534"
"79.0000","1.3149","27.5665"
"79.0200","1.3153","27.5916"
"79.0400","1.3156","27.6053"
"79.0600","1.3160","27.6433"
"79.0800","1.3164","27.6268"
"79.1000","1.3167","27.6610"
"79.1200","1.3170","27.6170"
"79.1400","1.3173","27.6204"
"79.1600","1.3176","27.7066"
"79.1800","1.3179","27.7409"
"79.2000","1.3183","27.7092"
"79.2200","1.3188","27.7650"
"79.2400","1.3193","27.7353"
"79.2600","1.3196","27.7462"
"79.2800","1.3199","27.7679"
"79.3000","1.3201","27.7250"
"79.3200","1.3203","27.6889"
"79.3400","1.3206","27.6113"
"79.3600","1.3209","27.6260"
"79.3800","1.3213","27.6678"
"79.4000","1.3217","27.7851"
"79.4200","1.3221","27.8439"
"79.4400","1.3224","27.8085"
"79.4600","1.3228","27.7485"
"79.4800","1.3231","27.7791"
"79.5000","1.3234","27.7621"
"79.5200","1.3237","27.7925"
"79.5400","1.3241","27.8189"
"79.5600","1.3245","27.8372"
"79.5800","1.3249","27.8525"
"79.6000","1.3252","27.8682"
"79.6200","1.3254","27.9102"
"79.6400","1.3257","27.9025"
"79.6600","1.3259","27.8437"
"79.6800","1.3262","27.8052"
"79.7000","1.3266","27.8850"
"79.7200","1.3269","28.0308"
"79.7400","1.3273","28.0586"
"79.7600","1.3277","27.9760"
"79.7800","1.3281","27.8850"
"79.8000","1.3283","27.9026"
"79.8200","1.3286","27.8945"
"79.8400","1.3289","27.8999"
"79.8600","1.3292","27.9203"
"79.8800","1.3296","27.9652"
"79.9000","1.3301","28.0621"
"79.9200","1.3305","28.0844"
"79.9400","1.3310","28.1268"
"79.9600","1.3313","28.0977"
"79.9800","1.3315","28.0661"
"80.0000","1.3317","28.0114"
"80.0200","1.3320","27.9826"
"80.0400","1.3322","27.9322"
"80.0600","1.3326","28.0343"
"80.0800","1.3330","28.0072"
"80.1000","1.3334","28.0584"
"80.1200","1.3338","28.2008"
"80.1400","1.3341","28.1991"
"80.1600","1.3344","28.1388"
"80.1800","1.3347","28.1040"
"80.2000","1.3351","28.1659"
"80.2200","1.3354","28.1973"
"80.2400","1.3358","28.2405"
"80.2600","1.3362","28.1832"
"80.2800","1.3365","28.0653"
"80.3000","1.3368","28.0778"
"80.3200","1.3371","28.0638"
"80.3400","1.3373","28.1667"
"80.3600","1.3376","28.1715"
"80.3800","1.3379","28.1552"
"80.4000","1.3382","28.1328"
"80.4200","1.3386","28.1799"
"80.4400","1.3390","28.2452"
"80.4600","1.3393","28.2431"
"80.4800","1.3396","28.2220"
"80.5000","1.3399","28.2487"
"80.5200","1.3402","28.2732"
"80.5400","1.3405","28.2398"
"80.5600","1.3408","28.1901"
"80.5800","1.3413","28.2298"
"80.6000","1.3418","28.2686"
"80.6200","1.3422","28.3224"
"80.6400","1.3426","28.3945"
"80.6600","1.3429","28.3656"
"80.6800","1.3431","28.3596"
"80.7000","1.3433","28.2789"
"80.7200","1.3436","28.2575"
"80.7400","1.3439","28.3181"
"80.7600","1.3442","28.4358"
"80.7800","1.3446","28.4079"
"80.8000","1.3450","28.4927"
"80.8200","1.3454","28.5150"
"80.8400","1.3457","28.4840"
"80.8600","1.3460","28.4845"
"80.8800","1.3463","28.4064"
"80.9000","1.3467","28.3621"
"80.9200","1.3470","28.4071"
"80.9400","1.3474","28.3848"
"80.9600","1.3478","28.4222"
"80.9800","1.3481","28.4806"
"81.0000","1.3484","28.4978"
"81.0200","1.3487","28.4879"
"81.0400","1.3489","28.5216"
"81.0600","1.3492","28.5398"
"81.0800","1.3495","28.5295"
"81.1000","1.3499","28.5386"
"81.1200","1.3503","28.5429"
"81.1400","1.3507","28.5221"
"81.1600","1.3510","28.5482"
"81.1800","1.3513","28.5890"
"81.2000","1.3516","28.5745"
"81.2200","1.3519","28.5696"
"81.2400","1.3522","28.5954"
"81.2600","1.3526","28.6282"
"81.2800","1.3530","28.7187"
"81.3000","1.3535","28.7692"
"81.3200","1.3539","28.7604"
"81.3400","1.3542","28.6856"
"81.3600","1.3545","28.6400"
"81.3800","1.3547","28.6058"
"81.4000","1.3549","28.6576"
"81.4200","1.3552","28.6559"
"81.4400","1.3556","28.7043"
"81.4600","1.3559","28.7634"
"81.4800","1.3563","28.7473"
"81.5000","1.3567","28.7659"
"81.5200","1.3570","28.7017"
"81.5400","1.3573","28.7733"
"81.5600","1.3576","28.7500"
"81.5800","1.3580","28.8002"
"81.6000","1.3584","28.8334"
"81.6200","1.3588","28.7884"
"81.6400","1.3592","28.8101"
"81.6600","1.3595","28.8214"
"81.6800","1.3598","28.8465"
"81.7000","1.3601","28.8297"
"81.7200","1.3603","28.8613"
"81.7400","1.3606","28.8836"
"81.7600","1.3609","28.8898"
"81.7800","1.3612","28.9127"
"81.8000","1.3616","28.7646"
"81.8200","1.3620","28.7187"
"81.8400","1.3624","28.7836"
"81.8600","1.3627","28.8578"
"81.8800","1.3629","28.8881"
"81.9000","1.3632","28.9387"
"81.9200","1.3635","28.9713"
"81.9400","1.3639","28.9086"
"81.9600","1.3643","28.9094"
"81.9800","1.3648","28.9244"
"82.0000","1.3652","28.9274"
"82.0200","1.3656","28.9187"
"82.0400","1.3659","28.9499"
"82.0600","1.3661","28.9218"
"82.0800","1.3663","28.9220"
"82.1000","1.3666","28.9786"
"82.1200","1.3669","29.0180"
"82.1400","1.3673","28.9732"
"82.1600","1.3677","29.0026"
"82.1800","1.3680","29.0102"
"82.2000","1.3684","29.0244"
"82.2200","1.3687","29.0620"
"82.2400","1.3690","29.0400"
"82.2600","1.3693","29.0013"
"82.2800","1.3697","29.0563"
"82.3000","1.3701","29.1311"
"82.3200","1.3705","29.1138"
"82.3400","1.3709","29.0342"
"82.3600","1.3712","29.0058"
"82.3800","1.3714","29.1121"
"82.4000","1.3717","29.1067"
"82.4200","1.3720","29.1140"
"82.4400","1.3723","29.1468"
"82.4600","1.3726","29.0981"
"82.4800","1.3730","29.0815"
"82.5000","1.3734","29.1330"
"82.5200","1.3737","29.1646"
"82.5400","1.3740","29.1857"
"82.5600","1.3743","29.1406"
"82.5800","1.3746","29.1217"
"82.6000","1.3749","29.2084"
"82.6200","1.3752","29.2149"
"82.6400","1.3756","29.2289"
"82.6600","1.3761","29.2102"
"82.6800","1.3765","29.2096"
"82.7000","1.3769","29.1988"
"82.7200","1.3772","29.2064"
"82.7400","1.3774","29.2709"
"82.7600","1.3777","29.2757"
"82.7800","1.3779","29.3141"
"82.8000","1.3783","29.2434"
"82.8200","1.3786","29.2745"
"82.8400","1.3790","29.2576"
"82.8600","1.3794","29.2821"
"82.8800","1.3797","29.3042"
"82.9000","1.3800","29.3022"
"82.9200","1.3803","29.3013"
"82.9400","1.3807","29.3386"
"82.9600","1.3810","29.3934"
"82.9800","1.3814","29.4183"
"83.0000","1.3819","29.4003"
"83.0200","1.3823","29.3802"
"83.0400","1.3826","29.4882"
"83.0600","1.3828","29.5032"
"83.0800","1.3831","29.5192"
"83.1000","1.3833","29.4843"
"83.1200","1.3836","29.4769"
"83.1400","1.3839","29.3988"
"83.1600","1.3843","29.3851"
"83.1800","1.3847","29.4575"
"83.2000","1.3850","29.4645"
"83.2200","1.3854","29.4432"
"83.2400","1.3856","29.4528"
"83.2600","1.3859","29.3976"
"83.2800","1.3862","29.4725"
"83.3000","1.3865","29.5664"
"83.3200","1.3869","29.5693"
"83.3400","1.3873","29.5518"
"83.3600","1.3878","29.5429"
"83.3800","1.3882","29.5657"
"83.4000","1.3886","29.5583"
"83.4200","1.3888","29.5810"
"83.4400","1.3891","29.6492"
"83.4600","1.3893","29.6187"
"83.4800","1.3896","29.5298"
"83.5000","1.3899","29.6035"
"83.5200","1.3903","29.6114"
"83.5400","1.3907","29.6239"
"83.5600","1.3911","29.7041"
"83.5800","1.3914","29.7145"
"83.6000","1.3917","29.7033"
"83.6200","1.3920","29.6521"
"83.6400","1.3923","29.5985"
"83.6600","1.3927","29.6488"
"83.6800","1.3931","29.7471"
"83.7000","1.3935","29.5989"
"83.7200","1.3939","29.5582"
"83.7400","1.3942","29.6878"
"83.7600","1.3944","29.6720"
"83.7800","1.3947","29.6976"
"83.8000","1.3949","29.7508"
"83.8200","1.3953","29.7614"
"83.8400","1.3956","29.7935"
"83.8600","1.3960","29.8054"
"83.8800","1.3964","29.8213"
"83.9000","1.3967","29.8006"
"83.9200","1.3970","29.8604"
"83.9400","1.3973","29.8363"
"83.9600","1.3976","29.7954"
"83.9800","1.3978","29.8248"
"84.0000","1.3982","29.8279"
"84.0200","1.3986","29.8134"
"84.0400","1.3990","29.7954"
"84.0600","1.3995","29.7953"
"84.0800","1.3999","29.7504"
"84.1000","1.4002","29.7699"
"84.1200","1.4004","29.7943"
"84.1400","1.4006","29.7753"
"84.1600","1.4009","29.8113"
"84.1800","1.4012","29.9091"
"84.2000","1.4016","29.9222"
"84.2200","1.4020","29.9516"
"84.2400","1.4024","30.0411"
"84.2600","1.4027","29.9692"
"84.2800","1.4030","29.9375"
"84.3000","1.4033","30.0239"
"84.3200","1.4037","30.0094"
"84.3400","1.4040","29.9191"
"84.3600","1.4044","29.9027"
"84.3800","1.4048","29.9626"
"84.4000","1.4052","30.0771"
"84.4200","1.4055","29.9452"
"84.4400","1.4058","29.9423"
"84.4600","1.4060","30.0139"
"84.4800","1.4063","30.0624"
"84.5000","1.4066","30.1098"
"84.5200","1.4069","30.0487"
"84.5400","1.4073","29.9219"
"84.5600","1.4077","29.9425"
"84.5800","1.4080","30.0278"
"84.6000","1.4084","30.1128"
"84.6200","1.4087","30.1440"
"84.6400","1.4089","30.1499"
"84.6600","1.4092","30.1386"
"84.6800","1.4095","30.1227"
"84.7000","1.4099","30.1414"
"84.7200","1.4103","30.2262"
"84.7400","1.4108","30.2227"
"84.7600","1.4112","30.1903"
"84.7800","1.4115","30.1592"
"84.8000","1.4118","30.2012"
"84.8200","1.4120","30.1371"
"84.8400","1.4123","30.1427"
"84.8600","1.4126","30.1431"
"84.8800","1.4129","30.1498"
"84.9000","1.4133","30.1768"
"84.9200","1.4137","30.2401"
"84.9400","1.4140","30.1628"
"84.9600","1.4144","30.2444"
"84.9800","1.4147","30.3385"
"85.0000","1.4150","30.3620"
"85.0200","1.4153","30.3087"
"85.0400","1.4157","30.2762"
"85.0600","1.4161","30.3158"
"85.0800","1.4165","30.3616"
"85.1000","1.4169","30.3085"
"85.1200","1.4172","30.2313"
"85.1400","1.4174","30.2631"
"85.1600","1.4177","30.3815"
"85.1800","1.4179","30.5342"
"85.2000","1.4183","30.4624"
"85.2200","1.4186","30.3794"
"85.2400","1.4190","30.3737"
"85.2600","1.4194","30.3653"
"85.2800","1.4197","30.3846"
"85.3000","1.4200","30.4102"
"85.3200","1.4203","30.3494"
"85.3400","1.4206","30.2482"
"85.3600","1.4208","30.4294"
"85.3800","1.4212","30.4576"
"85.4000","1.4216","30.4449"
"85.4200","1.4221","30.5322"
"85.4400","1.4225","30.4828"
"85.4600","1.4229","30.4286"
"85.4800","1.4232","30.4302"
"85.5000","1.4234","30.5268"
"85.5200","1.4236","30.5593"
"85.5400","1.4239","30.4809"
"85.5600","1.4242","30.5379"
"85.5800","1.4246","30.6038"
"85.6000","1.4250","30.6406"
"85.6200","1.4254","30.5447"
"85.6400","1.4257","30.4743"
"85.6600","1.4260","30.4379"
"85.6800","1.4263","30.6243"
"85.7000","1.4267","30.7130"
"85.7200","1.4270","30.7062"
"85.7400","1.4274","30.6291"
"85.7600","1.4278","30.6143"
"85.7800","1.4282","30.6847"
"85.8000","1.4285","30.6275"
"85.8200","1.4288","30.6077"
"85.8400","1.4290","30.5824"
"85.8600","1.4293","30.6160"
"85.8800","1.4295","30.6482"
"85.9000","1.4299","30.5976"
"85.9200","1.4302","30.6402"
"85.9400","1.4307","30.6547"
"85.9600","1.4310","30.6851"
"85.9800","1.4314","30.7158"
"86.0000","1.4317","30.7487"
"86.0200","1.4319","30.7565"
"86.0400","1.4322","30.7605"
"86.0600","1.4325","30.6687"
"86.0800","1.4329","30.6602"
"86.1000","1.4334","30.7453"
"86.1200","1.4338","30.7738"
"86.1400","1.4343","30.7963"
"86.1600","1.4346","30.8192"
"86.1800","1.4348","30.8074"
"86.2000","1.4351","30.8019"
"86.2200","1.4353","30.8243"
"86.2400","1.4356","30.8252"
"86.2600","1.4359","30.8152"
"86.2800","1.4363","30.7749"
"86.3000","1.4367","30.7843"
"86.3200","1.4370","30.8372"
"86.3400","1.4374","30.8960"
"86.3600","1.4377","30.8653"
"86.3800","1.4380","30.8943"
"86.4000","1.4383","30.8536"
"86.4200","1.4387","30.8017"
"86.4400","1.4391","30.8614"
"86.4600","1.4396","30.9092"
"86.4800","1.4399","30.9238"
"86.5000","1.4402","30.9603"
"86.5200","1.4404","31.0627"
"86.5400","1.4406","31.0947"
"86.5600","1.4409","31.0179"
"86.5800","1.4412","31.0342"
"86.6000","1.4416","30.9865"
"86.6200","1.4420","30.9100"
"86.6400","1.4424","30.9631"
"86.6600","1.4427","30.9824"
"86.6800","1.4430","30.9851"
"86.7000","1.4433","31.0451"
"86.7200","1.4436","31.0800"
"86.7400","1.4439","31.0853"
"86.7600","1.4442","31.1290"
"86.7800","1.4447","31.1093"
"86.8000","1.4451","31.0448"
"86.8200","1.4456","30.9929"
"86.8400","1.4459","31.0731"
"86.8600","1.4462","31.2453"
"86.8800","1.4464","31.3119"
"86.9000","1.4466","31.1772"
"86.9200","1.4469","31.1063"
"86.9400","1.4472","31.0734"
"86.9600","1.4476","31.0567"
"86.9800","1.4480","31.0583"
"87.0000","1.4484","31.1583"
"87.0200","1.4487","31.2208"
"87.0400","1.4490","31.1916"
"87.0600","1.4493","31.1578"
"87.0800","1.4497","31.0871"
"87.1000","1.4500","31.1222"
"87.1200","1.4504","31.1558"
"87.1400","1.4509","31.2026"
"87.1600","1.4512","31.1771"
"87.1800","1.4515","31.1839"
"87.2000","1.4518","31.2258"
"87.2200","1.4520","31.3192"
"87.2400","1.4523","31.4113"
"87.2600","1.4526","31.4458"
"87.2800","1.4529","31.4033"
"87.3000","1.4533","31.3286"
"87.3200","1.4537","31.3039"
"87.3400","1.4541","31.2768"
"87.3600","1.4544","31.3328"
"87.3800","1.4547","31.3786"
"87.4000","1.4549","31.3469"
"87.4200","1.4552","31.3588"
"87.4400","1.4556","31.3035"
"87.4600","1.4560","31.2892"
"87.4800","1.4564","31.3152"
"87.5000","1.4569","31.3416"
"87.5200","1.4573","31.3178"
"87.5400","1.4576","31.3823"
"87.5600","1.4578","31.4573"
"87.5800","1.4580","31.4344"
"87.6000","1.4583","31.3126"
"87.6200","1.4586","31.3021"
"87.6400","1.4589","31.3265"
"87.6600","1.4593","31.4353"
"87.6800","1.4596","31.5120"
"87.7000","1.4600","31.5521"
"87.7200","1.4603","31.5662"
"87.7400","1.4606","31.5176"
"87.7600","1.4610","31.5009"
"87.7800","1.4613","31.5381"
"87.8000","1.4617","31.5707"
"87.8200","1.4622","31.5649"
"87.8400","1.4626","31.5537"
"87.8600","1.4629","31.5205"
"87.8800","1.4632","31.5600"
"87.9000","1.4634","31.5809"
"87.9200","1.4637","31.5846"
"87.9400","1.4639","31.6601"
"87.9600","1.4642","31.6840"
"87.9800","1.4646","31.7369"
"88.0000","1.4650","31.6594"
"88.0200","1.4654","31.6000"
"88.0400","1.4657","31.5990"
"88.0600","1.4660","31.6645"
"88.0800","1.4663","31.6415"
"88.1000","1.4666","31.6009"
"88.1200","1.4669","31.5715"
"88.1400","1.4672","31.5845"
"88.1600","1.4676","31.6238"
"88.1800","1.4681","31.6258"
"88.2000","1.4686","31.6795"
"88.2200","1.4689","31.7275"
"88.2400","1.4692","31.6772"
"88.2600","1.4694","31.7430"
"88.2800","1.4697","31.7544"
"88.3000","1.4699","31.8042"
"88.3200","1.4702","31.8310"
"88.3400","1.4706","31.8011"
"88.3600","1.4709","31.7743"
"88.3800","1.4713","31.8025"
"88.4000","1.4717","31.7948"
"88.4200","1.4720","31.7966"
"88.4400","1.4723","31.7630"
"88.4600","1.4726","31.8156"
"88.4800","1.4730","31.8247"
"88.5000","1.4734","31.8349"
"88.5200","1.4738","31.8210"
"88.5400","1.4742","31.8553"
"88.5600","1.4745","31.8843"
"88.5800","1.4748","31.8378"
"88.6000","1.4750","31.8542"
"88.6200","1.4753","31.8719"
"88.6400","1.4755","31.9365"
"88.6600","1.4759","31.9266"
"88.6800","1.4763","31.9453"
"88.7000","1.4767","31.9440"
"88.7200","1.4770","31.8682"
"88.7400","1.4774","31.8549"
"88.7600","1.4776","31.9371"
"88.7800","1.4779","31.9189"
"88.8000","1.4782","31.8911"
"88.8200","1.4785","31.9799"
"88.8400","1.4789","32.0086"
"88.8600","1.4794","31.9499"
"88.8800","1.4799","31.9781"
"88.9000","1.4803","32.0134"
"88.9200","1.4806","31.9500"
"88.9400","1.4808","32.0393"
"88.9600","1.4810","32.0954"
"88.9800","1.4813","32.0645"
"89.0000","1.4815","32.0155"
"89.0200","1.4819","32.0239"
"89.0400","1.4823","32.0105"
"89.0600","1.4826","32.0045"
"89.0800","1.4830","32.0472"
"89.1000","1.4833","32.1258"
"89.1200","1.4836","32.1908"
"89.1400","1.4840","32.1354"
"89.1600","1.4843","32.0778"
"89.1800","1.4847","32.1506"
"89.2000","1.4851","32.1362"
"89.2200","1.4855","32.1634"
"89.2400","1.4859","32.2899"
"89.2600","1.4861","32.3029"
"89.2800","1.4864","32.2069"
"89.3000","1.4866","32.2669"
"89.3200","1.4869","32.3033"
"89.3400","1.4872","32.2176"
"89.3600","1.4876","32.2609"
"89.3800","1.4880","32.3255"
"89.4000","1.4884","32.2989"
"89.4200","1.4887","32.2253"
"89.4400","1.4890","32.2211"
"89.4600","1.4893","32.3074"
"89.4800","1.4896","32.2968"
"89.5000","1.4899","32.3143"
"89.5200","1.4902","32.3138"
"89.5400","1.4906","32.3015"
"89.5600","1.4911","32.3117"
"89.5800","1.4916","32.2702"
"89.6000","1.4920","32.2472"
"89.6200","1.4922","32.2831"
"89.6400","1.4924","32.3421"
"89.6600","1.4927","32.4183"
"89.6800","1.4929","32.3818"
"89.7000","1.4932","32.3357"
"89.7200","1.4936","32.3260"
"89.7400","1.4940","32.2524"
"89.7600","1.4944","32.3597"
"89.7800","1.4947","32.4761"
"89.8000","1.4950","32.4816"
"89.8200","1.4953","32.4065"
"89.8400","1.4957","32.3833"
"89.8600","1.4961","32.4807"
"89.8800","1.4965","32.4809"
"89.9000","1.4969","32.4935"
"89.9200","1.4972","32.5490"
"89.9400","1.4975","32.4617"
"89.9600","1.4978","32.4688"
"89.9800","1.4980","32.4495"
"90.0000","1.4983","32.5117"
"90.0200","1.4986","32.5782"
"90.0400","1.4989","32.5599"
"90.0600","1.4993","32.5009"
"90.0800","1.4997","32.5574"
"90.1000","1.5001","32.5842"
"90.1200","1.5004","32.6426"
"90.1400","1.5007","32.5944"
"90.1600","1.5009","32.5937"
"90.1800","1.5012","32.6713"
"90.2000","1.5015","32.6778"
"90.2200","1.5020","32.6916"
"90.2400","1.5024","32.6460"
"90.2600","1.5029","32.6446"
"90.2800","1.5033","32.6753"
"90.3000","1.5036","32.6928"
"90.3200","1.5038","32.7031"
"90.3400","1.5041","32.6952"
"90.3600","1.5043","32.6237"
"90.3800","1.5046","32.6439"
"90.4000","1.5049","32.6686"
"90.4200","1.5053","32.6960"
"90.4400","1.5057","32.6990"
"90.4600","1.5060","32.7338"
"90.4800","1.5064","32.7665"
"90.5000","1.5067","32.7826"
"90.5200","1.5070","32.7597"
"90.5400","1.5074","32.7372"
"90.5600","1.5077","32.7305"
"90.5800","1.5082","32.7492"
"90.6000","1.5085","32.8832"
"90.6200","1.5089","32.9096"
"90.6400","1.5091","32.9603"
"90.6600","1.5094","32.9413"
"90.6800","1.5096","32.8752"
"90.7000","1.5099","32.8569"
"90.7200","1.5102","32.8202"
"90.7400","1.5106","32.8510"
"90.7600","1.5110","32.8538"
"90.7800","1.5114","32.8155"
"90.8000","1.5117","32.8337"
"90.8200","1.5120","32.8731"
"90.8400","1.5123","32.8804"
"90.8600","1.5126","32.9407"
"90.8800","1.5129","32.9054"
"90.9000","1.5132","32.9073"
"90.9200","1.5137","33.0265"
"90.9400","1.5141","33.0667"
"90.9600","1.5146","33.0394"
"90.9800","1.5149","33.0555"
"91.0000","1.5152","33.0829"
"91.0200","1.5154","32.9404"
"91.0400","1.5157","32.9519"
"91.0600","1.5159","32.9273"
"91.0800","1.5162","32.9484"
"91.1000","1.5166","32.9836"
"91.1200","1.5170","33.0714"
"91.1400","1.5174","33.1768"
"91.1600","1.5177","33.1513"
"91.1800","1.5180","33.0746"
"91.2000","1.5183","33.1567"
"91.2200","1.5186","33.1552"
"91.2400","1.5190","33.1082"
"91.2600","1.5194","33.1162"
"91.2800","1.5198","33.1516"
"91.3000","1.5202","33.1424"
"91.3200","1.5205","33.1444"
"91.3400","1.5207","33.1469"
"91.3600","1.5210","33.0953"
"91.3800","1.5212","33.1839"
"91.4000","1.5215","33.2334"
"91.4200","1.5219","33.2021"
"91.4400","1.5223","33.1609"
"91.4600","1.5227","33.1528"
"91.4800","1.5230","33.1667"
"91.5000","1.5234","33.1562"
"91.5200","1.5237","33.1723"
"91.5400","1.5239","33.1696"
"91.5600","1.5242","33.1243"
"91.5800","1.5246","33.1434"
"91.6000","1.5250","33.2202"
"91.6200","1.5254","33.2773"
"91.6400","1.5259","33.3406"
"91.6600","1.5263","33.3059"
"91.6800","1.5265","33.2667"
"91.7000","1.5268","33.3782"
"91.7200","1.5270","33.4077"
"91.7400","1.5273","33.3716"
"91.7600","1.5276","33.3877"
"91.7800","1.5279","33.3718"
"91.8000","1.5283","33.4400"
"91.8200","1.5287","33.4614"
"91.8400","1.5290","33.4068"
"91.8600","1.5294","33.3537"
"91.8800","1.5297","33.3632"
"91.9000","1.5300","33.4478"
"91.9200","1.5303","33.4288"
"91.9400","1.5307","33.4345"
"91.9600","1.5311","33.4302"
"91.9800","1.5315","33.4210"
"92.0000","1.5318","33.4553"
"92.0200","1.5321","33.5199"
"92.0400","1.5323","33.4898"
"92.0600","1.5326","33.3901"
"92.0800","1.5329","33.4498"
"92.1000","1.5332","33.5613"
"92.1200","1.5336","33.5720"
"92.1400","1.5340","33.5513"
"92.1600","1.5344","33.5276"
"92.1800","1.5347","33.5172"
"92.2000","1.5350","33.5385"
"92.2200","1.5353","33.5254"
"92.2400","1.5356","33.5966"
"92.2600","1.5359","33.5756"
"92.2800","1.5362","33.5981"
"92.3000","1.5367","33.5788"
"92.3200","1.5371","33.6170"
"92.3400","1.5376","33.6623"
"92.3600","1.5379","33.6713"
"92.3800","1.5382","33.5558"
"92.4000","1.5384","33.5465"
"92.4200","1.5386","33.6804"
"92.4400","1.5389","33.6964"
"92.4600","1.5392","33.7307"
"92.4800","1.5396","33.6907"
"92.5000","1.5400","33.6795"
"92.5200","1.5404","33.6948"
"92.5400","1.5407","33.6767"
"92.5600","1.5410","33.7144"
"92.5800","1.5413","33.7913"
"92.6000","1.5417","33.8079"
"92.6200","1.5421","33.7664"
"92.6400","1.5424","33.7674"
"92.6600","1.5428","33.7318"
"92.6800","1.5432","33.7108"
"92.7000","1.5435","33.6649"
"92.7200","1.5437","33.6914"
"92.7400","1.5440","33.8073"
"92.7600","1.5442","33.8150"
"92.7800","1.5445","33.8074"
"92.8000","1.5449","33.8473"
"92.8200","1.5453","33.8863"
"92.8400","1.5457","33.9023"
"92.8600","1.5460","33.8742"
"92.8800","1.5463","33.8989"
"92.9000","1.5466","33.8341"
"92.9200","1.5469","33.8400"
"92.9400","1.5472","33.8661"
"92.9600","1.5476","33.9444"
"92.9800","1.5480","33.9414"
"93.0000","1.5485","33.9755"
"93.0200","1.5489","33.8965"
"93.0400","1.5493","33.8386"
"93.0600","1.5495","33.8867"
"93.0800","1.5497","33.9755"
"93.1000","1.5500","34.0840"
"93.1200","1.5503","34.0392"
"93.1400","1.5506","34.0402"
"93.1600","1.5509","33.9639"
"93.1800","1.5513","33.9284"
"93.2000","1.5517","33.9505"
"93.2200","1.5521","33.9546"
"93.2400","1.5524","33.9911"
"93.2600","1.5527","34.0313"
"93.2800","1.5530","34.0711"
"93.3000","1.5534","34.0345"
"93.3200","1.5538","34.0440"
"93.3400","1.5542","34.1222"
"93.3600","1.5545","34.1518"
"93.3800","1.5548","34.1164"
"93.4000","1.5551","34.1268"
"93.4200","1.5554","34.1060"
"93.4400","1.5556","34.0452"
"93.4600","1.5559","34.0859"
"93.4800","1.5562","34.1719"
"93.5000","1.5566","34.2347"
"93.5200","1.5570","34.2724"
"93.5400","1.5574","34.2432"
"93.5600","1.5577","34.2513"
"93.5800","1.5580","34.1467"
"93.6000","1.5583","34.1392"
"93.6200","1.5586","34.1977"
"93.6400","1.5589","34.1323"
"93.6600","1.5593","34.1819"
"93.6800","1.5598","34.1419"
"93.7000","1.5602","34.2607"
"93.7200","1.5606","34.2521"
"93.7400","1.5609","34.2481"
"93.7600","1.5611","34.2144"
"93.7800","1.5613","34.2104"
"93.8000","1.5616","34.2137"
"93.8200","1.5619","34.2242"
"93.8400","1.5622","34.2869"
"93.8600","1.5626","34.4075"
"93.8800","1.5630","34.3647"
"93.9000","1.5634","34.3666"
"93.9200","1.5638","34.4070"
"93.9400","1.5641","34.3871"
"93.9600","1.5644","34.3684"
"93.9800","1.5647","34.3467"
"94.0000","1.5651","34.3486"
"94.0200","1.5655","34.4311"
"94.0400","1.5658","34.4702"
"94.0600","1.5662","34.4703"
"94.0800","1.5664","34.4013"
"94.1000","1.5667","34.4238"
"94.1200","1.5669","34.4493"
"94.1400","1.5672","34.4590"
"94.1600","1.5675","34.5234"
"94.1800","1.5679","34.5110"
"94.2000","1.5683","34.4969"
"94.2200","1.5687","34.5244"
"94.2400","1.5690","34.4823"
"94.2600","1.5693","34.4734"
"94.2800","1.5696","34.4908"
"94.3000","1.5699","34.5038"
"94.3200","1.5702","34.4973"
"94.3400","1.5706","34.4747"
"94.3600","1.5710","34.4929"
"94.3800","1.5715","34.5739"
"94.4000","1.5719","34.6411"
"94.4200","1.5723","34.6107"
"94.4400","1.5725","34.5545"
"94.4600","1.5727","34.5190"
"94.4800","1.5730","34.5517"
"94.5000","1.5732","34.5521"
"94.5200","1.5736","34.6102"
"94.5400","1.5739","34.6412"
"94.5600","1.5743","34.5932"
"94.5800","1.5747","34.6521"
"94.6000","1.5751","34.7049"
"94.6200","1.5754","34.6881"
"94.6400","1.5757","34.6885"
"94.6600","1.5760","34.6749"
"94.6800","1.5764","34.6038"
"94.7000","1.5768","34.6827"
"94.7200","1.5772","34.7346"
"94.7400","1.5775","34.7325"
"94.7600","1.5778","34.7775"
"94.7800","1.5781","34.7565"
"94.8000","1.5783","34.7503"
"94.8200","1.5786","34.7706"
"94.8400","1.5789","34.8790"
"94.8600","1.5792","34.8147"
"94.8800","1.5796","34.7928"
"94.9000","1.5800","34.7858"
"94.9200","1.5803","34.8302"
"94.9400","1.5807","34.8525"
"94.9600","1.5809","34.8464"
"94.9800","1.5812","34.8539"
"95.0000","1.5815","34.9242"
"95.0200","1.5818","34.8847"
"95.0400","1.5822","34.8534"
"95.0600","1.5827","34.7989"
"95.0800","1.5832","34.8705"
"95.1000","1.5836","34.8787"
"95.1200","1.5839","34.8177"
"95.1400","1.5842","34.8717"
"95.1600","1.5844","34.8840"
"95.1800","1.5846","34.9418"
"95.2000","1.5849","34.9655"
"95.2200","1.5853","34.9112"
"95.2400","1.5856","34.9113"
"95.2600","1.5860","34.9107"
"95.2800","1.5864","34.9412"
"95.3000","1.5867","35.0073"
"95.3200","1.5870","35.0462"
"95.3400","1.5873","35.0431"
"95.3600","1.5877","35.0371"
"95.3800","1.5881","35.0511"
"95.4000","1.5884","35.0663"
"95.4200","1.5888","35.0556"
"95.4400","1.5892","34.9761"
"95.4600","1.5895","34.9961"
"95.4800","1.5897","35.0404"
"95.5000","1.5900","35.0166"
"95.5200","1.5902","34.9638"
"95.5400","1.5906","35.0505"
"95.5600","1.5909","35.0864"
"95.5800","1.5913","35.0488"
"95.6000","1.5917","35.0087"
"95.6200","1.5920","35.0491"
"95.6400","1.5923","35.1472"
"95.6600","1.5926","35.1105"
"95.6800","1.5929","35.1157"
"95.7000","1.5932","35.1043"
"95.7200","1.5936","35.1359"
"95.7400","1.5940","35.1570"
"95.7600","1.5945","35.1670"
"95.7800","1.5949","35.2509"
"95.8000","1.5952","35.2360"
"95.8200","1.5955","35.1945"
"95.8400","1.5957","35.2200"
"95.8600","1.5960","35.2180"
"95.8800","1.5962","35.2517"
"95.9000","1.5966","35.3189"
"95.9200","1.5969","35.3528"
"95.9400","1.5973","35.3534"
"95.9600","1.5977","35.3137"
"95.9800","1.5980","35.3276"
"96.0000","1.5983","35.4114"
"96.0200","1.5986","35.3739"
"96.0400","1.5990","35.2896"
"96.0600","1.5993","35.2622"
"96.0800","1.5997","35.2273"
"96.1000","1.6002","35.2607"
"96.1200","1.6005","35.4145"
"96.1400","1.6008","35.3726"
"96.1600","1.6011","35.3556"
"96.1800","1.6013","35.3501"
"96.2000","1.6016","35.3285"
"96.2200","1.6019","35.3450"
"96.2400","1.6022","35.4255"
"96.2600","1.6026","35.4388"
"96.2800","1.6030","35.4087"
"96.3000","1.6033","35.4372"
"96.3200","1.6037","35.4830"
"96.3400","1.6039","35.4209"
"96.3600","1.6042","35.3478"
"96.3800","1.6045","35.3419"
"96.4000","1.6049","35.3477"
"96.4200","1.6053","35.4108"
"96.4400","1.6057","35.5353"
"96.4600","1.6062","35.6425"
"96.4800","1.6066","35.6196"
"96.5000","1.6069","35.5530"
"96.5200","1.6071","35.5218"
"96.5400","1.6073","35.5750"
"96.5600","1.6076","35.5342"
"96.5800","1.6079","35.5232"
"96.6000","1.6083","35.6341"
"96.6200","1.6086","35.6468"
"96.6400","1.6090","35.5932"
"96.6600","1.6094","35.5349"
"96.6800","1.6097","35.5561"
"96.7000","1.6100","35.6158"
"96.7200","1.6103","35.6672"
"96.7400","1.6107","35.6969"
"96.7600","1.6111","35.6058"
"96.7800","1.6115","35.6522"
"96.8000","1.6119","35.6469"
"96.8200","1.6122","35.6945"
"96.8400","1.6125","35.6712"
"96.8600","1.6127","35.6117"
"96.8800","1.6130","35.7081"
"96.9000","1.6133","35.7929"
"96.9200","1.6136","35.6934"
"96.9400","1.6140","35.6959"
"96.9600","1.6143","35.7067"
"96.9800","1.6147","35.7895"
"97.0000","1.6150","35.7974"
"97.0200","1.6153","35.7776"
"97.0400","1.6156","35.8131"
"97.0600","1.6159","35.8032"
"97.0800","1.6162","35.8032"
"97.1000","1.6166","35.7670"
"97.1200","1.6170","35.8043"
"97.1400","1.6175","35.8377"
"97.1600","1.6179","35.8575"
"97.1800","1.6182","35.9359"
"97.2000","1.6185","35.9452"
"97.2200","1.6187","35.8915"
"97.2400","1.6190","35.8152"
"97.2600","1.6193","35.8733"
"97.2800","1.6196","35.8964"
"97.3000","1.6200","35.9288"
"97.3200","1.6204","35.8728"
"97.3400","1.6207","35.9181"
"97.3600","1.6210","35.9457"
"97.3800","1.6213","35.9024"
"97.4000","1.6216","35.9230"
"97.4200","1.6220","35.9647"
"97.4400","1.6224","36.0471"
"97.4600","1.6228","35.9908"
"97.4800","1.6232","36.0148"
"97.5000","1.6236","36.0761"
"97.5200","1.6239","36.1101"
"97.5400","1.6241","36.0875"
"97.5600","1.6243","36.0216"
"97.5800","1.6246","36.0044"
"97.6000","1.6249","36.0079"
"97.6200","1.6253","35.9374"
"97.6400","1.6257","36.0007"
"97.6600","1.6260","36.0574"
"97.6800","1.6264","36.0916"
"97.7000","1.6267","36.0868"
"97.7200","1.6269","36.0999"
"97.7400","1.6272","36.0736"
"97.7600","1.6275","36.0498"
"97.7800","1.6279","36.1006"
"97.8000","1.6283","36.0970"
"97.8200","1.6288","36.0589"
"97.8400","1.6292","36.0614"
"97.8600","1.6296","36.1459"
"97.8800","1.6298","36.1966"
"97.9000","1.6301","36.2143"
"97.9200","1.6303","36.1711"
"97.9400","1.6306","36.1524"
"97.9600","1.6309","36.2116"
"97.9800","1.6313","36.2331"
"98.0000","1.6317","36.2599"
"98.0200","1.6321","36.2073"
"98.0400","1.6324","36.2574"
"98.0600","1.6327","36.2385"
"98.0800","1.6330","36.2624"
"98.1000","1.6333","36.2550"
"98.1200","1.6337","36.2884"
"98.1400","1.6341","36.2798"
"98.1600","1.6345","36.3115"
"98.1800","1.6349","36.3602"
"98.2000","1.6352","36.3784"
"98.2200","1.6355","36.3434"
"98.2400","1.6357","36.3272"
"98.2600","1.6360","36.3248"
"98.2800","1.6363","36.3682"
"98.3000","1.6366","36.3780"
"98.3200","1.6370","36.3317"
"98.3400","1.6374","36.3433"
"98.3600","1.6377","36.3722"
"98.3800","1.6380","36.3674"
"98.4000","1.6383","36.3588"
"98.4200","1.6386","36.4034"
"98.4400","1.6388","36.4422"
"98.4600","1.6392","36.5148"
"98.4800","1.6396","36.5100"
"98.5000","1.6400","36.4760"
"98.5200","1.6405","36.5352"
"98.5400","1.6409","36.5418"
"98.5600","1.6412","36.6052"
"98.5800","1.6414","36.6574"
"98.6000","1.6416","36.6562"
"98.6200","1.6419","36.5533"
"98.6400","1.6422","36.5390"
"98.6600","1.6426","36.4913"
"98.6800","1.6430","36.5080"
"98.7000","1.6434","36.5258"
"98.7200","1.6437","36.5713"
"98.7400","1.6440","36.5546"
"98.7600","1.6443","36.5195"
"98.7800","1.6447","36.4845"
"98.8000","1.6450","36.4598"
"98.8200","1.6454","36.4887"
"98.8400","1.6458","36.5760"
"98.8600","1.6462","36.6321"
"98.8800","1.6465","36.6241"
"98.9000","1.6468","36.6515"
"98.9200","1.6471","36.6522"
"98.9400","1.6473","36.6818"
"98.9600","1.6476","36.7401"
"98.9800","1.6479","36.7121"
"99.0000","1.6483","36.7386"
"99.0200","1.6487","36.7358"
"99.0400","1.6490","36.7479"
"99.0600","1.6494","36.7482"
"99.0800","1.6497","36.7016"
"99.1000","1.6499","36.6989"
"99.1200","1.6502","36.7917"
"99.1400","1.6505","36.7539"
"99.1600","1.6509","36.8290"
"99.1800","1.6513","36.7726"
"99.2000","1.6518","36.7331"
"99.2200","1.6522","36.8148"
"99.2400","1.6525","36.8909"
"99.2600","1.6528","36.9246"
"99.2800","1.6530","36.8898"
"99.3000","1.6533","36.9362"
"99.3200","1.6535","36.9488"
"99.3400","1.6539","36.9143"
"99.3600","1.6543","36.8531"
"99.3800","1.6546","36.9327"
"99.4000","1.6550","36.9140"
"99.4200","1.6554","36.9658"
"99.4400","1.6557","36.8898"
"99.4600","1.6560","36.8940"
"99.4800","1.6563","37.0183"
"99.5000","1.6567","36.9952"
"99.5200","1.6571","36.9012"
"99.5400","1.6575","36.9614"
"99.5600","1.6579","37.0216"
"99.5800","1.6582","37.0960"
"99.6000","1.6584","37.0591"
"99.6200","1.6587","37.0514"
"99.6400","1.6589","37.0223"
"99.6600","1.6592","36.9509"
"99.6800","1.6596","36.8534"
"99.7000","1.6600","36.9048"
"99.7200","1.6604","36.9819"
"99.7400","1.6607","37.0423"
"99.7600","1.6610","37.0549"
"99.7800","1.6613","37.0200"
"99.8000","1.6616","37.0313"
"99.8200","1.6618","37.0205"
"99.8400","1.6622","37.0851"
"99.8600","1.6626","37.0655"
"99.8800","1.6630","37.0711"
"99.9000","1.6635","37.0868"
"99.9200","1.6639","37.0987"
"99.9400","1.6642","37.2287"
"99.9600","1.6644","37.2412"
"99.9800","1.6647","37.2169"
"100.0000","1.6649","37.1843"
"100.0200","1.6652","37.1504"
"100.0400","1.6656","37.0427"
"100.0600","1.6660","37.0072"
"100.0800","1.6664","37.1081"
"100.1000","1.6667","37.1623"
"100.1200","1.6670","37.1223"
"100.1400","1.6673","37.1924"
"100.1600","1.6676","37.1485"
"100.1800","1.6680","37.1571"
"100.2000","1.6684","37.3224"
"100.2200","1.6688","37.4232"
"100.2400","1.6692","37.3413"
"100.2600","1.6695","37.3427"
"100.2800","1.6698","37.3738"
"100.3000","1.6701","37.3619"
"100.3200","1.6703","37.2987"
"100.3400","1.6706","37.2450"
"100.3600","1.6709","37.2727"
"100.3800","1.6713","37.3216"
"100.4000","1.6717","37.2888"
"100.4200","1.6721","37.3939"
"100.4400","1.6724","37.4688"
"100.4600","1.6727","37.4506"
"100.4800","1.6730","37.3840"
"100.5000","1.6732","37.3686"
"100.5200","1.6735","37.3304"
"100.5400","1.6739","37.3721"
"100.5600","1.6743","37.5141"
"100.5800","1.6748","37.4801"
"100.6000","1.6752","37.3963"
"100.6200","1.6756","37.3654"
"100.6400","1.6758","37.4534"
"100.6600","1.6761","37.5229"
"100.6800","1.6763","37.4068"
"100.7000","1.6766","37.4648"
"100.7200","1.6769","37.4693"
"100.7400","1.6773","37.4445"
"100.7600","1.6777","37.4476"
"100.7800","1.6780","37.4439"
"100.8000","1.6784","37.5249"
"100.8200","1.6787","37.6691"
"100.8400","1.6790","37.6741"
"100.8600","1.6793","37.6182"
"100.8800","1.6797","37.5302"
"100.9000","1.6801","37.4918"
"100.9200","1.6805","37.4792"
"100.9400","1.6809","37.5099"
"100.9600","1.6812","37.6115"
"100.9800","1.6814","37.5771"
"101.0000","1.6817","37.5959"
"101.0200","1.6819","37.6367"
"101.0400","1.6822","37.6532"
"101.0600","1.6826","37.6202"
"101.0800","1.6830","37.6793"
"101.1000","1.6834","37.7329"
"101.1200","1.6838","37.7385"
"101.1400","1.6841","37.7236"
"101.1600","1.6843","37.6575"
"101.1800","1.6846","37.6618"
"101.2000","1.6849","37.6428"
"101.2200","1.6852","37.6291"
"101.2400","1.6856","37.6304"
"101.2600","1.6861","37.6639"
"101.2800","1.6866","37.7634"
"101.3000","1.6869","37.7857"
"101.3200","1.6872","37.7932"
"101.3400","1.6874","37.7369"
"101.3600","1.6877","37.7347"
"101.3800","1.6879","37.7992"
"101.4000","1.6882","37.8708"
"101.4200","1.6886","37.8841"
"101.4400","1.6890","37.8494"
"101.4600","1.6894","37.8763"
"101.4800","1.6897","37.8441"
"101.5000","1.6900","37.8165"
"101.5200","1.6903","37.8662"
"101.5400","1.6907","37.9189"
"101.5600","1.6910","37.8989"
"101.5800","1.6914","37.8819"
"101.6000","1.6918","37.9346"
"101.6200","1.6922","37.9005"
"101.6400","1.6926","37.8928"
"101.6600","1.6928","37.9558"
"101.6800","1.6931","37.9253"
"101.7000","1.6933","37.8926"
"101.7200","1.6936","37.8679"
"101.7400","1.6939","37.8684"
"101.7600","1.6943","37.9458"
"101.7800","1.6947","37.9681"
"101.8000","1.6950","37.9806"
"101.8200","1.6954","38.0205"
"101.8400","1.6957","38.0128"
"101.8600","1.6959","37.9680"
"101.8800","1.6962","37.9294"
"101.9000","1.6965","37.9154"
"101.9200","1.6969","37.9901"
"101.9400","1.6974","38.0572"
"101.9600","1.6978","38.0502"
"101.9800","1.6983","38.1096"
"102.0000","1.6986","38.1761"
"102.0200","1.6988","38.0674"
"102.0400","1.6990","38.0117"
"102.0600","1.6993","37.9907"
"102.0800","1.6996","38.0598"
"102.1000","1.6999","38.0612"
"102.1200","1.7002","38.0601"
"102.1400","1.7006","38.1499"
"102.1600","1.7010","38.2362"
"102.1800","1.7013","38.1767"
"102.2000","1.7016","38.2145"
"102.2200","1.7019","38.2517"
"102.2400","1.7023","38.2196"
"102.2600","1.7027","38.1357"
"102.2800","1.7031","38.1889"
"102.3000","1.7035","38.2528"
"102.3200","1.7039","38.2871"
"102.3400","1.7042","38.2719"
"102.3600","1.7044","38.2857"
"102.3800","1.7047","38.2514"
"102.4000","1.7049","38.1777"
"102.4200","1.7052","38.1632"
"102.4400","1.7056","38.2124"
"102.4600","1.7060","38.3011"
"102.4800","1.7064","38.3622"
"102.5000","1.7067","38.3917"
"102.5200","1.7070","38.3947"
"102.5400","1.7073","38.4016"
"102.5600","1.7076","38.4040"
"102.5800","1.7079","38.2976"
"102.6000","1.7082","38.2500"
"102.6200","1.7086","38.3462"
"102.6400","1.7091","38.3558"
"102.6600","1.7096","38.3408"
"102.6800","1.7099","38.3985"
"102.7000","1.7102","38.3724"
"102.7200","1.7105","38.3459"
"102.7400","1.7107","38.3384"
"102.7600","1.7109","38.3602"
"102.7800","1.7112","38.3861"
"102.8000","1.7116","38.3808"
"102.8200","1.7119","38.4217"
"102.8400","1.7123","38.5175"
"102.8600","1.7127","38.5100"
"102.8800","1.7130","38.5164"
"102.9000","1.7133","38.5571"
"102.9200","1.7136","38.5421"
"102.9400","1.7140","38.5531"
"102.9600","1.7144","38.4293"
"102.9800","1.7148","38.4334"
"103.0000","1.7152","38.4538"
"103.0200","1.7155","38.5289"
"103.0400","1.7158","38.5712"
"103.0600","1.7160","38.5892"
"103.0800","1.7163","38.4841"
"103.1000","1.7166","38.4910"
"103.1200","1.7169","38.5345"
"103.1400","1.7173","38.5962"
"103.1600","1.7177","38.5887"
"103.1800","1.7180","38.5748"
"103.2000","1.7184","38.5990"
"103.2200","1.7187","38.6048"
"103.2400","1.7189","38.5922"
"103.2600","1.7192","38.6126"
"103.2800","1.7195","38.6496"
"103.3000","1.7199","38.6520"
"103.3200","1.7204","38.7032"
"103.3400","1.7208","38.7454"
"103.3600","1.7213","38.7418"
"103.3800","1.7216","38.7405"
"103.4000","1.7218","38.7523"
"103.4200","1.7221","38.7049"
"103.4400","1.7223","38.6969"
"103.4600","1.7226","38.6454"
"103.4800","1.7229","38.7465"
"103.5000","1.7233","38.7792"
"103.5200","1.7237","38.7849"
"103.5400","1.7240","38.7992"
"103.5600","1.7244","38.8239"
"103.5800","1.7247","38.8304"
"103.6000","1.7250","38.8794"
"103.6200","1.7253","38.8128"
"103.6400","1.7257","38.8124"
"103.6600","1.7261","38.8109"
"103.6800","1.7266","38.8407"
"103.7000","1.7269","38.8354"
"103.7200","1.7272","38.8961"
"103.7400","1.7274","38.9191"
"103.7600","1.7276","38.9275"
"103.7800","1.7279","38.8684"
"103.8000","1.7282","38.9262"
"103.8200","1.7286","38.8725"
"103.8400","1.7290","38.8790"
"103.8600","1.7294","38.9115"
"103.8800","1.7297","38.8888"
"103.9000","1.7301","38.9679"
"103.9200","1.7303","39.1088"
"103.9400","1.7306","39.0842"
"103.9600","1.7309","39.0330"
"103.9800","1.7312","39.0130"
"104.0000","1.7316","38.9678"
"104.0200","1.7321","38.9983"
"104.0400","1.7326","39.0413"
"104.0600","1.7330","39.0429"
"104.0800","1.7332","39.0396"
"104.1000","1.7335","39.0084"
"104.1200","1.7337","39.0182"
"104.1400","1.7339","39.0317"
"104.1600","1.7342","39.0153"
"104.1800","1.7346","39.0597"
"104.2000","1.7350","39.0619"
"104.2200","1.7353","39.0595"
"104.2400","1.7357","39.0819"
"104.2600","1.7360","39.1319"
"104.2800","1.7363","39.1336"
"104.3000","1.7367","39.0857"
"104.3200","1.7370","39.1453"
"104.3400","1.7374","39.2226"
"104.3600","1.7378","39.2127"
"104.3800","1.7382","39.2378"
"104.4000","1.7385","39.2709"
"104.4200","1.7388","39.2433"
"104.4400","1.7390","39.2688"
"104.4600","1.7393","39.1938"
"104.4800","1.7395","39.1902"
"104.5000","1.7399","39.1809"
"104.5200","1.7403","39.1584"
"104.5400","1.7407","39.2053"
"104.5600","1.7410","39.1737"
"104.5800","1.7414","39.1887"
"104.6000","1.7417","39.1213"
"104.6200","1.7419","39.1754"
"104.6400","1.7422","39.1610"
"104.6600","1.7425","39.2159"
"104.6800","1.7429","39.2583"
"104.7000","1.7434","39.2683"
"104.7200","1.7439","39.3361"
"104.7400","1.7443","39.3076"
"104.7600","1.7446","39.3341"
"104.7800","1.7449","39.3910"
"104.8000","1.7451","39.4837"
"104.8200","1.7453","39.4835"
"104.8400","1.7456","39.3998"
"104.8600","1.7459","39.3856"
"104.8800","1.7463","39.4519"
"104.9000","1.7466","39.4860"
"104.9200","1.7470","39.4736"
"104.9400","1.7473","39.4286"
"104.9600","1.7476","39.5201"
"104.9800","1.7480","39.4295"
"105.0000","1.7483","39.4141"
"105.0200","1.7487","39.4161"
"105.0400","1.7491","39.4205"
"105.0600","1.7495","39.4311"
"105.0800","1.7499","39.4477"
"105.1000","1.7501","39.4592"
"105.1200","1.7504","39.4284"
"105.1400","1.7506","39.4016"
"105.1600","1.7509","39.4315"
"105.1800","1.7512","39.4544"
"105.2000","1.7516","39.5479"
"105.2200","1.7520","39.4964"
"105.2400","1.7524","39.4482"
"105.2600","1.7527","39.4411"
"105.2800","1.7530","39.5014"
"105.3000","1.7533","39.5528"
"105.3200","1.7536","39.5833"
"105.3400","1.7539","39.6125"
"105.3600","1.7542","39.5421"
"105.3800","1.7546","39.6618"
"105.4000","1.7551","39.7524"
"105.4200","1.7556","39.7828"
"105.4400","1.7559","39.6746"
"105.4600","1.7562","39.6713"
"105.4800","1.7564","39.7119"
"105.5000","1.7567","39.7302"
"105.5200","1.7569","39.6738"
"105.5400","1.7572","39.6937"
"105.5600","1.7576","39.6927"
"105.5800","1.7580","39.7531"
"105.6000","1.7584","39.7373"
"105.6200","1.7587","39.6388"
"105.6400","1.7590","39.6371"
"105.6600","1.7593","39.7265"
"105.6800","1.7597","39.7597"
"105.7000","1.7600","39.7780"
"105.7200","1.7604","39.8051"
"105.7400","1.7608","39.7543"
"105.7600","1.7612","39.7513"
"105.7800","1.7615","39.7962"
"105.8000","1.7618","39.8435"
"105.8200","1.7620","39.9106"
"105.8400","1.7623","39.8905"
"105.8600","1.7625","39.8833"
"105.8800","1.7629","39.8364"
"105.9000","1.7633","39.7801"
"105.9200","1.7637","39.7720"
"105.9400","1.7640","39.9173"
"105.9600","1.7644","39.9685"
"105.9800","1.7647","39.9449"
"106.0000","1.7650","39.8999"
"106.0200","1.7652","39.8988"
"106.0400","1.7656","39.8626"
"106.0600","1.7660","39.8495"
"106.0800","1.7664","39.9152"
"106.1000","1.7669","39.9793"
"106.1200","1.7673","39.9822"
"106.1400","1.7676","39.9456"
"106.1600","1.7678","39.9030"
"106.1800","1.7680","40.0415"
"106.2000","1.7683","40.1058"
"106.2200","1.7686","40.0849"
"106.2400","1.7689","39.9914"
"106.2600","1.7693","40.0304"
"106.2800","1.7697","39.9841"
"106.3000","1.7700","40.0254"
"106.3200","1.7704","40.0953"
"106.3400","1.7707","40.1289"
"106.3600","1.7710","40.1500"
"106.3800","1.7714","40.1270"
"106.4000","1.7718","40.1263"
"106.4200","1.7722","40.0885"
"106.4400","1.7725","40.0993"
"106.4600","1.7729","40.1791"
"106.4800","1.7731","40.2001"
"106.5000","1.7734","40.1834"
"106.5200","1.7736","40.1817"
"106.5400","1.7739","40.1258"
"106.5600","1.7742","40.1044"
"106.5800","1.7746","40.1992"
"106.6000","1.7750","40.2113"
"106.6200","1.7753","40.2664"
"106.6400","1.7757","40.3226"
"106.6600","1.7760","40.3317"
"106.6800","1.7763","40.3136"
"106.7000","1.7766","40.1631"
"106.7200","1.7769","40.1816"
"106.7400","1.7772","40.2137"
"106.7600","1.7776","40.2978"
"106.7800","1.7781","40.3331"
"106.8000","1.7786","40.3761"
"106.8200","1.7789","40.3394"
"106.8400","1.7792","40.3376"
"106.8600","1.7794","40.2588"
"106.8800","1.7796","40.2400"
"106.9000","1.7799","40.2540"
"106.9200","1.7802","40.2950"
"106.9400","1.7806","40.3055"
"106.9600","1.7810","40.3120"
"106.9800","1.7814","40.3313"
"107.0000","1.7817","40.4169"
"107.0200","1.7820","40.4756"
"107.0400","1.7823","40.4886"
"107.0600","1.7827","40.4419"
"107.0800","1.7830","40.3877"
"107.1000","1.7834","40.4341"
"107.1200","1.7838","40.4755"
"107.1400","1.7842","40.5034"
"107.1600","1.7845","40.4546"
"107.1800","1.7847","40.4240"
"107.2000","1.7850","40.4343"
"107.2200","1.7852","40.4877"
"107.2400","1.7855","40.5157"
"107.2600","1.7859","40.4621"
"107.2800","1.7862","40.4613"
"107.3000","1.7866","40.4913"
"107.3200","1.7870","40.5209"
"107.3400","1.7873","40.5496"
"107.3600","1.7876","40.5232"
"107.3800","1.7879","40.5577"
"107.4000","1.7882","40.6134"
"107.4200","1.7886","40.7606"
"107.4400","1.7890","40.6887"
"107.4600","1.7894","40.5886"
"107.4800","1.7899","40.5478"
"107.5000","1.7903","40.5332"
"107.5200","1.7905","40.5303"
"107.5400","1.7908","40.5424"
"107.5600","1.7910","40.5821"
"107.5800","1.7913","40.5871"
"107.6000","1.7916","40.6103"
"107.6200","1.7919","40.5728"
"107.6400","1.7923","40.5526"
"107.6600","1.7927","40.5913"
"107.6800","1.7931","40.6580"
"107.7000","1.7934","40.7142"
"107.7200","1.7937","40.7447"
"107.7400","1.7940","40.7463"
"107.7600","1.7944","40.6453"
"107.7800","1.7948","40.6746"
"107.8000","1.7951","40.6824"
"107.8200","1.7955","40.7071"
"107.8400","1.7959","40.6902"
"107.8600","1.7961","40.7234"
"107.8800","1.7964","40.7951"
"107.9000","1.7966","40.7300"
"107.9200","1.7969","40.7542"
"107.9400","1.7972","40.7522"
"107.9600","1.7976","40.8330"
"107.9800","1.7980","40.8269"
"108.0000","1.7984","40.7652"
"108.0200","1.7987","40.8518"
"108.0400","1.7990","40.8576"
"108.0600","1.7993","40.8695"
"108.0800","1.7995","40.8590"
"108.1000","1.7999","40.8280"
"108.1200","1.8002","40.7704"
"108.1400","1.8007","40.8199"
"108.1600","1.8012","41.0283"
"108.1800","1.8016","40.9862"
"108.2000","1.8019","40.9760"
"108.2200","1.8022","40.9782"
"108.2400","1.8024","40.9995"
"108.2600","1.8026","40.9471"
"108.2800","1.8029","40.8932"
"108.3000","1.8032","40.9592"
"108.3200","1.8036","41.0007"
"108.3400","1.8040","40.9872"
"108.3600","1.8044","40.9836"
"108.3800","1.8048","40.9556"
"108.4000","1.8051","41.0174"
"108.4200","1.8054","41.0137"
"108.4400","1.8057","41.0442"
"108.4600","1.8061","41.0758"
"108.4800","1.8065","40.9745"
"108.5000","1.8068","40.9799"
"108.5200","1.8072","41.0981"
"108.5400","1.8075","41.1400"
"108.5600","1.8077","41.0639"
"108.5800","1.8080","41.0654"
"108.6000","1.8082","41.0624"
"108.6200","1.8086","41.0891"
"108.6400","1.8089","41.1492"
"108.6600","1.8093","41.1140"
"108.6800","1.8097","41.0837"
"108.7000","1.8100","41.1228"
"108.7200","1.8104","41.1420"
"108.7400","1.8106","41.1011"
"108.7600","1.8109","41.1027"
"108.7800","1.8112","41.1836"
"108.8000","1.8116","41.1923"
"108.8200","1.8120","41.2494"
"108.8400","1.8125","41.2176"
"108.8600","1.8129","41.2093"
"108.8800","1.8133","41.2075"
"108.9000","1.8136","41.1938"
"108.9200","1.8138","41.1759"
"108.9400","1.8140","41.2337"
"108.9600","1.8143","41.2607"
"108.9800","1.8146","41.2829"
"109.0000","1.8149","41.2343"
"109.0200","1.8153","41.2187"
"109.0400","1.8158","41.3287"
"109.0600","1.8161","41.3452"
"109.0800","1.8164","41.3352"
"109.1000","1.8167","41.2827"
"109.1200","1.8170","41.3864"
"109.1400","1.8174","41.4980"
"109.1600","1.8178","41.4302"
"109.1800","1.8182","41.3142"
"109.2000","1.8185","41.3390"
"109.2200","1.8188","41.3475"
"109.2400","1.8191","41.3441"
"109.2600","1.8193","41.4023"
"109.2800","1.8196","41.4617"
"109.3000","1.8199","41.4789"
"109.3200","1.8202","41.4741"
"109.3400","1.8206","41.4098"
"109.3600","1.8210","41.4621"
"109.3800","1.8213","41.5962"
"109.4000","1.8217","41.5973"
"109.4200","1.8220","41.4560"
"109.4400","1.8222","41.4610"
"109.4600","1.8225","41.4479"
"109.4800","1.8228","41.4104"
"109.5000","1.8232","41.4897"
"109.5200","1.8237","41.6600"
"109.5400","1.8242","41.6072"
"109.5600","1.8246","41.5511"
"109.5800","1.8249","41.5648"
"109.6000","1.8252","41.5024"
"109.6200","1.8254","41.5166"
"109.6400","1.8256","41.5667"
"109.6600","1.8259","41.6432"
"109.6800","1.8262","41.6234"
"109.7000","1.8266","41.5509"
"109.7200","1.8270","41.5861"
"109.7400","1.8274","41.6329"
"109.7600","1.8277","41.6736"
"109.7800","1.8280","41.7616"
"109.8000","1.8283","41.7285"
"109.8200","1.8287","41.7402"
"109.8400","1.8290","41.6744"
"109.8600","1.8294","41.6268"
"109.8800","1.8298","41.5477"
"109.9000","1.8302","41.6626"
"109.9200","1.8305","41.7416"
"109.9400","1.8307","41.7204"
"109.9600","1.8310","41.7215"
"109.9800","1.8312","41.7795"
"110.0000","1.8316","41.7773"
"110.0200","1.8319","41.7046"
"110.0400","1.8323","41.7777"
"110.0600","1.8327","41.8673"
"110.0800","1.8330","41.8756"
"110.1000","1.8333","41.7751"
"110.1200","1.8336","41.7712"
"110.1400","1.8339","41.7548"
"110.1600","1.8342","41.7705"
"110.1800","1.8345","41.8014"
"110.2000","1.8349","41.8202"
"110.2200","1.8354","41.8890"
"110.2400","1.8359","41.8890"
"110.2600","1.8363","41.8426"
"110.2800","1.8365","41.8381"
"110.3000","1.8367","41.7926"
"110.3200","1.8370","41.8752"
"110.3400","1.8372","41.9221"
"110.3600","1.8376","41.9545"
"110.3800","1.8379","41.9976"
"110.4000","1.8383","41.9839"
"110.4200","1.8387","41.8848"
"110.4400","1.8390","41.9428"
"110.4600","1.8393","41.9449"
"110.4800","1.8396","41.9082"
"110.5000","1.8400","41.9440"
"110.5200","1.8403","41.9916"
"110.5400","1.8407","41.9917"
"110.5600","1.8412","42.0077"
"110.5800","1.8415","41.9357"
"110.6000","1.8418","41.9329"
"110.6200","1.8421","42.0949"
"110.6400","1.8423","42.0232"
"110.6600","1.8426","42.0139"
"110.6800","1.8429","42.0757"
"110.7000","1.8432","42.1305"
"110.7200","1.8436","42.0886"
"110.7400","1.8440","42.0386"
"110.7600","1.8443","42.0063"
"110.7800","1.8447","42.0666"
"110.8000","1.8450","42.0228"
"110.8200","1.8452","42.0269"
"110.8400","1.8455","42.0783"
"110.8600","1.8458","42.1120"
"110.8800","1.8462","42.1972"
"110.9000","1.8467","42.1778"
"110.9200","1.8472","42.2515"
"110.9400","1.8476","42.2703"
"110.9600","1.8479","42.2599"
"110.9800","1.8481","42.2140"
"111.0000","1.8483","42.2219"
"111.0200","1.8486","42.1876"
"111.0400","1.8489","42.1809"
"111.0600","1.8492","42.2562"
"111.0800","1.8496","42.2798"
"111.1000","1.8500","42.2871"
"111.1200","1.8504","42.3325"
"111.1400","1.8507","42.2685"
"111.1600","1.8510","42.2832"
"111.1800","1.8513","42.2005"
"111.2000","1.8517","42.2339"
"111.2200","1.8521","42.3314"
"111.2400","1.8525","42.3342"
"111.2600","1.8529","42.2778"
"111.2800","1.8532","42.2900"
"111.3000","1.8535","42.3102"
"111.3200","1.8537","42.3341"
"111.3400","1.8540","42.3880"
"111.3600","1.8543","42.2655"
"111.3800","1.8546","42.2949"
"111.4000","1.8550","42.3771"
"111.4200","1.8554","42.4313"
"111.4400","1.8557","42.4507"
"111.4600","1.8560","42.3676"
"111.4800","1.8563","42.3505"
"111.5000","1.8566","42.4086"
"111.5200","1.8569","42.4194"
"111.5400","1.8572","42.4938"
"111.5600","1.8576","42.4397"
"111.5800","1.8580","42.4478"
"111.6000","1.8585","42.4680"
"111.6200","1.8589","42.4130"
"111.6400","1.8593","42.4354"
"111.6600","1.8595","42.5153"
"111.6800","1.8597","42.5046"
"111.7000","1.8600","42.5032"
"111.7200","1.8603","42.4980"
"111.7400","1.8606","42.5190"
"111.7600","1.8610","42.5770"
"111.7800","1.8614","42.5633"
"111.8000","1.8617","42.5800"
"111.8200","1.8620","42.5714"
"111.8400","1.8623","42.6573"
"111.8600","1.8627","42.6432"
"111.8800","1.8630","42.7050"
"111.9000","1.8634","42.7196"
"111.9200","1.8638","42.6724"
"111.9400","1.8642","42.6562"
"111.9600","1.8646","42.6598"
"111.9800","1.8649","42.5976"
"112.0000","1.8651","42.5870"
"112.0200","1.8654","42.6052"
"112.0400","1.8656","42.6414"
"112.0600","1.8659","42.6424"
"112.0800","1.8663","42.6591"
"112.1000","1.8666","42.6924"
"112.1200","1.8670","42.6936"
"112.1400","1.8674","42.6786"
"112.1600","1.8677","42.7074"
"112.1800","1.8680","42.7409"
"112.2000","1.8682","42.7668"
"112.2200","1.8685","42.7650"
"112.2400","1.8689","42.7900"
"112.2600","1.8693","42.7331"
"112.2800","1.8697","42.7345"
"112.3000","1.8702","42.7445"
"112.3200","1.8706","42.6877"
"112.3400","1.8708","42.7344"
"112.3600","1.8711","42.8340"
"112.3800","1.8713","42.8541"
"112.4000","1.8716","42.8694"
"112.4200","1.8719","42.8704"
"112.4400","1.8723","42.8799"
"112.4600","1.8727","42.8192"
"112.4800","1.8730","42.8749"
"112.5000","1.8734","42.8517"
"112.5200","1.8737","42.7622"
"112.5400","1.8740","42.7668"
"112.5600","1.8743","42.9159"
"112.5800","1.8747","42.9464"
"112.6000","1.8751","42.9759"
"112.6200","1.8755","43.0154"
"112.6400","1.8759","43.0059"
"112.6600","1.8762","43.0709"
"112.6800","1.8765","43.0640"
"112.7000","1.8767","42.9154"
"112.7200","1.8770","42.8797"
"112.7400","1.8773","42.9088"
"112.7600","1.8776","42.9499"
"112.7800","1.8780","42.9522"
"112.8000","1.8784","42.9294"
"112.8200","1.8787","43.0334"
"112.8400","1.8790","43.0777"
"112.8600","1.8793","43.0651"
"112.8800","1.8796","43.0063"
"112.9000","1.8798","43.0840"
"112.9200","1.8801","43.1458"
"112.9400","1.8805","43.1452"
"112.9600","1.8810","43.0857"
"112.9800","1.8814","43.1147"
"113.0000","1.8819","43.1639"
"113.0200","1.8822","43.1657"
"113.0400","1.8824","43.1748"
"113.0600","1.8827","43.2366"
"113.0800","1.8829","43.2206"
"113.1000","1.8832","43.2121"
"113.1200","1.8836","43.1809"
"113.1400","1.8840","43.2217"
"113.1600","1.8844","43.2121"
"113.1800","1.8847","43.2297"
"113.2000","1.8851","43.2455"
"113.2200","1.8854","43.2297"
"113.2400","1.8857","43.2225"
"113.2600","1.8860","43.2184"
"113.2800","1.8864","43.2518"
"113.3000","1.8868","43.2011"
"113.3200","1.8872","43.1716"
"113.3400","1.8876","43.2237"
"113.3600","1.8879","43.1744"
"113.3800","1.8881","43.1258"
"113.4000","1.8883","43.1911"
"113.4200","1.8886","43.3412"
"113.4400","1.8889","43.3843"
"113.4600","1.8893","43.3850"
"113.4800","1.8897","43.3991"
"113.5000","1.8900","43.3988"
"113.5200","1.8904","43.3666"
"113.5400","1.8907","43.4127"
"113.5600","1.8909","43.4885"
"113.5800","1.8912","43.5360"
"113.6000","1.8915","43.5084"
"113.6200","1.8919","43.3723"
"113.6400","1.8923","43.3185"
"113.6600","1.8927","43.3499"
"113.6800","1.8932","43.3413"
"113.7000","1.8936","43.4120"
"113.7200","1.8938","43.4468"
"113.7400","1.8941","43.4188"
"113.7600","1.8943","43.4461"
"113.7800","1.8946","43.4353"
"113.8000","1.8949","43.4774"
"113.8200","1.8952","43.4601"
"113.8400","1.8956","43.4928"
"113.8600","1.8960","43.4419"
"113.8800","1.8964","43.4476"
"113.9000","1.8967","43.4511"
"113.9200","1.8970","43.5387"
"113.9400","1.8973","43.5119"
"113.9600","1.8977","43.5125"
"113.9800","1.8981","43.4880"
"114.0000","1.8985","43.4593"
"114.0200","1.8989","43.4923"
"114.0400","1.8992","43.6173"
"114.0600","1.8995","43.6023"
"114.0800","1.8997","43.5371"
"114.1000","1.9000","43.5602"
"114.1200","1.9003","43.6032"
"114.1400","1.9006","43.6081"
"114.1600","1.9010","43.5618"
"114.1800","1.9014","43.5807"
"114.2000","1.9017","43.5908"
"114.2200","1.9021","43.5799"
"114.2400","1.9023","43.6056"
"114.2600","1.9026","43.6837"
"114.2800","1.9029","43.6595"
"114.3000","1.9032","43.6238"
"114.3200","1.9035","43.6064"
"114.3400","1.9040","43.6752"
"114.3600","1.9045","43.6949"
"114.3800","1.9049","43.7256"
"114.4000","1.9052","43.6960"
"114.4200","1.9055","43.6465"
"114.4400","1.9057","43.7256"
"114.4600","1.9059","43.7848"
"114.4800","1.9062","43.8125"
"114.5000","1.9066","43.8307"
"114.5200","1.9069","43.8236"
"114.5400","1.9073","43.7888"
"114.5600","1.9077","43.8055"
"114.5800","1.9081","43.7358"
"114.6000","1.9084","43.7624"
"114.6200","1.9087","43.8077"
"114.6400","1.9090","43.8481"
"114.6600","1.9094","43.8027"
"114.6800","1.9098","43.8734"
"114.7000","1.9102","43.9305"
"114.7200","1.9105","43.9269"
"114.7400","1.9108","43.8553"
"114.7600","1.9111","43.8351"
"114.7800","1.9113","43.9048"
"114.8000","1.9116","43.9451"
"114.8200","1.9119","43.9964"
"114.8400","1.9122","43.9972"
"114.8600","1.9126","43.9898"
"114.8800","1.9130","43.9167"
"114.9000","1.9134","43.9312"
"114.9200","1.9137","43.8874"
"114.9400","1.9140","43.8519"
"114.9600","1.9143","43.8422"
"114.9800","1.9146","43.9073"
"115.0000","1.9149","44.0146"
"115.0200","1.9153","43.9975"
"115.0400","1.9158","43.9967"
"115.0600","1.9162","43.9837"
"115.0800","1.9166","43.9975"
"115.1000","1.9169","44.0292"
"115.1200","1.9171","44.0516"
"115.1400","1.9173","44.0616"
"115.1600","1.9176","44.0508"
"115.1800","1.9179","44.0993"
"115.2000","1.9183","44.1064"
"115.2200","1.9187","44.0041"
"115.2400","1.9190","43.9897"
"115.2600","1.9194","44.0516"
"115.2800","1.9197","44.1200"
"115.3000","1.9200","44.1577"
"115.3200","1.9203","44.1788"
"115.3400","1.9207","44.2022"
"115.3600","1.9211","44.1676"
"115.3800","1.9215","44.1931"
"115.4000","1.9219","44.2680"
"115.4200","1.9222","44.2851"
"115.4400","1.9224","44.2471"
"115.4600","1.9227","44.2278"
"115.4800","1.9229","44.2054"
"115.5000","1.9232","44.2137"
"115.5200","1.9236","44.1366"
"115.5400","1.9240","44.1613"
"115.5600","1.9244","44.1667"
"115.5800","1.9247","44.1785"
"115.6000","1.9251","44.2979"
"115.6200","1.9254","44.3434"
"115.6400","1.9256","44.2927"
"115.6600","1.9259","44.2971"
"115.6800","1.9262","44.2984"
"115.7000","1.9266","44.3321"
"115.7200","1.9271","44.3423"
"115.7400","1.9275","44.4056"
"115.7600","1.9279","44.3603"
"115.7800","1.9282","44.3986"
"115.8000","1.9285","44.4153"
"115.8200","1.9287","44.4127"
"115.8400","1.9289","44.4925"
"115.8600","1.9292","44.4660"
"115.8800","1.9296","44.4103"
"115.9000","1.9300","44.3553"
"115.9200","1.9303","44.3121"
"115.9400","1.9307","44.3440"
"115.9600","1.9310","44.3317"
"115.9800","1.9313","44.4251"
"116.0000","1.9317","44.4873"
"116.0200","1.9320","44.5194"
"116.0400","1.9324","44.4733"
"116.0600","1.9328","44.5099"
"116.0800","1.9332","44.4925"
"116.1000","1.9336","44.5082"
"116.1200","1.9338","44.4798"
"116.1400","1.9341","44.5238"
"116.1600","1.9343","44.5418"
"116.1800","1.9346","44.4890"
"116.2000","1.9349","44.5021"
"116.2200","1.9353","44.4680"
"116.2400","1.9357","44.4792"
"116.2600","1.9360","44.5326"
"116.2800","1.9364","44.5223"
"116.3000","1.9367","44.5388"
"116.3200","1.9370","44.5321"
"116.3400","1.9372","44.5447"
"116.3600","1.9375","44.6491"
"116.3800","1.9379","44.7185"
"116.4000","1.9383","44.6153"
"116.4200","1.9388","44.5359"
"116.4400","1.9393","44.5241"
"116.4600","1.9396","44.5865"
"116.4800","1.9399","44.6325"
"116.5000","1.9401","44.6405"
"116.5200","1.9403","44.6215"
"116.5400","1.9406","44.5354"
"116.5600","1.9409","44.4834"
"116.5800","1.9412","44.4671"
"116.6000","1.9416","44.5752"
"116.6200","1.9420","44.6349"
"116.6400","1.9423","44.7029"
"116.6600","1.9426","44.8184"
"116.6800","1.9429","44.7149"
"116.7000","1.9433","44.5726"
"116.7200","1.9437","44.6510"
"116.7400","1.9441","44.7131"
"116.7600","1.9445","44.7634"
"116.7800","1.9449","44.7858"
"116.8000","1.9452","44.8093"
"116.8200","1.9454","44.8335"
"116.8400","1.9457","44.7663"
"116.8600","1.9459","44.7806"
"116.8800","1.9462","44.7433"
"116.9000","1.9466","44.7358"
"116.9200","1.9470","44.6954"
"116.9400","1.9474","44.7327"
"116.9600","1.9477","44.8353"
"116.9800","1.9480","44.8991"
"117.0000","1.9483","44.8584"
"117.0200","1.9486","44.7623"
"117.0400","1.9489","44.7700"
"117.0600","1.9492","44.8188"
"117.0800","1.9496","44.8442"
"117.1000","1.9501","44.8880"
"117.1200","1.9505","44.8656"
"117.1400","1.9509","44.7714"
"117.1600","1.9512","44.7440"
"117.1800","1.9515","44.8245"
"117.2000","1.9517","44.9548"
"117.2200","1.9519","44.8455"
"117.2400","1.9522","44.8439"
"117.2600","1.9526","44.9209"
"117.2800","1.9529","44.9381"
"117.3000","1.9533","44.9346"
"117.3200","1.9537","44.9274"
"117.3400","1.9540","44.9982"
"117.3600","1.9543","44.9238"
"117.3800","1.9546","44.8117"
"117.4000","1.9550","44.8540"
"117.4200","1.9554","44.8201"
"117.4400","1.9558","44.9239"
"117.4600","1.9562","44.9162"
"117.4800","1.9565","44.9364"
"117.5000","1.9568","44.9147"
"117.5200","1.9570","44.9668"
"117.5400","1.9573","44.9811"
"117.5600","1.9576","45.0014"
"117.5800","1.9579","45.0341"
"117.6000","1.9583","44.9574"
"117.6200","1.9586","44.9331"
"117.6400","1.9590","45.0023"
"117.6600","1.9594","45.0515"
"117.6800","1.9597","45.0970"
"117.7000","1.9599","45.1117"
"117.7200","1.9602","45.1217"
"117.7400","1.9605","45.0628"
"117.7600","1.9609","45.0910"
"117.7800","1.9613","45.0249"
"117.8000","1.9618","45.0627"
"117.8200","1.9623","45.1061"
"117.8400","1.9626","45.1121"
"117.8600","1.9629","45.1128"
"117.8800","1.9631","45.0626"
"117.9000","1.9633","45.0432"
"117.9200","1.9636","45.1197"
"117.9400","1.9639","45.1332"
"117.9600","1.9642","45.0915"
"117.9800","1.9646","45.0665"
"118.0000","1.9650","45.1137"
"118.0200","1.9653","45.1089"
"118.0400","1.9656","45.2331"
"118.0600","1.9660","45.2445"
"118.0800","1.9663","45.2086"
"118.1000","1.9667","45.1702"
"118.1200","1.9671","45.1236"
"118.1400","1.9675","45.1392"
"118.1600","1.9679","45.1399"
"118.1800","1.9682","45.0887"
"118.2000","1.9684","45.1168"
"118.2200","1.9686","45.2013"
"118.2400","1.9689","45.2936"
"118.2600","1.9692","45.2622"
"118.2800","1.9696","45.2967"
"118.3000","1.9699","45.2808"
"118.3200","1.9703","45.3139"
"118.3400","1.9707","45.3514"
"118.3600","1.9710","45.3759"
"118.3800","1.9713","45.3222"
"118.4000","1.9716","45.2887"
"118.4200","1.9719","45.3195"
"118.4400","1.9722","45.3470"
"118.4600","1.9726","45.3409"
"118.4800","1.9730","45.3550"
"118.5000","1.9735","45.3659"
"118.5200","1.9739","45.3399"
"118.5400","1.9742","45.3722"
"118.5600","1.9745","45.3412"
"118.5800","1.9747","45.3486"
"118.6000","1.9749","45.3844"
"118.6200","1.9752","45.4011"
"118.6400","1.9756","45.4070"
"118.6600","1.9759","45.4322"
"118.6800","1.9763","45.4035"
"118.7000","1.9767","45.5381"
"118.7200","1.9771","45.6050"
"118.7400","1.9774","45.5131"
"118.7600","1.9777","45.4819"
"118.7800","1.9780","45.4404"
"118.8000","1.9784","45.4236"
"118.8200","1.9789","45.4875"
"118.8400","1.9792","45.5729"
"118.8600","1.9795","45.5125"
"118.8800","1.9798","45.4633"
"118.9000","1.9800","45.5184"
"118.9200","1.9803","45.5663"
"118.9400","1.9806","45.5882"
"118.9600","1.9809","45.5962"
"118.9800","1.9813","45.5419"
"119.0000","1.9817","45.5882"
"119.0200","1.9820","45.6572"
"119.0400","1.9824","45.6201"
"119.0600","1.9827","45.5422"
"119.0800","1.9829","45.4752"
"119.1000","1.9832","45.5308"
"119.1200","1.9835","45.5572"
"119.1400","1.9839","45.6492"
"119.1600","1.9843","45.6716"
"119.1800","1.9848","45.6811"
"119.2000","1.9853","45.6897"
"119.2200","1.9856","45.6465"
"119.2400","1.9859","45.5713"
"119.2600","1.9861","45.6762"
"119.2800","1.9863","45.6890"
"119.3000","1.9866","45.6626"
"119.3200","1.9869","45.6908"
"119.3400","1.9873","45.6366"
"119.3600","1.9877","45.6643"
"119.3800","1.9880","45.6800"
"119.4000","1.9884","45.6781"
"119.4200","1.9887","45.7378"
"119.4400","1.9890","45.7130"
"119.4600","1.9893","45.7536"
"119.4800","1.9897","45.8234"
"119.5000","1.9901","45.8041"
"119.5200","1.9905","45.7469"
"119.5400","1.9909","45.7804"
"119.5600","1.9912","45.8603"
"119.5800","1.9914","45.8184"
"119.6000","1.9917","45.8186"
"119.6200","1.9919","45.8452"
"119.6400","1.9922","45.8830"
"119.6600","1.9926","45.9074"
"119.6800","1.9930","45.8763"
"119.7000","1.9934","45.8119"
"119.7200","1.9937","45.8488"
"119.7400","1.9941","45.8899"
"119.7600","1.9943","45.9983"
"119.7800","1.9946","45.9687"
"119.8000","1.9949","45.9900"
"119.8200","1.9952","46.0262"
"119.8400","1.9956","46.0061"
"119.8600","1.9961","45.9561"
"119.8800","1.9965","45.9456"
"119.9000","1.9969","45.9489"
"119.9200","1.9972","45.9908"
"119.9400","1.9975","45.9481"
"119.9600","1.9977","46.0129"
"119.9800","1.9979","45.9989"
"120.0000","1.9982","45.9777"
"120.0200","1.9986","46.0629"
"120.0400","1.9990","46.0628"
"120.0600","1.9993","46.0147"
"120.0800","1.9997","46.0186"
"120.1000","2.0000","45.9682"
"120.1200","2.0003","45.9971"
"120.1400","2.0007","46.0185"
"120.1600","2.0010","46.0451"
"120.1800","2.0014","46.0720"
"120.2000","2.0018","46.0914"
"120.2200","2.0022","46.1554"
"120.2400","2.0025","46.1801"
"120.2600","2.0028","46.2035"
"120.2800","2.0030","46.1845"
"120.3000","2.0033","46.1266"
"120.3200","2.0035","46.1121"
"120.3400","2.0039","46.1162"
"120.3600","2.0043","46.0876"
"120.3800","2.0047","46.0359"
"120.4000","2.0050","46.1082"
"120.4200","2.0054","46.1425"
"120.4400","2.0057","46.1779"
"120.4600","2.0060","46.1533"
"120.4800","2.0062","46.1492"
"120.5000","2.0066","46.2184"
"120.5200","2.0069","46.2016"
"120.5400","2.0074","46.2232"
"120.5600","2.0078","46.2038"
"120.5800","2.0082","46.1910"
"120.6000","2.0086","46.2663"
"120.6200","2.0088","46.2648"
"120.6400","2.0090","46.2898"
"120.6600","2.0093","46.2260"
"120.6800","2.0096","46.2069"
"120.7000","2.0099","46.2348"
"120.7200","2.0103","46.2715"
"120.7400","2.0106","46.2249"
"120.7600","2.0110","46.3004"
"120.7800","2.0114","46.3567"
"120.8000","2.0117","46.3421"
"120.8200","2.0120","46.2975"
"120.8400","2.0124","46.3262"
"120.8600","2.0127","46.4757"
"120.8800","2.0131","46.4455"
"120.9000","2.0135","46.3335"
"120.9200","2.0138","46.3268"
"120.9400","2.0141","46.3670"
"120.9600","2.0144","46.3868"
"120.9800","2.0146","46.4221"
"121.0000","2.0149","46.3354"
"121.0200","2.0152","46.3193"
"121.0400","2.0156","46.3707"
"121.0600","2.0159","46.4121"
"121.0800","2.0163","46.4286"
"121.1000","2.0167","46.5565"
"121.1200","2.0170","46.5570"
"121.1400","2.0173","46.5606"
"121.1600","2.0176","46.5143"
"121.1800","2.0179","46.4873"
"121.2000","2.0182","46.5073"
"121.2200","2.0186","46.5309"
"121.2400","2.0191","46.6064"
"121.2600","2.0195","46.6210"
"121.2800","2.0199","46.6514"
"121.3000","2.0202","46.6243"
"121.3200","2.0204","46.6024"
"121.3400","2.0207","46.6085"
"121.3600","2.0209","46.6053"
"121.3800","2.0212","46.5967"
"121.4000","2.0216","46.5385"
"121.4200","2.0220","46.5458"
"121.4400","2.0224","46.6668"
"121.4600","2.0227","46.6268"
"121.4800","2.0230","46.5241"
"121.5000","2.0233","46.6021"
"121.5200","2.0237","46.6396"
"121.5400","2.0240","46.6039"
"121.5600","2.0244","46.6022"
"121.5800","2.0248","46.5636"
"121.6000","2.0252","46.6274"
"121.6200","2.0255","46.6577"
"121.6400","2.0257","46.7331"
"121.6600","2.0260","46.6679"
"121.6800","2.0263","46.6599"
"121.7000","2.0265","46.6268"
"121.7200","2.0269","46.6081"
"121.7400","2.0272","46.6945"
"121.7600","2.0276","46.7013"
"121.7800","2.0280","46.6553"
"121.8000","2.0284","46.6977"
"121.8200","2.0287","46.6696"
"121.8400","2.0289","46.6743"
"121.8600","2.0292","46.7569"
"121.8800","2.0296","46.7910"
"121.9000","2.0300","46.8154"
"121.9200","2.0304","46.8684"
"121.9400","2.0309","46.8793"
"121.9600","2.0313","46.8982"
"121.9800","2.0316","46.8587"
"122.0000","2.0318","46.8180"
"122.0200","2.0320","46.8736"
"122.0400","2.0323","46.8690"
"122.0600","2.0326","46.8787"
"122.0800","2.0329","46.8384"
"122.1000","2.0333","46.8422"
"122.1200","2.0337","46.8722"
"122.1400","2.0341","46.8899"
"122.1600","2.0344","46.8843"
"122.1800","2.0347","46.7809"
"122.2000","2.0350","46.9006"
"122.2200","2.0354","46.9551"
"122.2400","2.0358","46.9574"
"122.2600","2.0361","46.9873"
"122.2800","2.0365","47.0176"
"122.3000","2.0369","46.9783"
"122.3200","2.0371","46.9737"
"122.3400","2.0374","47.0738"
"122.3600","2.0376","47.0192"
"122.3800","2.0379","46.9959"
"122.4000","2.0382","47.0221"
"122.4200","2.0386","47.1121"
"122.4400","2.0390","47.0448"
"122.4600","2.0394","46.9834"
"122.4800","2.0397","46.9990"
"122.5000","2.0400","46.9643"
"122.5200","2.0403","46.9532"
"122.5400","2.0406","47.0258"
"122.5600","2.0409","47.0344"
"122.5800","2.0413","47.0263"
"122.6000","2.0417","47.1235"
"122.6200","2.0422","47.2130"
"122.6400","2.0426","47.1531"
"122.6600","2.0430","47.1315"
"122.6800","2.0432","47.1459"
"122.7000","2.0434","47.1500"
"122.7200","2.0436","47.0960"
"122.7400","2.0439","47.0734"
"122.7600","2.0442","47.0798"
"122.7800","2.0446","47.1092"
"122.8000","2.0450","47.1344"
"122.8200","2.0454","47.2714"
"122.8400","2.0458","47.3891"
"122.8600","2.0461","47.2645"
"122.8800","2.0464","47.2440"
"122.9000","2.0467","47.2818"
"122.9200","2.0471","47.2570"
"122.9400","2.0474","47.2316"
"122.9600","2.0478","47.2395"
"122.9800","2.0482","47.2382"
"123.0000","2.0485","47.2494"
"123.0200","2.0487","47.2346"
"123.0400","2.0490","47.2221"
"123.0600","2.0492","47.2318"
"123.0800","2.0495","47.2683"
"123.1000","2.0499","47.2983"
"123.1200","2.0503","47.2691"
"123.1400","2.0507","47.3080"
"123.1600","2.0510","47.3370"
"123.1800","2.0514","47.3895"
"123.2000","2.0516","47.3543"
"123.2200","2.0519","47.2595"
"123.2400","2.0522","47.2483"
"123.2600","2.0525","47.2943"
"123.2800","2.0530","47.3570"
"123.3000","2.0534","47.4314"
"123.3200","2.0539","47.5071"
"123.3400","2.0543","47.4263"
"123.3600","2.0546","47.4090"
"123.3800","2.0548","47.3519"
"123.4000","2.0550","47.3294"
"123.4200","2.0553","47.5104"
"123.4400","2.0556","47.5505"
"123.4600","2.0559","47.4554"
"123.4800","2.0563","47.4390"
"123.5000","2.0567","47.4733"
"123.5200","2.0571","47.5074"
"123.5400","2.0574","47.4732"
"123.5600","2.0577","47.5044"
"123.5800","2.0580","47.6025"
"123.6000","2.0584","47.5938"
"123.6200","2.0587","47.5624"
"123.6400","2.0591","47.5672"
"123.6600","2.0595","47.6519"
"123.6800","2.0598","47.5765"
"123.7000","2.0601","47.5600"
"123.7200","2.0604","47.5796"
"123.7400","2.0606","47.6295"
"123.7600","2.0609","47.6464"
"123.7800","2.0612","47.6527"
"123.8000","2.0616","47.6583"
"123.8200","2.0620","47.6492"
"123.8400","2.0623","47.6147"
"123.8600","2.0627","47.7032"
"123.8800","2.0630","47.7413"
"123.9000","2.0632","47.7658"
"123.9200","2.0635","47.7143"
"123.9400","2.0638","47.6769"
"123.9600","2.0642","47.6285"
"123.9800","2.0647","47.6830"
"124.0000","2.0652","47.7132"
"124.0200","2.0656","47.7427"
"124.0400","2.0659","47.6904"
"124.0600","2.0662","47.6503"
"124.0800","2.0664","47.7242"
"124.1000","2.0666","47.6643"
"124.1200","2.0669","47.6715"
"124.1400","2.0672","47.7642"
"124.1600","2.0676","47.7385"
"124.1800","2.0680","47.7525"
"124.2000","2.0684","47.7869"
"124.2200","2.0687","47.8400"
"124.2400","2.0690","47.8204"
"124.2600","2.0693","47.7449"
"124.2800","2.0697","47.6798"
"124.3000","2.0700","47.7468"
"124.3200","2.0704","47.7709"
"124.3400","2.0708","47.8266"
"124.3600","2.0711","47.8436"
"124.3800","2.0715","47.8068"
"124.4000","2.0717","47.8547"
"124.4200","2.0720","47.8493"
"124.4400","2.0723","47.8653"
"124.4600","2.0726","47.8730"
"124.4800","2.0729","47.8552"
"124.5000","2.0733","47.8038"
"124.5200","2.0737","47.7993"
"124.5400","2.0740","47.7522"
"124.5600","2.0743","47.7681"
"124.5800","2.0746","47.9196"
"124.6000","2.0749","47.9985"
"124.6200","2.0752","48.0029"
"124.6400","2.0755","47.9154"
"124.6600","2.0759","47.9281"
"124.6800","2.0764","47.9805"
"124.7000","2.0769","48.0478"
"124.7200","2.0773","47.9791"
"124.7400","2.0775","47.9573"
"124.7600","2.0778","47.9141"
"124.7800","2.0780","47.8977"
"124.8000","2.0783","48.0091"
"124.8200","2.0786","48.0339"
"124.8400","2.0789","47.9939"
"124.8600","2.0793","48.0066"
"124.8800","2.0797","48.0445"
"124.9000","2.0801","48.1095"
"124.9200","2.0804","48.0923"
"124.9400","2.0807","48.0820"
"124.9600","2.0810","48.1198"
"124.9800","2.0814","48.1411"
"125.0000","2.0817","48.1258"
"125.0200","2.0822","48.1013"
"125.0400","2.0825","48.0736"
"125.0600","2.0829","48.1296"
"125.0800","2.0831","48.1160"
"125.1000","2.0834","48.1448"
"125.1200","2.0836","48.1666"
"125.1400","2.0839","48.1297"
"125.1600","2.0842","48.1757"
"125.1800","2.0846","48.1702"
"125.2000","2.0850","48.1935"
"125.2200","2.0853","48.1957"
"125.2400","2.0857","48.2866"
"125.2600","2.0860","48.3035"
"125.2800","2.0862","48.2173"
"125.3000","2.0865","48.2227"
"125.3200","2.0868","48.2191"
"125.3400","2.0872","48.2258"
"125.3600","2.0877","48.2548"
"125.3800","2.0882","48.2873"
"125.4000","2.0886","48.2635"
"125.4200","2.0889","48.2338"
"125.4400","2.0891","48.1964"
"125.4600","2.0894","48.2457"
"125.4800","2.0896","48.2731"
"125.5000","2.0899","48.2882"
"125.5200","2.0903","48.2588"
"125.5400","2.0906","48.2696"
"125.5600","2.0910","48.2946"
"125.5800","2.0914","48.3656"
"125.6000","2.0917","48.3693"
"125.6200","2.0920","48.3046"
"125.6400","2.0923","48.2568"
"125.6600","2.0927","48.2788"
"125.6800","2.0931","48.2246"
"125.7000","2.0935","48.1094"
"125.7200","2.0939","48.0838"
"125.7400","2.0942","48.1962"
"125.7600","2.0945","48.2039"
"125.7800","2.0947","48.2084"
"125.8000","2.0950","48.1144"
"125.8200","2.0953","48.0780"
"125.8400","2.0956","48.0865"
"125.8600","2.0959","48.0896"
"125.8800","2.0963","48.0507"
"125.9000","2.0967","48.0179"
"125.9200","2.0970","47.9777"
"125.9400","2.0973","47.9647"
"125.9600","2.0976","47.9259"
"125.9800","2.0979","47.8814"
"126.0000","2.0982","47.8298"
"126.0200","2.0985","47.8955"
"126.0400","2.0989","47.8988"
"126.0600","2.0994","47.8958"
"126.0800","2.0999","47.8209"
"126.1000","2.1002","47.6511"
"126.1200","2.1005","47.6648"
"126.1400","2.1007","47.7128"
"126.1600","2.1010","47.7090"
"126.1800","2.1013","47.6295"
"126.2000","2.1016","47.5704"
"126.2200","2.1020","47.5690"
"126.2400","2.1023","47.4955"
"126.2600","2.1027","47.3810"
"126.2800","2.1030","47.3124"
"126.3000","2.1033","47.1837"
"126.3200","2.1036","47.2019"
"126.3400","2.1040","47.1535"
"126.3600","2.1044","47.0954"
"126.3800","2.1048","47.0051"
"126.4000","2.1052","46.9753"
"126.4200","2.1056","46.9373"
"126.4400","2.1059","46.9509"
"126.4600","2.1061","46.8807"
"126.4800","2.1064","46.8967"
"126.5000","2.1066","46.8459"
"126.5200","2.1069","46.7882"
"126.5400","2.1073","46.7944"
"126.5600","2.1076","46.8301"
"126.5800","2.1080","46.8268"
"126.6000","2.1084","46.7858"
"126.6200","2.1087","46.8214"
"126.6400","2.1090","46.8473"
"126.6600","2.1092","46.7576"
"126.6800","2.1095","46.7102"
"126.7000","2.1098","46.7308"
"126.7200","2.1102","46.7007"
"126.7400","2.1107","46.7768"
"126.7600","2.1112","46.7804"
"126.7800","2.1116","46.7292"
"126.8000","2.1119","46.7173"
"126.8200","2.1121","46.7473"
"126.8400","2.1124","46.7168"
"126.8600","2.1126","46.6281"
"126.8800","2.1129","46.5961"
"126.9000","2.1133","46.6474"
"126.9200","2.1137","46.6166"
"126.9400","2.1140","46.5635"
"126.9600","2.1144","46.5680"
"126.9800","2.1147","46.5804"
"127.0000","2.1150","46.5781"
"127.0200","2.1153","46.4829"
"127.0400","2.1157","46.4645"
"127.0600","2.1161","46.5038"
"127.0800","2.1165","46.5043"
"127.1000","2.1169","46.4595"
"127.1200","2.1172","46.4809"
"127.1400","2.1175","46.5225"
"127.1600","2.1177","46.5016"
"127.1800","2.1180","46.4994"
"127.2000","2.1183","46.5159"
"127.2200","2.1186","46.5538"
"127.2400","2.1190","46.5841"
"127.2600","2.1194","46.5110"
"127.2800","2.1197","46.4541"
"127.3000","2.1201","46.3953"
"127.3200","2.1203","46.4145"
"127.3400","2.1206","46.4196"
"127.3600","2.1209","46.4902"
"127.3800","2.1212","46.5332"
"127.4000","2.1215","46.5352"
"127.4200","2.1220","46.5178"
"127.4400","2.1224","46.6099"
"127.4600","2.1229","46.5799"
"127.4800","2.1232","46.5070"
"127.5000","2.1235","46.5096"
"127.5200","2.1237","46.5636"
"127.5400","2.1240","46.4993"
"127.5600","2.1242","46.5096"
"127.5800","2.1246","46.5685"
"127.6000","2.1250","46.5634"
"127.6200","2.1254","46.5010"
"127.6400","2.1257","46.4876"
"127.6600","2.1261","46.5322"
"127.6800","2.1264","46.6076"
"127.7000","2.1267","46.5681"
"127.7200","2.1270","46.5624"
"127.7400","2.1274","46.6002"
"127.7600","2.1278","46.5776"
"127.7800","2.1282","46.4891"
"127.8000","2.1286","46.4476"
"127.8200","2.1289","46.4579"
"127.8400","2.1291","46.5552"
"127.8600","2.1294","46.5234"
"127.8800","2.1296","46.5313"
"127.9000","2.1299","46.5651"
"127.9200","2.1303","46.6423"
"127.9400","2.1307","46.6063"
"127.9600","2.1310","46.6238"
"127.9800","2.1314","46.5642"
"128.0000","2.1317","46.6108"
"128.0200","2.1320","46.5511"
"128.0400","2.1322","46.4980"
"128.0600","2.1325","46.4861"
"128.0800","2.1329","46.5438"
"128.1000","2.1333","46.5719"
"128.1200","2.1337","46.4845"
"128.1400","2.1342","46.5517"
"128.1600","2.1345","46.5741"
"128.1800","2.1348","46.5897"
"128.2000","2.1351","46.6325"
"128.2200","2.1353","46.6287"
"128.2400","2.1356","46.6299"
"128.2600","2.1359","46.5810"
"128.2800","2.1362","46.5554"
"128.3000","2.1366","46.5846"
"128.3200","2.1370","46.5751"
"128.3400","2.1374","46.6367"
"128.3600","2.1377","46.5508"
"128.3800","2.1380","46.5194"
"128.4000","2.1383","46.4970"
"128.4200","2.1387","46.4900"
"128.4400","2.1391","46.4898"
"128.4600","2.1395","46.5112"
"128.4800","2.1399","46.4715"
"128.5000","2.1402","46.4193"
"128.5200","2.1405","46.4196"
"128.5400","2.1407","46.4815"
"128.5600","2.1410","46.4303"
"128.5800","2.1412","46.5156"
"128.6000","2.1416","46.5184"
"128.6200","2.1419","46.4676"
"128.6400","2.1423","46.5023"
"128.6600","2.1427","46.4946"
"128.6800","2.1430","46.3847"
"128.7000","2.1433","46.3482"
"128.7200","2.1436","46.3903"
"128.7400","2.1439","46.3948"
"128.7600","2.1442","46.5001"
"128.7800","2.1445","46.5410"
"128.8000","2.1450","46.3525"
"128.8200","2.1454","46.3320"
"128.8400","2.1459","46.3398"
"128.8600","2.1462","46.3349"
"128.8800","2.1465","46.2824"
"128.9000","2.1467","46.2909"
"128.9200","2.1469","46.2995"
"128.9400","2.1472","46.3764"
"128.9600","2.1475","46.3240"
"128.9800","2.1479","46.3015"
"129.0000","2.1483","46.3250"
"129.0200","2.1487","46.2953"
"129.0400","2.1490","46.2245"
"129.0600","2.1494","46.2608"
"129.0800","2.1497","46.3052"
"129.1000","2.1500","46.3789"
"129.1200","2.1504","46.3702"
"129.1400","2.1508","46.3037"
"129.1600","2.1512","46.2803"
"129.1800","2.1516","46.2955"
"129.2000","2.1518","46.2944"
"129.2200","2.1521","46.3067"
"129.2400","2.1523","46.2557"
"129.2600","2.1526","46.3287"
"129.2800","2.1529","46.3179"
"129.3000","2.1532","46.2189"
"129.3200","2.1536","46.2054"
"129.3400","2.1540","46.2428"
"129.3600","2.1544","46.2533"
"129.3800","2.1547","46.1958"
"129.4000","2.1550","46.1601"
"129.4200","2.1553","46.1496"
"129.4400","2.1556","46.1878"
"129.4600","2.1559","46.2437"
"129.4800","2.1563","46.2424"
"129.5000","2.1567","46.2330"
"129.5200","2.1572","46.2207"
"129.5400","2.1576","46.1665"
"129.5600","2.1579","46.2360"
"129.5800","2.1581","46.2655"
"129.6000","2.1583","46.2950"
"129.6200","2.1586","46.2809"
"129.6400","2.1589","46.2838"
"129.6600","2.1592","46.2632"
"129.6800","2.1596","46.2759"
"129.7000","2.1600","46.3515"
"129.7200","2.1604","46.3098"
"129.7400","2.1607","46.2641"
"129.7600","2.1610","46.2704"
"129.7800","2.1613","46.3255"
"129.8000","2.1617","46.3268"
"129.8200","2.1621","46.3829"
"129.8400","2.1625","46.3971"
"129.8600","2.1629","46.2988"
"129.8800","2.1632","46.1848"
"129.9000","2.1635","46.2553"
"129.9200","2.1637","46.3872"
"129.9400","2.1640","46.4120"
"129.9600","2.1643","46.3983"
"129.9800","2.1646","46.3944"
"130.0000","2.1650","46.3315"
"130.0200","2.1654","46.2951"
"130.0400","2.1658","46.3313"
"130.0600","2.1661","46.3642"
"130.0800","2.1664","46.3125"
"130.1000","2.1666","46.2027"
"130.1200","2.1669","46.2422"
"130.1400","2.1672","46.2886"
"130.1600","2.1676","46.3325"
"130.1800","2.1680","46.3769"
"130.2000","2.1685","46.3569"
"130.2200","2.1689","46.3557"
"130.2400","2.1692","46.3795"
"130.2600","2.1695","46.2810"
"130.2800","2.1697","46.2515"
"130.3000","2.1700","46.3526"
"130.3200","2.1702","46.4071"
"130.3400","2.1706","46.3832"
"130.3600","2.1709","46.2920"
"130.3800","2.1713","46.3461"
"130.4000","2.1717","46.3947"
"130.4200","2.1720","46.4067"
"130.4400","2.1723","46.4428"
"130.4600","2.1727","46.5441"
"130.4800","2.1730","46.4016"
"130.5000","2.1734","46.3524"
"130.5200","2.1738","46.3582"
"130.5400","2.1742","46.4135"
"130.5600","2.1746","46.4595"
"130.5800","2.1748","46.4574"
"130.6000","2.1751","46.4410"
"130.6200","2.1753","46.4194"
"130.6400","2.1756","46.3500"
"130.6600","2.1759","46.3780"
"130.6800","2.1763","46.4002"
"130.7000","2.1767","46.3771"
"130.7200","2.1770","46.4179"
"130.7400","2.1774","46.5236"
"130.7600","2.1777","46.4870"
"130.7800","2.1780","46.4729"
"130.8000","2.1782","46.3791"
"130.8200","2.1785","46.4085"
"130.8400","2.1789","46.4268"
"130.8600","2.1793","46.4229"
"130.8800","2.1798","46.4341"
"130.9000","2.1802","46.3921"
"130.9200","2.1806","46.3808"
"130.9400","2.1809","46.4580"
"130.9600","2.1811","46.4619"
"130.9800","2.1813","46.4319"
"131.0000","2.1816","46.4081"
"131.0200","2.1819","46.4144"
"131.0400","2.1822","46.4462"
"131.0600","2.1826","46.4219"
"131.0800","2.1830","46.3851"
"131.1000","2.1833","46.4266"
"131.1200","2.1836","46.4276"
"131.1400","2.1839","46.3783"
"131.1600","2.1843","46.3758"
"131.1800","2.1847","46.3560"
"131.2000","2.1851","46.3419"
"131.2200","2.1855","46.3512"
"131.2400","2.1859","46.4644"
"131.2600","2.1862","46.5293"
"131.2800","2.1865","46.5031"
"131.3000","2.1867","46.4318"
"131.3200","2.1870","46.3931"
"131.3400","2.1872","46.3464"
"131.3600","2.1876","46.3384"
"131.3800","2.1879","46.3432"
"131.4000","2.1883","46.3406"
"131.4200","2.1887","46.3972"
"131.4400","2.1890","46.3540"
"131.4600","2.1893","46.3146"
"131.4800","2.1896","46.3344"
"131.5000","2.1899","46.3055"
"131.5200","2.1902","46.2830"
"131.5400","2.1906","46.2686"
"131.5600","2.1910","46.2702"
"131.5800","2.1915","46.2471"
"131.6000","2.1919","46.2579"
"131.6200","2.1923","46.2655"
"131.6400","2.1925","46.2471"
"131.6600","2.1927","46.2063"
"131.6800","2.1930","46.1073"
"131.7000","2.1932","46.0812"
"131.7200","2.1936","46.1468"
"131.7400","2.1939","46.1524"
"131.7600","2.1943","46.0913"
"131.7800","2.1947","46.0947"
"131.8000","2.1950","46.0811"
"131.8200","2.1953","46.1732"
"131.8400","2.1956","46.1797"
"131.8600","2.1960","46.1574"
"131.8800","2.1964","46.1464"
"131.9000","2.1968","46.2212"
"131.9200","2.1972","46.1921"
"131.9400","2.1975","46.0882"
"131.9600","2.1978","46.1161"
"131.9800","2.1981","46.1792"
"132.0000","2.1983","46.1115"
"132.0200","2.1986","46.0576"
"132.0400","2.1989","46.1316"
"132.0600","2.1992","46.1226"
"132.0800","2.1996","46.1069"
"132.1000","2.2000","46.1689"
"132.1200","2.2004","46.2035"
"132.1400","2.2007","46.1460"
"132.1600","2.2010","46.0646"
"132.1800","2.2012","46.0386"
"132.2000","2.2015","46.0690"
"132.2200","2.2019","46.1088"
"132.2400","2.2023","46.1239"
"132.2600","2.2028","46.0844"
"132.2800","2.2032","46.1217"
"132.3000","2.2036","46.1520"
"132.3200","2.2039","46.1283"
"132.3400","2.2041","46.0999"
"132.3600","2.2043","46.0196"
"132.3800","2.2046","46.0989"
"132.4000","2.2049","46.1033"
"132.4200","2.2052","46.0928"
"132.4400","2.2056","46.1379"
"132.4600","2.2060","46.0370"
"132.4800","2.2063","46.0532"
"132.5000","2.2067","46.0907"
"132.5200","2.2070","46.1378"
"132.5400","2.2073","46.0521"
"132.5600","2.2077","46.0171"
"132.5800","2.2081","46.0478"
"132.6000","2.2085","46.0345"
"132.6200","2.2089","46.0560"
"132.6400","2.2092","46.0801"
"132.6600","2.2095","46.1041"
"132.6800","2.2097","46.0518"
"132.7000","2.2099","46.0138"
"132.7200","2.2102","45.9843"
"132.7400","2.2106","46.0811"
"132.7600","2.2110","46.1497"
"132.7800","2.2114","46.1403"
"132.8000","2.2117","46.1194"
"132.8200","2.2121","46.0764"
"132.8400","2.2124","46.0276"
"132.8600","2.2126","45.9940"
"132.8800","2.2129","46.0062"
"132.9000","2.2132","46.0634"
"132.9200","2.2136","46.0703"
"132.9400","2.2140","46.0571"
"132.9600","2.2145","46.0879"
"132.9800","2.2150","46.0616"
"133.0000","2.2153","46.1142"
"133.0200","2.2155","46.1025"
"133.0400","2.2157","46.0950"
"133.0600","2.2160","46.1551"
"133.0800","2.2162","46.1341"
"133.1000","2.2166","46.0679"
"133.1200","2.2169","46.1483"
"133.1400","2.2173","46.1225"
"133.1600","2.2177","46.1094"
"133.1800","2.2180","46.1593"
"133.2000","2.2184","46.1048"
"133.2200","2.2187","46.0334"
"133.2400","2.2190","45.9192"
"133.2600","2.2194","45.8759"
"133.2800","2.2198","45.9334"
"133.3000","2.2202","45.9389"
"133.3200","2.2206","45.9870"
"133.3400","2.2208","46.0303"
"133.3600","2.2211","46.0165"
"133.3800","2.2213","45.9732"
"133.4000","2.2216","45.9687"
"133.4200","2.2219","45.9974"
"133.4400","2.2223","45.9590"
"133.4600","2.2227","45.9620"
"133.4800","2.2230","45.9792"
"133.5000","2.2234","45.9215"
"133.5200","2.2237","45.9239"
"133.5400","2.2240","45.9754"
"133.5600","2.2242","45.9761"
"133.5800","2.2245","45.9261"
"133.6000","2.2249","45.8224"
"133.6200","2.2253","45.7863"
"133.6400","2.2258","45.8595"
"133.6600","2.2263","45.8913"
"133.6800","2.2266","45.8957"
"133.7000","2.2269","45.8327"
"133.7200","2.2271","45.8713"
"133.7400","2.2274","45.9077"
"133.7600","2.2276","45.8770"
"133.7800","2.2279","45.8515"
"133.8000","2.2283","45.8111"
"133.8200","2.2286","45.7675"
"133.8400","2.2290","45.8115"
"133.8600","2.2294","45.8477"
"133.8800","2.2297","45.8610"
"133.9000","2.2300","45.8456"
"133.9200","2.2303","45.7279"
"133.9400","2.2307","45.6616"
"133.9600","2.2311","45.6848"
"133.9800","2.2315","45.7639"
"134.0000","2.2319","45.8162"
"134.0200","2.2322","45.7992"
"134.0400","2.2324","45.7915"
"134.0600","2.2327","45.7784"
"134.0800","2.2329","45.6597"
"134.1000","2.2332","45.6327"
"134.1200","2.2336","45.6483"
"134.1400","2.2339","45.6900"
"134.1600","2.2343","45.7531"
"134.1800","2.2347","45.7535"
"134.2000","2.2351","45.7209"
"134.2200","2.2353","45.6815"
"134.2400","2.2356","45.6662"
"134.2600","2.2359","45.6815"
"134.2800","2.2362","45.7263"
"134.3000","2.2366","45.7101"
"134.3200","2.2370","45.6476"
"134.3400","2.2375","45.6218"
"134.3600","2.2379","45.5505"
"134.3800","2.2382","45.5789"
"134.4000","2.2385","45.6362"
"134.4200","2.2387","45.6145"
"134.4400","2.2390","45.5879"
"134.4600","2.2392","45.6569"
"134.4800","2.2396","45.6238"
"134.5000","2.2399","45.6086"
"134.5200","2.2403","45.6225"
"134.5400","2.2407","45.5919"
"134.5600","2.2410","45.5866"
"134.5800","2.2413","45.6012"
"134.6000","2.2416","45.6414"
"134.6200","2.2420","45.5569"
"134.6400","2.2424","45.5840"
"134.6600","2.2428","45.5183"
"134.6800","2.2432","45.4730"
"134.7000","2.2435","45.5308"
"134.7200","2.2438","45.4943"
"134.7400","2.2440","45.5134"
"134.7600","2.2443","45.5627"
"134.7800","2.2445","45.6019"
"134.8000","2.2449","45.5154"
"134.8200","2.2452","45.5081"
"134.8400","2.2456","45.5578"
"134.8600","2.2460","45.5076"
"134.8800","2.2464","45.5329"
"134.9000","2.2467","45.4881"
"134.9200","2.2470","45.4912"
"134.9400","2.2472","45.4670"
"134.9600","2.2475","45.5691"
"134.9800","2.2479","45.5614"
"135.0000","2.2483","45.5398"
"135.0200","2.2488","45.5310"
"135.0400","2.2492","45.5314"
"135.0600","2.2496","45.5611"
"135.0800","2.2498","45.5721"
"135.1000","2.2501","45.5630"
"135.1200","2.2503","45.5250"
"135.1400","2.2506","45.4702"
"135.1600","2.2509","45.5241"
"135.1800","2.2513","45.5399"
"135.2000","2.2516","45.5123"
"135.2200","2.2520","45.5288"
"135.2400","2.2524","45.4743"
"135.2600","2.2527","45.3514"
"135.2800","2.2530","45.3453"
"135.3000","2.2534","45.4224"
"135.3200","2.2537","45.5005"
"135.3400","2.2541","45.4457"
"135.3600","2.2545","45.4700"
"135.3800","2.2549","45.5096"
"135.4000","2.2552","45.4018"
"135.4200","2.2554","45.3871"
"135.4400","2.2557","45.4238"
"135.4600","2.2559","45.3658"
"135.4800","2.2562","45.2980"
"135.5000","2.2566","45.2792"
"135.5200","2.2569","45.3572"
"135.5400","2.2573","45.3419"
"135.5600","2.2577","45.3942"
"135.5800","2.2580","45.3967"
"135.6000","2.2583","45.4054"
"135.6200","2.2586","45.3469"
"135.6400","2.2589","45.3338"
"135.6600","2.2592","45.2897"
"135.6800","2.2596","45.3012"
"135.7000","2.2601","45.1982"
"135.7200","2.2605","45.1995"
"135.7400","2.2609","45.2090"
"135.7600","2.2612","45.1774"
"135.7800","2.2615","45.1832"
"135.8000","2.2617","45.1845"
"135.8200","2.2619","45.2034"
"135.8400","2.2623","45.2140"
"135.8600","2.2626","45.2489"
"135.8800","2.2630","45.2142"
"135.9000","2.2634","45.2496"
"135.9200","2.2637","45.1878"
"135.9400","2.2640","45.1348"
"135.9600","2.2643","45.1944"
"135.9800","2.2647","45.1895"
"136.0000","2.2650","45.2068"
"136.0200","2.2654","45.1616"
"136.0400","2.2658","45.1517"
"136.0600","2.2662","45.1094"
"136.0800","2.2665","45.1497"
"136.1000","2.2668","45.1697"
"136.1200","2.2670","45.2235"
"136.1400","2.2673","45.2000"
"136.1600","2.2675","45.1516"
"136.1800","2.2679","45.0841"
"136.2000","2.2682","45.1114"
"136.2200","2.2686","45.1350"
"136.2400","2.2690","45.1667"
"136.2600","2.2693","45.0814"
"136.2800","2.2697","45.0188"
"136.3000","2.2699","45.0217"
"136.3200","2.2702","44.9895"
"136.3400","2.2705","45.0465"
"136.3600","2.2709","45.0301"
"136.3800","2.2714","45.0361"
"136.4000","2.2718","45.0475"
"136.4200","2.2723","45.1505"
"136.4400","2.2726","45.1234"
"136.4600","2.2728","45.0157"
"136.4800","2.2730","44.9798"
"136.5000","2.2733","44.9379"
"136.5200","2.2736","44.9464"
"136.5400","2.2739","44.9954"
"136.5600","2.2743","44.9656"
"136.5800","2.2747","44.9867"
"136.6000","2.2751","44.9634"
"136.6200","2.2754","45.0095"
"136.6400","2.2757","44.9503"
"136.6600","2.2760","44.8846"
"136.6800","2.2764","44.8587"
"136.7000","2.2767","44.8825"
"136.7200","2.2771","44.8379"
"136.7400","2.2775","44.7303"
"136.7600","2.2779","44.7740"
"136.7800","2.2781","44.7486"
"136.8000","2.2784","44.7390"
"136.8200","2.2786","44.7429"
"136.8400","2.2789","44.6953"
"136.8600","2.2792","44.6859"
"136.8800","2.2796","44.6580"
"136.9000","2.2800","44.6803"
"136.9200","2.2803","44.6726"
"136.9400","2.2807","44.5706"
"136.9600","2.2810","44.5959"
"136.9800","2.2813","44.5638"
"137.0000","2.2816","44.4925"
"137.0200","2.2819","44.5632"
"137.0400","2.2822","44.5018"
"137.0600","2.2827","44.5720"
"137.0800","2.2831","44.4955"
"137.1000","2.2836","44.4384"
"137.1200","2.2840","44.4621"
"137.1400","2.2842","44.5040"
"137.1600","2.2844","44.4990"
"137.1800","2.2846","44.5172"
"137.2000","2.2849","44.4617"
"137.2200","2.2852","44.3833"
"137.2400","2.2856","44.3023"
"137.2600","2.2860","44.3397"
"137.2800","2.2864","44.3891"
"137.3000","2.2868","44.4320"
"137.3200","2.2871","44.4700"
"137.3400","2.2874","44.3750"
"137.3600","2.2877","44.3560"
"137.3800","2.2880","44.3041"
"137.4000","2.2884","44.4096"
"137.4200","2.2888","44.4208"
"137.4400","2.2892","44.4168"
"137.4600","2.2895","44.3684"
"137.4800","2.2897","44.3786"
"137.5000","2.2900","44.4295"
"137.5200","2.2903","44.3163"
"137.5400","2.2905","44.3814"
"137.5600","2.2909","44.4492"
"137.5800","2.2913","44.4505"
"137.6000","2.2917","44.4231"
"137.6200","2.2920","44.4461"
"137.6400","2.2924","44.3802"
"137.6600","2.2926","44.4637"
"137.6800","2.2929","44.4689"
"137.7000","2.2932","44.4194"
"137.7200","2.2935","44.3201"
"137.7400","2.2939","44.3162"
"137.7600","2.2944","44.3905"
"137.7800","2.2949","44.4080"
"137.8000","2.2953","44.4212"
"137.8200","2.2956","44.3689"
"137.8400","2.2958","44.3281"
"137.8600","2.2960","44.3606"
"137.8800","2.2963","44.3848"
"137.9000","2.2966","44.3828"
"137.9200","2.2969","44.4166"
"137.9400","2.2973","44.4748"
"137.9600","2.2977","44.4507"
"137.9800","2.2981","44.5000"
"138.0000","2.2984","44.4631"
"138.0200","2.2988","44.4406"
"138.0400","2.2991","44.4338"
"138.0600","2.2994","44.4250"
"138.0800","2.2997","44.3960"
"138.1000","2.3001","44.4423"
"138.1200","2.3005","44.4114"
"138.1400","2.3008","44.4042"
"138.1600","2.3011","44.4609"
"138.1800","2.3014","44.4012"
"138.2000","2.3016","44.3283"
"138.2200","2.3019","44.3070"
"138.2400","2.3022","44.3626"
"138.2600","2.3026","44.3889"
"138.2800","2.3029","44.4117"
"138.3000","2.3033","44.3745"
"138.3200","2.3037","44.4171"
"138.3400","2.3040","44.3972"
"138.3600","2.3043","44.3342"
"138.3800","2.3045","44.3385"
"138.4000","2.3048","44.3754"
"138.4200","2.3052","44.4614"
"138.4400","2.3056","44.5049"
"138.4600","2.3061","44.4521"
"138.4800","2.3066","44.4146"
"138.5000","2.3070","44.4431"
"138.5200","2.3072","44.4672"
"138.5400","2.3074","44.4818"
"138.5600","2.3077","44.5265"
"138.5800","2.3079","44.4909"
"138.6000","2.3082","44.4120"
"138.6200","2.3086","44.3838"
"138.6400","2.3090","44.3645"
"138.6600","2.3094","44.3777"
"138.6800","2.3097","44.3682"
"138.7000","2.3101","44.4056"
"138.7200","2.3104","44.3580"
"138.7400","2.3107","44.4454"
"138.7600","2.3110","44.5331"
"138.7800","2.3114","44.4967"
"138.8000","2.3118","44.4727"
"138.8200","2.3122","44.4701"
"138.8400","2.3125","44.3471"
"138.8600","2.3128","44.3293"
"138.8800","2.3130","44.3135"
"138.9000","2.3133","44.3049"
"138.9200","2.3136","44.3199"
"138.9400","2.3139","44.3841"
"138.9600","2.3143","44.3801"
"138.9800","2.3147","44.4379"
"139.0000","2.3150","44.4363"
"139.0200","2.3154","44.3043"
"139.0400","2.3156","44.2726"
"139.0600","2.3159","44.3196"
"139.0800","2.3162","44.3189"
"139.1000","2.3165","44.3590"
"139.1200","2.3169","44.3792"
"139.1400","2.3174","44.4020"
"139.1600","2.3178","44.3866"
"139.1800","2.3182","44.4298"
"139.2000","2.3186","44.4136"
"139.2200","2.3188","44.3983"
"139.2400","2.3190","44.3954"
"139.2600","2.3193","44.3738"
"139.2800","2.3196","44.3063"
"139.3000","2.3199","44.2777"
"139.3200","2.3203","44.3895"
"139.3400","2.3207","44.4019"
"139.3600","2.3210","44.3814"
"139.3800","2.3214","44.3091"
"139.4000","2.3217","44.3561"
"139.4200","2.3220","44.3980"
"139.4400","2.3223","44.3582"
"139.4600","2.3227","44.3480"
"139.4800","2.3231","44.4391"
"139.5000","2.3235","44.4078"
"139.5200","2.3239","44.4064"
"139.5400","2.3241","44.3533"
"139.5600","2.3244","44.3649"
"139.5800","2.3246","44.3185"
"139.6000","2.3249","44.3417"
"139.6200","2.3252","44.3173"
"139.6400","2.3256","44.3643"
"139.6600","2.3260","44.3343"
"139.6800","2.3263","44.3788"
"139.7000","2.3267","44.4193"
"139.7200","2.3270","44.3708"
"139.7400","2.3273","44.3558"
"139.7600","2.3275","44.2172"
"139.7800","2.3278","44.1694"
"139.8000","2.3282","44.2317"
"139.8200","2.3287","44.2301"
"139.8400","2.3291","44.3147"
"139.8600","2.3296","44.2623"
"139.8800","2.3299","44.1849"
"139.9000","2.3302","44.2072"
"139.9200","2.3304","44.2690"
"139.9400","2.3306","44.3044"
"139.9600","2.3309","44.2713"
"139.9800","2.3312","44.2537"
"140.0000","2.3316","44.2147"
"140.0200","2.3320","44.1092"
"140.0400","2.3324","44.0979"
"140.0600","2.3327","44.1375"
"140.0800","2.3330","44.2065"
"140.1000","2.3333","44.2055"
"140.1200","2.3337","44.1875"
"140.1400","2.3340","44.2467"
"140.1600","2.3345","44.2293"
"140.1800","2.3349","44.2316"
"140.2000","2.3352","44.1726"
"140.2200","2.3355","44.1070"
"140.2400","2.3358","44.1154"
"140.2600","2.3360","44.1114"
"140.2800","2.3363","44.1740"
"140.3000","2.3366","44.1289"
"140.3200","2.3369","44.1134"
"140.3400","2.3373","44.0634"
"140.3600","2.3377","44.0678"
"140.3800","2.3380","44.1826"
"140.4000","2.3383","44.1901"
"140.4200","2.3386","44.0810"
"140.4400","2.3389","44.0732"
"140.4600","2.3392","44.1411"
"140.4800","2.3395","44.1103"
"140.5000","2.3399","44.0930"
"140.5200","2.3404","44.0841"
"140.5400","2.3409","44.1668"
"140.5600","2.3412","44.1880"
"140.5800","2.3415","44.1281"
"140.6000","2.3418","44.0418"
"140.6200","2.3420","44.0311"
"140.6400","2.3423","44.0840"
"140.6600","2.3426","44.1020"
"140.6800","2.3429","44.1145"
"140.7000","2.3433","44.0805"
"140.7200","2.3437","44.0687"
"140.7400","2.3441","44.1230"
"140.7600","2.3444","44.1118"
"140.7800","2.3447","44.1498"
"140.8000","2.3450","44.1194"
"140.8200","2.3454","44.0115"
"140.8400","2.3458","44.0875"
"140.8600","2.3462","44.0977"
"140.8800","2.3466","44.1192"
"140.9000","2.3469","44.0651"
"140.9200","2.3472","44.0447"
"140.9400","2.3474","44.0692"
"140.9600","2.3476","44.0415"
"140.9800","2.3479","44.0384"
"141.0000","2.3483","43.9380"
"141.0200","2.3486","43.9619"
"141.0400","2.3490","44.0871"
"141.0600","2.3494","44.1378"
"141.0800","2.3497","44.0985"
"141.1000","2.3500","44.0442"
"141.1200","2.3503","44.0159"
"141.1400","2.3505","44.0244"
"141.1600","2.3509","44.0535"
"141.1800","2.3512","44.0735"
"141.2000","2.3517","44.0454"
"141.2200","2.3522","44.0590"
"141.2400","2.3526","44.1350"
"141.2600","2.3529","44.1284"
"141.2800","2.3531","44.0702"
"141.3000","2.3534","44.1368"
"141.3200","2.3536","44.1973"
"141.3400","2.3539","44.1538"
"141.3600","2.3543","44.1066"
"141.3800","2.3547","44.0830"
"141.4000","2.3550","44.1720"
"141.4200","2.3554","44.1625"
"141.4400","2.3557","44.0807"
"141.4600","2.3560","44.0989"
"141.4800","2.3563","44.1884"
"141.5000","2.3567","44.1796"
"141.5200","2.3570","44.2006"
"141.5400","2.3575","44.1488"
"141.5600","2.3579","44.1431"
"141.5800","2.3582","44.1192"
"141.6000","2.3585","44.1486"
"141.6200","2.3588","44.1694"
"141.6400","2.3590","44.1615"
"141.6600","2.3593","44.0897"
"141.6800","2.3596","44.0883"
"141.7000","2.3600","44.1662"
"141.7200","2.3603","44.1891"
"141.7400","2.3607","44.2070"
"141.7600","2.3611","44.1753"
"141.7800","2.3614","44.1567"
"141.8000","2.3616","44.1821"
"141.8200","2.3619","44.1999"
"141.8400","2.3622","44.2458"
"141.8600","2.3625","44.2152"
"141.8800","2.3629","44.2543"
"141.9000","2.3634","44.2219"
"141.9200","2.3638","44.2038"
"141.9400","2.3642","44.1601"
"141.9600","2.3645","44.1819"
"141.9800","2.3647","44.2156"
"142.0000","2.3649","44.1962"
"142.0200","2.3652","44.1934"
"142.0400","2.3656","44.1879"
"142.0600","2.3659","44.2549"
"142.0800","2.3663","44.3189"
"142.1000","2.3667","44.2941"
"142.1200","2.3670","44.3111"
"142.1400","2.3674","44.2485"
"142.1600","2.3677","44.2494"
"142.1800","2.3680","44.2517"
"142.2000","2.3683","44.2491"
"142.2200","2.3687","44.1623"
"142.2400","2.3692","44.2080"
"142.2600","2.3695","44.2883"
"142.2800","2.3699","44.2946"
"142.3000","2.3701","44.2192"
"142.3200","2.3704","44.2256"
"142.3400","2.3706","44.2583"
"142.3600","2.3709","44.1993"
"142.3800","2.3713","44.2279"
"142.4000","2.3716","44.2302"
"142.4200","2.3720","44.1846"
"142.4400","2.3724","44.1414"
"142.4600","2.3727","44.1966"
"142.4800","2.3730","44.1807"
"142.5000","2.3733","44.3003"
"142.5200","2.3735","44.3214"
"142.5400","2.3738","44.2321"
"142.5600","2.3742","44.1761"
"142.5800","2.3747","44.2028"
"142.6000","2.3751","44.2604"
"142.6200","2.3755","44.2751"
"142.6400","2.3759","44.1798"
"142.6600","2.3761","44.2543"
"142.6800","2.3763","44.3073"
"142.7000","2.3766","44.3352"
"142.7200","2.3769","44.3149"
"142.7400","2.3772","44.3005"
"142.7600","2.3776","44.3006"
"142.7800","2.3780","44.3342"
"142.8000","2.3784","44.3878"
"142.8200","2.3787","44.4349"
"142.8400","2.3790","44.3311"
"142.8600","2.3793","44.3090"
"142.8800","2.3796","44.2530"
"142.9000","2.3800","44.2684"
"142.9200","2.3805","44.2382"
"142.9400","2.3809","44.2774"
"142.9600","2.3812","44.2254"
"142.9800","2.3815","44.3227"
"143.0000","2.3817","44.3606"
"143.0200","2.3820","44.3578"
"143.0400","2.3823","44.3193"
"143.0600","2.3826","44.2555"
"143.0800","2.3829","44.2762"
"143.1000","2.3833","44.3062"
"143.1200","2.3837","44.3416"
"143.1400","2.3841","44.4463"
"143.1600","2.3844","44.4127"
"143.1800","2.3846","44.3804"
"143.2000","2.3849","44.3145"
"143.2200","2.3852","44.2154"
"143.2400","2.3855","44.2166"
"143.2600","2.3859","44.2080"
"143.2800","2.3864","44.2462"
"143.3000","2.3869","44.3624"
"143.3200","2.3872","44.3415"
"143.3400","2.3875","44.3616"
"143.3600","2.3877","44.3715"
"143.3800","2.3880","44.4269"
"143.4000","2.3882","44.4012"
"143.4200","2.3885","44.3117"
"143.4400","2.3889","44.3354"
"143.4600","2.3893","44.3005"
"143.4800","2.3897","44.3435"
"143.5000","2.3901","44.3529"
"143.5200","2.3904","44.5219"
"143.5400","2.3907","44.5009"
"143.5600","2.3910","44.3724"
"143.5800","2.3913","44.2741"
"143.6000","2.3918","44.3379"
"143.6200","2.3922","44.4381"
"143.6400","2.3926","44.4674"
"143.6600","2.3929","44.4151"
"143.6800","2.3931","44.4230"
"143.7000","2.3933","44.4869"
"143.7200","2.3936","44.4339"
"143.7400","2.3939","44.4026"
"143.7600","2.3942","44.3954"
"143.7800","2.3946","44.3890"
"143.8000","2.3950","44.4248"
"143.8200","2.3954","44.4432"
"143.8400","2.3958","44.3975"
"143.8600","2.3960","44.3369"
"143.8800","2.3963","44.3915"
"143.9000","2.3966","44.4497"
"143.9200","2.3969","44.4232"
"143.9400","2.3973","44.4467"
"143.9600","2.3977","44.3928"
"143.9800","2.3982","44.3891"
"144.0000","2.3986","44.3564"
"144.0200","2.3989","44.3974"
"144.0400","2.3991","44.3991"
"144.0600","2.3994","44.3607"
"144.0800","2.3996","44.3762"
"144.1000","2.3999","44.4743"
"144.1200","2.4003","44.4731"
"144.1400","2.4006","44.4286"
"144.1600","2.4010","44.4732"
"144.1800","2.4014","44.4588"
"144.2000","2.4017","44.4666"
"144.2200","2.4020","44.5058"
"144.2400","2.4023","44.4972"
"144.2600","2.4027","44.4737"
"144.2800","2.4031","44.4152"
"144.3000","2.4035","44.4084"
"144.3200","2.4039","44.4633"
"144.3400","2.4042","44.5176"
"144.3600","2.4045","44.4781"
"144.3800","2.4047","44.4853"
"144.4000","2.4050","44.4144"
"144.4200","2.4053","44.4229"
"144.4400","2.4056","44.4649"
"144.4600","2.4059","44.4943"
"144.4800","2.4063","44.4430"
"144.5000","2.4067","44.4403"
"144.5200","2.4071","44.4667"
"144.5400","2.4074","44.4442"
"144.5600","2.4076","44.4054"
"144.5800","2.4079","44.4695"
"144.6000","2.4082","44.4384"
"144.6200","2.4086","44.4098"
"144.6400","2.4090","44.4411"
"144.6600","2.4095","44.4392"
"144.6800","2.4099","44.5228"
"144.7000","2.4102","44.5485"
"144.7200","2.4105","44.4744"
"144.7400","2.4107","44.4520"
"144.7600","2.4110","44.4040"
"144.7800","2.4112","44.4497"
"144.8000","2.4116","44.4766"
"144.8200","2.4119","44.4268"
"144.8400","2.4123","44.4728"
"144.8600","2.4127","44.5832"
"144.8800","2.4130","44.6270"
"144.9000","2.4133","44.5360"
"144.9200","2.4137","44.4963"
"144.9400","2.4140","44.4819"
"144.9600","2.4144","44.4812"
"144.9800","2.4148","44.4901"
"145.0000","2.4152","44.5176"
"145.0200","2.4156","44.5128"
"145.0400","2.4159","44.5099"
"145.0600","2.4161","44.4994"
"145.0800","2.4163","44.5388"
"145.1000","2.4166","44.5196"
"145.1200","2.4169","44.5043"
"145.1400","2.4172","44.5220"
"145.1600","2.4176","44.5007"
"145.1800","2.4180","44.5143"
"145.2000","2.4184","44.4719"
"145.2200","2.4187","44.4779"
"145.2400","2.4190","44.4592"
"145.2600","2.4193","44.5367"
"145.2800","2.4195","44.5985"
"145.3000","2.4199","44.5860"
"145.3200","2.4203","44.5550"
"145.3400","2.4208","44.5051"
"145.3600","2.4212","44.5490"
"145.3800","2.4216","44.6223"
"145.4000","2.4219","44.6362"
"145.4200","2.4221","44.6015"
"145.4400","2.4223","44.5135"
"145.4600","2.4226","44.4461"
"145.4800","2.4229","44.5609"
"145.5000","2.4232","44.6370"
"145.5200","2.4236","44.6302"
"145.5400","2.4240","44.6731"
"145.5600","2.4243","44.5901"
"145.5800","2.4247","44.5661"
"145.6000","2.4250","44.5747"
"145.6200","2.4253","44.5910"
"145.6400","2.4256","44.5236"
"145.6600","2.4261","44.5353"
"145.6800","2.4265","44.5282"
"145.7000","2.4269","44.4982"
"145.7200","2.4272","44.5451"
"145.7400","2.4275","44.5786"
"145.7600","2.4277","44.5047"
"145.7800","2.4280","44.4707"
"145.8000","2.4283","44.5533"
"145.8200","2.4286","44.6285"
"145.8400","2.4289","44.5860"
"145.8600","2.4293","44.5434"
"145.8800","2.4297","44.6327"
"145.9000","2.4301","44.5998"
"145.9200","2.4303","44.5917"
"145.9400","2.4306","44.5553"
"145.9600","2.4309","44.5648"
"145.9800","2.4312","44.5707"
"146.0000","2.4316","44.5371"
"146.0200","2.4320","44.5398"
"146.0400","2.4325","44.5529"
"146.0600","2.4329","44.5443"
"146.0800","2.4333","44.5088"
"146.1000","2.4335","44.5547"
"146.1200","2.4337","44.6457"
"146.1400","2.4340","44.5618"
"146.1600","2.4342","44.5586"
"146.1800","2.4346","44.5502"
"146.2000","2.4349","44.5203"
"146.2200","2.4353","44.4795"
"146.2400","2.4357","44.4815"
"146.2600","2.4360","44.5185"
"146.2800","2.4363","44.5234"
"146.3000","2.4366","44.5399"
"146.3200","2.4370","44.5548"
"146.3400","2.4374","44.4592"
"146.3600","2.4378","44.5305"
"146.3800","2.4382","44.6540"
"146.4000","2.4386","44.6037"
"146.4200","2.4388","44.5710"
"146.4400","2.4391","44.4942"
"146.4600","2.4393","44.4984"
"146.4800","2.4396","44.5277"
"146.5000","2.4399","44.4962"
"146.5200","2.4402","44.5079"
"146.5400","2.4406","44.4196"
"146.5600","2.4410","44.4067"
"146.5800","2.4414","44.4852"
"146.6000","2.4417","44.5592"
"146.6200","2.4420","44.5579"
"146.6400","2.4422","44.5798"
"146.6600","2.4425","44.6439"
"146.6800","2.4429","44.5197"
"146.7000","2.4433","44.5428"
"146.7200","2.4437","44.5549"
"146.7400","2.4442","44.5068"
"146.7600","2.4446","44.4893"
"146.7800","2.4449","44.6085"
"146.8000","2.4451","44.6057"
"146.8200","2.4453","44.5503"
"146.8400","2.4456","44.5411"
"146.8600","2.4459","44.4774"
"146.8800","2.4462","44.4224"
"146.9000","2.4466","44.4154"
"146.9200","2.4470","44.4517"
"146.9400","2.4473","44.4459"
"146.9600","2.4477","44.4962"
"146.9800","2.4480","44.4519"
"147.0000","2.4483","44.5790"
"147.0200","2.4487","44.6712"
"147.0400","2.4491","44.6593"
"147.0600","2.4495","44.6586"
"147.0800","2.4499","44.6337"
"147.1000","2.4502","44.5891"
"147.1200","2.4505","44.5704"
"147.1400","2.4507","44.5621"
"147.1600","2.4510","44.5513"
"147.1800","2.4512","44.6091"
"147.2000","2.4516","44.6103"
"147.2200","2.4519","44.5684"
"147.2400","2.4523","44.5999"
"147.2600","2.4527","44.6408"
"147.2800","2.4531","44.6202"
"147.3000","2.4533","44.5193"
"147.3200","2.4536","44.4310"
"147.3400","2.4539","44.4596"
"147.3600","2.4542","44.5240"
"147.3800","2.4545","44.4864"
"147.4000","2.4550","44.4392"
"147.4200","2.4555","44.4972"
"147.4400","2.4559","44.5239"
"147.4600","2.4563","44.6266"
"147.4800","2.4565","44.6632"
"147.5000","2.4568","44.6384"
"147.5200","2.4570","44.5964"
"147.5400","2.4572","44.5740"
"147.5600","2.4575","44.5403"
"147.5800","2.4579","44.5113"
"147.6000","2.4583","44.4930"
"147.6200","2.4587","44.5318"
"147.6400","2.4591","44.5832"
"147.6600","2.4594","44.5242"
"147.6800","2.4597","44.4782"
"147.7000","2.4600","44.5290"
"147.7200","2.4604","44.6025"
"147.7400","2.4608","44.6317"
"147.7600","2.4612","44.5228"
"147.7800","2.4616","44.5256"
"147.8000","2.4618","44.4802"
"147.8200","2.4621","44.5719"
"147.8400","2.4623","44.5601"
"147.8600","2.4626","44.5257"
"147.8800","2.4629","44.5655"
"147.9000","2.4632","44.5810"
"147.9200","2.4636","44.5724"
"147.9400","2.4640","44.5056"
"147.9600","2.4644","44.5071"
"147.9800","2.4647","44.5284"
"148.0000","2.4650","44.5254"
"148.0200","2.4652","44.5056"
"148.0400","2.4655","44.5440"
"148.0600","2.4659","44.5044"
"148.0800","2.4663","44.4835"
"148.1000","2.4668","44.5131"
"148.1200","2.4672","44.4939"
"148.1400","2.4676","44.5311"
"148.1600","2.4679","44.5056"
"148.1800","2.4682","44.5104"
"148.2000","2.4684","44.5059"
"148.2200","2.4686","44.5224"
"148.2400","2.4689","44.5657"
"148.2600","2.4693","44.5096"
"148.2800","2.4696","44.5611"
"148.3000","2.4700","44.5152"
"148.3200","2.4703","44.4937"
"148.3400","2.4707","44.4703"
"148.3600","2.4710","44.5225"
"148.3800","2.4713","44.5129"
"148.4000","2.4717","44.5094"
"148.4200","2.4721","44.5514"
"148.4400","2.4725","44.5317"
"148.4600","2.4729","44.5147"
"148.4800","2.4732","44.4527"
"148.5000","2.4735","44.4842"
"148.5200","2.4737","44.5745"
"148.5400","2.4739","44.5571"
"148.5600","2.4742","44.5837"
"148.5800","2.4746","44.5581"
"148.6000","2.4749","44.5091"
"148.6200","2.4753","44.4735"
"148.6400","2.4757","44.4839"
"148.6600","2.4761","44.4851"
"148.6800","2.4763","44.5020"
"148.7000","2.4766","44.4971"
"148.7200","2.4769","44.4720"
"148.7400","2.4772","44.4322"
"148.7600","2.4776","44.4211"
"148.7800","2.4780","44.4293"
"148.8000","2.4785","44.4682"
"148.8200","2.4789","44.4110"
"148.8400","2.4793","44.4519"
"148.8600","2.4795","44.4794"
"148.8800","2.4797","44.4623"
"148.9000","2.4800","44.5093"
"148.9200","2.4803","44.5293"
"148.9400","2.4806","44.5247"
"148.9600","2.4809","44.6037"
"148.9800","2.4813","44.5522"
"149.0000","2.4817","44.4470"
"149.0200","2.4820","44.4302"
"149.0400","2.4823","44.4395"
"149.0600","2.4827","44.4908"
"149.0800","2.4830","44.5488"
"149.1000","2.4834","44.5551"
"149.1200","2.4838","44.4794"
"149.1400","2.4842","44.4834"
"149.1600","2.4845","44.4834"
"149.1800","2.4848","44.4024"
"149.2000","2.4851","44.4591"
"149.2200","2.4853","44.5400"
"149.2400","2.4856","44.5259"
"149.2600","2.4859","44.4666"
"149.2800","2.4862","44.4773"
"149.3000","2.4866","44.4824"
"149.3200","2.4870","44.4800"
"149.3400","2.4874","44.4655"
"149.3600","2.4877","44.4384"
"149.3800","2.4880","44.4345"
"149.4000","2.4883","44.5544"
"149.4200","2.4886","44.5067"
"149.4400","2.4889","44.4319"
"149.4600","2.4893","44.4399"
"149.4800","2.4898","44.5323"
"149.5000","2.4902","44.5146"
"149.5200","2.4906","44.4851"
"149.5400","2.4909","44.4077"
"149.5600","2.4911","44.3855"
"149.5800","2.4913","44.4228"
"149.6000","2.4916","44.4902"
"149.6200","2.4919","44.5182"
"149.6400","2.4922","44.4383"
"149.6600","2.4926","44.5112"
"149.6800","2.4930","44.5074"
"149.7000","2.4934","44.5063"
"149.7200","2.4937","44.4863"
"149.7400","2.4940","44.4648"
"149.7600","2.4943","44.4756"
"149.7800","2.4947","44.4741"
"149.8000","2.4951","44.4991"
"149.8200","2.4955","44.4748"
"149.8400","2.4959","44.4492"
"149.8600","2.4962","44.3524"
"149.8800","2.4964","44.4345"
"149.9000","2.4967","44.4039"
"149.9200","2.4969","44.4114"
"149.9400","2.4972","44.4236"
"149.9600","2.4975","44.5221"
"149.9800","2.4979","44.5345"
"150.0000","2.4983","44.5073"
"150.0200","2.4987","44.5089"
"150.0400","2.4990","44.4335"
"150.0600","2.4993","44.3375"
"150.0800","2.4996","44.4182"
"150.1000","2.4999","44.4729"
"150.1200","2.5002","44.4984"
"150.1400","2.5005","44.5391"
"150.1600","2.5010","44.5591"
"150.1800","2.5015","44.5315"
"150.2000","2.5019","44.4893"
"150.2200","2.5022","44.3702"
"150.2400","2.5025","44.4732"
"150.2600","2.5027","44.5326"
"150.2800","2.5030","44.5040"
"150.3000","2.5032","44.4413"
"150.3200","2.5036","44.3737"
"150.3400","2.5040","44.4135"
"150.3600","2.5044","44.4458"
"150.3800","2.5047","44.4098"
"150.4000","2.5051","44.3687"
"150.4200","2.5054","44.3215"
"150.4400","2.5057","44.3633"
"150.4600","2.5060","44.4545"
"150.4800","2.5064","44.4352"
"150.5000","2.5068","44.4082"
"150.5200","2.5072","44.4070"
"150.5400","2.5075","44.3456"
"150.5600","2.5078","44.2916"
"150.5800","2.5080","44.3530"
"150.6000","2.5083","44.3607"
"150.6200","2.5085","44.3365"
"150.6400","2.5088","44.3568"
"150.6600","2.5092","44.4498"
"150.6800","2.5096","44.3078"
"150.7000","2.5100","44.3070"
"150.7200","2.5103","44.3480"
"150.7400","2.5107","44.3132"
"150.7600","2.5109","44.3410"
"150.7800","2.5112","44.3665"
"150.8000","2.5115","44.3888"
"150.8200","2.5119","44.4081"
"150.8400","2.5124","44.3972"
"150.8600","2.5128","44.3949"
"150.8800","2.5133","44.4092"
"150.9000","2.5136","44.4653"
"150.9200","2.5139","44.4616"
"150.9400","2.5141","44.3980"
"150.9600","2.5143","44.3622"
"150.9800","2.5146","44.2571"
"151.0000","2.5149","44.3638"
"151.0200","2.5153","44.4577"
"151.0400","2.5157","44.4073"
"151.0600","2.5161","44.3640"
"151.0800","2.5164","44.3669"
"151.1000","2.5167","44.3918"
"151.1200","2.5170","44.4283"
"151.1400","2.5174","44.4065"
"151.1600","2.5177","44.3672"
"151.1800","2.5181","44.3795"
"151.2000","2.5185","44.4315"
"151.2200","2.5189","44.3843"
"151.2400","2.5192","44.3445"
"151.2600","2.5194","44.3408"
"151.2800","2.5197","44.4408"
"151.3000","2.5199","44.4727"
"151.3200","2.5202","44.4117"
"151.3400","2.5206","44.3848"
"151.3600","2.5210","44.3955"
"151.3800","2.5214","44.4115"
"151.4000","2.5217","44.3595"
"151.4200","2.5221","44.3973"
"151.4400","2.5223","44.4046"
"151.4600","2.5226","44.3431"
"151.4800","2.5229","44.3137"
"151.5000","2.5232","44.3443"
"151.5200","2.5237","44.3547"
"151.5400","2.5241","44.3194"
"151.5600","2.5246","44.3134"
"151.5800","2.5250","44.3497"
"151.6000","2.5252","44.3144"
"151.6200","2.5254","44.3357"
"151.6400","2.5257","44.3830"
"151.6600","2.5259","44.3407"
"151.6800","2.5262","44.3143"
"151.7000","2.5266","44.3666"
"151.7200","2.5270","44.4345"
"151.7400","2.5274","44.4369"
"151.7600","2.5278","44.3994"
"151.7800","2.5281","44.3012"
"151.8000","2.5284","44.3407"
"151.8200","2.5287","44.3536"
"151.8400","2.5291","44.3268"
"151.8600","2.5294","44.3463"
"151.8800","2.5298","44.3511"
"151.9000","2.5302","44.2542"
"151.9200","2.5305","44.3003"
"151.9400","2.5308","44.3451"
"151.9600","2.5310","44.2960"
"151.9800","2.5313","44.3136"
"152.0000","2.5316","44.2626"
"152.0200","2.5319","44.2345"
"152.0400","2.5323","44.2039"
"152.0600","2.5326","44.2135"
"152.0800","2.5330","44.1815"
"152.1000","2.5334","44.2204"
"152.1200","2.5337","44.2688"
"152.1400","2.5339","44.2528"
"152.1600","2.5342","44.2464"
"152.1800","2.5345","44.1929"
"152.2000","2.5349","44.1400"
"152.2200","2.5354","44.1753"
"152.2400","2.5358","44.2847"
"152.2600","2.5363","44.2850"
"152.2800","2.5366","44.2624"
"152.3000","2.5368","44.2870"
"152.3200","2.5371","44.2794"
"152.3400","2.5373","44.2247"
"152.3600","2.5376","44.1454"
"152.3800","2.5379","44.1045"
"152.4000","2.5383","44.1458"
"152.4200","2.5387","44.2225"
"152.4400","2.5391","44.1713"
"152.4600","2.5394","44.1066"
"152.4800","2.5398","44.1862"
"152.5000","2.5401","44.2613"
"152.5200","2.5404","44.2891"
"152.5400","2.5407","44.2693"
"152.5600","2.5411","44.1436"
"152.5800","2.5415","44.1677"
"152.6000","2.5418","44.2816"
"152.6200","2.5421","44.2787"
"152.6400","2.5424","44.2429"
"152.6600","2.5426","44.2810"
"152.6800","2.5429","44.3036"
"152.7000","2.5432","44.2582"
"152.7200","2.5435","44.2430"
"152.7400","2.5439","44.2191"
"152.7600","2.5443","44.1576"
"152.7800","2.5447","44.2275"
"152.8000","2.5450","44.2797"
"152.8200","2.5453","44.2905"
"152.8400","2.5455","44.2557"
"152.8600","2.5458","44.1761"
"152.8800","2.5462","44.1443"
"152.9000","2.5466","44.1504"
"152.9200","2.5471","44.1643"
"152.9400","2.5476","44.2479"
"152.9600","2.5480","44.2980"
"152.9800","2.5483","44.2697"
"153.0000","2.5485","44.1881"
"153.0200","2.5487","44.1361"
"153.0400","2.5489","44.2287"
"153.0600","2.5493","44.2428"
"153.0800","2.5496","44.2224"
"153.1000","2.5500","44.2426"
"153.1200","2.5504","44.1866"
"153.1400","2.5507","44.2184"
"153.1600","2.5510","44.2965"
"153.1800","2.5514","44.2740"
"153.2000","2.5517","44.1683"
"153.2200","2.5520","44.1778"
"153.2400","2.5524","44.2352"
"153.2600","2.5528","44.1517"
"153.2800","2.5531","44.1708"
"153.3000","2.5535","44.1966"
"153.3200","2.5537","44.2442"
"153.3400","2.5540","44.2497"
"153.3600","2.5543","44.2473"
"153.3800","2.5546","44.2499"
"153.4000","2.5549","44.1959"
"153.4200","2.5553","44.1981"
"153.4400","2.5556","44.2167"
"153.4600","2.5560","44.2619"
"153.4800","2.5563","44.2510"
"153.5000","2.5566","44.3132"
"153.5200","2.5569","44.2911"
"153.5400","2.5572","44.2193"
"153.5600","2.5575","44.2344"
"153.5800","2.5579","44.2451"
"153.6000","2.5584","44.2392"
"153.6200","2.5588","44.1675"
"153.6400","2.5593","44.1987"
"153.6600","2.5596","44.2315"
"153.6800","2.5598","44.2717"
"153.7000","2.5600","44.2406"
"153.7200","2.5603","44.2239"
"153.7400","2.5606","44.2219"
"153.7600","2.5609","44.1896"
"153.7800","2.5613","44.2557"
"153.8000","2.5617","44.2983"
"153.8200","2.5620","44.3523"
"153.8400","2.5624","44.2095"
"153.8600","2.5627","44.2147"
"153.8800","2.5630","44.1876"
"153.9000","2.5633","44.2114"
"153.9200","2.5637","44.2043"
"153.9400","2.5641","44.3108"
"153.9600","2.5645","44.3479"
"153.9800","2.5649","44.3553"
"154.0000","2.5652","44.3030"
"154.0200","2.5654","44.2362"
"154.0400","2.5657","44.1879"
"154.0600","2.5659","44.2472"
"154.0800","2.5663","44.3234"
"154.1000","2.5666","44.2994"
"154.1200","2.5670","44.3368"
"154.1400","2.5674","44.3133"
"154.1600","2.5677","44.2435"
"154.1800","2.5680","44.2621"
"154.2000","2.5683","44.2586"
"154.2200","2.5686","44.3461"
"154.2400","2.5689","44.3477"
"154.2600","2.5692","44.3652"
"154.2800","2.5696","44.3779"
"154.3000","2.5701","44.3429"
"154.3200","2.5705","44.2786"
"154.3400","2.5709","44.2839"
"154.3600","2.5712","44.2826"
"154.3800","2.5714","44.2877"
"154.4000","2.5716","44.3898"
"154.4200","2.5719","44.3779"
"154.4400","2.5722","44.3678"
"154.4600","2.5726","44.3516"
"154.4800","2.5730","44.3235"
"154.5000","2.5734","44.2966"
"154.5200","2.5737","44.3590"
"154.5400","2.5740","44.3380"
"154.5600","2.5743","44.3509"
"154.5800","2.5747","44.2687"
"154.6000","2.5750","44.2952"
"154.6200","2.5755","44.3171"
"154.6400","2.5759","44.3192"
"154.6600","2.5763","44.3134"
"154.6800","2.5766","44.3454"
"154.7000","2.5768","44.2905"
"154.7200","2.5770","44.3166"
"154.7400","2.5773","44.3885"
"154.7600","2.5776","44.4276"
"154.7800","2.5779","44.3820"
"154.8000","2.5783","44.2916"
"154.8200","2.5787","44.2645"
"154.8400","2.5790","44.2519"
"154.8600","2.5793","44.2650"
"154.8800","2.5796","44.3532"
"154.9000","2.5799","44.4018"
"154.9200","2.5802","44.3688"
"154.9400","2.5805","44.3579"
"154.9600","2.5809","44.3986"
"154.9800","2.5814","44.4006"
"155.0000","2.5818","44.3184"
"155.0200","2.5822","44.3505"
"155.0400","2.5825","44.3682"
"155.0600","2.5828","44.3260"
"155.0800","2.5830","44.3300"
"155.1000","2.5833","44.3589"
"155.1200","2.5836","44.3787"
"155.1400","2.5839","44.3381"
"155.1600","2.5843","44.3179"
"155.1800","2.5847","44.4062"
"155.2000","2.5851","44.4430"
"155.2200","2.5854","44.3951"
"155.2400","2.5857","44.4065"
"155.2600","2.5860","44.4442"
"155.2800","2.5863","44.4508"
"155.3000","2.5867","44.4323"
"155.3200","2.5872","44.3959"
"155.3400","2.5876","44.3572"
"155.3600","2.5879","44.3903"
"155.3800","2.5882","44.3793"
"155.4000","2.5884","44.3387"
"155.4200","2.5887","44.2884"
"155.4400","2.5889","44.3116"
"155.4600","2.5892","44.3692"
"155.4800","2.5896","44.3218"
"155.5000","2.5900","44.3861"
"155.5200","2.5904","44.3699"
"155.5400","2.5907","44.2956"
"155.5600","2.5910","44.3366"
"155.5800","2.5913","44.3446"
"155.6000","2.5915","44.3227"
"155.6200","2.5918","44.2685"
"155.6400","2.5922","44.2385"
"155.6600","2.5926","44.1630"
"155.6800","2.5931","44.1964"
"155.7000","2.5936","44.2359"
"155.7200","2.5939","44.3129"
"155.7400","2.5942","44.3881"
"155.7600","2.5944","44.3813"
"155.7800","2.5947","44.3002"
"155.8000","2.5949","44.3159"
"155.8200","2.5953","44.3365"
"155.8400","2.5956","44.2863"
"155.8600","2.5960","44.2165"
"155.8800","2.5964","44.2718"
"155.9000","2.5967","44.2430"
"155.9200","2.5970","44.1975"
"155.9400","2.5973","44.2487"
"155.9600","2.5976","44.3095"
"155.9800","2.5980","44.2749"
"156.0000","2.5984","44.2818"
"156.0200","2.5988","44.3330"
"156.0400","2.5992","44.3383"
"156.0600","2.5995","44.3002"
"156.0800","2.5998","44.3018"
"156.1000","2.6000","44.1900"
"156.1200","2.6003","44.2123"
"156.1400","2.6006","44.2929"
"156.1600","2.6010","44.2715"
"156.1800","2.6013","44.1852"
"156.2000","2.6017","44.2711"
"156.2200","2.6021","44.3628"
"156.2400","2.6024","44.3430"
"156.2600","2.6027","44.2280"
"156.2800","2.6029","44.1706"
"156.3000","2.6032","44.1688"
"156.3200","2.6035","44.2337"
"156.3400","2.6039","44.2790"
"156.3600","2.6044","44.2612"
"156.3800","2.6048","44.2088"
"156.4000","2.6052","44.1822"
"156.4200","2.6055","44.1685"
"156.4400","2.6057","44.1403"
"156.4600","2.6060","44.1931"
"156.4800","2.6062","44.2334"
"156.5000","2.6066","44.2303"
"156.5200","2.6069","44.2141"
"156.5400","2.6073","44.1171"
"156.5600","2.6077","44.0699"
"156.5800","2.6081","44.0555"
"156.6000","2.6084","44.0984"
"156.6200","2.6087","44.0765"
"156.6400","2.6090","44.1004"
"156.6600","2.6094","44.1791"
"156.6800","2.6097","44.2477"
"156.7000","2.6102","44.1770"
"156.7200","2.6106","44.1841"
"156.7400","2.6109","44.1965"
"156.7600","2.6112","44.1422"
"156.7800","2.6114","44.1465"
"156.8000","2.6117","44.1534"
"156.8200","2.6120","44.2774"
"156.8400","2.6123","44.1518"
"156.8600","2.6126","44.1525"
"156.8800","2.6130","44.1818"
"156.9000","2.6134","44.1799"
"156.9200","2.6137","44.2217"
"156.9400","2.6140","44.1807"
"156.9600","2.6142","44.1222"
"156.9800","2.6145","44.2000"
"157.0000","2.6148","44.1693"
"157.0200","2.6152","44.1266"
"157.0400","2.6156","44.1875"
"157.0600","2.6161","44.1485"
"157.0800","2.6165","44.1199"
"157.1000","2.6169","44.1501"
"157.1200","2.6171","44.1753"
"157.1400","2.6173","44.2393"
"157.1600","2.6176","44.2213"
"157.1800","2.6179","44.1977"
"157.2000","2.6182","44.1857"
"157.2200","2.6186","44.1849"
"157.2400","2.6190","44.2574"
"157.2600","2.6194","44.2159"
"157.2800","2.6197","44.1574"
"157.3000","2.6200","44.1257"
"157.3200","2.6203","44.0574"
"157.3400","2.6207","44.0549"
"157.3600","2.6211","44.1318"
"157.3800","2.6215","44.0988"
"157.4000","2.6219","44.0434"
"157.4200","2.6222","44.0657"
"157.4400","2.6225","44.1530"
"157.4600","2.6227","44.1406"
"157.4800","2.6230","44.1247"
"157.5000","2.6233","44.1002"
"157.5200","2.6236","44.1394"
"157.5400","2.6239","44.0962"
"157.5600","2.6243","44.1012"
"157.5800","2.6247","44.0898"
"157.6000","2.6251","44.0549"
"157.6200","2.6254","44.0941"
"157.6400","2.6256","44.0255"
"157.6600","2.6259","44.0201"
"157.6800","2.6262","44.1254"
"157.7000","2.6265","44.1613"
"157.7200","2.6269","44.1140"
"157.7400","2.6274","44.0045"
"157.7600","2.6278","44.0509"
"157.7800","2.6282","44.0747"
"157.8000","2.6285","44.0525"
"157.8200","2.6288","44.0422"
"157.8400","2.6290","44.0245"
"157.8600","2.6293","44.0578"
"157.8800","2.6296","44.0515"
"157.9000","2.6299","44.0623"
"157.9200","2.6303","43.9874"
"157.9400","2.6307","44.0093"
"157.9600","2.6310","44.0215"
"157.9800","2.6314","44.0027"
"158.0000","2.6316","44.0524"
"158.0200","2.6320","44.1252"
"158.0400","2.6323","44.1011"
"158.0600","2.6327","44.0544"
"158.0800","2.6332","43.9982"
"158.1000","2.6335","43.9762"
"158.1200","2.6339","43.9579"
"158.1400","2.6341","44.0197"
"158.1600","2.6344","44.0426"
"158.1800","2.6346","44.0201"
"158.2000","2.6349","43.9268"
"158.2200","2.6352","43.9263"
"158.2400","2.6356","43.9325"
"158.2600","2.6360","44.0115"
"158.2800","2.6364","44.0155"
"158.3000","2.6367","44.0017"
"158.3200","2.6370","43.9755"
"158.3400","2.6373","43.9093"
"158.3600","2.6376","43.9351"
"158.3800","2.6379","44.0635"
"158.4000","2.6383","44.1187"
"158.4200","2.6387","44.0980"
"158.4400","2.6392","44.0076"
"158.4600","2.6396","43.9652"
"158.4800","2.6399","43.8504"
"158.5000","2.6402","43.8575"
"158.5200","2.6404","43.8428"
"158.5400","2.6406","43.8917"
"158.5600","2.6409","43.9679"
"158.5800","2.6412","43.9483"
"158.6000","2.6416","43.9192"
"158.6200","2.6420","43.8292"
"158.6400","2.6424","43.8112"
"158.6600","2.6427","43.8649"
"158.6800","2.6430","43.9022"
"158.7000","2.6433","43.8625"
"158.7200","2.6437","43.8671"
"158.7400","2.6441","43.7985"
"158.7600","2.6445","43.8124"
"158.7800","2.6449","43.7495"
"158.8000","2.6452","43.7588"
"158.8200","2.6455","43.8680"
"158.8400","2.6457","43.8601"
"158.8600","2.6460","43.8181"
"158.8800","2.6463","43.7850"
"158.9000","2.6466","43.7118"
"158.9200","2.6470","43.6785"
"158.9400","2.6474","43.7267"
"158.9600","2.6477","43.8173"
"158.9800","2.6481","43.8122"
"159.0000","2.6484","43.8055"
"159.0200","2.6486","43.8152"
"159.0400","2.6489","43.7522"
"159.0600","2.6492","43.7311"
"159.0800","2.6495","43.7680"
"159.1000","2.6499","43.7638"
"159.1200","2.6504","43.7744"
"159.1400","2.6509","43.6751"
"159.1600","2.6512","43.7160"
"159.1800","2.6515","43.7491"
"159.2000","2.6517","43.7383"
"159.2200","2.6520","43.7731"
"159.2400","2.6523","43.8505"
"159.2600","2.6526","43.8575"
"159.2800","2.6529","43.8494"
"159.3000","2.6533","43.7831"
"159.3200","2.6537","43.7524"
"159.3400","2.6540","43.6948"
"159.3600","2.6544","43.8015"
"159.3800","2.6547","43.8077"
"159.4000","2.6550","43.6932"
"159.4200","2.6554","43.6336"
"159.4400","2.6558","43.6171"
"159.4600","2.6562","43.6461"
"159.4800","2.6566","43.7187"
"159.5000","2.6569","43.6537"
"159.5200","2.6571","43.6458"
"159.5400","2.6574","43.6362"
"159.5600","2.6576","43.5814"
"159.5800","2.6579","43.6169"
"159.6000","2.6582","43.6716"
"159.6200","2.6586","43.6152"
"159.6400","2.6590","43.5966"
"159.6600","2.6594","43.6178"
"159.6800","2.6597","43.6879"
"159.7000","2.6600","43.6584"
"159.7200","2.6603","43.6250"
"159.7400","2.6605","43.6364"
"159.7600","2.6609","43.7416"
"159.7800","2.6613","43.6750"
"159.8000","2.6617","43.5801"
"159.8200","2.6622","43.6127"
"159.8400","2.6626","43.6604"
"159.8600","2.6629","43.6015"
"159.8800","2.6631","43.6416"
"159.9000","2.6634","43.6544"
"159.9200","2.6636","43.6446"
"159.9400","2.6639","43.6478"
"159.9600","2.6642","43.6319"
"159.9800","2.6646","43.7001"
"160.0000","2.6650","43.6372"
"160.0200","2.6653","43.5740"
"160.0400","2.6657","43.5743"
"160.0600","2.6660","43.5362"
"160.0800","2.6663","43.5002"
"160.1000","2.6666","43.5058"
"160.1200","2.6670","43.5043"
"160.1400","2.6675","43.5251"
"160.1600","2.6679","43.4970"
"160.1800","2.6682","43.4713"
"160.2000","2.6685","43.4705"
"160.2200","2.6687","43.5379"
"160.2400","2.6690","43.4832"
"160.2600","2.6693","43.4809"
"160.2800","2.6696","43.4973"
"160.3000","2.6699","43.5570"
"160.3200","2.6703","43.6278"
"160.3400","2.6707","43.5795"
"160.3600","2.6710","43.4711"
"160.3800","2.6714","43.4365"
"160.4000","2.6716","43.4646"
"160.4200","2.6719","43.5157"
"160.4400","2.6722","43.5831"
"160.4600","2.6725","43.5990"
"160.4800","2.6730","43.4884"
"160.5000","2.6735","43.4708"
"160.5200","2.6739","43.5078"
"160.5400","2.6743","43.5666"
"160.5600","2.6746","43.5627"
"160.5800","2.6748","43.5406"
"160.6000","2.6750","43.5051"
"160.6200","2.6752","43.5206"
"160.6400","2.6755","43.4763"
"160.6600","2.6759","43.4685"
"160.6800","2.6763","43.4878"
"160.7000","2.6766","43.5059"
"160.7200","2.6770","43.4787"
"160.7400","2.6773","43.4054"
"160.7600","2.6776","43.4521"
"160.7800","2.6780","43.4954"
"160.8000","2.6783","43.5514"
"160.8200","2.6787","43.5946"
"160.8400","2.6791","43.5437"
"160.8600","2.6795","43.4038"
"160.8800","2.6798","43.3787"
"160.9000","2.6801","43.4461"
"160.9200","2.6803","43.4574"
"160.9400","2.6806","43.4811"
"160.9600","2.6809","43.5715"
"160.9800","2.6812","43.5924"
"161.0000","2.6816","43.5498"
"161.0200","2.6820","43.5368"
"161.0400","2.6824","43.5738"
"161.0600","2.6827","43.5524"
"161.0800","2.6830","43.5260"
"161.1000","2.6833","43.4314"
"161.1200","2.6835","43.4150"
"161.1400","2.6839","43.3890"
"161.1600","2.6843","43.4262"
"161.1800","2.6847","43.4437"
"161.2000","2.6852","43.3953"
"161.2200","2.6856","43.3857"
"161.2400","2.6859","43.4350"
"161.2600","2.6861","43.4600"
"161.2800","2.6864","43.4399"
"161.3000","2.6866","43.4383"
"161.3200","2.6869","43.4937"
"161.3400","2.6872","43.4679"
"161.3600","2.6876","43.4499"
"161.3800","2.6880","43.4780"
"161.4000","2.6883","43.5023"
"161.4200","2.6887","43.5021"
"161.4400","2.6890","43.4745"
"161.4600","2.6893","43.4448"
"161.4800","2.6896","43.4553"
"161.5000","2.6900","43.5224"
"161.5200","2.6905","43.5661"
"161.5400","2.6909","43.5431"
"161.5600","2.6912","43.4646"
"161.5800","2.6915","43.4932"
"161.6000","2.6917","43.4999"
"161.6200","2.6920","43.4859"
"161.6400","2.6922","43.4691"
"161.6600","2.6926","43.4436"
"161.6800","2.6929","43.3671"
"161.7000","2.6933","43.3755"
"161.7200","2.6937","43.4655"
"161.7400","2.6941","43.4656"
"161.7600","2.6944","43.5103"
"161.7800","2.6946","43.5129"
"161.8000","2.6949","43.4792"
"161.8200","2.6952","43.3821"
"161.8400","2.6956","43.4369"
"161.8600","2.6960","43.5049"
"161.8800","2.6965","43.5020"
"161.9000","2.6969","43.4867"
"161.9200","2.6973","43.4993"
"161.9400","2.6976","43.4552"
"161.9600","2.6978","43.4084"
"161.9800","2.6980","43.4336"
"162.0000","2.6983","43.4936"
"162.0200","2.6986","43.5345"
"162.0400","2.6989","43.5568"
"162.0600","2.6993","43.5388"
"162.0800","2.6997","43.5532"
"162.1000","2.7001","43.5856"
"162.1200","2.7004","43.4874"
"162.1400","2.7007","43.5257"
"162.1600","2.7011","43.4924"
"162.1800","2.7014","43.4789"
"162.2000","2.7018","43.5439"
"162.2200","2.7022","43.5133"
"162.2400","2.7026","43.4970"
"162.2600","2.7029","43.4960"
"162.2800","2.7031","43.5241"
"162.3000","2.7033","43.4130"
"162.3200","2.7036","43.3901"
"162.3400","2.7039","43.4279"
"162.3600","2.7042","43.5045"
"162.3800","2.7046","43.6031"
"162.4000","2.7050","43.5747"
"162.4200","2.7054","43.4908"
"162.4400","2.7057","43.4442"
"162.4600","2.7060","43.5158"
"162.4800","2.7063","43.5338"
"162.5000","2.7065","43.4596"
"162.5200","2.7069","43.3830"
"162.5400","2.7073","43.4448"
"162.5600","2.7077","43.5050"
"162.5800","2.7082","43.5252"
"162.6000","2.7086","43.5288"
"162.6200","2.7090","43.4569"
"162.6400","2.7092","43.3966"
"162.6600","2.7094","43.4879"
"162.6800","2.7097","43.4800"
"162.7000","2.7099","43.4670"
"162.7200","2.7103","43.5048"
"162.7400","2.7106","43.4695"
"162.7600","2.7110","43.5605"
"162.7800","2.7114","43.5410"
"162.8000","2.7117","43.3951"
"162.8200","2.7120","43.4214"
"162.8400","2.7123","43.4080"
"162.8600","2.7127","43.3425"
"162.8800","2.7131","43.3191"
"162.9000","2.7135","43.3376"
"162.9200","2.7139","43.3764"
"162.9400","2.7142","43.3509"
"162.9600","2.7145","43.4138"
"162.9800","2.7147","43.4131"
"163.0000","2.7150","43.4259"
"163.0200","2.7152","43.3547"
"163.0400","2.7155","43.3123"
"163.0600","2.7159","43.4057"
"163.0800","2.7163","43.4411"
"163.1000","2.7167","43.3451"
"163.1200","2.7171","43.3237"
"163.1400","2.7174","43.3274"
"163.1600","2.7176","43.3358"
"163.1800","2.7179","43.3613"
"163.2000","2.7182","43.4139"
"163.2200","2.7186","43.3694"
"163.2400","2.7190","43.2917"
"163.2600","2.7195","43.3268"
"163.2800","2.7199","43.3543"
"163.3000","2.7203","43.2934"
"163.3200","2.7205","43.3127"
"163.3400","2.7207","43.2718"
"163.3600","2.7210","43.2935"
"163.3800","2.7212","43.3733"
"163.4000","2.7216","43.4021"
"163.4200","2.7219","43.3075"
"163.4400","2.7223","43.2359"
"163.4600","2.7227","43.4048"
"163.4800","2.7230","43.3987"
"163.5000","2.7233","43.2657"
"163.5200","2.7236","43.3103"
"163.5400","2.7240","43.2997"
"163.5600","2.7244","43.3329"
"163.5800","2.7247","43.3865"
"163.6000","2.7251","43.3094"
"163.6200","2.7255","43.2266"
"163.6400","2.7258","43.3301"
"163.6600","2.7261","43.3529"
"163.6800","2.7263","43.3459"
"163.7000","2.7266","43.2768"
"163.7200","2.7269","43.2271"
"163.7400","2.7272","43.2859"
"163.7600","2.7276","43.3445"
"163.7800","2.7280","43.3009"
"163.8000","2.7284","43.3299"
"163.8200","2.7287","43.3801"
"163.8400","2.7290","43.3465"
"163.8600","2.7293","43.2954"
"163.8800","2.7296","43.3183"
"163.9000","2.7299","43.4122"
"163.9200","2.7303","43.4082"
"163.9400","2.7307","43.3838"
"163.9600","2.7312","43.3344"
"163.9800","2.7316","43.3438"
"164.0000","2.7319","43.3019"
"164.0200","2.7321","43.2185"
"164.0400","2.7323","43.2843"
"164.0600","2.7326","43.2782"
"164.0800","2.7329","43.2651"
"164.1000","2.7332","43.2849"
"164.1200","2.7336","43.2589"
"164.1400","2.7340","43.3385"
"164.1600","2.7344","43.3319"
"164.1800","2.7347","43.1957"
"164.2000","2.7350","43.1417"
"164.2200","2.7353","43.1501"
"164.2400","2.7357","43.2232"
"164.2600","2.7361","43.2803"
"164.2800","2.7365","43.3097"
"164.3000","2.7369","43.2474"
"164.3200","2.7372","43.2594"
"164.3400","2.7374","43.2658"
"164.3600","2.7377","43.2203"
"164.3800","2.7379","43.2135"
"164.4000","2.7382","43.2195"
"164.4200","2.7385","43.2479"
"164.4400","2.7389","43.2264"
"164.4600","2.7393","43.2543"
"164.4800","2.7397","43.2817"
"164.5000","2.7400","43.2599"
"164.5200","2.7403","43.2068"
"164.5400","2.7406","43.1818"
"164.5600","2.7409","43.1262"
"164.5800","2.7412","43.0854"
"164.6000","2.7415","43.1616"
"164.6200","2.7420","43.1732"
"164.6400","2.7425","43.2561"
"164.6600","2.7429","43.2805"
"164.6800","2.7432","43.3274"
"164.7000","2.7435","43.2849"
"164.7200","2.7437","43.2135"
"164.7400","2.7440","43.1686"
"164.7600","2.7443","43.1039"
"164.7800","2.7446","43.0617"
"164.8000","2.7450","43.0995"
"164.8200","2.7454","43.1203"
"164.8400","2.7457","43.1617"
"164.8600","2.7461","43.1823"
"164.8800","2.7464","43.1753"
"164.9000","2.7467","43.1289"
"164.9200","2.7470","43.0899"
"164.9400","2.7474","43.0214"
"164.9600","2.7478","43.0836"
"164.9800","2.7482","43.1939"
"165.0000","2.7485","43.2097"
"165.0200","2.7488","43.1771"
"165.0400","2.7491","43.1792"
"165.0600","2.7493","43.1686"
"165.0800","2.7496","43.0714"
"165.1000","2.7499","43.1307"
"165.1200","2.7502","43.1857"
"165.1400","2.7506","43.2020"
"165.1600","2.7510","43.0994"
"165.1800","2.7513","43.0968"
"165.2000","2.7517","43.0682"
"165.2200","2.7520","43.1738"
"165.2400","2.7522","43.0872"
"165.2600","2.7525","43.1216"
"165.2800","2.7529","43.1526"
"165.3000","2.7533","43.1828"
"165.3200","2.7538","43.2031"
"165.3400","2.7543","43.2292"
"165.3600","2.7546","43.1394"
"165.3800","2.7549","43.1636"
"165.4000","2.7551","43.1720"
"165.4200","2.7553","43.1901"
"165.4400","2.7556","43.1797"
"165.4600","2.7559","43.1272"
"165.4800","2.7563","43.0696"
"165.5000","2.7567","43.1241"
"165.5200","2.7571","43.0598"
"165.5400","2.7574","43.1317"
"165.5600","2.7577","43.1560"
"165.5800","2.7580","43.1449"
"165.6000","2.7584","43.0434"
"165.6200","2.7587","43.0949"
"165.6400","2.7591","43.1266"
"165.6600","2.7595","43.0875"
"165.6800","2.7599","43.1036"
"165.7000","2.7602","43.1336"
"165.7200","2.7604","43.1659"
"165.7400","2.7607","43.1487"
"165.7600","2.7609","43.1053"
"165.7800","2.7612","43.0555"
"165.8000","2.7616","43.0666"
"165.8200","2.7619","43.0598"
"165.8400","2.7623","43.0387"
"165.8600","2.7627","43.0163"
"165.8800","2.7631","43.0097"
"165.9000","2.7633","42.9900"
"165.9200","2.7636","43.0221"
"165.9400","2.7639","43.0224"
"165.9600","2.7642","43.0255"
"165.9800","2.7646","42.9710"
"166.0000","2.7651","43.0154"
"166.0200","2.7656","43.0062"
"166.0400","2.7660","42.9979"
"166.0600","2.7662","43.0383"
"166.0800","2.7665","42.9654"
"166.1000","2.7667","42.9507"
"166.1200","2.7669","42.8721"
"166.1400","2.7672","42.9515"
"166.1600","2.7676","43.0488"
"166.1800","2.7679","43.0504"
"166.2000","2.7683","43.0112"
"166.2200","2.7687","43.0172"
"166.2400","2.7691","43.0354"
"166.2600","2.7694","43.0317"
"166.2800","2.7697","42.9799"
"166.3000","2.7700","42.9655"
"166.3200","2.7704","43.0326"
"166.3400","2.7708","43.0608"
"166.3600","2.7712","43.0293"
"166.3800","2.7715","42.9952"
"166.4000","2.7718","42.9596"
"166.4200","2.7720","43.0035"
"166.4400","2.7723","42.9685"
"166.4600","2.7726","42.9828"
"166.4800","2.7729","42.9719"
"166.5000","2.7732","42.9424"
"166.5200","2.7736","42.9489"
"166.5400","2.7740","43.0034"
"166.5600","2.7744","42.9592"
"166.5800","2.7747","42.9564"
"166.6000","2.7749","42.9782"
"166.6200","2.7752","42.9290"
"166.6400","2.7755","42.8802"
"166.6600","2.7759","42.9460"
"166.6800","2.7763","43.0740"
"166.7000","2.7768","42.9510"
"166.7200","2.7773","42.9688"
"166.7400","2.7776","42.9882"
"166.7600","2.7779","42.9940"
"166.7800","2.7781","43.0592"
"166.8000","2.7783","43.0955"
"166.8200","2.7786","43.0274"
"166.8400","2.7789","42.9661"
"166.8600","2.7793","42.9857"
"166.8800","2.7797","43.0146"
"166.9000","2.7801","43.0329"
"166.9200","2.7804","43.0323"
"166.9400","2.7808","43.0222"
"166.9600","2.7811","43.0122"
"166.9800","2.7814","43.0496"
"167.0000","2.7817","43.0289"
"167.0200","2.7821","42.9779"
"167.0400","2.7825","42.9680"
"167.0600","2.7829","43.0173"
"167.0800","2.7832","43.0274"
"167.1000","2.7834","42.9563"
"167.1200","2.7837","42.9691"
"167.1400","2.7839","42.9887"
"167.1600","2.7842","42.9263"
"167.1800","2.7846","42.9180"
"167.2000","2.7849","42.9321"
"167.2200","2.7853","42.9790"
"167.2400","2.7857","43.0570"
"167.2600","2.7860","43.0288"
"167.2800","2.7863","42.9520"
"167.3000","2.7865","42.9520"
"167.3200","2.7868","42.8974"
"167.3400","2.7872","42.8579"
"167.3600","2.7876","42.8206"
"167.3800","2.7881","42.7804"
"167.4000","2.7885","42.8534"
"167.4200","2.7890","42.8528"
"167.4400","2.7893","42.9315"
"167.4600","2.7895","42.9785"
"167.4800","2.7897","42.9798"
"167.5000","2.7899","42.9052"
"167.5200","2.7902","42.9128"
"167.5400","2.7906","42.9243"
"167.5600","2.7910","42.8861"
"167.5800","2.7913","42.8251"
"167.6000","2.7917","42.8061"
"167.6200","2.7920","42.7705"
"167.6400","2.7924","42.7830"
"167.6600","2.7927","42.8284"
"167.6800","2.7930","42.8803"
"167.7000","2.7934","42.8325"
"167.7200","2.7938","42.8242"
"167.7400","2.7942","42.8346"
"167.7600","2.7945","42.8308"
"167.7800","2.7948","42.8314"
"167.8000","2.7950","42.7744"
"167.8200","2.7953","42.7352"
"167.8400","2.7956","42.7335"
"167.8600","2.7959","42.7547"
"167.8800","2.7963","42.8030"
"167.9000","2.7967","42.8323"
"167.9200","2.7970","42.9055"
"167.9400","2.7974","42.9127"
"167.9600","2.7977","42.9369"
"167.9800","2.7979","42.8455"
"168.0000","2.7982","42.7898"
"168.0200","2.7985","42.7067"
"168.0400","2.7989","42.7756"
"168.0600","2.7993","42.8315"
"168.0800","2.7998","42.8525"
"168.1000","2.8002","42.8656"
"168.1200","2.8006","42.8588"
"168.1400","2.8009","42.8004"
"168.1600","2.8011","42.7727"
"168.1800","2.8013","42.8572"
"168.2000","2.8016","42.8780"
"168.2200","2.8019","42.8538"
"168.2400","2.8023","42.8681"
"168.2600","2.8027","42.7526"
"168.2800","2.8030","42.6871"
"168.3000","2.8034","42.7841"
"168.3200","2.8037","42.8810"
"168.3400","2.8040","42.8221"
"168.3600","2.8043","42.8550"
"168.3800","2.8047","42.9216"
"168.4000","2.8051","42.8173"
"168.4200","2.8055","42.8387"
"168.4400","2.8059","42.8237"
"168.4600","2.8062","42.8306"
"168.4800","2.8064","42.7927"
"168.5000","2.8067","42.7293"
"168.5200","2.8069","42.7222"
"168.5400","2.8072","42.7697"
"168.5600","2.8076","42.7106"
"168.5800","2.8079","42.7055"
"168.6000","2.8083","42.7770"
"168.6200","2.8087","42.7649"
"168.6400","2.8090","42.7501"
"168.6600","2.8093","42.8110"
"168.6800","2.8095","42.8632"
"168.7000","2.8098","42.7626"
"168.7200","2.8102","42.6786"
"168.7400","2.8106","42.6586"
"168.7600","2.8111","42.7334"
"168.7800","2.8115","42.8501"
"168.8000","2.8119","42.8371"
"168.8200","2.8122","42.8538"
"168.8400","2.8124","42.8214"
"168.8600","2.8127","42.7906"
"168.8800","2.8129","42.8224"
"168.9000","2.8132","42.7759"
"168.9200","2.8136","42.7945"
"168.9400","2.8140","42.8367"
"168.9600","2.8144","42.8050"
"168.9800","2.8147","42.8072"
"169.0000","2.8150","42.7475"
"169.0200","2.8153","42.7211"
"169.0400","2.8156","42.7052"
"169.0600","2.8160","42.7355"
"169.0800","2.8164","42.6996"
"169.1000","2.8168","42.8049"
"169.1200","2.8172","42.8212"
"169.1400","2.8175","42.8578"
"169.1600","2.8178","42.7952"
"169.1800","2.8180","42.7528"
"169.2000","2.8183","42.8331"
"169.2200","2.8186","42.7972"
"169.2400","2.8189","42.7322"
"169.2600","2.8193","42.6431"
"169.2800","2.8197","42.6069"
"169.3000","2.8200","42.6164"
"169.3200","2.8204","42.6372"
"169.3400","2.8206","42.5975"
"169.3600","2.8209","42.6521"
"169.3800","2.8212","42.6821"
"169.4000","2.8215","42.7450"
"169.4200","2.8219","42.7964"
"169.4400","2.8223","42.8308"
"169.4600","2.8228","42.7569"
"169.4800","2.8232","42.6734"
"169.5000","2.8236","42.6807"
"169.5200","2.8238","42.6309"
"169.5400","2.8240","42.6916"
"169.5600","2.8243","42.7379"
"169.5800","2.8246","42.6981"
"169.6000","2.8249","42.7277"
"169.6200","2.8253","42.7571"
"169.6400","2.8257","42.8041"
"169.6600","2.8261","42.7445"
"169.6800","2.8264","42.7273"
"169.7000","2.8267","42.7580"
"169.7200","2.8270","42.7302"
"169.7400","2.8273","42.6907"
"169.7600","2.8277","42.6953"
"169.7800","2.8282","42.6561"
"169.8000","2.8286","42.6482"
"169.8200","2.8289","42.7093"
"169.8400","2.8292","42.7036"
"169.8600","2.8295","42.6942"
"169.8800","2.8297","42.7156"
"169.9000","2.8300","42.6907"
"169.9200","2.8303","42.6469"
"169.9400","2.8306","42.6588"
"169.9600","2.8310","42.7049"
"169.9800","2.8314","42.6868"
"170.0000","2.8317","42.6455"
"170.0200","2.8320","42.5984"
"170.0400","2.8323","42.5745"
"170.0600","2.8326","42.5355"
"170.0800","2.8328","42.5529"
"170.1000","2.8332","42.5357"
"170.1200","2.8336","42.5506"
"170.1400","2.8341","42.6362"
"170.1600","2.8346","42.7144"
"170.1800","2.8349","42.7206"
"170.2000","2.8352","42.7114"
"170.2200","2.8354","42.6824"
"170.2400","2.8357","42.6078"
"170.2600","2.8360","42.6054"
"170.2800","2.8363","42.6894"
"170.3000","2.8366","42.7015"
"170.3200","2.8370","42.6448"
"170.3400","2.8374","42.5937"
"170.3600","2.8377","42.5964"
"170.3800","2.8380","42.5759"
"170.4000","2.8383","42.6262"
"170.4200","2.8387","42.5295"
"170.4400","2.8390","42.6031"
"170.4600","2.8394","42.6634"
"170.4800","2.8398","42.6270"
"170.5000","2.8402","42.5841"
"170.5200","2.8405","42.5924"
"170.5400","2.8408","42.5910"
"170.5600","2.8410","42.6172"
"170.5800","2.8413","42.6244"
"170.6000","2.8416","42.5220"
"170.6200","2.8419","42.4487"
"170.6400","2.8423","42.4711"
"170.6600","2.8427","42.4656"
"170.6800","2.8431","42.5516"
"170.7000","2.8434","42.5901"
"170.7200","2.8437","42.5355"
"170.7400","2.8439","42.4880"
"170.7600","2.8442","42.4792"
"170.7800","2.8445","42.4206"
"170.8000","2.8449","42.4192"
"170.8200","2.8453","42.4386"
"170.8400","2.8458","42.4577"
"170.8600","2.8462","42.4642"
"170.8800","2.8465","42.5032"
"170.9000","2.8468","42.5166"
"170.9200","2.8470","42.4813"
"170.9400","2.8473","42.4758"
"170.9600","2.8476","42.5013"
"170.9800","2.8479","42.4894"
"171.0000","2.8483","42.4903"
"171.0200","2.8487","42.4778"
"171.0400","2.8491","42.4342"
"171.0600","2.8494","42.4425"
"171.0800","2.8497","42.4412"
"171.1000","2.8500","42.4053"
"171.1200","2.8503","42.2731"
"171.1400","2.8507","42.2671"
"171.1600","2.8511","42.3124"
"171.1800","2.8515","42.4475"
"171.2000","2.8519","42.4578"
"171.2200","2.8522","42.3576"
"171.2400","2.8524","42.3843"
"171.2600","2.8527","42.3949"
"171.2800","2.8529","42.3503"
"171.3000","2.8533","42.2971"
"171.3200","2.8536","42.2459"
"171.3400","2.8540","42.2539"
"171.3600","2.8544","42.2759"
"171.3800","2.8547","42.3110"
"171.4000","2.8550","42.2752"
"171.4200","2.8553","42.2751"
"171.4400","2.8556","42.3058"
"171.4600","2.8559","42.4113"
"171.4800","2.8562","42.4489"
"171.5000","2.8566","42.4204"
"171.5200","2.8571","42.3338"
"171.5400","2.8575","42.3075"
"171.5600","2.8579","42.2694"
"171.5800","2.8581","42.2053"
"171.6000","2.8584","42.2082"
"171.6200","2.8586","42.1926"
"171.6400","2.8589","42.3219"
"171.6600","2.8592","42.3705"
"171.6800","2.8596","42.3106"
"171.7000","2.8600","42.3545"
"171.7200","2.8604","42.3188"
"171.7400","2.8607","42.2735"
"171.7600","2.8610","42.3032"
"171.7800","2.8613","42.3049"
"171.8000","2.8616","42.2431"
"171.8200","2.8620","42.1746"
"171.8400","2.8624","42.1562"
"171.8600","2.8628","42.2404"
"171.8800","2.8632","42.1758"
"171.9000","2.8635","42.1296"
"171.9200","2.8638","42.1680"
"171.9400","2.8640","42.2642"
"171.9600","2.8643","42.2815"
"171.9800","2.8646","42.1985"
"172.0000","2.8649","42.1544"
"172.0200","2.8653","42.1707"
"172.0400","2.8657","42.1292"
"172.0600","2.8661","42.0996"
"172.0800","2.8664","42.0899"
"172.1000","2.8666","42.1003"
"172.1200","2.8669","42.1139"
"172.1400","2.8672","42.1108"
"172.1600","2.8675","42.1235"
"172.1800","2.8679","42.0876"
"172.2000","2.8683","42.1003"
"172.2200","2.8688","42.0095"
"172.2400","2.8692","41.9883"
"172.2600","2.8695","41.9821"
"172.2800","2.8698","42.0138"
"172.3000","2.8700","42.1234"
"172.3200","2.8702","42.0693"
"172.3400","2.8705","42.0374"
"172.3600","2.8709","42.0452"
"172.3800","2.8713","41.9951"
"172.4000","2.8717","42.0730"
"172.4200","2.8721","42.0908"
"172.4400","2.8724","42.0530"
"172.4600","2.8727","42.0510"
"172.4800","2.8730","42.1174"
"172.5000","2.8733","42.0578"
"172.5200","2.8737","42.0395"
"172.5400","2.8742","42.0274"
"172.5600","2.8746","41.9365"
"172.5800","2.8749","41.9727"
"172.6000","2.8752","42.0343"
"172.6200","2.8754","41.9572"
"172.6400","2.8756","41.9393"
"172.6600","2.8759","41.9613"
"172.6800","2.8762","42.0173"
"172.7000","2.8766","41.9852"
"172.7200","2.8770","41.8671"
"172.7400","2.8774","41.8986"
"172.7600","2.8778","41.9261"
"172.7800","2.8781","41.9444"
"172.8000","2.8783","41.8743"
"172.8200","2.8786","41.8263"
"172.8400","2.8789","41.7959"
"172.8600","2.8792","41.8728"
"172.8800","2.8797","41.9791"
"172.9000","2.8801","41.9475"
"172.9200","2.8806","41.8714"
"172.9400","2.8809","41.8768"
"172.9600","2.8812","41.8902"
"172.9800","2.8814","41.8610"
"173.0000","2.8817","41.8174"
"173.0200","2.8819","41.8338"
"173.0400","2.8823","41.8183"
"173.0600","2.8826","41.7750"
"173.0800","2.8830","41.7809"
"173.1000","2.8834","41.8062"
"173.1200","2.8837","41.7838"
"173.1400","2.8840","41.7641"
"173.1600","2.8843","41.8715"
"173.1800","2.8847","41.8363"
"173.2000","2.8851","41.7634"
"173.2200","2.8855","41.8129"
"173.2400","2.8859","41.8130"
"173.2600","2.8862","41.8431"
"173.2800","2.8865","41.8283"
"173.3000","2.8868","41.7844"
"173.3200","2.8870","41.8111"
"173.3400","2.8873","41.7738"
"173.3600","2.8876","41.6650"
"173.3800","2.8879","41.6698"
"173.4000","2.8883","41.8171"
"173.4200","2.8887","41.8247"
"173.4400","2.8891","41.7992"
"173.4600","2.8894","41.7412"
"173.4800","2.8897","41.6452"
"173.5000","2.8899","41.6591"
"173.5200","2.8902","41.6633"
"173.5400","2.8906","41.7091"
"173.5600","2.8910","41.6391"
"173.5800","2.8914","41.5903"
"173.6000","2.8919","41.6273"
"173.6200","2.8923","41.6494"
"173.6400","2.8925","41.6789"
"173.6600","2.8928","41.6697"
"173.6800","2.8930","41.6386"
"173.7000","2.8933","41.6531"
"173.7200","2.8936","41.7043"
"173.7400","2.8939","41.5980"
"173.7600","2.8943","41.5728"
"173.7800","2.8947","41.5363"
"173.8000","2.8950","41.5767"
"173.8200","2.8953","41.5704"
"173.8400","2.8957","41.5436"
"173.8600","2.8960","41.5694"
"173.8800","2.8964","41.5503"
"173.9000","2.8968","41.6296"
"173.9200","2.8972","41.6511"
"173.9400","2.8976","41.5794"
"173.9600","2.8979","41.4831"
"173.9800","2.8981","41.5093"
"174.0000","2.8984","41.4789"
"174.0200","2.8986","41.5299"
"174.0400","2.8989","41.4869"
"174.0600","2.8992","41.4720"
"174.0800","2.8996","41.4928"
"174.1000","2.9000","41.5406"
"174.1200","2.9004","41.5181"
"174.1400","2.9007","41.4834"
"174.1600","2.9010","41.4302"
"174.1800","2.9013","41.4132"
"174.2000","2.9015","41.4396"
"174.2200","2.9019","41.4695"
"174.2400","2.9022","41.4416"
"174.2600","2.9027","41.4186"
"174.2800","2.9031","41.4408"
"174.3000","2.9036","41.4224"
"174.3200","2.9039","41.3796"
"174.3400","2.9041","41.3389"
"174.3600","2.9044","41.3779"
"174.3800","2.9046","41.4069"
"174.4000","2.9049","41.4047"
"174.4200","2.9052","41.4120"
"174.4400","2.9056","41.3927"
"174.4600","2.9060","41.3197"
"174.4800","2.9063","41.3723"
"174.5000","2.9067","41.3527"
"174.5200","2.9070","41.3109"
"174.5400","2.9073","41.3308"
"174.5600","2.9076","41.3508"
"174.5770","2.9079","41.3491"
"174.5780","2.9080","41.3507"
"174.5980","2.9084","41.3337"
"174.6180","2.9088","41.2997"
"174.6380","2.9091","41.3061"
"174.6580","2.9093","41.1887"
"174.6780","2.9093","41.1607"
"174.6980","2.9093","41.2288"
"174.7180","2.9093","41.1874"
"174.7380","2.9093","41.2283"
"174.7580","2.9093","41.1758"
"174.7780","2.9093","41.0860"
"174.7980","2.9092","41.1817"
"174.8180","2.9092","41.0689"
"174.8380","2.9092","40.9613"
"174.8580","2.9092","41.0147"
"174.8780","2.9092","41.0452"
"174.8980","2.9092","41.0263"
"174.9180","2.9092","41.0021"
"174.9380","2.9091","40.9167"
"174.9580","2.9091","40.9375"
"174.9780","2.9091","40.9196"
"174.9980","2.9091","40.8799"
"175.0180","2.9090","40.8982"
"175.0380","2.9090","40.8496"
"175.0580","2.9090","40.9513"
"175.0780","2.9090","40.9057"
"175.0980","2.9090","40.8565"
"175.1180","2.9089","40.8740"
"175.1380","2.9089","40.8213"
"175.1580","2.9089","40.8242"
"175.1780","2.9089","40.7653"
"175.1980","2.9088","40.7469"
"175.2180","2.9088","40.7669"
"175.2380","2.9088","40.6991"
"175.2580","2.9088","40.6322"
"175.2780","2.9088","40.6338"
"175.2980","2.9087","40.7186"
"175.3180","2.9087","40.7699"
"175.3380","2.9087","40.6864"
"175.3580","2.9087","40.6792"
"175.3780","2.9087","40.7033"
"175.3980","2.9087","40.7498"
"175.4180","2.9087","40.6396"
"175.4380","2.9087","40.5587"
"175.4580","2.9087","40.5981"
"175.4780","2.9087","40.6166"
"175.4980","2.9087","40.6159"
"175.5180","2.9087","40.5451"
"175.5380","2.9087","40.5053"
"175.5580","2.9087","40.5105"
"175.5780","2.9087","40.5353"
"175.5980","2.9087","40.5566"
"175.6180","2.9087","40.5480"
"175.6380","2.9087","40.5013"
"175.6580","2.9087","40.5371"
"175.6780","2.9087","40.6116"
"175.6980","2.9087","40.6365"
"175.7180","2.9087","40.5229"
"175.7380","2.9087","40.5000"
"175.7580","2.9087","40.5501"
"175.7780","2.9087","40.5525"
"175.7980","2.9087","40.4931"
"175.8180","2.9087","40.5227"
"175.8380","2.9087","40.6113"
"175.8580","2.9087","40.5571"
"175.8780","2.9087","40.4999"
"175.8980","2.9087","40.5305"
"175.9180","2.9087","40.5178"
"175.9380","2.9087","40.5625"
"175.9580","2.9087","40.5611"
"175.9780","2.9087","40.5259"
"175.9980","2.9087","40.5017"
"176.0180","2.9087","40.5002"
"176.0380","2.9087","40.4416"
"176.0580","2.9087","40.3971"
"176.0780","2.9087","40.4618"
"176.0980","2.9087","40.4723"
"176.1180","2.9087","40.4943"
"176.1380","2.9087","40.4494"
"176.1580","2.9087","40.4584"
"176.1780","2.9087","40.4158"
"176.1980","2.9087","40.3963"
"176.2180","2.9087","40.4310"
"176.2380","2.9087","40.4498"
"176.2580","2.9087","40.4400"
"176.2780","2.9087","40.4266"
"176.2980","2.9087","40.3486"
"176.3180","2.9087","40.3924"
"176.3380","2.9087","40.4257"
"176.3580","2.9087","40.4259"
"176.3780","2.9087","40.4187"
"176.3980","2.9087","40.4454"
"176.4180","2.9087","40.3827"
"176.4380","2.9087","40.3545"
"176.4580","2.9087","40.3115"
"176.4780","2.9087","40.2650"
"176.4980","2.9087","40.2789"
"176.5180","2.9087","40.3392"
"176.5380","2.9087","40.3790"
"176.5580","2.9087","40.3968"
"176.5780","2.9087","40.3832"
"176.5980","2.9087","40.2644"
"176.6180","2.9087","40.2805"
"176.6380","2.9087","40.3264"
"176.6580","2.9087","40.3289"
"176.6780","2.9087","40.3284"
"176.6980","2.9087","40.3594"
"176.7180","2.9087","40.3868"
"176.7380","2.9087","40.3825"
"176.7580","2.9087","40.3539"
"176.7780","2.9087","40.3011"
"176.7980","2.9087","40.2806"
"176.8180","2.9087","40.3457"
"176.8380","2.9087","40.3036"
"176.8580","2.9087","40.3097"
"176.8780","2.9087","40.2937"
"176.8980","2.9087","40.2346"
"176.9180","2.9087","40.2926"
"176.9380","2.9087","40.3489"
"176.9580","2.9087","40.3099"
"176.9780","2.9087","40.2643"
"176.9980","2.9087","40.1597"
"177.0180","2.9087","40.1457"
"177.0380","2.9087","40.2510"
"177.0580","2.9087","40.2675"
"177.0780","2.9087","40.2606"
"177.0980","2.9087","40.2961"
"177.1180","2.9087","40.2978"
"177.1380","2.9087","40.2393"
"177.1580","2.9087","40.2146"
"177.1780","2.9087","40.3297"
"177.1980","2.9087","40.2676"
"177.2180","2.9087","40.1857"
"177.2380","2.9087","40.2031"
"177.2580","2.9087","40.2875"
"177.2780","2.9087","40.2750"
"177.2980","2.9087","40.2302"
"177.3180","2.9087","40.2417"
"177.3380","2.9087","40.2315"
"177.3580","2.9087","40.2870"
"177.3780","2.9087","40.3143"
"177.3980","2.9087","40.3200"
"177.4180","2.9087","40.2079"
"177.4380","2.9087","40.1099"
"177.4580","2.9087","40.0957"
"177.4780","2.9087","40.1726"
"177.4980","2.9087","40.1904"
"177.5180","2.9087","40.2443"
"177.5380","2.9087","40.3118"
"177.5580","2.9087","40.2602"
"177.5780","2.9087","40.2723"
"177.5980","2.9087","40.2623"
"177.6180","2.9087","40.1674"
"177.6380","2.9087","40.2158"
"177.6580","2.9087","40.2614"
"177.6780","2.9087","40.2655"
"177.6980","2.9087","40.2481"
"177.7180","2.9087","40.1543"
"177.7380","2.9087","40.1872"
"177.7580","2.9087","40.1994"
"177.7780","2.9087","40.2231"
"177.7980","2.9087","40.2201"
"177.8180","2.9087","40.2168"
"177.8380","2.9087","40.1818"
"177.8580","2.9087","40.1651"
"177.8780","2.9087","40.1482"
"177.8980","2.9087","40.2015"
"177.9180","2.9087","40.2088"
"177.9380","2.9087","40.1853"
"177.9580","2.9087","40.1209"
"177.9780","2.9087","40.1177"
"177.9980","2.9087","40.1126"
"178.0180","2.9087","40.1222"
"178.0380","2.9087","40.0949"
"178.0580","2.9087","40.0877"
"178.0780","2.9087","40.0559"
"178.0980","2.9087","40.0950"
"178.1180","2.9087","40.1282"
"178.1380","2.9087","40.1342"
"178.1580","2.9087","40.1360"
"178.1780","2.9087","40.2111"
"178.1980","2.9087","40.2632"
"178.2180","2.9087","40.2478"
"178.2380","2.9087","40.2345"
"178.2580","2.9087","40.2056"
"178.2780","2.9087","40.2635"
"178.2980","2.9087","40.2560"
"178.3180","2.9087","40.1550"
"178.3380","2.9087","40.0990"
"178.3580","2.9087","40.0680"
"178.3780","2.9087","40.0435"
"178.3980","2.9087","40.0057"
"178.4180","2.9087","40.0529"
"178.4380","2.9087","40.1048"
"178.4580","2.9087","40.0760"
"178.4780","2.9087","40.1095"
"178.4980","2.9087","40.1350"
"178.5180","2.9087","40.1514"
"178.5380","2.9087","40.1766"
"178.5580","2.9087","40.1771"
"178.5780","2.9087","40.0991"
"178.5980","2.9087","40.0426"
"178.6180","2.9087","39.9885"
"178.6380","2.9087","40.0108"
"178.6580","2.9087","39.9912"
"178.6780","2.9087","40.0093"
"178.6980","2.9087","40.0529"
"178.7180","2.9087","40.0484"
"178.7380","2.9087","40.0794"
"178.7580","2.9087","40.1293"
"178.7780","2.9087","40.1142"
"178.7980","2.9087","40.1456"
"178.8180","2.9087","40.2109"
"178.8380","2.9087","40.1713"
"178.8580","2.9087","40.0666"
"178.8780","2.9087","39.9694"
"178.8980","2.9087","39.9932"
"178.9180","2.9087","40.0580"
"178.9380","2.9087","40.1336"
"178.9580","2.9087","40.0812"
"178.9780","2.9087","40.0514"
"178.9980","2.9087","40.0226"
"179.0180","2.9087","40.0257"
"179.0380","2.9087","40.0812"
"179.0580","2.9087","40.0789"
"179.0780","2.9087","39.9902"
"179.0980","2.9087","40.1022"
"179.1180","2.9087","40.1018"
"179.1380","2.9087","40.0036"
"179.1580","2.9087","40.0463"
"179.1780","2.9087","40.1230"
"179.1980","2.9087","40.1251"
"179.2180","2.9087","40.0832"
"179.2380","2.9087","40.0969"
"179.2580","2.9087","40.0354"
"179.2780","2.9087","39.9750"
"179.2980","2.9087","40.0463"
"179.3180","2.9087","40.1093"
"179.3380","2.9087","40.0525"
"179.3580","2.9087","40.1279"
"179.3780","2.9087","40.1493"
"179.3980","2.9087","40.1512"
"179.4180","2.9087","40.1062"
"179.4380","2.9087","40.0012"
"179.4580","2.9087","39.9962"
"179.4780","2.9087","39.9420"
"179.4980","2.9087","39.9889"
"179.5180","2.9087","40.0051"
"179.5380","2.9087","40.0760"
"179.5580","2.9087","40.0642"
"179.5780","2.9087","40.0726"
"179.5980","2.9087","40.1037"
"179.6180","2.9087","40.1261"
"179.6380","2.9087","40.0218"
"179.6580","2.9087","40.0174"
"179.6780","2.9087","39.9471"
"179.6980","2.9087","39.9484"
"179.7180","2.9087","40.0010"
"179.7380","2.9087","40.0071"
"179.7580","2.9087","39.9623"
"179.7780","2.9087","39.9652"
"179.7980","2.9087","40.0042"
"179.8180","2.9087","39.9274"
"179.8380","2.9087","39.9039"
"179.8580","2.9087","39.9419"
"179.8780","2.9087","40.0047"
"179.8980","2.9087","40.1070"
"179.9180","2.9087","40.0673"
"179.9380","2.9087","39.9730"
"179.9580","2.9087","39.9107"
"179.9780","2.9087","39.9827"
"179.9980","2.9087","40.0273"
"180.0180","2.9087","40.0059"
"180.0380","2.9087","39.9345"
"180.0580","2.9087","39.9833"
"180.0780","2.9087","40.0730"
"180.0980","2.9087","40.0667"
"180.1180","2.9087","40.0227"
"180.1380","2.9087","39.9757"
"180.1580","2.9087","39.9587"
"180.1780","2.9087","39.9477"
"180.1980","2.9087","40.0420"
"180.2180","2.9087","39.9862"
"180.2380","2.9087","39.9507"
"180.2580","2.9087","40.0161"
"180.2780","2.9087","39.9022"
"180.2980","2.9087","39.9243"
"180.3180","2.9087","39.9683"
"180.3380","2.9087","39.9746"
"180.3580","2.9087","39.9498"
"180.3780","2.9087","39.9157"
"180.3980","2.9087","39.9294"
"180.4180","2.9087","40.0516"
"180.4380","2.9087","40.0226"
"180.4580","2.9087","40.0368"
"180.4780","2.9087","39.9838"
"180.4980","2.9087","39.9520"
"180.5180","2.9087","39.8974"
"180.5380","2.9087","39.9046"
"180.5580","2.9087","39.9619"
"180.5780","2.9087","39.9015"
"180.5980","2.9087","39.8303"
"180.6180","2.9087","39.8885"
"180.6380","2.9087","40.0181"
"180.6580","2.9087","40.0514"
"180.6780","2.9087","40.1010"
"180.6980","2.9087","40.0639"
"180.7180","2.9087","40.0579"
"180.7380","2.9087","40.0681"
"180.7580","2.9087","39.9205"
"180.7780","2.9087","39.8476"
"180.7980","2.9087","39.8630"
"180.8180","2.9087","39.9282"
"180.8380","2.9087","39.9725"
"180.8580","2.9087","39.9507"
"180.8780","2.9087","40.0170"
"180.8980","2.9087","39.9906"
"180.9180","2.9087","39.9591"
"180.9380","2.9087","39.9008"
"180.9580","2.9087","39.9518"
"180.9780","2.9087","39.9572"
"180.9980","2.9087","39.8746"
"181.0180","2.9087","39.8574"
"181.0380","2.9087","39.9212"
"181.0580","2.9087","39.9487"
"181.0780","2.9087","39.9211"
"181.0980","2.9087","39.9639"
"181.1180","2.9087","39.9121"
"181.1380","2.9087","39.8920"
"181.1580","2.9087","39.9477"
"181.1780","2.9087","40.0320"
"181.1980","2.9087","39.9424"
"181.2180","2.9087","39.9439"
"181.2380","2.9087","40.0072"
"181.2580","2.9087","39.9359"
"181.2780","2.9087","39.9298"
"181.2980","2.9087","39.9641"
"181.3180","2.9087","39.9675"
"181.3380","2.9087","39.9709"
"181.3580","2.9087","39.8929"
"181.3780","2.9087","39.8454"
"181.3980","2.9087","39.9149"
"181.4180","2.9087","39.8913"
"181.4380","2.9087","39.9213"
"181.4580","2.9087","39.8990"
"181.4780","2.9087","39.8838"
"181.4980","2.9087","39.9832"
"181.5180","2.9087","39.9533"
"181.5380","2.9087","39.7979"
"181.5580","2.9087","39.8450"
"181.5780","2.9087","39.8858"
"181.5980","2.9087","39.9272"
"181.6180","2.9087","39.9367"
"181.6380","2.9087","39.8997"
"181.6580","2.9087","39.8040"
"181.6780","2.9087","39.7857"
"181.6980","2.9087","39.8724"
"181.7180","2.9087","39.9510"
"181.7380","2.9087","40.0086"
"181.7580","2.9087","39.9613"
"181.7780","2.9087","39.9451"
"181.7980","2.9087","39.9490"
"181.8180","2.9087","39.9176"
"181.8380","2.9087","39.8401"
"181.8580","2.9087","39.8531"
"181.8780","2.9087","39.9002"
"181.8980","2.9087","39.9108"
"181.9180","2.9087","39.9671"
"181.9380","2.9087","40.0368"
"181.9580","2.9087","39.9873"
"181.9780","2.9087","39.9272"
"181.9980","2.9087","39.8516"
"182.0180","2.9087","39.9083"
"182.0380","2.9087","39.9748"
"182.0580","2.9087","40.0257"
"182.0780","2.9087","40.0087"
"182.0980","2.9087","39.9042"
"182.1180","2.9087","39.8470"
"182.1380","2.9087","39.8891"
"182.1580","2.9087","39.9133"
"182.1780","2.9087","39.8637"
"182.1980","2.9087","39.8618"
"182.2180","2.9087","39.8508"
"182.2380","2.9087","39.8992"
"182.2580","2.9087","39.9919"
"182.2780","2.9087","39.8828"
"182.2980","2.9087","39.7885"
"182.3180","2.9087","39.7975"
"182.3380","2.9087","39.7996"
"182.3580","2.9087","39.8964"
"182.3780","2.9087","39.8679"
"182.3980","2.9087","39.8701"
"182.4180","2.9087","39.9085"
"182.4380","2.9087","39.9198"
"182.4580","2.9087","39.8733"
"182.4780","2.9087","39.8163"
"182.4980","2.9087","39.7905"
"182.5180","2.9087","39.8253"
"182.5380","2.9087","39.8166"
"182.5580","2.9087","39.8999"
"182.5780","2.9087","39.8910"
"182.5980","2.9087","39.6928"
"182.6180","2.9087","39.7627"
"182.6380","2.9087","39.8198"
"182.6580","2.9087","39.8867"
"182.6780","2.9087","39.9253"
"182.6980","2.9087","39.8449"
"182.7180","2.9087","39.8385"
"182.7380","2.9087","39.8853"
"182.7580","2.9087","39.8540"
"182.7780","2.9087","39.8956"
"182.7980","2.9087","39.8741"
"182.8180","2.9087","39.8207"
"182.8380","2.9087","39.7871"
"182.8580","2.9087","39.8624"
"182.8780","2.9087","39.8320"
"182.8980","2.9087","39.7932"
"182.9180","2.9087","39.8437"
"182.9380","2.9087","39.8496"
"182.9580","2.9087","39.8524"
"182.9780","2.9087","39.7988"
"182.9980","2.9087","39.8066"
"183.0180","2.9087","39.8736"
"183.0380","2.9087","39.8093"
"183.0580","2.9087","39.7707"
"183.0780","2.9087","39.8554"
"183.0980","2.9087","39.8861"
"183.1180","2.9087","39.8615"
"183.1380","2.9087","39.8367"
"183.1580","2.9087","39.8265"
"183.1780","2.9087","39.7954"
"183.1980","2.9087","39.8004"
"183.2180","2.9087","39.8552"
"183.2380","2.9087","39.9038"
"183.2580","2.9087","39.8819"
"183.2780","2.9087","39.8406"
"183.2980","2.9087","39.7753"
"183.3180","2.9087","39.7615"
"183.3380","2.9087","39.8163"
"183.3580","2.9087","39.7921"
"183.3780","2.9087","39.8114"
"183.3980","2.9087","39.7804"
"183.4180","2.9087","39.8187"
"183.4380","2.9087","39.7878"
"183.4580","2.9087","39.8355"
"183.4780","2.9087","39.8555"
"183.4980","2.9087","39.8216"
"183.5180","2.9087","39.8270"
"183.5380","2.9087","39.8248"
"183.5580","2.9087","39.8860"
"183.5780","2.9087","39.8308"
"183.5980","2.9087","39.8184"
"183.6180","2.9087","39.7846"
"183.6380","2.9087","39.8510"
"183.6580","2.9087","39.8089"
"183.6780","2.9087","39.8035"
"183.6980","2.9087","39.8394"
"183.7180","2.9087","39.7915"
"183.7380","2.9087","39.8067"
"183.7580","2.9087","39.8279"
"183.7780","2.9087","39.7806"
"183.7980","2.9087","39.7724"
"183.8180","2.9087","39.8289"
"183.8380","2.9087","39.8212"
"183.8580","2.9087","39.8267"
"183.8780","2.9087","39.7850"
"183.8980","2.9087","39.7501"
"183.9180","2.9087","39.8072"
"183.9380","2.9087","39.8360"
"183.9580","2.9087","39.8434"
"183.9780","2.9087","39.8797"
"183.9980","2.9087","39.8558"
"184.0180","2.9087","39.9054"
"184.0380","2.9087","39.8010"
"184.0580","2.9087","39.8275"
"184.0780","2.9087","39.7862"
"184.0980","2.9087","39.7741"
"184.1180","2.9087","39.7272"
"184.1380","2.9087","39.7465"
"184.1580","2.9087","39.7644"
"184.1780","2.9087","39.7826"
"184.1980","2.9087","39.6939"
"184.2180","2.9087","39.7465"
"184.2380","2.9087","39.7886"
"184.2580","2.9087","39.8097"
"184.2780","2.9087","39.8240"
"184.2980","2.9087","39.8022"
"184.3180","2.9087","39.7927"
"184.3380","2.9087","39.7991"
"184.3580","2.9087","39.7367"
"184.3780","2.9087","39.6994"
"184.3980","2.9087","39.7638"
"184.4180","2.9087","39.8454"
"184.4380","2.9087","39.8352"
"184.4580","2.9087","39.8272"
"184.4780","2.9087","39.7219"
"184.4980","2.9087","39.6986"
"184.5180","2.9087","39.7372"
"184.5380","2.9087","39.8080"
"184.5580","2.9087","39.7559"
"184.5780","2.9087","39.6912"
"184.5980","2.9087","39.8487"
"184.6180","2.9087","39.8070"
"184.6380","2.9087","39.7796"
"184.6580","2.9087","39.7707"
"184.6780","2.9087","39.7433"
"184.6980","2.9087","39.7729"
"184.7180","2.9087","39.7837"
"184.7380","2.9087","39.7973"
"184.7580","2.9087","39.7722"
"184.7780","2.9087","39.8081"
"184.7980","2.9087","39.7632"
"184.8180","2.9087","39.7179"
"184.8380","2.9087","39.7259"
"184.8580","2.9087","39.7615"
"184.8780","2.9087","39.7675"
"184.8980","2.9087","39.7402"
"184.9180","2.9087","39.7514"
"184.9380","2.9087","39.6925"
"184.9580","2.9087","39.7248"
"184.9780","2.9087","39.7437"
"184.9980","2.9087","39.6664"
"185.0180","2.9087","39.6690"
"185.0380","2.9087","39.6861"
"185.0580","2.9087","39.7983"
"185.0780","2.9087","39.8005"
"185.0980","2.9087","39.7860"
"185.1180","2.9087","39.8519"
"185.1380","2.9087","39.7515"
"185.1580","2.9087","39.6905"
"185.1780","2.9087","39.6639"
"185.1980","2.9087","39.7250"
"185.2180","2.9087","39.6902"
"185.2380","2.9087","39.6358"
"185.2580","2.9087","39.7110"
"185.2780","2.9087","39.6877"
"185.2980","2.9087","39.6619"
"185.3180","2.9087","39.7021"
"185.3380","2.9087","39.7132"
"185.3580","2.9087","39.7075"
"185.3780","2.9087","39.7113"
"185.3980","2.9087","39.7523"
"185.4180","2.9087","39.8155"
"185.4380","2.9087","39.7916"
"185.4580","2.9087","39.8032"
"185.4780","2.9087","39.7937"
"185.4980","2.9087","39.8177"
"185.5180","2.9087","39.8017"
"185.5380","2.9087","39.7153"
"185.5580","2.9087","39.7404"
"185.5780","2.9087","39.6391"
"185.5980","2.9087","39.6380"
"185.6180","2.9087","39.6960"
"185.6380","2.9087","39.7823"
"185.6580","2.9087","39.7665"
"185.6780","2.9087","39.7969"
"185.6980","2.9087","39.7575"
"185.7180","2.9087","39.6976"
"185.7380","2.9087","39.7465"
"185.7580","2.9087","39.7647"
"185.7780","2.9087","39.7570"
"185.7980","2.9087","39.7735"
"185.8180","2.9087","39.7474"
"185.8380","2.9087","39.7659"
"185.8580","2.9087","39.7520"
"185.8780","2.9087","39.7155"
"185.8980","2.9087","39.7052"
"185.9180","2.9087","39.7101"
"185.9380","2.9087","39.6907"
"185.9580","2.9087","39.6413"
"185.9780","2.9087","39.7271"
"185.9980","2.9087","39.7559"
"186.0180","2.9087","39.7280"
"186.0380","2.9087","39.7438"
"186.0580","2.9087","39.7189"
"186.0780","2.9087","39.7146"
"186.0980","2.9087","39.7985"
"186.1180","2.9087","39.7099"
"186.1380","2.9087","39.6524"
"186.1580","2.9087","39.6632"
"186.1780","2.9087","39.6589"
"186.1980","2.9087","39.6702"
"186.2180","2.9087","39.6896"
"186.2380","2.9087","39.6513"
"186.2580","2.9087","39.6050"
"186.2780","2.9087","39.6723"
"186.2980","2.9087","39.7039"
"186.3180","2.9087","39.7443"
"186.3380","2.9087","39.6210"
"186.3580","2.9087","39.5945"
"186.3780","2.9087","39.6827"
"186.3980","2.9087","39.7238"
"186.4180","2.9087","39.7384"
"186.4380","2.9087","39.6800"
"186.4580","2.9087","39.6991"
"186.4780","2.9087","39.7075"
"186.4980","2.9087","39.6123"
"186.5180","2.9087","39.6509"
"186.5380","2.9087","39.7080"
"186.5580","2.9087","39.7414"
"186.5780","2.9087","39.6875"
"186.5980","2.9087","39.7336"
"186.6180","2.9087","39.7107"
"186.6380","2.9087","39.7136"
"186.6580","2.9087","39.7531"
"186.6780","2.9087","39.7469"
"186.6980","2.9087","39.6665"
"186.7180","2.9087","39.6628"
"186.7380","2.9087","39.6936"
"186.7580","2.9087","39.7704"
"186.7780","2.9087","39.7659"
"186.7980","2.9087","39.6816"
"186.8180","2.9087","39.6469"
"186.8380","2.9087","39.6256"
"186.8580","2.9087","39.6554"
"186.8780","2.9087","39.6366"
"186.8980","2.9087","39.7294"
"186.9180","2.9087","39.8064"
"186.9380","2.9087","39.7682"
"186.9580","2.9087","39.7372"
"186.9780","2.9087","39.6531"
"186.9980","2.9087","39.5821"
"187.0180","2.9087","39.7002"
"187.0380","2.9087","39.7240"
"187.0580","2.9087","39.6579"
"187.0780","2.9087","39.6150"
"187.0980","2.9087","39.6458"
"187.1180","2.9087","39.6545"
"187.1380","2.9087","39.7373"
"187.1580","2.9087","39.7693"
"187.1780","2.9087","39.6304"
"187.1980","2.9087","39.6055"
"187.2180","2.9087","39.6282"
"187.2380","2.9087","39.6680"
"187.2580","2.9087","39.6769"
"187.2780","2.9087","39.7392"
"187.2980","2.9087","39.6951"
"187.3180","2.9087","39.6571"
"187.3380","2.9087","39.6546"
"187.3580","2.9087","39.6607"
"187.3780","2.9087","39.6269"
"187.3980","2.9087","39.5928"
"187.4180","2.9087","39.6725"
"187.4380","2.9087","39.6135"
"187.4580","2.9087","39.6418"
"187.4780","2.9087","39.6973"
"187.4980","2.9087","39.6841"
"187.5180","2.9087","39.6109"
"187.5380","2.9087","39.5719"
"187.5580","2.9087","39.6670"
"187.5780","2.9087","39.6884"
"187.5980","2.9087","39.6974"
"187.6180","2.9087","39.7128"
"187.6380","2.9087","39.6324"
"187.6580","2.9087","39.5635"
"187.6780","2.9087","39.6601"
"187.6980","2.9087","39.6878"
"187.7180","2.9087","39.6403"
"187.7380","2.9087","39.6329"
"187.7580","2.9087","39.6693"
"187.7780","2.9087","39.7614"
"187.7980","2.9087","39.7526"
"187.8180","2.9087","39.6659"
"187.8380","2.9087","39.6125"
"187.8580","2.9087","39.6227"
"187.8780","2.9087","39.6985"
"187.8980","2.9087","39.7974"
"187.9180","2.9087","39.7097"
"187.9380","2.9087","39.6349"
"187.9580","2.9087","39.6798"
"187.9780","2.9087","39.7497"
"187.9980","2.9087","39.7819"
"188.0180","2.9087","39.7922"
"188.0380","2.9087","39.7247"
"188.0580","2.9087","39.6216"
"188.0780","2.9087","39.6693"
"188.0980","2.9087","39.6728"
"188.1180","2.9087","39.8003"
"188.1380","2.9087","39.7461"
"188.1580","2.9087","39.7046"
"188.1780","2.9087","39.7788"
"188.1980","2.9087","39.7199"
"188.2180","2.9087","39.6361"
"188.2380","2.9087","39.7072"
"188.2580","2.9087","39.6103"
"188.2780","2.9087","39.6076"
"188.2980","2.9087","39.6644"
"188.3180","2.9087","39.6606"
"188.3380","2.9087","39.6732"
"188.3580","2.9087","39.6481"
"188.3780","2.9087","39.6841"
"188.3980","2.9087","39.7023"
"188.4180","2.9087","39.6356"
"188.4380","2.9087","39.6668"
"188.4580","2.9087","39.7381"
"188.4780","2.9087","39.7290"
"188.4980","2.9087","39.6851"
"188.5180","2.9087","39.6926"
"188.5270","2.9087","39.7031"
"188.5280","2.9087","39.7051"
"188.5480","2.9087","39.7065"
"188.5680","2.9087","39.6946"
"188.5880","2.9087","39.6570"
"188.6080","2.9087","39.6485"
"188.6280","2.9087","39.7341"
"188.6480","2.9088","39.6729"
"188.6680","2.9089","39.6047"
"188.6880","2.9091","39.5689"
"188.7080","2.9092","39.6303"
"188.7280","2.9092","39.6850"
"188.7480","2.9091","39.6606"
"188.7680","2.9092","39.7445"
"188.7880","2.9093","39.7425"
"188.8080","2.9096","39.7097"
"188.8280","2.9099","39.7321"
"188.8480","2.9105","39.7483"
"188.8680","2.9110","39.6920"
"188.8880","2.9116","39.6536"
"188.9080","2.9122","39.6672"
"188.9280","2.9126","39.7511"
"188.9480","2.9130","39.8538"
"188.9680","2.9134","39.8207"
"188.9880","2.9137","39.7231"
"189.0080","2.9140","39.7944"
"189.0280","2.9140","39.7981"
"189.0480","2.9140","39.6397"
"189.0680","2.9139","39.6280"
"189.0880","2.9138","39.7141"
"189.1080","2.9135","39.7365"
"189.1280","2.9131","39.6588"
"189.1480","2.9128","39.6405"
"189.1680","2.9126","39.6776"
"189.1880","2.9124","39.7606"
"189.2080","2.9123","39.7417"
"189.2280","2.9120","39.7736"
"189.2480","2.9118","39.7081"
"189.2680","2.9115","39.7346"
"189.2880","2.9111","39.6844"
"189.3080","2.9107","39.6379"
"189.3280","2.9103","39.7300"
"189.3480","2.9100","39.7361"
"189.3680","2.9096","39.7181"
"189.3880","2.9093","39.6624"
"189.4080","2.9090","39.7373"
"189.4280","2.9087","39.6754"
"189.4480","2.9083","39.6380"
"189.4680","2.9079","39.6494"
"189.4880","2.9074","39.5598"
"189.5080","2.9070","39.5726"
"189.5280","2.9066","39.5713"
"189.5480","2.9063","39.5854"
"189.5680","2.9060","39.6679"
"189.5880","2.9057","39.6625"
"189.6080","2.9054","39.5886"
"189.6280","2.9050","39.5253"
"189.6480","2.9047","39.5383"
"189.6680","2.9043","39.5571"
"189.6880","2.9040","39.6030"
"189.7080","2.9037","39.6243"
"189.7280","2.9035","39.5705"
"189.7480","2.9031","39.5329"
"189.7680","2.9027","39.4751"
"189.7880","2.9023","39.4669"
"189.8080","2.9018","39.4606"
"189.8280","2.9013","39.3816"
"189.8480","2.9009","39.3918"
"189.8680","2.9007","39.4622"
"189.8880","2.9005","39.5012"
"189.9080","2.9002","39.4350"
"189.9280","2.8999","39.4084"
"189.9480","2.8996","39.4271"
"189.9680","2.8992","39.4023"
"189.9880","2.8988","39.4158"
"190.0080","2.8984","39.4061"
"190.0280","2.8980","39.4269"
"190.0480","2.8978","39.4630"
"190.0680","2.8975","39.4338"
"190.0880","2.8972","39.3553"
"190.1080","2.8969","39.2957"
"190.1280","2.8965","39.2963"
"190.1480","2.8961","39.3285"
"190.1680","2.8957","39.3241"
"190.1880","2.8953","39.3163"
"190.2080","2.8950","39.3592"
"190.2280","2.8947","39.3463"
"190.2480","2.8944","39.3078"
"190.2680","2.8941","39.3021"
"190.2880","2.8938","39.3410"
"190.3080","2.8934","39.2736"
"190.3280","2.8931","39.1964"
"190.3480","2.8928","39.1683"
"190.3680","2.8925","39.2319"
"190.3880","2.8922","39.2033"
"190.4080","2.8920","39.1737"
"190.4280","2.8917","39.2107"
"190.4480","2.8913","39.2744"
"190.4680","2.8909","39.2568"
"190.4880","2.8904","39.2922"
"190.5080","2.8900","39.2489"
"190.5280","2.8896","39.2400"
"190.5480","2.8893","39.2632"
"190.5680","2.8891","39.2506"
"190.5880","2.8889","39.1492"
"190.6080","2.8886","39.1530"
"190.6280","2.8883","39.1495"
"190.6480","2.8879","39.1654"
"190.6680","2.8875","39.1636"
"190.6880","2.8871","39.0888"
"190.7080","2.8868","39.0616"
"190.7280","2.8865","39.0889"
"190.7480","2.8862","39.0852"
"190.7680","2.8859","39.1222"
"190.7880","2.8856","39.1672"
"190.8080","2.8853","39.1367"
"190.8280","2.8849","39.0553"
"190.8480","2.8845","39.0062"
"190.8680","2.8841","39.0261"
"190.8880","2.8837","39.0234"
"190.9080","2.8834","39.0404"
"190.9280","2.8831","39.1408"
"190.9480","2.8828","39.1536"
"190.9680","2.8825","39.1060"
"190.9880","2.8822","39.0045"
"191.0080","2.8818","38.9694"
"191.0280","2.8815","39.0500"
"191.0480","2.8811","39.0564"
"191.0680","2.8809","39.0246"
"191.0880","2.8806","39.0192"
"191.1080","2.8803","39.0315"
"191.1280","2.8800","38.9885"
"191.1480","2.8796","38.9238"
"191.1680","2.8792","38.9180"
"191.1880","2.8787","38.9793"
"191.2080","2.8783","39.0183"
"191.2280","2.8780","38.9332"
"191.2480","2.8778","38.9005"
"191.2680","2.8776","38.8948"
"191.2880","2.8773","38.8662"
"191.3080","2.8770","38.8817"
"191.3280","2.8766","38.8526"
"191.3480","2.8763","38.8621"
"191.3680","2.8759","38.9408"
"191.3880","2.8755","38.9466"
"191.4080","2.8752","38.9674"
"191.4280","2.8749","38.8934"
"191.4480","2.8746","38.8683"
"191.4680","2.8743","38.8984"
"191.4880","2.8740","38.8601"
"191.5080","2.8736","38.8197"
"191.5280","2.8732","38.7950"
"191.5480","2.8728","38.7342"
"191.5680","2.8724","38.6735"
"191.5880","2.8721","38.7501"
"191.6080","2.8718","38.8668"
"191.6280","2.8715","38.9180"
"191.6480","2.8712","38.8489"
"191.6680","2.8709","38.7604"
"191.6880","2.8705","38.7085"
"191.7080","2.8701","38.6643"
"191.7280","2.8698","38.7316"
"191.7480","2.8695","38.8094"
"191.7680","2.8693","38.7850"
"191.7880","2.8690","38.7479"
"191.8080","2.8687","38.8447"
"191.8280","2.8683","38.8447"
"191.8480","2.8679","38.7731"
"191.8680","2.8675","38.7126"
"191.8880","2.8670","38.7094"
"191.9080","2.8667","38.6843"
"191.9280","2.8664","38.5839"
"191.9480","2.8662","38.6405"
"191.9680","2.8659","38.7313"
"191.9880","2.8657","38.6552"
"192.0080","2.8653","38.5899"
"192.0280","2.8650","38.5643"
"192.0480","2.8646","38.6041"
"192.0680","2.8642","38.6112"
"192.0880","2.8638","38.5997"
"192.1080","2.8635","38.5892"
"192.1280","2.8632","38.4714"
"192.1480","2.8630","38.4939"
"192.1680","2.8627","38.4961"
"192.1880","2.8623","38.5082"
"192.2080","2.8619","38.4746"
"192.2280","2.8615","38.5844"
"192.2480","2.8611","38.6419"
"192.2680","2.8607","38.6372"
"192.2880","2.8604","38.6527"
"192.3080","2.8601","38.5786"
"192.3280","2.8599","38.5313"
"192.3480","2.8595","38.5257"
"192.3680","2.8592","38.4672"
"192.3880","2.8588","38.4389"
"192.4080","2.8585","38.4225"
"192.4280","2.8582","38.4861"
"192.4480","2.8579","38.5077"
"192.4680","2.8576","38.4813"
"192.4880","2.8573","38.4351"
"192.5080","2.8570","38.4397"
"192.5280","2.8566","38.5140"
"192.5480","2.8562","38.3795"
"192.5680","2.8557","38.3789"
"192.5880","2.8553","38.4409"
"192.6080","2.8550","38.4198"
"192.6280","2.8548","38.4050"
"192.6480","2.8546","38.3597"
"192.6680","2.8543","38.3581"
"192.6880","2.8540","38.3897"
"192.7080","2.8537","38.3929"
"192.7280","2.8533","38.3918"
"192.7480","2.8529","38.4287"
"192.7680","2.8525","38.4280"
"192.7880","2.8522","38.3901"
"192.8080","2.8519","38.3579"
"192.8280","2.8516","38.2997"
"192.8480","2.8513","38.3347"
"192.8680","2.8510","38.3916"
"192.8880","2.8506","38.3111"
"192.9080","2.8502","38.3062"
"192.9280","2.8497","38.2983"
"192.9480","2.8493","38.3005"
"192.9680","2.8490","38.3286"
"192.9880","2.8488","38.2924"
"193.0080","2.8485","38.2753"
"193.0280","2.8482","38.2120"
"193.0480","2.8479","38.2249"
"193.0680","2.8475","38.3155"
"193.0880","2.8472","38.2625"
"193.1080","2.8468","38.2198"
"193.1280","2.8465","38.2555"
"193.1480","2.8463","38.3110"
"193.1680","2.8460","38.2729"
"193.1880","2.8457","38.1644"
"193.2080","2.8453","38.2309"
"193.2280","2.8449","38.1893"
"193.2480","2.8444","38.1768"
"193.2680","2.8440","38.2201"
"193.2880","2.8436","38.1863"
"193.3080","2.8434","38.2248"
"193.3280","2.8432","38.1372"
"193.3480","2.8430","38.1409"
"193.3680","2.8427","38.1756"
"193.3880","2.8424","38.2556"
"193.4080","2.8420","38.2233"
"193.4280","2.8416","38.1505"
"193.4480","2.8412","38.0843"
"193.4680","2.8408","38.1512"
"193.4880","2.8405","38.1807"
"193.5080","2.8402","38.1126"
"193.5280","2.8399","38.1219"
"193.5480","2.8396","38.0942"
"193.5680","2.8393","38.1317"
"193.5880","2.8389","38.1298"
"193.6080","2.8384","38.1669"
"193.6280","2.8380","38.1202"
"193.6480","2.8377","38.0791"
"193.6680","2.8374","38.0912"
"193.6880","2.8371","38.0239"
"193.7080","2.8368","38.0084"
"193.7280","2.8365","38.0405"
"193.7480","2.8362","38.0858"
"193.7680","2.8358","38.1519"
"193.7880","2.8355","38.0697"
"193.8080","2.8352","38.0152"
"193.8280","2.8349","38.0002"
"193.8480","2.8346","38.0366"
"193.8680","2.8343","38.0706"
"193.8880","2.8340","38.0289"
"193.9080","2.8336","37.9573"
"193.9280","2.8331","37.8964"
"193.9480","2.8327","37.8956"
"193.9680","2.8323","37.9254"
"193.9880","2.8320","37.9887"
"194.0080","2.8318","38.0233"
"194.0280","2.8316","37.9669"
"194.0480","2.8313","37.8406"
"194.0680","2.8310","37.8752"
"194.0880","2.8306","37.9469"
"194.1080","2.8303","37.9115"
"194.1280","2.8299","37.9128"
"194.1480","2.8295","37.9577"
"194.1680","2.8292","37.9472"
"194.1880","2.8289","37.8464"
"194.2080","2.8286","37.8087"
"194.2280","2.8283","37.8713"
"194.2480","2.8280","37.9122"
"194.2680","2.8276","37.8786"
"194.2880","2.8271","37.9123"
"194.3080","2.8267","37.8665"
"194.3280","2.8263","37.8347"
"194.3480","2.8260","37.8696"
"194.3680","2.8257","37.8061"
"194.3880","2.8255","37.7590"
"194.4080","2.8252","37.7653"
"194.4280","2.8249","37.7919"
"194.4480","2.8245","37.7691"
"194.4680","2.8242","37.7237"
"194.4880","2.8238","37.7442"
"194.5080","2.8235","37.7586"
"194.5280","2.8232","37.7190"
"194.5480","2.8230","37.7304"
"194.5680","2.8226","37.7756"
"194.5880","2.8223","37.7327"
"194.6080","2.8218","37.7030"
"194.6280","2.8214","37.8235"
"194.6480","2.8210","37.8214"
"194.6680","2.8207","37.7708"
"194.6880","2.8204","37.7155"
"194.7080","2.8202","37.7558"
"194.7280","2.8200","37.7474"
"194.7480","2.8197","37.7286"
"194.7680","2.8193","37.6834"
"194.7880","2.8190","37.6083"
"194.8080","2.8186","37.6176"
"194.8280","2.8182","37.6627"
"194.8480","2.8178","37.6627"
"194.8680","2.8176","37.6798"
"194.8880","2.8173","37.6879"
"194.9080","2.8170","37.6278"
"194.9280","2.8167","37.5796"
"194.9480","2.8163","37.5320"
"194.9680","2.8159","37.5146"
"194.9880","2.8154","37.5199"
"195.0080","2.8150","37.5930"
"195.0280","2.8147","37.5762"
"195.0480","2.8144","37.5885"
"195.0680","2.8141","37.5496"
"195.0880","2.8139","37.5986"
"195.1080","2.8135","37.6020"
"195.1280","2.8132","37.5940"
"195.1480","2.8128","37.5144"
"195.1680","2.8125","37.4872"
"195.1880","2.8122","37.5017"
"195.2080","2.8119","37.4833"
"195.2280","2.8116","37.4319"
"195.2480","2.8113","37.4777"
"195.2680","2.8110","37.5415"
"195.2880","2.8106","37.5107"
"195.3080","2.8101","37.5472"
"195.3280","2.8097","37.5089"
"195.3480","2.8093","37.4883"
"195.3680","2.8090","37.4804"
"195.3880","2.8088","37.4760"
"195.4080","2.8086","37.4831"
"195.4280","2.8083","37.4960"
"195.4480","2.8080","37.4556"
"195.4680","2.8076","37.4592"
"195.4880","2.8072","37.3862"
"195.5080","2.8068","37.3063"
"195.5280","2.8065","37.3547"
"195.5480","2.8062","37.4410"
"195.5680","2.8059","37.4422"
"195.5880","2.8057","37.4148"
"195.6080","2.8054","37.3705"
"195.6280","2.8050","37.3287"
"195.6480","2.8046","37.3838"
"195.6680","2.8042","37.3785"
"195.6880","2.8037","37.3039"
"195.7080","2.8034","37.3440"
"195.7280","2.8030","37.3374"
"195.7480","2.8028","37.3756"
"195.7680","2.8025","37.3831"
"195.7880","2.8022","37.3390"
"195.8080","2.8019","37.2865"
"195.8280","2.8015","37.2995"
"195.8480","2.8012","37.2796"
"195.8680","2.8008","37.2664"
"195.8880","2.8005","37.2667"
"195.9080","2.8003","37.2502"
"195.9280","2.8000","37.2789"
"195.9480","2.7997","37.2755"
"195.9680","2.7993","37.2705"
"195.9880","2.7988","37.2682"
"196.0080","2.7983","37.2544"
"196.0280","2.7979","37.2908"
"196.0480","2.7976","37.2850"
"196.0680","2.7974","37.2771"
"196.0880","2.7972","37.2145"
"196.1080","2.7970","37.2351"
"196.1280","2.7967","37.2041"
"196.1480","2.7963","37.1835"
"196.1680","2.7959","37.1467"
"196.1880","2.7955","37.0828"
"196.2080","2.7952","37.1535"
"196.2280","2.7948","37.1859"
"196.2480","2.7945","37.1847"
"196.2680","2.7943","37.1958"
"196.2880","2.7940","37.1906"
"196.3080","2.7937","37.1256"
"196.3280","2.7933","37.1119"
"196.3480","2.7929","37.0720"
"196.3680","2.7925","37.0663"
"196.3880","2.7921","37.0195"
"196.4080","2.7917","37.0216"
"196.4280","2.7914","37.0704"
"196.4480","2.7911","37.1251"
"196.4680","2.7908","37.1457"
"196.4880","2.7905","37.2019"
"196.5080","2.7902","37.1482"
"196.5280","2.7898","37.0935"
"196.5480","2.7895","37.0913"
"196.5680","2.7892","37.0265"
"196.5880","2.7889","37.0166"
"196.6080","2.7887","37.0680"
"196.6280","2.7884","37.0223"
"196.6480","2.7880","36.9706"
"196.6680","2.7876","36.9643"
"196.6880","2.7871","37.0348"
"196.7080","2.7867","37.0176"
"196.7280","2.7863","36.9415"
"196.7480","2.7860","36.9816"
"196.7680","2.7858","36.9215"
"196.7880","2.7856","36.9347"
"196.8080","2.7853","36.9503"
"196.8280","2.7850","36.9408"
"196.8480","2.7846","36.9764"
"196.8680","2.7843","36.8913"
"196.8880","2.7839","36.9248"
"196.9080","2.7835","36.9427"
"196.9280","2.7832","36.9498"
"196.9480","2.7829","36.9498"
"196.9680","2.7827","36.8995"
"196.9880","2.7824","36.8177"
"197.0080","2.7820","36.8893"
"197.0280","2.7816","36.8719"
"197.0480","2.7812","36.8885"
"197.0680","2.7807","36.8354"
"197.0880","2.7803","36.9257"
"197.1080","2.7800","36.9813"
"197.1280","2.7797","36.9349"
"197.1480","2.7795","36.8617"
"197.1680","2.7792","36.7715"
"197.1880","2.7788","36.8218"
"197.2080","2.7785","36.8897"
"197.2280","2.7781","36.8764"
"197.2480","2.7778","36.8989"
"197.2680","2.7776","36.9190"
"197.2880","2.7773","36.8675"
"197.3080","2.7770","36.8518"
"197.3280","2.7767","36.7093"
"197.3480","2.7763","36.6787"
"197.3680","2.7758","36.7473"
"197.3880","2.7754","36.8266"
"197.4080","2.7750","36.8306"
"197.4280","2.7747","36.7592"
"197.4480","2.7744","36.7349"
"197.4680","2.7742","36.6990"
"197.4880","2.7740","36.7297"
"197.5080","2.7737","36.7596"
"197.5280","2.7733","36.8052"
"197.5480","2.7729","36.8092"
"197.5680","2.7725","36.7122"
"197.5880","2.7722","36.6966"
"197.6080","2.7718","36.6712"
"197.6280","2.7715","36.7135"
"197.6480","2.7713","36.7230"
"197.6680","2.7710","36.6841"
"197.6880","2.7707","36.6115"
"197.7080","2.7703","36.7180"
"197.7280","2.7699","36.6500"
"197.7480","2.7695","36.6479"
"197.7680","2.7691","36.6499"
"197.7880","2.7687","36.6258"
"197.8080","2.7684","36.6411"
"197.8280","2.7681","36.6052"
"197.8480","2.7678","36.5908"
"197.8680","2.7675","36.5887"
"197.8880","2.7671","36.5808"
"197.9080","2.7668","36.6327"
"197.9280","2.7664","36.6155"
"197.9480","2.7662","36.5861"
"197.9680","2.7659","36.5487"
"197.9880","2.7657","36.6165"
"198.0080","2.7653","36.5962"
"198.0280","2.7650","36.6059"
"198.0480","2.7646","36.6465"
"198.0680","2.7641","36.5526"
"198.0880","2.7637","36.5631"
"198.1080","2.7633","36.5653"
"198.1280","2.7630","36.5827"
"198.1480","2.7628","36.5174"
"198.1680","2.7626","36.4791"
"198.1880","2.7623","36.5213"
"198.2080","2.7619","36.4876"
"198.2280","2.7616","36.5145"
"198.2480","2.7612","36.5292"
"198.2680","2.7608","36.5284"
"198.2880","2.7605","36.5530"
"198.3080","2.7602","36.5261"
"198.3280","2.7599","36.5225"
"198.3480","2.7596","36.3914"
"198.3680","2.7593","36.3368"
"198.3880","2.7590","36.4527"
"198.4080","2.7586","36.5319"
"198.4280","2.7582","36.5196"
"198.4480","2.7577","36.4533"
"198.4680","2.7574","36.3752"
"198.4880","2.7571","36.3867"
"198.5080","2.7568","36.4436"
"198.5280","2.7565","36.4735"
"198.5480","2.7561","36.4273"
"198.5680","2.7558","36.4158"
"198.5880","2.7554","36.3585"
"198.6080","2.7551","36.3984"
"198.6280","2.7548","36.3887"
"198.6480","2.7546","36.3598"
"198.6680","2.7543","36.3256"
"198.6880","2.7540","36.3648"
"198.7080","2.7536","36.3548"
"198.7280","2.7532","36.4069"
"198.7480","2.7528","36.3410"
"198.7680","2.7523","36.3671"
"198.7880","2.7519","36.3156"
"198.8080","2.7516","36.2903"
"198.8280","2.7514","36.2872"
"198.8480","2.7512","36.2771"
"198.8680","2.7509","36.2691"
"198.8880","2.7506","36.2582"
"198.9080","2.7503","36.1447"
"198.9280","2.7499","36.1868"
"198.9480","2.7495","36.2799"
"198.9680","2.7492","36.2570"
"198.9880","2.7489","36.2521"
"199.0080","2.7486","36.2099"
"199.0280","2.7483","36.1750"
"199.0480","2.7480","36.1181"
"199.0680","2.7477","36.1686"
"199.0880","2.7473","36.2164"
"199.1080","2.7469","36.2996"
"199.1280","2.7464","36.2605"
"199.1480","2.7461","36.2306"
"199.1680","2.7457","36.2265"
"199.1880","2.7454","36.1938"
"199.2080","2.7451","36.1984"
"199.2280","2.7448","36.2800"
"199.2480","2.7445","36.1482"
"199.2680","2.7441","36.1398"
"199.2880","2.7438","36.1534"
"199.3080","2.7435","36.1570"
"199.3280","2.7432","36.2345"
"199.3480","2.7429","36.1641"
"199.3680","2.7427","36.0681"
"199.3880","2.7423","35.9818"
"199.4080","2.7420","36.0194"
"199.4280","2.7415","36.1031"
"199.4480","2.7411","36.1402"
"199.4680","2.7406","36.1677"
"199.4880","2.7403","36.1264"
"199.5080","2.7401","36.0705"
"199.5280","2.7399","36.0760"
"199.5480","2.7396","36.0727"
"199.5680","2.7393","36.0099"
"199.5880","2.7390","35.9929"
"199.6080","2.7386","36.0132"
"199.6280","2.7382","36.0682"
"199.6480","2.7379","36.0921"
"199.6680","2.7375","36.0713"
"199.6880","2.7372","36.0245"
"199.7080","2.7370","35.9507"
"199.7280","2.7367","35.9615"
"199.7480","2.7364","36.0140"
"199.7680","2.7360","36.1278"
"199.7880","2.7356","36.1373"
"199.8080","2.7351","36.0415"
"199.8280","2.7347","35.9638"
"199.8480","2.7343","36.0342"
"199.8680","2.7340","36.0451"
"199.8880","2.7338","35.9546"
"199.9080","2.7335","35.8790"
"199.9280","2.7332","35.9050"
"199.9480","2.7328","35.9359"
"199.9680","2.7325","35.9640"
"199.9880","2.7322","36.0339"
"200.0080","2.7319","35.9836"
"200.0280","2.7316","35.9242"
"200.0480","2.7313","35.9384"
"200.0680","2.7310","35.9798"
"200.0880","2.7307","35.8809"
"200.1080","2.7303","35.9583"
"200.1280","2.7298","35.8485"
"200.1480","2.7294","35.7918"
"200.1680","2.7290","35.8594"
"200.1880","2.7287","35.8469"
"200.2080","2.7285","35.8365"
"200.2280","2.7282","35.8123"
"200.2480","2.7280","35.7609"
"200.2680","2.7276","35.7775"
"200.2880","2.7273","35.7610"
"200.3080","2.7269","35.7890"
"200.3280","2.7265","35.8498"
"200.3480","2.7261","35.8145"
"200.3680","2.7258","35.8729"
"200.3880","2.7256","35.8255"
"200.4080","2.7253","35.7366"
"200.4280","2.7250","35.7546"
"200.4480","2.7247","35.7066"
"200.4680","2.7243","35.7135"
"200.4880","2.7239","35.7600"
"200.5080","2.7234","35.7502"
"200.5280","2.7231","35.7471"
"200.5480","2.7228","35.7020"
"200.5680","2.7225","35.7615"
"200.5880","2.7222","35.8101"
"200.6080","2.7219","35.7945"
"200.6280","2.7215","35.8253"
"200.6480","2.7212","35.8106"
"200.6680","2.7208","35.7169"
"200.6880","2.7205","35.7288"
"200.7080","2.7202","35.6748"
"200.7280","2.7199","35.7720"
"200.7480","2.7197","35.7974"
"200.7680","2.7193","35.7567"
"200.7880","2.7190","35.6954"
"200.8080","2.7185","35.7425"
"200.8280","2.7180","35.7622"
"200.8480","2.7176","35.6775"
"200.8680","2.7173","35.6422"
"200.8880","2.7170","35.6746"
"200.9080","2.7168","35.7021"
"200.9280","2.7166","35.6312"
"200.9480","2.7163","35.5542"
"200.9680","2.7159","35.5654"
"200.9880","2.7156","35.6535"
"201.0080","2.7152","35.6729"
"201.0280","2.7148","35.7059"
"201.0480","2.7145","35.6379"
"201.0680","2.7142","35.6105"
"201.0880","2.7139","35.6362"
"201.1080","2.7137","35.6133"
"201.1280","2.7133","35.6746"
"201.1480","2.7129","35.6442"
"201.1680","2.7125","35.6162"
"201.1880","2.7121","35.5600"
"201.2080","2.7117","35.5522"
"201.2280","2.7114","35.5473"
"201.2480","2.7111","35.5445"
"201.2680","2.7108","35.5994"
"201.2880","2.7105","35.5307"
"201.3080","2.7102","35.5228"
"201.3280","2.7098","35.5491"
"201.3480","2.7095","35.6185"
"201.3680","2.7092","35.5897"
"201.3880","2.7089","35.5540"
"201.4080","2.7086","35.5049"
"201.4280","2.7083","35.5742"
"201.4480","2.7080","35.5904"
"201.4680","2.7076","35.4958"
"201.4880","2.7072","35.4942"
"201.5080","2.7067","35.4800"
"201.5280","2.7062","35.5466"
"201.5480","2.7059","35.5153"
"201.5680","2.7057","35.4859"
"201.5880","2.7055","35.4950"
"201.6080","2.7053","35.4649"
"201.6280","2.7050","35.3433"
"201.6480","2.7047","35.3202"
"201.6680","2.7043","35.3462"
"201.6880","2.7039","35.3261"
"201.7080","2.7035","35.3438"
"201.7280","2.7031","35.3414"
"201.7480","2.7028","35.3253"
"201.7680","2.7026","35.3337"
"201.7880","2.7023","35.3675"
"201.8080","2.7020","35.4297"
"201.8280","2.7016","35.4119"
"201.8480","2.7012","35.4205"
"201.8680","2.7008","35.3708"
"201.8880","2.7004","35.3423"
"201.9080","2.7000","35.3769"
"201.9280","2.6997","35.3864"
"201.9480","2.6994","35.3967"
"201.9680","2.6991","35.3452"
"201.9880","2.6988","35.3163"
"202.0080","2.6985","35.3231"
"202.0280","2.6981","35.3176"
"202.0480","2.6978","35.2538"
"202.0680","2.6975","35.2331"
"202.0880","2.6973","35.3093"
"202.1080","2.6970","35.3172"
"202.1280","2.6967","35.2554"
"202.1480","2.6963","35.2536"
"202.1680","2.6959","35.3574"
"202.1880","2.6954","35.3744"
"202.2080","2.6950","35.3195"
"202.2280","2.6946","35.2780"
"202.2480","2.6943","35.2550"
"202.2680","2.6941","35.2382"
"202.2880","2.6939","35.1635"
"202.3080","2.6937","35.1115"
"202.3280","2.6934","35.1459"
"202.3480","2.6930","35.2010"
"202.3680","2.6926","35.1438"
"202.3880","2.6922","35.1362"
"202.4080","2.6918","35.2117"
"202.4280","2.6915","35.2845"
"202.4480","2.6912","35.2323"
"202.4680","2.6909","35.2150"
"202.4880","2.6906","35.2130"
"202.5080","2.6903","35.1533"
"202.5280","2.6899","35.1658"
"202.5480","2.6895","35.1912"
"202.5680","2.6891","35.1716"
"202.5880","2.6887","35.1278"
"202.6080","2.6884","35.1195"
"202.6280","2.6881","35.1332"
"202.6480","2.6878","35.1346"
"202.6680","2.6875","35.1597"
"202.6880","2.6872","35.1113"
"202.7080","2.6869","35.1329"
"202.7280","2.6865","35.1094"
"202.7480","2.6862","35.0620"
"202.7680","2.6859","35.0744"
"202.7880","2.6856","34.9787"
"202.8080","2.6854","34.9732"
"202.8280","2.6850","35.0480"
"202.8480","2.6847","35.0446"
"202.8680","2.6842","34.9752"
"202.8880","2.6838","34.9179"
"202.9080","2.6833","34.9213"
"202.9280","2.6829","34.9514"
"202.9480","2.6827","35.0349"
"202.9680","2.6825","35.0227"
"202.9880","2.6823","34.9905"
"203.0080","2.6820","34.9274"
"203.0280","2.6816","34.9544"
"203.0480","2.6813","35.0232"
"203.0680","2.6809","35.0511"
"203.0880","2.6805","34.9614"
"203.1080","2.6802","35.0075"
"203.1280","2.6799","34.9885"
"203.1480","2.6796","35.0114"
"203.1680","2.6793","34.9554"
"203.1880","2.6790","34.9429"
"203.2080","2.6786","34.8793"
"203.2280","2.6782","34.9160"
"203.2480","2.6778","34.9773"
"203.2680","2.6774","34.9416"
"203.2880","2.6771","34.9300"
"203.3080","2.6768","34.9271"
"203.3280","2.6765","34.8613"
"203.3480","2.6762","34.8735"
"203.3680","2.6759","34.9340"
"203.3880","2.6755","34.9590"
"203.4080","2.6752","34.8438"
"203.4280","2.6748","34.7955"
"203.4480","2.6745","34.8334"
"203.4680","2.6742","34.8059"
"203.4880","2.6740","34.8306"
"203.5080","2.6737","34.8637"
"203.5280","2.6733","34.9113"
"203.5480","2.6729","34.8469"
"203.5680","2.6724","34.7717"
"203.5880","2.6720","34.6940"
"203.6080","2.6716","34.7664"
"203.6280","2.6713","34.8212"
"203.6480","2.6711","34.7369"
"203.6680","2.6709","34.7946"
"203.6880","2.6706","34.8365"
"203.7080","2.6703","34.8063"
"203.7280","2.6700","34.8054"
"203.7480","2.6696","34.7505"
"203.7680","2.6692","34.7857"
"203.7880","2.6688","34.7851"
"203.8080","2.6685","34.8203"
"203.8280","2.6682","34.7841"
"203.8480","2.6679","34.7244"
"203.8680","2.6676","34.6424"
"203.8880","2.6673","34.6795"
"203.9080","2.6669","34.6742"
"203.9280","2.6665","34.6801"
"203.9480","2.6661","34.6181"
"203.9680","2.6657","34.5784"
"203.9880","2.6654","34.6180"
"204.0080","2.6651","34.6055"
"204.0280","2.6648","34.6432"
"204.0480","2.6645","34.6339"
"204.0680","2.6642","34.7036"
"204.0880","2.6638","34.7367"
"204.1080","2.6635","34.7112"
"204.1280","2.6632","34.6945"
"204.1480","2.6629","34.6049"
"204.1680","2.6626","34.5877"
"204.1880","2.6621","34.6447"
"204.2080","2.6604","34.5497"
"204.2280","2.6579","34.5284"
"204.2480","2.6556","34.5221"
"204.2680","2.6529","34.5463"
"204.2880","2.6494","34.5158"
"204.3080","2.6453","34.4268"
"204.3280","2.6412","34.3965"
"204.3480","2.6373","34.2506"
"204.3680","2.6339","34.0980"
"204.3880","2.6306","33.9936"
"204.4080","2.6273","33.9013"
"204.4280","2.6240","33.9108"
"204.4480","2.6207","33.8713"
"204.4680","2.6173","33.7787"
"204.4880","2.6139","33.7374"
"204.5080","2.6106","33.7268"
"204.5280","2.6073","33.6681"
"204.5480","2.6039","33.5994"
"204.5680","2.6006","33.5621"
"204.5880","2.5973","33.4901"
"204.6080","2.5940","33.4288"
"204.6280","2.5906","33.3392"
"204.6480","2.5873","33.3128"
"204.6680","2.5839","33.2008"
"204.6880","2.5806","33.1252"
"204.7080","2.5772","33.1121"
"204.7280","2.5739","33.0055"
"204.7480","2.5706","32.9588"
"204.7680","2.5672","32.9712"
"204.7880","2.5639","32.8706"
"204.8080","2.5606","32.8377"
"204.8280","2.5573","32.7557"
"204.8480","2.5539","32.6852"
"204.8680","2.5507","32.6005"
"204.8880","2.5474","32.5508"
"204.9080","2.5441","32.5255"
"204.9280","2.5407","32.5274"
"204.9480","2.5374","32.4402"
"204.9680","2.5340","32.3504"
"204.9880","2.5307","32.2988"
"205.0080","2.5273","32.3202"
"205.0280","2.5240","32.2061"
"205.0480","2.5205","32.1440"
"205.0680","2.5171","32.0901"
"205.0880","2.5137","32.0302"
"205.1080","2.5104","31.8993"
"205.1280","2.5072","31.8247"
"205.1480","2.5042","31.7364"
"205.1680","2.5009","31.7148"
"205.1880","2.4975","31.7312"
"205.2080","2.4940","31.6681"
"205.2280","2.4905","31.6271"
"205.2480","2.4872","31.5468"
"205.2680","2.4838","31.5495"
"205.2880","2.4806","31.5016"
"205.3080","2.4773","31.4443"
"205.3280","2.4739","31.3873"
"205.3480","2.4706","31.2749"
"205.3680","2.4672","31.2704"
"205.3880","2.4639","31.2156"
"205.4080","2.4605","31.1259"
"205.4280","2.4572","31.0365"
"205.4480","2.4539","30.9701"
"205.4680","2.4506","30.9089"
"205.4880","2.4473","30.8941"
"205.5080","2.4439","30.7626"
"205.5280","2.4406","30.6944"
"205.5480","2.4373","30.6547"
"205.5680","2.4340","30.6502"
"205.5880","2.4306","30.6076"
"205.6080","2.4273","30.7005"
"205.6280","2.4240","30.6571"
"205.6480","2.4207","30.5442"
"205.6680","2.4173","30.4281"
"205.6880","2.4140","30.3695"
"205.7080","2.4106","30.3265"
"205.7280","2.4073","30.2681"
"205.7480","2.4039","30.1950"
"205.7680","2.4005","30.1501"
"205.7880","2.3971","30.0482"
"205.8080","2.3938","29.9998"
"205.8280","2.3905","29.9491"
"205.8480","2.3872","29.9328"
"205.8680","2.3839","29.8473"
"205.8880","2.3806","29.8406"
"205.9080","2.3773","29.6945"
"205.9280","2.3740","29.6273"
"205.9480","2.3706","29.7211"
"205.9680","2.3673","29.7274"
"205.9880","2.3640","29.6743"
"206.0080","2.3607","29.5986"
"206.0280","2.3574","29.4930"
"206.0480","2.3540","29.4200"
"206.0680","2.3506","29.4245"
"206.0880","2.3472","29.3486"
"206.1080","2.3439","29.2791"
"206.1280","2.3405","29.1970"
"206.1480","2.3371","29.1471"
"206.1680","2.3338","29.0899"
"206.1880","2.3306","29.0207"
"206.2080","2.3273","28.9131"
"206.2280","2.3240","28.8555"
"206.2480","2.3207","28.7965"
"206.2680","2.3173","28.8550"
"206.2880","2.3140","28.7868"
"206.3080","2.3106","28.6924"
"206.3280","2.3073","28.6112"
"206.3480","2.3040","28.5455"
"206.3680","2.3006","28.5197"
"206.3880","2.2973","28.4228"
"206.4080","2.2940","28.3400"
"206.4280","2.2906","28.3312"
"206.4480","2.2872","28.3481"
"206.4680","2.2839","28.2367"
"206.4880","2.2806","28.1747"
"206.5080","2.2772","28.1828"
"206.5280","2.2739","28.2022"
"206.5480","2.2706","28.0973"
"206.5680","2.2673","27.9657"
"206.5880","2.2639","27.9065"
"206.6080","2.2606","27.8519"
"206.6280","2.2573","27.8109"
"206.6480","2.2540","27.6639"
"206.6680","2.2506","27.6543"
"206.6880","2.2473","27.6087"
"206.7080","2.2440","27.5343"
"206.7280","2.2407","27.5193"
"206.7480","2.2374","27.5274"
"206.7680","2.2340","27.4781"
"206.7880","2.2307","27.4250"
"206.8080","2.2273","27.3787"
"206.8280","2.2239","27.2763"
"206.8480","2.2206","27.1306"
"206.8680","2.2172","26.9973"
"206.8880","2.2138","27.0237"
"206.9080","2.2105","26.9703"
"206.9280","2.2072","26.9800"
"206.9480","2.2039","26.9445"
"206.9680","2.2006","26.8548"
"206.9880","2.1973","26.7984"
"207.0080","2.1940","26.6727"
"207.0280","2.1907","26.6595"
"207.0480","2.1873","26.6210"
"207.0680","2.1840","26.6817"
"207.0880","2.1807","26.7125"
"207.1080","2.1773","26.5620"
"207.1280","2.1740","26.3855"
"207.1480","2.1706","26.3886"
"207.1680","2.1672","26.3047"
"207.1880","2.1638","26.2790"
"207.2080","2.1605","26.2375"
"207.2280","2.1571","26.2051"
"207.2480","2.1538","26.1976"
"207.2680","2.1505","26.2220"
"207.2880","2.1472","26.2022"
"207.3080","2.1439","26.0484"
"207.3280","2.1406","25.9071"
"207.3480","2.1374","25.8990"
"207.3680","2.1340","25.8174"
"207.3880","2.1307","25.7847"
"207.4080","2.1273","25.6541"
"207.4280","2.1239","25.5985"
"207.4480","2.1205","25.5893"
"207.4680","2.1171","25.5476"
"207.4880","2.1138","25.4317"
"207.5080","2.1106","25.4127"
"207.5280","2.1074","25.4036"
"207.5480","2.1041","25.3079"
"207.5680","2.1007","25.2568"
"207.5880","2.0972","25.2204"
"207.6080","2.0938","25.2339"
"207.6280","2.0905","25.2731"
"207.6480","2.0872","25.1780"
"207.6680","2.0839","25.0447"
"207.6880","2.0806","24.9904"
"207.7080","2.0773","24.9630"
"207.7280","2.0739","24.9023"
"207.7480","2.0706","24.8082"
"207.7680","2.0673","24.8240"
"207.7880","2.0640","24.7278"
"207.8080","2.0607","24.5660"
"207.8280","2.0574","24.6561"
"207.8480","2.0541","24.5909"
"207.8680","2.0507","24.5838"
"207.8880","2.0473","24.5944"
"207.9080","2.0440","24.4710"
"207.9280","2.0406","24.3770"
"207.9480","2.0372","24.3063"
"207.9680","2.0338","24.2880"
"207.9880","2.0305","24.2836"
"208.0080","2.0272","24.2145"
"208.0280","2.0239","24.1559"
"208.0480","2.0206","24.0751"
"208.0680","2.0173","23.9650"
"208.0880","2.0140","23.8756"
"208.1080","2.0107","23.7926"
"208.1280","2.0074","23.7904"
"208.1480","2.0040","23.7666"
"208.1680","2.0007","23.7496"
"208.1880","1.9973","23.6537"
"208.2080","1.9940","23.5875"
"208.2280","1.9906","23.5806"
"208.2480","1.9873","23.5465"
"208.2680","1.9839","23.5047"
"208.2880","1.9805","23.5100"
"208.3080","1.9772","23.4635"
"208.3280","1.9739","23.3910"
"208.3480","1.9705","23.3033"
"208.3680","1.9673","23.2539"
"208.3880","1.9640","23.1674"
"208.4080","1.9607","23.1369"
"208.4280","1.9573","23.1056"
"208.4480","1.9540","23.0499"
"208.4680","1.9506","22.9870"
"208.4880","1.9473","22.9447"
"208.5080","1.9439","22.9142"
"208.5280","1.9406","22.8364"
"208.5480","1.9373","22.7934"
"208.5680","1.9340","22.8035"
"208.5880","1.9307","22.7809"
"208.6080","1.9273","22.6628"
"208.6280","1.9239","22.5839"
"208.6480","1.9206","22.5766"
"208.6680","1.9172","22.4906"
"208.6880","1.9139","22.4916"
"208.7080","1.9105","22.4678"
"208.7280","1.9072","22.3688"
"208.7480","1.9038","22.2890"
"208.7680","1.9005","22.1562"
"208.7880","1.8972","22.1321"
"208.8080","1.8939","22.1186"
"208.8280","1.8906","22.0359"
"208.8480","1.8873","21.9810"
"208.8680","1.8839","21.9920"
"208.8880","1.8806","22.0334"
"208.9080","1.8773","21.9427"
"208.9280","1.8740","21.8246"
"208.9480","1.8707","21.6643"
"208.9680","1.8673","21.6421"
"208.9880","1.8640","21.6273"
"209.0080","1.8606","21.6413"
"209.0280","1.8572","21.5920"
"209.0480","1.8538","21.5185"
"209.0680","1.8505","21.4784"
"209.0880","1.8472","21.4533"
"209.1080","1.8439","21.3620"
"209.1280","1.8406","21.2469"
"209.1480","1.8373","21.2119"
"209.1680","1.8340","21.2160"
"209.1880","1.8307","21.1771"
"209.2080","1.8274","21.0554"
"209.2280","1.8240","21.0337"
"209.2480","1.8207","21.0145"
"209.2680","1.8173","20.9314"
"209.2880","1.8140","20.8867"
"209.3080","1.8106","20.7903"
"209.3280","1.8073","20.7932"
"209.3480","1.8039","20.8541"
"209.3680","1.8006","20.8120"
"209.3880","1.7972","20.7173"
"209.4080","1.7938","20.6243"
"209.4280","1.7905","20.5860"
"209.4480","1.7872","20.5788"
"209.4680","1.7839","20.4959"
"209.4880","1.7807","20.3408"
"209.5080","1.7774","20.2888"
"209.5280","1.7740","20.2997"
"209.5480","1.7706","20.2244"
"209.5680","1.7673","20.1292"
"209.5880","1.7639","20.0983"
"209.6080","1.7606","20.0304"
"209.6280","1.7573","20.0684"
"209.6480","1.7540","19.9893"
"209.6680","1.7507","19.9972"
"209.6880","1.7473","19.8735"
"209.7080","1.7440","19.8191"
"209.7280","1.7406","19.8157"
"209.7480","1.7373","19.8139"
"209.7680","1.7339","19.7907"
"209.7880","1.7306","19.6716"
"209.8080","1.7272","19.5493"
"209.8280","1.7238","19.4477"
"209.8480","1.7205","19.4592"
"209.8680","1.7172","19.4065"
"209.8880","1.7139","19.3718"
"209.9080","1.7107","19.3888"
"209.9280","1.7074","19.3206"
"209.9480","1.7041","19.2288"
"209.9680","1.7007","19.1489"
"209.9880","1.6973","19.0679"
"210.0080","1.6940","19.0420"
"210.0280","1.6907","19.0321"
"210.0480","1.6873","18.9949"
"210.0680","1.6839","18.8835"
"210.0880","1.6805","18.7996"
"210.1080","1.6771","18.7062"
"210.1280","1.6738","18.7100"
"210.1480","1.6705","18.7213"
"210.1680","1.6672","18.6157"
"210.1880","1.6639","18.5763"
"210.2080","1.6606","18.5053"
"210.2280","1.6573","18.4733"
"210.2480","1.6540","18.4543"
"210.2680","1.6507","18.4236"
"210.2880","1.6473","18.3443"
"210.3080","1.6440","18.3368"
"210.3280","1.6407","18.2713"
"210.3480","1.6373","18.2798"
"210.3680","1.6340","18.2928"
"210.3880","1.6306","18.2653"
"210.4080","1.6272","18.2303"
"210.4280","1.6238","18.1242"
"210.4480","1.6205","18.0504"
"210.4680","1.6172","17.9785"
"210.4880","1.6138","17.9249"
"210.5080","1.6105","17.8927"
"210.5280","1.6073","17.8315"
"210.5480","1.6040","17.7332"
"210.5680","1.6006","17.6471"
"210.5880","1.5974","17.5370"
"210.6080","1.5940","17.5923"
"210.6280","1.5907","17.6342"
"210.6480","1.5873","17.5079"
"210.6680","1.5840","17.4299"
"210.6880","1.5807","17.4281"
"210.7080","1.5773","17.3801"
"210.7280","1.5740","17.2946"
"210.7480","1.5707","17.2803"
"210.7680","1.5673","17.2229"
"210.7880","1.5640","17.1697"
"210.8080","1.5606","17.0622"
"210.8280","1.5573","16.9952"
"210.8480","1.5539","16.9577"
"210.8680","1.5505","16.9776"
"210.8880","1.5472","16.9475"
"210.9080","1.5439","16.8340"
"210.9280","1.5406","16.7036"
"210.9480","1.5373","16.7307"
"210.9680","1.5339","16.7279"
"210.9880","1.5306","16.7059"
"211.0080","1.5273","16.6734"
"211.0280","1.5240","16.5877"
"211.0480","1.5207","16.5408"
"211.0680","1.5174","16.4401"
"211.0880","1.5141","16.3579"
"211.1080","1.5107","16.3234"
"211.1280","1.5073","16.3252"
"211.1480","1.5039","16.3204"
"211.1680","1.5005","16.2725"
"211.1880","1.4972","16.2252"
"211.2080","1.4938","16.0861"
"211.2280","1.4905","16.0571"
"211.2480","1.4871","16.0450"
"211.2680","1.4839","16.0180"
"211.2880","1.4806","15.9697"
"211.3080","1.4773","15.8654"
"211.3280","1.4740","15.8678"
"211.3480","1.4707","15.7683"
"211.3680","1.4673","15.7128"
"211.3880","1.4640","15.6449"
"211.4080","1.4607","15.6323"
"211.4280","1.4573","15.6159"
"211.4480","1.4540","15.5829"
"211.4680","1.4506","15.5459"
"211.4880","1.4473","15.4641"
"211.5080","1.4439","15.4433"
"211.5280","1.4405","15.3335"
"211.5480","1.4372","15.2786"
"211.5680","1.4339","15.1939"
"211.5880","1.4305","15.1909"
"211.6080","1.4272","15.1427"
"211.6280","1.4239","15.0338"
"211.6480","1.4206","15.0186"
"211.6680","1.4173","14.9456"
"211.6880","1.4140","14.9292"
"211.7080","1.4106","14.9235"
"211.7280","1.4073","14.8086"
"211.7480","1.4039","14.7290"
"211.7680","1.4006","14.7342"
"211.7880","1.3973","14.7764"
"211.8080","1.3940","14.7197"
"211.8280","1.3907","14.6283"
"211.8480","1.3873","14.5524"
"211.8680","1.3840","14.4979"
"211.8880","1.3806","14.5329"
"211.9080","1.3772","14.4821"
"211.9280","1.3739","14.4181"
"211.9480","1.3705","14.3961"
"211.9680","1.3672","14.3403"
"211.9880","1.3638","14.2468"
"212.0080","1.3605","14.2264"
"212.0280","1.3572","14.1660"
"212.0480","1.3539","14.0859"
"212.0680","1.3506","14.0320"
"212.0880","1.3474","14.0099"
"212.1080","1.3441","13.9962"
"212.1280","1.3408","13.9260"
"212.1480","1.3374","13.9365"
"212.1680","1.3341","13.9133"
"212.1880","1.3307","13.8377"
"212.2080","1.3273","13.7872"
"212.2280","1.3239","13.6571"
"212.2480","1.3205","13.5702"
"212.2680","1.3172","13.5633"
"212.2880","1.3139","13.5572"
"212.3080","1.3106","13.4722"
"212.3280","1.3072","13.4034"
"212.3480","1.3039","13.3572"
"212.3680","1.3006","13.3310"
"212.3880","1.2973","13.3003"
"212.4080","1.2940","13.2083"
"212.4280","1.2907","13.3238"
"212.4480","1.2874","13.3419"
"212.4680","1.2840","13.1801"
"212.4880","1.2806","13.0865"
"212.5080","1.2773","13.0355"
"212.5280","1.2739","13.0167"
"212.5480","1.2706","12.9974"
"212.5680","1.2672","13.0204"
"212.5880","1.2639","12.9767"
"212.6080","1.2606","12.8616"
"212.6280","1.2572","12.8079"
"212.6480","1.2539","12.7104"
"212.6680","1.2506","12.6251"
"212.6880","1.2472","12.5679"
"212.7080","1.2439","12.5675"
"212.7280","1.2406","12.5690"
"212.7480","1.2373","12.4702"
"212.7680","1.2340","12.4496"
"212.7880","1.2306","12.3784"
"212.8080","1.2273","12.3274"
"212.8280","1.2239","12.2660"
"212.8480","1.2206","12.2441"
"212.8680","1.2173","12.2359"
"212.8880","1.2140","12.1584"
"212.9080","1.2106","12.0737"
"212.9280","1.2073","12.0166"
"212.9480","1.2040","11.9981"
"212.9680","1.2006","12.0026"
"212.9880","1.1973","11.9630"
"213.0080","1.1939","11.8729"
"213.0280","1.1905","11.9103"
"213.0480","1.1871","11.8387"
"213.0680","1.1838","11.7831"
"213.0880","1.1805","11.8452"
"213.1080","1.1772","11.7454"
"213.1280","1.1739","11.6595"
"213.1480","1.1706","11.5532"
"213.1680","1.1673","11.5211"
"213.1880","1.1640","11.4270"
"213.2080","1.1607","11.3576"
"213.2280","1.1573","11.2375"
"213.2480","1.1540","11.2816"
"213.2680","1.1507","11.2946"
"213.2880","1.1473","11.2175"
"213.3080","1.1439","11.2425"
"213.3280","1.1406","11.1449"
"213.3480","1.1372","11.1371"
"213.3680","1.1338","11.0834"
"213.3880","1.1305","10.9183"
"213.4080","1.1272","10.8573"
"213.4280","1.1239","10.8107"
"213.4480","1.1206","10.7133"
"213.4680","1.1173","10.6540"
"213.4880","1.1140","10.6612"
"213.5080","1.1107","10.7409"
"213.5280","1.1074","10.6378"
"213.5480","1.1040","10.5665"
"213.5680","1.1007","10.4551"
"213.5880","1.0973","10.4184"
"213.6080","1.0940","10.4258"
"213.6280","1.0907","10.4531"
"213.6480","1.0873","10.4348"
"213.6680","1.0839","10.3713"
"213.6880","1.0806","10.3002"
"213.7080","1.0772","10.2433"
"213.7280","1.0739","10.2329"
"213.7480","1.0706","10.1293"
"213.7680","1.0673","10.0443"
"213.7880","1.0639","10.0450"
"213.8080","1.0606","9.9701"
"213.8280","1.0573","9.8556"
"213.8480","1.0539","9.8576"
"213.8680","1.0506","9.8960"
"213.8880","1.0473","9.8142"
"213.9080","1.0439","9.6872"
"213.9280","1.0406","9.7180"
"213.9480","1.0373","9.6513"
"213.9680","1.0340","9.5137"
"213.9880","1.0307","9.4698"
"214.0080","1.0273","9.5200"
"214.0280","1.0240","9.5330"
"214.0480","1.0206","9.4480"
"214.0680","1.0173","9.3977"
"214.0880","1.0139","9.3545"
"214.1080","1.0106","9.3854"
"214.1280","1.0072","9.2472"
"214.1480","1.0039","9.0508"
"214.1680","1.0006","9.0075"
"214.1880","0.9972","8.9806"
"214.2080","0.9939","8.9576"
"214.2280","0.9906","8.9724"
"214.2480","0.9873","8.9272"
"214.2680","0.9839","8.8722"
"214.2880","0.9806","8.8687"
"214.3080","0.9773","8.8436"
"214.3280","0.9740","8.8192"
"214.3480","0.9706","8.8086"
"214.3680","0.9673","8.7236"
"214.3880","0.9640","8.7585"
"214.4080","0.9606","8.5780"
"214.4280","0.9572","8.4564"
"214.4480","0.9538","8.4619"
"214.4680","0.9505","8.4340"
"214.4880","0.9471","8.3904"
"214.5080","0.9439","8.3444"
"214.5280","0.9406","8.2555"
"214.5480","0.9373","8.1511"
"214.5680","0.9340","8.1512"
"214.5880","0.9306","8.1353"
"214.6080","0.9273","8.1071"
"214.6280","0.9240","8.0743"
"214.6480","0.9207","8.0268"
"214.6680","0.9174","7.9778"
"214.6880","0.9140","7.9364"
"214.7080","0.9107","7.9044"
"214.7280","0.9073","7.8398"
"214.7480","0.9039","7.7615"
"214.7680","0.9006","7.7437"
"214.7880","0.8972","7.6776"
"214.8080","0.8939","7.6614"
"214.8280","0.8905","7.5999"
"214.8480","0.8872","7.4830"
"214.8680","0.8839","7.4453"
"214.8880","0.8806","7.3543"
"214.9080","0.8773","7.3161"
"214.9280","0.8739","7.3557"
"214.9480","0.8706","7.3086"
"214.9680","0.8673","7.2360"
"214.9880","0.8640","7.2068"
"215.0080","0.8607","7.1761"
"215.0280","0.8573","7.1305"
"215.0480","0.8540","7.0595"
"215.0680","0.8507","6.9975"
"215.0880","0.8473","6.8950"
"215.1080","0.8440","6.8501"
"215.1280","0.8407","6.8133"
"215.1480","0.8373","6.8339"
"215.1680","0.8339","6.7667"
"215.1880","0.8305","6.7559"
"215.2080","0.8272","6.6539"
"215.2280","0.8239","6.6042"
"215.2480","0.8205","6.5606"
"215.2680","0.8173","6.5318"
"215.2880","0.8140","6.5582"
"215.3080","0.8106","6.5399"
"215.3280","0.8073","6.4338"
"215.3480","0.8040","6.2824"
"215.3680","0.8007","6.2413"
"215.3880","0.7974","6.2344"
"215.4080","0.7941","6.2301"
"215.4280","0.7907","6.2497"
"215.4480","0.7873","6.1921"
"215.4680","0.7839","6.1623"
"215.4880","0.7806","6.0999"
"215.5080","0.7772","5.9804"
"215.5280","0.7739","5.9854"
"215.5480","0.7705","6.0332"
"215.5680","0.7672","5.9514"
"215.5880","0.7638","5.9531"
"215.6080","0.7606","6.0663"
"215.6280","0.7573","6.0353"
"215.6480","0.7540","6.0375"
"215.6680","0.7507","5.9950"
"215.6880","0.7474","5.9853"
"215.7080","0.7442","5.9311"
"215.7280","0.7421","5.8880"
"215.7480","0.7415","5.9391"
"215.7680","0.7415","5.9731"
"215.7880","0.7417","5.9787"
"215.8080","0.7417","5.9650"
"215.8280","0.7417","5.9249"
"215.8480","0.7417","5.9162"
"215.8680","0.7417","5.9733"
"215.8880","0.7416","6.0271"
"215.9080","0.7416","5.9920"
"215.9280","0.7413","5.9460"
"215.9480","0.7409","5.9626"
"215.9680","0.7404","5.9996"
"215.9880","0.7399","5.9910"
"216.0080","0.7395","5.9537"
"216.0280","0.7392","5.9367"
"216.0480","0.7388","5.9185"
"216.0680","0.7384","5.9445"
"216.0880","0.7380","5.9573"
"216.1080","0.7376","5.9863"
"216.1280","0.7372","5.8851"
"216.1480","0.7368","5.8788"
"216.1680","0.7365","5.9464"
"216.1880","0.7363","6.0125"
"216.2080","0.7360","6.0490"
"216.2280","0.7356","6.0196"
"216.2480","0.7353","6.0092"
"216.2680","0.7349","5.9284"
"216.2880","0.7346","5.9155"
"216.3080","0.7343","5.9586"
"216.3280","0.7340","5.9477"
"216.3480","0.7338","5.9465"
"216.3680","0.7334","5.9423"
"216.3880","0.7331","5.9684"
"216.4080","0.7326","5.9207"
"216.4280","0.7321","5.8285"
"216.4480","0.7317","5.8593"
"216.4680","0.7314","5.9535"
"216.4880","0.7311","5.9951"
"216.5080","0.7309","5.9630"
"216.5280","0.7307","5.9273"
"216.5480","0.7304","5.9239"
"216.5680","0.7301","5.8752"
"216.5880","0.7297","5.9139"
"216.6080","0.7293","5.9454"
"216.6280","0.7289","5.8944"
"216.6480","0.7285","5.8699"
"216.6680","0.7282","5.9084"
"216.6880","0.7280","5.9455"
"216.7080","0.7277","5.9046"
"216.7280","0.7274","5.9289"
"216.7480","0.7270","5.8968"
"216.7680","0.7266","5.8904"
"216.7880","0.7262","5.9000"
"216.8080","0.7258","5.9059"
"216.8280","0.7254","5.9456"
"216.8480","0.7251","5.9066"
"216.8680","0.7249","5.9240"
"216.8880","0.7246","5.9808"
"216.9080","0.7242","6.0485"
"216.9280","0.7239","6.0053"
"216.9480","0.7235","6.0115"
"216.9680","0.7232","5.9650"
"216.9880","0.7229","5.9243"
"217.0080","0.7226","5.9138"
"217.0280","0.7224","5.8419"
"217.0480","0.7221","5.9061"
"217.0680","0.7217","5.9326"
"217.0880","0.7213","5.9168"
"217.1080","0.7209","5.9524"
"217.1280","0.7204","6.0011"
"217.1480","0.7200","5.9741"
"217.1680","0.7197","5.8294"
"217.1880","0.7195","5.8196"
"217.2080","0.7193","5.7880"
"217.2280","0.7190","5.8484"
"217.2480","0.7187","5.8858"
"217.2680","0.7183","5.9231"
"217.2880","0.7179","5.8717"
"217.3080","0.7175","5.8036"
"217.3280","0.7172","5.9146"
"217.3480","0.7169","5.8850"
"217.3680","0.7166","5.9056"
"217.3880","0.7163","5.8748"
"217.4080","0.7160","5.8017"
"217.4280","0.7157","5.7790"
"217.4480","0.7153","5.9048"
"217.4680","0.7149","5.9030"
"217.4880","0.7145","5.9560"
"217.5080","0.7141","5.8972"
"217.5280","0.7138","5.8375"
"217.5480","0.7135","5.8911"
"217.5680","0.7132","5.8652"
"217.5880","0.7129","5.8822"
"217.6080","0.7126","5.8865"
"217.6280","0.7122","5.9203"
"217.6480","0.7119","5.8875"
"217.6680","0.7115","5.8795"
"217.6880","0.7113","5.8680"
"217.7080","0.7110","5.8768"
"217.7280","0.7107","5.8511"
"217.7480","0.7104","5.8272"
"217.7680","0.7100","5.8774"
"217.7880","0.7096","5.9440"
"217.8080","0.7091","5.9039"
"217.8280","0.7087","5.9529"
"217.8480","0.7084","5.8937"
"217.8680","0.7081","5.9759"
"217.8880","0.7079","5.9753"
"217.9080","0.7077","5.8450"
"217.9280","0.7074","5.8367"
"217.9480","0.7070","5.9037"
"217.9680","0.7066","6.0105"
"217.9880","0.7062","5.9879"
"218.0080","0.7059","5.9838"
"218.0280","0.7055","5.9147"
"218.0480","0.7052","5.9108"
"218.0680","0.7050","5.9464"
"218.0880","0.7047","5.9459"
"218.1080","0.7043","5.9620"
"218.1280","0.7040","5.9410"
"218.1480","0.7036","5.9303"
"218.1680","0.7032","5.9592"
"218.1880","0.7028","5.9536"
"218.2080","0.7024","5.9698"
"218.2280","0.7022","5.9427"
"218.2480","0.7019","5.9331"
"218.2680","0.7016","5.9135"
"218.2880","0.7013","5.9712"
"218.3080","0.7009","6.0072"
"218.3280","0.7006","6.0149"
"218.3480","0.7002","6.0036"
"218.3680","0.6999","5.9040"
"218.3880","0.6996","5.9609"
"218.4080","0.6994","6.0268"
"218.4280","0.6991","6.0513"
"218.4480","0.6987","6.0472"
"218.4680","0.6983","6.0563"
"218.4880","0.6979","5.9284"
"218.5080","0.6974","5.8395"
"218.5280","0.6971","5.7515"
"218.5480","0.6968","5.8415"
"218.5680","0.6966","5.9080"
"218.5880","0.6963","5.9290"
"218.6080","0.6960","5.8475"
"218.6280","0.6957","5.8643"
"218.6480","0.6954","5.8457"
"218.6680","0.6950","5.7979"
"218.6880","0.6946","5.8385"
"218.7080","0.6942","5.9692"
"218.7280","0.6939","6.0251"
"218.7480","0.6936","6.0570"
"218.7680","0.6933","5.9696"
"218.7880","0.6930","5.8910"
"218.8080","0.6927","5.8728"
"218.8280","0.6923","5.9277"
"218.8480","0.6919","5.9549"
"218.8680","0.6915","5.8970"
"218.8880","0.6911","5.8271"
"218.9080","0.6908","5.7763"
"218.9280","0.6905","5.8646"
"218.9480","0.6902","5.9227"
"218.9680","0.6899","5.8839"
"218.9880","0.6896","5.9070"
"219.0080","0.6892","5.8451"
"219.0280","0.6888","5.8307"
"219.0480","0.6885","5.8776"
"219.0680","0.6883","5.8916"
"219.0880","0.6880","5.9113"
"219.1080","0.6877","5.9471"
"219.1280","0.6874","5.9939"
"219.1480","0.6870","5.9964"
"219.1680","0.6866","5.9794"
"219.1880","0.6861","5.9054"
"219.2080","0.6857","5.8547"
"219.2280","0.6854","5.8787"
"219.2480","0.6852","5.8731"
"219.2680","0.6850","5.8014"
"219.2880","0.6847","5.8326"
"219.3080","0.6844","5.9081"
"219.3280","0.6841","5.9134"
"219.3480","0.6837","5.8514"
"219.3680","0.6833","5.7829"
"219.3880","0.6829","5.7948"
"219.4080","0.6826","5.8660"
"219.4280","0.6823","5.8475"
"219.4480","0.6820","5.8952"
"219.4680","0.6817","5.8551"
"219.4880","0.6814","5.7696"
"219.5080","0.6810","5.8244"
"219.5280","0.6806","5.8779"
"219.5480","0.6802","5.8963"
"219.5680","0.6798","5.9295"
"219.5880","0.6794","5.9403"
"219.6080","0.6792","5.8886"
"219.6280","0.6789","5.8246"
"219.6480","0.6786","5.8294"
"219.6680","0.6783","5.8206"
"219.6880","0.6779","5.8011"
"219.7080","0.6776","5.7633"
"219.7280","0.6772","5.8367"
"219.7480","0.6769","5.8657"
"219.7680","0.6767","5.7973"
"219.7880","0.6764","5.7795"
"219.8080","0.6761","5.7378"
"219.8280","0.6757","5.7117"
"219.8480","0.6753","5.7517"
"219.8680","0.6748","5.8849"
"219.8880","0.6744","5.9542"
"219.9080","0.6741","5.9087"
"219.9280","0.6738","5.8178"
"219.9480","0.6736","5.8098"
"219.9680","0.6733","5.7003"
"219.9880","0.6731","5.7653"
"220.0080","0.6727","5.7314"
"220.0280","0.6724","5.7072"
"220.0480","0.6720","5.6777"
"220.0680","0.6716","5.6843"
"220.0880","0.6712","5.6370"
"220.1080","0.6709","5.6633"
"220.1280","0.6706","5.7511"
"220.1480","0.6703","5.7811"
"220.1680","0.6700","5.7014"
"220.1880","0.6697","5.6852"
"220.2080","0.6693","5.6929"
"220.2280","0.6688","5.6726"
"220.2480","0.6684","5.7680"
"220.2680","0.6681","5.8200"
"220.2880","0.6678","5.7239"
"220.3080","0.6675","5.7621"
"220.3280","0.6672","5.7556"
"220.3480","0.6669","5.6387"
"220.3680","0.6666","5.5776"
"220.3880","0.6662","5.6699"
"220.4080","0.6659","5.6907"
"220.4280","0.6656","5.6959"
"220.4480","0.6653","5.6331"
"220.4680","0.6650","5.6121"
"220.4880","0.6647","5.6495"
"220.5080","0.6644","5.6592"
"220.5280","0.6640","5.6787"
"220.5480","0.6635","5.6519"
"220.5680","0.6631","5.6669"
"220.5880","0.6627","5.6698"
"220.6080","0.6624","5.6971"
"220.6280","0.6622","5.6663"
"220.6480","0.6619","5.5507"
"220.6680","0.6617","5.5707"
"220.6880","0.6614","5.7596"
"220.7080","0.6610","5.7585"
"220.7280","0.6606","5.7013"
"220.7480","0.6603","5.7096"
"220.7680","0.6599","5.6711"
"220.7880","0.6596","5.7155"
"220.8080","0.6593","5.7126"
"220.8280","0.6590","5.7061"
"220.8480","0.6587","5.6209"
"220.8680","0.6584","5.6128"
"220.8880","0.6580","5.5557"
"220.9080","0.6575","5.6095"
"220.9280","0.6571","5.7192"
"220.9480","0.6567","5.6450"
"220.9680","0.6564","5.6511"
"220.9880","0.6561","5.6533"
"221.0080","0.6559","5.5845"
"221.0280","0.6556","5.5626"
"221.0480","0.6552","5.6377"
"221.0680","0.6549","5.6156"
"221.0880","0.6545","5.6288"
"221.1080","0.6542","5.5221"
"221.1280","0.6539","5.5319"
"221.1480","0.6536","5.6429"
"221.1680","0.6533","5.5918"
"221.1880","0.6530","5.6179"
"221.2080","0.6526","5.6142"
"221.2280","0.6522","5.6100"
"221.2480","0.6518","5.6531"
"221.2680","0.6514","5.6852"
"221.2880","0.6510","5.6241"
"221.3080","0.6508","5.5186"
"221.3280","0.6506","5.5006"
"221.3480","0.6503","5.5473"
"221.3680","0.6501","5.5927"
"221.3880","0.6497","5.5330"
"221.4080","0.6494","5.5621"
"221.4280","0.6490","5.5300"
"221.4480","0.6486","5.5017"
"221.4680","0.6482","5.5387"
"221.4880","0.6479","5.5331"
"221.5080","0.6477","5.5758"
"221.5280","0.6474","5.6193"
"221.5480","0.6470","5.6509"
"221.5680","0.6467","5.5815"
"221.5880","0.6462","5.5707"
"221.6080","0.6458","5.5471"
"221.6280","0.6454","5.5016"
"221.6480","0.6451","5.5812"
"221.6680","0.6448","5.6508"
"221.6880","0.6445","5.6699"
"221.7080","0.6442","5.6626"
"221.7280","0.6439","5.5821"
"221.7480","0.6436","5.5771"
"221.7680","0.6432","5.5656"
"221.7880","0.6429","5.5620"
"221.8080","0.6426","5.6531"
"221.8280","0.6423","5.6361"
"221.8480","0.6420","5.5399"
"221.8680","0.6417","5.4796"
"221.8880","0.6414","5.5535"
"221.9080","0.6410","5.5831"
"221.9280","0.6405","5.6083"
"221.9480","0.6401","5.5136"
"221.9680","0.6397","5.5146"
"221.9880","0.6394","5.4537"
"222.0080","0.6392","5.4300"
"222.0280","0.6390","5.5861"
"222.0480","0.6387","5.6578"
"222.0680","0.6384","5.5407"
"222.0880","0.6380","5.5074"
"222.1080","0.6377","5.4634"
"222.1280","0.6373","5.5701"
"222.1480","0.6369","5.5182"
"222.1680","0.6366","5.4897"
"222.1880","0.6363","5.4795"
"222.2080","0.6360","5.5272"
"222.2280","0.6357","5.5864"
"222.2480","0.6354","5.4900"
"222.2680","0.6350","5.4175"
"222.2880","0.6346","5.3739"
"222.3080","0.6342","5.4190"
"222.3280","0.6338","5.5426"
"222.3480","0.6335","5.5914"
"222.3680","0.6332","5.5198"
"222.3880","0.6329","5.4580"
"222.4080","0.6326","5.4691"
"222.4280","0.6323","5.5484"
"222.4480","0.6319","5.5684"
"222.4680","0.6316","5.5966"
"222.4880","0.6312","5.5109"
"222.5080","0.6309","5.4156"
"222.5280","0.6307","5.4318"
"222.5480","0.6304","5.3545"
"222.5680","0.6300","5.3915"
"222.5880","0.6297","5.3893"
"222.6080","0.6292","5.4979"
"222.6280","0.6288","5.5133"
"222.6480","0.6284","5.4866"
"222.6680","0.6280","5.4393"
"222.6880","0.6278","5.4264"
"222.7080","0.6276","5.5022"
"222.7280","0.6273","5.5236"
"222.7480","0.6270","5.4278"
"222.7680","0.6267","5.4131"
"222.7880","0.6263","5.4162"
"222.8080","0.6260","5.3647"
"222.8280","0.6256","5.3519"
"222.8480","0.6253","5.3492"
"222.8680","0.6249","5.3697"
"222.8880","0.6247","5.4054"
"222.9080","0.6244","5.3809"
"222.9280","0.6241","5.3945"
"222.9480","0.6237","5.4369"
"222.9680","0.6233","5.4319"
"222.9880","0.6229","5.4133"
"223.0080","0.6225","5.2735"
"223.0280","0.6221","5.3127"
"223.0480","0.6218","5.3621"
"223.0680","0.6215","5.3267"
"223.0880","0.6212","5.2715"
"223.1080","0.6209","5.3139"
"223.1280","0.6205","5.3777"
"223.1480","0.6202","5.4017"
"223.1680","0.6199","5.3592"
"223.1880","0.6196","5.3819"
"223.2080","0.6193","5.4422"
"223.2280","0.6190","5.3454"
"223.2480","0.6187","5.2244"
"223.2680","0.6184","5.2978"
"223.2880","0.6179","5.3333"
"223.3080","0.6175","5.3544"
"223.3280","0.6170","5.3992"
"223.3480","0.6167","5.3040"
"223.3680","0.6164","5.3108"
"223.3880","0.6162","5.3412"
"223.4080","0.6160","5.3309"
"223.4280","0.6157","5.3840"
"223.4480","0.6154","5.3484"
"223.4680","0.6150","5.3000"
"223.4880","0.6147","5.2805"
"223.5080","0.6143","5.3133"
"223.5280","0.6139","5.2772"
"223.5480","0.6136","5.2409"
"223.5680","0.6133","5.2675"
"223.5880","0.6131","5.3210"
"223.6080","0.6128","5.2696"
"223.6280","0.6124","5.1923"
"223.6480","0.6120","5.2154"
"223.6680","0.6116","5.2790"
"223.6880","0.6111","5.2567"
"223.7080","0.6107","5.3011"
"223.7280","0.6104","5.1815"
"223.7480","0.6101","5.1495"
"223.7680","0.6098","5.2047"
"223.7880","0.6095","5.2679"
"223.8080","0.6092","5.2636"
"223.8280","0.6089","5.1997"
"223.8480","0.6085","5.1812"
"223.8680","0.6082","5.2084"
"223.8880","0.6079","5.2514"
"223.9080","0.6077","5.1937"
"223.9280","0.6074","5.2189"
"223.9480","0.6071","5.3050"
"223.9680","0.6067","5.2482"
"223.9880","0.6062","5.1544"
"224.0080","0.6058","5.1519"
"224.0280","0.6054","5.1657"
"224.0480","0.6050","5.1761"
"224.0680","0.6048","5.1383"
"224.0880","0.6046","5.2261"
"224.1080","0.6043","5.1947"
"224.1280","0.6040","5.0923"
"224.1480","0.6037","5.1363"
"224.1680","0.6033","5.0903"
"224.1880","0.6029","5.1251"
"224.2080","0.6026","5.1392"
"224.2280","0.6022","5.1432"
"224.2480","0.6019","5.1860"
"224.2680","0.6017","5.1746"
"224.2880","0.6014","5.1124"
"224.3080","0.6011","5.1105"
"224.3280","0.6007","5.1214"
"224.3480","0.6003","5.1497"
"224.3680","0.5999","5.0807"
"224.3880","0.5995","5.1034"
"224.4080","0.5991","5.1604"
"224.4280","0.5988","5.1810"
"224.4480","0.5985","5.0821"
"224.4680","0.5982","5.0113"
"224.4880","0.5979","5.0420"
"224.5080","0.5975","5.1217"
"224.5280","0.5972","5.1757"
"224.5480","0.5968","5.2038"
"224.5680","0.5966","5.1158"
"224.5880","0.5963","5.1543"
"224.6080","0.5960","5.1526"
"224.6280","0.5957","5.0389"
"224.6480","0.5954","5.0978"
"224.6680","0.5950","5.0894"
"224.6880","0.5945","5.0747"
"224.7080","0.5941","5.0351"
"224.7280","0.5937","5.0443"
"224.7480","0.5934","5.0948"
"224.7680","0.5932","5.0771"
"224.7880","0.5929","5.0970"
"224.8080","0.5927","5.0132"
"224.8280","0.5923","5.0718"
"224.8480","0.5920","5.1005"
"224.8680","0.5916","5.0352"
"224.8880","0.5912","5.0367"
"224.9080","0.5909","5.0289"
"224.9280","0.5906","5.1275"
"224.9480","0.5903","5.1136"
"224.9680","0.5900","5.0947"
"224.9880","0.5897","4.9963"
"225.0080","0.5894","4.9335"
"225.0280","0.5890","4.9175"
"225.0480","0.5886","5.0007"
"225.0680","0.5882","5.1472"
"225.0880","0.5878","5.0872"
"225.1080","0.5875","5.0592"
"225.1280","0.5872","5.0091"
"225.1480","0.5869","4.9880"
"225.1680","0.5866","4.9848"
"225.1880","0.5862","4.9642"
"225.2080","0.5858","4.9568"
"225.2280","0.5855","5.0115"
"225.2480","0.5852","4.9946"
"225.2680","0.5850","4.9944"
"225.2880","0.5847","5.0438"
"225.3080","0.5844","5.0794"
"225.3280","0.5840","4.9749"
"225.3480","0.5836","4.9055"
"225.3680","0.5832","4.9935"
"225.3880","0.5827","4.9610"
"225.4080","0.5823","4.9255"
"225.4280","0.5820","5.0380"
"225.4480","0.5818","5.0991"
"225.4680","0.5816","5.0310"
"225.4880","0.5813","4.9582"
"225.5080","0.5810","4.9739"
"225.5280","0.5807","4.9252"
"225.5480","0.5803","4.9378"
"225.5680","0.5799","4.9622"
"225.5880","0.5796","5.0138"
"225.6080","0.5792","4.9824"
"225.6280","0.5790","4.9503"
"225.6480","0.5787","4.9477"
"225.6680","0.5784","4.8989"
"225.6880","0.5781","4.9199"
"225.7080","0.5777","4.8972"
"225.7280","0.5773","4.8471"
"225.7480","0.5769","4.9288"
"225.7680","0.5765","4.9436"
"225.7880","0.5761","4.9185"
"225.8080","0.5758","4.9453"
"225.8280","0.5755","4.8997"
"225.8480","0.5752","4.9278"
"225.8680","0.5749","4.9904"
"225.8880","0.5745","4.9641"
"225.9080","0.5742","4.9428"
"225.9280","0.5739","4.9345"
"225.9480","0.5736","4.9512"
"225.9680","0.5733","4.8605"
"225.9880","0.5730","4.8266"
"226.0080","0.5727","4.8919"
"226.0280","0.5724","4.9471"
"226.0480","0.5719","4.8541"
"226.0680","0.5715","4.8212"
"226.0880","0.5710","4.8615"
"226.1080","0.5707","4.9440"
"226.1280","0.5704","4.9729"
"226.1480","0.5702","4.8966"
"226.1680","0.5700","4.8517"
"226.1880","0.5697","4.7941"
"226.2080","0.5694","4.8637"
"226.2280","0.5690","4.8478"
"226.2480","0.5686","4.8414"
"226.2680","0.5682","4.8022"
"226.2880","0.5679","4.7955"
"226.3080","0.5676","4.8075"
"226.3280","0.5673","4.8158"
"226.3480","0.5670","4.7480"
"226.3680","0.5667","4.7678"
"226.3880","0.5664","4.8919"
"226.4080","0.5660","4.8487"
"226.4280","0.5655","4.7521"
"226.4480","0.5651","4.7269"
"226.4680","0.5648","4.7249"
"226.4880","0.5644","4.7702"
"226.5080","0.5642","4.7500"
"226.5280","0.5639","4.7625"
"226.5480","0.5636","4.7702"
"226.5680","0.5632","4.7972"
"226.5880","0.5629","4.8258"
"226.6080","0.5625","4.6967"
"226.6280","0.5622","4.6660"
"226.6480","0.5620","4.7132"
"226.6680","0.5617","4.6989"
"226.6880","0.5614","4.7233"
"226.7080","0.5611","4.7374"
"226.7280","0.5607","4.7647"
"226.7480","0.5602","4.7242"
"226.7680","0.5598","4.7251"
"226.7880","0.5594","4.7628"
"226.8080","0.5591","4.7069"
"226.8280","0.5589","4.7383"
"226.8480","0.5586","4.7249"
"226.8680","0.5583","4.6801"
"226.8880","0.5580","4.6825"
"226.9080","0.5577","4.7165"
"226.9280","0.5573","4.6341"
"226.9480","0.5569","4.6435"
"226.9680","0.5566","4.6867"
"226.9880","0.5562","4.7847"
"227.0080","0.5560","4.7748"
"227.0280","0.5557","4.6916"
"227.0480","0.5554","4.6845"
"227.0680","0.5551","4.6804"
"227.0880","0.5547","4.6655"
"227.1080","0.5543","4.6852"
"227.1280","0.5538","4.6858"
"227.1480","0.5534","4.6316"
"227.1680","0.5531","4.6656"
"227.1880","0.5529","4.6166"
"227.2080","0.5526","4.5748"
"227.2280","0.5523","4.5373"
"227.2480","0.5519","4.5909"
"227.2680","0.5516","4.6253"
"227.2880","0.5512","4.5482"
"227.3080","0.5509","4.5628"
"227.3280","0.5506","4.5163"
"227.3480","0.5503","4.5535"
"227.3680","0.5501","4.5770"
"227.3880","0.5498","4.5805"
"227.4080","0.5494","4.6170"
"227.4280","0.5489","4.6805"
"227.4480","0.5485","4.6951"
"227.4680","0.5480","4.7005"
"227.4880","0.5477","4.6342"
"227.5080","0.5475","4.5507"
"227.5280","0.5472","4.5443"
"227.5480","0.5470","4.5304"
"227.5680","0.5467","4.5600"
"227.5880","0.5463","4.5427"
"227.6080","0.5460","4.6136"
"227.6280","0.5456","4.6067"
"227.6480","0.5452","4.5765"
"227.6680","0.5449","4.6051"
"227.6880","0.5446","4.6389"
"227.7080","0.5443","4.5134"
"227.7280","0.5440","4.4863"
"227.7480","0.5437","4.4411"
"227.7680","0.5433","4.4526"
"227.7880","0.5429","4.4782"
"227.8080","0.5425","4.5396"
"227.8280","0.5421","4.5558"
"227.8480","0.5418","4.4915"
"227.8680","0.5415","4.5278"
"227.8880","0.5412","4.5347"
"227.9080","0.5409","4.4978"
"227.9280","0.5406","4.4775"
"227.9480","0.5402","4.4245"
"227.9680","0.5399","4.4179"
"227.9880","0.5395","4.4335"
"228.0080","0.5393","4.5108"
"228.0280","0.5390","4.5248"
"228.0480","0.5387","4.4865"
"228.0680","0.5384","4.4969"
"228.0880","0.5380","4.5376"
"228.1080","0.5376","4.4412"
"228.1280","0.5371","4.4631"
"228.1480","0.5367","4.4049"
"228.1680","0.5363","4.3855"
"228.1880","0.5361","4.4344"
"228.2080","0.5359","4.4012"
"228.2280","0.5356","4.3702"
"228.2480","0.5354","4.3864"
"228.2680","0.5350","4.4124"
"228.2880","0.5347","4.3904"
"228.3080","0.5343","4.3594"
"228.3280","0.5339","4.3107"
"228.3480","0.5335","4.3090"
"228.3680","0.5332","4.3443"
"228.3880","0.5329","4.3385"
"228.4080","0.5327","4.3623"
"228.4280","0.5324","4.3827"
"228.4480","0.5320","4.3779"
"228.4680","0.5316","4.3629"
"228.4880","0.5312","4.3280"
"228.5080","0.5308","4.3472"
"228.5280","0.5304","4.3916"
"228.5480","0.5301","4.3764"
"228.5680","0.5298","4.3063"
"228.5880","0.5296","4.3427"
"228.6080","0.5293","4.3343"
"228.6280","0.5289","4.3804"
"228.6480","0.5286","4.3886"
"228.6680","0.5282","4.3634"
"228.6880","0.5279","4.3979"
"228.7080","0.5276","4.4130"
"228.7280","0.5274","4.4474"
"228.7480","0.5271","4.4296"
"228.7680","0.5267","4.3402"
"228.7880","0.5263","4.2441"
"228.8080","0.5259","4.3157"
"228.8280","0.5254","4.3187"
"228.8480","0.5250","4.2819"
"228.8680","0.5247","4.2008"
"228.8880","0.5245","4.2237"
"228.9080","0.5243","4.3061"
"228.9280","0.5240","4.3406"
"228.9480","0.5237","4.3561"
"228.9680","0.5234","4.3374"
"228.9880","0.5230","4.2653"
"229.0080","0.5226","4.2829"
"229.0280","0.5222","4.2959"
"229.0480","0.5219","4.2061"
"229.0680","0.5216","4.2166"
"229.0880","0.5213","4.2613"
"229.1080","0.5210","4.2714"
"229.1280","0.5207","4.1838"
"229.1480","0.5203","4.1962"
"229.1680","0.5199","4.2608"
"229.1880","0.5195","4.2291"
"229.2080","0.5191","4.1640"
"229.2280","0.5188","4.2017"
"229.2480","0.5185","4.2956"
"229.2680","0.5182","4.2944"
"229.2880","0.5179","4.2425"
"229.3080","0.5176","4.1543"
"229.3280","0.5172","4.2409"
"229.3480","0.5169","4.2532"
"229.3680","0.5166","4.2691"
"229.3880","0.5163","4.2316"
"229.4080","0.5160","4.1914"
"229.4280","0.5157","4.2342"
"229.4480","0.5154","4.2460"
"229.4680","0.5150","4.1834"
"229.4880","0.5146","4.1614"
"229.5080","0.5142","4.1791"
"229.5280","0.5137","4.1633"
"229.5480","0.5133","4.1199"
"229.5680","0.5131","4.0174"
"229.5880","0.5129","4.0858"
"229.6080","0.5126","4.1135"
"229.6280","0.5124","4.1057"
"229.6480","0.5120","4.0904"
"229.6680","0.5117","4.1084"
"229.6880","0.5113","4.1486"
"229.7080","0.5109","4.1411"
"229.7280","0.5105","4.1329"
"229.7480","0.5102","4.0955"
"229.7680","0.5100","4.0477"
"229.7880","0.5097","4.0583"
"229.8080","0.5094","4.1079"
"229.8280","0.5090","4.1473"
"229.8480","0.5086","4.1581"
"229.8680","0.5082","4.1039"
"229.8880","0.5078","4.1133"
"229.9080","0.5074","4.1132"
"229.9280","0.5071","4.0980"
"229.9480","0.5069","4.1052"
"229.9680","0.5066","4.1436"
"229.9880","0.5063","4.0994"
"230.0080","0.5059","4.1233"
"230.0280","0.5056","4.0567"
"230.0480","0.5052","4.0435"
"230.0680","0.5049","4.0058"
"230.0880","0.5046","4.0207"
"230.1080","0.5043","4.0287"
"230.1280","0.5041","3.9712"
"230.1480","0.5037","3.9942"
"230.1680","0.5033","3.9999"
"230.1880","0.5029","4.0185"
"230.2080","0.5024","3.9317"
"230.2280","0.5020","3.9048"
"230.2480","0.5017","3.8886"
"230.2680","0.5015","3.9180"
"230.2880","0.5013","4.0463"
"230.3080","0.5010","4.0111"
"230.3280","0.5007","3.9646"
"230.3480","0.5004","4.0300"
"230.3680","0.5000","3.9676"
"230.3880","0.4996","3.9925"
"230.4080","0.4992","4.0344"
"230.4280","0.4989","4.0309"
"230.4480","0.4986","3.9982"
"230.4680","0.4983","3.9948"
"230.4880","0.4980","3.9035"
"230.5080","0.4977","3.9127"
"230.5280","0.4973","3.9449"
"230.5480","0.4969","3.9768"
"230.5680","0.4965","3.9935"
"230.5880","0.4961","3.9178"
"230.6080","0.4958","3.9127"
"230.6280","0.4955","3.9314"
"230.6480","0.4952","3.8980"
"230.6680","0.4949","3.9462"
"230.6880","0.4946","3.9526"
"230.7080","0.4942","3.8308"
"230.7280","0.4939","3.8707"
"230.7480","0.4936","3.8738"
"230.7680","0.4933","3.9096"
"230.7880","0.4930","4.0012"
"230.8080","0.4927","4.0034"
"230.8280","0.4924","4.0336"
"230.8480","0.4921","4.0035"
"230.8680","0.4916","3.8948"
"230.8880","0.4912","3.8793"
"230.9080","0.4907","3.8761"
"230.9280","0.4903","3.9027"
"230.9480","0.4901","3.9105"
"230.9680","0.4899","3.8815"
"230.9880","0.4897","3.9035"
"231.0080","0.4894","3.7885"
"231.0280","0.4891","3.8629"
"231.0480","0.4887","3.9776"
"231.0680","0.4883","3.9605"
"231.0880","0.4879","3.9033"
"231.1080","0.4875","3.8813"
"231.1280","0.4872","3.8055"
"231.1480","0.4869","3.7258"
"231.1680","0.4867","3.6998"
"231.1880","0.4864","3.7156"
"231.2080","0.4860","3.8267"
"231.2280","0.4856","3.8843"
"231.2480","0.4852","3.7989"
"231.2680","0.4848","3.7878"
"231.2880","0.4844","3.8080"
"231.3080","0.4841","3.7193"
"231.3280","0.4838","3.7421"
"231.3480","0.4835","3.7901"
"231.3680","0.4832","3.8098"
"231.3880","0.4829","3.8004"
"231.4080","0.4825","3.8103"
"231.4280","0.4822","3.8602"
"231.4480","0.4819","3.8023"
"231.4680","0.4816","3.7468"
"231.4880","0.4813","3.7102"
"231.5080","0.4810","3.7574"
"231.5280","0.4807","3.7742"
"231.5480","0.4803","3.7776"
"231.5680","0.4799","3.8105"
"231.5880","0.4794","3.7558"
"231.6080","0.4790","3.6964"
"231.6280","0.4787","3.7179"
"231.6480","0.4785","3.7117"
"231.6680","0.4783","3.7085"
"231.6880","0.4780","3.7875"
"231.7080","0.4777","3.8114"
"231.7280","0.4773","3.7694"
"231.7480","0.4769","3.6806"
"231.7680","0.4765","3.6667"
"231.7880","0.4762","3.7277"
"231.8080","0.4759","3.7135"
"231.8280","0.4756","3.6683"
"231.8480","0.4753","3.6272"
"231.8680","0.4750","3.6251"
"231.8880","0.4747","3.6573"
"231.9080","0.4743","3.6464"
"231.9280","0.4739","3.5603"
"231.9480","0.4735","3.5451"
"231.9680","0.4731","3.6606"
"231.9880","0.4728","3.7054"
"232.0080","0.4725","3.7233"
"232.0280","0.4722","3.6602"
"232.0480","0.4719","3.6255"
"232.0680","0.4716","3.5416"
"232.0880","0.4712","3.5571"
"232.1080","0.4709","3.6063"
"232.1280","0.4705","3.5552"
"232.1480","0.4702","3.5254"
"232.1680","0.4700","3.6418"
"232.1880","0.4697","3.6597"
"232.2080","0.4694","3.6106"
"232.2280","0.4690","3.5797"
"232.2480","0.4686","3.5594"
"232.2680","0.4681","3.5661"
"232.2880","0.4677","3.5131"
"232.3080","0.4674","3.4977"
"232.3280","0.4671","3.4919"
"232.3480","0.4669","3.5440"
"232.3680","0.4666","3.5390"
"232.3880","0.4664","3.5844"
"232.4080","0.4660","3.5315"
"232.4280","0.4656","3.5102"
"232.4480","0.4653","3.4869"
"232.4680","0.4649","3.4696"
"232.4880","0.4645","3.5036"
"232.5080","0.4642","3.5360"
"232.5280","0.4640","3.5206"
"232.5480","0.4637","3.4618"
"232.5680","0.4633","3.4853"
"232.5880","0.4630","3.5047"
"232.6080","0.4626","3.5096"
"232.6280","0.4622","3.4832"
"232.6480","0.4618","3.4828"
"232.6680","0.4614","3.5530"
"232.6880","0.4611","3.5206"
"232.7080","0.4609","3.4546"
"232.7280","0.4606","3.4476"
"232.7480","0.4603","3.4544"
"232.7680","0.4599","3.4795"
"232.7880","0.4595","3.3747"
"232.8080","0.4592","3.3930"
"232.8280","0.4589","3.3896"
"232.8480","0.4586","3.4673"
"232.8680","0.4584","3.4403"
"232.8880","0.4581","3.3718"
"232.9080","0.4577","3.3846"
"232.9280","0.4573","3.4546"
"232.9480","0.4569","3.4806"
"232.9680","0.4565","3.4325"
"232.9880","0.4561","3.4105"
"233.0080","0.4558","3.4401"
"233.0280","0.4555","3.4048"
"233.0480","0.4553","3.3227"
"233.0680","0.4550","3.2825"
"233.0880","0.4547","3.3521"
"233.1080","0.4544","3.4231"
"233.1280","0.4540","3.3969"
"233.1480","0.4536","3.3157"
"233.1680","0.4532","3.3181"
"233.1880","0.4529","3.2839"
"233.2080","0.4526","3.2291"
"233.2280","0.4523","3.2774"
"233.2480","0.4520","3.3184"
"233.2680","0.4517","3.3187"
"233.2880","0.4513","3.2924"
"233.3080","0.4509","3.3075"
"233.3280","0.4505","3.3179"
"233.3480","0.4501","3.3061"
"233.3680","0.4498","3.2476"
"233.3880","0.4495","3.2363"
"233.4080","0.4492","3.2405"
"233.4280","0.4489","3.2552"
"233.4480","0.4486","3.2592"
"233.4680","0.4482","3.3335"
"233.4880","0.4479","3.3334"
"233.5080","0.4475","3.2827"
"233.5280","0.4473","3.2722"
"233.5480","0.4470","3.3511"
"233.5680","0.4467","3.2909"
"233.5880","0.4464","3.2490"
"233.6080","0.4460","3.2015"
"233.6280","0.4456","3.2289"
"233.6480","0.4452","3.2769"
"233.6680","0.4447","3.3028"
"233.6880","0.4444","3.2811"
"233.7080","0.4441","3.2497"
"233.7280","0.4439","3.2237"
"233.7480","0.4437","3.1453"
"233.7680","0.4434","3.1581"
"233.7880","0.4430","3.2518"
"233.8080","0.4427","3.2542"
"233.8280","0.4423","3.2411"
"233.8480","0.4419","3.2755"
"233.8680","0.4415","3.2518"
"233.8880","0.4412","3.1986"
"233.9080","0.4410","3.1573"
"233.9280","0.4407","3.1321"
"233.9480","0.4404","3.1392"
"233.9680","0.4400","3.1953"
"233.9880","0.4396","3.0990"
"234.0080","0.4392","3.0754"
"234.0280","0.4388","3.1270"
"234.0480","0.4384","3.2138"
"234.0680","0.4381","3.1974"
"234.0880","0.4379","3.0938"
"234.1080","0.4376","3.0533"
"234.1280","0.4373","3.1250"
"234.1480","0.4369","3.1875"
"234.1680","0.4366","3.2019"
"234.1880","0.4362","3.1675"
"234.2080","0.4359","3.1414"
"234.2280","0.4356","3.1639"
"234.2480","0.4354","3.2156"
"234.2680","0.4351","3.2033"
"234.2880","0.4347","3.1037"
"234.3080","0.4343","2.9990"
"234.3280","0.4339","2.9510"
"234.3480","0.4334","2.9889"
"234.3680","0.4330","2.8995"
"234.3880","0.4328","2.8981"
"234.4080","0.4325","3.0040"
"234.4280","0.4323","3.0932"
"234.4480","0.4320","3.0319"
"234.4680","0.4317","3.0178"
"234.4880","0.4314","3.0618"
"234.5080","0.4310","3.0758"
"234.5280","0.4306","3.0676"
"234.5480","0.4302","3.0745"
"234.5680","0.4299","3.0211"
"234.5880","0.4296","3.0039"
"234.6080","0.4293","3.0268"
"234.6280","0.4290","3.1029"
"234.6480","0.4287","3.0111"
"234.6680","0.4283","2.9731"
"234.6880","0.4278","2.9878"
"234.7080","0.4274","3.0375"
"234.7280","0.4271","3.0038"
"234.7480","0.4268","3.0034"
"234.7680","0.4265","2.9462"
"234.7880","0.4262","2.8871"
"234.8080","0.4259","2.9839"
"234.8280","0.4256","2.9636"
"234.8480","0.4252","3.0085"
"234.8680","0.4249","2.9048"
"234.8880","0.4246","2.8125"
"234.9080","0.4243","2.8583"
"234.9280","0.4240","2.8660"
"234.9480","0.4237","2.8556"
"234.9680","0.4234","2.8553"
"234.9880","0.4230","2.8776"
"235.0080","0.4226","2.8784"
"235.0280","0.4221","2.8905"
"235.0480","0.4217","2.8611"
"235.0680","0.4214","2.8605"
"235.0880","0.4211","2.9188"
"235.1080","0.4209","2.9213"
"235.1280","0.4207","2.9493"
"235.1480","0.4204","2.8994"
"235.1680","0.4200","2.8525"
"235.1880","0.4197","2.7947"
"235.2080","0.4193","2.8338"
"235.2280","0.4189","2.7894"
"235.2480","0.4186","2.8509"
"235.2680","0.4183","2.9360"
"235.2880","0.4180","2.9397"
"235.3080","0.4177","2.9611"
"235.3280","0.4174","2.8542"
"235.3480","0.4170","2.7989"
"235.3680","0.4165","2.8268"
"235.3880","0.4161","2.8541"
"235.4080","0.4157","2.8418"
"235.4280","0.4154","2.8690"
"235.4480","0.4151","2.8680"
"235.4680","0.4149","2.8520"
"235.4880","0.4146","2.7927"
"235.5080","0.4143","2.7770"
"235.5280","0.4139","2.7257"
"235.5480","0.4136","2.7761"
"235.5680","0.4132","2.7945"
"235.5880","0.4129","2.7813"
"235.6080","0.4126","2.7449"
"235.6280","0.4123","2.7215"
"235.6480","0.4120","2.8211"
"235.6680","0.4117","2.7488"
"235.6880","0.4113","2.6791"
"235.7080","0.4108","2.7672"
"235.7280","0.4104","2.7918"
"235.7480","0.4100","2.7564"
"235.7680","0.4098","2.7528"
"235.7880","0.4095","2.7502"
"235.8080","0.4093","2.7528"
"235.8280","0.4090","2.7345"
"235.8480","0.4087","2.7350"
"235.8680","0.4084","2.6772"
"235.8880","0.4080","2.5469"
"235.9080","0.4076","2.6266"
"235.9280","0.4072","2.7268"
"235.9480","0.4069","2.7211"
"235.9680","0.4067","2.6415"
"235.9880","0.4064","2.6152"
"236.0080","0.4060","2.5725"
"236.0280","0.4057","2.6066"
"236.0480","0.4053","2.6291"
"236.0680","0.4049","2.6374"
"236.0880","0.4045","2.5709"
"236.1080","0.4041","2.5058"
"236.1280","0.4038","2.5635"
"236.1480","0.4035","2.5827"
"236.1680","0.4032","2.5440"
"236.1880","0.4029","2.5195"
"236.2080","0.4026","2.5049"
"236.2280","0.4022","2.6218"
"236.2480","0.4019","2.6682"
"236.2680","0.4016","2.6923"
"236.2880","0.4013","2.6537"
"236.3080","0.4010","2.5998"
"236.3280","0.4007","2.5662"
"236.3480","0.4004","2.5490"
"236.3680","0.4000","2.4756"
"236.3880","0.3996","2.4731"
"236.4080","0.3991","2.5243"
"236.4280","0.3987","2.6028"
"236.4480","0.3984","2.5485"
"236.4680","0.3982","2.5299"
"236.4880","0.3979","2.5013"
"236.5080","0.3977","2.5141"
"236.5280","0.3974","2.4986"
"236.5480","0.3970","2.5909"
"236.5680","0.3967","2.5925"
"236.5880","0.3963","2.5658"
"236.6080","0.3959","2.4986"
"236.6280","0.3956","2.5191"
"236.6480","0.3953","2.4823"
"236.6680","0.3950","2.4646"
"236.6880","0.3947","2.4390"
"236.7080","0.3944","2.4533"
"236.7280","0.3940","2.5156"
"236.7480","0.3936","2.4982"
"236.7680","0.3932","2.4324"
"236.7880","0.3928","2.4037"
"236.8080","0.3924","2.4515"
"236.8280","0.3921","2.4653"
"236.8480","0.3919","2.4318"
"236.8680","0.3916","2.3858"
"236.8880","0.3913","2.3291"
"236.9080","0.3909","2.3338"
"236.9280","0.3906","2.4577"
"236.9480","0.3902","2.5143"
"236.9680","0.3899","2.5702"
"236.9880","0.3896","2.4980"
"237.0080","0.3893","2.5305"
"237.0280","0.3890","2.5190"
"237.0480","0.3887","2.4633"
"237.0680","0.3883","2.4228"
"237.0880","0.3878","2.4567"
"237.1080","0.3874","2.4660"
"237.1280","0.3870","2.4529"
"237.1480","0.3868","2.4164"
"237.1680","0.3866","2.4191"
"237.1880","0.3863","2.4260"
"237.2080","0.3860","2.4521"
"237.2280","0.3857","2.4498"
"237.2480","0.3854","2.4089"
"237.2680","0.3850","2.3383"
"237.2880","0.3846","2.3187"
"237.3080","0.3842","2.3365"
"237.3280","0.3839","2.3326"
"237.3480","0.3836","2.2197"
"237.3680","0.3834","2.2302"
"237.3880","0.3831","2.3122"
"237.4080","0.3827","2.2985"
"237.4280","0.3823","2.3205"
"237.4480","0.3819","2.2935"
"237.4680","0.3815","2.2994"
"237.4880","0.3811","2.2901"
"237.5080","0.3808","2.2617"
"237.5280","0.3805","2.2808"
"237.5480","0.3802","2.2323"
"237.5680","0.3799","2.2947"
"237.5880","0.3795","2.2619"
"237.6080","0.3792","2.1946"
"237.6280","0.3789","2.2262"
"237.6480","0.3786","2.1850"
"237.6680","0.3783","2.2437"
"237.6880","0.3780","2.2220"
"237.7080","0.3777","2.2438"
"237.7280","0.3774","2.3096"
"237.7480","0.3770","2.3173"
"237.7680","0.3765","2.1724"
"237.7880","0.3761","2.1270"
"237.8080","0.3757","2.2358"
"237.8280","0.3754","2.3583"
"237.8480","0.3752","2.3244"
"237.8680","0.3749","2.2228"
"237.8880","0.3747","2.1904"
"237.9080","0.3744","2.1482"
"237.9280","0.3740","2.0612"
"237.9480","0.3737","2.1181"
"237.9680","0.3733","2.1483"
"237.9880","0.3729","2.1104"
"238.0080","0.3726","2.1175"
"238.0280","0.3723","2.1160"
"238.0480","0.3720","2.1784"
"238.0680","0.3718","2.3069"
"238.0880","0.3714","2.2237"
"238.1080","0.3710","2.1917"
"238.1280","0.3706","2.1462"
"238.1480","0.3702","2.1253"
"238.1680","0.3698","2.1560"
"238.1880","0.3694","2.1847"
"238.2080","0.3691","2.1150"
"238.2280","0.3688","2.1089"
"238.2480","0.3685","2.0264"
"238.2680","0.3682","2.0736"
"238.2880","0.3679","2.1100"
"238.3080","0.3675","2.1199"
"238.3280","0.3672","2.1111"
"238.3480","0.3669","2.0707"
"238.3680","0.3667","2.1090"
"238.3880","0.3664","2.0642"
"238.4080","0.3661","2.0300"
"238.4280","0.3657","2.0575"
"238.4480","0.3653","2.0051"
"238.4680","0.3648","2.0537"
"238.4880","0.3644","2.0855"
"238.5080","0.3640","2.0401"
"238.5280","0.3638","2.1105"
"238.5480","0.3636","2.1089"
"238.5680","0.3633","2.0379"
"238.5880","0.3630","2.0295"
"238.6080","0.3627","2.0505"
"238.6280","0.3623","2.0196"
"238.6480","0.3619","2.0069"
"238.6680","0.3616","1.9767"
"238.6880","0.3612","1.9996"
"238.7080","0.3609","1.9944"
"238.7280","0.3607","1.9741"
"238.7480","0.3604","2.0083"
"238.7680","0.3601","1.9958"
"238.7880","0.3597","2.0264"
"238.8080","0.3593","1.9881"
"238.8280","0.3589","2.0237"
"238.8480","0.3585","1.9976"
"238.8680","0.3581","1.9597"
"238.8880","0.3578","1.9569"
"238.9080","0.3575","1.9315"
"238.9280","0.3572","1.9466"
"238.9480","0.3569","2.0192"
"238.9680","0.3565","1.9408"
"238.9880","0.3562","1.9076"
"239.0080","0.3558","1.9732"
"239.0280","0.3555","1.9473"
"239.0480","0.3553","1.9140"
"239.0680","0.3550","1.8662"
"239.0880","0.3547","1.9377"
"239.1080","0.3544","1.9755"
"239.1280","0.3540","1.9866"
"239.1480","0.3535","2.0045"
"239.1680","0.3531","1.9178"
"239.1880","0.3527","1.9058"
"239.2080","0.3524","1.9604"
"239.2280","0.3522","1.9744"
"239.2480","0.3519","1.9261"
"239.2680","0.3517","1.9396"
"239.2880","0.3514","1.9235"
"239.3080","0.3510","1.8666"
"239.3280","0.3506","1.8283"
"239.3480","0.3503","1.8701"
"239.3680","0.3499","1.9053"
"239.3880","0.3496","1.8701"
"239.4080","0.3493","1.8611"
"239.4280","0.3490","1.8877"
"239.4480","0.3487","1.8579"
"239.4680","0.3484","1.8567"
"239.4880","0.3480","1.8014"
"239.5080","0.3476","1.8093"
"239.5280","0.3472","1.8811"
"239.5480","0.3468","1.9225"
"239.5680","0.3464","1.9429"
"239.5880","0.3462","1.8013"
"239.6080","0.3459","1.7499"
"239.6280","0.3455","1.7999"
"239.6480","0.3452","1.8011"
"239.6680","0.3448","1.7879"
"239.6880","0.3445","1.7599"
"239.7080","0.3442","1.8471"
"239.7280","0.3439","1.8156"
"239.7480","0.3437","1.7138"
"239.7680","0.3434","1.7752"
"239.7880","0.3430","1.7987"
"239.8080","0.3427","1.7083"
"239.8280","0.3422","1.6822"
"239.8480","0.3418","1.7382"
"239.8680","0.3413","1.7033"
"239.8880","0.3410","1.7481"
"239.9080","0.3408","1.7769"
"239.9280","0.3406","1.7693"
"239.9480","0.3403","1.7973"
"239.9680","0.3400","1.7819"
"239.9880","0.3397","1.7688"
"240.0080","0.3393","1.7412"
"240.0280","0.3389","1.6776"
"240.0480","0.3386","1.6317"
"240.0680","0.3382","1.7049"
"240.0880","0.3380","1.6981"
"240.1080","0.3377","1.7458"
"240.1280","0.3374","1.7170"
"240.1480","0.3371","1.6863"
"240.1680","0.3367","1.6572"
"240.1880","0.3363","1.6292"
"240.2080","0.3359","1.6201"
"240.2280","0.3355","1.6096"
"240.2480","0.3351","1.6060"
"240.2680","0.3348","1.6359"
"240.2880","0.3345","1.5541"
"240.3080","0.3342","1.5816"
"240.3280","0.3339","1.6605"
"240.3480","0.3335","1.7004"
"240.3680","0.3332","1.7321"
"240.3880","0.3329","1.6159"
"240.4080","0.3326","1.5259"
"240.4280","0.3323","1.5250"
"240.4480","0.3320","1.5631"
"240.4680","0.3317","1.5270"
"240.4880","0.3314","1.5449"
"240.5080","0.3310","1.5590"
"240.5280","0.3305","1.6049"
"240.5480","0.3301","1.6143"
"240.5680","0.3297","1.6857"
"240.5880","0.3294","1.6979"
"240.6080","0.3292","1.6238"
"240.6280","0.3290","1.6018"
"240.6480","0.3287","1.6490"
"240.6680","0.3284","1.6213"
"240.6880","0.3280","1.5218"
"240.7080","0.3276","1.5146"
"240.7280","0.3272","1.5567"
"240.7480","0.3269","1.6173"
"240.7680","0.3266","1.6171"
"240.7880","0.3263","1.5870"
"240.8080","0.3260","1.5652"
"240.8280","0.3257","1.5059"
"240.8480","0.3254","1.4848"
"240.8680","0.3250","1.5105"
"240.8880","0.3246","1.4574"
"240.9080","0.3242","1.5120"
"240.9280","0.3238","1.5739"
"240.9480","0.3235","1.5094"
"240.9680","0.3232","1.5577"
"240.9880","0.3229","1.6224"
"241.0080","0.3226","1.4574"
"241.0280","0.3222","1.4542"
"241.0480","0.3219","1.5603"
"241.0680","0.3215","1.6144"
"241.0880","0.3212","1.5556"
"241.1080","0.3210","1.4970"
"241.1280","0.3207","1.5056"
"241.1480","0.3204","1.5337"
"241.1680","0.3201","1.5186"
"241.1880","0.3197","1.4827"
"241.2080","0.3192","1.4280"
"241.2280","0.3188","1.4063"
"241.2480","0.3184","1.4304"
"241.2680","0.3181","1.4388"
"241.2880","0.3178","1.4744"
"241.3080","0.3176","1.4873"
"241.3280","0.3173","1.3441"
"241.3480","0.3170","1.3761"
"241.3680","0.3167","1.3869"
"241.3880","0.3163","1.3606"
"241.4080","0.3159","1.4006"
"241.4280","0.3156","1.4407"
"241.4480","0.3153","1.5038"
"241.4680","0.3150","1.4972"
"241.4880","0.3147","1.3974"
"241.5080","0.3144","1.3592"
"241.5280","0.3141","1.3436"
"241.5480","0.3137","1.3477"
"241.5680","0.3133","1.3843"
"241.5880","0.3128","1.3857"
"241.6080","0.3124","1.4553"
"241.6280","0.3121","1.5050"
"241.6480","0.3118","1.3766"
"241.6680","0.3115","1.3268"
"241.6880","0.3112","1.2708"
"241.7080","0.3109","1.2614"
"241.7280","0.3106","1.3668"
"241.7480","0.3102","1.3663"
"241.7680","0.3099","1.3548"
"241.7880","0.3096","1.3330"
"241.8080","0.3093","1.3693"
"241.8280","0.3090","1.3523"
"241.8480","0.3087","1.2600"
"241.8680","0.3084","1.2783"
"241.8880","0.3079","1.3127"
"241.9080","0.3075","1.2926"
"241.9280","0.3070","1.3185"
"241.9480","0.3067","1.3858"
"241.9680","0.3064","1.3328"
"241.9880","0.3062","1.2400"
"242.0080","0.3060","1.2254"
"242.0280","0.3057","1.2688"
"242.0480","0.3054","1.2445"
"242.0680","0.3050","1.2569"
"242.0880","0.3046","1.2888"
"242.1080","0.3042","1.3585"
"242.1280","0.3039","1.3269"
"242.1480","0.3036","1.1585"
"242.1680","0.3033","1.1872"
"242.1880","0.3030","1.2194"
"242.2080","0.3027","1.2551"
"242.2280","0.3024","1.2690"
"242.2480","0.3019","1.3007"
"242.2680","0.3015","1.2820"
"242.2880","0.3011","1.2825"
"242.3080","0.3008","1.2748"
"242.3280","0.3005","1.2892"
"242.3480","0.3002","1.2762"
"242.3680","0.2999","1.2324"
"242.3880","0.2996","1.2060"
"242.4080","0.2992","1.1886"
"242.4280","0.2989","1.2658"
"242.4480","0.2986","1.3305"
"242.4680","0.2983","1.3092"
"242.4880","0.2980","1.2519"
"242.5080","0.2977","1.2693"
"242.5280","0.2974","1.3420"
"242.5480","0.2970","1.2994"
"242.5680","0.2966","1.1784"
"242.5880","0.2961","1.1147"
"242.6080","0.2957","1.1569"
"242.6280","0.2953","1.2209"
"242.6480","0.2950","1.2975"
"242.6680","0.2948","1.2160"
"242.6880","0.2946","1.2119"
"242.7080","0.2943","1.1220"
"242.7280","0.2940","1.1372"
"242.7480","0.2937","1.1210"
"242.7680","0.2933","1.1803"
"242.7880","0.2929","1.1928"
"242.8080","0.2925","1.1621"
"242.8280","0.2922","1.0952"
"242.8480","0.2919","1.0923"
"242.8680","0.2916","1.1684"
"242.8880","0.2913","1.2236"
"242.9080","0.2910","1.3023"
"242.9280","0.2906","1.2188"
"242.9480","0.2902","1.1208"
"242.9680","0.2898","1.1102"
"242.9880","0.2894","1.1206"
"243.0080","0.2891","1.0929"
"243.0280","0.2888","1.0891"
"243.0480","0.2885","1.1936"
"243.0680","0.2882","1.1977"
"243.0880","0.2879","1.1778"
"243.1080","0.2876","1.1530"
"243.1280","0.2872","1.1636"
"243.1480","0.2869","1.1249"
"243.1680","0.2866","1.0490"
"243.1880","0.2864","1.0181"
"243.2080","0.2861","0.9876"
"243.2280","0.2857","1.0065"
"243.2480","0.2853","1.1063"
"243.2680","0.2849","1.0602"
"243.2880","0.2844","1.0009"
"243.3080","0.2840","1.0248"
"243.3280","0.2837","1.0205"
"243.3480","0.2835","1.0794"
"243.3680","0.2833","1.0883"
"243.3880","0.2830","1.0653"
"243.4080","0.2827","1.0306"
"243.4280","0.2824","1.0252"
"243.4480","0.2820","1.0476"
"243.4680","0.2816","1.0606"
"243.4880","0.2812","1.1067"
"243.5080","0.2809","1.0833"
"243.5280","0.2806","1.0002"
"243.5480","0.2803","0.9935"
"243.5680","0.2800","0.9880"
"243.5880","0.2797","0.9433"
"243.6080","0.2794","0.9127"
"243.6280","0.2790","1.0337"
"243.6480","0.2785","0.9852"
"243.6680","0.2781","0.9276"
"243.6880","0.2778","0.9684"
"243.7080","0.2775","0.9868"
"243.7280","0.2772","0.9743"
"243.7480","0.2769","0.9505"
"243.7680","0.2766","1.1071"
"243.7880","0.2763","1.0515"
"243.8080","0.2759","1.0069"
"243.8280","0.2756","1.0059"
"243.8480","0.2753","0.9824"
"243.8680","0.2750","0.9847"
"243.8880","0.2747","1.0207"
"243.9080","0.2744","0.9640"
"243.9280","0.2741","0.9943"
"243.9480","0.2737","1.0631"
"243.9680","0.2732","1.0401"
"243.9880","0.2727","1.0661"
"244.0080","0.2723","1.0744"
"244.0280","0.2721","1.0217"
"244.0480","0.2719","0.9808"
"244.0680","0.2716","1.0407"
"244.0880","0.2714","0.9572"
"244.1080","0.2711","0.8874"
"244.1280","0.2707","0.8938"
"244.1480","0.2703","0.9064"
"244.1680","0.2699","0.8977"
"244.1880","0.2696","0.8872"
"244.2080","0.2692","0.9267"
"244.2280","0.2689","0.9298"
"244.2480","0.2687","0.9839"
"244.2680","0.2684","0.9671"
"244.2880","0.2680","0.9628"
"244.3080","0.2676","0.9901"
"244.3280","0.2672","0.9412"
"244.3480","0.2668","0.9876"
"244.3680","0.2665","0.9983"
"244.3880","0.2661","1.0557"
"244.4080","0.2658","0.9876"
"244.4280","0.2656","0.9968"
"244.4480","0.2653","0.9536"
"244.4680","0.2649","0.9256"
"244.4880","0.2646","0.9055"
"244.5080","0.2642","0.9791"
"244.5280","0.2639","0.9877"
"244.5480","0.2636","0.8945"
"244.5680","0.2633","0.8922"
"244.5880","0.2630","0.9983"
"244.6080","0.2627","0.9775"
"244.6280","0.2623","0.9408"
"244.6480","0.2619","0.8784"
"244.6680","0.2614","0.8591"
"244.6880","0.2610","0.8624"
"244.7080","0.2607","0.8991"
"244.7280","0.2605","0.9826"
"244.7480","0.2602","0.9088"
"244.7680","0.2600","0.9122"
"244.7880","0.2597","0.9003"
"244.8080","0.2594","0.8426"
"244.8280","0.2590","0.8604"
"244.8480","0.2586","0.9171"
"244.8680","0.2582","0.9859"
"244.8880","0.2579","0.9823"
"244.9080","0.2576","1.0275"
"244.9280","0.2573","0.8892"
"244.9480","0.2570","0.8327"
"244.9680","0.2567","0.8174"
"244.9880","0.2563","0.8803"
"245.0080","0.2559","0.9541"
"245.0280","0.2555","0.9343"
"245.0480","0.2551","0.8854"
"245.0680","0.2548","0.7829"
"245.0880","0.2545","0.7578"
"245.1080","0.2542","0.8222"
"245.1280","0.2539","0.9048"
"245.1480","0.2536","0.9774"
"245.1680","0.2532","0.9398"
"245.1880","0.2529","0.9357"
"245.2080","0.2526","0.8659"
"245.2280","0.2523","0.9265"
"245.2480","0.2520","0.8922"
"245.2680","0.2517","0.8523"
"245.2880","0.2514","0.8590"
"245.3080","0.2511","0.8462"
"245.3280","0.2506","0.9081"
"245.3480","0.2502","0.9030"
"245.3680","0.2497","0.9389"
"245.3880","0.2493","0.9592"
"245.4080","0.2491","0.9256"
"245.4280","0.2488","0.9570"
"245.4480","0.2486","0.8616"
"245.4680","0.2484","0.8037"
"245.4880","0.2481","0.8196"
"245.5080","0.2477","0.8030"
"245.5280","0.2473","0.8369"
"245.5480","0.2469","0.8379"
"245.5680","0.2465","0.9066"
"245.5880","0.2462","1.0206"
"245.6080","0.2459","0.9245"
"245.6280","0.2457","0.8738"
"245.6480","0.2454","0.7903"
"245.6680","0.2450","0.7749"
"245.6880","0.2446","0.7902"
"245.7080","0.2442","0.7945"
"245.7280","0.2438","0.7947"
"245.7480","0.2434","0.8001"
"245.7680","0.2431","0.8482"
"245.7880","0.2428","0.8898"
"245.8080","0.2425","0.9275"
"245.8280","0.2422","0.8376"
"245.8480","0.2419","0.8950"
"245.8680","0.2415","0.9238"
"245.8880","0.2412","0.8312"
"245.9080","0.2409","0.8324"
"245.9280","0.2406","0.8563"
"245.9480","0.2403","0.7924"
"245.9680","0.2400","0.8029"
"245.9880","0.2397","0.7703"
"246.0080","0.2393","0.7619"
"246.0280","0.2389","0.7265"
"246.0480","0.2385","0.7737"
"246.0680","0.2380","0.7676"
"246.0880","0.2377","0.7956"
"246.1080","0.2375","0.7786"
"246.1280","0.2373","0.6783"
"246.1480","0.2370","0.6930"
"246.1680","0.2367","0.8363"
"246.1880","0.2364","0.8598"
"246.2080","0.2360","0.8718"
"246.2280","0.2356","0.8563"
"246.2480","0.2352","0.7623"
"246.2680","0.2349","0.7329"
"246.2880","0.2346","0.8246"
"246.3080","0.2343","0.8047"
"246.3280","0.2340","0.7606"
"246.3480","0.2337","0.6838"
"246.3680","0.2333","0.7071"
"246.3880","0.2329","0.7437"
"246.4080","0.2325","0.7718"
"246.4280","0.2321","0.7746"
"246.4480","0.2318","0.8137"
"246.4680","0.2315","0.7942"
"246.4880","0.2312","0.7706"
"246.5080","0.2309","0.8058"
"246.5280","0.2306","0.7125"
"246.5480","0.2302","0.6716"
"246.5680","0.2299","0.8278"
"246.5880","0.2295","0.8771"
"246.6080","0.2292","0.8054"
"246.6280","0.2290","0.7344"
"246.6480","0.2287","0.7552"
"246.6680","0.2284","0.7495"
"246.6880","0.2280","0.7207"
"246.7080","0.2276","0.8169"
"246.7280","0.2272","0.7749"
"246.7480","0.2267","0.7822"
"246.7680","0.2264","0.7692"
"246.7880","0.2261","0.8312"
"246.8080","0.2259","0.8648"
"246.8280","0.2256","0.8384"
"246.8480","0.2254","0.7117"
"246.8680","0.2250","0.6732"
"246.8880","0.2247","0.7351"
"246.9080","0.2243","0.8104"
"246.9280","0.2239","0.7161"
"246.9480","0.2235","0.7654"
"246.9680","0.2232","0.7398"
"246.9880","0.2229","0.7365"
"247.0080","0.2227","0.7636"
"247.0280","0.2224","0.7169"
"247.0480","0.2220","0.7173"
"247.0680","0.2216","0.8058"
"247.0880","0.2212","0.7843"
"247.1080","0.2208","0.7546"
"247.1280","0.2205","0.7604"
"247.1480","0.2201","0.7953"
"247.1680","0.2199","0.7099"
"247.1880","0.2196","0.7141"
"247.2080","0.2193","0.7396"
"247.2280","0.2189","0.7724"
"247.2480","0.2186","0.7895"
"247.2680","0.2182","0.7675"
"247.2880","0.2179","0.7604"
"247.3080","0.2176","0.7088"
"247.3280","0.2174","0.6727"
"247.3480","0.2171","0.7494"
"247.3680","0.2167","0.8370"
"247.3880","0.2164","0.8190"
"247.4080","0.2159","0.7916"
"247.4280","0.2155","0.7835"
"247.4480","0.2151","0.8046"
"247.4680","0.2148","0.7847"
"247.4880","0.2145","0.7644"
"247.5080","0.2143","0.7371"
"247.5280","0.2140","0.8269"
"247.5480","0.2137","0.7997"
"247.5680","0.2134","0.7793"
"247.5880","0.2130","0.7420"
"247.6080","0.2126","0.7100"
"247.6280","0.2122","0.7277"
"247.6480","0.2119","0.7779"
"247.6680","0.2116","0.7785"
"247.6880","0.2113","0.7247"
"247.7080","0.2110","0.7671"
"247.7280","0.2107","0.8263"
"247.7480","0.2103","0.8206"
"247.7680","0.2099","0.7210"
"247.7880","0.2095","0.7087"
"247.8080","0.2091","0.7342"
"247.8280","0.2088","0.7317"
"247.8480","0.2085","0.7730"
"247.8680","0.2082","0.7251"
"247.8880","0.2079","0.6570"
"247.9080","0.2076","0.6159"
"247.9280","0.2072","0.6822"
"247.9480","0.2069","0.7622"
"247.9680","0.2065","0.7831"
"247.9880","0.2062","0.6831"
"248.0080","0.2060","0.6784"
"248.0280","0.2057","0.7123"
"248.0480","0.2054","0.7455"
"248.0680","0.2050","0.7359"
"248.0880","0.2046","0.6943"
"248.1080","0.2042","0.6846"
"248.1280","0.2037","0.6413"
"248.1480","0.2034","0.7005"
"248.1680","0.2031","0.8401"
"248.1880","0.2029","0.9152"
"248.2080","0.2027","0.7775"
"248.2280","0.2024","0.7282"
"248.2480","0.2021","0.7125"
"248.2680","0.2017","0.7085"
"248.2880","0.2013","0.7411"
"248.3080","0.2009","0.7436"
"248.3280","0.2005","0.7930"
"248.3480","0.2002","0.7484"
"248.3680","0.2000","0.7660"
"248.3880","0.1997","0.7534"
"248.4080","0.1994","0.6989"
"248.4280","0.1990","0.7694"
"248.4480","0.1986","0.7728"
"248.4680","0.1982","0.8534"
"248.4880","0.1978","0.8721"
"248.5080","0.1974","0.8408"
"248.5280","0.1971","0.7678"
"248.5480","0.1968","0.7230"
"248.5680","0.1966","0.7387"
"248.5880","0.1963","0.7570"
"248.6080","0.1959","0.7959"
"248.6280","0.1956","0.8419"
"248.6480","0.1952","0.8946"
"248.6680","0.1949","0.7977"
"248.6880","0.1946","0.7406"
"248.7080","0.1943","0.7151"
"248.7280","0.1941","0.7016"
"248.7480","0.1937","0.6760"
"248.7680","0.1933","0.7380"
"248.7880","0.1929","0.7540"
"248.8080","0.1924","0.7549"
"248.8280","0.1921","0.7992"
"248.8480","0.1918","0.7944"
"248.8680","0.1915","0.7682"
"248.8880","0.1913","0.7599"
"248.9080","0.1911","0.7147"
"248.9280","0.1908","0.7404"
"248.9480","0.1904","0.7168"
"248.9680","0.1900","0.7077"
"248.9880","0.1896","0.7363"
"249.0080","0.1892","0.7088"
"249.0280","0.1889","0.7567"
"249.0480","0.1886","0.7870"
"249.0680","0.1883","0.7596"
"249.0880","0.1880","0.7084"
"249.1080","0.1877","0.7025"
"249.1280","0.1873","0.6739"
"249.1480","0.1869","0.7113"
"249.1680","0.1865","0.7713"
"249.1880","0.1861","0.7373"
"249.2080","0.1858","0.6954"
"249.2280","0.1855","0.7051"
"249.2480","0.1852","0.7073"
"249.2680","0.1849","0.6734"
"249.2880","0.1846","0.7242"
"249.3080","0.1842","0.7866"
"249.3280","0.1839","0.7258"
"249.3480","0.1835","0.7499"
"249.3680","0.1832","0.7706"
"249.3880","0.1830","0.7503"
"249.4080","0.1827","0.7545"
"249.4280","0.1824","0.6916"
"249.4480","0.1820","0.6150"
"249.4680","0.1816","0.5977"
"249.4880","0.1812","0.6043"
"249.5080","0.1807","0.6397"
"249.5280","0.1804","0.6595"
"249.5480","0.1801","0.6351"
"249.5680","0.1799","0.6586"
"249.5880","0.1797","0.7354"
"249.6080","0.1794","0.7265"
"249.6280","0.1790","0.7197"
"249.6480","0.1787","0.7522"
"249.6680","0.1783","0.7444"
"249.6880","0.1779","0.7227"
"249.7080","0.1776","0.7092"
"249.7280","0.1773","0.7290"
"249.7480","0.1770","0.6695"
"249.7680","0.1767","0.6744"
"249.7880","0.1764","0.6621"
"249.8080","0.1760","0.7163"
"249.8280","0.1756","0.7815"
"249.8480","0.1751","0.6867"
"249.8680","0.1747","0.5991"
"249.8880","0.1744","0.6591"
"249.9080","0.1741","0.7149"
"249.9280","0.1738","0.6288"
"249.9480","0.1736","0.6170"
"249.9680","0.1733","0.6507"
"249.9880","0.1729","0.6551"
"250.0080","0.1726","0.5918"
"250.0280","0.1722","0.5849"
"250.0480","0.1719","0.6026"
"250.0680","0.1716","0.5907"
"250.0880","0.1713","0.6192"
"250.1080","0.1710","0.6326"
"250.1280","0.1706","0.6531"
"250.1480","0.1703","0.7013"
"250.1680","0.1698","0.6428"
"250.1880","0.1694","0.6246"
"250.2080","0.1690","0.5818"
"250.2280","0.1687","0.6229"
"250.2480","0.1685","0.6299"
"250.2680","0.1683","0.7047"
"250.2880","0.1680","0.7531"
"250.3080","0.1677","0.7035"
"250.3280","0.1674","0.6565"
"250.3480","0.1670","0.5863"
"250.3680","0.1666","0.6499"
"250.3880","0.1662","0.7549"
"250.4080","0.1659","0.7029"
"250.4280","0.1656","0.6846"
"250.4480","0.1653","0.6075"
"250.4680","0.1650","0.6219"
"250.4880","0.1647","0.6383"
"250.5080","0.1643","0.6155"
"250.5280","0.1639","0.5989"
"250.5480","0.1635","0.5659"
"250.5680","0.1631","0.5907"
"250.5880","0.1628","0.5773"
"250.6080","0.1625","0.5562"
"250.6280","0.1622","0.5425"
"250.6480","0.1619","0.6104"
"250.6680","0.1616","0.7070"
"250.6880","0.1612","0.6577"
"250.7080","0.1609","0.5227"
"250.7280","0.1606","0.5834"
"250.7480","0.1603","0.5358"
"250.7680","0.1600","0.5163"
"250.7880","0.1597","0.6151"
"250.8080","0.1594","0.5243"
"250.8280","0.1590","0.5285"
"250.8480","0.1586","0.5247"
"250.8680","0.1581","0.5205"
"250.8880","0.1577","0.4933"
"250.9080","0.1574","0.5152"
"250.9280","0.1571","0.5426"
"250.9480","0.1569","0.5484"
"250.9680","0.1567","0.5312"
"250.9880","0.1564","0.4604"
"251.0080","0.1560","0.4729"
"251.0280","0.1557","0.5071"
"251.0480","0.1553","0.5082"
"251.0680","0.1549","0.5137"
"251.0880","0.1546","0.4958"
"251.1080","0.1543","0.4239"
"251.1280","0.1540","0.4696"
"251.1480","0.1537","0.4835"
"251.1680","0.1534","0.4834"
"251.1880","0.1530","0.4752"
"251.2080","0.1526","0.4942"
"251.2280","0.1522","0.5265"
"251.2480","0.1518","0.5185"
"251.2680","0.1514","0.4554"
"251.2880","0.1511","0.4724"
"251.3080","0.1509","0.5110"
"251.3280","0.1506","0.4761"
"251.3480","0.1503","0.4573"
"251.3680","0.1499","0.4155"
"251.3880","0.1496","0.4179"
"251.4080","0.1492","0.4581"
"251.4280","0.1489","0.4409"
"251.4480","0.1486","0.4768"
"251.4680","0.1483","0.4494"
"251.4880","0.1480","0.4603"
"251.5080","0.1477","0.3711"
"251.5280","0.1473","0.3788"
"251.5480","0.1468","0.4627"
"251.5680","0.1464","0.4725"
"251.5880","0.1460","0.4174"
"251.6080","0.1458","0.3138"
"251.6280","0.1455","0.3351"
"251.6480","0.1453","0.3466"
"251.6680","0.1450","0.3808"
"251.6880","0.1447","0.3103"
"251.7080","0.1444","0.2818"
"251.7280","0.1440","0.3129"
"251.7480","0.1436","0.3727"
"251.7680","0.1432","0.3608"
"251.7880","0.1429","0.3022"
"251.8080","0.1426","0.3045"
"251.8280","0.1423","0.3359"
"251.8480","0.1420","0.3593"
"251.8680","0.1417","0.3199"
"251.8880","0.1413","0.1781"
"251.9080","0.1409","0.2170"
"251.9280","0.1405","0.2368"
"251.9480","0.1401","0.2610"
"251.9680","0.1398","0.3210"
"251.9880","0.1395","0.4002"
"252.0080","0.1392","0.4039"
"252.0280","0.1389","0.3725"
"252.0480","0.1386","0.3219"
"252.0680","0.1382","0.2322"
"252.0880","0.1379","0.3211"
"252.1080","0.1376","0.3048"
"252.1280","0.1373","0.2467"
"252.1480","0.1370","0.2957"
"252.1680","0.1367","0.2746"
"252.1880","0.1364","0.2236"
"252.2080","0.1360","0.2520"
"252.2280","0.1356","0.2729"
"252.2480","0.1351","0.3251"
"252.2680","0.1347","0.3937"
"252.2880","0.1344","0.4208"
"252.3080","0.1342","0.3228"
"252.3280","0.1339","0.3053"
"252.3480","0.1337","0.2089"
"252.3680","0.1334","0.2683"
"252.3880","0.1330","0.2338"
"252.4080","0.1327","0.2231"
"252.4280","0.1323","0.2073"
"252.4480","0.1319","0.1805"
"252.4680","0.1316","0.1903"
"252.4880","0.1313","0.1972"
"252.5080","0.1310","0.1581"
"252.5280","0.1308","0.1554"
"252.5480","0.1304","0.2090"
"252.5680","0.1301","0.2014"
"252.5880","0.1296","0.2114"
"252.6080","0.1292","0.2269"
"252.6280","0.1288","0.2388"
"252.6480","0.1284","0.2322"
"252.6680","0.1281","0.1837"
"252.6880","0.1278","0.2531"
"252.7080","0.1275","0.2979"
"252.7280","0.1272","0.2874"
"252.7480","0.1269","0.2761"
"252.7680","0.1265","0.3347"
"252.7880","0.1262","0.2382"
"252.8080","0.1259","0.1355"
"252.8280","0.1257","0.1902"
"252.8480","0.1254","0.2965"
"252.8680","0.1251","0.2504"
"252.8880","0.1247","0.1890"
"252.9080","0.1243","0.1531"
"252.9280","0.1238","0.2357"
"252.9480","0.1234","0.1974"
"252.9680","0.1230","0.2363"
"252.9880","0.1227","0.2508"
"253.0080","0.1225","0.2439"
"253.0280","0.1223","0.1814"
"253.0480","0.1220","0.2369"
"253.0680","0.1217","0.2068"
"253.0880","0.1213","0.1470"
"253.1080","0.1209","0.1068"
"253.1280","0.1205","0.1731"
"253.1480","0.1202","0.2328"
"253.1680","0.1199","0.1816"
"253.1880","0.1196","0.2680"
"253.2080","0.1194","0.2582"
"253.2280","0.1191","0.1827"
"253.2480","0.1187","0.1277"
"253.2680","0.1183","0.1973"
"253.2880","0.1179","0.2281"
"253.3080","0.1175","0.2711"
"253.3280","0.1171","0.3536"
"253.3480","0.1168","0.3745"
"253.3680","0.1165","0.3348"
"253.3880","0.1162","0.2834"
"253.4080","0.1159","0.2890"
"253.4280","0.1155","0.3251"
"253.4480","0.1152","0.3275"
"253.4680","0.1148","0.2778"
"253.4880","0.1145","0.3067"
"253.5080","0.1143","0.2814"
"253.5280","0.1140","0.2070"
"253.5480","0.1137","0.2376"
"253.5680","0.1134","0.2103"
"253.5880","0.1130","0.2558"
"253.6080","0.1126","0.2654"
"253.6280","0.1121","0.1988"
"253.6480","0.1117","0.1927"
"253.6680","0.1114","0.1660"
"253.6880","0.1111","0.2303"
"253.7080","0.1109","0.2897"
"253.7280","0.1106","0.2151"
"253.7480","0.1103","0.1830"
"253.7680","0.1100","0.1500"
"253.7880","0.1096","0.2094"
"253.8080","0.1093","0.2483"
"253.8280","0.1089","0.2691"
"253.8480","0.1086","0.2246"
"253.8680","0.1083","0.2155"
"253.8880","0.1080","0.2344"
"253.9080","0.1077","0.3008"
"253.9280","0.1074","0.3127"
"253.9480","0.1070","0.2978"
"253.9680","0.1066","0.2071"
"253.9880","0.1062","0.2393"
"254.0080","0.1058","0.2742"
"254.0280","0.1055","0.2298"
"254.0480","0.1052","0.1482"
"254.0680","0.1049","0.1785"
"254.0880","0.1046","0.2469"
"254.1080","0.1042","0.2535"
"254.1280","0.1038","0.2098"
"254.1480","0.1035","0.1846"
"254.1680","0.1032","0.0756"
"254.1880","0.1029","0.0699"
"254.2080","0.1027","0.1268"
"254.2280","0.1024","0.2234"
"254.2480","0.1021","0.2500"
"254.2680","0.1017","0.2458"
"254.2880","0.1013","0.1993"
"254.3080","0.1008","0.2210"
"254.3280","0.1004","0.2448"
"254.3480","0.1000","0.1997"
"254.3680","0.0998","0.2285"
"254.3880","0.0995","0.2066"
"254.4080","0.0993","0.2176"
"254.4280","0.0990","0.2735"
"254.4480","0.0987","0.1940"
"254.4680","0.0983","0.1885"
"254.4880","0.0980","0.1828"
"254.5080","0.0976","0.2690"
"254.5280","0.0973","0.3108"
"254.5480","0.0970","0.2278"
"254.5680","0.0967","0.1588"
"254.5880","0.0964","0.1509"
"254.6080","0.0961","0.1997"
"254.6280","0.0957","0.2034"
"254.6480","0.0953","0.2448"
"254.6680","0.0949","0.1953"
"254.6880","0.0945","0.1114"
"254.7080","0.0941","0.0009"
"254.7280","0.0938","-0.0096"
"254.7480","0.0935","0.1039"
"254.7680","0.0932","0.1271"
"254.7880","0.0929","0.0970"
"254.8080","0.0926","0.0863"
"254.8280","0.0922","0.1614"
"254.8480","0.0919","0.2108"
"254.8680","0.0916","0.0865"
"254.8880","0.0913","0.0653"
"254.9080","0.0910","0.0497"
"254.9280","0.0907","0.1466"
"254.9480","0.0904","0.2099"
"254.9680","0.0900","0.1552"
"254.9880","0.0895","0.0493"
"255.0080","0.0891","0.0050"
"255.0280","0.0887","0.0766"
"255.0480","0.0884","0.1280"
"255.0680","0.0882","0.0930"
"255.0880","0.0879","0.0540"
"255.1080","0.0877","0.0367"
"255.1280","0.0874","0.0170"
"255.1480","0.0870","-0.0349"
"255.1680","0.0866","0.0234"
"255.1880","0.0862","0.0502"
"255.2080","0.0859","0.0493"
"255.2280","0.0856","0.0395"
"255.2480","0.0853","0.0861"
"255.2680","0.0850","0.1190"
"255.2880","0.0847","0.0982"
"255.3080","0.0844","0.1869"
"255.3280","0.0840","0.1206"
"255.3480","0.0836","0.0683"
"255.3680","0.0832","0.0047"
"255.3880","0.0828","0.0187"
"255.4080","0.0824","-0.0180"
"255.4280","0.0821","-0.0413"
"255.4480","0.0819","0.0750"
"255.4680","0.0816","0.1105"
"255.4880","0.0812","0.0600"
"255.5080","0.0809","0.0766"
"255.5280","0.0805","0.1071"
"255.5480","0.0802","0.0160"
"255.5680","0.0799","-0.0140"
"255.5880","0.0797","0.0294"
"255.6080","0.0794","0.0842"
"255.6280","0.0791","0.1404"
"255.6480","0.0787","0.0818"
"255.6680","0.0782","0.0120"
"255.6880","0.0778","0.0218"
"255.7080","0.0774","0.0435"
"255.7280","0.0771","0.0193"
"255.7480","0.0768","0.0814"
"255.7680","0.0766","0.0843"
"255.7880","0.0763","0.0708"
"255.8080","0.0760","0.1065"
"255.8280","0.0757","0.0702"
"255.8480","0.0753","0.0364"
"255.8680","0.0749","-0.0047"
"255.8880","0.0746","-0.0010"
"255.9080","0.0742","0.0136"
"255.9280","0.0739","-0.0007"
"255.9480","0.0737","0.0534"
"255.9680","0.0734","0.0353"
"255.9880","0.0731","-0.0091"
"256.0080","0.0727","0.0195"
"256.0280","0.0723","0.0246"
"256.0480","0.0719","0.0012"
"256.0680","0.0714","-0.0286"
"256.0880","0.0711","0.0250"
"256.1080","0.0708","0.0625"
"256.1280","0.0705","0.0368"
"256.1480","0.0702","0.0378"
"256.1680","0.0699","0.0109"
"256.1880","0.0696","0.0592"
"256.2080","0.0692","0.0538"
"256.2280","0.0689","0.0647"
"256.2480","0.0686","-0.0226"
"256.2680","0.0683","-0.0686"
"256.2880","0.0680","-0.0249"
"256.3080","0.0677","0.0656"
"256.3280","0.0674","-0.0543"
"256.3480","0.0670","-0.0990"
"256.3680","0.0665","-0.0058"
"256.3880","0.0660","0.0631"
"256.4080","0.0657","0.0468"
"256.4280","0.0654","-0.0598"
"256.4320","0.0654","-0.0816"

