Time,Displacement,Force
(s),(mm),(N)
"0.0000","0.8296","15.5914"
"0.0200","0.8296","15.6064"
"0.0400","0.8296","15.5341"
"0.0600","0.8296","15.5936"
"0.0800","0.8296","15.6214"
"0.1000","0.8297","15.6177"
"0.1200","0.8299","15.6251"
"0.1400","0.8300","15.5778"
"0.1600","0.8300","15.5142"
"0.1800","0.8299","15.5230"
"0.2000","0.8299","15.5446"
"0.2200","0.8300","15.5520"
"0.2400","0.8302","15.5981"
"0.2600","0.8306","15.6477"
"0.2800","0.8311","15.7689"
"0.3000","0.8317","15.8707"
"0.3200","0.8322","15.8591"
"0.3400","0.8327","15.9554"
"0.3600","0.8330","16.0811"
"0.3800","0.8334","16.0543"
"0.4000","0.8338","16.0446"
"0.4200","0.8343","16.1465"
"0.4400","0.8347","16.2810"
"0.4600","0.8352","16.4092"
"0.4800","0.8356","16.4712"
"0.5000","0.8360","16.4935"
"0.5200","0.8364","16.5640"
"0.5400","0.8368","16.6845"
"0.5600","0.8373","16.7268"
"0.5800","0.8377","16.7691"
"0.6000","0.8380","16.7814"
"0.6200","0.8383","16.8482"
"0.6400","0.8386","16.8283"
"0.6600","0.8389","16.8392"
"0.6800","0.8392","16.9003"
"0.7000","0.8396","16.9098"
"0.7200","0.8399","16.9404"
"0.7400","0.8403","17.0875"
"0.7600","0.8406","17.1600"
"0.7800","0.8409","17.1518"
"0.8000","0.8412","17.2211"
"0.8200","0.8415","17.2344"
"0.8400","0.8418","17.3655"
"0.8600","0.8422","17.3926"
"0.8800","0.8426","17.3638"
"0.9000","0.8430","17.4334"
"0.9200","0.8434","17.4830"
"0.9400","0.8437","17.5226"
"0.9600","0.8440","17.6417"
"0.9800","0.8442","17.6920"
"1.0000","0.8444","17.6720"
"1.0200","0.8447","17.6705"
"1.0400","0.8450","17.7440"
"1.0600","0.8454","17.7893"
"1.0800","0.8458","17.8346"
"1.1000","0.8461","17.7829"
"1.1200","0.8465","17.8683"
"1.1400","0.8468","17.9464"
"1.1600","0.8471","17.9626"
"1.1800","0.8474","17.9377"
"1.2000","0.8478","17.9744"
"1.2200","0.8482","18.0412"
"1.2400","0.8486","18.0209"
"1.2600","0.8489","17.9559"
"1.2800","0.8492","18.0680"
"1.3000","0.8495","18.1366"
"1.3200","0.8498","18.0588"
"1.3400","0.8500","18.1505"
"1.3600","0.8503","18.1532"
"1.3800","0.8507","18.1872"
"1.4000","0.8510","18.1908"
"1.4200","0.8514","18.1591"
"1.4400","0.8517","18.2250"
"1.4600","0.8521","18.2626"
"1.4800","0.8524","18.3095"
"1.5000","0.8527","18.3178"
"1.5200","0.8530","18.2546"
"1.5400","0.8533","18.2233"
"1.5600","0.8537","18.2494"
"1.5800","0.8542","18.3433"
"1.6000","0.8546","18.3812"
"1.6200","0.8550","18.2889"
"1.6400","0.8553","18.2651"
"1.6600","0.8556","18.2813"
"1.6800","0.8558","18.2909"
"1.7000","0.8561","18.3682"
"1.7200","0.8564","18.4035"
"1.7400","0.8567","18.4325"
"1.7600","0.8571","18.3898"
"1.7800","0.8574","18.3454"
"1.8000","0.8578","18.3730"
"1.8200","0.8581","18.3575"
"1.8400","0.8585","18.3696"
"1.8600","0.8588","18.4559"
"1.8800","0.8591","18.5056"
"1.9000","0.8595","18.4967"
"1.9200","0.8599","18.5767"
"1.9400","0.8603","18.6864"
"1.9600","0.8606","18.6513"
"1.9800","0.8609","18.5541"
"2.0000","0.8611","18.4393"
"2.0200","0.8614","18.3929"
"2.0400","0.8617","18.3924"
"2.0600","0.8620","18.3034"
"2.0800","0.8624","18.3061"
"2.1000","0.8627","18.3227"
"2.1200","0.8631","18.2830"
"2.1400","0.8634","18.1751"
"2.1600","0.8637","18.1290"
"2.1800","0.8640","18.1477"
"2.2000","0.8643","18.1884"
"2.2200","0.8646","18.3004"
"2.2400","0.8650","18.2375"
"2.2600","0.8654","18.2625"
"2.2800","0.8659","18.3235"
"2.3000","0.8663","18.3650"
"2.3200","0.8667","18.4129"
"2.3400","0.8669","18.4421"
"2.3600","0.8672","18.3957"
"2.3800","0.8674","18.3623"
"2.4000","0.8677","18.4054"
"2.4200","0.8680","18.4222"
"2.4400","0.8684","18.5064"
"2.4600","0.8688","18.5589"
"2.4800","0.8691","18.4826"
"2.5000","0.8695","18.4696"
"2.5200","0.8698","18.5805"
"2.5400","0.8701","18.5977"
"2.5600","0.8704","18.6479"
"2.5800","0.8708","18.6242"
"2.6000","0.8712","18.5852"
"2.6200","0.8716","18.5805"
"2.6400","0.8720","18.5901"
"2.6600","0.8723","18.6356"
"2.6800","0.8725","18.7485"
"2.7000","0.8728","18.7481"
"2.7200","0.8730","18.6867"
"2.7400","0.8733","18.6400"
"2.7600","0.8737","18.7101"
"2.7800","0.8740","18.8683"
"2.8000","0.8744","18.9004"
"2.8200","0.8748","18.8663"
"2.8400","0.8751","18.9713"
"2.8600","0.8754","18.9839"
"2.8800","0.8756","18.9906"
"2.9000","0.8759","19.0549"
"2.9200","0.8763","18.9688"
"2.9400","0.8767","19.0246"
"2.9600","0.8772","19.0922"
"2.9800","0.8776","19.1767"
"3.0000","0.8780","19.2098"
"3.0200","0.8783","19.2263"
"3.0400","0.8785","19.2062"
"3.0600","0.8788","19.1989"
"3.0800","0.8791","19.1604"
"3.1000","0.8794","19.2593"
"3.1200","0.8797","19.3466"
"3.1400","0.8801","19.3215"
"3.1600","0.8805","19.2491"
"3.1800","0.8808","19.2852"
"3.2000","0.8811","19.3549"
"3.2200","0.8814","19.4320"
"3.2400","0.8818","19.4626"
"3.2600","0.8821","19.5227"
"3.2800","0.8825","19.5529"
"3.3000","0.8829","19.5602"
"3.3200","0.8833","19.6030"
"3.3400","0.8836","19.6416"
"3.3600","0.8839","19.5805"
"3.3800","0.8841","19.5357"
"3.4000","0.8844","19.4536"
"3.4200","0.8847","19.5139"
"3.4400","0.8850","19.5025"
"3.4600","0.8854","19.4919"
"3.4800","0.8858","19.4443"
"3.5000","0.8861","19.5690"
"3.5200","0.8864","19.7021"
"3.5400","0.8867","19.6583"
"3.5600","0.8870","19.6697"
"3.5800","0.8873","19.6455"
"3.6000","0.8876","19.6010"
"3.6200","0.8880","19.5583"
"3.6400","0.8884","19.6293"
"3.6600","0.8889","19.6537"
"3.6800","0.8893","19.6428"
"3.7000","0.8896","19.6471"
"3.7200","0.8899","19.7077"
"3.7400","0.8901","19.6697"
"3.7600","0.8904","19.6434"
"3.7800","0.8907","19.6598"
"3.8000","0.8911","19.6817"
"3.8200","0.8914","19.6823"
"3.8400","0.8918","19.5165"
"3.8600","0.8921","19.3329"
"3.8800","0.8925","19.3213"
"3.9000","0.8928","19.3540"
"3.9200","0.8931","19.2887"
"3.9400","0.8934","19.1857"
"3.9600","0.8938","19.2156"
"3.9800","0.8942","19.1886"
"4.0000","0.8946","19.1793"
"4.0200","0.8950","19.1958"
"4.0400","0.8953","19.2458"
"4.0600","0.8956","19.2637"
"4.0800","0.8958","19.2217"
"4.1000","0.8961","19.2346"
"4.1200","0.8964","19.2410"
"4.1400","0.8967","19.1426"
"4.1600","0.8971","19.1532"
"4.1800","0.8974","19.1283"
"4.2000","0.8978","19.1460"
"4.2200","0.8981","19.1392"
"4.2400","0.8984","19.1806"
"4.2600","0.8986","19.1765"
"4.2800","0.8989","19.1777"
"4.3000","0.8993","19.2013"
"4.3200","0.8997","19.1725"
"4.3400","0.9002","19.2330"
"4.3600","0.9006","19.3030"
"4.3800","0.9010","19.2897"
"4.4000","0.9013","19.2387"
"4.4200","0.9015","19.2702"
"4.4400","0.9018","19.2621"
"4.4600","0.9021","19.2656"
"4.4800","0.9024","19.3233"
"4.5000","0.9027","19.2840"
"4.5200","0.9031","19.3020"
"4.5400","0.9035","19.3963"
"4.5600","0.9038","19.3720"
"4.5800","0.9041","19.3454"
"4.6000","0.9044","19.3768"
"4.6200","0.9048","19.2889"
"4.6400","0.9051","19.3089"
"4.6600","0.9055","19.4031"
"4.6800","0.9059","19.4279"
"4.7000","0.9063","19.4466"
"4.7200","0.9066","19.4663"
"4.7400","0.9069","19.4809"
"4.7600","0.9072","19.4858"
"4.7800","0.9074","19.4528"
"4.8000","0.9077","19.4901"
"4.8200","0.9081","19.4172"
"4.8400","0.9084","19.4264"
"4.8600","0.9088","19.3890"
"4.8800","0.9091","19.4817"
"4.9000","0.9095","19.4586"
"4.9200","0.9097","19.4629"
"4.9400","0.9100","19.4907"
"4.9600","0.9103","19.3919"
"4.9800","0.9106","19.4181"
"5.0000","0.9110","19.4878"
"5.0200","0.9114","19.5168"
"5.0400","0.9119","19.5704"
"5.0600","0.9123","19.5719"
"5.0800","0.9126","19.4715"
"5.1000","0.9129","19.3547"
"5.1200","0.9131","19.3826"
"5.1400","0.9134","19.4343"
"5.1600","0.9137","19.4053"
"5.1800","0.9140","19.4119"
"5.2000","0.9144","19.3972"
"5.2200","0.9148","19.4718"
"5.2400","0.9151","19.4858"
"5.2600","0.9155","19.5035"
"5.2800","0.9158","19.5452"
"5.3000","0.9161","19.5328"
"5.3200","0.9164","19.4903"
"5.3400","0.9168","19.5606"
"5.3600","0.9172","19.5091"
"5.3800","0.9176","19.5021"
"5.4000","0.9180","19.5813"
"5.4200","0.9183","19.5514"
"5.4400","0.9185","19.5369"
"5.4600","0.9188","19.5933"
"5.4800","0.9191","19.5722"
"5.5000","0.9194","19.4959"
"5.5200","0.9197","19.5257"
"5.5400","0.9201","19.5005"
"5.5600","0.9205","19.4483"
"5.5800","0.9208","19.4780"
"5.6000","0.9211","19.5198"
"5.6200","0.9214","19.5020"
"5.6400","0.9216","19.5426"
"5.6600","0.9219","19.4955"
"5.6800","0.9223","19.5315"
"5.7000","0.9227","19.6693"
"5.7200","0.9231","19.6375"
"5.7400","0.9236","19.5034"
"5.7600","0.9239","19.4809"
"5.7800","0.9242","19.5206"
"5.8000","0.9245","19.6466"
"5.8200","0.9247","19.6071"
"5.8400","0.9250","19.4711"
"5.8600","0.9253","19.4103"
"5.8800","0.9257","19.3920"
"5.9000","0.9261","19.3695"
"5.9200","0.9264","19.3973"
"5.9400","0.9268","19.3748"
"5.9600","0.9271","19.2698"
"5.9800","0.9274","19.1888"
"6.0000","0.9277","19.2154"
"6.0200","0.9281","19.2199"
"6.0400","0.9285","19.1683"
"6.0600","0.9289","19.2110"
"6.0800","0.9293","19.2785"
"6.1000","0.9296","19.2894"
"6.1200","0.9299","19.2581"
"6.1400","0.9301","19.1799"
"6.1600","0.9304","19.1309"
"6.1800","0.9307","19.2002"
"6.2000","0.9310","19.2684"
"6.2200","0.9314","19.2808"
"6.2400","0.9318","19.2080"
"6.2600","0.9321","19.0894"
"6.2800","0.9325","19.0063"
"6.3000","0.9327","18.9668"
"6.3200","0.9330","18.8668"
"6.3400","0.9333","18.8424"
"6.3600","0.9336","18.7587"
"6.3800","0.9340","18.7707"
"6.4000","0.9344","18.6547"
"6.4200","0.9349","18.5939"
"6.4400","0.9353","18.5720"
"6.4600","0.9356","18.4397"
"6.4800","0.9358","18.3086"
"6.5000","0.9361","18.2115"
"6.5200","0.9364","18.1716"
"6.5400","0.9367","18.1722"
"6.5600","0.9370","18.0882"
"6.5800","0.9374","18.1755"
"6.6000","0.9378","18.2291"
"6.6200","0.9381","18.1179"
"6.6400","0.9385","17.9515"
"6.6600","0.9388","17.8764"
"6.6800","0.9391","17.9351"
"6.7000","0.9395","17.9350"
"6.7200","0.9398","17.8725"
"6.7400","0.9402","17.9739"
"6.7600","0.9406","17.9282"
"6.7800","0.9410","17.8555"
"6.8000","0.9412","17.8114"
"6.8200","0.9415","17.7332"
"6.8400","0.9417","17.6601"
"6.8600","0.9420","17.6510"
"6.8800","0.9423","17.4664"
"6.9000","0.9427","17.2118"
"6.9200","0.9431","17.0026"
"6.9400","0.9435","17.0130"
"6.9600","0.9438","16.9958"
"6.9800","0.9441","16.9075"
"7.0000","0.9444","16.8392"
"7.0200","0.9447","16.8586"
"7.0400","0.9450","16.8691"
"7.0600","0.9454","16.8376"
"7.0800","0.9458","16.8049"
"7.1000","0.9462","16.7156"
"7.1200","0.9466","16.7823"
"7.1400","0.9470","16.8035"
"7.1600","0.9473","16.7689"
"7.1800","0.9475","16.8754"
"7.2000","0.9478","16.8675"
"7.2200","0.9481","16.8674"
"7.2400","0.9484","16.9208"
"7.2600","0.9487","16.8989"
"7.2800","0.9491","16.8414"
"7.3000","0.9495","16.7838"
"7.3200","0.9498","16.7020"
"7.3400","0.9501","16.7222"
"7.3600","0.9504","16.7685"
"7.3800","0.9508","16.8025"
"7.4000","0.9512","16.8329"
"7.4200","0.9516","16.8293"
"7.4400","0.9520","16.7124"
"7.4600","0.9523","16.5962"
"7.4800","0.9526","16.6814"
"7.5000","0.9529","16.7135"
"7.5200","0.9531","16.6361"
"7.5400","0.9534","16.6775"
"7.5600","0.9537","16.7013"
"7.5800","0.9540","16.5690"
"7.6000","0.9544","16.5871"
"7.6200","0.9548","16.5508"
"7.6400","0.9552","16.5348"
"7.6600","0.9555","16.4804"
"7.6800","0.9558","16.4771"
"7.7000","0.9560","16.5284"
"7.7200","0.9563","16.5740"
"7.7400","0.9567","16.5530"
"7.7600","0.9571","16.5122"
"7.7800","0.9575","16.5218"
"7.8000","0.9579","16.5379"
"7.8200","0.9583","16.5502"
"7.8400","0.9586","16.5082"
"7.8600","0.9589","16.5497"
"7.8800","0.9591","16.6135"
"7.9000","0.9594","16.5612"
"7.9200","0.9597","16.6034"
"7.9400","0.9600","16.6455"
"7.9600","0.9604","16.5819"
"7.9800","0.9608","16.5744"
"8.0000","0.9611","16.6112"
"8.0200","0.9614","16.6095"
"8.0400","0.9617","16.6481"
"8.0600","0.9621","16.6720"
"8.0800","0.9624","16.6699"
"8.1000","0.9628","16.7580"
"8.1200","0.9632","16.7139"
"8.1400","0.9636","16.6900"
"8.1600","0.9640","16.7010"
"8.1800","0.9642","16.7250"
"8.2000","0.9645","16.7064"
"8.2200","0.9647","16.7896"
"8.2400","0.9650","16.7301"
"8.2600","0.9653","16.6249"
"8.2800","0.9657","16.6159"
"8.3000","0.9661","16.6322"
"8.3200","0.9665","16.6985"
"8.3400","0.9668","16.7272"
"8.3600","0.9671","16.7975"
"8.3800","0.9674","16.7242"
"8.4000","0.9677","16.6749"
"8.4200","0.9680","16.7507"
"8.4400","0.9684","16.8665"
"8.4600","0.9688","16.8224"
"8.4800","0.9692","16.7580"
"8.5000","0.9696","16.6997"
"8.5200","0.9700","16.7402"
"8.5400","0.9702","16.7461"
"8.5600","0.9705","16.7759"
"8.5800","0.9708","16.7360"
"8.6000","0.9710","16.7725"
"8.6200","0.9713","16.7498"
"8.6400","0.9717","16.7628"
"8.6600","0.9720","16.7713"
"8.6800","0.9724","16.7285"
"8.7000","0.9727","16.7442"
"8.7200","0.9730","16.7402"
"8.7400","0.9734","16.6956"
"8.7600","0.9737","16.6967"
"8.7800","0.9741","16.7535"
"8.8000","0.9745","16.7287"
"8.8200","0.9749","16.7081"
"8.8400","0.9753","16.7234"
"8.8600","0.9756","16.7231"
"8.8800","0.9759","16.7688"
"8.9000","0.9761","16.7560"
"8.9200","0.9764","16.7047"
"8.9400","0.9767","16.7116"
"8.9600","0.9770","16.6836"
"8.9800","0.9774","16.6896"
"9.0000","0.9778","16.6905"
"9.0200","0.9782","16.7008"
"9.0400","0.9785","16.6177"
"9.0600","0.9787","16.5431"
"9.0800","0.9790","16.6184"
"9.1000","0.9793","16.6616"
"9.1200","0.9797","16.7161"
"9.1400","0.9800","16.7307"
"9.1600","0.9805","16.6791"
"9.1800","0.9809","16.6309"
"9.2000","0.9813","16.5530"
"9.2200","0.9816","16.4908"
"9.2400","0.9819","16.4320"
"9.2600","0.9821","16.4223"
"9.2800","0.9824","16.4812"
"9.3000","0.9827","16.5024"
"9.3200","0.9830","16.4877"
"9.3400","0.9834","16.5327"
"9.3600","0.9837","16.5234"
"9.3800","0.9841","16.3896"
"9.4000","0.9844","16.3535"
"9.4200","0.9847","16.3893"
"9.4400","0.9851","16.3660"
"9.4600","0.9854","16.3863"
"9.4800","0.9858","16.4335"
"9.5000","0.9862","16.4183"
"9.5200","0.9866","16.3722"
"9.5400","0.9870","16.3658"
"9.5600","0.9872","16.2249"
"9.5800","0.9875","16.1687"
"9.6000","0.9877","16.1941"
"9.6200","0.9880","16.1456"
"9.6400","0.9883","16.0344"
"9.6600","0.9887","15.8887"
"9.6800","0.9891","15.8190"
"9.7000","0.9894","15.6655"
"9.7200","0.9898","15.5293"
"9.7400","0.9901","15.5034"
"9.7600","0.9904","15.5820"
"9.7800","0.9907","15.5871"
"9.8000","0.9910","15.5033"
"9.8200","0.9914","15.4645"
"9.8400","0.9918","15.4790"
"9.8600","0.9922","15.4755"
"9.8800","0.9927","15.5108"
"9.9000","0.9930","15.5642"
"9.9200","0.9933","15.5259"
"9.9400","0.9935","15.3962"
"9.9600","0.9937","15.4454"
"9.9800","0.9940","15.4172"
"10.0000","0.9943","15.3810"
"10.0200","0.9947","15.3580"
"10.0400","0.9951","15.2980"
"10.0600","0.9954","15.3645"
"10.0800","0.9958","15.4185"
"10.1000","0.9961","15.3267"
"10.1200","0.9964","15.3546"
"10.1400","0.9968","15.3192"
"10.1600","0.9972","15.3908"
"10.1800","0.9976","15.3962"
"10.2000","0.9980","15.3886"
"10.2200","0.9983","15.4395"
"10.2400","0.9986","15.4883"
"10.2600","0.9989","15.5043"
"10.2800","0.9991","15.4182"
"10.3000","0.9994","15.3444"
"10.3200","0.9997","15.3035"
"10.3400","1.0000","15.4146"
"10.3600","1.0004","15.3862"
"10.3800","1.0008","15.4329"
"10.4000","1.0011","15.3429"
"10.4200","1.0015","15.3522"
"10.4400","1.0017","15.4377"
"10.4600","1.0020","15.4508"
"10.4800","1.0023","15.4591"
"10.5000","1.0027","15.4619"
"10.5200","1.0031","15.5141"
"10.5400","1.0035","15.4185"
"10.5600","1.0040","15.4116"
"10.5800","1.0043","15.4436"
"10.6000","1.0046","15.4028"
"10.6200","1.0049","15.3250"
"10.6400","1.0051","15.3458"
"10.6600","1.0054","15.3287"
"10.6800","1.0057","15.3598"
"10.7000","1.0060","15.3731"
"10.7200","1.0064","15.4342"
"10.7400","1.0067","15.3770"
"10.7600","1.0071","15.3751"
"10.7800","1.0074","15.3874"
"10.8000","1.0077","15.3838"
"10.8200","1.0081","15.4184"
"10.8400","1.0084","15.4348"
"10.8600","1.0088","15.4848"
"10.8800","1.0093","15.4824"
"10.9000","1.0096","15.4355"
"10.9200","1.0100","15.4539"
"10.9400","1.0102","15.3620"
"10.9600","1.0105","15.3949"
"10.9800","1.0107","15.5194"
"11.0000","1.0110","15.4217"
"11.0200","1.0113","15.4081"
"11.0400","1.0117","15.4867"
"11.0600","1.0121","15.5477"
"11.0800","1.0125","15.5543"
"11.1000","1.0128","15.5060"
"11.1200","1.0131","15.4510"
"11.1400","1.0134","15.4262"
"11.1600","1.0137","15.5913"
"11.1800","1.0140","15.6379"
"11.2000","1.0144","15.6735"
"11.2200","1.0148","15.6583"
"11.2400","1.0153","15.6562"
"11.2600","1.0157","15.6678"
"11.2800","1.0160","15.6539"
"11.3000","1.0163","15.6409"
"11.3200","1.0165","15.6848"
"11.3400","1.0168","15.6370"
"11.3600","1.0171","15.6527"
"11.3800","1.0174","15.7142"
"11.4000","1.0177","15.6072"
"11.4200","1.0181","15.5630"
"11.4400","1.0184","15.5445"
"11.4600","1.0188","15.5660"
"11.4800","1.0191","15.6282"
"11.5000","1.0194","15.6956"
"11.5200","1.0197","15.7251"
"11.5400","1.0201","15.7207"
"11.5600","1.0205","15.6659"
"11.5800","1.0209","15.6807"
"11.6000","1.0213","15.6909"
"11.6200","1.0216","15.7544"
"11.6400","1.0218","15.7319"
"11.6600","1.0221","15.7137"
"11.6800","1.0224","15.6708"
"11.7000","1.0227","15.7171"
"11.7200","1.0230","15.7785"
"11.7400","1.0234","15.7834"
"11.7600","1.0238","15.7634"
"11.7800","1.0242","15.7578"
"11.8000","1.0245","15.6818"
"11.8200","1.0248","15.7398"
"11.8400","1.0250","15.7356"
"11.8600","1.0253","15.6121"
"11.8800","1.0257","15.6630"
"11.9000","1.0261","15.7339"
"11.9200","1.0265","15.7489"
"11.9400","1.0270","15.8293"
"11.9600","1.0273","15.8445"
"11.9800","1.0276","15.8270"
"12.0000","1.0279","15.7336"
"12.0200","1.0281","15.7720"
"12.0400","1.0284","15.7747"
"12.0600","1.0287","15.7142"
"12.0800","1.0290","15.6754"
"12.1000","1.0294","15.6400"
"12.1200","1.0298","15.7039"
"12.1400","1.0301","15.7443"
"12.1600","1.0304","15.6656"
"12.1800","1.0307","15.6532"
"12.2000","1.0311","15.6933"
"12.2200","1.0314","15.6959"
"12.2400","1.0318","15.6394"
"12.2600","1.0322","15.6498"
"12.2800","1.0326","15.6743"
"12.3000","1.0329","15.7089"
"12.3200","1.0332","15.6705"
"12.3400","1.0334","15.6765"
"12.3600","1.0337","15.6514"
"12.3800","1.0340","15.6478"
"12.4000","1.0343","15.6148"
"12.4200","1.0347","15.6042"
"12.4400","1.0351","15.6452"
"12.4600","1.0355","15.6380"
"12.4800","1.0358","15.6078"
"12.5000","1.0361","15.5945"
"12.5200","1.0364","15.6806"
"12.5400","1.0367","15.6807"
"12.5600","1.0370","15.6729"
"12.5800","1.0374","15.7556"
"12.6000","1.0378","15.8013"
"12.6200","1.0383","15.7638"
"12.6400","1.0387","15.7384"
"12.6600","1.0390","15.6735"
"12.6800","1.0392","15.5314"
"12.7000","1.0395","15.5721"
"12.7200","1.0397","15.6614"
"12.7400","1.0400","15.7101"
"12.7600","1.0403","15.7303"
"12.7800","1.0407","15.7324"
"12.8000","1.0411","15.7029"
"12.8200","1.0414","15.6851"
"12.8400","1.0418","15.6709"
"12.8600","1.0421","15.7192"
"12.8800","1.0424","15.6396"
"12.9000","1.0428","15.6178"
"12.9200","1.0432","15.5224"
"12.9400","1.0436","15.4347"
"12.9600","1.0440","15.4916"
"12.9800","1.0443","15.5087"
"13.0000","1.0446","15.4340"
"13.0200","1.0448","15.3816"
"13.0400","1.0451","15.0663"
"13.0600","1.0453","14.7104"
"13.0800","1.0456","14.5365"
"13.1000","1.0460","14.3367"
"13.1200","1.0464","14.2175"
"13.1400","1.0468","14.1407"
"13.1600","1.0471","14.1608"
"13.1800","1.0474","14.0739"
"13.2000","1.0477","13.9548"
"13.2200","1.0480","13.9899"
"13.2400","1.0483","14.0713"
"13.2600","1.0487","14.0823"
"13.2800","1.0491","14.0533"
"13.3000","1.0495","14.0906"
"13.3200","1.0500","14.0996"
"13.3400","1.0503","14.0648"
"13.3600","1.0506","14.0389"
"13.3800","1.0509","13.9746"
"13.4000","1.0511","13.9965"
"13.4200","1.0514","13.9955"
"13.4400","1.0517","14.0299"
"13.4600","1.0520","14.0576"
"13.4800","1.0524","13.9952"
"13.5000","1.0528","13.9571"
"13.5200","1.0531","14.0082"
"13.5400","1.0534","14.0004"
"13.5600","1.0537","14.0956"
"13.5800","1.0541","14.1457"
"13.6000","1.0545","14.0988"
"13.6200","1.0549","14.0033"
"13.6400","1.0552","14.0578"
"13.6600","1.0556","14.1252"
"13.6800","1.0559","14.1298"
"13.7000","1.0562","14.0728"
"13.7200","1.0564","14.1128"
"13.7400","1.0567","14.1249"
"13.7600","1.0570","14.1294"
"13.7800","1.0573","14.2459"
"13.8000","1.0577","14.2021"
"13.8200","1.0580","14.1078"
"13.8400","1.0584","14.0893"
"13.8600","1.0587","14.1586"
"13.8800","1.0591","14.0911"
"13.9000","1.0593","14.0793"
"13.9200","1.0596","14.0399"
"13.9400","1.0600","14.0373"
"13.9600","1.0604","14.1025"
"13.9800","1.0608","14.2510"
"14.0000","1.0613","14.2101"
"14.0200","1.0617","14.2310"
"14.0400","1.0620","14.2202"
"14.0600","1.0622","14.2270"
"14.0800","1.0624","14.3073"
"14.1000","1.0627","14.2972"
"14.1200","1.0630","14.3238"
"14.1400","1.0634","14.2848"
"14.1600","1.0637","14.2985"
"14.1800","1.0641","14.3829"
"14.2000","1.0645","14.3270"
"14.2200","1.0648","14.3063"
"14.2400","1.0651","14.2945"
"14.2600","1.0655","14.2979"
"14.2800","1.0658","14.3867"
"14.3000","1.0662","14.4041"
"14.3200","1.0666","14.3771"
"14.3400","1.0670","14.3400"
"14.3600","1.0673","14.2824"
"14.3800","1.0676","14.3062"
"14.4000","1.0678","14.3449"
"14.4200","1.0681","14.3060"
"14.4400","1.0684","14.3288"
"14.4600","1.0687","14.3655"
"14.4800","1.0690","14.3781"
"14.5000","1.0694","14.3776"
"14.5200","1.0698","14.3584"
"14.5400","1.0701","14.3718"
"14.5600","1.0704","14.3641"
"14.5800","1.0707","14.2975"
"14.6000","1.0710","14.3361"
"14.6200","1.0713","14.3642"
"14.6400","1.0717","14.4099"
"14.6600","1.0722","14.3573"
"14.6800","1.0726","14.3031"
"14.7000","1.0730","14.3611"
"14.7200","1.0733","14.4703"
"14.7400","1.0736","14.5219"
"14.7600","1.0738","14.5556"
"14.7800","1.0741","14.4813"
"14.8000","1.0744","14.4147"
"14.8200","1.0747","14.4748"
"14.8400","1.0750","14.5014"
"14.8600","1.0754","14.5170"
"14.8800","1.0758","14.6296"
"14.9000","1.0762","14.6116"
"14.9200","1.0765","14.5272"
"14.9400","1.0768","14.5304"
"14.9600","1.0772","14.4602"
"14.9800","1.0775","14.4785"
"15.0000","1.0779","14.5184"
"15.0200","1.0783","14.5500"
"15.0400","1.0786","14.6079"
"15.0600","1.0789","14.6370"
"15.0800","1.0792","14.5745"
"15.1000","1.0794","14.5463"
"15.1200","1.0797","14.6568"
"15.1400","1.0800","14.7055"
"15.1600","1.0803","14.6419"
"15.1800","1.0807","14.5901"
"15.2000","1.0811","14.6329"
"15.2200","1.0814","14.6699"
"15.2400","1.0818","14.6575"
"15.2600","1.0820","14.5887"
"15.2800","1.0823","14.6347"
"15.3000","1.0826","14.7219"
"15.3200","1.0830","14.7213"
"15.3400","1.0834","14.7260"
"15.3600","1.0839","14.7175"
"15.3800","1.0843","14.7175"
"15.4000","1.0847","14.7327"
"15.4200","1.0850","14.6250"
"15.4400","1.0852","14.6454"
"15.4600","1.0854","14.6301"
"15.4800","1.0857","14.6555"
"15.5000","1.0860","14.7078"
"15.5200","1.0863","14.7306"
"15.5400","1.0867","14.7655"
"15.5600","1.0871","14.7781"
"15.5800","1.0875","14.7947"
"15.6000","1.0878","14.7530"
"15.6200","1.0881","14.8146"
"15.6400","1.0885","14.8548"
"15.6600","1.0888","14.8625"
"15.6800","1.0892","14.8616"
"15.7000","1.0896","14.8721"
"15.7200","1.0899","14.7647"
"15.7400","1.0903","14.7902"
"15.7600","1.0905","14.8655"
"15.7800","1.0908","14.9255"
"15.8000","1.0911","14.9480"
"15.8200","1.0913","14.9027"
"15.8400","1.0917","14.8731"
"15.8600","1.0920","14.8825"
"15.8800","1.0924","14.9143"
"15.9000","1.0927","14.8428"
"15.9200","1.0931","14.8372"
"15.9400","1.0934","14.9370"
"15.9600","1.0936","14.9430"
"15.9800","1.0939","14.9955"
"16.0000","1.0943","14.9935"
"16.0200","1.0947","14.9836"
"16.0400","1.0951","15.0802"
"16.0600","1.0956","15.1003"
"16.0800","1.0960","15.0417"
"16.1000","1.0963","14.9879"
"16.1200","1.0966","14.9881"
"16.1400","1.0968","15.0813"
"16.1600","1.0971","15.0687"
"16.1800","1.0973","14.9359"
"16.2000","1.0977","14.9956"
"16.2200","1.0980","15.0639"
"16.2400","1.0984","15.1005"
"16.2600","1.0988","15.1364"
"16.2800","1.0991","15.1099"
"16.3000","1.0995","15.0770"
"16.3200","1.0998","15.1657"
"16.3400","1.1001","15.2041"
"16.3600","1.1005","15.2137"
"16.3800","1.1009","15.1995"
"16.4000","1.1012","15.2521"
"16.4200","1.1016","15.1594"
"16.4400","1.1019","15.1124"
"16.4600","1.1022","15.1119"
"16.4800","1.1024","15.2017"
"16.5000","1.1027","15.1580"
"16.5200","1.1030","15.2013"
"16.5400","1.1034","15.2335"
"16.5600","1.1037","15.1555"
"16.5800","1.1041","15.1901"
"16.6000","1.1044","15.1376"
"16.6200","1.1047","15.1089"
"16.6400","1.1050","15.1341"
"16.6600","1.1053","15.1041"
"16.6800","1.1056","15.1116"
"16.7000","1.1060","15.1841"
"16.7200","1.1064","15.2499"
"16.7400","1.1068","15.2695"
"16.7600","1.1073","15.2716"
"16.7800","1.1077","15.2810"
"16.8000","1.1079","15.2701"
"16.8200","1.1082","15.2752"
"16.8400","1.1084","15.2216"
"16.8600","1.1087","15.1696"
"16.8800","1.1090","15.2485"
"16.9000","1.1094","15.2575"
"16.9200","1.1097","15.2367"
"16.9400","1.1101","15.3399"
"16.9600","1.1104","15.4335"
"16.9800","1.1108","15.4223"
"17.0000","1.1111","15.4041"
"17.0200","1.1114","15.3919"
"17.0400","1.1118","15.4156"
"17.0600","1.1122","15.2869"
"17.0800","1.1126","15.2459"
"17.1000","1.1129","15.2542"
"17.1200","1.1133","15.3066"
"17.1400","1.1135","15.4235"
"17.1600","1.1138","15.3902"
"17.1800","1.1141","15.4266"
"17.2000","1.1143","15.4625"
"17.2200","1.1147","15.4419"
"17.2400","1.1150","15.4863"
"17.2600","1.1154","15.4524"
"17.2800","1.1158","15.4777"
"17.3000","1.1161","15.4460"
"17.3200","1.1164","15.4244"
"17.3400","1.1167","15.3210"
"17.3600","1.1170","15.3903"
"17.3800","1.1173","15.4499"
"17.4000","1.1177","15.4312"
"17.4200","1.1181","15.5237"
"17.4400","1.1186","15.5420"
"17.4600","1.1190","15.5408"
"17.4800","1.1193","15.5071"
"17.5000","1.1196","15.5735"
"17.5200","1.1198","15.6526"
"17.5400","1.1201","15.6816"
"17.5600","1.1204","15.6334"
"17.5800","1.1207","15.5432"
"17.6000","1.1211","15.5631"
"17.6200","1.1215","15.6305"
"17.6400","1.1218","15.7442"
"17.6600","1.1221","15.7923"
"17.6800","1.1224","15.6577"
"17.7000","1.1228","15.5784"
"17.7200","1.1231","15.6149"
"17.7400","1.1235","15.6962"
"17.7600","1.1239","15.7749"
"17.7800","1.1243","15.6394"
"17.8000","1.1246","15.6283"
"17.8200","1.1249","15.7071"
"17.8400","1.1252","15.7880"
"17.8600","1.1254","15.7479"
"17.8800","1.1257","15.7234"
"17.9000","1.1260","15.7729"
"17.9200","1.1264","15.8063"
"17.9400","1.1267","15.8135"
"17.9600","1.1271","15.7906"
"17.9800","1.1274","15.8185"
"18.0000","1.1277","15.7708"
"18.0200","1.1280","15.7803"
"18.0400","1.1283","15.7676"
"18.0600","1.1286","15.7592"
"18.0800","1.1290","15.7629"
"18.1000","1.1294","15.8048"
"18.1200","1.1299","15.7368"
"18.1400","1.1303","15.7640"
"18.1600","1.1306","15.8597"
"18.1800","1.1309","15.8690"
"18.2000","1.1312","15.9103"
"18.2200","1.1314","15.9805"
"18.2400","1.1317","15.9913"
"18.2600","1.1321","15.9050"
"18.2800","1.1324","15.8097"
"18.3000","1.1328","15.8736"
"18.3200","1.1331","15.9084"
"18.3400","1.1335","15.9586"
"18.3600","1.1338","16.0175"
"18.3800","1.1341","15.9949"
"18.4000","1.1344","16.0166"
"18.4200","1.1348","16.0367"
"18.4400","1.1352","15.9665"
"18.4600","1.1356","16.0060"
"18.4800","1.1360","15.9872"
"18.5000","1.1363","15.9643"
"18.5200","1.1366","16.0230"
"18.5400","1.1368","16.0839"
"18.5600","1.1371","16.0910"
"18.5800","1.1374","16.0655"
"18.6000","1.1377","16.0932"
"18.6200","1.1381","16.0705"
"18.6400","1.1384","16.0990"
"18.6600","1.1388","16.1609"
"18.6800","1.1391","16.1431"
"18.7000","1.1394","16.1601"
"18.7200","1.1397","16.1462"
"18.7400","1.1399","16.0947"
"18.7600","1.1403","16.0438"
"18.7800","1.1407","16.1320"
"18.8000","1.1411","16.1950"
"18.8200","1.1416","16.1635"
"18.8400","1.1420","16.2139"
"18.8600","1.1423","16.2455"
"18.8800","1.1425","16.2150"
"18.9000","1.1428","16.1495"
"18.9200","1.1431","16.1700"
"18.9400","1.1434","16.2099"
"18.9600","1.1437","16.2027"
"18.9800","1.1441","16.2764"
"19.0000","1.1445","16.2639"
"19.0200","1.1448","16.2053"
"19.0400","1.1451","16.2440"
"19.0600","1.1454","16.3151"
"19.0800","1.1457","16.2884"
"19.1000","1.1461","16.2809"
"19.1200","1.1465","16.3654"
"19.1400","1.1469","16.4649"
"19.1600","1.1473","16.4638"
"19.1800","1.1476","16.3772"
"19.2000","1.1479","16.3668"
"19.2200","1.1482","16.2548"
"19.2400","1.1484","16.2678"
"19.2600","1.1487","16.3425"
"19.2800","1.1491","16.4260"
"19.3000","1.1494","16.3983"
"19.3200","1.1498","16.3932"
"19.3400","1.1501","16.2620"
"19.3600","1.1505","16.3599"
"19.3800","1.1507","16.5237"
"19.4000","1.1510","16.5822"
"19.4200","1.1513","16.5005"
"19.4400","1.1516","16.4296"
"19.4600","1.1520","16.4553"
"19.4800","1.1524","16.5082"
"19.5000","1.1528","16.5845"
"19.5200","1.1533","16.5424"
"19.5400","1.1536","16.5462"
"19.5600","1.1539","16.5323"
"19.5800","1.1541","16.5621"
"19.6000","1.1544","16.5341"
"19.6200","1.1547","16.5763"
"19.6400","1.1550","16.5587"
"19.6600","1.1554","16.5814"
"19.6800","1.1558","16.5918"
"19.7000","1.1561","16.5596"
"19.7200","1.1565","16.5462"
"19.7400","1.1568","16.5602"
"19.7600","1.1571","16.5963"
"19.7800","1.1574","16.6137"
"19.8000","1.1578","16.6276"
"19.8200","1.1582","16.5958"
"19.8400","1.1586","16.6283"
"19.8600","1.1590","16.6699"
"19.8800","1.1593","16.6895"
"19.9000","1.1595","16.6672"
"19.9200","1.1598","16.6222"
"19.9400","1.1601","16.6217"
"19.9600","1.1604","16.6846"
"19.9800","1.1607","16.7165"
"20.0000","1.1611","16.7314"
"20.0200","1.1615","16.7655"
"20.0400","1.1618","16.7304"
"20.0600","1.1621","16.7907"
"20.0800","1.1624","16.8200"
"20.1000","1.1627","16.8078"
"20.1200","1.1630","16.7928"
"20.1400","1.1633","16.7716"
"20.1600","1.1637","16.7694"
"20.1800","1.1641","16.8384"
"20.2000","1.1646","16.8440"
"20.2200","1.1649","16.8621"
"20.2400","1.1652","16.8456"
"20.2600","1.1655","16.7967"
"20.2800","1.1657","16.8297"
"20.3000","1.1660","16.8707"
"20.3200","1.1663","16.9244"
"20.3400","1.1667","16.9019"
"20.3600","1.1671","16.8942"
"20.3800","1.1674","16.8724"
"20.4000","1.1678","16.9181"
"20.4200","1.1681","16.9457"
"20.4400","1.1684","16.9394"
"20.4600","1.1687","16.9276"
"20.4800","1.1691","16.9563"
"20.5000","1.1695","16.8760"
"20.5200","1.1699","16.8565"
"20.5400","1.1703","16.9347"
"20.5600","1.1706","16.9558"
"20.5800","1.1709","16.9709"
"20.6000","1.1712","17.0139"
"20.6200","1.1714","16.9639"
"20.6400","1.1717","16.9298"
"20.6600","1.1720","16.9492"
"20.6800","1.1724","16.9372"
"20.7000","1.1728","16.9001"
"20.7200","1.1732","16.9419"
"20.7400","1.1735","16.9705"
"20.7600","1.1738","16.9687"
"20.7800","1.1740","16.9171"
"20.8000","1.1743","16.8981"
"20.8200","1.1746","16.9204"
"20.8400","1.1750","17.0194"
"20.8600","1.1754","17.0262"
"20.8800","1.1759","17.0972"
"20.9000","1.1763","17.0714"
"20.9200","1.1766","17.0803"
"20.9400","1.1769","16.9980"
"20.9600","1.1771","16.9801"
"20.9800","1.1774","17.0366"
"21.0000","1.1777","17.0867"
"21.0200","1.1780","17.1259"
"21.0400","1.1784","17.1213"
"21.0600","1.1787","17.1342"
"21.0800","1.1791","17.1530"
"21.1000","1.1794","17.1230"
"21.1200","1.1798","17.1208"
"21.1400","1.1801","17.1336"
"21.1600","1.1804","17.2040"
"21.1800","1.1808","17.2913"
"21.2000","1.1812","17.2419"
"21.2200","1.1816","17.2611"
"21.2400","1.1820","17.2391"
"21.2600","1.1823","17.1930"
"21.2800","1.1825","17.2420"
"21.3000","1.1828","17.3325"
"21.3200","1.1830","17.3353"
"21.3400","1.1834","17.2084"
"21.3600","1.1837","17.2320"
"21.3800","1.1841","17.1961"
"21.4000","1.1845","17.1906"
"21.4200","1.1849","17.3160"
"21.4400","1.1852","17.3860"
"21.4600","1.1855","17.3351"
"21.4800","1.1857","17.3400"
"21.5000","1.1860","17.2758"
"21.5200","1.1864","17.2562"
"21.5400","1.1868","17.3750"
"21.5600","1.1873","17.4285"
"21.5800","1.1877","17.3699"
"21.6000","1.1880","17.3274"
"21.6200","1.1883","17.3950"
"21.6400","1.1886","17.4426"
"21.6600","1.1888","17.4984"
"21.6800","1.1891","17.4611"
"21.7000","1.1894","17.3973"
"21.7200","1.1898","17.4149"
"21.7400","1.1901","17.4960"
"21.7600","1.1905","17.4893"
"21.7800","1.1908","17.4636"
"21.8000","1.1911","17.5591"
"21.8200","1.1914","17.5204"
"21.8400","1.1917","17.5263"
"21.8600","1.1921","17.6080"
"21.8800","1.1925","17.6246"
"21.9000","1.1929","17.5815"
"21.9200","1.1933","17.6160"
"21.9400","1.1936","17.5821"
"21.9600","1.1938","17.5750"
"21.9800","1.1941","17.6081"
"22.0000","1.1943","17.5488"
"22.0200","1.1946","17.5447"
"22.0400","1.1949","17.5763"
"22.0600","1.1953","17.5910"
"22.0800","1.1957","17.6233"
"22.1000","1.1961","17.5752"
"22.1200","1.1964","17.5520"
"22.1400","1.1967","17.5741"
"22.1600","1.1970","17.6281"
"22.1800","1.1973","17.6670"
"22.2000","1.1976","17.6934"
"22.2200","1.1980","17.6787"
"22.2400","1.1984","17.6679"
"22.2600","1.1988","17.6800"
"22.2800","1.1992","17.6870"
"22.3000","1.1996","17.6684"
"22.3200","1.1999","17.6899"
"22.3400","1.2001","17.6871"
"22.3600","1.2004","17.7334"
"22.3800","1.2007","17.8066"
"22.4000","1.2010","17.7981"
"22.4200","1.2014","17.8194"
"22.4400","1.2018","17.7791"
"22.4600","1.2021","17.8177"
"22.4800","1.2025","17.8433"
"22.5000","1.2028","17.8585"
"22.5200","1.2031","17.8752"
"22.5400","1.2035","17.8349"
"22.5600","1.2039","17.8882"
"22.5800","1.2043","17.9044"
"22.6000","1.2047","17.8866"
"22.6200","1.2050","17.8315"
"22.6400","1.2053","17.8098"
"22.6600","1.2055","17.8960"
"22.6800","1.2058","17.8740"
"22.7000","1.2061","17.9092"
"22.7200","1.2064","17.8768"
"22.7400","1.2067","17.9162"
"22.7600","1.2071","17.9470"
"22.7800","1.2075","17.9735"
"22.8000","1.2078","18.0041"
"22.8200","1.2081","17.9636"
"22.8400","1.2084","17.9059"
"22.8600","1.2087","17.9483"
"22.8800","1.2090","18.0019"
"22.9000","1.2093","17.9892"
"22.9200","1.2098","17.9818"
"22.9400","1.2102","18.0461"
"22.9600","1.2106","18.0362"
"22.9800","1.2110","17.9537"
"23.0000","1.2113","18.0437"
"23.0200","1.2115","18.0194"
"23.0400","1.2118","18.0105"
"23.0600","1.2120","18.0637"
"23.0800","1.2123","18.0184"
"23.1000","1.2127","18.0706"
"23.1200","1.2130","18.0586"
"23.1400","1.2134","18.1232"
"23.1600","1.2137","18.1959"
"23.1800","1.2140","18.2245"
"23.2000","1.2144","18.1806"
"23.2200","1.2147","18.2232"
"23.2400","1.2151","18.1882"
"23.2600","1.2155","18.0857"
"23.2800","1.2159","18.0828"
"23.3000","1.2163","18.1524"
"23.3200","1.2166","18.2639"
"23.3400","1.2169","18.2182"
"23.3600","1.2172","18.2060"
"23.3800","1.2174","18.1752"
"23.4000","1.2177","18.1760"
"23.4200","1.2180","18.2382"
"23.4400","1.2184","18.2432"
"23.4600","1.2188","18.2101"
"23.4800","1.2192","18.2138"
"23.5000","1.2195","18.2150"
"23.5200","1.2198","18.2578"
"23.5400","1.2201","18.2840"
"23.5600","1.2204","18.3130"
"23.5800","1.2207","18.3255"
"23.6000","1.2211","18.3154"
"23.6200","1.2216","18.2672"
"23.6400","1.2220","18.1787"
"23.6600","1.2224","18.2595"
"23.6800","1.2227","18.3654"
"23.7000","1.2230","18.4497"
"23.7200","1.2232","18.4248"
"23.7400","1.2235","18.4048"
"23.7600","1.2237","18.4471"
"23.7800","1.2240","18.4555"
"23.8000","1.2244","18.4175"
"23.8200","1.2248","18.4902"
"23.8400","1.2251","18.4312"
"23.8600","1.2254","18.4039"
"23.8800","1.2258","18.3577"
"23.9000","1.2261","18.4045"
"23.9200","1.2264","18.5302"
"23.9400","1.2268","18.5138"
"23.9600","1.2272","18.4757"
"23.9800","1.2276","18.5484"
"24.0000","1.2279","18.5731"
"24.0200","1.2282","18.4726"
"24.0400","1.2284","18.4786"
"24.0600","1.2287","18.5351"
"24.0800","1.2289","18.5221"
"24.1000","1.2292","18.5405"
"24.1200","1.2296","18.5678"
"24.1400","1.2299","18.5663"
"24.1600","1.2303","18.6499"
"24.1800","1.2306","18.6106"
"24.2000","1.2310","18.5953"
"24.2200","1.2313","18.5949"
"24.2400","1.2316","18.5892"
"24.2600","1.2319","18.5902"
"24.2800","1.2322","18.6236"
"24.3000","1.2326","18.6620"
"24.3200","1.2331","18.7117"
"24.3400","1.2335","18.6733"
"24.3600","1.2339","18.6673"
"24.3800","1.2342","18.7296"
"24.4000","1.2345","18.7401"
"24.4200","1.2348","18.7497"
"24.4400","1.2350","18.7081"
"24.4600","1.2353","18.7176"
"24.4800","1.2357","18.6941"
"24.5000","1.2361","18.6351"
"24.5200","1.2365","18.6982"
"24.5400","1.2368","18.7259"
"24.5600","1.2371","18.7730"
"24.5800","1.2375","18.7356"
"24.6000","1.2378","18.7962"
"24.6200","1.2382","18.7859"
"24.6400","1.2386","18.8011"
"24.6600","1.2390","18.7707"
"24.6800","1.2394","18.7700"
"24.7000","1.2396","18.8521"
"24.7200","1.2399","18.8553"
"24.7400","1.2401","18.8895"
"24.7600","1.2404","18.8528"
"24.7800","1.2407","18.8096"
"24.8000","1.2410","18.7691"
"24.8200","1.2414","18.7456"
"24.8400","1.2418","18.8419"
"24.8600","1.2421","18.8713"
"24.8800","1.2425","18.8806"
"24.9000","1.2428","18.7995"
"24.9200","1.2430","18.8051"
"24.9400","1.2433","18.8626"
"24.9600","1.2437","18.8799"
"24.9800","1.2440","18.9520"
"25.0000","1.2445","18.9482"
"25.0200","1.2449","18.9951"
"25.0400","1.2453","19.0006"
"25.0600","1.2457","19.0518"
"25.0800","1.2459","19.0412"
"25.1000","1.2461","19.0587"
"25.1200","1.2464","19.0002"
"25.1400","1.2467","19.0146"
"25.1600","1.2470","18.9997"
"25.1800","1.2474","18.9268"
"25.2000","1.2478","18.9801"
"25.2200","1.2481","19.0328"
"25.2400","1.2484","19.1310"
"25.2600","1.2488","19.1142"
"25.2800","1.2491","19.0826"
"25.3000","1.2494","19.0817"
"25.3200","1.2498","19.0487"
"25.3400","1.2502","19.0410"
"25.3600","1.2506","19.0872"
"25.3800","1.2510","19.1593"
"25.4000","1.2513","19.2260"
"25.4200","1.2515","19.1819"
"25.4400","1.2518","19.1027"
"25.4600","1.2520","19.1202"
"25.4800","1.2523","19.1311"
"25.5000","1.2527","19.1854"
"25.5200","1.2531","19.1863"
"25.5400","1.2535","19.1666"
"25.5600","1.2538","19.1635"
"25.5800","1.2541","19.1728"
"25.6000","1.2544","19.2197"
"25.6200","1.2547","19.2821"
"25.6400","1.2550","19.2830"
"25.6600","1.2553","19.2318"
"25.6800","1.2558","19.2243"
"25.7000","1.2562","19.3207"
"25.7200","1.2567","19.3295"
"25.7400","1.2570","19.3565"
"25.7600","1.2573","19.3811"
"25.7800","1.2575","19.3327"
"25.8000","1.2578","19.2929"
"25.8200","1.2581","19.3123"
"25.8400","1.2584","19.3744"
"25.8600","1.2587","19.3852"
"25.8800","1.2591","19.3260"
"25.9000","1.2594","19.3344"
"25.9200","1.2598","19.3568"
"25.9400","1.2601","19.4099"
"25.9600","1.2604","19.3625"
"25.9800","1.2608","19.3038"
"26.0000","1.2611","19.3600"
"26.0200","1.2615","19.4608"
"26.0400","1.2619","19.5765"
"26.0600","1.2623","19.4630"
"26.0800","1.2626","19.3643"
"26.1000","1.2629","19.4035"
"26.1200","1.2631","19.3726"
"26.1400","1.2634","19.2957"
"26.1600","1.2637","19.2919"
"26.1800","1.2640","19.3202"
"26.2000","1.2644","19.3132"
"26.2200","1.2648","19.3755"
"26.2400","1.2652","19.4935"
"26.2600","1.2655","19.4867"
"26.2800","1.2658","19.4895"
"26.3000","1.2660","19.4956"
"26.3200","1.2663","19.5185"
"26.3400","1.2667","19.5809"
"26.3600","1.2670","19.5392"
"26.3800","1.2675","19.5750"
"26.4000","1.2679","19.4895"
"26.4200","1.2683","19.4782"
"26.4400","1.2686","19.4833"
"26.4600","1.2689","19.5256"
"26.4800","1.2691","19.5310"
"26.5000","1.2694","19.5488"
"26.5200","1.2697","19.5491"
"26.5400","1.2700","19.5768"
"26.5600","1.2704","19.5561"
"26.5800","1.2708","19.5930"
"26.6000","1.2711","19.6732"
"26.6200","1.2714","19.6834"
"26.6400","1.2717","19.6030"
"26.6600","1.2721","19.5621"
"26.6800","1.2724","19.5933"
"26.7000","1.2728","19.5951"
"26.7200","1.2732","19.5971"
"26.7400","1.2736","19.6481"
"26.7600","1.2739","19.6808"
"26.7800","1.2742","19.5971"
"26.8000","1.2745","19.5907"
"26.8200","1.2747","19.6540"
"26.8400","1.2750","19.6888"
"26.8600","1.2753","19.6390"
"26.8800","1.2757","19.6761"
"26.9000","1.2761","19.6976"
"26.9200","1.2764","19.7769"
"26.9400","1.2768","19.8096"
"26.9600","1.2771","19.8414"
"26.9800","1.2774","19.7560"
"27.0000","1.2777","19.7381"
"27.0200","1.2780","19.7406"
"27.0400","1.2784","19.8150"
"27.0600","1.2788","19.7349"
"27.0800","1.2792","19.7153"
"27.1000","1.2796","19.8380"
"27.1200","1.2800","19.9016"
"27.1400","1.2803","19.8460"
"27.1600","1.2805","19.7766"
"27.1800","1.2808","19.8450"
"27.2000","1.2810","19.8383"
"27.2200","1.2813","19.8588"
"27.2400","1.2817","19.8738"
"27.2600","1.2821","19.7781"
"27.2800","1.2824","19.7971"
"27.3000","1.2828","19.7035"
"27.3200","1.2831","19.7913"
"27.3400","1.2834","19.8326"
"27.3600","1.2838","19.8309"
"27.3800","1.2842","19.8383"
"27.4000","1.2845","19.8402"
"27.4200","1.2849","19.8861"
"27.4400","1.2853","19.8938"
"27.4600","1.2856","19.8943"
"27.4800","1.2858","19.8857"
"27.5000","1.2861","19.8546"
"27.5200","1.2863","19.8607"
"27.5400","1.2866","19.8900"
"27.5600","1.2870","19.9389"
"27.5800","1.2873","20.0415"
"27.6000","1.2877","20.0614"
"27.6200","1.2881","20.0797"
"27.6400","1.2884","20.0810"
"27.6600","1.2887","20.1330"
"27.6800","1.2890","20.0930"
"27.7000","1.2893","20.0490"
"27.7200","1.2897","20.0469"
"27.7400","1.2901","20.0691"
"27.7600","1.2905","20.0546"
"27.7800","1.2910","20.0953"
"27.8000","1.2913","20.1140"
"27.8200","1.2916","20.1311"
"27.8400","1.2919","20.1695"
"27.8600","1.2921","20.1730"
"27.8800","1.2924","20.0751"
"27.9000","1.2927","20.0984"
"27.9200","1.2930","20.1352"
"27.9400","1.2934","20.1445"
"27.9600","1.2938","20.1651"
"27.9800","1.2941","20.1214"
"28.0000","1.2944","20.1356"
"28.0200","1.2948","20.1292"
"28.0400","1.2951","20.1421"
"28.0600","1.2955","20.1498"
"28.0800","1.2958","20.1147"
"28.1000","1.2962","20.1067"
"28.1200","1.2966","20.1675"
"28.1400","1.2969","20.1457"
"28.1600","1.2972","20.1327"
"28.1800","1.2974","20.2390"
"28.2000","1.2977","20.2491"
"28.2200","1.2980","20.2512"
"28.2400","1.2983","20.2207"
"28.2600","1.2987","20.2619"
"28.2800","1.2990","20.2478"
"28.3000","1.2994","20.2457"
"28.3200","1.2998","20.2278"
"28.3400","1.3001","20.2849"
"28.3600","1.3004","20.2321"
"28.3800","1.3007","20.2710"
"28.4000","1.3010","20.3220"
"28.4200","1.3014","20.4082"
"28.4400","1.3018","20.3463"
"28.4600","1.3023","20.3712"
"28.4800","1.3027","20.3924"
"28.5000","1.3030","20.3976"
"28.5200","1.3032","20.4017"
"28.5400","1.3035","20.3296"
"28.5600","1.3037","20.3566"
"28.5800","1.3040","20.4382"
"28.6000","1.3044","20.4303"
"28.6200","1.3047","20.4042"
"28.6400","1.3051","20.3720"
"28.6600","1.3055","20.3597"
"28.6800","1.3058","20.4233"
"28.7000","1.3061","20.5189"
"28.7200","1.3065","20.5525"
"28.7400","1.3068","20.5829"
"28.7600","1.3072","20.5098"
"28.7800","1.3076","20.4479"
"28.8000","1.3080","20.5098"
"28.8200","1.3083","20.5523"
"28.8400","1.3086","20.5881"
"28.8600","1.3088","20.5988"
"28.8800","1.3091","20.5314"
"28.9000","1.3094","20.5696"
"28.9200","1.3097","20.6491"
"28.9400","1.3100","20.6308"
"28.9600","1.3104","20.6324"
"28.9800","1.3108","20.6804"
"29.0000","1.3111","20.5789"
"29.0200","1.3114","20.5530"
"29.0400","1.3117","20.5851"
"29.0600","1.3120","20.5482"
"29.0800","1.3123","20.6298"
"29.1000","1.3127","20.7015"
"29.1200","1.3131","20.6888"
"29.1400","1.3136","20.7062"
"29.1600","1.3140","20.8263"
"29.1800","1.3143","20.7753"
"29.2000","1.3146","20.7297"
"29.2200","1.3148","20.6838"
"29.2400","1.3151","20.6083"
"29.2600","1.3154","20.7236"
"29.2800","1.3157","20.7497"
"29.3000","1.3160","20.7939"
"29.3200","1.3164","20.8296"
"29.3400","1.3168","20.7655"
"29.3600","1.3172","20.7361"
"29.3800","1.3175","20.7451"
"29.4000","1.3178","20.7609"
"29.4200","1.3182","20.8138"
"29.4400","1.3185","20.9550"
"29.4600","1.3189","20.9534"
"29.4800","1.3193","20.8528"
"29.5000","1.3196","20.8098"
"29.5200","1.3199","20.8586"
"29.5400","1.3202","20.9410"
"29.5600","1.3204","20.9879"
"29.5800","1.3207","20.9114"
"29.6000","1.3210","20.8670"
"29.6200","1.3213","20.8465"
"29.6400","1.3217","20.9208"
"29.6600","1.3221","20.8939"
"29.6800","1.3224","20.8742"
"29.7000","1.3228","20.9382"
"29.7200","1.3230","20.9626"
"29.7400","1.3233","20.9304"
"29.7600","1.3236","20.9429"
"29.7800","1.3240","20.9458"
"29.8000","1.3244","20.9632"
"29.8200","1.3248","21.0233"
"29.8400","1.3253","20.9974"
"29.8600","1.3257","21.0317"
"29.8800","1.3260","21.0959"
"29.9000","1.3262","20.9794"
"29.9200","1.3265","20.9632"
"29.9400","1.3267","21.0273"
"29.9600","1.3270","21.0310"
"29.9800","1.3273","21.0342"
"30.0000","1.3277","21.0172"
"30.0200","1.3281","21.0233"
"30.0400","1.3285","21.0634"
"30.0600","1.3289","21.1053"
"30.0800","1.3292","21.0727"
"30.1000","1.3295","21.1253"
"30.1200","1.3298","21.1670"
"30.1400","1.3302","21.1640"
"30.1600","1.3306","21.2095"
"30.1800","1.3309","21.1896"
"30.2000","1.3313","21.0984"
"30.2200","1.3315","21.1361"
"30.2400","1.3318","21.1476"
"30.2600","1.3321","21.2300"
"30.2800","1.3323","21.2447"
"30.3000","1.3327","21.1672"
"30.3200","1.3330","21.1855"
"30.3400","1.3334","21.2997"
"30.3600","1.3337","21.3235"
"30.3800","1.3341","21.3191"
"30.4000","1.3344","21.2903"
"30.4200","1.3347","21.2287"
"30.4400","1.3349","21.2908"
"30.4600","1.3353","21.3006"
"30.4800","1.3357","21.3551"
"30.5000","1.3361","21.3806"
"30.5200","1.3366","21.4195"
"30.5400","1.3370","21.4171"
"30.5600","1.3373","21.3281"
"30.5800","1.3376","21.2114"
"30.6000","1.3379","21.2575"
"30.6200","1.3381","21.3139"
"30.6400","1.3384","21.3138"
"30.6600","1.3387","21.3121"
"30.6800","1.3390","21.3439"
"30.7000","1.3394","21.4194"
"30.7200","1.3398","21.4344"
"30.7400","1.3401","21.3907"
"30.7600","1.3405","21.3575"
"30.7800","1.3408","21.3542"
"30.8000","1.3411","21.3348"
"30.8200","1.3415","21.4227"
"30.8400","1.3418","21.5457"
"30.8600","1.3422","21.5750"
"30.8800","1.3426","21.5223"
"30.9000","1.3429","21.4942"
"30.9200","1.3432","21.4326"
"30.9400","1.3434","21.4657"
"30.9600","1.3437","21.5410"
"30.9800","1.3440","21.6295"
"31.0000","1.3444","21.5889"
"31.0200","1.3447","21.5015"
"31.0400","1.3451","21.4691"
"31.0600","1.3454","21.5183"
"31.0800","1.3458","21.4836"
"31.1000","1.3460","21.4623"
"31.1200","1.3463","21.5923"
"31.1400","1.3466","21.5492"
"31.1600","1.3470","21.6260"
"31.1800","1.3474","21.7452"
"31.2000","1.3478","21.6722"
"31.2200","1.3483","21.6100"
"31.2400","1.3487","21.6061"
"31.2600","1.3490","21.6168"
"31.2800","1.3492","21.6056"
"31.3000","1.3494","21.6694"
"31.3200","1.3497","21.6389"
"31.3400","1.3500","21.6104"
"31.3600","1.3504","21.6587"
"31.3800","1.3507","21.6865"
"31.4000","1.3511","21.7318"
"31.4200","1.3515","21.7377"
"31.4400","1.3518","21.7253"
"31.4600","1.3521","21.7580"
"31.4800","1.3524","21.7933"
"31.5000","1.3528","21.7981"
"31.5200","1.3532","21.8630"
"31.5400","1.3536","21.7899"
"31.5600","1.3540","21.7731"
"31.5800","1.3543","21.8713"
"31.6000","1.3546","21.9120"
"31.6200","1.3548","21.8547"
"31.6400","1.3551","21.8243"
"31.6600","1.3554","21.8237"
"31.6800","1.3557","21.8360"
"31.7000","1.3560","21.8842"
"31.7200","1.3564","21.7723"
"31.7400","1.3568","21.7794"
"31.7600","1.3571","21.7853"
"31.7800","1.3574","21.8603"
"31.8000","1.3577","21.8937"
"31.8200","1.3579","21.8725"
"31.8400","1.3583","21.8921"
"31.8600","1.3587","21.8689"
"31.8800","1.3591","21.9155"
"31.9000","1.3595","21.9000"
"31.9200","1.3600","21.9067"
"31.9400","1.3603","21.9357"
"31.9600","1.3606","21.9647"
"31.9800","1.3608","21.9823"
"32.0000","1.3611","21.9869"
"32.0200","1.3613","21.9775"
"32.0400","1.3617","21.9552"
"32.0600","1.3621","21.9613"
"32.0800","1.3624","22.0452"
"32.1000","1.3628","22.0843"
"32.1200","1.3631","22.0980"
"32.1400","1.3634","22.0752"
"32.1600","1.3637","22.0853"
"32.1800","1.3641","22.1224"
"32.2000","1.3645","22.0941"
"32.2200","1.3649","22.0168"
"32.2400","1.3653","22.0580"
"32.2600","1.3656","22.1367"
"32.2800","1.3659","22.1619"
"32.3000","1.3662","22.1916"
"32.3200","1.3664","22.2607"
"32.3400","1.3667","22.1695"
"32.3600","1.3670","22.2242"
"32.3800","1.3674","22.2085"
"32.4000","1.3677","22.1803"
"32.4200","1.3681","22.1556"
"32.4400","1.3684","22.2088"
"32.4600","1.3687","22.2085"
"32.4800","1.3690","22.2251"
"32.5000","1.3693","22.2417"
"32.5200","1.3696","22.2022"
"32.5400","1.3700","22.2141"
"32.5600","1.3704","22.2044"
"32.5800","1.3708","22.1918"
"32.6000","1.3712","22.2220"
"32.6200","1.3716","22.2561"
"32.6400","1.3719","22.2559"
"32.6600","1.3722","22.2488"
"32.6800","1.3724","22.2897"
"32.7000","1.3727","22.3293"
"32.7200","1.3731","22.2880"
"32.7400","1.3734","22.3465"
"32.7600","1.3738","22.3484"
"32.7800","1.3742","22.3820"
"32.8000","1.3745","22.4042"
"32.8200","1.3748","22.4685"
"32.8400","1.3751","22.4189"
"32.8600","1.3754","22.3990"
"32.8800","1.3758","22.4150"
"32.9000","1.3762","22.4183"
"32.9200","1.3766","22.4229"
"32.9400","1.3770","22.4433"
"32.9600","1.3773","22.4305"
"32.9800","1.3776","22.4625"
"33.0000","1.3778","22.4332"
"33.0200","1.3781","22.4022"
"33.0400","1.3784","22.4174"
"33.0600","1.3787","22.4410"
"33.0800","1.3790","22.4564"
"33.1000","1.3794","22.5217"
"33.1200","1.3798","22.5254"
"33.1400","1.3801","22.6052"
"33.1600","1.3804","22.5883"
"33.1800","1.3807","22.6028"
"33.2000","1.3810","22.4992"
"33.2200","1.3813","22.4435"
"33.2400","1.3817","22.4999"
"33.2600","1.3821","22.5389"
"33.2800","1.3826","22.5982"
"33.3000","1.3830","22.6017"
"33.3200","1.3833","22.5242"
"33.3400","1.3836","22.5042"
"33.3600","1.3838","22.5243"
"33.3800","1.3841","22.6243"
"33.4000","1.3844","22.6972"
"33.4200","1.3847","22.6630"
"33.4400","1.3851","22.5572"
"33.4600","1.3855","22.6096"
"33.4800","1.3858","22.6350"
"33.5000","1.3861","22.6122"
"33.5200","1.3864","22.6228"
"33.5400","1.3867","22.6992"
"33.5600","1.3871","22.6749"
"33.5800","1.3875","22.6438"
"33.6000","1.3879","22.6693"
"33.6200","1.3883","22.7230"
"33.6400","1.3886","22.7023"
"33.6600","1.3889","22.7715"
"33.6800","1.3892","22.8227"
"33.7000","1.3895","22.8268"
"33.7200","1.3897","22.8077"
"33.7400","1.3900","22.8067"
"33.7600","1.3904","22.8208"
"33.7800","1.3908","22.7839"
"33.8000","1.3912","22.7441"
"33.8200","1.3915","22.7599"
"33.8400","1.3918","22.7575"
"33.8600","1.3920","22.8487"
"33.8800","1.3923","22.9139"
"33.9000","1.3926","22.8484"
"33.9200","1.3930","22.8473"
"33.9400","1.3934","22.9699"
"33.9600","1.3938","23.0001"
"33.9800","1.3943","22.9663"
"34.0000","1.3946","22.8952"
"34.0200","1.3949","22.9842"
"34.0400","1.3951","22.9465"
"34.0600","1.3954","22.8511"
"34.0800","1.3957","22.8034"
"34.1000","1.3960","22.8260"
"34.1200","1.3964","22.9298"
"34.1400","1.3968","22.9583"
"34.1600","1.3971","22.9176"
"34.1800","1.3975","22.9208"
"34.2000","1.3978","22.8499"
"34.2200","1.3981","22.9262"
"34.2400","1.3984","23.0127"
"34.2600","1.3988","22.9846"
"34.2800","1.3992","22.9815"
"34.3000","1.3996","23.0302"
"34.3200","1.4000","23.0334"
"34.3400","1.4003","23.0689"
"34.3600","1.4006","23.0647"
"34.3800","1.4008","23.1265"
"34.4000","1.4011","23.1202"
"34.4200","1.4014","23.0984"
"34.4400","1.4017","23.0236"
"34.4600","1.4021","23.1105"
"34.4800","1.4025","23.1630"
"34.5000","1.4028","23.1317"
"34.5200","1.4031","23.1063"
"34.5400","1.4034","23.0600"
"34.5600","1.4037","23.0331"
"34.5800","1.4039","23.0875"
"34.6000","1.4043","23.1629"
"34.6200","1.4047","23.1339"
"34.6400","1.4051","23.2581"
"34.6600","1.4055","23.3169"
"34.6800","1.4059","23.2577"
"34.7000","1.4062","23.2281"
"34.7200","1.4065","23.3072"
"34.7400","1.4067","23.3945"
"34.7600","1.4070","23.2948"
"34.7800","1.4073","23.3234"
"34.8000","1.4077","23.3059"
"34.8200","1.4080","23.2877"
"34.8400","1.4084","23.2689"
"34.8600","1.4088","23.2303"
"34.8800","1.4091","23.2311"
"34.9000","1.4094","23.3356"
"34.9200","1.4097","23.3659"
"34.9400","1.4101","23.4430"
"34.9600","1.4105","23.4270"
"34.9800","1.4109","23.3579"
"35.0000","1.4113","23.3332"
"35.0200","1.4116","23.3054"
"35.0400","1.4119","23.2527"
"35.0600","1.4122","23.3052"
"35.0800","1.4124","23.3324"
"35.1000","1.4127","23.3428"
"35.1200","1.4130","23.4285"
"35.1400","1.4134","23.4484"
"35.1600","1.4138","23.4195"
"35.1800","1.4141","23.5184"
"35.2000","1.4145","23.4702"
"35.2200","1.4147","23.3805"
"35.2400","1.4150","23.4296"
"35.2600","1.4153","23.4756"
"35.2800","1.4156","23.4821"
"35.3000","1.4159","23.5117"
"35.3200","1.4164","23.5569"
"35.3400","1.4168","23.4965"
"35.3600","1.4173","23.4814"
"35.3800","1.4176","23.5024"
"35.4000","1.4179","23.6047"
"35.4200","1.4181","23.6452"
"35.4400","1.4184","23.6057"
"35.4600","1.4187","23.6056"
"35.4800","1.4190","23.5614"
"35.5000","1.4194","23.5916"
"35.5200","1.4198","23.6604"
"35.5400","1.4201","23.5646"
"35.5600","1.4205","23.5983"
"35.5800","1.4208","23.6218"
"35.6000","1.4211","23.6337"
"35.6200","1.4214","23.6549"
"35.6400","1.4218","23.6849"
"35.6600","1.4222","23.6276"
"35.6800","1.4226","23.6150"
"35.7000","1.4230","23.6836"
"35.7200","1.4232","23.6967"
"35.7400","1.4235","23.6138"
"35.7600","1.4238","23.7130"
"35.7800","1.4240","23.7099"
"35.8000","1.4243","23.7488"
"35.8200","1.4247","23.8366"
"35.8400","1.4250","23.7731"
"35.8600","1.4254","23.6858"
"35.8800","1.4258","23.6911"
"35.9000","1.4261","23.7012"
"35.9200","1.4264","23.7723"
"35.9400","1.4267","23.7730"
"35.9600","1.4270","23.7709"
"35.9800","1.4274","23.7472"
"36.0000","1.4277","23.8929"
"36.0200","1.4282","23.8491"
"36.0400","1.4286","23.8464"
"36.0600","1.4290","23.8572"
"36.0800","1.4293","23.8212"
"36.1000","1.4295","23.7838"
"36.1200","1.4298","23.8258"
"36.1400","1.4301","23.9279"
"36.1600","1.4304","24.0776"
"36.1800","1.4307","23.9734"
"36.2000","1.4311","23.9055"
"36.2200","1.4314","23.8552"
"36.2400","1.4318","23.8441"
"36.2600","1.4321","23.9140"
"36.2800","1.4324","23.9755"
"36.3000","1.4327","23.9491"
"36.3200","1.4331","23.9877"
"36.3400","1.4335","23.9954"
"36.3600","1.4339","24.0074"
"36.3800","1.4343","23.9927"
"36.4000","1.4346","24.0554"
"36.4200","1.4349","24.1177"
"36.4400","1.4352","24.0491"
"36.4600","1.4354","23.9363"
"36.4800","1.4357","23.9678"
"36.5000","1.4361","23.9855"
"36.5200","1.4364","23.9661"
"36.5400","1.4368","23.9942"
"36.5600","1.4372","24.1155"
"36.5800","1.4375","24.1195"
"36.6000","1.4378","24.0752"
"36.6200","1.4381","24.0972"
"36.6400","1.4384","24.1761"
"36.6600","1.4387","24.1852"
"36.6800","1.4390","24.2100"
"36.7000","1.4395","24.1647"
"36.7200","1.4399","24.0885"
"36.7400","1.4403","24.0725"
"36.7600","1.4406","24.1133"
"36.7800","1.4409","24.1519"
"36.8000","1.4411","24.1357"
"36.8200","1.4414","24.1012"
"36.8400","1.4417","24.1174"
"36.8600","1.4420","24.1500"
"36.8800","1.4424","24.1924"
"36.9000","1.4428","24.1552"
"36.9200","1.4431","24.1578"
"36.9400","1.4434","24.2639"
"36.9600","1.4438","24.2431"
"36.9800","1.4441","24.2721"
"37.0000","1.4444","24.3233"
"37.0200","1.4448","24.3017"
"37.0400","1.4453","24.2551"
"37.0600","1.4457","24.2762"
"37.0800","1.4460","24.2973"
"37.1000","1.4463","24.3350"
"37.1200","1.4465","24.3067"
"37.1400","1.4468","24.3715"
"37.1600","1.4471","24.4185"
"37.1800","1.4473","24.3771"
"37.2000","1.4477","24.3481"
"37.2200","1.4481","24.3438"
"37.2400","1.4485","24.3772"
"37.2600","1.4488","24.3582"
"37.2800","1.4491","24.4389"
"37.3000","1.4494","24.5041"
"37.3200","1.4497","24.5019"
"37.3400","1.4500","24.5036"
"37.3600","1.4503","24.4258"
"37.3800","1.4507","24.4320"
"37.4000","1.4512","24.4330"
"37.4200","1.4516","24.4142"
"37.4400","1.4520","24.3779"
"37.4600","1.4523","24.4625"
"37.4800","1.4525","24.5966"
"37.5000","1.4528","24.4911"
"37.5200","1.4530","24.4078"
"37.5400","1.4533","24.3874"
"37.5600","1.4537","24.5134"
"37.5800","1.4540","24.5907"
"37.6000","1.4544","24.6039"
"37.6200","1.4548","24.5272"
"37.6400","1.4551","24.5330"
"37.6600","1.4554","24.4980"
"37.6800","1.4557","24.5439"
"37.7000","1.4561","24.6508"
"37.7200","1.4565","24.7007"
"37.7400","1.4569","24.6516"
"37.7600","1.4573","24.6640"
"37.7800","1.4576","24.6475"
"37.8000","1.4579","24.6182"
"37.8200","1.4581","24.5976"
"37.8400","1.4584","24.6725"
"37.8600","1.4587","24.6719"
"37.8800","1.4590","24.6850"
"37.9000","1.4594","24.7362"
"37.9200","1.4597","24.7687"
"37.9400","1.4601","24.7690"
"37.9600","1.4605","24.7113"
"37.9800","1.4608","24.6933"
"38.0000","1.4610","24.7323"
"38.0200","1.4613","24.7370"
"38.0400","1.4616","24.7484"
"38.0600","1.4620","24.7362"
"38.0800","1.4624","24.7972"
"38.1000","1.4629","24.7631"
"38.1200","1.4633","24.7670"
"38.1400","1.4637","24.7570"
"38.1600","1.4639","24.8110"
"38.1800","1.4642","24.7954"
"38.2000","1.4644","24.8938"
"38.2200","1.4647","24.8647"
"38.2400","1.4650","24.8540"
"38.2600","1.4653","24.8147"
"38.2800","1.4657","24.7871"
"38.3000","1.4661","24.8650"
"38.3200","1.4664","24.9114"
"38.3400","1.4667","24.8896"
"38.3600","1.4670","24.8588"
"38.3800","1.4674","24.9117"
"38.4000","1.4678","24.9018"
"38.4200","1.4682","24.9522"
"38.4400","1.4686","25.0269"
"38.4600","1.4689","25.0044"
"38.4800","1.4692","25.0344"
"38.5000","1.4695","25.0330"
"38.5200","1.4698","24.9228"
"38.5400","1.4700","24.9632"
"38.5600","1.4703","25.0069"
"38.5800","1.4707","25.0107"
"38.6000","1.4711","25.0687"
"38.6200","1.4714","25.0575"
"38.6400","1.4718","25.0200"
"38.6600","1.4721","25.0141"
"38.6800","1.4724","25.0842"
"38.7000","1.4727","25.1675"
"38.7200","1.4730","25.1331"
"38.7400","1.4733","25.0463"
"38.7600","1.4737","25.0185"
"38.7800","1.4742","25.0378"
"38.8000","1.4746","25.1138"
"38.8200","1.4750","25.1256"
"38.8400","1.4753","25.0952"
"38.8600","1.4755","25.0238"
"38.8800","1.4758","25.0871"
"38.9000","1.4760","25.1878"
"38.9200","1.4763","25.1275"
"38.9400","1.4767","25.0891"
"38.9600","1.4770","25.1203"
"38.9800","1.4774","25.1689"
"39.0000","1.4777","25.2192"
"39.0200","1.4781","25.2147"
"39.0400","1.4784","25.2149"
"39.0600","1.4787","25.1777"
"39.0800","1.4791","25.1563"
"39.1000","1.4795","25.1659"
"39.1200","1.4799","25.2434"
"39.1400","1.4803","25.2323"
"39.1600","1.4806","25.2480"
"39.1800","1.4809","25.3084"
"39.2000","1.4812","25.3138"
"39.2200","1.4814","25.3520"
"39.2400","1.4817","25.3523"
"39.2600","1.4820","25.2247"
"39.2800","1.4824","25.2032"
"39.3000","1.4828","25.2182"
"39.3200","1.4831","25.3027"
"39.3400","1.4835","25.3671"
"39.3600","1.4837","25.3505"
"39.3800","1.4840","25.3113"
"39.4000","1.4843","25.3468"
"39.4200","1.4846","25.3764"
"39.4400","1.4850","25.4047"
"39.4600","1.4854","25.3781"
"39.4800","1.4859","25.3750"
"39.5000","1.4863","25.3669"
"39.5200","1.4867","25.4097"
"39.5400","1.4869","25.4360"
"39.5600","1.4872","25.4627"
"39.5800","1.4874","25.4719"
"39.6000","1.4877","25.4987"
"39.6200","1.4880","25.5229"
"39.6400","1.4884","25.5099"
"39.6600","1.4887","25.5004"
"39.6800","1.4891","25.4657"
"39.7000","1.4895","25.4882"
"39.7200","1.4898","25.4810"
"39.7400","1.4901","25.4452"
"39.7600","1.4905","25.5006"
"39.7800","1.4909","25.5050"
"39.8000","1.4913","25.5598"
"39.8200","1.4916","25.5748"
"39.8400","1.4920","25.6136"
"39.8600","1.4923","25.6644"
"39.8800","1.4925","25.6522"
"39.9000","1.4928","25.6020"
"39.9200","1.4930","25.7035"
"39.9400","1.4933","25.6837"
"39.9600","1.4937","25.6352"
"39.9800","1.4941","25.6493"
"40.0000","1.4945","25.6405"
"40.0200","1.4948","25.6937"
"40.0400","1.4951","25.7022"
"40.0600","1.4954","25.6895"
"40.0800","1.4957","25.7448"
"40.1000","1.4960","25.7244"
"40.1200","1.4963","25.7051"
"40.1400","1.4967","25.7570"
"40.1600","1.4972","25.7026"
"40.1800","1.4976","25.7543"
"40.2000","1.4980","25.7388"
"40.2200","1.4983","25.7052"
"40.2400","1.4986","25.5870"
"40.2600","1.4988","25.6688"
"40.2800","1.4991","25.7364"
"40.3000","1.4994","25.7678"
"40.3200","1.4997","25.8171"
"40.3400","1.5001","25.8822"
"40.3600","1.5004","25.9307"
"40.3800","1.5008","25.9611"
"40.4000","1.5011","25.9494"
"40.4200","1.5014","25.8551"
"40.4400","1.5017","25.7864"
"40.4600","1.5021","25.7920"
"40.4800","1.5025","25.8228"
"40.5000","1.5029","25.7859"
"40.5200","1.5033","25.7826"
"40.5400","1.5036","25.7844"
"40.5600","1.5039","25.8950"
"40.5800","1.5041","25.9452"
"40.6000","1.5044","25.9313"
"40.6200","1.5047","25.9311"
"40.6400","1.5050","26.0138"
"40.6600","1.5054","25.9983"
"40.6800","1.5058","26.0335"
"40.7000","1.5061","25.9667"
"40.7200","1.5065","25.9654"
"40.7400","1.5068","25.9840"
"40.7600","1.5070","26.0034"
"40.7800","1.5073","25.9786"
"40.8000","1.5077","25.9321"
"40.8200","1.5081","26.0245"
"40.8400","1.5085","26.0697"
"40.8600","1.5089","26.0744"
"40.8800","1.5093","25.9968"
"40.9000","1.5097","26.0234"
"40.9200","1.5099","26.0906"
"40.9400","1.5102","26.1143"
"40.9600","1.5104","26.0536"
"40.9800","1.5107","26.0533"
"41.0000","1.5110","26.1274"
"41.0200","1.5114","26.1336"
"41.0400","1.5118","26.2094"
"41.0600","1.5121","26.2306"
"41.0800","1.5124","26.1294"
"41.1000","1.5127","26.1261"
"41.1200","1.5131","26.1955"
"41.1400","1.5134","26.2087"
"41.1600","1.5138","26.1728"
"41.1800","1.5142","26.1607"
"41.2000","1.5146","26.1403"
"41.2200","1.5149","26.1614"
"41.2400","1.5152","26.1570"
"41.2600","1.5155","26.2234"
"41.2800","1.5157","26.3142"
"41.3000","1.5160","26.2766"
"41.3200","1.5163","26.3013"
"41.3400","1.5167","26.2949"
"41.3600","1.5171","26.3348"
"41.3800","1.5175","26.2703"
"41.4000","1.5178","26.2299"
"41.4200","1.5181","26.3362"
"41.4400","1.5184","26.3017"
"41.4600","1.5187","26.2631"
"41.4800","1.5190","26.2528"
"41.5000","1.5194","26.3087"
"41.5200","1.5198","26.3908"
"41.5400","1.5202","26.4395"
"41.5600","1.5206","26.4460"
"41.5800","1.5210","26.3533"
"41.6000","1.5213","26.3198"
"41.6200","1.5215","26.4141"
"41.6400","1.5217","26.4454"
"41.6600","1.5220","26.4334"
"41.6800","1.5223","26.4712"
"41.7000","1.5227","26.3793"
"41.7200","1.5230","26.4509"
"41.7400","1.5234","26.4444"
"41.7600","1.5238","26.4197"
"41.7800","1.5241","26.4048"
"41.8000","1.5244","26.4985"
"41.8200","1.5248","26.5035"
"41.8400","1.5251","26.5584"
"41.8600","1.5256","26.4817"
"41.8800","1.5259","26.4860"
"41.9000","1.5263","26.5127"
"41.9200","1.5266","26.5581"
"41.9400","1.5269","26.5935"
"41.9600","1.5271","26.5728"
"41.9800","1.5274","26.5839"
"42.0000","1.5277","26.5654"
"42.0200","1.5280","26.6189"
"42.0400","1.5283","26.5845"
"42.0600","1.5287","26.5583"
"42.0800","1.5291","26.4837"
"42.1000","1.5294","26.4885"
"42.1200","1.5297","26.5745"
"42.1400","1.5300","26.6245"
"42.1600","1.5303","26.6682"
"42.1800","1.5306","26.5035"
"42.2000","1.5310","26.6104"
"42.2200","1.5315","26.6825"
"42.2400","1.5319","26.6423"
"42.2600","1.5323","26.6388"
"42.2800","1.5326","26.6824"
"42.3000","1.5329","26.6653"
"42.3200","1.5331","26.6784"
"42.3400","1.5334","26.7191"
"42.3600","1.5337","26.6950"
"42.3800","1.5341","26.6618"
"42.4000","1.5344","26.7150"
"42.4200","1.5348","26.7267"
"42.4400","1.5351","26.7834"
"42.4600","1.5355","26.7635"
"42.4800","1.5358","26.7302"
"42.5000","1.5361","26.7914"
"42.5200","1.5365","26.8261"
"42.5400","1.5368","26.8282"
"42.5600","1.5372","26.7688"
"42.5800","1.5376","26.7089"
"42.6000","1.5379","26.7009"
"42.6200","1.5382","26.8264"
"42.6400","1.5385","26.8916"
"42.6600","1.5387","26.8636"
"42.6800","1.5390","26.8626"
"42.7000","1.5393","26.9540"
"42.7200","1.5397","26.9550"
"42.7400","1.5400","26.8673"
"42.7600","1.5404","26.9208"
"42.7800","1.5408","26.9582"
"42.8000","1.5411","26.9611"
"42.8200","1.5414","27.0135"
"42.8400","1.5417","27.0133"
"42.8600","1.5420","27.0649"
"42.8800","1.5424","26.9636"
"42.9000","1.5428","26.8659"
"42.9200","1.5433","26.8949"
"42.9400","1.5437","26.9830"
"42.9600","1.5440","26.9777"
"42.9800","1.5443","26.9621"
"43.0000","1.5445","27.0283"
"43.0200","1.5447","27.0254"
"43.0400","1.5450","26.9997"
"43.0600","1.5454","27.0810"
"43.0800","1.5457","27.0744"
"43.1000","1.5461","27.0461"
"43.1200","1.5465","27.0986"
"43.1400","1.5468","27.1007"
"43.1600","1.5471","27.1223"
"43.1800","1.5475","27.0978"
"43.2000","1.5478","27.1219"
"43.2200","1.5482","27.1663"
"43.2400","1.5486","27.1886"
"43.2600","1.5489","27.2249"
"43.2800","1.5493","27.1486"
"43.3000","1.5496","27.1022"
"43.3200","1.5498","27.1055"
"43.3400","1.5501","27.1603"
"43.3600","1.5504","27.1403"
"43.3800","1.5507","27.1538"
"43.4000","1.5510","27.2071"
"43.4200","1.5514","27.1868"
"43.4400","1.5518","27.1950"
"43.4600","1.5521","27.2524"
"43.4800","1.5524","27.2175"
"43.5000","1.5527","27.2905"
"43.5200","1.5530","27.3455"
"43.5400","1.5533","27.3670"
"43.5600","1.5537","27.2568"
"43.5800","1.5541","27.2627"
"43.6000","1.5546","27.2341"
"43.6200","1.5550","27.3081"
"43.6400","1.5554","27.2864"
"43.6600","1.5556","27.3157"
"43.6800","1.5559","27.3839"
"43.7000","1.5561","27.3945"
"43.7200","1.5564","27.3646"
"43.7400","1.5567","27.3313"
"43.7600","1.5570","27.4252"
"43.7800","1.5574","27.4496"
"43.8000","1.5578","27.3808"
"43.8200","1.5581","27.3799"
"43.8400","1.5585","27.3854"
"43.8600","1.5588","27.3979"
"43.8800","1.5591","27.4828"
"43.9000","1.5595","27.4460"
"43.9200","1.5599","27.4056"
"43.9400","1.5602","27.3880"
"43.9600","1.5606","27.4420"
"43.9800","1.5609","27.5207"
"44.0000","1.5612","27.5539"
"44.0200","1.5615","27.5452"
"44.0400","1.5617","27.4375"
"44.0600","1.5620","27.4540"
"44.0800","1.5623","27.5256"
"44.1000","1.5627","27.6107"
"44.1200","1.5631","27.6947"
"44.1400","1.5634","27.6464"
"44.1600","1.5638","27.5580"
"44.1800","1.5641","27.5235"
"44.2000","1.5643","27.6080"
"44.2200","1.5646","27.5465"
"44.2400","1.5650","27.5723"
"44.2600","1.5654","27.5497"
"44.2800","1.5658","27.5469"
"44.3000","1.5663","27.5837"
"44.3200","1.5667","27.6062"
"44.3400","1.5670","27.6313"
"44.3600","1.5672","27.6037"
"44.3800","1.5675","27.6118"
"44.4000","1.5677","27.6438"
"44.4200","1.5680","27.7025"
"44.4400","1.5683","27.7531"
"44.4600","1.5687","27.6934"
"44.4800","1.5691","27.6559"
"44.5000","1.5695","27.6867"
"44.5200","1.5699","27.7137"
"44.5400","1.5702","27.6698"
"44.5600","1.5705","27.6367"
"44.5800","1.5708","27.7306"
"44.6000","1.5712","27.7725"
"44.6200","1.5716","27.8228"
"44.6400","1.5719","27.7816"
"44.6600","1.5723","27.7751"
"44.6800","1.5726","27.7761"
"44.7000","1.5728","27.7529"
"44.7200","1.5731","27.6747"
"44.7400","1.5734","27.7223"
"44.7600","1.5737","27.7875"
"44.7800","1.5740","27.7952"
"44.8000","1.5744","27.8223"
"44.8200","1.5747","27.9359"
"44.8400","1.5751","27.9528"
"44.8600","1.5754","27.8838"
"44.8800","1.5757","27.8099"
"44.9000","1.5759","27.8451"
"44.9200","1.5763","27.9532"
"44.9400","1.5766","27.9278"
"44.9600","1.5771","27.8934"
"44.9800","1.5775","27.8921"
"45.0000","1.5780","27.9585"
"45.0200","1.5784","27.9742"
"45.0400","1.5786","27.9331"
"45.0600","1.5789","27.9921"
"45.0800","1.5791","27.9402"
"45.1000","1.5794","27.9362"
"45.1200","1.5797","27.9497"
"45.1400","1.5801","27.9761"
"45.1600","1.5804","28.0945"
"45.1800","1.5808","28.1199"
"45.2000","1.5812","28.0924"
"45.2200","1.5815","28.1021"
"45.2400","1.5818","28.0899"
"45.2600","1.5821","28.1093"
"45.2800","1.5825","28.0501"
"45.3000","1.5829","28.0323"
"45.3200","1.5833","28.0390"
"45.3400","1.5836","28.1290"
"45.3600","1.5839","28.1244"
"45.3800","1.5842","28.1691"
"45.4000","1.5845","28.2213"
"45.4200","1.5847","28.2061"
"45.4400","1.5850","28.1511"
"45.4600","1.5854","28.0892"
"45.4800","1.5857","28.0925"
"45.5000","1.5861","28.2201"
"45.5200","1.5864","28.2593"
"45.5400","1.5868","28.2057"
"45.5600","1.5871","28.0894"
"45.5800","1.5873","28.0908"
"45.6000","1.5876","28.1610"
"45.6200","1.5880","28.1976"
"45.6400","1.5884","28.2146"
"45.6600","1.5888","28.2888"
"45.6800","1.5893","28.3491"
"45.7000","1.5896","28.3295"
"45.7200","1.5900","28.3751"
"45.7400","1.5902","28.3858"
"45.7600","1.5904","28.2405"
"45.7800","1.5907","28.2068"
"45.8000","1.5910","28.2433"
"45.8200","1.5913","28.2821"
"45.8400","1.5917","28.4480"
"45.8600","1.5921","28.4329"
"45.8800","1.5924","28.3669"
"45.9000","1.5927","28.3539"
"45.9200","1.5930","28.4172"
"45.9400","1.5934","28.4449"
"45.9600","1.5937","28.4009"
"45.9800","1.5941","28.3583"
"46.0000","1.5945","28.3844"
"46.0200","1.5949","28.3458"
"46.0400","1.5952","28.3454"
"46.0600","1.5955","28.3424"
"46.0800","1.5958","28.3875"
"46.1000","1.5961","28.4584"
"46.1200","1.5963","28.4646"
"46.1400","1.5966","28.5060"
"46.1600","1.5970","28.4900"
"46.1800","1.5974","28.4260"
"46.2000","1.5977","28.4769"
"46.2200","1.5981","28.5537"
"46.2400","1.5984","28.6314"
"46.2600","1.5987","28.5866"
"46.2800","1.5990","28.5702"
"46.3000","1.5993","28.5428"
"46.3200","1.5997","28.5743"
"46.3400","1.6001","28.5577"
"46.3600","1.6005","28.6627"
"46.3800","1.6010","28.6823"
"46.4000","1.6013","28.6485"
"46.4200","1.6016","28.5962"
"46.4400","1.6018","28.7029"
"46.4600","1.6021","28.7558"
"46.4800","1.6024","28.6504"
"46.5000","1.6027","28.6235"
"46.5200","1.6031","28.6694"
"46.5400","1.6034","28.6469"
"46.5600","1.6038","28.6609"
"46.5800","1.6041","28.5888"
"46.6000","1.6044","28.5734"
"46.6200","1.6048","28.6720"
"46.6400","1.6051","28.6856"
"46.6600","1.6055","28.7399"
"46.6800","1.6059","28.7377"
"46.7000","1.6063","28.8049"
"46.7200","1.6066","28.7916"
"46.7400","1.6069","28.7664"
"46.7600","1.6072","28.8300"
"46.7800","1.6075","28.7919"
"46.8000","1.6077","28.7238"
"46.8200","1.6080","28.6984"
"46.8400","1.6084","28.8254"
"46.8600","1.6087","28.8943"
"46.8800","1.6091","28.8155"
"46.9000","1.6094","28.8708"
"46.9200","1.6097","28.8242"
"46.9400","1.6100","28.7666"
"46.9600","1.6103","28.7477"
"46.9800","1.6106","28.7935"
"47.0000","1.6110","28.8560"
"47.0200","1.6114","28.9255"
"47.0400","1.6118","28.9172"
"47.0600","1.6122","28.8643"
"47.0800","1.6126","28.9067"
"47.1000","1.6129","28.9665"
"47.1200","1.6132","28.9424"
"47.1400","1.6134","28.9233"
"47.1600","1.6137","28.9487"
"47.1800","1.6141","29.0324"
"47.2000","1.6144","29.0324"
"47.2200","1.6148","29.1152"
"47.2400","1.6152","29.0109"
"47.2600","1.6155","28.9482"
"47.2800","1.6158","28.9694"
"47.3000","1.6161","29.0898"
"47.3200","1.6165","29.1263"
"47.3400","1.6168","29.0649"
"47.3600","1.6172","29.0764"
"47.3800","1.6177","29.1127"
"47.4000","1.6181","29.1105"
"47.4200","1.6184","29.1671"
"47.4400","1.6187","29.1145"
"47.4600","1.6189","29.0669"
"47.4800","1.6191","29.0136"
"47.5000","1.6194","29.0100"
"47.5200","1.6197","29.0607"
"47.5400","1.6201","29.0690"
"47.5600","1.6205","29.1395"
"47.5800","1.6208","29.1020"
"47.6000","1.6211","29.1089"
"47.6200","1.6214","29.2364"
"47.6400","1.6217","29.2611"
"47.6600","1.6220","29.2074"
"47.6800","1.6223","29.2083"
"47.7000","1.6227","29.2419"
"47.7200","1.6231","29.2552"
"47.7400","1.6236","29.2209"
"47.7600","1.6240","29.1711"
"47.7800","1.6243","29.0929"
"47.8000","1.6246","29.1094"
"47.8200","1.6248","29.1783"
"47.8400","1.6251","29.2806"
"47.8600","1.6254","29.2714"
"47.8800","1.6257","29.2964"
"47.9000","1.6260","29.2919"
"47.9200","1.6264","29.2576"
"47.9400","1.6268","29.1916"
"47.9600","1.6271","29.2809"
"47.9800","1.6274","29.3388"
"48.0000","1.6277","29.2923"
"48.0200","1.6280","29.2171"
"48.0400","1.6283","29.2954"
"48.0600","1.6287","29.3511"
"48.0800","1.6292","29.4196"
"48.1000","1.6296","29.3940"
"48.1200","1.6299","29.4107"
"48.1400","1.6302","29.3746"
"48.1600","1.6304","29.3608"
"48.1800","1.6307","29.3875"
"48.2000","1.6310","29.4451"
"48.2200","1.6314","29.3964"
"48.2400","1.6317","29.4205"
"48.2600","1.6321","29.4797"
"48.2800","1.6325","29.4508"
"48.3000","1.6328","29.4551"
"48.3200","1.6331","29.4894"
"48.3400","1.6333","29.4419"
"48.3600","1.6336","29.4187"
"48.3800","1.6340","29.4601"
"48.4000","1.6344","29.4733"
"48.4200","1.6348","29.5009"
"48.4400","1.6353","29.5406"
"48.4600","1.6356","29.5284"
"48.4800","1.6359","29.5513"
"48.5000","1.6362","29.5598"
"48.5200","1.6364","29.6124"
"48.5400","1.6367","29.5723"
"48.5600","1.6370","29.5696"
"48.5800","1.6374","29.5630"
"48.6000","1.6378","29.5589"
"48.6200","1.6381","29.6880"
"48.6400","1.6385","29.6915"
"48.6600","1.6388","29.5931"
"48.6800","1.6391","29.6349"
"48.7000","1.6394","29.6414"
"48.7200","1.6398","29.6744"
"48.7400","1.6402","29.6067"
"48.7600","1.6406","29.5922"
"48.7800","1.6410","29.6712"
"48.8000","1.6413","29.7160"
"48.8200","1.6416","29.6997"
"48.8400","1.6418","29.7064"
"48.8600","1.6421","29.7391"
"48.8800","1.6424","29.7238"
"48.9000","1.6427","29.6585"
"48.9200","1.6431","29.6764"
"48.9400","1.6435","29.7115"
"48.9600","1.6438","29.7633"
"48.9800","1.6441","29.7719"
"49.0000","1.6444","29.8732"
"49.0200","1.6447","29.8856"
"49.0400","1.6450","29.8477"
"49.0600","1.6453","29.8181"
"49.0800","1.6457","29.8072"
"49.1000","1.6461","29.9154"
"49.1200","1.6465","29.9237"
"49.1400","1.6469","29.8938"
"49.1600","1.6473","29.8454"
"49.1800","1.6475","29.8484"
"49.2000","1.6478","29.8607"
"49.2200","1.6480","29.9133"
"49.2400","1.6483","29.8957"
"49.2600","1.6487","29.9582"
"49.2800","1.6490","30.0018"
"49.3000","1.6494","29.9223"
"49.3200","1.6498","29.9976"
"49.3400","1.6501","30.0941"
"49.3600","1.6504","30.0262"
"49.3800","1.6507","29.9524"
"49.4000","1.6511","29.9932"
"49.4200","1.6515","30.1021"
"49.4400","1.6519","30.1192"
"49.4600","1.6523","29.9958"
"49.4800","1.6526","29.9236"
"49.5000","1.6529","29.9717"
"49.5200","1.6532","30.0465"
"49.5400","1.6534","30.0966"
"49.5600","1.6537","30.0857"
"49.5800","1.6540","30.1016"
"49.6000","1.6544","30.1150"
"49.6200","1.6548","30.0531"
"49.6400","1.6551","30.1249"
"49.6600","1.6555","30.1831"
"49.6800","1.6558","30.1420"
"49.7000","1.6560","30.1642"
"49.7200","1.6563","30.1989"
"49.7400","1.6566","30.1822"
"49.7600","1.6570","30.2153"
"49.7800","1.6574","30.1439"
"49.8000","1.6578","30.1536"
"49.8200","1.6583","30.1794"
"49.8400","1.6586","30.2388"
"49.8600","1.6589","30.2699"
"49.8800","1.6592","30.2742"
"49.9000","1.6594","30.1788"
"49.9200","1.6597","30.1322"
"49.9400","1.6600","30.1772"
"49.9600","1.6604","30.2546"
"49.9800","1.6607","30.1716"
"50.0000","1.6611","30.2065"
"50.0200","1.6615","30.1820"
"50.0400","1.6618","30.1793"
"50.0600","1.6621","30.2451"
"50.0800","1.6624","30.2912"
"50.1000","1.6628","30.2939"
"50.1200","1.6632","30.2820"
"50.1400","1.6636","30.3090"
"50.1600","1.6640","30.3039"
"50.1800","1.6643","30.3284"
"50.2000","1.6645","30.3891"
"50.2200","1.6648","30.4546"
"50.2400","1.6650","30.3988"
"50.2600","1.6653","30.3783"
"50.2800","1.6657","30.4509"
"50.3000","1.6660","30.4979"
"50.3200","1.6664","30.4657"
"50.3400","1.6668","30.3976"
"50.3600","1.6671","30.4652"
"50.3800","1.6674","30.4031"
"50.4000","1.6677","30.4685"
"50.4200","1.6680","30.4619"
"50.4400","1.6683","30.4111"
"50.4600","1.6687","30.4610"
"50.4800","1.6691","30.4599"
"50.5000","1.6696","30.4675"
"50.5200","1.6700","30.4981"
"50.5400","1.6703","30.5834"
"50.5600","1.6706","30.5851"
"50.5800","1.6708","30.5450"
"50.6000","1.6711","30.5590"
"50.6200","1.6714","30.5699"
"50.6400","1.6717","30.4875"
"50.6600","1.6721","30.5036"
"50.6800","1.6725","30.4879"
"50.7000","1.6728","30.5737"
"50.7200","1.6731","30.5640"
"50.7400","1.6734","30.5427"
"50.7600","1.6738","30.6213"
"50.7800","1.6741","30.6048"
"50.8000","1.6745","30.5943"
"50.8200","1.6749","30.5720"
"50.8400","1.6753","30.6333"
"50.8600","1.6756","30.7657"
"50.8800","1.6759","30.7164"
"50.9000","1.6762","30.6993"
"50.9200","1.6764","30.6945"
"50.9400","1.6767","30.6460"
"50.9600","1.6770","30.7307"
"50.9800","1.6774","30.7262"
"51.0000","1.6778","30.6831"
"51.0200","1.6782","30.7195"
"51.0400","1.6785","30.7459"
"51.0600","1.6788","30.7644"
"51.0800","1.6791","30.6858"
"51.1000","1.6794","30.6859"
"51.1200","1.6797","30.7628"
"51.1400","1.6800","30.8156"
"51.1600","1.6804","30.8032"
"51.1800","1.6809","30.8675"
"51.2000","1.6813","30.9110"
"51.2200","1.6816","30.8489"
"51.2400","1.6819","30.8903"
"51.2600","1.6822","30.8610"
"51.2800","1.6824","30.8843"
"51.3000","1.6827","30.9712"
"51.3200","1.6830","30.9299"
"51.3400","1.6834","30.9222"
"51.3600","1.6837","30.8443"
"51.3800","1.6841","30.8994"
"51.4000","1.6844","30.9653"
"51.4200","1.6848","30.9300"
"51.4400","1.6851","30.8603"
"51.4600","1.6854","30.8596"
"51.4800","1.6858","30.8683"
"51.5000","1.6862","30.8993"
"51.5200","1.6866","30.9065"
"51.5400","1.6870","30.9432"
"51.5600","1.6873","31.0223"
"51.5800","1.6875","31.0456"
"51.6000","1.6878","31.0272"
"51.6200","1.6880","31.0215"
"51.6400","1.6883","30.9976"
"51.6600","1.6887","31.0721"
"51.6800","1.6891","31.0375"
"51.7000","1.6894","30.9811"
"51.7200","1.6898","30.9744"
"51.7400","1.6901","30.9881"
"51.7600","1.6904","30.9840"
"51.7800","1.6907","31.1158"
"51.8000","1.6910","31.1540"
"51.8200","1.6913","31.1273"
"51.8400","1.6917","31.0754"
"51.8600","1.6922","31.0646"
"51.8800","1.6926","31.0923"
"51.9000","1.6930","31.1271"
"51.9200","1.6933","31.0755"
"51.9400","1.6935","31.0839"
"51.9600","1.6938","31.1138"
"51.9800","1.6940","31.1473"
"52.0000","1.6943","31.1882"
"52.0200","1.6947","31.1435"
"52.0400","1.6950","31.0831"
"52.0600","1.6954","31.0293"
"52.0800","1.6957","31.1353"
"52.1000","1.6961","31.2451"
"52.1200","1.6964","31.2385"
"52.1400","1.6967","31.2676"
"52.1600","1.6971","31.2604"
"52.1800","1.6975","31.2520"
"52.2000","1.6979","31.2432"
"52.2200","1.6983","31.2755"
"52.2400","1.6986","31.3834"
"52.2600","1.6989","31.3873"
"52.2800","1.6992","31.3674"
"52.3000","1.6994","31.3689"
"52.3200","1.6997","31.3370"
"52.3400","1.7000","31.2258"
"52.3600","1.7004","31.2453"
"52.3800","1.7008","31.3162"
"52.4000","1.7011","31.3326"
"52.4200","1.7015","31.3447"
"52.4400","1.7018","31.3869"
"52.4600","1.7021","31.3843"
"52.4800","1.7023","31.3681"
"52.5000","1.7027","31.4012"
"52.5200","1.7030","31.4698"
"52.5400","1.7034","31.3839"
"52.5600","1.7039","31.4481"
"52.5800","1.7043","31.4748"
"52.6000","1.7047","31.4967"
"52.6200","1.7049","31.4840"
"52.6400","1.7052","31.4910"
"52.6600","1.7054","31.4250"
"52.6800","1.7057","31.4665"
"52.7000","1.7060","31.5304"
"52.7200","1.7064","31.5039"
"52.7400","1.7067","31.4915"
"52.7600","1.7071","31.5099"
"52.7800","1.7074","31.5744"
"52.8000","1.7078","31.6296"
"52.8200","1.7081","31.5618"
"52.8400","1.7084","31.5391"
"52.8600","1.7088","31.5764"
"52.8800","1.7092","31.6772"
"52.9000","1.7096","31.6554"
"52.9200","1.7100","31.6762"
"52.9400","1.7103","31.6178"
"52.9600","1.7105","31.6285"
"52.9800","1.7108","31.6866"
"53.0000","1.7110","31.7068"
"53.0200","1.7113","31.6716"
"53.0400","1.7117","31.6939"
"53.0600","1.7120","31.7214"
"53.0800","1.7124","31.6905"
"53.1000","1.7128","31.7429"
"53.1200","1.7131","31.8099"
"53.1400","1.7134","31.7590"
"53.1600","1.7137","31.7367"
"53.1800","1.7140","31.7870"
"53.2000","1.7143","31.7507"
"53.2200","1.7147","31.7292"
"53.2400","1.7152","31.7870"
"53.2600","1.7156","31.8526"
"53.2800","1.7160","31.8057"
"53.3000","1.7163","31.7728"
"53.3200","1.7166","31.7920"
"53.3400","1.7168","31.8168"
"53.3600","1.7171","31.8111"
"53.3800","1.7173","31.8530"
"53.4000","1.7177","31.8452"
"53.4200","1.7180","31.9284"
"53.4400","1.7184","31.8858"
"53.4600","1.7187","31.9351"
"53.4800","1.7191","32.0241"
"53.5000","1.7194","32.0279"
"53.5200","1.7197","32.0141"
"53.5400","1.7201","31.9671"
"53.5600","1.7205","31.8323"
"53.5800","1.7209","31.9269"
"53.6000","1.7213","32.0239"
"53.6200","1.7216","32.0195"
"53.6400","1.7219","32.0339"
"53.6600","1.7221","31.9733"
"53.6800","1.7224","31.9842"
"53.7000","1.7227","31.9811"
"53.7200","1.7230","31.9182"
"53.7400","1.7234","31.9662"
"53.7600","1.7238","32.0666"
"53.7800","1.7241","32.0526"
"53.8000","1.7245","32.0040"
"53.8200","1.7248","31.9901"
"53.8400","1.7251","32.0217"
"53.8600","1.7253","32.0959"
"53.8800","1.7256","32.0870"
"53.9000","1.7260","32.0884"
"53.9200","1.7264","32.0618"
"53.9400","1.7269","32.0321"
"53.9600","1.7273","32.0854"
"53.9800","1.7277","32.1173"
"54.0000","1.7279","32.1123"
"54.0200","1.7282","32.1890"
"54.0400","1.7284","32.1843"
"54.0600","1.7287","32.1070"
"54.0800","1.7290","32.1863"
"54.1000","1.7293","32.2587"
"54.1200","1.7297","32.2526"
"54.1400","1.7301","32.1710"
"54.1600","1.7304","32.1512"
"54.1800","1.7308","32.2426"
"54.2000","1.7311","32.2607"
"54.2200","1.7314","32.2734"
"54.2400","1.7318","32.3177"
"54.2600","1.7322","32.2636"
"54.2800","1.7326","32.1782"
"54.3000","1.7330","32.2566"
"54.3200","1.7333","32.2782"
"54.3400","1.7335","32.2813"
"54.3600","1.7338","32.2856"
"54.3800","1.7340","32.2353"
"54.4000","1.7343","32.2419"
"54.4200","1.7347","32.3105"
"54.4400","1.7351","32.4022"
"54.4600","1.7354","32.3172"
"54.4800","1.7358","32.2820"
"54.5000","1.7361","32.3667"
"54.5200","1.7364","32.3517"
"54.5400","1.7367","32.3600"
"54.5600","1.7370","32.3918"
"54.5800","1.7373","32.3936"
"54.6000","1.7377","32.3642"
"54.6200","1.7382","32.3483"
"54.6400","1.7386","32.4868"
"54.6600","1.7390","32.5099"
"54.6800","1.7393","32.5166"
"54.7000","1.7396","32.4933"
"54.7200","1.7398","32.5226"
"54.7400","1.7401","32.5198"
"54.7600","1.7404","32.3936"
"54.7800","1.7407","32.4079"
"54.8000","1.7411","32.4650"
"54.8200","1.7414","32.4683"
"54.8400","1.7418","32.5195"
"54.8600","1.7421","32.5495"
"54.8800","1.7424","32.5557"
"54.9000","1.7427","32.5976"
"54.9200","1.7431","32.5435"
"54.9400","1.7435","32.4342"
"54.9600","1.7439","32.4701"
"54.9800","1.7443","32.5686"
"55.0000","1.7446","32.6431"
"55.0200","1.7449","32.6401"
"55.0400","1.7452","32.7023"
"55.0600","1.7454","32.6487"
"55.0800","1.7457","32.6105"
"55.1000","1.7460","32.5508"
"55.1200","1.7464","32.5874"
"55.1400","1.7468","32.6463"
"55.1600","1.7471","32.6308"
"55.1800","1.7475","32.6521"
"55.2000","1.7478","32.7313"
"55.2200","1.7481","32.7032"
"55.2400","1.7483","32.6903"
"55.2600","1.7487","32.6698"
"55.2800","1.7490","32.5958"
"55.3000","1.7495","32.6118"
"55.3200","1.7499","32.7541"
"55.3400","1.7503","32.8194"
"55.3600","1.7507","32.7745"
"55.3800","1.7509","32.7689"
"55.4000","1.7512","32.7532"
"55.4200","1.7514","32.8574"
"55.4400","1.7517","32.8696"
"55.4600","1.7520","32.7311"
"55.4800","1.7524","32.7084"
"55.5000","1.7528","32.8372"
"55.5200","1.7531","32.8734"
"55.5400","1.7534","32.8040"
"55.5600","1.7538","32.7715"
"55.5800","1.7541","32.7686"
"55.6000","1.7544","32.8819"
"55.6200","1.7548","32.8822"
"55.6400","1.7552","32.8869"
"55.6600","1.7556","32.9116"
"55.6800","1.7559","32.9311"
"55.7000","1.7562","32.8567"
"55.7200","1.7565","32.8696"
"55.7400","1.7567","32.9052"
"55.7600","1.7570","32.9839"
"55.7800","1.7573","33.0229"
"55.8000","1.7577","33.0745"
"55.8200","1.7580","33.0557"
"55.8400","1.7584","33.0480"
"55.8600","1.7588","32.9864"
"55.8800","1.7591","33.0152"
"55.9000","1.7594","33.0826"
"55.9200","1.7597","33.1716"
"55.9400","1.7600","33.1477"
"55.9600","1.7604","33.0317"
"55.9800","1.7608","33.0608"
"56.0000","1.7612","33.0908"
"56.0200","1.7616","33.1435"
"56.0400","1.7620","33.0781"
"56.0600","1.7623","33.0439"
"56.0800","1.7625","33.1158"
"56.1000","1.7628","33.1032"
"56.1200","1.7631","33.1227"
"56.1400","1.7634","33.0470"
"56.1600","1.7637","33.0547"
"56.1800","1.7640","33.1053"
"56.2000","1.7644","33.0877"
"56.2200","1.7648","33.0784"
"56.2400","1.7651","33.0950"
"56.2600","1.7654","33.2124"
"56.2800","1.7658","33.2436"
"56.3000","1.7661","33.1962"
"56.3200","1.7665","33.2191"
"56.3400","1.7669","33.2212"
"56.3600","1.7673","33.2045"
"56.3800","1.7676","33.2645"
"56.4000","1.7679","33.2536"
"56.4200","1.7681","33.3178"
"56.4400","1.7684","33.3029"
"56.4600","1.7687","33.3088"
"56.4800","1.7690","33.2388"
"56.5000","1.7693","33.3197"
"56.5200","1.7697","33.3149"
"56.5400","1.7701","33.2710"
"56.5600","1.7704","33.2545"
"56.5800","1.7707","33.2332"
"56.6000","1.7710","33.2762"
"56.6200","1.7713","33.3723"
"56.6400","1.7716","33.3385"
"56.6600","1.7720","33.2408"
"56.6800","1.7724","33.2890"
"56.7000","1.7729","33.3853"
"56.7200","1.7733","33.4201"
"56.7400","1.7736","33.4515"
"56.7600","1.7739","33.3407"
"56.7800","1.7741","33.3456"
"56.8000","1.7744","33.4360"
"56.8200","1.7747","33.4428"
"56.8400","1.7750","33.4644"
"56.8600","1.7754","33.4635"
"56.8800","1.7757","33.4807"
"56.9000","1.7761","33.5686"
"56.9200","1.7764","33.5722"
"56.9400","1.7768","33.4888"
"56.9600","1.7771","33.4835"
"56.9800","1.7774","33.4571"
"57.0000","1.7778","33.5152"
"57.0200","1.7782","33.5666"
"57.0400","1.7786","33.6017"
"57.0600","1.7789","33.5948"
"57.0800","1.7792","33.5450"
"57.1000","1.7795","33.5854"
"57.1200","1.7797","33.5486"
"57.1400","1.7800","33.5036"
"57.1600","1.7803","33.5365"
"57.1800","1.7806","33.5798"
"57.2000","1.7810","33.6694"
"57.2200","1.7814","33.6395"
"57.2400","1.7818","33.5563"
"57.2600","1.7821","33.6172"
"57.2800","1.7824","33.6489"
"57.3000","1.7827","33.6483"
"57.3200","1.7830","33.6663"
"57.3400","1.7834","33.6390"
"57.3600","1.7838","33.6156"
"57.3800","1.7842","33.6161"
"57.4000","1.7847","33.6205"
"57.4200","1.7850","33.6273"
"57.4400","1.7853","33.6534"
"57.4600","1.7855","33.6987"
"57.4800","1.7857","33.7763"
"57.5000","1.7860","33.7231"
"57.5200","1.7864","33.8045"
"57.5400","1.7867","33.8979"
"57.5600","1.7871","33.9115"
"57.5800","1.7875","33.8394"
"57.6000","1.7878","33.8043"
"57.6200","1.7881","33.8539"
"57.6400","1.7885","33.9223"
"57.6600","1.7888","33.8515"
"57.6800","1.7892","33.8416"
"57.7000","1.7896","33.9110"
"57.7200","1.7899","33.8688"
"57.7400","1.7903","33.8806"
"57.7600","1.7906","33.8837"
"57.7800","1.7909","33.9205"
"57.8000","1.7911","33.9125"
"57.8200","1.7914","33.8357"
"57.8400","1.7917","33.8654"
"57.8600","1.7920","33.9254"
"57.8800","1.7924","33.9553"
"57.9000","1.7928","33.9620"
"57.9200","1.7931","33.9813"
"57.9400","1.7935","33.9901"
"57.9600","1.7937","33.9864"
"57.9800","1.7940","33.9162"
"58.0000","1.7943","33.9171"
"58.0200","1.7947","33.8971"
"58.0400","1.7951","33.8962"
"58.0600","1.7956","33.8469"
"58.0800","1.7960","33.9305"
"58.1000","1.7964","33.9722"
"58.1200","1.7967","33.9529"
"58.1400","1.7969","34.0005"
"58.1600","1.7971","34.0058"
"58.1800","1.7974","34.0991"
"58.2000","1.7977","34.0686"
"58.2200","1.7980","34.0728"
"58.2400","1.7984","34.0979"
"58.2600","1.7988","34.1218"
"58.2800","1.7992","34.1419"
"58.3000","1.7995","34.1975"
"58.3200","1.7998","34.1569"
"58.3400","1.8002","34.1976"
"58.3600","1.8005","34.2457"
"58.3800","1.8009","34.2122"
"58.4000","1.8012","34.1595"
"58.4200","1.8016","34.1876"
"58.4400","1.8019","34.2822"
"58.4600","1.8022","34.3029"
"58.4800","1.8025","34.2760"
"58.5000","1.8027","34.2097"
"58.5200","1.8030","34.2130"
"58.5400","1.8033","34.2562"
"58.5600","1.8037","34.2272"
"58.5800","1.8041","34.1869"
"58.6000","1.8044","34.2663"
"58.6200","1.8048","34.2981"
"58.6400","1.8051","34.2063"
"58.6600","1.8054","34.2118"
"58.6800","1.8056","34.2604"
"58.7000","1.8060","34.3629"
"58.7200","1.8064","34.3037"
"58.7400","1.8068","34.3539"
"58.7600","1.8073","34.3896"
"58.7800","1.8077","34.4137"
"58.8000","1.8080","34.3209"
"58.8200","1.8083","34.3652"
"58.8400","1.8085","34.3752"
"58.8600","1.8087","34.3851"
"58.8800","1.8090","34.3483"
"58.9000","1.8093","34.3781"
"58.9200","1.8097","34.3668"
"58.9400","1.8101","34.3750"
"58.9600","1.8105","34.3751"
"58.9800","1.8108","34.4395"
"59.0000","1.8112","34.4425"
"59.0200","1.8115","34.4317"
"59.0400","1.8118","34.4050"
"59.0600","1.8121","34.4705"
"59.0800","1.8125","34.5483"
"59.1000","1.8129","34.5665"
"59.1200","1.8133","34.5703"
"59.1400","1.8136","34.5244"
"59.1600","1.8138","34.5096"
"59.1800","1.8141","34.5204"
"59.2000","1.8144","34.4664"
"59.2200","1.8147","34.5549"
"59.2400","1.8150","34.5841"
"59.2600","1.8154","34.5658"
"59.2800","1.8157","34.6012"
"59.3000","1.8161","34.6545"
"59.3200","1.8164","34.6738"
"59.3400","1.8167","34.7400"
"59.3600","1.8169","34.6486"
"59.3800","1.8173","34.5975"
"59.4000","1.8176","34.6242"
"59.4200","1.8180","34.6703"
"59.4400","1.8185","34.7744"
"59.4600","1.8190","34.7243"
"59.4800","1.8194","34.6944"
"59.5000","1.8197","34.7437"
"59.5200","1.8199","34.7791"
"59.5400","1.8201","34.7528"
"59.5600","1.8204","34.7353"
"59.5800","1.8207","34.7009"
"59.6000","1.8210","34.7093"
"59.6200","1.8214","34.7934"
"59.6400","1.8218","34.7523"
"59.6600","1.8222","34.8385"
"59.6800","1.8225","34.8359"
"59.7000","1.8228","34.7810"
"59.7200","1.8231","34.7862"
"59.7400","1.8235","34.8015"
"59.7600","1.8238","34.8345"
"59.7800","1.8242","34.7806"
"59.8000","1.8246","34.8019"
"59.8200","1.8249","34.8390"
"59.8400","1.8252","34.8793"
"59.8600","1.8255","34.8925"
"59.8800","1.8257","34.8323"
"59.9000","1.8260","34.8371"
"59.9200","1.8263","34.9252"
"59.9400","1.8267","34.8872"
"59.9600","1.8271","34.8487"
"59.9800","1.8274","34.9098"
"60.0000","1.8278","34.9499"
"60.0200","1.8280","34.8959"
"60.0400","1.8283","34.9022"
"60.0600","1.8286","35.0002"
"60.0800","1.8289","34.9600"
"60.1000","1.8293","34.9370"
"60.1200","1.8298","34.9964"
"60.1400","1.8302","34.9921"
"60.1600","1.8306","34.9637"
"60.1800","1.8310","35.0376"
"60.2000","1.8312","35.1130"
"60.2200","1.8315","35.1272"
"60.2400","1.8317","35.0343"
"60.2600","1.8320","35.0522"
"60.2800","1.8323","35.0829"
"60.3000","1.8327","35.0341"
"60.3200","1.8331","34.9987"
"60.3400","1.8334","35.0111"
"60.3600","1.8338","35.0718"
"60.3800","1.8341","35.1363"
"60.4000","1.8344","35.1602"
"60.4200","1.8348","35.2061"
"60.4400","1.8351","35.1409"
"60.4600","1.8355","35.1491"
"60.4800","1.8359","35.1290"
"60.5000","1.8363","35.0967"
"60.5200","1.8366","35.2063"
"60.5400","1.8368","35.2677"
"60.5600","1.8371","35.2882"
"60.5800","1.8374","35.3578"
"60.6000","1.8377","35.2671"
"60.6200","1.8380","35.1656"
"60.6400","1.8384","35.1438"
"60.6600","1.8388","35.1384"
"60.6800","1.8391","35.1802"
"60.7000","1.8394","35.1874"
"60.7200","1.8397","35.3347"
"60.7400","1.8400","35.3108"
"60.7600","1.8403","35.3165"
"60.7800","1.8407","35.3283"
"60.8000","1.8411","35.4277"
"60.8200","1.8415","35.4317"
"60.8400","1.8420","35.3702"
"60.8600","1.8423","35.3493"
"60.8800","1.8426","35.3267"
"60.9000","1.8429","35.3879"
"60.9200","1.8431","35.3402"
"60.9400","1.8434","35.4031"
"60.9600","1.8437","35.4165"
"60.9800","1.8441","35.3789"
"61.0000","1.8444","35.4149"
"61.0200","1.8448","35.4664"
"61.0400","1.8451","35.4936"
"61.0600","1.8454","35.3843"
"61.0800","1.8458","35.3413"
"61.1000","1.8461","35.3531"
"61.1200","1.8465","35.4319"
"61.1400","1.8469","35.4447"
"61.1600","1.8473","35.4710"
"61.1800","1.8476","35.4022"
"61.2000","1.8480","35.4756"
"61.2200","1.8482","35.5669"
"61.2400","1.8485","35.5987"
"61.2600","1.8487","35.5374"
"61.2800","1.8490","35.4803"
"61.3000","1.8494","35.5274"
"61.3200","1.8497","35.5545"
"61.3400","1.8501","35.5682"
"61.3600","1.8505","35.6082"
"61.3800","1.8508","35.5983"
"61.4000","1.8511","35.5638"
"61.4200","1.8514","35.6320"
"61.4400","1.8517","35.6169"
"61.4600","1.8520","35.6096"
"61.4800","1.8524","35.6190"
"61.5000","1.8528","35.5661"
"61.5200","1.8532","35.6386"
"61.5400","1.8536","35.6424"
"61.5600","1.8540","35.6683"
"61.5800","1.8542","35.7031"
"61.6000","1.8545","35.6813"
"61.6200","1.8547","35.7009"
"61.6400","1.8550","35.6578"
"61.6600","1.8554","35.6756"
"61.6800","1.8557","35.7155"
"61.7000","1.8561","35.7779"
"61.7200","1.8565","35.8077"
"61.7400","1.8568","35.7306"
"61.7600","1.8571","35.6847"
"61.7800","1.8574","35.7907"
"61.8000","1.8578","35.8029"
"61.8200","1.8582","35.7313"
"61.8400","1.8586","35.7246"
"61.8600","1.8590","35.7763"
"61.8800","1.8593","35.8674"
"61.9000","1.8596","35.8968"
"61.9200","1.8599","35.8735"
"61.9400","1.8601","35.8300"
"61.9600","1.8604","35.9000"
"61.9800","1.8607","35.9213"
"62.0000","1.8610","35.8449"
"62.0200","1.8614","35.7981"
"62.0400","1.8618","35.8508"
"62.0600","1.8621","35.8278"
"62.0800","1.8624","35.8678"
"62.1000","1.8627","35.9584"
"62.1200","1.8629","35.9438"
"62.1400","1.8633","35.8337"
"62.1600","1.8636","35.8104"
"62.1800","1.8640","35.9243"
"62.2000","1.8645","35.9730"
"62.2200","1.8649","35.9392"
"62.2400","1.8653","35.9643"
"62.2600","1.8656","35.9976"
"62.2800","1.8658","36.0453"
"62.3000","1.8661","36.0424"
"62.3200","1.8664","35.9959"
"62.3400","1.8667","35.9435"
"62.3600","1.8671","36.0383"
"62.3800","1.8674","36.0604"
"62.4000","1.8678","35.9909"
"62.4200","1.8682","36.0202"
"62.4400","1.8685","36.0108"
"62.4600","1.8688","36.0560"
"62.4800","1.8691","36.0656"
"62.5000","1.8694","35.9750"
"62.5200","1.8698","35.9632"
"62.5400","1.8703","36.0145"
"62.5600","1.8706","36.1132"
"62.5800","1.8710","36.1852"
"62.6000","1.8712","36.2018"
"62.6200","1.8715","36.1263"
"62.6400","1.8718","36.1602"
"62.6600","1.8721","36.1885"
"62.6800","1.8724","36.1813"
"62.7000","1.8728","36.1054"
"62.7200","1.8731","36.1306"
"62.7400","1.8735","36.1929"
"62.7600","1.8738","36.1454"
"62.7800","1.8741","36.2112"
"62.8000","1.8743","36.2918"
"62.8200","1.8746","36.2366"
"62.8400","1.8749","36.2408"
"62.8600","1.8753","36.2275"
"62.8800","1.8758","36.2288"
"62.9000","1.8762","36.2831"
"62.9200","1.8766","36.2963"
"62.9400","1.8769","36.2785"
"62.9600","1.8772","36.2836"
"62.9800","1.8774","36.3217"
"63.0000","1.8777","36.2837"
"63.0200","1.8780","36.2239"
"63.0400","1.8784","36.2918"
"63.0600","1.8787","36.3267"
"63.0800","1.8791","36.3397"
"63.1000","1.8795","36.4492"
"63.1200","1.8798","36.4032"
"63.1400","1.8801","36.4175"
"63.1600","1.8804","36.4377"
"63.1800","1.8808","36.3853"
"63.2000","1.8812","36.3493"
"63.2200","1.8816","36.4482"
"63.2400","1.8820","36.4733"
"63.2600","1.8823","36.4991"
"63.2800","1.8826","36.4577"
"63.3000","1.8828","36.4544"
"63.3200","1.8831","36.5282"
"63.3400","1.8834","36.4821"
"63.3600","1.8837","36.5343"
"63.3800","1.8841","36.5524"
"63.4000","1.8844","36.5440"
"63.4200","1.8848","36.4767"
"63.4400","1.8851","36.5544"
"63.4600","1.8854","36.5216"
"63.4800","1.8857","36.5703"
"63.5000","1.8860","36.5675"
"63.5200","1.8863","36.5724"
"63.5400","1.8867","36.5182"
"63.5600","1.8871","36.4938"
"63.5800","1.8875","36.5173"
"63.6000","1.8879","36.5609"
"63.6200","1.8883","36.6458"
"63.6400","1.8886","36.6028"
"63.6600","1.8888","36.5536"
"63.6800","1.8890","36.5953"
"63.7000","1.8893","36.6966"
"63.7200","1.8897","36.7123"
"63.7400","1.8900","36.7072"
"63.7600","1.8904","36.6967"
"63.7800","1.8908","36.6594"
"63.8000","1.8911","36.7216"
"63.8200","1.8914","36.7360"
"63.8400","1.8917","36.6591"
"63.8600","1.8921","36.7474"
"63.8800","1.8925","36.7142"
"63.9000","1.8929","36.6712"
"63.9200","1.8933","36.6993"
"63.9400","1.8936","36.7712"
"63.9600","1.8939","36.7842"
"63.9800","1.8942","36.7332"
"64.0000","1.8945","36.7706"
"64.0200","1.8947","36.8079"
"64.0400","1.8950","36.8601"
"64.0600","1.8954","36.8504"
"64.0800","1.8958","36.7761"
"64.1000","1.8961","36.7694"
"64.1200","1.8965","36.8307"
"64.1400","1.8968","36.8823"
"64.1600","1.8971","36.8358"
"64.1800","1.8973","36.7929"
"64.2000","1.8976","36.7467"
"64.2200","1.8980","36.7375"
"64.2400","1.8984","36.8672"
"64.2600","1.8988","36.9231"
"64.2800","1.8992","36.9891"
"64.3000","1.8996","37.0136"
"64.3200","1.8999","36.9696"
"64.3400","1.9002","36.9199"
"64.3600","1.9004","36.8885"
"64.3800","1.9007","36.9011"
"64.4000","1.9010","36.9618"
"64.4200","1.9014","37.0087"
"64.4400","1.9017","37.0186"
"64.4600","1.9021","37.0095"
"64.4800","1.9025","36.8657"
"64.5000","1.9028","36.8575"
"64.5200","1.9031","36.8803"
"64.5400","1.9034","36.9506"
"64.5600","1.9038","36.9306"
"64.5800","1.9042","36.9199"
"64.6000","1.9046","36.9317"
"64.6200","1.9049","37.0526"
"64.6400","1.9053","37.0685"
"64.6600","1.9055","37.0431"
"64.6800","1.9058","37.0386"
"64.7000","1.9061","37.0309"
"64.7200","1.9063","37.1036"
"64.7400","1.9067","37.1019"
"64.7600","1.9070","37.1336"
"64.7800","1.9074","37.1040"
"64.8000","1.9078","37.1432"
"64.8200","1.9081","37.1586"
"64.8400","1.9084","37.1700"
"64.8600","1.9087","37.1784"
"64.8800","1.9090","37.2014"
"64.9000","1.9093","37.1868"
"64.9200","1.9097","37.2436"
"64.9400","1.9101","37.2612"
"64.9600","1.9106","37.2456"
"64.9800","1.9110","37.2397"
"65.0000","1.9113","37.2256"
"65.0200","1.9116","37.2821"
"65.0400","1.9118","37.1974"
"65.0600","1.9121","37.2290"
"65.0800","1.9124","37.2958"
"65.1000","1.9127","37.3617"
"65.1200","1.9131","37.3650"
"65.1400","1.9134","37.3904"
"65.1600","1.9138","37.4404"
"65.1800","1.9141","37.3955"
"65.2000","1.9144","37.2861"
"65.2200","1.9148","37.2947"
"65.2400","1.9151","37.2763"
"65.2600","1.9155","37.3337"
"65.2800","1.9159","37.3807"
"65.3000","1.9163","37.3778"
"65.3200","1.9167","37.3419"
"65.3400","1.9169","37.3590"
"65.3600","1.9172","37.3621"
"65.3800","1.9174","37.3702"
"65.4000","1.9177","37.3834"
"65.4200","1.9180","37.4522"
"65.4400","1.9184","37.4393"
"65.4600","1.9187","37.4340"
"65.4800","1.9191","37.4537"
"65.5000","1.9195","37.4875"
"65.5200","1.9198","37.4983"
"65.5400","1.9201","37.4654"
"65.5600","1.9204","37.4256"
"65.5800","1.9207","37.4046"
"65.6000","1.9210","37.4709"
"65.6200","1.9214","37.4396"
"65.6400","1.9218","37.4116"
"65.6600","1.9223","37.4510"
"65.6800","1.9226","37.5169"
"65.7000","1.9229","37.5637"
"65.7200","1.9232","37.5341"
"65.7400","1.9234","37.5428"
"65.7600","1.9237","37.6369"
"65.7800","1.9240","37.6774"
"65.8000","1.9244","37.6599"
"65.8200","1.9247","37.6225"
"65.8400","1.9251","37.6788"
"65.8600","1.9254","37.6404"
"65.8800","1.9258","37.6220"
"65.9000","1.9261","37.5916"
"65.9200","1.9264","37.6430"
"65.9400","1.9268","37.6648"
"65.9600","1.9272","37.7484"
"65.9800","1.9276","37.7072"
"66.0000","1.9280","37.6601"
"66.0200","1.9283","37.7105"
"66.0400","1.9286","37.7775"
"66.0600","1.9288","37.7658"
"66.0800","1.9291","37.7725"
"66.1000","1.9294","37.7411"
"66.1200","1.9297","37.7127"
"66.1400","1.9301","37.6905"
"66.1600","1.9304","37.7207"
"66.1800","1.9308","37.7961"
"66.2000","1.9312","37.8459"
"66.2200","1.9314","37.8267"
"66.2400","1.9317","37.8191"
"66.2600","1.9320","37.7827"
"66.2800","1.9323","37.7984"
"66.3000","1.9327","37.7581"
"66.3200","1.9331","37.7313"
"66.3400","1.9336","37.7526"
"66.3600","1.9340","37.7804"
"66.3800","1.9343","37.7742"
"66.4000","1.9346","37.8988"
"66.4200","1.9348","37.9303"
"66.4400","1.9351","37.9672"
"66.4600","1.9353","37.9684"
"66.4800","1.9357","37.9533"
"66.5000","1.9360","37.9650"
"66.5200","1.9364","37.9243"
"66.5400","1.9368","37.8631"
"66.5600","1.9371","37.8846"
"66.5800","1.9374","37.9340"
"66.6000","1.9377","37.9429"
"66.6200","1.9381","37.9281"
"66.6400","1.9385","37.9427"
"66.6600","1.9389","37.9557"
"66.6800","1.9393","37.9733"
"66.7000","1.9397","38.0236"
"66.7200","1.9399","38.1443"
"66.7400","1.9402","38.1169"
"66.7600","1.9405","37.9974"
"66.7800","1.9407","37.9461"
"66.8000","1.9410","38.0440"
"66.8200","1.9414","38.0962"
"66.8400","1.9417","38.0446"
"66.8600","1.9421","38.0710"
"66.8800","1.9425","38.1115"
"66.9000","1.9428","38.1038"
"66.9200","1.9431","38.0819"
"66.9400","1.9433","38.0520"
"66.9600","1.9436","38.0925"
"66.9800","1.9440","38.1020"
"67.0000","1.9444","38.1196"
"67.0200","1.9448","38.1656"
"67.0400","1.9453","38.1776"
"67.0600","1.9456","38.2431"
"67.0800","1.9459","38.1441"
"67.1000","1.9462","38.1578"
"67.1200","1.9464","38.1654"
"67.1400","1.9467","38.1888"
"67.1600","1.9470","38.2181"
"67.1800","1.9473","38.2091"
"67.2000","1.9477","38.2151"
"67.2200","1.9481","38.1831"
"67.2400","1.9484","38.2528"
"67.2600","1.9487","38.2847"
"67.2800","1.9490","38.2291"
"67.3000","1.9494","38.1533"
"67.3200","1.9498","38.2118"
"67.3400","1.9502","38.2374"
"67.3600","1.9506","38.3053"
"67.3800","1.9510","38.4024"
"67.4000","1.9513","38.4252"
"67.4200","1.9515","38.3567"
"67.4400","1.9518","38.3222"
"67.4600","1.9520","38.3669"
"67.4800","1.9523","38.3900"
"67.5000","1.9527","38.4242"
"67.5200","1.9530","38.4044"
"67.5400","1.9534","38.4489"
"67.5600","1.9538","38.3756"
"67.5800","1.9541","38.3309"
"67.6000","1.9544","38.3593"
"67.6200","1.9547","38.3807"
"67.6400","1.9550","38.3112"
"67.6600","1.9553","38.4334"
"67.6800","1.9557","38.4400"
"67.7000","1.9561","38.4681"
"67.7200","1.9566","38.4995"
"67.7400","1.9570","38.4414"
"67.7600","1.9573","38.5664"
"67.7800","1.9576","38.6538"
"67.8000","1.9578","38.5774"
"67.8200","1.9581","38.5351"
"67.8400","1.9583","38.4806"
"67.8600","1.9587","38.4668"
"67.8800","1.9590","38.4896"
"67.9000","1.9594","38.5195"
"67.9200","1.9597","38.5710"
"67.9400","1.9601","38.5407"
"67.9600","1.9604","38.5064"
"67.9800","1.9607","38.4822"
"68.0000","1.9611","38.5577"
"68.0200","1.9615","38.6529"
"68.0400","1.9619","38.5956"
"68.0600","1.9623","38.6412"
"68.0800","1.9626","38.6174"
"68.1000","1.9629","38.5986"
"68.1200","1.9632","38.6195"
"68.1400","1.9634","38.6788"
"68.1600","1.9637","38.6550"
"68.1800","1.9640","38.5989"
"68.2000","1.9644","38.6479"
"68.2200","1.9648","38.6990"
"68.2400","1.9651","38.7142"
"68.2600","1.9655","38.6629"
"68.2800","1.9658","38.7700"
"68.3000","1.9661","38.8089"
"68.3200","1.9663","38.7703"
"68.3400","1.9666","38.6847"
"68.3600","1.9670","38.7262"
"68.3800","1.9674","38.7589"
"68.4000","1.9679","38.7411"
"68.4200","1.9683","38.7914"
"68.4400","1.9687","38.8346"
"68.4600","1.9690","38.8807"
"68.4800","1.9692","38.9135"
"68.5000","1.9695","38.8956"
"68.5200","1.9697","38.8721"
"68.5400","1.9700","38.8806"
"68.5600","1.9704","38.8295"
"68.5800","1.9707","38.8943"
"68.6000","1.9711","38.9056"
"68.6200","1.9715","38.8724"
"68.6400","1.9718","38.8715"
"68.6600","1.9721","38.8343"
"68.6800","1.9724","38.8216"
"68.7000","1.9728","38.8667"
"68.7200","1.9732","38.9295"
"68.7400","1.9736","38.9478"
"68.7600","1.9740","38.9864"
"68.7800","1.9743","38.9316"
"68.8000","1.9746","38.8833"
"68.8200","1.9748","38.8910"
"68.8400","1.9751","38.9331"
"68.8600","1.9754","39.0332"
"68.8800","1.9757","38.9618"
"68.9000","1.9761","38.8704"
"68.9200","1.9765","38.9538"
"68.9400","1.9768","39.0574"
"68.9600","1.9772","39.1084"
"68.9800","1.9774","39.0868"
"69.0000","1.9777","39.0883"
"69.0200","1.9780","39.0529"
"69.0400","1.9783","39.0602"
"69.0600","1.9787","39.0956"
"69.0800","1.9792","39.1082"
"69.1000","1.9796","39.1126"
"69.1200","1.9800","39.0591"
"69.1400","1.9804","39.0807"
"69.1600","1.9806","39.1784"
"69.1800","1.9808","39.1462"
"69.2000","1.9811","39.1350"
"69.2200","1.9814","39.1758"
"69.2400","1.9817","39.1368"
"69.2600","1.9821","39.1653"
"69.2800","1.9824","39.2245"
"69.3000","1.9828","39.2568"
"69.3200","1.9831","39.2292"
"69.3400","1.9834","39.1787"
"69.3600","1.9838","39.2180"
"69.3800","1.9841","39.2165"
"69.4000","1.9845","39.2123"
"69.4200","1.9849","39.2869"
"69.4400","1.9853","39.2905"
"69.4600","1.9856","39.2613"
"69.4800","1.9859","39.2332"
"69.5000","1.9862","39.3192"
"69.5200","1.9864","39.3949"
"69.5400","1.9867","39.3766"
"69.5600","1.9870","39.3282"
"69.5800","1.9874","39.3051"
"69.6000","1.9877","39.3100"
"69.6200","1.9881","39.3238"
"69.6400","1.9885","39.3843"
"69.6600","1.9888","39.3165"
"69.6800","1.9890","39.3321"
"69.7000","1.9893","39.4063"
"69.7200","1.9896","39.3518"
"69.7400","1.9900","39.3426"
"69.7600","1.9904","39.4080"
"69.7800","1.9908","39.4147"
"69.8000","1.9913","39.3584"
"69.8200","1.9916","39.3349"
"69.8400","1.9919","39.3758"
"69.8600","1.9922","39.3449"
"69.8800","1.9924","39.3112"
"69.9000","1.9927","39.4126"
"69.9200","1.9930","39.5038"
"69.9400","1.9934","39.5483"
"69.9600","1.9937","39.4672"
"69.9800","1.9941","39.4466"
"70.0000","1.9944","39.4681"
"70.0200","1.9947","39.4723"
"70.0400","1.9950","39.5089"
"70.0600","1.9954","39.4980"
"70.0800","1.9958","39.5267"
"70.1000","1.9962","39.5027"
"70.1200","1.9966","39.5644"
"70.1400","1.9969","39.5790"
"70.1600","1.9972","39.5823"
"70.1800","1.9975","39.5640"
"70.2000","1.9978","39.6028"
"70.2200","1.9980","39.5596"
"70.2400","1.9983","39.5436"
"70.2600","1.9986","39.5764"
"70.2800","1.9990","39.5544"
"70.3000","1.9994","39.5850"
"70.3200","1.9998","39.6090"
"70.3400","2.0001","39.6802"
"70.3600","2.0004","39.6551"
"70.3800","2.0007","39.6305"
"70.4000","2.0010","39.5760"
"70.4200","2.0014","39.6570"
"70.4400","2.0017","39.6197"
"70.4600","2.0022","39.5624"
"70.4800","2.0026","39.6313"
"70.5000","2.0030","39.6553"
"70.5200","2.0033","39.7806"
"70.5400","2.0036","39.7730"
"70.5600","2.0038","39.8004"
"70.5800","2.0041","39.7210"
"70.6000","2.0044","39.7123"
"70.6200","2.0047","39.8338"
"70.6400","2.0050","39.8248"
"70.6600","2.0054","39.7182"
"70.6800","2.0058","39.7109"
"70.7000","2.0061","39.8791"
"70.7200","2.0064","39.9317"
"70.7400","2.0067","39.8362"
"70.7600","2.0071","39.8774"
"70.7800","2.0075","39.8529"
"70.8000","2.0079","39.8299"
"70.8200","2.0083","39.8664"
"70.8400","2.0086","39.8950"
"70.8600","2.0089","39.9377"
"70.8800","2.0091","39.8784"
"70.9000","2.0094","39.9221"
"70.9200","2.0097","39.9315"
"70.9400","2.0100","39.9349"
"70.9600","2.0103","39.9267"
"70.9800","2.0107","39.9235"
"71.0000","2.0111","39.9527"
"71.0200","2.0114","39.9488"
"71.0400","2.0118","39.9251"
"71.0600","2.0120","39.9369"
"71.0800","2.0123","39.8671"
"71.1000","2.0127","39.9300"
"71.1200","2.0130","39.9681"
"71.1400","2.0134","40.0951"
"71.1600","2.0139","40.1385"
"71.1800","2.0143","40.0459"
"71.2000","2.0147","40.0297"
"71.2200","2.0150","40.1257"
"71.2400","2.0152","40.1102"
"71.2600","2.0154","40.0182"
"71.2800","2.0157","39.9637"
"71.3000","2.0160","40.0675"
"71.3200","2.0164","40.1378"
"71.3400","2.0168","40.0540"
"71.3600","2.0171","40.0132"
"71.3800","2.0175","40.0082"
"71.4000","2.0178","40.1001"
"71.4200","2.0181","40.1874"
"71.4400","2.0185","40.1088"
"71.4600","2.0189","40.1350"
"71.4800","2.0193","40.0691"
"71.5000","2.0196","40.1674"
"71.5200","2.0200","40.2741"
"71.5400","2.0202","40.2617"
"71.5600","2.0205","40.1614"
"71.5800","2.0207","40.1814"
"71.6000","2.0210","40.2080"
"71.6200","2.0213","40.2238"
"71.6400","2.0216","40.1677"
"71.6600","2.0220","40.2364"
"71.6800","2.0224","40.3115"
"71.7000","2.0227","40.3220"
"71.7200","2.0231","40.3757"
"71.7400","2.0234","40.3798"
"71.7600","2.0237","40.3493"
"71.7800","2.0240","40.3320"
"71.8000","2.0243","40.3210"
"71.8200","2.0247","40.3267"
"71.8400","2.0252","40.3310"
"71.8600","2.0256","40.3570"
"71.8800","2.0260","40.3931"
"71.9000","2.0262","40.4683"
"71.9200","2.0265","40.5337"
"71.9400","2.0267","40.5398"
"71.9600","2.0270","40.4244"
"71.9800","2.0273","40.3160"
"72.0000","2.0277","40.2615"
"72.0200","2.0281","40.3444"
"72.0400","2.0284","40.4677"
"72.0600","2.0288","40.4393"
"72.0800","2.0291","40.4309"
"72.1000","2.0295","40.4503"
"72.1200","2.0298","40.3775"
"72.1400","2.0302","40.4263"
"72.1600","2.0305","40.5211"
"72.1800","2.0309","40.5475"
"72.2000","2.0313","40.5080"
"72.2200","2.0316","40.3884"
"72.2400","2.0319","40.4587"
"72.2600","2.0322","40.5074"
"72.2800","2.0324","40.4782"
"72.3000","2.0327","40.4830"
"72.3200","2.0330","40.5509"
"72.3400","2.0334","40.6018"
"72.3600","2.0338","40.6200"
"72.3800","2.0341","40.6067"
"72.4000","2.0345","40.6148"
"72.4200","2.0348","40.6408"
"72.4400","2.0350","40.6433"
"72.4600","2.0353","40.7370"
"72.4800","2.0357","40.6752"
"72.5000","2.0361","40.6922"
"72.5200","2.0365","40.7498"
"72.5400","2.0370","40.6633"
"72.5600","2.0374","40.6616"
"72.5800","2.0377","40.6530"
"72.6000","2.0379","40.7812"
"72.6200","2.0381","40.7294"
"72.6400","2.0384","40.6887"
"72.6600","2.0387","40.6789"
"72.6800","2.0390","40.6363"
"72.7000","2.0394","40.7026"
"72.7200","2.0398","40.8423"
"72.7400","2.0401","40.9338"
"72.7600","2.0405","40.7681"
"72.7800","2.0408","40.7473"
"72.8000","2.0411","40.7209"
"72.8200","2.0415","40.7955"
"72.8400","2.0418","40.7547"
"72.8600","2.0422","40.8623"
"72.8800","2.0426","40.9658"
"72.9000","2.0429","40.9769"
"72.9200","2.0432","40.9629"
"72.9400","2.0435","40.8992"
"72.9600","2.0437","40.8801"
"72.9800","2.0440","40.9097"
"73.0000","2.0443","41.0045"
"73.0200","2.0447","40.9111"
"73.0400","2.0450","40.8894"
"73.0600","2.0454","40.9231"
"73.0800","2.0458","40.9198"
"73.1000","2.0461","40.8976"
"73.1200","2.0464","40.9300"
"73.1400","2.0466","40.9153"
"73.1600","2.0470","40.8947"
"73.1800","2.0473","40.8985"
"73.2000","2.0478","40.8755"
"73.2200","2.0482","40.8778"
"73.2400","2.0487","40.9440"
"73.2600","2.0490","41.0033"
"73.2800","2.0493","40.9736"
"73.3000","2.0495","40.9958"
"73.3200","2.0498","41.1052"
"73.3400","2.0500","41.0616"
"73.3600","2.0503","41.0479"
"73.3800","2.0507","41.0274"
"73.4000","2.0511","41.0528"
"73.4200","2.0515","41.1098"
"73.4400","2.0519","41.1184"
"73.4600","2.0522","41.0718"
"73.4800","2.0525","41.1226"
"73.5000","2.0528","41.0977"
"73.5200","2.0531","41.1001"
"73.5400","2.0535","41.1430"
"73.5600","2.0539","41.2302"
"73.5800","2.0543","41.1584"
"73.6000","2.0546","41.1391"
"73.6200","2.0549","41.1555"
"73.6400","2.0551","41.2120"
"73.6600","2.0554","41.1762"
"73.6800","2.0557","41.1266"
"73.7000","2.0560","41.1235"
"73.7200","2.0563","41.2352"
"73.7400","2.0567","41.2507"
"73.7600","2.0571","41.2444"
"73.7800","2.0574","41.2001"
"73.8000","2.0577","41.2605"
"73.8200","2.0580","41.2234"
"73.8400","2.0583","41.2142"
"73.8600","2.0586","41.1834"
"73.8800","2.0590","41.2018"
"73.9000","2.0595","41.2854"
"73.9200","2.0599","41.2696"
"73.9400","2.0603","41.2726"
"73.9600","2.0607","41.2601"
"73.9800","2.0609","41.2925"
"74.0000","2.0611","41.3475"
"74.0200","2.0614","41.4043"
"74.0400","2.0617","41.3804"
"74.0600","2.0620","41.4009"
"74.0800","2.0624","41.4745"
"74.1000","2.0628","41.4666"
"74.1200","2.0631","41.4463"
"74.1400","2.0635","41.3908"
"74.1600","2.0638","41.4064"
"74.1800","2.0641","41.4607"
"74.2000","2.0645","41.4615"
"74.2200","2.0648","41.4531"
"74.2400","2.0652","41.5072"
"74.2600","2.0656","41.5607"
"74.2800","2.0659","41.4578"
"74.3000","2.0662","41.3769"
"74.3200","2.0665","41.4295"
"74.3400","2.0668","41.4553"
"74.3600","2.0670","41.5381"
"74.3800","2.0674","41.4716"
"74.4000","2.0677","41.4571"
"74.4200","2.0681","41.4524"
"74.4400","2.0684","41.4781"
"74.4600","2.0688","41.4629"
"74.4800","2.0691","41.5250"
"74.5000","2.0694","41.5102"
"74.5200","2.0696","41.5419"
"74.5400","2.0700","41.4632"
"74.5600","2.0703","41.5994"
"74.5800","2.0708","41.6580"
"74.6000","2.0712","41.7404"
"74.6200","2.0716","41.6246"
"74.6400","2.0720","41.5182"
"74.6600","2.0723","41.5845"
"74.6800","2.0725","41.6628"
"74.7000","2.0728","41.6583"
"74.7200","2.0730","41.7066"
"74.7400","2.0733","41.7000"
"74.7600","2.0737","41.6975"
"74.7800","2.0741","41.7767"
"74.8000","2.0745","41.7078"
"74.8200","2.0748","41.7387"
"74.8400","2.0751","41.7614"
"74.8600","2.0754","41.7976"
"74.8800","2.0758","41.7866"
"74.9000","2.0761","41.6945"
"74.9200","2.0765","41.6804"
"74.9400","2.0769","41.6968"
"74.9600","2.0773","41.7751"
"74.9800","2.0776","41.8057"
"75.0000","2.0779","41.7802"
"75.0200","2.0781","41.8156"
"75.0400","2.0784","41.8591"
"75.0600","2.0787","41.7664"
"75.0800","2.0790","41.7342"
"75.1000","2.0793","41.8218"
"75.1200","2.0797","41.8300"
"75.1400","2.0801","41.8791"
"75.1600","2.0804","41.9228"
"75.1800","2.0807","41.9272"
"75.2000","2.0810","41.9450"
"75.2200","2.0813","41.9227"
"75.2400","2.0816","41.8963"
"75.2600","2.0820","41.9481"
"75.2800","2.0825","41.9361"
"75.3000","2.0829","41.9011"
"75.3200","2.0833","41.9128"
"75.3400","2.0836","41.9186"
"75.3600","2.0839","42.0072"
"75.3800","2.0841","42.0022"
"75.4000","2.0844","42.0286"
"75.4200","2.0847","41.9998"
"75.4400","2.0850","41.9377"
"75.4600","2.0854","42.0083"
"75.4800","2.0858","42.0224"
"75.5000","2.0861","42.0050"
"75.5200","2.0864","42.0387"
"75.5400","2.0867","42.0714"
"75.5600","2.0871","42.1692"
"75.5800","2.0874","42.0949"
"75.6000","2.0878","42.0372"
"75.6200","2.0882","42.0372"
"75.6400","2.0886","42.0545"
"75.6600","2.0889","42.0691"
"75.6800","2.0892","42.1032"
"75.7000","2.0895","42.0682"
"75.7200","2.0897","42.0996"
"75.7400","2.0900","42.1314"
"75.7600","2.0903","42.1980"
"75.7800","2.0907","42.1947"
"75.8000","2.0911","42.1404"
"75.8200","2.0914","42.1200"
"75.8400","2.0918","42.1780"
"75.8600","2.0921","42.2277"
"75.8800","2.0923","42.2290"
"75.9000","2.0926","42.1609"
"75.9200","2.0930","42.1625"
"75.9400","2.0933","42.2178"
"75.9600","2.0938","42.2219"
"75.9800","2.0942","42.1866"
"76.0000","2.0946","42.1853"
"76.0200","2.0950","42.2636"
"76.0400","2.0952","42.3156"
"76.0600","2.0955","42.3147"
"76.0800","2.0957","42.3459"
"76.1000","2.0960","42.2859"
"76.1200","2.0964","42.2917"
"76.1400","2.0967","42.2366"
"76.1600","2.0971","42.2248"
"76.1800","2.0975","42.2191"
"76.2000","2.0978","42.3387"
"76.2200","2.0981","42.3925"
"76.2400","2.0984","42.3022"
"76.2600","2.0988","42.3291"
"76.2800","2.0991","42.3710"
"76.3000","2.0996","42.3256"
"76.3200","2.1000","42.3813"
"76.3400","2.1003","42.5054"
"76.3600","2.1006","42.5143"
"76.3800","2.1009","42.4923"
"76.4000","2.1011","42.4583"
"76.4200","2.1014","42.4810"
"76.4400","2.1017","42.4952"
"76.4600","2.1020","42.4704"
"76.4800","2.1024","42.5159"
"76.5000","2.1028","42.5345"
"76.5200","2.1031","42.4982"
"76.5400","2.1034","42.5460"
"76.5600","2.1037","42.5145"
"76.5800","2.1040","42.4959"
"76.6000","2.1043","42.4944"
"76.6200","2.1046","42.5276"
"76.6400","2.1051","42.5122"
"76.6600","2.1055","42.4777"
"76.6800","2.1059","42.5243"
"76.7000","2.1063","42.5815"
"76.7200","2.1066","42.5757"
"76.7400","2.1068","42.5076"
"76.7600","2.1071","42.5082"
"76.7800","2.1074","42.5814"
"76.8000","2.1077","42.6053"
"76.8200","2.1081","42.5707"
"76.8400","2.1084","42.6024"
"76.8600","2.1088","42.6436"
"76.8800","2.1092","42.7251"
"76.9000","2.1095","42.7449"
"76.9200","2.1098","42.6803"
"76.9400","2.1101","42.6457"
"76.9600","2.1104","42.6264"
"76.9800","2.1108","42.7090"
"77.0000","2.1113","42.6721"
"77.0200","2.1117","42.7276"
"77.0400","2.1120","42.8150"
"77.0600","2.1123","42.7566"
"77.0800","2.1125","42.6916"
"77.1000","2.1128","42.7020"
"77.1200","2.1131","42.7445"
"77.1400","2.1134","42.6903"
"77.1600","2.1138","42.7183"
"77.1800","2.1141","42.7239"
"77.2000","2.1145","42.7483"
"77.2200","2.1148","42.7872"
"77.2400","2.1151","42.8188"
"77.2600","2.1153","42.7360"
"77.2800","2.1156","42.7953"
"77.3000","2.1159","42.8071"
"77.3200","2.1163","42.8318"
"77.3400","2.1168","42.8316"
"77.3600","2.1172","42.8369"
"77.3800","2.1176","42.8468"
"77.4000","2.1179","42.8637"
"77.4200","2.1182","42.8501"
"77.4400","2.1184","42.8476"
"77.4600","2.1187","42.8789"
"77.4800","2.1190","42.8855"
"77.5000","2.1193","42.9007"
"77.5200","2.1197","42.9021"
"77.5400","2.1201","43.0309"
"77.5600","2.1205","43.0849"
"77.5800","2.1208","43.0831"
"77.6000","2.1211","42.9956"
"77.6200","2.1214","42.9547"
"77.6400","2.1218","42.9519"
"77.6600","2.1221","43.0433"
"77.6800","2.1226","43.0642"
"77.7000","2.1230","42.9960"
"77.7200","2.1233","43.0491"
"77.7400","2.1236","43.0522"
"77.7600","2.1238","43.0573"
"77.7800","2.1241","43.0798"
"77.8000","2.1244","42.9913"
"77.8200","2.1247","42.9153"
"77.8400","2.1251","42.9594"
"77.8600","2.1254","42.9179"
"77.8800","2.1258","43.0298"
"77.9000","2.1261","43.1233"
"77.9200","2.1264","43.2317"
"77.9400","2.1267","43.2352"
"77.9600","2.1270","43.2001"
"77.9800","2.1273","43.1746"
"78.0000","2.1276","43.2623"
"78.0200","2.1280","43.2334"
"78.0400","2.1285","43.1458"
"78.0600","2.1289","43.1583"
"78.0800","2.1293","43.1552"
"78.1000","2.1296","43.2002"
"78.1200","2.1298","43.2288"
"78.1400","2.1301","43.3087"
"78.1600","2.1303","43.3302"
"78.1800","2.1307","43.3264"
"78.2000","2.1310","43.3663"
"78.2200","2.1314","43.3398"
"78.2400","2.1318","43.3654"
"78.2600","2.1321","43.3334"
"78.2800","2.1324","43.2382"
"78.3000","2.1327","43.2710"
"78.3200","2.1330","43.2884"
"78.3400","2.1334","43.2892"
"78.3600","2.1338","43.2560"
"78.3800","2.1342","43.3033"
"78.4000","2.1346","43.2846"
"78.4200","2.1349","43.3001"
"78.4400","2.1352","43.3221"
"78.4600","2.1355","43.4092"
"78.4800","2.1357","43.3559"
"78.5000","2.1360","43.2795"
"78.5200","2.1364","43.3240"
"78.5400","2.1367","43.4650"
"78.5600","2.1371","43.5214"
"78.5800","2.1375","43.5439"
"78.6000","2.1378","43.4628"
"78.6200","2.1381","43.4378"
"78.6400","2.1383","43.4852"
"78.6600","2.1386","43.4967"
"78.6800","2.1390","43.3739"
"78.7000","2.1393","43.4019"
"78.7200","2.1398","43.5320"
"78.7400","2.1402","43.5818"
"78.7600","2.1406","43.5354"
"78.7800","2.1409","43.5661"
"78.8000","2.1412","43.6007"
"78.8200","2.1414","43.5623"
"78.8400","2.1417","43.5287"
"78.8600","2.1420","43.6406"
"78.8800","2.1423","43.6601"
"78.9000","2.1427","43.5806"
"78.9200","2.1431","43.6190"
"78.9400","2.1435","43.5644"
"78.9600","2.1438","43.5444"
"78.9800","2.1441","43.5292"
"79.0000","2.1444","43.5825"
"79.0200","2.1448","43.6316"
"79.0400","2.1452","43.6433"
"79.0600","2.1456","43.6547"
"79.0800","2.1460","43.6557"
"79.1000","2.1463","43.6542"
"79.1200","2.1466","43.7323"
"79.1400","2.1468","43.6152"
"79.1600","2.1471","43.5971"
"79.1800","2.1474","43.6981"
"79.2000","2.1477","43.8010"
"79.2200","2.1480","43.8055"
"79.2400","2.1484","43.8163"
"79.2600","2.1488","43.7897"
"79.2800","2.1492","43.7460"
"79.3000","2.1495","43.7522"
"79.3200","2.1498","43.8267"
"79.3400","2.1500","43.8878"
"79.3600","2.1503","43.8508"
"79.3800","2.1507","43.8085"
"79.4000","2.1511","43.7798"
"79.4200","2.1515","43.8163"
"79.4400","2.1520","43.8706"
"79.4600","2.1523","43.8815"
"79.4800","2.1526","43.9042"
"79.5000","2.1529","43.8915"
"79.5200","2.1531","43.8494"
"79.5400","2.1534","43.8578"
"79.5600","2.1537","43.8617"
"79.5800","2.1540","43.8593"
"79.6000","2.1544","43.8855"
"79.6200","2.1548","43.9914"
"79.6400","2.1551","43.9461"
"79.6600","2.1554","43.9454"
"79.6800","2.1557","43.8801"
"79.7000","2.1561","43.9509"
"79.7200","2.1565","43.9327"
"79.7400","2.1569","43.8727"
"79.7600","2.1573","43.9490"
"79.7800","2.1577","44.0208"
"79.8000","2.1580","44.0448"
"79.8200","2.1582","44.0006"
"79.8400","2.1585","43.9582"
"79.8600","2.1587","43.9417"
"79.8800","2.1590","43.9441"
"79.9000","2.1593","44.0557"
"79.9200","2.1597","44.0893"
"79.9400","2.1601","44.1374"
"79.9600","2.1605","44.0918"
"79.9800","2.1608","44.0766"
"80.0000","2.1611","44.1565"
"80.0200","2.1614","44.1614"
"80.0400","2.1617","44.1768"
"80.0600","2.1620","44.1488"
"80.0800","2.1624","44.0867"
"80.1000","2.1628","44.1079"
"80.1200","2.1633","44.1802"
"80.1400","2.1636","44.1212"
"80.1600","2.1639","44.0493"
"80.1800","2.1642","44.1659"
"80.2000","2.1644","44.2259"
"80.2200","2.1647","44.1944"
"80.2400","2.1650","44.2556"
"80.2600","2.1653","44.2362"
"80.2800","2.1657","44.2826"
"80.3000","2.1661","44.2473"
"80.3200","2.1665","44.3130"
"80.3400","2.1668","44.3433"
"80.3600","2.1671","44.3298"
"80.3800","2.1674","44.2627"
"80.4000","2.1678","44.2650"
"80.4200","2.1682","44.4372"
"80.4400","2.1686","44.4020"
"80.4600","2.1690","44.3142"
"80.4800","2.1693","44.3186"
"80.5000","2.1696","44.2903"
"80.5200","2.1698","44.3494"
"80.5400","2.1701","44.4082"
"80.5600","2.1704","44.3477"
"80.5800","2.1707","44.3650"
"80.6000","2.1710","44.3280"
"80.6200","2.1714","44.3173"
"80.6400","2.1718","44.3693"
"80.6600","2.1722","44.3732"
"80.6800","2.1724","44.4014"
"80.7000","2.1727","44.3608"
"80.7200","2.1730","44.3984"
"80.7400","2.1733","44.5094"
"80.7600","2.1737","44.4338"
"80.7800","2.1741","44.4372"
"80.8000","2.1745","44.4042"
"80.8200","2.1750","44.3911"
"80.8400","2.1753","44.4813"
"80.8600","2.1756","44.4660"
"80.8800","2.1758","44.4815"
"80.9000","2.1761","44.5115"
"80.9200","2.1764","44.5852"
"80.9400","2.1767","44.5859"
"80.9600","2.1770","44.4805"
"80.9800","2.1774","44.4982"
"81.0000","2.1777","44.5775"
"81.0200","2.1781","44.6198"
"81.0400","2.1784","44.6105"
"81.0600","2.1787","44.6222"
"81.0800","2.1791","44.5609"
"81.1000","2.1795","44.6032"
"81.1200","2.1799","44.6461"
"81.1400","2.1803","44.6266"
"81.1600","2.1806","44.6584"
"81.1800","2.1809","44.7083"
"81.2000","2.1812","44.6756"
"81.2200","2.1815","44.6030"
"81.2400","2.1817","44.6895"
"81.2600","2.1820","44.6945"
"81.2800","2.1823","44.6810"
"81.3000","2.1827","44.6546"
"81.3200","2.1831","44.7440"
"81.3400","2.1835","44.8055"
"81.3600","2.1838","44.7763"
"81.3800","2.1841","44.7915"
"81.4000","2.1843","44.7601"
"81.4200","2.1846","44.7345"
"81.4400","2.1850","44.7032"
"81.4600","2.1854","44.7089"
"81.4800","2.1858","44.7495"
"81.5000","2.1862","44.8121"
"81.5200","2.1866","44.8114"
"81.5400","2.1870","44.7866"
"81.5600","2.1872","44.7856"
"81.5800","2.1875","44.7810"
"81.6000","2.1877","44.7551"
"81.6200","2.1880","44.7362"
"81.6400","2.1883","44.7161"
"81.6600","2.1887","44.6996"
"81.6800","2.1891","44.7465"
"81.7000","2.1894","44.8273"
"81.7200","2.1897","44.9235"
"81.7400","2.1901","44.9321"
"81.7600","2.1904","44.9027"
"81.7800","2.1908","44.9362"
"81.8000","2.1912","44.9423"
"81.8200","2.1916","44.9227"
"81.8400","2.1920","44.8795"
"81.8600","2.1923","44.9024"
"81.8800","2.1926","44.8976"
"81.9000","2.1928","44.9424"
"81.9200","2.1931","44.9232"
"81.9400","2.1934","44.8923"
"81.9600","2.1937","44.8723"
"81.9800","2.1940","44.9589"
"82.0000","2.1944","45.0271"
"82.0200","2.1948","44.9790"
"82.0400","2.1951","44.9775"
"82.0600","2.1954","45.1022"
"82.0800","2.1957","45.0804"
"82.1000","2.1960","45.0541"
"82.1200","2.1963","45.0763"
"82.1400","2.1967","45.0819"
"82.1600","2.1971","45.0218"
"82.1800","2.1976","45.0256"
"82.2000","2.1980","45.0989"
"82.2200","2.1983","45.1235"
"82.2400","2.1986","45.0725"
"82.2600","2.1988","45.0883"
"82.2800","2.1991","45.1256"
"82.3000","2.1993","45.1772"
"82.3200","2.1997","45.1917"
"82.3400","2.2000","45.1409"
"82.3600","2.2004","45.1132"
"82.3800","2.2008","45.2252"
"82.4000","2.2011","45.3182"
"82.4200","2.2014","45.2731"
"82.4400","2.2017","45.2347"
"82.4600","2.2021","45.1785"
"82.4800","2.2025","45.2044"
"82.5000","2.2029","45.2263"
"82.5200","2.2033","45.2535"
"82.5400","2.2036","45.2000"
"82.5600","2.2039","45.2798"
"82.5800","2.2042","45.2834"
"82.6000","2.2044","45.2429"
"82.6200","2.2047","45.2465"
"82.6400","2.2050","45.2997"
"82.6600","2.2054","45.3580"
"82.6800","2.2057","45.3568"
"82.7000","2.2061","45.3220"
"82.7200","2.2065","45.2910"
"82.7400","2.2068","45.4105"
"82.7600","2.2071","45.3973"
"82.7800","2.2074","45.3282"
"82.8000","2.2076","45.2738"
"82.8200","2.2080","45.3788"
"82.8400","2.2084","45.3808"
"82.8600","2.2088","45.4367"
"82.8800","2.2093","45.4001"
"82.9000","2.2097","45.3619"
"82.9200","2.2100","45.4113"
"82.9400","2.2102","45.4606"
"82.9600","2.2105","45.4584"
"82.9800","2.2107","45.4654"
"83.0000","2.2110","45.4762"
"83.0200","2.2113","45.4180"
"83.0400","2.2117","45.4607"
"83.0600","2.2121","45.4959"
"83.0800","2.2124","45.5190"
"83.1000","2.2128","45.5565"
"83.1200","2.2131","45.5223"
"83.1400","2.2134","45.4788"
"83.1600","2.2138","45.5188"
"83.1800","2.2142","45.6119"
"83.2000","2.2146","45.6579"
"83.2200","2.2150","45.6415"
"83.2400","2.2153","45.6226"
"83.2600","2.2156","45.6203"
"83.2800","2.2158","45.6092"
"83.3000","2.2161","45.6245"
"83.3200","2.2163","45.6402"
"83.3400","2.2167","45.6251"
"83.3600","2.2170","45.5737"
"83.3800","2.2174","45.6673"
"83.4000","2.2178","45.6359"
"83.4200","2.2181","45.5449"
"83.4400","2.2184","45.5582"
"83.4600","2.2187","45.6307"
"83.4800","2.2190","45.6763"
"83.5000","2.2193","45.7060"
"83.5200","2.2197","45.7754"
"83.5400","2.2201","45.8159"
"83.5600","2.2206","45.8046"
"83.5800","2.2210","45.7768"
"83.6000","2.2213","45.7153"
"83.6200","2.2216","45.7090"
"83.6400","2.2219","45.6940"
"83.6600","2.2221","45.6618"
"83.6800","2.2224","45.7123"
"83.7000","2.2227","45.7959"
"83.7200","2.2230","45.9001"
"83.7400","2.2234","45.8093"
"83.7600","2.2238","45.7945"
"83.7800","2.2241","45.8676"
"83.8000","2.2244","45.8165"
"83.8200","2.2247","45.8014"
"83.8400","2.2251","45.8345"
"83.8600","2.2255","45.9121"
"83.8800","2.2259","45.8611"
"83.9000","2.2263","45.8239"
"83.9200","2.2266","45.8638"
"83.9400","2.2269","45.8402"
"83.9600","2.2272","45.8495"
"83.9800","2.2274","45.8799"
"84.0000","2.2277","45.8525"
"84.0200","2.2280","45.8621"
"84.0400","2.2283","45.8158"
"84.0600","2.2287","45.8038"
"84.0800","2.2291","45.8765"
"84.1000","2.2295","45.8855"
"84.1200","2.2298","45.9346"
"84.1400","2.2301","45.9823"
"84.1600","2.2303","45.9839"
"84.1800","2.2306","45.9827"
"84.2000","2.2310","45.9939"
"84.2200","2.2314","46.0394"
"84.2400","2.2318","46.0034"
"84.2600","2.2323","45.9547"
"84.2800","2.2327","46.0087"
"84.3000","2.2330","45.9814"
"84.3200","2.2332","45.8847"
"84.3400","2.2335","45.9014"
"84.3600","2.2337","46.0447"
"84.3800","2.2340","46.0377"
"84.4000","2.2344","46.0062"
"84.4200","2.2347","45.9596"
"84.4400","2.2351","46.1022"
"84.4600","2.2354","46.1129"
"84.4800","2.2357","46.0752"
"84.5000","2.2361","46.1529"
"84.5200","2.2364","46.1714"
"84.5400","2.2368","46.1457"
"84.5600","2.2372","46.1696"
"84.5800","2.2376","46.1168"
"84.6000","2.2380","46.1210"
"84.6200","2.2383","46.2049"
"84.6400","2.2385","46.1848"
"84.6600","2.2388","46.0872"
"84.6800","2.2390","46.1763"
"84.7000","2.2393","46.2049"
"84.7200","2.2397","46.2151"
"84.7400","2.2400","46.2195"
"84.7600","2.2404","46.2345"
"84.7800","2.2408","46.2250"
"84.8000","2.2411","46.2353"
"84.8200","2.2414","46.2975"
"84.8400","2.2417","46.3477"
"84.8600","2.2420","46.2876"
"84.8800","2.2424","46.2541"
"84.9000","2.2427","46.2299"
"84.9200","2.2432","46.2669"
"84.9400","2.2436","46.4061"
"84.9600","2.2440","46.3912"
"84.9800","2.2443","46.3660"
"85.0000","2.2446","46.3586"
"85.0200","2.2448","46.3532"
"85.0400","2.2451","46.3905"
"85.0600","2.2454","46.4225"
"85.0800","2.2457","46.4233"
"85.1000","2.2460","46.4281"
"85.1200","2.2464","46.3984"
"85.1400","2.2468","46.4416"
"85.1600","2.2471","46.5220"
"85.1800","2.2475","46.5469"
"85.2000","2.2478","46.5223"
"85.2200","2.2481","46.5379"
"85.2400","2.2485","46.4951"
"85.2600","2.2489","46.4877"
"85.2800","2.2493","46.5066"
"85.3000","2.2496","46.4486"
"85.3200","2.2499","46.4862"
"85.3400","2.2501","46.5309"
"85.3600","2.2504","46.5350"
"85.3800","2.2507","46.5161"
"85.4000","2.2510","46.5564"
"85.4200","2.2513","46.5216"
"85.4400","2.2517","46.5226"
"85.4600","2.2521","46.5121"
"85.4800","2.2525","46.5666"
"85.5000","2.2528","46.6019"
"85.5200","2.2531","46.5731"
"85.5400","2.2533","46.5344"
"85.5600","2.2536","46.6012"
"85.5800","2.2540","46.6269"
"85.6000","2.2544","46.6200"
"85.6200","2.2549","46.6328"
"85.6400","2.2553","46.7012"
"85.6600","2.2557","46.6878"
"85.6800","2.2559","46.6531"
"85.7000","2.2562","46.6944"
"85.7200","2.2564","46.7065"
"85.7400","2.2567","46.7005"
"85.7600","2.2570","46.6847"
"85.7800","2.2574","46.6913"
"85.8000","2.2577","46.7020"
"85.8200","2.2581","46.6995"
"85.8400","2.2584","46.7390"
"85.8600","2.2588","46.7042"
"85.8800","2.2591","46.6299"
"85.9000","2.2594","46.7142"
"85.9200","2.2598","46.8506"
"85.9400","2.2602","46.8146"
"85.9600","2.2606","46.8124"
"85.9800","2.2609","46.7595"
"86.0000","2.2612","46.7746"
"86.0200","2.2615","46.8071"
"86.0400","2.2618","46.8213"
"86.0600","2.2620","46.8742"
"86.0800","2.2623","46.8525"
"86.1000","2.2626","46.8335"
"86.1200","2.2630","46.8333"
"86.1400","2.2634","46.8288"
"86.1600","2.2637","46.8384"
"86.1800","2.2641","46.8194"
"86.2000","2.2644","46.8090"
"86.2200","2.2647","46.8850"
"86.2400","2.2650","46.8759"
"86.2600","2.2653","46.8509"
"86.2800","2.2657","46.9026"
"86.3000","2.2662","46.8740"
"86.3200","2.2666","46.9095"
"86.3400","2.2670","46.9207"
"86.3600","2.2673","46.9264"
"86.3800","2.2675","46.9312"
"86.4000","2.2678","46.9755"
"86.4200","2.2680","47.0191"
"86.4400","2.2684","46.8933"
"86.4600","2.2687","46.9468"
"86.4800","2.2691","46.9685"
"86.5000","2.2695","47.0879"
"86.5200","2.2698","47.0948"
"86.5400","2.2701","47.0554"
"86.5600","2.2705","46.9250"
"86.5800","2.2708","46.9028"
"86.6000","2.2711","46.9300"
"86.6200","2.2715","47.0665"
"86.6400","2.2719","47.1034"
"86.6600","2.2723","47.0898"
"86.6800","2.2726","47.1752"
"86.7000","2.2729","47.1426"
"86.7200","2.2731","47.0951"
"86.7400","2.2734","47.1091"
"86.7600","2.2737","47.0622"
"86.7800","2.2740","47.0904"
"86.8000","2.2744","47.1226"
"86.8200","2.2747","47.1600"
"86.8400","2.2751","47.1225"
"86.8600","2.2754","47.2010"
"86.8800","2.2757","47.1656"
"86.9000","2.2760","47.1166"
"86.9200","2.2763","47.1473"
"86.9400","2.2766","47.2146"
"86.9600","2.2770","47.1737"
"86.9800","2.2775","47.1444"
"87.0000","2.2779","47.2374"
"87.0200","2.2784","47.2002"
"87.0400","2.2787","47.1647"
"87.0600","2.2789","47.1594"
"87.0800","2.2791","47.2820"
"87.1000","2.2794","47.4134"
"87.1200","2.2797","47.4149"
"87.1400","2.2800","47.3946"
"87.1600","2.2804","47.3162"
"87.1800","2.2808","47.3340"
"87.2000","2.2811","47.3632"
"87.2200","2.2815","47.2971"
"87.2400","2.2818","47.2471"
"87.2600","2.2822","47.2314"
"87.2800","2.2825","47.2275"
"87.3000","2.2828","47.3278"
"87.3200","2.2832","47.3987"
"87.3400","2.2836","47.3626"
"87.3600","2.2840","47.4651"
"87.3800","2.2842","47.4864"
"87.4000","2.2845","47.4291"
"87.4200","2.2848","47.3662"
"87.4400","2.2850","47.3595"
"87.4600","2.2853","47.4252"
"87.4800","2.2857","47.4359"
"87.5000","2.2860","47.3368"
"87.5200","2.2864","47.3278"
"87.5400","2.2868","47.4100"
"87.5600","2.2871","47.4491"
"87.5800","2.2874","47.4123"
"87.6000","2.2877","47.4273"
"87.6200","2.2880","47.4546"
"87.6400","2.2883","47.4730"
"87.6600","2.2888","47.4375"
"87.6800","2.2892","47.4053"
"87.7000","2.2897","47.4572"
"87.7200","2.2900","47.4811"
"87.7400","2.2903","47.4514"
"87.7600","2.2905","47.4453"
"87.7800","2.2908","47.5015"
"87.8000","2.2910","47.5285"
"87.8200","2.2913","47.6221"
"87.8400","2.2917","47.6071"
"87.8600","2.2921","47.7029"
"87.8800","2.2925","47.6683"
"87.9000","2.2929","47.7104"
"87.9200","2.2932","47.6860"
"87.9400","2.2935","47.4671"
"87.9600","2.2938","47.4954"
"87.9800","2.2941","47.5848"
"88.0000","2.2945","47.6124"
"88.0200","2.2949","47.6140"
"88.0400","2.2953","47.6407"
"88.0600","2.2956","47.7517"
"88.0800","2.2959","47.7880"
"88.1000","2.2961","47.7561"
"88.1200","2.2964","47.7666"
"88.1400","2.2967","47.7804"
"88.1600","2.2970","47.7559"
"88.1800","2.2973","47.7438"
"88.2000","2.2977","47.7799"
"88.2200","2.2981","47.7641"
"88.2400","2.2984","47.6820"
"88.2600","2.2987","47.6729"
"88.2800","2.2990","47.6941"
"88.3000","2.2993","47.8018"
"88.3200","2.2996","47.8812"
"88.3400","2.3000","47.8764"
"88.3600","2.3005","47.8516"
"88.3800","2.3009","47.7542"
"88.4000","2.3013","47.7469"
"88.4200","2.3017","47.8180"
"88.4400","2.3019","47.8283"
"88.4600","2.3022","47.8213"
"88.4800","2.3024","47.8628"
"88.5000","2.3027","47.8657"
"88.5200","2.3030","47.9303"
"88.5400","2.3034","47.8215"
"88.5600","2.3038","47.8363"
"88.5800","2.3041","47.9116"
"88.6000","2.3045","47.9730"
"88.6200","2.3048","47.9640"
"88.6400","2.3051","47.9381"
"88.6600","2.3054","47.9776"
"88.6800","2.3058","47.9331"
"88.7000","2.3062","47.9194"
"88.7200","2.3066","47.9255"
"88.7400","2.3069","47.9281"
"88.7600","2.3072","48.0217"
"88.7800","2.3075","47.9988"
"88.8000","2.3078","48.0006"
"88.8200","2.3080","48.0363"
"88.8400","2.3084","48.0733"
"88.8600","2.3087","48.0953"
"88.8800","2.3091","48.0792"
"88.9000","2.3094","47.9613"
"88.9200","2.3098","47.9119"
"88.9400","2.3101","47.9746"
"88.9600","2.3104","48.0184"
"88.9800","2.3106","48.0055"
"89.0000","2.3109","48.0495"
"89.0200","2.3113","48.0888"
"89.0400","2.3117","48.1515"
"89.0600","2.3122","48.0918"
"89.0800","2.3126","48.1191"
"89.1000","2.3130","48.1308"
"89.1200","2.3133","48.0710"
"89.1400","2.3135","48.1008"
"89.1600","2.3138","48.1024"
"89.1800","2.3140","48.1277"
"89.2000","2.3143","48.1454"
"89.2200","2.3147","48.2245"
"89.2400","2.3151","48.2535"
"89.2600","2.3154","48.2548"
"89.2800","2.3158","48.2083"
"89.3000","2.3161","48.1973"
"89.3200","2.3164","48.1569"
"89.3400","2.3167","48.1572"
"89.3600","2.3171","48.1663"
"89.3800","2.3175","48.2265"
"89.4000","2.3179","48.2030"
"89.4200","2.3183","48.2719"
"89.4400","2.3186","48.2964"
"89.4600","2.3189","48.2702"
"89.4800","2.3191","48.2717"
"89.5000","2.3194","48.3100"
"89.5200","2.3197","48.3213"
"89.5400","2.3200","48.3652"
"89.5600","2.3203","48.3607"
"89.5800","2.3207","48.3941"
"89.6000","2.3211","48.3550"
"89.6200","2.3214","48.4112"
"89.6400","2.3217","48.4410"
"89.6600","2.3220","48.4508"
"89.6800","2.3223","48.4591"
"89.7000","2.3226","48.3868"
"89.7200","2.3230","48.3339"
"89.7400","2.3235","48.4054"
"89.7600","2.3239","48.4245"
"89.7800","2.3243","48.3701"
"89.8000","2.3246","48.3938"
"89.8200","2.3249","48.5024"
"89.8400","2.3251","48.5515"
"89.8600","2.3254","48.4824"
"89.8800","2.3257","48.4355"
"89.9000","2.3260","48.5219"
"89.9200","2.3264","48.5498"
"89.9400","2.3268","48.5450"
"89.9600","2.3271","48.5134"
"89.9800","2.3275","48.3793"
"90.0000","2.3278","48.4468"
"90.0200","2.3281","48.4768"
"90.0400","2.3285","48.4498"
"90.0600","2.3288","48.4801"
"90.0800","2.3292","48.5574"
"90.1000","2.3296","48.5926"
"90.1200","2.3300","48.5752"
"90.1400","2.3302","48.5592"
"90.1600","2.3305","48.6107"
"90.1800","2.3308","48.6275"
"90.2000","2.3310","48.6090"
"90.2200","2.3314","48.5681"
"90.2400","2.3317","48.6386"
"90.2600","2.3321","48.6462"
"90.2800","2.3324","48.5933"
"90.3000","2.3328","48.5996"
"90.3200","2.3331","48.6664"
"90.3400","2.3334","48.6883"
"90.3600","2.3337","48.6662"
"90.3800","2.3340","48.6542"
"90.4000","2.3343","48.6797"
"90.4200","2.3348","48.7182"
"90.4400","2.3352","48.8300"
"90.4600","2.3356","48.8609"
"90.4800","2.3360","48.8437"
"90.5000","2.3363","48.8429"
"90.5200","2.3365","48.7293"
"90.5400","2.3368","48.6525"
"90.5600","2.3370","48.7512"
"90.5800","2.3374","48.7171"
"90.6000","2.3377","48.7094"
"90.6200","2.3381","48.7649"
"90.6400","2.3385","48.7872"
"90.6600","2.3388","48.8559"
"90.6800","2.3391","48.7937"
"90.7000","2.3394","48.8519"
"90.7200","2.3398","48.8739"
"90.7400","2.3401","48.8439"
"90.7600","2.3406","48.8519"
"90.7800","2.3410","48.8768"
"90.8000","2.3414","48.8177"
"90.8200","2.3417","48.8947"
"90.8400","2.3419","48.9738"
"90.8600","2.3422","49.0559"
"90.8800","2.3424","48.9335"
"90.9000","2.3427","48.8677"
"90.9200","2.3431","48.8746"
"90.9400","2.3434","48.9215"
"90.9600","2.3438","48.9313"
"90.9800","2.3441","48.9886"
"91.0000","2.3444","48.9877"
"91.0200","2.3447","48.8939"
"91.0400","2.3450","48.8830"
"91.0600","2.3453","48.8593"
"91.0800","2.3456","48.8798"
"91.1000","2.3460","48.9524"
"91.1200","2.3465","48.9996"
"91.1400","2.3469","48.9885"
"91.1600","2.3473","49.0129"
"91.1800","2.3476","49.0505"
"91.2000","2.3479","49.0415"
"91.2200","2.3481","49.0357"
"91.2400","2.3484","48.9857"
"91.2600","2.3487","49.0904"
"91.2800","2.3490","49.0593"
"91.3000","2.3494","49.1016"
"91.3200","2.3498","49.2190"
"91.3400","2.3502","49.2321"
"91.3600","2.3505","49.1305"
"91.3800","2.3508","49.1327"
"91.4000","2.3511","49.1721"
"91.4200","2.3514","49.2247"
"91.4400","2.3518","49.2403"
"91.4600","2.3522","49.2358"
"91.4800","2.3526","49.2272"
"91.5000","2.3530","49.1310"
"91.5200","2.3532","49.1317"
"91.5400","2.3535","49.1806"
"91.5600","2.3538","49.1689"
"91.5800","2.3541","49.1535"
"91.6000","2.3544","49.1369"
"91.6200","2.3547","49.1782"
"91.6400","2.3551","49.2015"
"91.6600","2.3555","49.2473"
"91.6800","2.3558","49.1902"
"91.7000","2.3561","49.2553"
"91.7200","2.3563","49.3103"
"91.7400","2.3566","49.3188"
"91.7600","2.3569","49.2056"
"91.7800","2.3573","49.2277"
"91.8000","2.3577","49.2564"
"91.8200","2.3582","49.2890"
"91.8400","2.3586","49.3191"
"91.8600","2.3589","49.3663"
"91.8800","2.3592","49.2875"
"91.9000","2.3594","49.2827"
"91.9200","2.3597","49.2923"
"91.9400","2.3600","49.3247"
"91.9600","2.3603","49.3440"
"91.9800","2.3607","49.2887"
"92.0000","2.3611","49.2629"
"92.0200","2.3615","49.4011"
"92.0400","2.3618","49.5108"
"92.0600","2.3621","49.4151"
"92.0800","2.3624","49.3568"
"92.1000","2.3628","49.3516"
"92.1200","2.3631","49.3773"
"92.1400","2.3636","49.3731"
"92.1600","2.3640","49.3680"
"92.1800","2.3643","49.3789"
"92.2000","2.3646","49.4243"
"92.2200","2.3649","49.5213"
"92.2400","2.3651","49.4910"
"92.2600","2.3654","49.4456"
"92.2800","2.3657","49.4868"
"92.3000","2.3661","49.5354"
"92.3200","2.3664","49.5254"
"92.3400","2.3668","49.5375"
"92.3600","2.3671","49.5242"
"92.3800","2.3674","49.5676"
"92.4000","2.3677","49.5544"
"92.4200","2.3680","49.5492"
"92.4400","2.3683","49.5319"
"92.4600","2.3686","49.5218"
"92.4800","2.3690","49.5349"
"92.5000","2.3695","49.6544"
"92.5200","2.3699","49.6669"
"92.5400","2.3703","49.6943"
"92.5600","2.3706","49.6164"
"92.5800","2.3708","49.5542"
"92.6000","2.3711","49.6136"
"92.6200","2.3714","49.6042"
"92.6400","2.3717","49.6263"
"92.6600","2.3720","49.6503"
"92.6800","2.3724","49.6004"
"92.7000","2.3728","49.5977"
"92.7200","2.3731","49.6429"
"92.7400","2.3735","49.5917"
"92.7600","2.3738","49.6030"
"92.7800","2.3741","49.6443"
"92.8000","2.3744","49.6281"
"92.8200","2.3748","49.6335"
"92.8400","2.3753","49.6711"
"92.8600","2.3757","49.7345"
"92.8800","2.3760","49.7486"
"92.9000","2.3762","49.7489"
"92.9200","2.3765","49.6747"
"92.9400","2.3767","49.6382"
"92.9600","2.3770","49.6922"
"92.9800","2.3774","49.7299"
"93.0000","2.3777","49.7211"
"93.0200","2.3781","49.7288"
"93.0400","2.3785","49.7850"
"93.0600","2.3788","49.7349"
"93.0800","2.3791","49.6979"
"93.1000","2.3794","49.7130"
"93.1200","2.3796","49.7811"
"93.1400","2.3800","49.8159"
"93.1600","2.3803","49.8283"
"93.1800","2.3808","49.7904"
"93.2000","2.3812","49.7495"
"93.2200","2.3816","49.7986"
"93.2400","2.3820","49.8276"
"93.2600","2.3822","49.8672"
"93.2800","2.3825","49.9141"
"93.3000","2.3827","49.8773"
"93.3200","2.3830","49.8133"
"93.3400","2.3833","49.8628"
"93.3600","2.3837","49.8845"
"93.3800","2.3841","49.8359"
"93.4000","2.3845","49.8491"
"93.4200","2.3848","49.8458"
"93.4400","2.3851","49.8732"
"93.4600","2.3854","49.8653"
"93.4800","2.3858","49.8654"
"93.5000","2.3861","49.8900"
"93.5200","2.3865","49.8994"
"93.5400","2.3869","49.8489"
"93.5600","2.3873","49.8350"
"93.5800","2.3876","49.8365"
"93.6000","2.3878","49.8346"
"93.6200","2.3881","49.8814"
"93.6400","2.3884","49.9614"
"93.6600","2.3887","50.0119"
"93.6800","2.3890","50.0252"
"93.7000","2.3894","49.9974"
"93.7200","2.3898","49.9977"
"93.7400","2.3901","49.9784"
"93.7600","2.3905","50.0151"
"93.7800","2.3908","49.9088"
"93.8000","2.3910","49.9168"
"93.8200","2.3913","49.9919"
"93.8400","2.3917","50.0921"
"93.8600","2.3921","50.0049"
"93.8800","2.3925","49.9480"
"93.9000","2.3929","49.9586"
"93.9200","2.3933","49.9836"
"93.9400","2.3936","50.0121"
"93.9600","2.3939","50.0470"
"93.9800","2.3941","50.0792"
"94.0000","2.3944","50.0336"
"94.0200","2.3947","50.0241"
"94.0400","2.3950","50.0568"
"94.0600","2.3954","49.9945"
"94.0800","2.3958","50.0428"
"94.1000","2.3961","50.1070"
"94.1200","2.3964","50.0967"
"94.1400","2.3967","50.0235"
"94.1600","2.3971","50.0721"
"94.1800","2.3975","50.1358"
"94.2000","2.3979","50.1484"
"94.2200","2.3983","50.0421"
"94.2400","2.3987","50.0285"
"94.2600","2.3990","50.0801"
"94.2800","2.3992","50.1320"
"94.3000","2.3995","50.1802"
"94.3200","2.3997","50.1668"
"94.3400","2.4000","50.1749"
"94.3600","2.4003","50.1892"
"94.3800","2.4007","50.1818"
"94.4000","2.4011","50.1879"
"94.4200","2.4015","50.1649"
"94.4400","2.4018","50.1503"
"94.4600","2.4021","50.0837"
"94.4800","2.4024","50.0776"
"94.5000","2.4027","50.1495"
"94.5200","2.4030","50.2191"
"94.5400","2.4034","50.2270"
"94.5600","2.4038","50.2393"
"94.5800","2.4042","50.1713"
"94.6000","2.4046","50.2133"
"94.6200","2.4050","50.2786"
"94.6400","2.4052","50.2649"
"94.6600","2.4055","50.2598"
"94.6800","2.4057","50.2349"
"94.7000","2.4060","50.2453"
"94.7200","2.4063","50.3222"
"94.7400","2.4067","50.2844"
"94.7600","2.4071","50.2470"
"94.7800","2.4074","50.3015"
"94.8000","2.4078","50.2946"
"94.8200","2.4081","50.2321"
"94.8400","2.4084","50.2388"
"94.8600","2.4088","50.2638"
"94.8800","2.4092","50.3100"
"94.9000","2.4096","50.2835"
"94.9200","2.4100","50.2785"
"94.9400","2.4103","50.2806"
"94.9600","2.4106","50.3662"
"94.9800","2.4109","50.3245"
"95.0000","2.4111","50.3092"
"95.0200","2.4114","50.3136"
"95.0400","2.4117","50.2926"
"95.0600","2.4120","50.2892"
"95.0800","2.4124","50.3678"
"95.1000","2.4128","50.4196"
"95.1200","2.4132","50.3676"
"95.1400","2.4135","50.3471"
"95.1600","2.4137","50.3142"
"95.1800","2.4140","50.2986"
"95.2000","2.4143","50.2309"
"95.2200","2.4147","49.9852"
"95.2400","2.4151","49.5504"
"95.2600","2.4156","49.3868"
"95.2800","2.4160","49.3284"
"95.3000","2.4164","49.2095"
"95.3200","2.4166","49.1515"
"95.3400","2.4169","49.0518"
"95.3600","2.4171","49.0303"
"95.3800","2.4174","48.9093"
"95.4000","2.4177","48.8224"
"95.4200","2.4180","48.6762"
"95.4400","2.4184","48.6556"
"95.4600","2.4188","48.6153"
"95.4800","2.4191","48.5786"
"95.5000","2.4194","48.5377"
"95.5200","2.4197","48.5753"
"95.5400","2.4200","48.5897"
"95.5600","2.4204","48.5717"
"95.5800","2.4208","48.4140"
"95.6000","2.4213","48.3485"
"95.6200","2.4216","48.3531"
"95.6400","2.4219","48.3599"
"95.6600","2.4222","48.3380"
"95.6800","2.4225","48.2839"
"95.7000","2.4227","48.2653"
"95.7200","2.4230","48.2328"
"95.7400","2.4233","48.1216"
"95.7600","2.4237","48.1480"
"95.7800","2.4241","48.2344"
"95.8000","2.4245","48.2381"
"95.8200","2.4248","48.2406"
"95.8400","2.4251","48.1610"
"95.8600","2.4253","48.1375"
"95.8800","2.4256","48.1634"
"95.9000","2.4259","48.1208"
"95.9200","2.4263","48.1246"
"95.9400","2.4268","48.1189"
"95.9600","2.4272","48.1393"
"95.9800","2.4276","48.1616"
"96.0000","2.4280","48.1008"
"96.0200","2.4282","48.0628"
"96.0400","2.4285","48.0430"
"96.0600","2.4287","48.0369"
"96.0800","2.4290","48.0795"
"96.1000","2.4293","48.1179"
"96.1200","2.4297","48.0340"
"96.1400","2.4301","48.0239"
"96.1600","2.4304","48.0500"
"96.1800","2.4308","48.0312"
"96.2000","2.4311","48.0802"
"96.2200","2.4314","48.0286"
"96.2400","2.4317","47.9318"
"96.2600","2.4321","48.0471"
"96.2800","2.4326","48.1361"
"96.3000","2.4330","48.1425"
"96.3200","2.4333","48.0937"
"96.3400","2.4336","48.1271"
"96.3600","2.4338","48.1466"
"96.3800","2.4341","48.1211"
"96.4000","2.4344","48.0981"
"96.4200","2.4347","48.1022"
"96.4400","2.4350","48.0974"
"96.4600","2.4354","48.0120"
"96.4800","2.4358","47.9380"
"96.5000","2.4361","47.9573"
"96.5200","2.4364","47.9545"
"96.5400","2.4367","47.9447"
"96.5600","2.4370","48.0458"
"96.5800","2.4373","48.0307"
"96.6000","2.4377","48.0271"
"96.6200","2.4381","48.1140"
"96.6400","2.4385","48.1054"
"96.6600","2.4390","48.0933"
"96.6800","2.4393","48.0577"
"96.7000","2.4396","48.0327"
"96.7200","2.4398","48.1453"
"96.7400","2.4401","48.1159"
"96.7600","2.4403","48.1318"
"96.7800","2.4407","48.0745"
"96.8000","2.4410","48.0173"
"96.8200","2.4414","47.9836"
"96.8400","2.4417","48.0323"
"96.8600","2.4421","48.0865"
"96.8800","2.4424","48.1465"
"96.9000","2.4427","48.1515"
"96.9200","2.4431","48.1157"
"96.9400","2.4435","48.1489"
"96.9600","2.4439","48.0965"
"96.9800","2.4443","48.0570"
"97.0000","2.4446","48.0975"
"97.0200","2.4449","48.0984"
"97.0400","2.4452","48.1489"
"97.0600","2.4454","48.1799"
"97.0800","2.4457","48.1388"
"97.1000","2.4460","48.1944"
"97.1200","2.4463","48.2415"
"97.1400","2.4467","48.1546"
"97.1600","2.4471","48.1378"
"97.1800","2.4475","48.0902"
"97.2000","2.4478","48.0496"
"97.2200","2.4481","48.1414"
"97.2400","2.4484","48.1476"
"97.2600","2.4486","48.1600"
"97.2800","2.4490","48.2055"
"97.3000","2.4494","48.2796"
"97.3200","2.4498","48.2913"
"97.3400","2.4503","48.2932"
"97.3600","2.4507","48.2423"
"97.3800","2.4510","48.3286"
"97.4000","2.4513","48.2970"
"97.4200","2.4515","48.2807"
"97.4400","2.4517","48.3306"
"97.4600","2.4520","48.2641"
"97.4800","2.4523","48.3800"
"97.5000","2.4527","48.3523"
"97.5200","2.4531","48.2896"
"97.5400","2.4535","48.3134"
"97.5600","2.4538","48.3415"
"97.5800","2.4541","48.3071"
"97.6000","2.4544","48.2713"
"97.6200","2.4548","48.2662"
"97.6400","2.4552","48.2484"
"97.6600","2.4556","48.2964"
"97.6800","2.4560","48.4193"
"97.7000","2.4563","48.4076"
"97.7200","2.4566","48.3442"
"97.7400","2.4568","48.3511"
"97.7600","2.4571","48.3918"
"97.7800","2.4573","48.2945"
"97.8000","2.4577","48.2403"
"97.8200","2.4580","48.2954"
"97.8400","2.4584","48.3968"
"97.8600","2.4588","48.3764"
"97.8800","2.4591","48.3484"
"97.9000","2.4594","48.3748"
"97.9200","2.4597","48.3792"
"97.9400","2.4600","48.4467"
"97.9600","2.4603","48.4395"
"97.9800","2.4607","48.4237"
"98.0000","2.4611","48.4276"
"98.0200","2.4616","48.4617"
"98.0400","2.4620","48.4697"
"98.0600","2.4624","48.5424"
"98.0800","2.4626","48.5798"
"98.1000","2.4629","48.4884"
"98.1200","2.4631","48.3746"
"98.1400","2.4634","48.3206"
"98.1600","2.4637","48.4393"
"98.1800","2.4640","48.4668"
"98.2000","2.4644","48.4693"
"98.2200","2.4648","48.4562"
"98.2400","2.4651","48.4720"
"98.2600","2.4654","48.4607"
"98.2800","2.4657","48.4627"
"98.3000","2.4661","48.4371"
"98.3200","2.4665","48.5102"
"98.3400","2.4669","48.4607"
"98.3600","2.4673","48.4821"
"98.3800","2.4676","48.4698"
"98.4000","2.4679","48.4475"
"98.4200","2.4682","48.5128"
"98.4400","2.4685","48.5048"
"98.4600","2.4687","48.5497"
"98.4800","2.4690","48.5150"
"98.5000","2.4693","48.5616"
"98.5200","2.4697","48.5107"
"98.5400","2.4701","48.5027"
"98.5600","2.4705","48.5394"
"98.5800","2.4708","48.5464"
"98.6000","2.4711","48.5544"
"98.6200","2.4714","48.5827"
"98.6400","2.4717","48.5696"
"98.6600","2.4720","48.6420"
"98.6800","2.4724","48.6736"
"98.7000","2.4728","48.7318"
"98.7200","2.4733","48.6626"
"98.7400","2.4737","48.6541"
"98.7600","2.4740","48.6141"
"98.7800","2.4742","48.6766"
"98.8000","2.4745","48.7280"
"98.8200","2.4747","48.6510"
"98.8400","2.4750","48.5474"
"98.8600","2.4754","48.5887"
"98.8800","2.4757","48.6563"
"98.9000","2.4761","48.6746"
"98.9200","2.4764","48.7167"
"98.9400","2.4768","48.7225"
"98.9600","2.4771","48.6788"
"98.9800","2.4774","48.6182"
"99.0000","2.4778","48.6602"
"99.0200","2.4782","48.6723"
"99.0400","2.4786","48.6477"
"99.0600","2.4789","48.7041"
"99.0800","2.4793","48.6961"
"99.1000","2.4795","48.6568"
"99.1200","2.4798","48.6411"
"99.1400","2.4801","48.6926"
"99.1600","2.4803","48.6969"
"99.1800","2.4806","48.7914"
"99.2000","2.4810","48.7934"
"99.2200","2.4814","48.7493"
"99.2400","2.4818","48.7390"
"99.2600","2.4821","48.7583"
"99.2800","2.4824","48.6633"
"99.3000","2.4827","48.6818"
"99.3200","2.4830","48.6884"
"99.3400","2.4833","48.6630"
"99.3600","2.4837","48.6789"
"99.3800","2.4841","48.7894"
"99.4000","2.4846","48.8040"
"99.4200","2.4850","48.7580"
"99.4400","2.4853","48.7676"
"99.4600","2.4856","48.6998"
"99.4800","2.4858","48.6789"
"99.5000","2.4861","48.7048"
"99.5200","2.4863","48.7600"
"99.5400","2.4867","48.7651"
"99.5600","2.4870","48.7416"
"99.5800","2.4874","48.6855"
"99.6000","2.4878","48.6797"
"99.6200","2.4881","48.7345"
"99.6400","2.4884","48.7325"
"99.6600","2.4887","48.7589"
"99.6800","2.4891","48.7228"
"99.7000","2.4895","48.7363"
"99.7200","2.4899","48.7309"
"99.7400","2.4903","48.6669"
"99.7600","2.4906","48.6541"
"99.7800","2.4909","48.7253"
"99.8000","2.4912","48.7181"
"99.8200","2.4914","48.6490"
"99.8400","2.4917","48.6953"
"99.8600","2.4920","48.6866"
"99.8800","2.4923","48.7155"
"99.9000","2.4927","48.7513"
"99.9200","2.4931","48.7536"
"99.9400","2.4934","48.7869"
"99.9600","2.4938","48.7391"
"99.9800","2.4941","48.6452"
"100.0000","2.4944","48.6784"
"100.0200","2.4946","48.6672"
"100.0400","2.4950","48.6542"
"100.0600","2.4954","48.6763"
"100.0800","2.4958","48.7014"
"100.1000","2.4963","48.7486"
"100.1200","2.4967","48.7378"
"100.1400","2.4970","48.7191"
"100.1600","2.4972","48.7207"
"100.1800","2.4975","48.7462"
"100.2000","2.4977","48.6870"
"100.2200","2.4980","48.8209"
"100.2400","2.4984","48.7790"
"100.2600","2.4987","48.7778"
"100.2800","2.4991","48.7245"
"100.3000","2.4994","48.6743"
"100.3200","2.4998","48.7141"
"100.3400","2.5001","48.7426"
"100.3600","2.5004","48.6996"
"100.3800","2.5008","48.6571"
"100.4000","2.5012","48.7730"
"100.4200","2.5016","48.8039"
"100.4400","2.5019","48.8485"
"100.4600","2.5023","48.7808"
"100.4800","2.5025","48.7362"
"100.5000","2.5028","48.6941"
"100.5200","2.5030","48.7279"
"100.5400","2.5033","48.6776"
"100.5600","2.5036","48.6724"
"100.5800","2.5040","48.7333"
"100.6000","2.5044","48.7223"
"100.6200","2.5048","48.7118"
"100.6400","2.5051","48.7248"
"100.6600","2.5054","48.7540"
"100.6800","2.5057","48.7923"
"100.7000","2.5060","48.8381"
"100.7200","2.5063","48.7520"
"100.7400","2.5067","48.7238"
"100.7600","2.5072","48.7221"
"100.7800","2.5076","48.7339"
"100.8000","2.5080","48.7841"
"100.8200","2.5083","48.7122"
"100.8400","2.5086","48.6441"
"100.8600","2.5088","48.6245"
"100.8800","2.5091","48.6487"
"100.9000","2.5094","48.7407"
"100.9200","2.5097","48.7967"
"100.9400","2.5101","48.8157"
"100.9600","2.5105","48.7753"
"100.9800","2.5108","48.7821"
"101.0000","2.5112","48.7521"
"101.0200","2.5115","48.7164"
"101.0400","2.5118","48.6648"
"101.0600","2.5121","48.6064"
"101.0800","2.5125","48.6343"
"101.1000","2.5129","48.6830"
"101.1200","2.5133","48.7116"
"101.1400","2.5136","48.6705"
"101.1600","2.5139","48.6805"
"101.1800","2.5142","48.7253"
"101.2000","2.5144","48.6982"
"101.2200","2.5147","48.7385"
"101.2400","2.5150","48.7774"
"101.2600","2.5153","48.6968"
"101.2800","2.5157","48.6776"
"101.3000","2.5161","48.7698"
"101.3200","2.5165","48.8012"
"101.3400","2.5168","48.7943"
"101.3600","2.5171","48.7571"
"101.3800","2.5173","48.7008"
"101.4000","2.5177","48.7135"
"101.4200","2.5180","48.7125"
"101.4400","2.5185","48.7558"
"101.4600","2.5189","48.7990"
"101.4800","2.5193","48.7302"
"101.5000","2.5197","48.6222"
"101.5200","2.5200","48.6718"
"101.5400","2.5202","48.7680"
"101.5600","2.5204","48.8433"
"101.5800","2.5207","48.7384"
"101.6000","2.5210","48.6703"
"101.6200","2.5214","48.6748"
"101.6400","2.5217","48.7220"
"101.6600","2.5221","48.7816"
"101.6800","2.5225","48.6974"
"101.7000","2.5228","48.6746"
"101.7200","2.5232","48.6746"
"101.7400","2.5235","48.7479"
"101.7600","2.5238","48.6987"
"101.7800","2.5242","48.7626"
"101.8000","2.5246","48.8030"
"101.8200","2.5249","48.7292"
"101.8400","2.5252","48.6721"
"101.8600","2.5255","48.6948"
"101.8800","2.5258","48.6996"
"101.9000","2.5260","48.6608"
"101.9200","2.5263","48.7358"
"101.9400","2.5267","48.6987"
"101.9600","2.5270","48.5678"
"101.9800","2.5274","48.6724"
"102.0000","2.5278","48.7612"
"102.0200","2.5281","48.7287"
"102.0400","2.5284","48.7385"
"102.0600","2.5287","48.7447"
"102.0800","2.5290","48.7706"
"102.1000","2.5293","48.8031"
"102.1200","2.5297","48.7324"
"102.1400","2.5302","48.7216"
"102.1600","2.5306","48.6728"
"102.1800","2.5310","48.7080"
"102.2000","2.5313","48.7283"
"102.2200","2.5316","48.7200"
"102.2400","2.5318","48.7121"
"102.2600","2.5320","48.7520"
"102.2800","2.5323","48.7809"
"102.3000","2.5327","48.7567"
"102.3200","2.5331","48.7249"
"102.3400","2.5335","48.8116"
"102.3600","2.5338","48.7977"
"102.3800","2.5342","48.7374"
"102.4000","2.5345","48.6697"
"102.4200","2.5348","48.6827"
"102.4400","2.5351","48.7349"
"102.4600","2.5355","48.7145"
"102.4800","2.5359","48.7268"
"102.5000","2.5363","48.7390"
"102.5200","2.5366","48.7280"
"102.5400","2.5369","48.7462"
"102.5600","2.5372","48.7732"
"102.5800","2.5374","48.7416"
"102.6000","2.5377","48.6214"
"102.6200","2.5380","48.6526"
"102.6400","2.5383","48.5971"
"102.6600","2.5387","48.6879"
"102.6800","2.5391","48.7759"
"102.7000","2.5394","48.7791"
"102.7200","2.5397","48.7476"
"102.7400","2.5400","48.7846"
"102.7600","2.5403","48.7854"
"102.7800","2.5406","48.7464"
"102.8000","2.5410","48.7269"
"102.8200","2.5414","48.7060"
"102.8400","2.5419","48.7108"
"102.8600","2.5423","48.6581"
"102.8800","2.5427","48.7242"
"102.9000","2.5429","48.7855"
"102.9200","2.5432","48.7625"
"102.9400","2.5434","48.6250"
"102.9600","2.5437","48.6115"
"102.9800","2.5440","48.6365"
"103.0000","2.5444","48.8062"
"103.0200","2.5447","48.8450"
"103.0400","2.5451","48.7397"
"103.0600","2.5455","48.6543"
"103.0800","2.5458","48.6533"
"103.1000","2.5461","48.7460"
"103.1200","2.5465","48.7155"
"103.1400","2.5468","48.6768"
"103.1600","2.5472","48.6065"
"103.1800","2.5476","48.6747"
"103.2000","2.5479","48.7114"
"103.2200","2.5482","48.7542"
"103.2400","2.5485","48.7065"
"103.2600","2.5488","48.6546"
"103.2800","2.5491","48.6089"
"103.3000","2.5494","48.7057"
"103.3200","2.5497","48.7140"
"103.3400","2.5501","48.7337"
"103.3600","2.5504","48.7345"
"103.3800","2.5508","48.6776"
"103.4000","2.5511","48.6497"
"103.4200","2.5514","48.6250"
"103.4400","2.5517","48.6578"
"103.4600","2.5520","48.7655"
"103.4800","2.5523","48.7978"
"103.5000","2.5527","48.7135"
"103.5200","2.5531","48.6348"
"103.5400","2.5536","48.6784"
"103.5600","2.5540","48.7061"
"103.5800","2.5543","48.7489"
"103.6000","2.5546","48.8161"
"103.6200","2.5548","48.7283"
"103.6400","2.5550","48.6635"
"103.6600","2.5553","48.6975"
"103.6800","2.5557","48.6554"
"103.7000","2.5561","48.7285"
"103.7200","2.5564","48.7436"
"103.7400","2.5568","48.7224"
"103.7600","2.5571","48.7813"
"103.7800","2.5574","48.7211"
"103.8000","2.5578","48.7327"
"103.8200","2.5581","48.7681"
"103.8400","2.5585","48.7515"
"103.8600","2.5589","48.6288"
"103.8800","2.5593","48.6041"
"103.9000","2.5596","48.6940"
"103.9200","2.5599","48.7258"
"103.9400","2.5601","48.7040"
"103.9600","2.5604","48.7093"
"103.9800","2.5607","48.7833"
"104.0000","2.5610","48.8162"
"104.0200","2.5613","48.7430"
"104.0400","2.5617","48.7335"
"104.0600","2.5621","48.7415"
"104.0800","2.5624","48.8097"
"104.1000","2.5627","48.7639"
"104.1200","2.5630","48.7120"
"104.1400","2.5633","48.8212"
"104.1600","2.5636","48.7969"
"104.1800","2.5640","48.7418"
"104.2000","2.5644","48.7745"
"104.2200","2.5649","48.8345"
"104.2400","2.5653","48.7303"
"104.2600","2.5656","48.6891"
"104.2800","2.5659","48.7480"
"104.3000","2.5662","48.7751"
"104.3200","2.5664","48.7751"
"104.3400","2.5667","48.7591"
"104.3600","2.5670","48.7962"
"104.3800","2.5674","48.7873"
"104.4000","2.5678","48.8009"
"104.4200","2.5681","48.8626"
"104.4400","2.5685","48.8761"
"104.4600","2.5688","48.7788"
"104.4800","2.5691","48.7479"
"104.5000","2.5694","48.8049"
"104.5200","2.5698","48.9107"
"104.5400","2.5702","48.9443"
"104.5600","2.5706","48.8082"
"104.5800","2.5710","48.8285"
"104.6000","2.5713","48.8590"
"104.6200","2.5715","48.8039"
"104.6400","2.5718","48.7956"
"104.6600","2.5721","48.8040"
"104.6800","2.5724","48.7843"
"104.7000","2.5727","48.8044"
"104.7200","2.5731","48.8812"
"104.7400","2.5734","48.8070"
"104.7600","2.5738","48.8204"
"104.7800","2.5741","48.8139"
"104.8000","2.5744","48.7211"
"104.8200","2.5747","48.6737"
"104.8400","2.5750","48.7832"
"104.8600","2.5753","48.8838"
"104.8800","2.5757","48.8860"
"104.9000","2.5762","48.8585"
"104.9200","2.5766","48.8743"
"104.9400","2.5770","48.8533"
"104.9600","2.5773","48.9101"
"104.9800","2.5775","48.9783"
"105.0000","2.5778","48.9488"
"105.0200","2.5780","48.8519"
"105.0400","2.5784","48.8476"
"105.0600","2.5787","48.9476"
"105.0800","2.5791","48.9908"
"105.1000","2.5794","48.9291"
"105.1200","2.5798","48.8784"
"105.1400","2.5801","48.9743"
"105.1600","2.5804","48.9594"
"105.1800","2.5807","49.0040"
"105.2000","2.5811","48.9791"
"105.2200","2.5815","48.9223"
"105.2400","2.5819","48.8666"
"105.2600","2.5823","48.8832"
"105.2800","2.5827","48.9451"
"105.3000","2.5829","48.9851"
"105.3200","2.5832","48.9053"
"105.3400","2.5834","48.9117"
"105.3600","2.5837","48.9200"
"105.3800","2.5840","48.9228"
"105.4000","2.5844","48.9222"
"105.4200","2.5848","48.9778"
"105.4400","2.5851","48.9824"
"105.4600","2.5854","49.0285"
"105.4800","2.5857","48.9302"
"105.5000","2.5860","48.8397"
"105.5200","2.5863","48.9067"
"105.5400","2.5866","48.9186"
"105.5600","2.5870","48.9039"
"105.5800","2.5874","48.9975"
"105.6000","2.5879","49.0390"
"105.6200","2.5883","48.9970"
"105.6400","2.5886","49.0048"
"105.6600","2.5889","48.9602"
"105.6800","2.5891","48.9470"
"105.7000","2.5894","48.9485"
"105.7200","2.5897","48.9650"
"105.7400","2.5900","48.9956"
"105.7600","2.5904","48.9927"
"105.7800","2.5908","48.9136"
"105.8000","2.5912","48.9086"
"105.8200","2.5915","48.9475"
"105.8400","2.5918","48.8637"
"105.8600","2.5921","48.8642"
"105.8800","2.5924","48.9234"
"105.9000","2.5928","48.9694"
"105.9200","2.5932","48.9432"
"105.9400","2.5936","48.9212"
"105.9600","2.5940","48.9828"
"105.9800","2.5943","49.0308"
"106.0000","2.5945","49.0388"
"106.0200","2.5948","49.0019"
"106.0400","2.5951","49.0119"
"106.0600","2.5954","49.0959"
"106.0800","2.5958","49.0377"
"106.1000","2.5961","49.0533"
"106.1200","2.5965","49.1686"
"106.1400","2.5968","49.0676"
"106.1600","2.5971","48.9552"
"106.1800","2.5974","48.9596"
"106.2000","2.5976","49.0267"
"106.2200","2.5979","49.0112"
"106.2400","2.5983","48.9594"
"106.2600","2.5987","49.0175"
"106.2800","2.5992","49.0606"
"106.3000","2.5996","49.0660"
"106.3200","2.5999","49.0251"
"106.3400","2.6002","48.9856"
"106.3600","2.6005","48.9531"
"106.3800","2.6007","48.9404"
"106.4000","2.6010","48.9364"
"106.4200","2.6013","49.0059"
"106.4400","2.6017","48.9865"
"106.4600","2.6021","49.0046"
"106.4800","2.6025","48.9663"
"106.5000","2.6028","49.0096"
"106.5200","2.6031","49.0182"
"106.5400","2.6034","48.9976"
"106.5600","2.6038","48.9675"
"106.5800","2.6041","49.0323"
"106.6000","2.6045","48.9789"
"106.6200","2.6050","48.9612"
"106.6400","2.6053","49.0097"
"106.6600","2.6056","49.0181"
"106.6800","2.6059","48.9899"
"106.7000","2.6061","49.0332"
"106.7200","2.6064","49.0224"
"106.7400","2.6067","49.0132"
"106.7600","2.6071","48.9951"
"106.7800","2.6074","48.9882"
"106.8000","2.6078","48.9640"
"106.8200","2.6081","49.0235"
"106.8400","2.6085","49.0938"
"106.8600","2.6087","49.1003"
"106.8800","2.6090","48.9679"
"106.9000","2.6093","48.9352"
"106.9200","2.6096","48.8747"
"106.9400","2.6100","48.9922"
"106.9600","2.6104","49.0272"
"106.9800","2.6109","48.9784"
"107.0000","2.6113","48.9791"
"107.0200","2.6116","49.0119"
"107.0400","2.6119","49.0097"
"107.0600","2.6121","48.9789"
"107.0800","2.6124","48.9458"
"107.1000","2.6127","48.9687"
"107.1200","2.6130","48.9606"
"107.1400","2.6134","49.0753"
"107.1600","2.6138","49.0678"
"107.1800","2.6141","48.9992"
"107.2000","2.6144","48.9785"
"107.2200","2.6147","49.0050"
"107.2400","2.6151","48.9126"
"107.2600","2.6154","48.9886"
"107.2800","2.6158","49.0335"
"107.3000","2.6162","49.0246"
"107.3200","2.6166","49.0460"
"107.3400","2.6170","49.0387"
"107.3600","2.6172","48.9623"
"107.3800","2.6175","48.9513"
"107.4000","2.6178","48.9677"
"107.4200","2.6180","48.9874"
"107.4400","2.6184","49.0224"
"107.4600","2.6187","49.0011"
"107.4800","2.6191","49.0562"
"107.5000","2.6195","49.0325"
"107.5200","2.6198","48.9960"
"107.5400","2.6201","48.9628"
"107.5600","2.6204","48.9716"
"107.5800","2.6206","49.0164"
"107.6000","2.6209","48.9932"
"107.6200","2.6213","49.0277"
"107.6400","2.6217","49.0127"
"107.6600","2.6222","49.0290"
"107.6800","2.6226","49.0811"
"107.7000","2.6230","48.9983"
"107.7200","2.6232","48.9831"
"107.7400","2.6235","48.9461"
"107.7600","2.6237","48.9317"
"107.7800","2.6240","49.0186"
"107.8000","2.6243","49.0244"
"107.8200","2.6247","48.9818"
"107.8400","2.6251","48.9653"
"107.8600","2.6254","48.9347"
"107.8800","2.6258","48.9138"
"107.9000","2.6261","48.9081"
"107.9200","2.6264","48.8875"
"107.9400","2.6268","49.0071"
"107.9600","2.6271","48.9959"
"107.9800","2.6275","48.9778"
"108.0000","2.6279","48.9593"
"108.0200","2.6283","48.9930"
"108.0400","2.6286","49.0063"
"108.0600","2.6288","49.0683"
"108.0800","2.6291","48.9598"
"108.1000","2.6294","48.9309"
"108.1200","2.6297","48.9474"
"108.1400","2.6300","48.9174"
"108.1600","2.6304","48.9405"
"108.1800","2.6308","49.0063"
"108.2000","2.6311","49.0214"
"108.2200","2.6315","49.0336"
"108.2400","2.6318","48.9954"
"108.2600","2.6320","48.9450"
"108.2800","2.6323","48.9384"
"108.3000","2.6327","48.9297"
"108.3200","2.6330","48.9213"
"108.3400","2.6335","48.9104"
"108.3600","2.6339","48.8505"
"108.3800","2.6343","48.8614"
"108.4000","2.6346","48.8811"
"108.4200","2.6349","48.9131"
"108.4400","2.6351","49.0083"
"108.4600","2.6354","49.0396"
"108.4800","2.6357","49.0001"
"108.5000","2.6360","49.0031"
"108.5200","2.6364","48.8650"
"108.5400","2.6368","48.8405"
"108.5600","2.6371","48.8447"
"108.5800","2.6374","48.9009"
"108.6000","2.6378","48.9098"
"108.6200","2.6381","48.8322"
"108.6400","2.6385","48.8352"
"108.6600","2.6389","48.9529"
"108.6800","2.6393","48.9462"
"108.7000","2.6397","48.9178"
"108.7200","2.6400","49.0227"
"108.7400","2.6403","49.0482"
"108.7600","2.6405","48.9113"
"108.7800","2.6408","48.8938"
"108.8000","2.6410","48.9767"
"108.8200","2.6414","48.9948"
"108.8400","2.6417","48.9667"
"108.8600","2.6421","48.9494"
"108.8800","2.6425","48.9470"
"108.9000","2.6428","48.9601"
"108.9200","2.6431","49.0097"
"108.9400","2.6434","48.9765"
"108.9600","2.6437","48.9975"
"108.9800","2.6440","48.9640"
"109.0000","2.6444","48.9361"
"109.0200","2.6448","48.8583"
"109.0400","2.6452","48.9578"
"109.0600","2.6456","48.9899"
"109.0800","2.6460","49.0005"
"109.1000","2.6462","49.0695"
"109.1200","2.6465","49.0889"
"109.1400","2.6467","49.0321"
"109.1600","2.6470","48.9812"
"109.1800","2.6473","48.9236"
"109.2000","2.6477","49.0019"
"109.2200","2.6481","49.0189"
"109.2400","2.6485","48.9678"
"109.2600","2.6488","48.9806"
"109.2800","2.6491","48.9123"
"109.3000","2.6494","48.8926"
"109.3200","2.6498","48.9162"
"109.3400","2.6502","48.8914"
"109.3600","2.6506","48.9165"
"109.3800","2.6510","48.9792"
"109.4000","2.6513","48.9594"
"109.4200","2.6516","48.9952"
"109.4400","2.6519","49.0448"
"109.4600","2.6521","49.1732"
"109.4800","2.6524","49.1121"
"109.5000","2.6527","49.0536"
"109.5200","2.6530","48.9607"
"109.5400","2.6534","48.9093"
"109.5600","2.6538","48.9621"
"109.5800","2.6542","48.9651"
"109.6000","2.6545","49.0270"
"109.6200","2.6547","49.0963"
"109.6400","2.6550","49.1074"
"109.6600","2.6553","49.0321"
"109.6800","2.6556","49.0323"
"109.7000","2.6561","49.1037"
"109.7200","2.6565","49.0561"
"109.7400","2.6569","48.9405"
"109.7600","2.6573","48.8733"
"109.7800","2.6576","48.9164"
"109.8000","2.6579","48.9553"
"109.8200","2.6581","49.0166"
"109.8400","2.6584","49.0001"
"109.8600","2.6587","48.9793"
"109.8800","2.6590","48.9478"
"109.9000","2.6594","49.0579"
"109.9200","2.6597","49.1407"
"109.9400","2.6601","49.0875"
"109.9600","2.6604","49.0425"
"109.9800","2.6607","49.0901"
"110.0000","2.6610","49.1161"
"110.0200","2.6614","49.0608"
"110.0400","2.6618","49.0526"
"110.0600","2.6622","49.0306"
"110.0800","2.6626","49.0943"
"110.1000","2.6630","49.1341"
"110.1200","2.6632","49.1661"
"110.1400","2.6635","49.1228"
"110.1600","2.6637","49.0950"
"110.1800","2.6640","49.0018"
"110.2000","2.6643","48.9790"
"110.2200","2.6647","49.0479"
"110.2400","2.6651","49.1489"
"110.2600","2.6655","49.2282"
"110.2800","2.6658","49.1018"
"110.3000","2.6661","49.0661"
"110.3200","2.6664","49.0623"
"110.3400","2.6667","49.0975"
"110.3600","2.6670","49.1147"
"110.3800","2.6673","49.0198"
"110.4000","2.6678","49.0679"
"110.4200","2.6682","49.0354"
"110.4400","2.6686","49.0175"
"110.4600","2.6690","49.0468"
"110.4800","2.6693","49.1075"
"110.5000","2.6695","49.1257"
"110.5200","2.6697","49.0881"
"110.5400","2.6700","49.0139"
"110.5600","2.6703","49.0760"
"110.5800","2.6707","49.0750"
"110.6000","2.6710","49.0625"
"110.6200","2.6714","49.0521"
"110.6400","2.6717","49.0321"
"110.6600","2.6721","49.1186"
"110.6800","2.6724","49.0968"
"110.7000","2.6727","49.0036"
"110.7200","2.6731","49.0244"
"110.7400","2.6735","49.0948"
"110.7600","2.6739","49.1925"
"110.7800","2.6743","49.2052"
"110.8000","2.6746","49.1146"
"110.8200","2.6748","49.1248"
"110.8400","2.6751","49.2285"
"110.8600","2.6754","49.1829"
"110.8800","2.6757","49.1781"
"110.9000","2.6760","49.1118"
"110.9200","2.6764","49.1147"
"110.9400","2.6768","49.1520"
"110.9600","2.6771","49.1616"
"110.9800","2.6774","49.1350"
"111.0000","2.6777","49.0916"
"111.0200","2.6780","49.1220"
"111.0400","2.6783","49.0468"
"111.0600","2.6786","49.0058"
"111.0800","2.6790","49.0928"
"111.1000","2.6795","49.1297"
"111.1200","2.6799","49.1377"
"111.1400","2.6803","49.1392"
"111.1600","2.6806","49.0780"
"111.1800","2.6809","49.0217"
"111.2000","2.6811","49.1562"
"111.2200","2.6814","49.1201"
"111.2400","2.6817","49.0274"
"111.2600","2.6820","49.0246"
"111.2800","2.6824","49.0162"
"111.3000","2.6827","49.1521"
"111.3200","2.6831","49.1888"
"111.3400","2.6834","49.1460"
"111.3600","2.6837","49.1283"
"111.3800","2.6841","49.0928"
"111.4000","2.6844","49.0860"
"111.4200","2.6848","49.1257"
"111.4400","2.6853","49.2045"
"111.4600","2.6856","49.1449"
"111.4800","2.6860","49.1306"
"111.5000","2.6862","49.1102"
"111.5200","2.6865","49.1063"
"111.5400","2.6867","49.1251"
"111.5600","2.6870","49.0759"
"111.5800","2.6874","48.9987"
"111.6000","2.6877","48.9721"
"111.6200","2.6881","48.9633"
"111.6400","2.6885","49.0700"
"111.6600","2.6888","49.1305"
"111.6800","2.6891","49.1591"
"111.7000","2.6894","49.1142"
"111.7200","2.6897","49.0399"
"111.7400","2.6900","49.0691"
"111.7600","2.6904","49.0111"
"111.7800","2.6908","49.0279"
"111.8000","2.6912","49.0923"
"111.8200","2.6917","49.0404"
"111.8400","2.6920","48.9905"
"111.8600","2.6923","49.0435"
"111.8800","2.6925","49.0944"
"111.9000","2.6927","49.0626"
"111.9200","2.6930","49.0368"
"111.9400","2.6933","49.0364"
"111.9600","2.6937","49.0542"
"111.9800","2.6941","49.0019"
"112.0000","2.6944","49.0312"
"112.0200","2.6948","48.9325"
"112.0400","2.6951","48.8648"
"112.0600","2.6954","48.9078"
"112.0800","2.6958","48.9340"
"112.1000","2.6962","48.9232"
"112.1200","2.6966","48.9692"
"112.1400","2.6970","48.9843"
"112.1600","2.6973","48.9155"
"112.1800","2.6976","48.9376"
"112.2000","2.6979","49.0027"
"112.2200","2.6981","49.0095"
"112.2400","2.6984","48.9206"
"112.2600","2.6987","48.8742"
"112.2800","2.6990","48.8228"
"112.3000","2.6994","48.9174"
"112.3200","2.6998","48.9751"
"112.3400","2.7002","48.9390"
"112.3600","2.7005","48.9141"
"112.3800","2.7007","49.0341"
"112.4000","2.7010","49.1298"
"112.4200","2.7013","49.0554"
"112.4400","2.7017","48.9744"
"112.4600","2.7021","48.9575"
"112.4800","2.7025","48.8875"
"112.5000","2.7030","48.9830"
"112.5200","2.7034","48.9834"
"112.5400","2.7037","48.9881"
"112.5600","2.7039","48.9737"
"112.5800","2.7041","48.9297"
"112.6000","2.7044","48.9537"
"112.6200","2.7047","48.8874"
"112.6400","2.7050","48.9564"
"112.6600","2.7054","49.0695"
"112.6800","2.7057","49.0263"
"112.7000","2.7061","49.0405"
"112.7200","2.7064","48.9699"
"112.7400","2.7067","48.9884"
"112.7600","2.7071","48.9673"
"112.7800","2.7075","49.1110"
"112.8000","2.7079","49.0652"
"112.8200","2.7083","49.0050"
"112.8400","2.7086","49.0308"
"112.8600","2.7089","48.9482"
"112.8800","2.7092","48.8893"
"112.9000","2.7095","48.9208"
"112.9200","2.7097","48.9545"
"112.9400","2.7100","48.9984"
"112.9600","2.7103","49.0262"
"112.9800","2.7107","49.0115"
"113.0000","2.7111","48.9750"
"113.0200","2.7115","48.9637"
"113.0400","2.7118","48.9309"
"113.0600","2.7121","48.9491"
"113.0800","2.7124","49.0189"
"113.1000","2.7127","49.0730"
"113.1200","2.7130","49.1285"
"113.1400","2.7134","49.1272"
"113.1600","2.7138","49.0349"
"113.1800","2.7142","48.9784"
"113.2000","2.7147","48.9856"
"113.2200","2.7150","49.0902"
"113.2400","2.7153","49.0400"
"113.2600","2.7155","49.0121"
"113.2800","2.7157","48.9805"
"113.3000","2.7160","48.9724"
"113.3200","2.7164","48.9574"
"113.3400","2.7167","49.0409"
"113.3600","2.7171","49.0402"
"113.3800","2.7174","48.9838"
"113.4000","2.7178","48.9749"
"113.4200","2.7181","49.1157"
"113.4400","2.7184","49.0611"
"113.4600","2.7188","48.9444"
"113.4800","2.7191","48.9962"
"113.5000","2.7195","49.0669"
"113.5200","2.7199","49.0199"
"113.5400","2.7203","48.9907"
"113.5600","2.7206","49.0114"
"113.5800","2.7208","49.0674"
"113.6000","2.7211","49.1127"
"113.6200","2.7213","49.0752"
"113.6400","2.7216","49.0968"
"113.6600","2.7220","49.1492"
"113.6800","2.7224","49.1160"
"113.7000","2.7228","49.0909"
"113.7200","2.7231","49.0723"
"113.7400","2.7234","49.0689"
"113.7600","2.7237","49.0380"
"113.7800","2.7240","49.0928"
"113.8000","2.7243","49.1409"
"113.8200","2.7247","49.1041"
"113.8400","2.7251","49.0835"
"113.8600","2.7255","49.0757"
"113.8800","2.7260","49.1247"
"113.9000","2.7263","49.0983"
"113.9200","2.7266","49.0855"
"113.9400","2.7269","49.0779"
"113.9600","2.7271","49.0213"
"113.9800","2.7274","49.0561"
"114.0000","2.7277","49.1113"
"114.0200","2.7280","49.0945"
"114.0400","2.7284","49.0763"
"114.0600","2.7288","49.1468"
"114.0800","2.7291","49.1165"
"114.1000","2.7294","49.0093"
"114.1200","2.7298","48.9514"
"114.1400","2.7301","48.9957"
"114.1600","2.7305","48.9814"
"114.1800","2.7309","49.0644"
"114.2000","2.7313","49.1322"
"114.2200","2.7316","49.0675"
"114.2400","2.7319","49.0437"
"114.2600","2.7322","49.0467"
"114.2800","2.7324","49.0756"
"114.3000","2.7327","49.0384"
"114.3200","2.7330","49.0676"
"114.3400","2.7333","49.0759"
"114.3600","2.7337","49.0901"
"114.3800","2.7341","49.0284"
"114.4000","2.7344","48.9596"
"114.4200","2.7348","48.9350"
"114.4400","2.7351","49.0370"
"114.4600","2.7354","49.0471"
"114.4800","2.7357","49.0166"
"114.5000","2.7360","49.0415"
"114.5200","2.7364","49.0817"
"114.5400","2.7368","49.0486"
"114.5600","2.7373","49.0543"
"114.5800","2.7377","49.0257"
"114.6000","2.7380","49.0084"
"114.6200","2.7382","48.8706"
"114.6400","2.7385","48.9635"
"114.6600","2.7387","48.8993"
"114.6800","2.7390","48.8687"
"114.7000","2.7394","48.8984"
"114.7200","2.7397","48.9688"
"114.7400","2.7401","49.0516"
"114.7600","2.7405","49.0576"
"114.7800","2.7408","49.0593"
"114.8000","2.7411","49.0122"
"114.8200","2.7414","48.9603"
"114.8400","2.7418","48.9198"
"114.8600","2.7422","48.8321"
"114.8800","2.7426","48.9085"
"114.9000","2.7430","48.9951"
"114.9200","2.7433","48.9522"
"114.9400","2.7435","48.8859"
"114.9600","2.7438","48.9628"
"114.9800","2.7440","48.9430"
"115.0000","2.7443","48.9374"
"115.0200","2.7446","48.8627"
"115.0400","2.7450","48.8714"
"115.0600","2.7454","48.8730"
"115.0800","2.7457","48.8478"
"115.1000","2.7461","48.8771"
"115.1200","2.7464","48.9267"
"115.1400","2.7467","48.9485"
"115.1600","2.7470","48.9426"
"115.1800","2.7473","48.9457"
"115.2000","2.7477","48.9416"
"115.2200","2.7481","48.9011"
"115.2400","2.7486","48.8853"
"115.2600","2.7490","48.9282"
"115.2800","2.7493","48.9094"
"115.3000","2.7496","48.9099"
"115.3200","2.7498","48.9442"
"115.3400","2.7501","48.9924"
"115.3600","2.7503","48.8920"
"115.3800","2.7507","48.9105"
"115.4000","2.7510","48.8548"
"115.4200","2.7514","48.8228"
"115.4400","2.7518","48.8443"
"115.4600","2.7522","48.8818"
"115.4800","2.7525","48.8144"
"115.5000","2.7528","48.9106"
"115.5200","2.7531","48.9626"
"115.5400","2.7535","48.9097"
"115.5600","2.7539","48.8051"
"115.5800","2.7543","48.8754"
"115.6000","2.7546","48.8734"
"115.6200","2.7549","48.8785"
"115.6400","2.7552","48.8954"
"115.6600","2.7554","48.9305"
"115.6800","2.7557","48.9755"
"115.7000","2.7560","48.9252"
"115.7200","2.7563","48.9004"
"115.7400","2.7567","48.9624"
"115.7600","2.7571","48.9167"
"115.7800","2.7574","48.9867"
"115.8000","2.7578","49.0131"
"115.8200","2.7581","48.9408"
"115.8400","2.7583","48.9668"
"115.8600","2.7586","48.9240"
"115.8800","2.7590","48.9058"
"115.9000","2.7594","48.8390"
"115.9200","2.7599","48.9267"
"115.9400","2.7603","49.0003"
"115.9600","2.7607","49.0269"
"115.9800","2.7610","49.0088"
"116.0000","2.7612","48.9638"
"116.0200","2.7614","48.9512"
"116.0400","2.7617","48.9892"
"116.0600","2.7620","49.0362"
"116.0800","2.7624","48.9863"
"116.1000","2.7627","49.0204"
"116.1200","2.7631","49.0874"
"116.1400","2.7635","49.0415"
"116.1600","2.7638","49.0115"
"116.1800","2.7642","49.0097"
"116.2000","2.7645","48.9555"
"116.2200","2.7648","48.9783"
"116.2400","2.7652","49.0450"
"116.2600","2.7656","49.0028"
"116.2800","2.7659","48.9715"
"116.3000","2.7663","48.9643"
"116.3200","2.7665","48.9395"
"116.3400","2.7668","48.9720"
"116.3600","2.7671","48.9346"
"116.3800","2.7673","48.9994"
"116.4000","2.7677","49.0373"
"116.4200","2.7680","48.9792"
"116.4400","2.7684","48.9469"
"116.4600","2.7688","48.9054"
"116.4800","2.7691","48.9983"
"116.5000","2.7694","49.0300"
"116.5200","2.7697","48.9218"
"116.5400","2.7700","48.8239"
"116.5600","2.7703","48.8284"
"116.5800","2.7707","48.8446"
"116.6000","2.7712","48.9892"
"116.6200","2.7716","49.0190"
"116.6400","2.7720","48.9729"
"116.6600","2.7723","48.9038"
"116.6800","2.7726","48.8727"
"116.7000","2.7728","48.8636"
"116.7200","2.7731","48.8702"
"116.7400","2.7734","48.8886"
"116.7600","2.7737","48.8761"
"116.7800","2.7741","48.9092"
"116.8000","2.7745","48.9627"
"116.8200","2.7749","48.8993"
"116.8400","2.7752","48.8352"
"116.8600","2.7755","48.8373"
"116.8800","2.7758","48.7821"
"116.9000","2.7761","48.8544"
"116.9200","2.7765","48.9163"
"116.9400","2.7769","48.9229"
"116.9600","2.7773","48.8254"
"116.9800","2.7776","48.8539"
"117.0000","2.7779","48.8444"
"117.0200","2.7782","48.7259"
"117.0400","2.7784","48.7648"
"117.0600","2.7787","48.7916"
"117.0800","2.7790","48.7664"
"117.1000","2.7793","48.7823"
"117.1200","2.7797","48.6857"
"117.1400","2.7801","48.7101"
"117.1600","2.7804","48.7093"
"117.1800","2.7807","48.7050"
"117.2000","2.7810","48.6574"
"117.2200","2.7813","48.5899"
"117.2400","2.7816","48.6650"
"117.2600","2.7820","48.6311"
"117.2800","2.7824","48.6725"
"117.3000","2.7829","48.6977"
"117.3200","2.7833","48.6626"
"117.3400","2.7837","48.6515"
"117.3600","2.7840","48.5708"
"117.3800","2.7842","48.5035"
"117.4000","2.7844","48.4915"
"117.4200","2.7847","48.3942"
"117.4400","2.7850","48.4379"
"117.4600","2.7854","48.4390"
"117.4800","2.7857","48.4935"
"117.5000","2.7861","48.5076"
"117.5200","2.7865","48.4792"
"117.5400","2.7868","48.4725"
"117.5600","2.7871","48.4752"
"117.5800","2.7875","48.4074"
"117.6000","2.7878","48.3703"
"117.6200","2.7882","48.4000"
"117.6400","2.7886","48.3283"
"117.6600","2.7889","48.3424"
"117.6800","2.7892","48.4854"
"117.7000","2.7895","48.5455"
"117.7200","2.7898","48.4529"
"117.7400","2.7901","48.3350"
"117.7600","2.7904","48.3122"
"117.7800","2.7907","48.3405"
"117.8000","2.7910","48.4537"
"117.8200","2.7914","48.5038"
"117.8400","2.7918","48.4598"
"117.8600","2.7921","48.4165"
"117.8800","2.7924","48.4290"
"117.9000","2.7927","48.4023"
"117.9200","2.7929","48.3418"
"117.9400","2.7933","48.3281"
"117.9600","2.7937","48.3845"
"117.9800","2.7941","48.4276"
"118.0000","2.7946","48.4409"
"118.0200","2.7950","48.3870"
"118.0400","2.7953","48.3189"
"118.0600","2.7956","48.3747"
"118.0800","2.7958","48.3671"
"118.1000","2.7961","48.3219"
"118.1200","2.7963","48.3916"
"118.1400","2.7967","48.3416"
"118.1600","2.7970","48.3778"
"118.1800","2.7974","48.4152"
"118.2000","2.7978","48.3933"
"118.2200","2.7981","48.3558"
"118.2400","2.7984","48.3475"
"118.2600","2.7987","48.3298"
"118.2800","2.7991","48.3213"
"118.3000","2.7995","48.3477"
"118.3200","2.7999","48.3045"
"118.3400","2.8003","48.3528"
"118.3600","2.8006","48.3540"
"118.3800","2.8009","48.3812"
"118.4000","2.8012","48.4508"
"118.4200","2.8014","48.4073"
"118.4400","2.8017","48.3099"
"118.4600","2.8020","48.3283"
"118.4800","2.8023","48.3570"
"118.5000","2.8027","48.3718"
"118.5200","2.8031","48.3727"
"118.5400","2.8034","48.4438"
"118.5600","2.8037","48.4470"
"118.5800","2.8040","48.4333"
"118.6000","2.8043","48.4003"
"118.6200","2.8046","48.4096"
"118.6400","2.8050","48.3472"
"118.6600","2.8054","48.3616"
"118.6800","2.8059","48.4158"
"118.7000","2.8063","48.4029"
"118.7200","2.8067","48.3478"
"118.7400","2.8069","48.4148"
"118.7600","2.8072","48.4051"
"118.7800","2.8074","48.4184"
"118.8000","2.8077","48.3603"
"118.8200","2.8080","48.3234"
"118.8400","2.8084","48.3468"
"118.8600","2.8088","48.3186"
"118.8800","2.8091","48.3458"
"118.9000","2.8095","48.4631"
"118.9200","2.8098","48.4874"
"118.9400","2.8101","48.5492"
"118.9600","2.8104","48.4056"
"118.9800","2.8108","48.3760"
"119.0000","2.8112","48.3925"
"119.0200","2.8116","48.4071"
"119.0400","2.8120","48.4535"
"119.0600","2.8123","48.5370"
"119.0800","2.8125","48.4484"
"119.1000","2.8128","48.3419"
"119.1200","2.8131","48.2983"
"119.1400","2.8134","48.3114"
"119.1600","2.8137","48.3171"
"119.1800","2.8141","48.3568"
"119.2000","2.8144","48.4653"
"119.2200","2.8148","48.4311"
"119.2400","2.8151","48.4042"
"119.2600","2.8154","48.3847"
"119.2800","2.8157","48.3950"
"119.3000","2.8160","48.4117"
"119.3200","2.8163","48.4117"
"119.3400","2.8167","48.4000"
"119.3600","2.8171","48.4441"
"119.3800","2.8176","48.4089"
"119.4000","2.8180","48.3088"
"119.4200","2.8183","48.3426"
"119.4400","2.8185","48.3351"
"119.4600","2.8188","48.3406"
"119.4800","2.8190","48.3839"
"119.5000","2.8194","48.3639"
"119.5200","2.8197","48.3633"
"119.5400","2.8201","48.3386"
"119.5600","2.8204","48.3965"
"119.5800","2.8208","48.3412"
"119.6000","2.8211","48.3127"
"119.6200","2.8214","48.3346"
"119.6400","2.8217","48.3759"
"119.6600","2.8221","48.4083"
"119.6800","2.8225","48.3904"
"119.7000","2.8229","48.2873"
"119.7200","2.8233","48.2196"
"119.7400","2.8237","48.2358"
"119.7600","2.8239","48.3196"
"119.7800","2.8242","48.3430"
"119.8000","2.8245","48.3016"
"119.8200","2.8247","48.2238"
"119.8400","2.8250","48.3131"
"119.8600","2.8254","48.3319"
"119.8800","2.8258","48.2481"
"119.9000","2.8261","48.2628"
"119.9200","2.8264","48.2780"
"119.9400","2.8267","48.4178"
"119.9600","2.8270","48.5229"
"119.9800","2.8273","48.4648"
"120.0000","2.8276","48.4368"
"120.0200","2.8280","48.3535"
"120.0400","2.8284","48.2504"
"120.0600","2.8289","48.3092"
"120.0800","2.8293","48.3162"
"120.1000","2.8296","48.4395"
"120.1200","2.8299","48.3992"
"120.1400","2.8302","48.3241"
"120.1600","2.8304","48.3383"
"120.1800","2.8307","48.3469"
"120.2000","2.8310","48.3878"
"120.2200","2.8314","48.3447"
"120.2400","2.8318","48.3685"
"120.2600","2.8322","48.3546"
"120.2800","2.8325","48.2912"
"120.3000","2.8328","48.3397"
"120.3200","2.8331","48.3783"
"120.3400","2.8334","48.3659"
"120.3600","2.8338","48.3654"
"120.3800","2.8342","48.3710"
"120.4000","2.8346","48.3577"
"120.4200","2.8350","48.2022"
"120.4400","2.8353","48.1677"
"120.4600","2.8355","48.2692"
"120.4800","2.8358","48.3347"
"120.5000","2.8361","48.2796"
"120.5200","2.8364","48.2145"
"120.5400","2.8367","48.2423"
"120.5600","2.8371","48.2334"
"120.5800","2.8375","48.2628"
"120.6000","2.8378","48.3412"
"120.6200","2.8381","48.2813"
"120.6400","2.8384","48.2079"
"120.6600","2.8386","48.1898"
"120.6800","2.8389","48.2841"
"120.7000","2.8393","48.2931"
"120.7200","2.8397","48.2623"
"120.7400","2.8401","48.2797"
"120.7600","2.8406","48.3003"
"120.7800","2.8409","48.2975"
"120.8000","2.8412","48.2729"
"120.8200","2.8415","48.2875"
"120.8400","2.8417","48.3133"
"120.8600","2.8420","48.3622"
"120.8800","2.8423","48.3451"
"120.9000","2.8427","48.2040"
"120.9200","2.8431","48.1492"
"120.9400","2.8434","48.1994"
"120.9600","2.8438","48.2392"
"120.9800","2.8441","48.3026"
"121.0000","2.8444","48.2273"
"121.0200","2.8447","48.1973"
"121.0400","2.8451","48.1614"
"121.0600","2.8455","48.1964"
"121.0800","2.8459","48.1957"
"121.1000","2.8463","48.2461"
"121.1200","2.8466","48.2257"
"121.1400","2.8469","48.2577"
"121.1600","2.8472","48.2025"
"121.1800","2.8474","48.2522"
"121.2000","2.8477","48.2450"
"121.2200","2.8481","48.2470"
"121.2400","2.8484","48.3027"
"121.2600","2.8488","48.2987"
"121.2800","2.8491","48.2723"
"121.3000","2.8495","48.2042"
"121.3200","2.8497","48.1737"
"121.3400","2.8500","48.1891"
"121.3600","2.8503","48.2927"
"121.3800","2.8506","48.2798"
"121.4000","2.8510","48.2095"
"121.4200","2.8514","48.2450"
"121.4400","2.8519","48.2739"
"121.4600","2.8523","48.2643"
"121.4800","2.8526","48.2220"
"121.5000","2.8529","48.2830"
"121.5200","2.8531","48.3467"
"121.5400","2.8534","48.2809"
"121.5600","2.8537","48.1983"
"121.5800","2.8540","48.2430"
"121.6000","2.8544","48.2679"
"121.6200","2.8547","48.3088"
"121.6400","2.8551","48.3047"
"121.6600","2.8554","48.2864"
"121.6800","2.8557","48.2572"
"121.7000","2.8561","48.1910"
"121.7200","2.8564","48.1208"
"121.7400","2.8568","48.1515"
"121.7600","2.8572","48.1511"
"121.7800","2.8576","48.2105"
"121.8000","2.8580","48.2574"
"121.8200","2.8583","48.2437"
"121.8400","2.8585","48.2634"
"121.8600","2.8588","48.3227"
"121.8800","2.8590","48.2720"
"121.9000","2.8594","48.1871"
"121.9200","2.8597","48.1980"
"121.9400","2.8601","48.1721"
"121.9600","2.8605","48.1746"
"121.9800","2.8608","48.1454"
"122.0000","2.8611","48.1711"
"122.0200","2.8614","48.1950"
"122.0400","2.8617","48.1934"
"122.0600","2.8619","48.2547"
"122.0800","2.8623","48.3446"
"122.1000","2.8627","48.3803"
"122.1200","2.8632","48.3039"
"122.1400","2.8636","48.2809"
"122.1600","2.8640","48.2913"
"122.1800","2.8643","48.2019"
"122.2000","2.8645","48.1481"
"122.2200","2.8647","48.3144"
"122.2400","2.8650","48.3215"
"122.2600","2.8653","48.1706"
"122.2800","2.8657","48.1784"
"122.3000","2.8661","48.2373"
"122.3200","2.8664","48.2667"
"122.3400","2.8668","48.2432"
"122.3600","2.8671","48.1713"
"122.3800","2.8674","48.2605"
"122.4000","2.8678","48.3010"
"122.4200","2.8681","48.3155"
"122.4400","2.8685","48.3292"
"122.4600","2.8689","48.3189"
"122.4800","2.8693","48.3413"
"122.5000","2.8696","48.2968"
"122.5200","2.8699","48.2997"
"122.5400","2.8701","48.2996"
"122.5600","2.8704","48.2827"
"122.5800","2.8707","48.2764"
"122.6000","2.8710","48.1739"
"122.6200","2.8714","48.1859"
"122.6400","2.8718","48.2385"
"122.6600","2.8721","48.2851"
"122.6800","2.8725","48.2529"
"122.7000","2.8728","48.2103"
"122.7200","2.8731","48.1336"
"122.7400","2.8733","48.1528"
"122.7600","2.8737","48.2024"
"122.7800","2.8740","48.2486"
"122.8000","2.8745","48.2398"
"122.8200","2.8749","48.2985"
"122.8400","2.8753","48.2186"
"122.8600","2.8757","48.1336"
"122.8800","2.8759","48.2012"
"122.9000","2.8762","48.1883"
"122.9200","2.8764","48.2206"
"122.9400","2.8767","48.2430"
"122.9600","2.8770","48.1791"
"122.9800","2.8774","48.2624"
"123.0000","2.8778","48.2237"
"123.0200","2.8781","48.1603"
"123.0400","2.8785","48.1743"
"123.0600","2.8788","48.1568"
"123.0800","2.8791","48.2844"
"123.1000","2.8794","48.2870"
"123.1200","2.8798","48.2779"
"123.1400","2.8803","48.2253"
"123.1600","2.8807","48.2702"
"123.1800","2.8810","48.2113"
"123.2000","2.8813","48.1647"
"123.2200","2.8815","48.1773"
"123.2400","2.8818","48.2382"
"123.2600","2.8820","48.2693"
"123.2800","2.8823","48.2847"
"123.3000","2.8827","48.3886"
"123.3200","2.8831","48.4171"
"123.3400","2.8835","48.2706"
"123.3600","2.8838","48.3026"
"123.3800","2.8841","48.2988"
"123.4000","2.8844","48.3288"
"123.4200","2.8847","48.3645"
"123.4400","2.8850","48.2603"
"123.4600","2.8853","48.2559"
"123.4800","2.8857","48.1751"
"123.5000","2.8862","48.2692"
"123.5200","2.8866","48.2836"
"123.5400","2.8870","48.2505"
"123.5600","2.8872","48.2549"
"123.5800","2.8875","48.3299"
"123.6000","2.8877","48.1934"
"123.6200","2.8880","48.0578"
"123.6400","2.8883","48.0490"
"123.6600","2.8887","48.1828"
"123.6800","2.8891","48.2610"
"123.7000","2.8894","48.2989"
"123.7200","2.8898","48.3159"
"123.7400","2.8901","48.2783"
"123.7600","2.8904","48.2211"
"123.7800","2.8908","48.1506"
"123.8000","2.8911","48.2253"
"123.8200","2.8915","48.2224"
"123.8400","2.8919","48.2536"
"123.8600","2.8923","48.2173"
"123.8800","2.8926","48.2038"
"123.9000","2.8929","48.2232"
"123.9200","2.8931","48.2209"
"123.9400","2.8934","48.1496"
"123.9600","2.8937","48.1724"
"123.9800","2.8940","48.1023"
"124.0000","2.8944","48.0112"
"124.0200","2.8948","48.1672"
"124.0400","2.8951","48.2426"
"124.0600","2.8955","48.1953"
"124.0800","2.8958","48.2058"
"124.1000","2.8960","48.2284"
"124.1200","2.8963","48.1107"
"124.1400","2.8967","48.0957"
"124.1600","2.8970","48.1037"
"124.1800","2.8975","48.2244"
"124.2000","2.8979","48.2866"
"124.2200","2.8983","48.2646"
"124.2400","2.8986","48.2481"
"124.2600","2.8989","48.2732"
"124.2800","2.8991","48.2881"
"124.3000","2.8994","48.3050"
"124.3200","2.8997","48.2627"
"124.3400","2.9000","48.1566"
"124.3600","2.9004","48.1782"
"124.3800","2.9007","48.2174"
"124.4000","2.9011","48.2513"
"124.4200","2.9014","48.2853"
"124.4400","2.9017","48.1870"
"124.4600","2.9020","48.1815"
"124.4800","2.9024","48.1877"
"124.5000","2.9028","48.3044"
"124.5200","2.9032","48.2759"
"124.5400","2.9036","48.2073"
"124.5600","2.9040","48.2664"
"124.5800","2.9043","48.2561"
"124.6000","2.9045","48.1826"
"124.6200","2.9048","48.1786"
"124.6400","2.9050","48.1551"
"124.6600","2.9053","48.2019"
"124.6800","2.9057","48.1831"
"124.7000","2.9061","48.1487"
"124.7200","2.9065","48.1452"
"124.7400","2.9068","48.1849"
"124.7600","2.9071","48.1619"
"124.7800","2.9074","48.1888"
"124.8000","2.9077","48.1881"
"124.8200","2.9080","48.1533"
"124.8400","2.9083","48.1748"
"124.8600","2.9088","48.1829"
"124.8800","2.9092","48.2041"
"124.9000","2.9096","48.1982"
"124.9200","2.9100","48.2036"
"124.9400","2.9103","48.2140"
"124.9600","2.9105","48.2756"
"124.9800","2.9108","48.3436"
"125.0000","2.9110","48.2756"
"125.0200","2.9113","48.0839"
"125.0400","2.9117","48.0521"
"125.0600","2.9120","48.0758"
"125.0800","2.9124","48.1110"
"125.1000","2.9128","48.1303"
"125.1200","2.9131","48.1858"
"125.1400","2.9134","48.2232"
"125.1600","2.9137","48.2467"
"125.1800","2.9141","48.1724"
"125.2000","2.9145","48.0887"
"125.2200","2.9149","48.1436"
"125.2400","2.9153","48.2162"
"125.2600","2.9156","48.2123"
"125.2800","2.9159","48.1938"
"125.3000","2.9161","48.2188"
"125.3200","2.9164","48.2185"
"125.3400","2.9167","48.1954"
"125.3600","2.9170","48.2420"
"125.3800","2.9174","48.2633"
"125.4000","2.9178","48.2457"
"125.4200","2.9181","48.2193"
"125.4400","2.9185","48.2513"
"125.4600","2.9187","48.1944"
"125.4800","2.9190","48.2280"
"125.5000","2.9193","48.1676"
"125.5200","2.9197","48.1815"
"125.5400","2.9200","48.1790"
"125.5600","2.9205","48.1374"
"125.5800","2.9209","48.1960"
"125.6000","2.9213","48.1936"
"125.6200","2.9216","48.1750"
"125.6400","2.9219","48.2604"
"125.6600","2.9221","48.1712"
"125.6800","2.9224","48.1848"
"125.7000","2.9227","48.2197"
"125.7200","2.9230","48.2479"
"125.7400","2.9234","48.2713"
"125.7600","2.9237","48.1967"
"125.7800","2.9241","48.1457"
"125.8000","2.9244","48.2013"
"125.8200","2.9247","48.1423"
"125.8400","2.9251","48.0763"
"125.8600","2.9254","48.1320"
"125.8800","2.9258","48.1547"
"125.9000","2.9262","48.1777"
"125.9200","2.9266","48.1245"
"125.9400","2.9270","48.1216"
"125.9600","2.9272","48.2106"
"125.9800","2.9275","48.2576"
"126.0000","2.9277","48.2152"
"126.0200","2.9280","48.1484"
"126.0400","2.9283","48.1397"
"126.0600","2.9287","48.0566"
"126.0800","2.9291","48.0710"
"126.1000","2.9294","48.0676"
"126.1200","2.9298","48.0509"
"126.1400","2.9301","48.0279"
"126.1600","2.9304","48.0442"
"126.1800","2.9306","48.0553"
"126.2000","2.9310","48.0357"
"126.2200","2.9313","48.0169"
"126.2400","2.9317","48.0642"
"126.2600","2.9322","48.1067"
"126.2800","2.9326","48.0822"
"126.3000","2.9330","47.9725"
"126.3200","2.9333","48.0294"
"126.3400","2.9335","48.1459"
"126.3600","2.9338","48.1494"
"126.3800","2.9340","48.0960"
"126.4000","2.9343","48.1306"
"126.4200","2.9347","48.1978"
"126.4400","2.9351","48.1748"
"126.4600","2.9354","48.1284"
"126.4800","2.9358","48.1067"
"126.5000","2.9361","48.1184"
"126.5200","2.9364","48.0657"
"126.5400","2.9368","48.1115"
"126.5600","2.9372","48.1345"
"126.5800","2.9376","48.1944"
"126.6000","2.9380","48.0573"
"126.6200","2.9383","47.9248"
"126.6400","2.9386","47.8585"
"126.6600","2.9389","47.8560"
"126.6800","2.9391","47.9576"
"126.7000","2.9394","48.0030"
"126.7200","2.9397","47.9886"
"126.7400","2.9400","47.9595"
"126.7600","2.9404","47.9613"
"126.7800","2.9408","47.9418"
"126.8000","2.9412","47.9398"
"126.8200","2.9415","47.9958"
"126.8400","2.9418","48.0577"
"126.8600","2.9420","48.0406"
"126.8800","2.9423","48.0137"
"126.9000","2.9427","47.9779"
"126.9200","2.9431","47.9528"
"126.9400","2.9435","47.8771"
"126.9600","2.9440","47.8969"
"126.9800","2.9444","47.9598"
"127.0000","2.9447","47.9773"
"127.0200","2.9449","48.0032"
"127.0400","2.9452","48.0064"
"127.0600","2.9454","47.9465"
"127.0800","2.9457","47.9583"
"127.1000","2.9460","47.8968"
"127.1200","2.9464","47.8974"
"127.1400","2.9467","47.8627"
"127.1600","2.9471","47.8566"
"127.1800","2.9474","47.8267"
"127.2000","2.9477","47.8114"
"127.2200","2.9481","47.8728"
"127.2400","2.9484","47.8460"
"127.2600","2.9488","47.8219"
"127.2800","2.9492","47.8919"
"127.3000","2.9496","47.8574"
"127.3200","2.9500","47.7574"
"127.3400","2.9502","47.7195"
"127.3600","2.9505","47.7539"
"127.3800","2.9507","47.7860"
"127.4000","2.9510","47.7334"
"127.4200","2.9513","47.7626"
"127.4400","2.9517","47.7888"
"127.4600","2.9521","47.7811"
"127.4800","2.9525","47.7966"
"127.5000","2.9528","47.8414"
"127.5200","2.9531","47.8109"
"127.5400","2.9534","47.7276"
"127.5600","2.9537","47.7414"
"127.5800","2.9540","47.8099"
"127.6000","2.9544","47.8199"
"127.6200","2.9548","47.7782"
"127.6400","2.9552","47.7223"
"127.6600","2.9557","47.6533"
"127.6800","2.9560","47.7346"
"127.7000","2.9563","47.6705"
"127.7200","2.9565","47.7476"
"127.7400","2.9568","47.7326"
"127.7600","2.9570","47.6636"
"127.7800","2.9574","47.7164"
"127.8000","2.9577","47.6435"
"127.8200","2.9581","47.6805"
"127.8400","2.9584","47.7565"
"127.8600","2.9588","47.7769"
"127.8800","2.9591","47.7029"
"127.9000","2.9594","47.7121"
"127.9200","2.9597","47.7040"
"127.9400","2.9601","47.7421"
"127.9600","2.9605","47.6952"
"127.9800","2.9609","47.6663"
"128.0000","2.9613","47.6669"
"128.0200","2.9616","47.7086"
"128.0400","2.9618","47.7619"
"128.0600","2.9621","47.7447"
"128.0800","2.9624","47.6929"
"128.1000","2.9627","47.6811"
"128.1200","2.9630","47.6899"
"128.1400","2.9634","47.7560"
"128.1600","2.9638","47.7921"
"128.1800","2.9641","47.7699"
"128.2000","2.9645","47.7290"
"128.2200","2.9648","47.7232"
"128.2400","2.9650","47.6586"
"128.2600","2.9653","47.6887"
"128.2800","2.9657","47.6416"
"128.3000","2.9661","47.7007"
"128.3200","2.9665","47.7181"
"128.3400","2.9669","47.6729"
"128.3600","2.9673","47.6778"
"128.3800","2.9676","47.6962"
"128.4000","2.9679","47.6913"
"128.4200","2.9681","47.6903"
"128.4400","2.9684","47.7617"
"128.4600","2.9687","47.7671"
"128.4800","2.9690","47.8170"
"128.5000","2.9694","47.8258"
"128.5200","2.9698","47.8097"
"128.5400","2.9701","47.7849"
"128.5600","2.9705","47.7410"
"128.5800","2.9708","47.7753"
"128.6000","2.9711","47.8306"
"128.6200","2.9715","47.7765"
"128.6400","2.9719","47.7502"
"128.6600","2.9723","47.7076"
"128.6800","2.9726","47.8004"
"128.7000","2.9729","47.8417"
"128.7200","2.9732","47.8026"
"128.7400","2.9734","47.8027"
"128.7600","2.9737","47.8372"
"128.7800","2.9740","47.7053"
"128.8000","2.9743","47.6540"
"128.8200","2.9746","47.7226"
"128.8400","2.9750","47.8441"
"128.8600","2.9754","47.8730"
"128.8800","2.9757","47.8099"
"128.9000","2.9761","47.7696"
"128.9200","2.9764","47.7446"
"128.9400","2.9766","47.7999"
"128.9600","2.9770","47.7981"
"128.9800","2.9773","47.7919"
"129.0000","2.9778","47.6797"
"129.0200","2.9782","47.7650"
"129.0400","2.9786","47.8074"
"129.0600","2.9790","47.7252"
"129.0800","2.9792","47.7572"
"129.1000","2.9795","47.7517"
"129.1200","2.9797","47.6796"
"129.1400","2.9800","47.7520"
"129.1600","2.9804","47.8509"
"129.1800","2.9807","47.8621"
"129.2000","2.9811","47.8228"
"129.2200","2.9815","47.7671"
"129.2400","2.9818","47.8142"
"129.2600","2.9821","47.7609"
"129.2800","2.9824","47.8174"
"129.3000","2.9828","47.7991"
"129.3200","2.9831","47.8080"
"129.3400","2.9835","47.8333"
"129.3600","2.9839","47.9149"
"129.3800","2.9843","47.8892"
"129.4000","2.9845","47.7977"
"129.4200","2.9848","47.8122"
"129.4400","2.9851","47.8166"
"129.4600","2.9853","47.7640"
"129.4800","2.9856","47.7679"
"129.5000","2.9860","47.7948"
"129.5200","2.9864","47.8157"
"129.5400","2.9867","47.8093"
"129.5600","2.9871","47.7420"
"129.5800","2.9874","47.7938"
"129.6000","2.9877","47.8398"
"129.6200","2.9880","47.8941"
"129.6400","2.9883","47.8655"
"129.6600","2.9887","47.8098"
"129.6800","2.9891","47.8384"
"129.7000","2.9896","47.8521"
"129.7200","2.9900","47.8515"
"129.7400","2.9903","47.8221"
"129.7600","2.9906","47.7439"
"129.7800","2.9908","47.7988"
"129.8000","2.9911","47.9090"
"129.8200","2.9914","47.9607"
"129.8400","2.9917","47.8480"
"129.8600","2.9920","47.7686"
"129.8800","2.9924","47.7669"
"129.9000","2.9928","47.8819"
"129.9200","2.9932","47.9064"
"129.9400","2.9935","47.9333"
"129.9600","2.9938","47.8945"
"129.9800","2.9941","47.8527"
"130.0000","2.9945","47.8723"
"130.0200","2.9949","47.9116"
"130.0400","2.9953","47.9960"
"130.0600","2.9956","48.0370"
"130.0800","2.9959","47.9331"
"130.1000","2.9962","47.7896"
"130.1200","2.9965","47.7704"
"130.1400","2.9967","47.7993"
"130.1600","2.9970","47.8626"
"130.1800","2.9973","47.8959"
"130.2000","2.9977","47.9625"
"130.2200","2.9981","47.9023"
"130.2400","2.9985","47.9460"
"130.2600","2.9988","47.8682"
"130.2800","2.9991","47.9391"
"130.3000","2.9994","47.9678"
"130.3200","2.9997","47.8591"
"130.3400","3.0000","47.8244"
"130.3600","3.0004","47.8586"
"130.3800","3.0009","47.9395"
"130.4000","3.0013","47.9639"
"130.4200","3.0017","47.9346"
"130.4400","3.0020","47.8908"
"130.4600","3.0022","47.8166"
"130.4800","3.0024","47.8451"
"130.5000","3.0027","47.9133"
"130.5200","3.0030","47.9725"
"130.5400","3.0033","47.9194"
"130.5600","3.0037","47.7937"
"130.5800","3.0041","47.8554"
"130.6000","3.0045","47.9111"
"130.6200","3.0048","47.9323"
"130.6400","3.0051","47.9491"
"130.6600","3.0055","47.9651"
"130.6800","3.0058","47.9508"
"130.7000","3.0062","47.9611"
"130.7200","3.0066","47.9130"
"130.7400","3.0070","47.8998"
"130.7600","3.0073","47.8801"
"130.7800","3.0076","47.9394"
"130.8000","3.0078","47.9400"
"130.8200","3.0081","47.9421"
"130.8400","3.0084","47.9445"
"130.8600","3.0087","47.8675"
"130.8800","3.0090","47.8105"
"130.9000","3.0094","47.7848"
"130.9200","3.0098","47.8875"
"130.9400","3.0101","47.8664"
"130.9600","3.0104","47.8791"
"130.9800","3.0107","47.8964"
"131.0000","3.0110","47.8664"
"131.0200","3.0113","47.9200"
"131.0400","3.0117","48.0027"
"131.0600","3.0121","47.9713"
"131.0800","3.0126","47.8908"
"131.1000","3.0130","47.8484"
"131.1200","3.0133","47.8675"
"131.1400","3.0136","47.9343"
"131.1600","3.0138","47.9909"
"131.1800","3.0141","48.0579"
"131.2000","3.0143","47.9648"
"131.2200","3.0147","47.8769"
"131.2400","3.0150","47.8620"
"131.2600","3.0154","47.8308"
"131.2800","3.0158","47.9371"
"131.3000","3.0162","47.9029"
"131.3200","3.0165","47.9079"
"131.3400","3.0168","47.9029"
"131.3600","3.0171","47.9469"
"131.3800","3.0175","47.9846"
"131.4000","3.0179","47.9222"
"131.4200","3.0183","48.0192"
"131.4400","3.0186","48.0716"
"131.4600","3.0189","48.1261"
"131.4800","3.0192","48.0501"
"131.5000","3.0194","47.9248"
"131.5200","3.0197","47.9494"
"131.5400","3.0200","47.9844"
"131.5600","3.0203","47.9287"
"131.5800","3.0207","47.9679"
"131.6000","3.0210","47.9937"
"131.6200","3.0214","48.0012"
"131.6400","3.0217","47.9888"
"131.6600","3.0220","48.0341"
"131.6800","3.0223","47.9511"
"131.7000","3.0226","47.8851"
"131.7200","3.0229","47.8721"
"131.7400","3.0234","47.9403"
"131.7600","3.0238","48.0200"
"131.7800","3.0243","48.0083"
"131.8000","3.0247","47.9517"
"131.8200","3.0250","47.8953"
"131.8400","3.0252","47.8776"
"131.8600","3.0255","47.9239"
"131.8800","3.0257","48.0609"
"131.9000","3.0260","47.9810"
"131.9200","3.0264","47.9053"
"131.9400","3.0267","47.9488"
"131.9600","3.0271","47.9390"
"131.9800","3.0275","47.9630"
"132.0000","3.0278","47.9847"
"132.0200","3.0281","48.0301"
"132.0400","3.0284","48.0560"
"132.0600","3.0288","48.0492"
"132.0800","3.0291","48.0453"
"132.1000","3.0295","48.0250"
"132.1200","3.0299","48.0181"
"132.1400","3.0302","47.9351"
"132.1600","3.0305","47.8848"
"132.1800","3.0308","47.8799"
"132.2000","3.0311","47.8971"
"132.2200","3.0314","47.9547"
"132.2400","3.0317","48.0246"
"132.2600","3.0320","47.9940"
"132.2800","3.0324","47.9394"
"132.3000","3.0328","47.9672"
"132.3200","3.0331","47.9824"
"132.3400","3.0334","47.9950"
"132.3600","3.0337","47.9922"
"132.3800","3.0340","47.9622"
"132.4000","3.0343","48.0118"
"132.4200","3.0347","48.1485"
"132.4400","3.0351","48.1300"
"132.4600","3.0356","48.0955"
"132.4800","3.0360","48.0136"
"132.5000","3.0363","48.0460"
"132.5200","3.0366","48.1399"
"132.5400","3.0368","48.1214"
"132.5600","3.0371","48.1615"
"132.5800","3.0374","48.1090"
"132.6000","3.0377","48.0475"
"132.6200","3.0380","48.0102"
"132.6400","3.0384","47.9899"
"132.6600","3.0388","48.0238"
"132.6800","3.0391","48.0253"
"132.7000","3.0394","47.9990"
"132.7200","3.0398","48.0387"
"132.7400","3.0401","48.0168"
"132.7600","3.0405","48.0152"
"132.7800","3.0409","48.0137"
"132.8000","3.0413","48.0641"
"132.8200","3.0416","48.0282"
"132.8400","3.0419","48.0907"
"132.8600","3.0422","48.0790"
"132.8800","3.0424","48.0905"
"132.9000","3.0427","48.0616"
"132.9200","3.0430","47.9928"
"132.9400","3.0434","47.9505"
"132.9600","3.0437","47.9415"
"132.9800","3.0441","47.9860"
"133.0000","3.0445","48.0352"
"133.0200","3.0448","48.0794"
"133.0400","3.0451","48.0221"
"133.0600","3.0453","48.0129"
"133.0800","3.0456","48.0575"
"133.1000","3.0460","48.0406"
"133.1200","3.0464","48.0722"
"133.1400","3.0468","48.0640"
"133.1600","3.0473","48.0732"
"133.1800","3.0476","48.0867"
"133.2000","3.0479","48.0679"
"133.2200","3.0482","48.0615"
"133.2400","3.0484","47.9595"
"133.2600","3.0487","47.9787"
"133.2800","3.0490","48.0500"
"133.3000","3.0494","48.0725"
"133.3200","3.0498","48.0382"
"133.3400","3.0501","48.0151"
"133.3600","3.0505","48.0300"
"133.3800","3.0508","47.9848"
"133.4000","3.0511","48.0276"
"133.4200","3.0514","48.0487"
"133.4400","3.0518","47.9723"
"133.4600","3.0522","47.9484"
"133.4800","3.0526","48.0037"
"133.5000","3.0530","48.0764"
"133.5200","3.0533","47.9591"
"133.5400","3.0536","47.8681"
"133.5600","3.0538","47.8953"
"133.5800","3.0541","48.0099"
"133.6000","3.0544","48.0354"
"133.6200","3.0547","48.0735"
"133.6400","3.0551","48.0004"
"133.6600","3.0554","47.9583"
"133.6800","3.0558","47.9882"
"133.7000","3.0561","47.9101"
"133.7200","3.0564","47.9164"
"133.7400","3.0567","47.9110"
"133.7600","3.0570","47.9069"
"133.7800","3.0573","47.9294"
"133.8000","3.0577","47.9433"
"133.8200","3.0581","47.9061"
"133.8400","3.0586","47.9047"
"133.8600","3.0590","47.9052"
"133.8800","3.0593","47.8587"
"133.9000","3.0595","47.8620"
"133.9200","3.0598","47.9233"
"133.9400","3.0601","47.9318"
"133.9600","3.0604","47.8818"
"133.9800","3.0607","47.8571"
"134.0000","3.0611","47.7661"
"134.0200","3.0615","47.7896"
"134.0400","3.0618","47.8764"
"134.0600","3.0621","47.9889"
"134.0800","3.0624","47.9454"
"134.1000","3.0628","47.9025"
"134.1200","3.0631","47.8244"
"134.1400","3.0635","47.8597"
"134.1600","3.0639","47.8190"
"134.1800","3.0643","47.8239"
"134.2000","3.0647","47.8371"
"134.2200","3.0650","47.8244"
"134.2400","3.0652","47.9141"
"134.2600","3.0655","47.8646"
"134.2800","3.0657","47.8566"
"134.3000","3.0660","47.8850"
"134.3200","3.0664","47.8429"
"134.3400","3.0667","47.8362"
"134.3600","3.0671","47.8296"
"134.3800","3.0674","47.8251"
"134.4000","3.0677","47.7125"
"134.4200","3.0680","47.6914"
"134.4400","3.0683","47.7526"
"134.4600","3.0686","47.6981"
"134.4800","3.0690","47.6311"
"134.5000","3.0694","47.6202"
"134.5200","3.0698","47.7121"
"134.5400","3.0703","47.8089"
"134.5600","3.0706","47.8367"
"134.5800","3.0709","47.7875"
"134.6000","3.0712","47.6660"
"134.6200","3.0714","47.6452"
"134.6400","3.0717","47.6629"
"134.6600","3.0720","47.6598"
"134.6800","3.0724","47.7347"
"134.7000","3.0728","47.7457"
"134.7200","3.0731","47.7444"
"134.7400","3.0735","47.6656"
"134.7600","3.0738","47.5782"
"134.7800","3.0741","47.5941"
"134.8000","3.0744","47.5736"
"134.8200","3.0748","47.5304"
"134.8400","3.0752","47.5648"
"134.8600","3.0756","47.6451"
"134.8800","3.0760","47.6939"
"134.9000","3.0763","47.6545"
"134.9200","3.0766","47.6048"
"134.9400","3.0768","47.5613"
"134.9600","3.0771","47.5876"
"134.9800","3.0774","47.6040"
"135.0000","3.0777","47.5872"
"135.0200","3.0781","47.5710"
"135.0400","3.0785","47.6139"
"135.0600","3.0788","47.5904"
"135.0800","3.0791","47.5418"
"135.1000","3.0794","47.5023"
"135.1200","3.0797","47.5191"
"135.1400","3.0800","47.4808"
"135.1600","3.0803","47.4925"
"135.1800","3.0807","47.5380"
"135.2000","3.0811","47.5403"
"135.2200","3.0815","47.5123"
"135.2400","3.0819","47.5105"
"135.2600","3.0822","47.5287"
"135.2800","3.0825","47.5307"
"135.3000","3.0827","47.5305"
"135.3200","3.0830","47.4601"
"135.3400","3.0833","47.3947"
"135.3600","3.0837","47.3590"
"135.3800","3.0841","47.3452"
"135.4000","3.0844","47.4133"
"135.4200","3.0848","47.4407"
"135.4400","3.0851","47.4022"
"135.4600","3.0854","47.4570"
"135.4800","3.0858","47.4388"
"135.5000","3.0861","47.4560"
"135.5200","3.0865","47.4324"
"135.5400","3.0869","47.4998"
"135.5600","3.0873","47.4948"
"135.5800","3.0877","47.3702"
"135.6000","3.0879","47.3732"
"135.6200","3.0882","47.4398"
"135.6400","3.0885","47.5648"
"135.6600","3.0888","47.5420"
"135.6800","3.0891","47.5802"
"135.7000","3.0894","47.4940"
"135.7200","3.0898","47.4524"
"135.7400","3.0901","47.4183"
"135.7600","3.0905","47.4094"
"135.7800","3.0907","47.4991"
"135.8000","3.0910","47.4745"
"135.8200","3.0913","47.4698"
"135.8400","3.0916","47.4675"
"135.8600","3.0920","47.5050"
"135.8800","3.0924","47.5492"
"135.9000","3.0928","47.4614"
"135.9200","3.0932","47.3459"
"135.9400","3.0936","47.3727"
"135.9600","3.0939","47.4224"
"135.9800","3.0941","47.4167"
"136.0000","3.0944","47.4496"
"136.0200","3.0947","47.4275"
"136.0400","3.0950","47.3544"
"136.0600","3.0954","47.4442"
"136.0800","3.0957","47.4247"
"136.1000","3.0961","47.4384"
"136.1200","3.0965","47.4402"
"136.1400","3.0968","47.4427"
"136.1600","3.0971","47.4870"
"136.1800","3.0974","47.4119"
"136.2000","3.0978","47.4273"
"136.2200","3.0982","47.3697"
"136.2400","3.0986","47.3805"
"136.2600","3.0990","47.4467"
"136.2800","3.0993","47.3681"
"136.3000","3.0995","47.4047"
"136.3200","3.0998","47.3712"
"136.3400","3.1001","47.3426"
"136.3600","3.1004","47.4222"
"136.3800","3.1007","47.3728"
"136.4000","3.1011","47.3933"
"136.4200","3.1015","47.4241"
"136.4400","3.1018","47.3959"
"136.4600","3.1021","47.3548"
"136.4800","3.1024","47.3787"
"136.5000","3.1027","47.3648"
"136.5200","3.1030","47.3217"
"136.5400","3.1033","47.3497"
"136.5600","3.1037","47.4014"
"136.5800","3.1041","47.3860"
"136.6000","3.1046","47.4179"
"136.6200","3.1050","47.3959"
"136.6400","3.1053","47.3900"
"136.6600","3.1055","47.2885"
"136.6800","3.1058","47.2297"
"136.7000","3.1060","47.3714"
"136.7200","3.1064","47.4025"
"136.7400","3.1067","47.3402"
"136.7600","3.1071","47.3528"
"136.7800","3.1074","47.2966"
"136.8000","3.1078","47.2842"
"136.8200","3.1081","47.3044"
"136.8400","3.1084","47.3138"
"136.8600","3.1087","47.3470"
"136.8800","3.1091","47.3266"
"136.9000","3.1095","47.3244"
"136.9200","3.1099","47.3703"
"136.9400","3.1103","47.3087"
"136.9600","3.1106","47.3357"
"136.9800","3.1109","47.2448"
"137.0000","3.1111","47.2177"
"137.0200","3.1114","47.1810"
"137.0400","3.1117","47.1788"
"137.0600","3.1120","47.2138"
"137.0800","3.1123","47.2850"
"137.1000","3.1127","47.2493"
"137.1200","3.1131","47.2733"
"137.1400","3.1135","47.2668"
"137.1600","3.1138","47.2597"
"137.1800","3.1141","47.2605"
"137.2000","3.1144","47.1894"
"137.2200","3.1147","47.1936"
"137.2400","3.1150","47.2405"
"137.2600","3.1155","47.2759"
"137.2800","3.1159","47.2848"
"137.3000","3.1163","47.2998"
"137.3200","3.1166","47.3402"
"137.3400","3.1169","47.2666"
"137.3600","3.1172","47.1865"
"137.3800","3.1174","47.2257"
"137.4000","3.1177","47.2598"
"137.4200","3.1180","47.2613"
"137.4400","3.1184","47.2564"
"137.4600","3.1188","47.2345"
"137.4800","3.1191","47.1681"
"137.5000","3.1194","47.1757"
"137.5200","3.1197","47.2160"
"137.5400","3.1201","47.1545"
"137.5600","3.1204","47.2097"
"137.5800","3.1208","47.2204"
"137.6000","3.1212","47.2509"
"137.6200","3.1216","47.2938"
"137.6400","3.1220","47.2225"
"137.6600","3.1223","47.1617"
"137.6800","3.1225","47.1261"
"137.7000","3.1228","47.1084"
"137.7200","3.1230","47.0551"
"137.7400","3.1234","47.1336"
"137.7600","3.1237","47.1239"
"137.7800","3.1241","47.1430"
"137.8000","3.1245","47.2103"
"137.8200","3.1248","47.2368"
"137.8400","3.1252","47.2283"
"137.8600","3.1254","47.1794"
"137.8800","3.1257","47.2036"
"137.9000","3.1260","47.2274"
"137.9200","3.1263","47.1336"
"137.9400","3.1267","47.0990"
"137.9600","3.1271","47.1297"
"137.9800","3.1276","47.1600"
"138.0000","3.1280","47.1789"
"138.0200","3.1283","47.1472"
"138.0400","3.1285","47.1979"
"138.0600","3.1288","47.1845"
"138.0800","3.1290","47.1743"
"138.1000","3.1293","47.2017"
"138.1200","3.1297","47.1898"
"138.1400","3.1301","47.1409"
"138.1600","3.1304","47.0714"
"138.1800","3.1308","47.1310"
"138.2000","3.1311","47.1385"
"138.2200","3.1314","47.0926"
"138.2400","3.1318","47.1063"
"138.2600","3.1322","47.1944"
"138.2800","3.1326","47.1855"
"138.3000","3.1330","47.1970"
"138.3200","3.1333","47.1820"
"138.3400","3.1336","47.1650"
"138.3600","3.1339","47.1073"
"138.3800","3.1342","47.1437"
"138.4000","3.1344","47.2124"
"138.4200","3.1347","47.2167"
"138.4400","3.1350","47.1277"
"138.4600","3.1354","47.0154"
"138.4800","3.1358","46.9706"
"138.5000","3.1361","47.0336"
"138.5200","3.1365","47.0718"
"138.5400","3.1368","47.0932"
"138.5600","3.1370","47.1133"
"138.5800","3.1373","47.0939"
"138.6000","3.1377","47.0775"
"138.6200","3.1380","47.0945"
"138.6400","3.1385","47.0846"
"138.6600","3.1389","47.0623"
"138.6800","3.1393","47.1024"
"138.7000","3.1396","47.0861"
"138.7200","3.1399","47.0412"
"138.7400","3.1401","46.9883"
"138.7600","3.1404","47.1009"
"138.7800","3.1407","47.1053"
"138.8000","3.1410","47.0245"
"138.8200","3.1414","47.0020"
"138.8400","3.1417","47.0678"
"138.8600","3.1421","47.0976"
"138.8800","3.1424","47.0444"
"138.9000","3.1427","46.9341"
"138.9200","3.1431","47.0095"
"138.9400","3.1434","47.0582"
"138.9600","3.1438","47.0413"
"138.9800","3.1442","47.0216"
"139.0000","3.1446","47.0507"
"139.0200","3.1450","47.0757"
"139.0400","3.1453","47.0645"
"139.0600","3.1455","47.0593"
"139.0800","3.1458","46.9972"
"139.1000","3.1461","46.9435"
"139.1200","3.1464","47.0231"
"139.1400","3.1467","47.0395"
"139.1600","3.1471","47.0393"
"139.1800","3.1475","47.0190"
"139.2000","3.1478","46.8917"
"139.2200","3.1481","46.9623"
"139.2400","3.1484","47.0402"
"139.2600","3.1487","47.0494"
"139.2800","3.1490","47.0581"
"139.3000","3.1493","47.0377"
"139.3200","3.1497","47.0283"
"139.3400","3.1502","46.9850"
"139.3600","3.1506","46.9705"
"139.3800","3.1510","47.0585"
"139.4000","3.1513","47.0639"
"139.4200","3.1515","47.0377"
"139.4400","3.1518","46.9381"
"139.4600","3.1520","46.9909"
"139.4800","3.1523","47.0405"
"139.5000","3.1527","46.9445"
"139.5200","3.1530","46.9263"
"139.5400","3.1534","46.9204"
"139.5600","3.1537","46.9410"
"139.5800","3.1541","47.0150"
"139.6000","3.1544","46.9824"
"139.6200","3.1547","46.9870"
"139.6400","3.1551","46.8932"
"139.6600","3.1555","46.9390"
"139.6800","3.1559","46.9341"
"139.7000","3.1563","47.0126"
"139.7200","3.1566","47.0550"
"139.7400","3.1569","47.0724"
"139.7600","3.1571","46.9807"
"139.7800","3.1574","47.0092"
"139.8000","3.1577","47.0796"
"139.8200","3.1580","47.1052"
"139.8400","3.1584","47.0194"
"139.8600","3.1587","46.9934"
"139.8800","3.1591","46.9963"
"139.9000","3.1594","46.9945"
"139.9200","3.1598","46.9196"
"139.9400","3.1600","46.9991"
"139.9600","3.1603","47.0009"
"139.9800","3.1606","46.9646"
"140.0000","3.1610","46.9335"
"140.0200","3.1614","46.8750"
"140.0400","3.1619","46.8610"
"140.0600","3.1623","46.9992"
"140.0800","3.1627","47.0957"
"140.1000","3.1629","46.9470"
"140.1200","3.1631","46.9178"
"140.1400","3.1634","46.9417"
"140.1600","3.1637","46.9183"
"140.1800","3.1640","46.8826"
"140.2000","3.1644","46.9567"
"140.2200","3.1647","46.9452"
"140.2400","3.1651","46.8950"
"140.2600","3.1654","46.8976"
"140.2800","3.1657","46.9366"
"140.3000","3.1661","47.0519"
"140.3200","3.1664","47.0487"
"140.3400","3.1668","46.9622"
"140.3600","3.1672","46.8630"
"140.3800","3.1676","46.8159"
"140.4000","3.1680","46.8566"
"140.4200","3.1683","46.9455"
"140.4400","3.1685","46.8780"
"140.4600","3.1688","46.8612"
"140.4800","3.1690","46.8364"
"140.5000","3.1694","46.9097"
"140.5200","3.1697","46.9140"
"140.5400","3.1701","46.9092"
"140.5600","3.1705","46.9296"
"140.5800","3.1708","46.9075"
"140.6000","3.1711","46.9002"
"140.6200","3.1714","46.9698"
"140.6400","3.1717","47.0092"
"140.6600","3.1720","46.9011"
"140.6800","3.1723","46.8999"
"140.7000","3.1727","46.8435"
"140.7200","3.1732","46.8853"
"140.7400","3.1736","46.8897"
"140.7600","3.1740","46.9253"
"140.7800","3.1743","46.8976"
"140.8000","3.1746","46.8599"
"140.8200","3.1748","46.9209"
"140.8400","3.1750","46.9252"
"140.8600","3.1753","46.8886"
"140.8800","3.1757","46.9381"
"140.9000","3.1761","46.8810"
"140.9200","3.1764","46.8939"
"140.9400","3.1768","46.9958"
"140.9600","3.1771","47.0040"
"140.9800","3.1775","46.8832"
"141.0000","3.1778","46.8954"
"141.0200","3.1782","46.8603"
"141.0400","3.1786","46.8085"
"141.0600","3.1790","46.8360"
"141.0800","3.1793","46.8809"
"141.1000","3.1796","46.8553"
"141.1200","3.1799","46.8853"
"141.1400","3.1801","46.9557"
"141.1600","3.1804","46.9404"
"141.1800","3.1807","46.9230"
"141.2000","3.1810","46.9735"
"141.2200","3.1814","46.9296"
"141.2400","3.1818","46.9399"
"141.2600","3.1821","46.8242"
"141.2800","3.1825","46.8296"
"141.3000","3.1828","46.9266"
"141.3200","3.1830","46.9573"
"141.3400","3.1833","46.8563"
"141.3600","3.1836","46.7903"
"141.3800","3.1840","46.8192"
"141.4000","3.1845","46.9107"
"141.4200","3.1849","46.9490"
"141.4400","3.1854","46.8749"
"141.4600","3.1857","46.8670"
"141.4800","3.1860","46.9023"
"141.5000","3.1862","46.8512"
"141.5200","3.1865","46.7872"
"141.5400","3.1867","46.7554"
"141.5600","3.1870","46.8202"
"141.5800","3.1874","46.8709"
"141.6000","3.1878","46.8916"
"141.6200","3.1881","46.7908"
"141.6400","3.1884","46.7437"
"141.6600","3.1887","46.7260"
"141.6800","3.1891","46.7337"
"141.7000","3.1894","46.6847"
"141.7200","3.1898","46.7051"
"141.7400","3.1902","46.8316"
"141.7600","3.1906","46.8559"
"141.7800","3.1909","46.7903"
"141.8000","3.1912","46.8581"
"141.8200","3.1915","46.8072"
"141.8400","3.1917","46.7398"
"141.8600","3.1920","46.6906"
"141.8800","3.1923","46.6295"
"141.9000","3.1927","46.5878"
"141.9200","3.1931","46.6553"
"141.9400","3.1935","46.7457"
"141.9600","3.1938","46.8025"
"141.9800","3.1941","46.8093"
"142.0000","3.1944","46.7505"
"142.0200","3.1947","46.7404"
"142.0400","3.1950","46.6860"
"142.0600","3.1953","46.6625"
"142.0800","3.1957","46.6757"
"142.1000","3.1962","46.6693"
"142.1200","3.1966","46.6206"
"142.1400","3.1970","46.5928"
"142.1600","3.1973","46.6550"
"142.1800","3.1975","46.7295"
"142.2000","3.1978","46.7276"
"142.2200","3.1980","46.5571"
"142.2400","3.1984","46.5439"
"142.2600","3.1987","46.5607"
"142.2800","3.1991","46.5600"
"142.3000","3.1994","46.5135"
"142.3200","3.1998","46.5551"
"142.3400","3.2001","46.5050"
"142.3600","3.2004","46.4580"
"142.3800","3.2007","46.5163"
"142.4000","3.2011","46.5484"
"142.4200","3.2015","46.5125"
"142.4400","3.2019","46.5587"
"142.4600","3.2023","46.5139"
"142.4800","3.2026","46.5776"
"142.5000","3.2028","46.6185"
"142.5200","3.2031","46.5722"
"142.5400","3.2034","46.5584"
"142.5600","3.2037","46.5627"
"142.5800","3.2040","46.4215"
"142.6000","3.2044","46.4357"
"142.6200","3.2048","46.4890"
"142.6400","3.2051","46.5235"
"142.6600","3.2055","46.5044"
"142.6800","3.2058","46.5161"
"142.7000","3.2060","46.5572"
"142.7200","3.2063","46.5593"
"142.7400","3.2067","46.5766"
"142.7600","3.2071","46.5746"
"142.7800","3.2075","46.5624"
"142.8000","3.2079","46.4799"
"142.8200","3.2083","46.4466"
"142.8400","3.2086","46.4084"
"142.8600","3.2089","46.4605"
"142.8800","3.2091","46.4998"
"142.9000","3.2094","46.4682"
"142.9200","3.2097","46.4208"
"142.9400","3.2100","46.4332"
"142.9600","3.2104","46.3903"
"142.9800","3.2107","46.4007"
"143.0000","3.2111","46.3992"
"143.0200","3.2115","46.4744"
"143.0400","3.2118","46.5356"
"143.0600","3.2121","46.4948"
"143.0800","3.2125","46.5003"
"143.1000","3.2128","46.4695"
"143.1200","3.2133","46.4122"
"143.1400","3.2136","46.4309"
"143.1600","3.2139","46.4625"
"143.1800","3.2142","46.4063"
"143.2000","3.2145","46.4037"
"143.2200","3.2147","46.4143"
"143.2400","3.2150","46.5295"
"143.2600","3.2153","46.4038"
"143.2800","3.2156","46.3428"
"143.3000","3.2160","46.4164"
"143.3200","3.2164","46.4009"
"143.3400","3.2168","46.3323"
"143.3600","3.2171","46.4155"
"143.3800","3.2174","46.4664"
"143.4000","3.2177","46.4250"
"143.4200","3.2180","46.4724"
"143.4400","3.2183","46.4354"
"143.4600","3.2187","46.4712"
"143.4800","3.2192","46.4759"
"143.5000","3.2196","46.4838"
"143.5200","3.2200","46.4166"
"143.5400","3.2203","46.3765"
"143.5600","3.2205","46.4167"
"143.5800","3.2208","46.4585"
"143.6000","3.2210","46.5049"
"143.6200","3.2214","46.5060"
"143.6400","3.2217","46.4771"
"143.6600","3.2221","46.3866"
"143.6800","3.2225","46.3639"
"143.7000","3.2228","46.3524"
"143.7200","3.2231","46.3763"
"143.7400","3.2234","46.5017"
"143.7600","3.2238","46.4442"
"143.7800","3.2241","46.4181"
"143.8000","3.2245","46.4249"
"143.8200","3.2249","46.4776"
"143.8400","3.2253","46.4526"
"143.8600","3.2256","46.3958"
"143.8800","3.2258","46.4576"
"143.9000","3.2261","46.4045"
"143.9200","3.2263","46.4220"
"143.9400","3.2266","46.4330"
"143.9600","3.2270","46.3801"
"143.9800","3.2273","46.4725"
"144.0000","3.2277","46.4459"
"144.0200","3.2281","46.4048"
"144.0400","3.2284","46.4104"
"144.0600","3.2287","46.4476"
"144.0800","3.2290","46.4368"
"144.1000","3.2293","46.3988"
"144.1200","3.2297","46.5014"
"144.1400","3.2301","46.5002"
"144.1600","3.2305","46.4513"
"144.1800","3.2310","46.4871"
"144.2000","3.2314","46.6219"
"144.2200","3.2316","46.5160"
"144.2400","3.2319","46.4592"
"144.2600","3.2321","46.4657"
"144.2800","3.2324","46.4720"
"144.3000","3.2327","46.4388"
"144.3200","3.2330","46.4994"
"144.3400","3.2334","46.5484"
"144.3600","3.2338","46.5796"
"144.3800","3.2341","46.5278"
"144.4000","3.2345","46.5157"
"144.4200","3.2348","46.4680"
"144.4400","3.2351","46.5138"
"144.4600","3.2355","46.5399"
"144.4800","3.2359","46.4807"
"144.5000","3.2363","46.4212"
"144.5200","3.2366","46.4316"
"144.5400","3.2369","46.4467"
"144.5600","3.2372","46.4999"
"144.5800","3.2375","46.4230"
"144.6000","3.2377","46.3849"
"144.6200","3.2380","46.4086"
"144.6400","3.2383","46.4325"
"144.6600","3.2387","46.4610"
"144.6800","3.2391","46.4433"
"144.7000","3.2395","46.4405"
"144.7200","3.2398","46.5046"
"144.7400","3.2401","46.5078"
"144.7600","3.2404","46.4990"
"144.7800","3.2407","46.5513"
"144.8000","3.2410","46.5316"
"144.8200","3.2414","46.5512"
"144.8400","3.2418","46.5877"
"144.8600","3.2423","46.5850"
"144.8800","3.2427","46.5411"
"144.9000","3.2430","46.5297"
"144.9200","3.2432","46.5171"
"144.9400","3.2435","46.4890"
"144.9600","3.2437","46.5286"
"144.9800","3.2440","46.5051"
"145.0000","3.2443","46.4744"
"145.0200","3.2447","46.4554"
"145.0400","3.2451","46.4768"
"145.0600","3.2455","46.5250"
"145.0800","3.2458","46.5965"
"145.1000","3.2462","46.6513"
"145.1200","3.2465","46.5541"
"145.1400","3.2468","46.4247"
"145.1600","3.2472","46.4695"
"145.1800","3.2475","46.5241"
"145.2000","3.2479","46.5546"
"145.2200","3.2483","46.4454"
"145.2400","3.2486","46.4546"
"145.2600","3.2488","46.4431"
"145.2800","3.2491","46.5577"
"145.3000","3.2494","46.5351"
"145.3200","3.2497","46.5407"
"145.3400","3.2500","46.6355"
"145.3600","3.2504","46.6468"
"145.3800","3.2507","46.6335"
"145.4000","3.2511","46.5919"
"145.4200","3.2514","46.5170"
"145.4400","3.2517","46.5734"
"145.4600","3.2520","46.5678"
"145.4800","3.2523","46.5181"
"145.5000","3.2527","46.4864"
"145.5200","3.2531","46.5132"
"145.5400","3.2535","46.5218"
"145.5600","3.2540","46.4209"
"145.5800","3.2543","46.4243"
"145.6000","3.2546","46.4292"
"145.6200","3.2548","46.4618"
"145.6400","3.2551","46.5794"
"145.6600","3.2553","46.6315"
"145.6800","3.2557","46.7154"
"145.7000","3.2560","46.6691"
"145.7200","3.2564","46.6117"
"145.7400","3.2568","46.5771"
"145.7600","3.2572","46.5674"
"145.7800","3.2575","46.4528"
"145.8000","3.2578","46.3901"
"145.8200","3.2581","46.5149"
"145.8400","3.2585","46.5576"
"145.8600","3.2589","46.5551"
"145.8800","3.2593","46.6166"
"145.9000","3.2596","46.6027"
"145.9200","3.2599","46.6602"
"145.9400","3.2602","46.6480"
"145.9600","3.2605","46.6506"
"145.9800","3.2607","46.5750"
"146.0000","3.2610","46.5103"
"146.0200","3.2613","46.5340"
"146.0400","3.2617","46.6023"
"146.0600","3.2621","46.5966"
"146.0800","3.2624","46.5060"
"146.1000","3.2628","46.4297"
"146.1200","3.2630","46.4225"
"146.1400","3.2633","46.5810"
"146.1600","3.2636","46.5967"
"146.1800","3.2640","46.5464"
"146.2000","3.2644","46.5186"
"146.2200","3.2648","46.5283"
"146.2400","3.2653","46.5748"
"146.2600","3.2657","46.6404"
"146.2800","3.2660","46.5823"
"146.3000","3.2662","46.4912"
"146.3200","3.2665","46.4818"
"146.3400","3.2667","46.4749"
"146.3600","3.2670","46.5206"
"146.3800","3.2674","46.5643"
"146.4000","3.2677","46.5497"
"146.4200","3.2681","46.4889"
"146.4400","3.2685","46.4410"
"146.4600","3.2688","46.4454"
"146.4800","3.2691","46.3815"
"146.5000","3.2695","46.4200"
"146.5200","3.2698","46.4603"
"146.5400","3.2702","46.4940"
"146.5600","3.2706","46.5232"
"146.5800","3.2709","46.5137"
"146.6000","3.2713","46.4880"
"146.6200","3.2716","46.4402"
"146.6400","3.2718","46.3596"
"146.6600","3.2721","46.4135"
"146.6800","3.2724","46.4180"
"146.7000","3.2727","46.3449"
"146.7200","3.2730","46.3914"
"146.7400","3.2734","46.4619"
"146.7600","3.2738","46.5459"
"146.7800","3.2741","46.5206"
"146.8000","3.2744","46.4570"
"146.8200","3.2747","46.4535"
"146.8400","3.2750","46.4571"
"146.8600","3.2753","46.3974"
"146.8800","3.2756","46.4648"
"146.9000","3.2761","46.4735"
"146.9200","3.2765","46.4329"
"146.9400","3.2770","46.4740"
"146.9600","3.2773","46.5488"
"146.9800","3.2776","46.5072"
"147.0000","3.2778","46.4335"
"147.0200","3.2781","46.5104"
"147.0400","3.2784","46.5400"
"147.0600","3.2787","46.5446"
"147.0800","3.2790","46.5627"
"147.1000","3.2794","46.5616"
"147.1200","3.2798","46.5362"
"147.1400","3.2801","46.4291"
"147.1600","3.2804","46.4842"
"147.1800","3.2808","46.4875"
"147.2000","3.2811","46.4927"
"147.2200","3.2815","46.4266"
"147.2400","3.2818","46.4349"
"147.2600","3.2822","46.5099"
"147.2800","3.2826","46.4673"
"147.3000","3.2829","46.4896"
"147.3200","3.2832","46.5115"
"147.3400","3.2834","46.4039"
"147.3600","3.2837","46.3986"
"147.3800","3.2840","46.5088"
"147.4000","3.2843","46.4757"
"147.4200","3.2847","46.4793"
"147.4400","3.2851","46.4308"
"147.4600","3.2854","46.4362"
"147.4800","3.2857","46.5287"
"147.5000","3.2860","46.4964"
"147.5200","3.2863","46.5014"
"147.5400","3.2866","46.5818"
"147.5600","3.2870","46.5657"
"147.5800","3.2874","46.5401"
"147.6000","3.2878","46.5263"
"147.6200","3.2883","46.5534"
"147.6400","3.2886","46.5587"
"147.6600","3.2890","46.5070"
"147.6800","3.2892","46.4818"
"147.7000","3.2895","46.4856"
"147.7200","3.2897","46.5303"
"147.7400","3.2900","46.5290"
"147.7600","3.2904","46.5320"
"147.7800","3.2907","46.5455"
"147.8000","3.2911","46.5231"
"147.8200","3.2915","46.5468"
"147.8400","3.2918","46.5873"
"147.8600","3.2921","46.5406"
"147.8800","3.2924","46.4528"
"147.9000","3.2928","46.4862"
"147.9200","3.2932","46.4208"
"147.9400","3.2936","46.4596"
"147.9600","3.2940","46.4979"
"147.9800","3.2943","46.4957"
"148.0000","3.2946","46.5467"
"148.0200","3.2948","46.5417"
"148.0400","3.2951","46.4764"
"148.0600","3.2954","46.4397"
"148.0800","3.2957","46.4679"
"148.1000","3.2961","46.5368"
"148.1200","3.2964","46.5940"
"148.1400","3.2968","46.5416"
"148.1600","3.2971","46.5179"
"148.1800","3.2974","46.4630"
"148.2000","3.2977","46.4132"
"148.2200","3.2980","46.4686"
"148.2400","3.2983","46.5276"
"148.2600","3.2987","46.5906"
"148.2800","3.2991","46.5439"
"148.3000","3.2995","46.4731"
"148.3200","3.2999","46.3728"
"148.3400","3.3003","46.4806"
"148.3600","3.3006","46.4858"
"148.3800","3.3008","46.4941"
"148.4000","3.3011","46.4932"
"148.4200","3.3014","46.5365"
"148.4400","3.3017","46.5798"
"148.4600","3.3021","46.6041"
"148.4800","3.3024","46.5860"
"148.5000","3.3028","46.5288"
"148.5200","3.3031","46.4438"
"148.5400","3.3034","46.4809"
"148.5600","3.3037","46.5723"
"148.5800","3.3041","46.5606"
"148.6000","3.3045","46.4785"
"148.6200","3.3049","46.3965"
"148.6400","3.3053","46.3705"
"148.6600","3.3057","46.3703"
"148.6800","3.3060","46.4523"
"148.7000","3.3062","46.5244"
"148.7200","3.3065","46.4740"
"148.7400","3.3067","46.3336"
"148.7600","3.3070","46.3768"
"148.7800","3.3074","46.4373"
"148.8000","3.3077","46.4562"
"148.8200","3.3081","46.4461"
"148.8400","3.3085","46.4093"
"148.8600","3.3088","46.4531"
"148.8800","3.3091","46.4703"
"148.9000","3.3093","46.4347"
"148.9200","3.3096","46.4160"
"148.9400","3.3100","46.4327"
"148.9600","3.3104","46.4641"
"148.9800","3.3108","46.4832"
"149.0000","3.3113","46.4370"
"149.0200","3.3116","46.2974"
"149.0400","3.3119","46.3741"
"149.0600","3.3122","46.4223"
"149.0800","3.3124","46.4403"
"149.1000","3.3127","46.4538"
"149.1200","3.3130","46.4238"
"149.1400","3.3134","46.4013"
"149.1600","3.3138","46.4109"
"149.1800","3.3142","46.4013"
"149.2000","3.3145","46.4581"
"149.2200","3.3148","46.4163"
"149.2400","3.3151","46.4112"
"149.2600","3.3154","46.4819"
"149.2800","3.3158","46.4675"
"149.3000","3.3162","46.4248"
"149.3200","3.3166","46.3863"
"149.3400","3.3170","46.3926"
"149.3600","3.3173","46.4587"
"149.3800","3.3176","46.5082"
"149.4000","3.3178","46.4899"
"149.4200","3.3181","46.3646"
"149.4400","3.3184","46.3350"
"149.4600","3.3187","46.3691"
"149.4800","3.3191","46.3988"
"149.5000","3.3195","46.3660"
"149.5200","3.3198","46.4215"
"149.5400","3.3201","46.3864"
"149.5600","3.3204","46.3546"
"149.5800","3.3207","46.3055"
"149.6000","3.3209","46.2791"
"149.6200","3.3213","46.3191"
"149.6400","3.3217","46.3300"
"149.6600","3.3221","46.3526"
"149.6800","3.3225","46.3938"
"149.7000","3.3230","46.4168"
"149.7200","3.3233","46.4322"
"149.7400","3.3235","46.3743"
"149.7600","3.3238","46.2252"
"149.7800","3.3240","46.2871"
"149.8000","3.3243","46.2957"
"149.8200","3.3247","46.2470"
"149.8400","3.3251","46.2845"
"149.8600","3.3254","46.2967"
"149.8800","3.3258","46.3000"
"149.9000","3.3261","46.2944"
"149.9200","3.3264","46.2663"
"149.9400","3.3268","46.2474"
"149.9600","3.3271","46.2655"
"149.9800","3.3275","46.3647"
"150.0000","3.3279","46.3219"
"150.0200","3.3283","46.2337"
"150.0400","3.3286","46.2476"
"150.0600","3.3289","46.3586"
"150.0800","3.3292","46.3262"
"150.1000","3.3294","46.3187"
"150.1200","3.3297","46.2673"
"150.1400","3.3300","46.2593"
"150.1600","3.3304","46.3175"
"150.1800","3.3308","46.3354"
"150.2000","3.3311","46.2554"
"150.2200","3.3315","46.3173"
"150.2400","3.3318","46.2728"
"150.2600","3.3320","46.2868"
"150.2800","3.3323","46.3646"
"150.3000","3.3326","46.3776"
"150.3200","3.3330","46.3226"
"150.3400","3.3334","46.2835"
"150.3600","3.3338","46.3185"
"150.3800","3.3342","46.3923"
"150.4000","3.3346","46.3440"
"150.4200","3.3349","46.3231"
"150.4400","3.3351","46.2631"
"150.4600","3.3354","46.3102"
"150.4800","3.3357","46.3579"
"150.5000","3.3360","46.4186"
"150.5200","3.3363","46.3695"
"150.5400","3.3367","46.2969"
"150.5600","3.3371","46.3119"
"150.5800","3.3374","46.3339"
"150.6000","3.3378","46.2948"
"150.6200","3.3381","46.2602"
"150.6400","3.3384","46.3567"
"150.6600","3.3387","46.3094"
"150.6800","3.3392","46.3316"
"150.7000","3.3396","46.3040"
"150.7200","3.3400","46.2793"
"150.7400","3.3403","46.2574"
"150.7600","3.3406","46.2880"
"150.7800","3.3408","46.2523"
"150.8000","3.3411","46.2822"
"150.8200","3.3414","46.2546"
"150.8400","3.3417","46.2365"
"150.8600","3.3421","46.2379"
"150.8800","3.3425","46.2502"
"150.9000","3.3428","46.2937"
"150.9200","3.3431","46.3203"
"150.9400","3.3434","46.3418"
"150.9600","3.3437","46.2628"
"150.9800","3.3439","46.2818"
"151.0000","3.3443","46.2210"
"151.0200","3.3447","46.2453"
"151.0400","3.3451","46.3271"
"151.0600","3.3455","46.3550"
"151.0800","3.3460","46.2663"
"151.1000","3.3463","46.2233"
"151.1200","3.3465","46.2221"
"151.1400","3.3468","46.2629"
"151.1600","3.3470","46.3124"
"151.1800","3.3473","46.2197"
"151.2000","3.3477","46.1418"
"151.2200","3.3481","46.2655"
"151.2400","3.3484","46.2996"
"151.2600","3.3488","46.2858"
"151.2800","3.3491","46.2864"
"151.3000","3.3494","46.2954"
"151.3200","3.3498","46.2993"
"151.3400","3.3501","46.3528"
"151.3600","3.3505","46.3778"
"151.3800","3.3509","46.3082"
"151.4000","3.3513","46.3282"
"151.4200","3.3516","46.3816"
"151.4400","3.3519","46.3534"
"151.4600","3.3522","46.3441"
"151.4800","3.3524","46.3318"
"151.5000","3.3527","46.3158"
"151.5200","3.3530","46.3141"
"151.5400","3.3534","46.3844"
"151.5600","3.3537","46.2897"
"151.5800","3.3541","46.2933"
"151.6000","3.3545","46.2120"
"151.6200","3.3548","46.2106"
"151.6400","3.3551","46.2144"
"151.6600","3.3554","46.3226"
"151.6800","3.3557","46.2912"
"151.7000","3.3560","46.2759"
"151.7200","3.3564","46.2447"
"151.7400","3.3569","46.3071"
"151.7600","3.3573","46.2975"
"151.7800","3.3577","46.3347"
"151.8000","3.3579","46.2850"
"151.8200","3.3582","46.1868"
"151.8400","3.3584","46.1607"
"151.8600","3.3587","46.2486"
"151.8800","3.3590","46.3033"
"151.9000","3.3594","46.2718"
"151.9200","3.3598","46.2525"
"151.9400","3.3601","46.2098"
"151.9600","3.3605","46.2468"
"151.9800","3.3608","46.2574"
"152.0000","3.3611","46.3468"
"152.0200","3.3614","46.3954"
"152.0400","3.3618","46.3347"
"152.0600","3.3622","46.2928"
"152.0800","3.3626","46.3066"
"152.1000","3.3630","46.2941"
"152.1200","3.3633","46.4006"
"152.1400","3.3636","46.3521"
"152.1600","3.3638","46.3266"
"152.1800","3.3641","46.2856"
"152.2000","3.3643","46.2089"
"152.2200","3.3647","46.1969"
"152.2400","3.3651","46.2549"
"152.2600","3.3655","46.3214"
"152.2800","3.3658","46.3185"
"152.3000","3.3662","46.2492"
"152.3200","3.3665","46.3116"
"152.3400","3.3667","46.3618"
"152.3600","3.3670","46.3739"
"152.3800","3.3673","46.3598"
"152.4000","3.3677","46.2464"
"152.4200","3.3681","46.2392"
"152.4400","3.3686","46.2784"
"152.4600","3.3690","46.2379"
"152.4800","3.3693","46.2329"
"152.5000","3.3695","46.1897"
"152.5200","3.3698","46.2168"
"152.5400","3.3700","46.2364"
"152.5600","3.3703","46.2312"
"152.5800","3.3707","46.1905"
"152.6000","3.3710","46.2061"
"152.6200","3.3714","46.1792"
"152.6400","3.3718","46.2092"
"152.6600","3.3721","46.2158"
"152.6800","3.3724","46.1427"
"152.7000","3.3728","46.1847"
"152.7200","3.3731","46.1339"
"152.7400","3.3735","46.1137"
"152.7600","3.3739","46.1989"
"152.7800","3.3743","46.3177"
"152.8000","3.3746","46.3227"
"152.8200","3.3749","46.2880"
"152.8400","3.3752","46.1895"
"152.8600","3.3754","46.2690"
"152.8800","3.3757","46.2570"
"152.9000","3.3760","46.1876"
"152.9200","3.3764","46.1293"
"152.9400","3.3768","46.1142"
"152.9600","3.3771","46.1318"
"152.9800","3.3775","46.1593"
"153.0000","3.3778","46.1807"
"153.0200","3.3780","46.0867"
"153.0400","3.3783","46.1131"
"153.0600","3.3786","46.2158"
"153.0800","3.3790","46.2349"
"153.1000","3.3794","46.1726"
"153.1200","3.3799","46.1900"
"153.1400","3.3803","46.1845"
"153.1600","3.3806","46.2462"
"153.1800","3.3809","46.1845"
"153.2000","3.3812","46.1572"
"153.2200","3.3814","46.1814"
"153.2400","3.3817","46.2018"
"153.2600","3.3820","46.2225"
"153.2800","3.3823","46.1894"
"153.3000","3.3827","46.1383"
"153.3200","3.3831","46.1435"
"153.3400","3.3834","46.2050"
"153.3600","3.3837","46.2353"
"153.3800","3.3840","46.1769"
"153.4000","3.3844","46.1365"
"153.4200","3.3848","46.0653"
"153.4400","3.3852","46.0712"
"153.4600","3.3856","46.0992"
"153.4800","3.3860","46.1418"
"153.5000","3.3863","46.1673"
"153.5200","3.3865","46.0744"
"153.5400","3.3868","46.1141"
"153.5600","3.3871","46.1372"
"153.5800","3.3874","46.1122"
"153.6000","3.3877","46.0482"
"153.6200","3.3880","46.0746"
"153.6400","3.3884","46.0915"
"153.6600","3.3888","46.0138"
"153.6800","3.3891","46.0917"
"153.7000","3.3894","46.1659"
"153.7200","3.3897","46.2019"
"153.7400","3.3900","46.1418"
"153.7600","3.3903","46.2871"
"153.7800","3.3907","46.2082"
"153.8000","3.3911","46.1533"
"153.8200","3.3916","46.1293"
"153.8400","3.3920","46.1166"
"153.8600","3.3923","46.1325"
"153.8800","3.3926","46.0933"
"153.9000","3.3928","46.0990"
"153.9200","3.3931","46.1003"
"153.9400","3.3933","46.1190"
"153.9600","3.3937","46.1522"
"153.9800","3.3940","46.1468"
"154.0000","3.3944","46.0756"
"154.0200","3.3948","46.1242"
"154.0400","3.3951","46.1151"
"154.0600","3.3954","46.1200"
"154.0800","3.3957","46.1048"
"154.1000","3.3961","46.1655"
"154.1200","3.3965","46.1251"
"154.1400","3.3969","46.1055"
"154.1600","3.3973","46.1448"
"154.1800","3.3976","46.1664"
"154.2000","3.3979","46.1070"
"154.2200","3.3982","46.1941"
"154.2400","3.3984","46.2545"
"154.2600","3.3987","46.2153"
"154.2800","3.3990","46.1264"
"154.3000","3.3994","46.0916"
"154.3200","3.3997","46.1091"
"154.3400","3.4001","46.1232"
"154.3600","3.4005","46.1563"
"154.3800","3.4008","46.1709"
"154.4000","3.4010","46.2077"
"154.4200","3.4013","46.2337"
"154.4400","3.4016","46.1805"
"154.4600","3.4020","46.1940"
"154.4800","3.4024","46.1315"
"154.5000","3.4029","46.1002"
"154.5200","3.4033","46.1589"
"154.5400","3.4037","46.1223"
"154.5600","3.4039","46.0917"
"154.5800","3.4042","46.1935"
"154.6000","3.4044","46.1899"
"154.6200","3.4047","46.1754"
"154.6400","3.4050","46.1869"
"154.6600","3.4054","46.1800"
"154.6800","3.4057","46.1689"
"154.7000","3.4061","46.1699"
"154.7200","3.4064","46.1589"
"154.7400","3.4067","46.1939"
"154.7600","3.4071","46.2544"
"154.7800","3.4074","46.1951"
"154.8000","3.4078","46.1836"
"154.8200","3.4082","46.2123"
"154.8400","3.4086","46.1754"
"154.8600","3.4090","46.1618"
"154.8800","3.4093","46.1522"
"154.9000","3.4095","46.2339"
"154.9200","3.4098","46.2895"
"154.9400","3.4101","46.2053"
"154.9600","3.4104","46.1426"
"154.9800","3.4107","46.1692"
"155.0000","3.4111","46.1184"
"155.0200","3.4114","46.1980"
"155.0400","3.4118","46.1508"
"155.0600","3.4121","46.1500"
"155.0800","3.4124","46.1543"
"155.1000","3.4127","46.2034"
"155.1200","3.4130","46.1402"
"155.1400","3.4133","46.1236"
"155.1600","3.4137","46.1583"
"155.1800","3.4142","46.2160"
"155.2000","3.4146","46.2700"
"155.2200","3.4150","46.2442"
"155.2400","3.4153","46.1183"
"155.2600","3.4156","46.1875"
"155.2800","3.4158","46.2690"
"155.3000","3.4160","46.2646"
"155.3200","3.4163","46.2028"
"155.3400","3.4167","46.2429"
"155.3600","3.4170","46.2939"
"155.3800","3.4174","46.2449"
"155.4000","3.4178","46.2434"
"155.4200","3.4181","46.2974"
"155.4400","3.4184","46.2982"
"155.4600","3.4188","46.2431"
"155.4800","3.4191","46.1967"
"155.5000","3.4195","46.1780"
"155.5200","3.4199","46.2265"
"155.5400","3.4203","46.2223"
"155.5600","3.4206","46.2321"
"155.5800","3.4209","46.2645"
"155.6000","3.4212","46.2147"
"155.6200","3.4214","46.2417"
"155.6400","3.4217","46.2289"
"155.6600","3.4220","46.3102"
"155.6800","3.4224","46.2098"
"155.7000","3.4227","46.0928"
"155.7200","3.4231","46.1199"
"155.7400","3.4235","46.1915"
"155.7600","3.4238","46.1695"
"155.7800","3.4240","46.1538"
"155.8000","3.4243","46.2438"
"155.8200","3.4246","46.3128"
"155.8400","3.4250","46.2657"
"155.8600","3.4254","46.3025"
"155.8800","3.4259","46.3273"
"155.9000","3.4263","46.2933"
"155.9200","3.4267","46.2175"
"155.9400","3.4270","46.2506"
"155.9600","3.4272","46.2765"
"155.9800","3.4274","46.2359"
"156.0000","3.4277","46.2349"
"156.0200","3.4280","46.2793"
"156.0400","3.4284","46.2873"
"156.0600","3.4287","46.2375"
"156.0800","3.4291","46.2069"
"156.1000","3.4294","46.1976"
"156.1200","3.4297","46.2249"
"156.1400","3.4301","46.2572"
"156.1600","3.4304","46.2745"
"156.1800","3.4308","46.2734"
"156.2000","3.4312","46.2743"
"156.2200","3.4316","46.2807"
"156.2400","3.4320","46.2970"
"156.2600","3.4323","46.2668"
"156.2800","3.4325","46.2326"
"156.3000","3.4328","46.2561"
"156.3200","3.4330","46.2841"
"156.3400","3.4333","46.2938"
"156.3600","3.4337","46.2173"
"156.3800","3.4341","46.2130"
"156.4000","3.4345","46.3104"
"156.4200","3.4348","46.2657"
"156.4400","3.4351","46.3328"
"156.4600","3.4354","46.2655"
"156.4800","3.4357","46.2147"
"156.5000","3.4360","46.2027"
"156.5200","3.4363","46.2477"
"156.5400","3.4367","46.2681"
"156.5600","3.4372","46.3456"
"156.5800","3.4376","46.3308"
"156.6000","3.4380","46.2356"
"156.6200","3.4383","46.1945"
"156.6400","3.4386","46.2150"
"156.6600","3.4388","46.1611"
"156.6800","3.4391","46.1865"
"156.7000","3.4394","46.1971"
"156.7200","3.4397","46.2141"
"156.7400","3.4401","46.2680"
"156.7600","3.4404","46.2780"
"156.7800","3.4408","46.1846"
"156.8000","3.4411","46.2156"
"156.8200","3.4414","46.2955"
"156.8400","3.4417","46.3718"
"156.8600","3.4421","46.2987"
"156.8800","3.4425","46.2239"
"156.9000","3.4429","46.1491"
"156.9200","3.4433","46.1295"
"156.9400","3.4436","46.2416"
"156.9600","3.4439","46.2911"
"156.9800","3.4441","46.2020"
"157.0000","3.4444","46.1553"
"157.0200","3.4447","46.1458"
"157.0400","3.4450","46.0731"
"157.0600","3.4453","46.0826"
"157.0800","3.4457","46.0670"
"157.1000","3.4461","46.1825"
"157.1200","3.4465","46.2536"
"157.1400","3.4468","46.1878"
"157.1600","3.4471","46.1489"
"157.1800","3.4474","46.2195"
"157.2000","3.4477","46.2334"
"157.2200","3.4480","46.2053"
"157.2400","3.4485","46.1904"
"157.2600","3.4489","46.1271"
"157.2800","3.4493","46.1735"
"157.3000","3.4496","46.2159"
"157.3200","3.4499","46.1558"
"157.3400","3.4502","46.1859"
"157.3600","3.4504","46.2029"
"157.3800","3.4507","46.1847"
"157.4000","3.4510","46.0864"
"157.4200","3.4514","45.9906"
"157.4400","3.4517","46.0351"
"157.4600","3.4521","46.1145"
"157.4800","3.4524","46.2004"
"157.5000","3.4528","46.2276"
"157.5200","3.4531","46.2472"
"157.5400","3.4535","46.1788"
"157.5600","3.4538","46.0897"
"157.5800","3.4542","46.1276"
"157.6000","3.4546","46.1359"
"157.6200","3.4550","46.1269"
"157.6400","3.4552","46.1296"
"157.6600","3.4555","46.0887"
"157.6800","3.4558","46.0889"
"157.7000","3.4560","46.0187"
"157.7200","3.4563","46.0770"
"157.7400","3.4567","46.1492"
"157.7600","3.4570","46.0092"
"157.7800","3.4574","45.9876"
"157.8000","3.4578","46.0681"
"157.8200","3.4581","46.1336"
"157.8400","3.4584","46.0907"
"157.8600","3.4587","46.1381"
"157.8800","3.4590","46.0599"
"157.9000","3.4593","45.9892"
"157.9200","3.4597","46.0425"
"157.9400","3.4602","46.1072"
"157.9600","3.4606","46.1307"
"157.9800","3.4610","46.0507"
"158.0000","3.4613","45.9436"
"158.0200","3.4615","45.9781"
"158.0400","3.4618","46.0694"
"158.0600","3.4621","46.0647"
"158.0800","3.4624","46.0643"
"158.1000","3.4627","46.0605"
"158.1200","3.4631","46.0752"
"158.1400","3.4634","46.0255"
"158.1600","3.4638","46.0028"
"158.1800","3.4641","45.9934"
"158.2000","3.4644","45.9435"
"158.2200","3.4648","45.9793"
"158.2400","3.4651","46.0482"
"158.2600","3.4655","46.0048"
"158.2800","3.4659","46.0094"
"158.3000","3.4663","46.0778"
"158.3200","3.4666","46.0453"
"158.3400","3.4668","46.0008"
"158.3600","3.4671","45.9786"
"158.3800","3.4673","45.9495"
"158.4000","3.4676","45.9839"
"158.4200","3.4680","46.0526"
"158.4400","3.4683","46.0405"
"158.4600","3.4687","46.0103"
"158.4800","3.4691","46.0467"
"158.5000","3.4694","46.0012"
"158.5200","3.4697","46.0153"
"158.5400","3.4700","46.0377"
"158.5600","3.4703","46.0984"
"158.5800","3.4706","46.0781"
"158.6000","3.4710","45.9957"
"158.6200","3.4715","45.9944"
"158.6400","3.4719","46.0266"
"158.6600","3.4723","46.0545"
"158.6800","3.4726","46.0784"
"158.7000","3.4729","46.1029"
"158.7200","3.4731","46.0112"
"158.7400","3.4734","46.0895"
"158.7600","3.4737","46.0460"
"158.7800","3.4740","45.9893"
"158.8000","3.4744","46.0181"
"158.8200","3.4748","46.0198"
"158.8400","3.4752","46.0560"
"158.8600","3.4755","46.0285"
"158.8800","3.4758","46.0320"
"158.9000","3.4761","46.0484"
"158.9200","3.4765","46.0035"
"158.9400","3.4768","45.9535"
"158.9600","3.4772","46.0232"
"158.9800","3.4776","45.9862"
"159.0000","3.4779","46.0498"
"159.0200","3.4782","46.0634"
"159.0400","3.4785","46.0346"
"159.0600","3.4787","45.9431"
"159.0800","3.4790","45.9236"
"159.1000","3.4793","45.9905"
"159.1200","3.4797","45.9939"
"159.1400","3.4801","46.0408"
"159.1600","3.4804","46.0566"
"159.1800","3.4808","46.0720"
"159.2000","3.4811","46.0742"
"159.2200","3.4814","46.0947"
"159.2400","3.4817","46.0529"
"159.2600","3.4820","46.0351"
"159.2800","3.4824","46.0934"
"159.3000","3.4828","46.1100"
"159.3200","3.4833","46.0315"
"159.3400","3.4837","46.0284"
"159.3600","3.4840","46.0205"
"159.3800","3.4843","46.0879"
"159.4000","3.4845","46.1527"
"159.4200","3.4847","46.0320"
"159.4400","3.4850","45.9697"
"159.4600","3.4853","46.0652"
"159.4800","3.4857","46.0426"
"159.5000","3.4861","46.0022"
"159.5200","3.4865","46.0076"
"159.5400","3.4868","46.0876"
"159.5600","3.4872","46.0192"
"159.5800","3.4875","45.9684"
"159.6000","3.4878","45.9785"
"159.6200","3.4882","45.9801"
"159.6400","3.4886","46.0300"
"159.6600","3.4889","46.1164"
"159.6800","3.4893","46.1703"
"159.7000","3.4896","46.0926"
"159.7200","3.4899","45.9928"
"159.7400","3.4901","46.0018"
"159.7600","3.4904","46.0237"
"159.7800","3.4907","46.0266"
"159.8000","3.4910","46.0513"
"159.8200","3.4914","46.0320"
"159.8400","3.4918","45.9759"
"159.8600","3.4921","46.0473"
"159.8800","3.4925","46.1217"
"159.9000","3.4927","46.0701"
"159.9200","3.4930","46.0568"
"159.9400","3.4933","46.0128"
"159.9600","3.4937","46.0116"
"159.9800","3.4941","46.0376"
"160.0000","3.4945","46.0282"
"160.0200","3.4950","46.0917"
"160.0400","3.4954","46.0488"
"160.0600","3.4956","46.0994"
"160.0800","3.4959","46.0677"
"160.1000","3.4961","46.0108"
"160.1200","3.4964","46.0267"
"160.1400","3.4967","46.0015"
"160.1600","3.4970","45.9941"
"160.1800","3.4974","46.0285"
"160.2000","3.4978","46.0030"
"160.2200","3.4982","45.9731"
"160.2400","3.4985","46.0073"
"160.2600","3.4988","46.0781"
"160.2800","3.4991","45.9986"
"160.3000","3.4995","45.9221"
"160.3200","3.4998","45.8617"
"160.3400","3.5002","45.9537"
"160.3600","3.5006","45.9397"
"160.3800","3.5009","46.0209"
"160.4000","3.5012","45.9950"
"160.4200","3.5015","45.9905"
"160.4400","3.5017","45.9456"
"160.4600","3.5020","45.9691"
"160.4800","3.5023","45.9596"
"160.5000","3.5027","45.9574"
"160.5200","3.5031","46.0898"
"160.5400","3.5034","46.1021"
"160.5600","3.5038","45.9851"
"160.5800","3.5040","45.8842"
"160.6000","3.5043","45.8892"
"160.6200","3.5046","45.9804"
"160.6400","3.5049","45.9536"
"160.6600","3.5053","45.8721"
"160.6800","3.5058","45.8586"
"160.7000","3.5062","45.9256"
"160.7200","3.5067","45.9879"
"160.7400","3.5070","45.9283"
"160.7600","3.5073","45.8876"
"160.7800","3.5075","45.8654"
"160.8000","3.5077","45.9097"
"160.8200","3.5080","45.9219"
"160.8400","3.5083","46.0067"
"160.8600","3.5087","46.0246"
"160.8800","3.5091","46.0406"
"160.9000","3.5095","45.9523"
"160.9200","3.5098","45.9688"
"160.9400","3.5101","45.9439"
"160.9600","3.5105","45.8180"
"160.9800","3.5108","45.9190"
"161.0000","3.5111","45.9353"
"161.0200","3.5115","45.9379"
"161.0400","3.5119","45.9556"
"161.0600","3.5122","45.9859"
"161.0800","3.5125","45.9738"
"161.1000","3.5128","45.9302"
"161.1200","3.5131","45.8723"
"161.1400","3.5134","45.9495"
"161.1600","3.5137","46.0089"
"161.1800","3.5140","45.9915"
"161.2000","3.5144","45.9473"
"161.2200","3.5147","45.9380"
"161.2400","3.5151","45.9455"
"161.2600","3.5154","45.8355"
"161.2800","3.5157","45.8554"
"161.3000","3.5160","45.9043"
"161.3200","3.5163","45.8426"
"161.3400","3.5166","45.8271"
"161.3600","3.5170","45.9495"
"161.3800","3.5175","45.9500"
"161.4000","3.5179","45.9488"
"161.4200","3.5183","45.9512"
"161.4400","3.5186","45.9542"
"161.4600","3.5189","45.8353"
"161.4800","3.5191","45.7952"
"161.5000","3.5194","45.8081"
"161.5200","3.5197","45.8129"
"161.5400","3.5200","45.8810"
"161.5600","3.5204","45.8035"
"161.5800","3.5208","45.8235"
"161.6000","3.5211","45.7210"
"161.6200","3.5214","45.6539"
"161.6400","3.5218","45.8326"
"161.6600","3.5221","45.9047"
"161.6800","3.5224","45.7858"
"161.7000","3.5228","45.7266"
"161.7200","3.5232","45.7648"
"161.7400","3.5236","45.8063"
"161.7600","3.5239","45.8968"
"161.7800","3.5242","45.8466"
"161.8000","3.5245","45.7931"
"161.8200","3.5247","45.7865"
"161.8400","3.5250","45.7804"
"161.8600","3.5253","45.8092"
"161.8800","3.5257","45.8162"
"161.9000","3.5261","45.7560"
"161.9200","3.5264","45.7266"
"161.9400","3.5268","45.7590"
"161.9600","3.5271","45.7801"
"161.9800","3.5273","45.7905"
"162.0000","3.5276","45.7510"
"162.0200","3.5279","45.6947"
"162.0400","3.5283","45.6663"
"162.0600","3.5288","45.6876"
"162.0800","3.5292","45.7736"
"162.1000","3.5296","45.7401"
"162.1200","3.5300","45.7706"
"162.1400","3.5302","45.7936"
"162.1600","3.5305","45.6885"
"162.1800","3.5307","45.6311"
"162.2000","3.5310","45.7133"
"162.2200","3.5314","45.7372"
"162.2400","3.5317","45.6682"
"162.2600","3.5321","45.6447"
"162.2800","3.5325","45.6759"
"162.3000","3.5328","45.7791"
"162.3200","3.5331","45.7610"
"162.3400","3.5334","45.6471"
"162.3600","3.5338","45.6262"
"162.3800","3.5342","45.6187"
"162.4000","3.5346","45.5770"
"162.4200","3.5350","45.6199"
"162.4400","3.5353","45.7079"
"162.4600","3.5356","45.5953"
"162.4800","3.5358","45.6091"
"162.5000","3.5361","45.6949"
"162.5200","3.5364","45.7008"
"162.5400","3.5367","45.6246"
"162.5600","3.5371","45.5694"
"162.5800","3.5374","45.5328"
"162.6000","3.5378","45.6686"
"162.6200","3.5381","45.6726"
"162.6400","3.5384","45.5773"
"162.6600","3.5387","45.5425"
"162.6800","3.5390","45.5221"
"162.7000","3.5393","45.4671"
"162.7200","3.5397","45.5003"
"162.7400","3.5401","45.4344"
"162.7600","3.5405","45.4033"
"162.7800","3.5410","45.4912"
"162.8000","3.5413","45.5859"
"162.8200","3.5416","45.5303"
"162.8400","3.5418","45.4927"
"162.8600","3.5421","45.4839"
"162.8800","3.5424","45.4570"
"162.9000","3.5427","45.4842"
"162.9200","3.5431","45.5056"
"162.9400","3.5434","45.5607"
"162.9600","3.5438","45.5700"
"162.9800","3.5441","45.4426"
"163.0000","3.5444","45.4634"
"163.0200","3.5448","45.4554"
"163.0400","3.5451","45.4299"
"163.0600","3.5455","45.3703"
"163.0800","3.5459","45.4281"
"163.1000","3.5463","45.4406"
"163.1200","3.5467","45.4351"
"163.1400","3.5470","45.3304"
"163.1600","3.5473","45.3316"
"163.1800","3.5475","45.3691"
"163.2000","3.5478","45.3938"
"163.2200","3.5481","45.3157"
"163.2400","3.5484","45.3247"
"163.2600","3.5487","45.2946"
"163.2800","3.5491","45.3664"
"163.3000","3.5495","45.4001"
"163.3200","3.5498","45.3120"
"163.3400","3.5501","45.2794"
"163.3600","3.5503","45.2623"
"163.3800","3.5506","45.2557"
"163.4000","3.5509","45.2128"
"163.4200","3.5513","45.2723"
"163.4400","3.5518","45.3931"
"163.4600","3.5522","45.3636"
"163.4800","3.5526","45.3072"
"163.5000","3.5529","45.3453"
"163.5200","3.5532","45.2338"
"163.5400","3.5534","45.1566"
"163.5600","3.5537","45.1745"
"163.5800","3.5540","45.2134"
"163.6000","3.5544","45.3079"
"163.6200","3.5547","45.2998"
"163.6400","3.5551","45.2381"
"163.6600","3.5555","45.1451"
"163.6800","3.5558","45.1617"
"163.7000","3.5561","45.2367"
"163.7200","3.5564","45.1363"
"163.7400","3.5567","45.1022"
"163.7600","3.5571","45.1483"
"163.7800","3.5575","45.1149"
"163.8000","3.5580","45.1468"
"163.8200","3.5583","45.2524"
"163.8400","3.5586","45.2326"
"163.8600","3.5588","45.2201"
"163.8800","3.5591","45.1510"
"163.9000","3.5594","45.1678"
"163.9200","3.5597","45.1494"
"163.9400","3.5601","45.1223"
"163.9600","3.5604","45.0545"
"163.9800","3.5608","45.0934"
"164.0000","3.5611","45.0844"
"164.0200","3.5614","45.0091"
"164.0400","3.5617","45.0315"
"164.0600","3.5620","45.0139"
"164.0800","3.5623","45.0725"
"164.1000","3.5626","45.2000"
"164.1200","3.5631","45.1874"
"164.1400","3.5635","45.1150"
"164.1600","3.5639","45.1151"
"164.1800","3.5643","45.1604"
"164.2000","3.5645","45.1657"
"164.2200","3.5648","45.1079"
"164.2400","3.5650","45.0470"
"164.2600","3.5653","45.0138"
"164.2800","3.5657","45.0489"
"164.3000","3.5661","45.0938"
"164.3200","3.5664","45.1068"
"164.3400","3.5668","45.1263"
"164.3600","3.5671","45.0830"
"164.3800","3.5674","44.9527"
"164.4000","3.5678","45.0407"
"164.4200","3.5681","45.0868"
"164.4400","3.5685","45.1028"
"164.4600","3.5689","45.1303"
"164.4800","3.5693","45.1064"
"164.5000","3.5696","45.0631"
"164.5200","3.5700","45.1360"
"164.5400","3.5702","45.1654"
"164.5600","3.5705","45.1015"
"164.5800","3.5707","45.0371"
"164.6000","3.5711","45.0412"
"164.6200","3.5714","45.0838"
"164.6400","3.5718","44.9474"
"164.6600","3.5721","44.9611"
"164.6800","3.5725","45.0425"
"164.7000","3.5728","45.0173"
"164.7200","3.5731","44.9403"
"164.7400","3.5733","44.9361"
"164.7600","3.5736","45.0779"
"164.7800","3.5740","45.1114"
"164.8000","3.5744","45.0830"
"164.8200","3.5748","45.0710"
"164.8400","3.5752","45.0020"
"164.8600","3.5756","44.9537"
"164.8800","3.5759","45.0440"
"164.9000","3.5762","45.0349"
"164.9200","3.5764","44.9745"
"164.9400","3.5767","44.9817"
"164.9600","3.5770","45.0221"
"164.9800","3.5773","44.9782"
"165.0000","3.5777","44.9485"
"165.0200","3.5781","44.8874"
"165.0400","3.5785","44.9149"
"165.0600","3.5788","44.9695"
"165.0800","3.5791","44.9478"
"165.1000","3.5794","45.0076"
"165.1200","3.5798","44.9341"
"165.1400","3.5802","44.8956"
"165.1600","3.5806","44.9427"
"165.1800","3.5810","44.9552"
"165.2000","3.5813","45.0007"
"165.2200","3.5816","44.9453"
"165.2400","3.5818","44.9539"
"165.2600","3.5821","44.9323"
"165.2800","3.5824","44.9285"
"165.3000","3.5827","44.8788"
"165.3200","3.5831","44.8406"
"165.3400","3.5834","44.9415"
"165.3600","3.5838","44.9756"
"165.3800","3.5841","44.8845"
"165.4000","3.5844","44.8726"
"165.4200","3.5847","44.8815"
"165.4400","3.5850","44.9083"
"165.4600","3.5853","44.8726"
"165.4800","3.5856","44.8578"
"165.5000","3.5861","44.7660"
"165.5200","3.5865","44.7285"
"165.5400","3.5869","44.7736"
"165.5600","3.5873","44.8202"
"165.5800","3.5875","44.8223"
"165.6000","3.5878","44.8825"
"165.6200","3.5880","44.8333"
"165.6400","3.5883","44.8467"
"165.6600","3.5887","44.7763"
"165.6800","3.5890","44.7313"
"165.7000","3.5894","44.7392"
"165.7200","3.5898","44.7147"
"165.7400","3.5901","44.6808"
"165.7600","3.5904","44.7652"
"165.7800","3.5908","44.7352"
"165.8000","3.5911","44.7192"
"165.8200","3.5915","44.6805"
"165.8400","3.5919","44.6780"
"165.8600","3.5923","44.6767"
"165.8800","3.5926","44.6455"
"165.9000","3.5929","44.6782"
"165.9200","3.5932","44.6846"
"165.9400","3.5934","44.6192"
"165.9600","3.5937","44.5216"
"165.9800","3.5940","44.4933"
"166.0000","3.5943","44.5678"
"166.0200","3.5947","44.6013"
"166.0400","3.5951","44.6093"
"166.0600","3.5955","44.5775"
"166.0800","3.5958","44.6329"
"166.1000","3.5961","44.6240"
"166.1200","3.5964","44.5740"
"166.1400","3.5967","44.6480"
"166.1600","3.5970","44.6574"
"166.1800","3.5974","44.6254"
"166.2000","3.5978","44.6612"
"166.2200","3.5983","44.5798"
"166.2400","3.5986","44.5884"
"166.2600","3.5990","44.5820"
"166.2800","3.5992","44.5510"
"166.3000","3.5995","44.5545"
"166.3200","3.5997","44.6119"
"166.3400","3.6000","44.6552"
"166.3600","3.6004","44.6689"
"166.3800","3.6007","44.5613"
"166.4000","3.6011","44.5431"
"166.4200","3.6015","44.5440"
"166.4400","3.6018","44.6174"
"166.4600","3.6021","44.6025"
"166.4800","3.6024","44.6031"
"166.5000","3.6028","44.6938"
"166.5200","3.6032","44.6353"
"166.5400","3.6036","44.5912"
"166.5600","3.6040","44.5765"
"166.5800","3.6043","44.6259"
"166.6000","3.6046","44.5995"
"166.6200","3.6048","44.5793"
"166.6400","3.6051","44.5781"
"166.6600","3.6053","44.6415"
"166.6800","3.6057","44.7246"
"166.7000","3.6061","44.7984"
"166.7200","3.6065","44.7906"
"166.7400","3.6068","44.7587"
"166.7600","3.6072","44.7021"
"166.7800","3.6075","44.6356"
"166.8000","3.6077","44.5789"
"166.8200","3.6080","44.6057"
"166.8400","3.6083","44.6014"
"166.8600","3.6087","44.6574"
"166.8800","3.6091","44.6594"
"166.9000","3.6096","44.5401"
"166.9200","3.6100","44.5379"
"166.9400","3.6103","44.5733"
"166.9600","3.6106","44.5495"
"166.9800","3.6108","44.6012"
"167.0000","3.6111","44.7141"
"167.0200","3.6113","44.7277"
"167.0400","3.6117","44.5544"
"167.0600","3.6120","44.4880"
"167.0800","3.6124","44.5433"
"167.1000","3.6128","44.6037"
"167.1200","3.6131","44.5993"
"167.1400","3.6134","44.5327"
"167.1600","3.6137","44.5750"
"167.1800","3.6141","44.6092"
"167.2000","3.6145","44.5127"
"167.2200","3.6149","44.5387"
"167.2400","3.6153","44.5105"
"167.2600","3.6156","44.5175"
"167.2800","3.6159","44.5252"
"167.3000","3.6162","44.5219"
"167.3200","3.6164","44.5505"
"167.3400","3.6167","44.5619"
"167.3600","3.6170","44.6143"
"167.3800","3.6174","44.5318"
"167.4000","3.6177","44.5225"
"167.4200","3.6181","44.5634"
"167.4400","3.6185","44.6154"
"167.4600","3.6188","44.5671"
"167.4800","3.6191","44.6118"
"167.5000","3.6193","44.6143"
"167.5200","3.6197","44.5265"
"167.5400","3.6200","44.4381"
"167.5600","3.6204","44.4976"
"167.5800","3.6209","44.4934"
"167.6000","3.6213","44.5172"
"167.6200","3.6217","44.4524"
"167.6400","3.6219","44.4401"
"167.6600","3.6222","44.5197"
"167.6800","3.6224","44.4916"
"167.7000","3.6227","44.4217"
"167.7200","3.6230","44.4632"
"167.7400","3.6233","44.4761"
"167.7600","3.6237","44.4509"
"167.7800","3.6241","44.4103"
"167.8000","3.6244","44.5075"
"167.8200","3.6247","44.4625"
"167.8400","3.6251","44.4448"
"167.8600","3.6254","44.3807"
"167.8800","3.6258","44.3820"
"167.9000","3.6262","44.4300"
"167.9200","3.6266","44.4242"
"167.9400","3.6270","44.4006"
"167.9600","3.6273","44.3762"
"167.9800","3.6276","44.3013"
"168.0000","3.6278","44.3233"
"168.0200","3.6281","44.3756"
"168.0400","3.6284","44.3282"
"168.0600","3.6287","44.2568"
"168.0800","3.6290","44.2670"
"168.1000","3.6294","44.3251"
"168.1200","3.6298","44.3733"
"168.1400","3.6301","44.2664"
"168.1600","3.6304","44.2409"
"168.1800","3.6307","44.2701"
"168.2000","3.6310","44.2812"
"168.2200","3.6313","44.2609"
"168.2400","3.6317","44.2287"
"168.2600","3.6321","44.2695"
"168.2800","3.6326","44.2256"
"168.3000","3.6330","44.1761"
"168.3200","3.6333","44.1398"
"168.3400","3.6336","44.0969"
"168.3600","3.6338","44.2021"
"168.3800","3.6341","44.2239"
"168.4000","3.6343","44.1407"
"168.4200","3.6347","44.1355"
"168.4400","3.6350","44.1762"
"168.4600","3.6354","44.1361"
"168.4800","3.6358","44.2202"
"168.5000","3.6361","44.2515"
"168.5200","3.6364","44.1814"
"168.5400","3.6367","44.1742"
"168.5600","3.6371","44.2334"
"168.5800","3.6375","44.1976"
"168.6000","3.6379","44.1982"
"168.6200","3.6383","44.2219"
"168.6400","3.6386","44.0963"
"168.6600","3.6389","44.1218"
"168.6800","3.6392","44.1670"
"168.7000","3.6394","44.1559"
"168.7200","3.6397","44.1352"
"168.7400","3.6400","44.1401"
"168.7600","3.6404","44.1315"
"168.7800","3.6407","44.1215"
"168.8000","3.6411","44.0766"
"168.8200","3.6414","44.0797"
"168.8400","3.6418","44.0990"
"168.8600","3.6420","44.1784"
"168.8800","3.6423","44.2147"
"168.9000","3.6426","44.1649"
"168.9200","3.6430","44.1397"
"168.9400","3.6434","44.1797"
"168.9600","3.6439","44.1408"
"168.9800","3.6443","44.1247"
"169.0000","3.6447","44.1617"
"169.0200","3.6450","44.1955"
"169.0400","3.6452","44.2298"
"169.0600","3.6454","44.2363"
"169.0800","3.6457","44.2375"
"169.1000","3.6460","44.1788"
"169.1200","3.6463","44.0619"
"169.1400","3.6467","44.0961"
"169.1600","3.6471","44.0736"
"169.1800","3.6474","44.0084"
"169.2000","3.6477","44.0159"
"169.2200","3.6480","44.0601"
"169.2400","3.6484","44.1018"
"169.2600","3.6488","44.1759"
"169.2800","3.6492","44.1357"
"169.3000","3.6496","44.1120"
"169.3200","3.6499","44.1194"
"169.3400","3.6503","44.0391"
"169.3600","3.6505","44.0342"
"169.3800","3.6508","44.0291"
"169.4000","3.6511","43.9864"
"169.4200","3.6514","43.9443"
"169.4400","3.6517","44.0111"
"169.4600","3.6521","44.0850"
"169.4800","3.6524","44.0850"
"169.5000","3.6528","44.0103"
"169.5200","3.6531","43.9881"
"169.5400","3.6534","44.0347"
"169.5600","3.6537","44.0400"
"169.5800","3.6540","44.0781"
"169.6000","3.6543","44.1166"
"169.6200","3.6547","44.0663"
"169.6400","3.6551","44.0490"
"169.6600","3.6556","44.0377"
"169.6800","3.6560","44.1025"
"169.7000","3.6563","44.1471"
"169.7200","3.6566","44.1915"
"169.7400","3.6568","44.2053"
"169.7600","3.6571","44.1021"
"169.7800","3.6574","44.0402"
"169.8000","3.6577","44.0133"
"169.8200","3.6580","44.0668"
"169.8400","3.6584","44.0872"
"169.8600","3.6588","44.0661"
"169.8800","3.6591","44.1347"
"169.9000","3.6594","44.1206"
"169.9200","3.6597","44.0441"
"169.9400","3.6601","44.0385"
"169.9600","3.6605","44.0485"
"169.9800","3.6609","44.0317"
"170.0000","3.6613","44.0771"
"170.0200","3.6616","44.1008"
"170.0400","3.6619","44.1589"
"170.0600","3.6622","44.1363"
"170.0800","3.6624","44.0063"
"170.1000","3.6627","43.9193"
"170.1200","3.6630","43.9322"
"170.1400","3.6634","44.0580"
"170.1600","3.6638","44.1353"
"170.1800","3.6641","44.1126"
"170.2000","3.6645","44.0063"
"170.2200","3.6648","43.9763"
"170.2400","3.6651","43.9838"
"170.2600","3.6653","44.0362"
"170.2800","3.6657","44.0709"
"170.3000","3.6660","44.0076"
"170.3200","3.6664","44.0179"
"170.3400","3.6669","44.0464"
"170.3600","3.6673","44.0497"
"170.3800","3.6677","44.0555"
"170.4000","3.6680","44.0159"
"170.4200","3.6682","44.0058"
"170.4400","3.6685","44.1164"
"170.4600","3.6687","44.1503"
"170.4800","3.6690","44.0387"
"170.5000","3.6694","44.0112"
"170.5200","3.6698","43.9580"
"170.5400","3.6701","43.9528"
"170.5600","3.6704","44.0036"
"170.5800","3.6708","44.0497"
"170.6000","3.6711","44.0287"
"170.6200","3.6714","43.9585"
"170.6400","3.6718","43.9271"
"170.6600","3.6722","43.9979"
"170.6800","3.6726","43.9715"
"170.7000","3.6730","44.0536"
"170.7200","3.6733","44.0087"
"170.7400","3.6736","43.9330"
"170.7600","3.6738","43.9919"
"170.7800","3.6740","44.0257"
"170.8000","3.6743","43.9442"
"170.8200","3.6747","43.9898"
"170.8400","3.6751","44.0189"
"170.8600","3.6755","43.9994"
"170.8800","3.6758","44.0186"
"170.9000","3.6762","43.9897"
"170.9200","3.6764","44.0137"
"170.9400","3.6767","44.0100"
"170.9600","3.6770","43.9327"
"170.9800","3.6773","43.9732"
"171.0000","3.6777","43.8724"
"171.0200","3.6781","43.8115"
"171.0400","3.6786","43.9111"
"171.0600","3.6790","44.0004"
"171.0800","3.6793","44.0435"
"171.1000","3.6796","43.9141"
"171.1200","3.6798","43.9349"
"171.1400","3.6801","43.8828"
"171.1600","3.6804","43.8405"
"171.1800","3.6807","43.9081"
"171.2000","3.6811","43.9288"
"171.2200","3.6814","43.9442"
"171.2400","3.6818","43.9837"
"171.2600","3.6821","43.9899"
"171.2800","3.6824","43.9428"
"171.3000","3.6827","43.8496"
"171.3200","3.6831","43.8230"
"171.3400","3.6835","43.8701"
"171.3600","3.6839","43.9005"
"171.3800","3.6843","43.8477"
"171.4000","3.6846","43.8652"
"171.4200","3.6849","43.8583"
"171.4400","3.6851","43.8226"
"171.4600","3.6854","43.8190"
"171.4800","3.6857","43.7893"
"171.5000","3.6860","43.7423"
"171.5200","3.6863","43.7168"
"171.5400","3.6867","43.7736"
"171.5600","3.6871","43.8605"
"171.5800","3.6875","43.9161"
"171.6000","3.6878","43.8503"
"171.6200","3.6881","43.8144"
"171.6400","3.6884","43.7280"
"171.6600","3.6887","43.7439"
"171.6800","3.6890","43.7853"
"171.7000","3.6894","43.7901"
"171.7200","3.6899","43.7590"
"171.7400","3.6903","43.8417"
"171.7600","3.6906","43.9064"
"171.7800","3.6909","43.8547"
"171.8000","3.6912","43.8229"
"171.8200","3.6914","43.7856"
"171.8400","3.6917","43.8171"
"171.8600","3.6920","43.7495"
"171.8800","3.6924","43.7281"
"171.9000","3.6927","43.7430"
"171.9200","3.6931","43.7574"
"171.9400","3.6934","43.7604"
"171.9600","3.6938","43.7532"
"171.9800","3.6941","43.7616"
"172.0000","3.6944","43.8321"
"172.0200","3.6948","43.8223"
"172.0400","3.6952","43.7136"
"172.0600","3.6956","43.7610"
"172.0800","3.6959","43.7743"
"172.1000","3.6962","43.8111"
"172.1200","3.6965","43.7845"
"172.1400","3.6968","43.7233"
"172.1600","3.6970","43.7253"
"172.1800","3.6973","43.7097"
"172.2000","3.6976","43.5514"
"172.2200","3.6980","43.5794"
"172.2400","3.6984","43.5940"
"172.2600","3.6988","43.5703"
"172.2800","3.6991","43.4966"
"172.3000","3.6994","43.5122"
"172.3200","3.6997","43.5521"
"172.3400","3.7000","43.5900"
"172.3600","3.7003","43.5646"
"172.3800","3.7007","43.4986"
"172.4000","3.7011","43.4873"
"172.4200","3.7016","43.4436"
"172.4400","3.7020","43.5245"
"172.4600","3.7023","43.5456"
"172.4800","3.7025","43.5140"
"172.5000","3.7028","43.5258"
"172.5200","3.7031","43.6100"
"172.5400","3.7034","43.5248"
"172.5600","3.7037","43.4909"
"172.5800","3.7041","43.5134"
"172.6000","3.7044","43.5297"
"172.6200","3.7048","43.4732"
"172.6400","3.7051","43.4715"
"172.6600","3.7054","43.5519"
"172.6800","3.7058","43.5437"
"172.7000","3.7061","43.5197"
"172.7200","3.7065","43.4757"
"172.7400","3.7069","43.4384"
"172.7600","3.7073","43.4272"
"172.7800","3.7076","43.4558"
"172.8000","3.7079","43.5275"
"172.8200","3.7081","43.4860"
"172.8400","3.7084","43.4451"
"172.8600","3.7087","43.5071"
"172.8800","3.7090","43.5146"
"172.9000","3.7093","43.5032"
"172.9200","3.7097","43.5249"
"172.9400","3.7101","43.4430"
"172.9600","3.7104","43.4610"
"172.9800","3.7108","43.5369"
"173.0000","3.7110","43.5330"
"173.0200","3.7113","43.4723"
"173.0400","3.7117","43.4997"
"173.0600","3.7120","43.5519"
"173.0800","3.7125","43.4822"
"173.1000","3.7129","43.4156"
"173.1200","3.7133","43.4969"
"173.1400","3.7137","43.5149"
"173.1600","3.7139","43.4651"
"173.1800","3.7142","43.3806"
"173.2000","3.7144","43.4240"
"173.2200","3.7147","43.4691"
"173.2400","3.7150","43.5676"
"173.2600","3.7154","43.5556"
"173.2800","3.7158","43.4612"
"173.3000","3.7162","43.4624"
"173.3200","3.7165","43.4721"
"173.3400","3.7168","43.4855"
"173.3600","3.7171","43.4179"
"173.3800","3.7175","43.3829"
"173.4000","3.7179","43.4057"
"173.4200","3.7183","43.4948"
"173.4400","3.7186","43.5173"
"173.4600","3.7190","43.4858"
"173.4800","3.7193","43.4721"
"173.5000","3.7195","43.4055"
"173.5200","3.7198","43.3696"
"173.5400","3.7200","43.3075"
"173.5600","3.7203","43.2934"
"173.5800","3.7207","43.3733"
"173.6000","3.7211","43.3017"
"173.6200","3.7214","43.3179"
"173.6400","3.7218","43.3298"
"173.6600","3.7221","43.3778"
"173.6800","3.7224","43.4385"
"173.7000","3.7227","43.3929"
"173.7200","3.7230","43.3638"
"173.7400","3.7233","43.4181"
"173.7600","3.7238","43.3699"
"173.7800","3.7242","43.2897"
"173.8000","3.7247","43.2666"
"173.8200","3.7250","43.3075"
"173.8400","3.7253","43.3294"
"173.8600","3.7255","43.3490"
"173.8800","3.7258","43.2794"
"173.9000","3.7260","43.1983"
"173.9200","3.7263","43.2535"
"173.9400","3.7267","43.3235"
"173.9600","3.7271","43.2383"
"173.9800","3.7275","43.2579"
"174.0000","3.7278","43.2916"
"174.0200","3.7282","43.2919"
"174.0400","3.7285","43.2939"
"174.0600","3.7288","43.3186"
"174.0800","3.7292","43.3674"
"174.1000","3.7295","43.2541"
"174.1200","3.7299","43.1947"
"174.1400","3.7303","43.1928"
"174.1600","3.7306","43.2773"
"174.1800","3.7308","43.3102"
"174.2000","3.7311","43.3233"
"174.2200","3.7314","43.3097"
"174.2400","3.7317","43.2591"
"174.2600","3.7320","43.2517"
"174.2800","3.7323","43.2577"
"174.3000","3.7327","43.1799"
"174.3200","3.7331","43.1395"
"174.3400","3.7334","43.1424"
"174.3600","3.7337","43.1684"
"174.3800","3.7340","43.2503"
"174.4000","3.7343","43.2024"
"174.4200","3.7346","43.1827"
"174.4400","3.7350","43.1539"
"174.4600","3.7355","43.2193"
"174.4800","3.7359","43.1844"
"174.5000","3.7363","43.2344"
"174.5200","3.7366","43.2704"
"174.5400","3.7369","43.2014"
"174.5600","3.7371","43.2280"
"174.5800","3.7374","43.2240"
"174.6000","3.7377","43.2414"
"174.6200","3.7380","43.2448"
"174.6400","3.7384","43.2053"
"174.6600","3.7388","43.2051"
"174.6800","3.7392","43.1446"
"174.7000","3.7395","43.0774"
"174.7200","3.7398","43.1012"
"174.7400","3.7401","43.1720"
"174.7600","3.7405","43.1607"
"174.7800","3.7408","43.1661"
"174.8000","3.7412","43.1621"
"174.8200","3.7416","43.1959"
"174.8400","3.7419","43.2167"
"174.8600","3.7422","43.1885"
"174.8800","3.7425","43.1360"
"174.9000","3.7428","43.0957"
"174.9200","3.7430","43.1096"
"174.9400","3.7433","43.0942"
"174.9600","3.7437","43.2067"
"174.9800","3.7440","43.2765"
"175.0000","3.7444","43.2999"
"175.0200","3.7448","43.1730"
"175.0400","3.7451","43.0747"
"175.0600","3.7453","43.0425"
"175.0800","3.7456","43.1330"
"175.1000","3.7459","43.2080"
"175.1200","3.7463","43.1437"
"175.1400","3.7468","43.1314"
"175.1600","3.7472","43.1356"
"175.1800","3.7477","43.1156"
"175.2000","3.7480","43.1369"
"175.2200","3.7483","43.1474"
"175.2400","3.7485","43.0895"
"175.2600","3.7488","43.0710"
"175.2800","3.7490","43.1270"
"175.3000","3.7494","43.1072"
"175.3200","3.7497","43.1114"
"175.3400","3.7501","43.0571"
"175.3600","3.7505","43.0884"
"175.3800","3.7508","43.2015"
"175.4000","3.7511","43.0910"
"175.4200","3.7515","43.0858"
"175.4400","3.7518","43.1061"
"175.4600","3.7521","43.0998"
"175.4800","3.7525","43.1213"
"175.5000","3.7529","43.2207"
"175.5200","3.7533","43.1123"
"175.5400","3.7536","43.0074"
"175.5600","3.7539","43.0171"
"175.5800","3.7541","43.0891"
"175.6000","3.7544","43.0898"
"175.6200","3.7547","43.1426"
"175.6400","3.7550","43.0219"
"175.6600","3.7554","43.0900"
"175.6800","3.7558","43.1265"
"175.7000","3.7561","43.1132"
"175.7200","3.7564","43.1323"
"175.7400","3.7567","43.0349"
"175.7600","3.7570","42.9489"
"175.7800","3.7573","42.9789"
"175.8000","3.7576","43.0066"
"175.8200","3.7580","43.0746"
"175.8400","3.7585","43.0847"
"175.8600","3.7589","43.0633"
"175.8800","3.7593","43.0461"
"175.9000","3.7596","43.1277"
"175.9200","3.7599","43.0927"
"175.9400","3.7601","43.0378"
"175.9600","3.7604","43.0295"
"175.9800","3.7607","43.1704"
"176.0000","3.7610","43.0846"
"176.0200","3.7614","43.0349"
"176.0400","3.7618","42.9736"
"176.0600","3.7621","42.8708"
"176.0800","3.7625","42.9513"
"176.1000","3.7628","43.0424"
"176.1200","3.7631","43.0195"
"176.1400","3.7635","42.9915"
"176.1600","3.7638","42.9792"
"176.1800","3.7642","42.9520"
"176.2000","3.7646","42.9210"
"176.2200","3.7650","42.9242"
"176.2400","3.7652","42.9958"
"176.2600","3.7655","43.0035"
"176.2800","3.7658","42.9359"
"176.3000","3.7660","42.9374"
"176.3200","3.7663","42.9295"
"176.3400","3.7667","42.9323"
"176.3600","3.7670","43.0147"
"176.3800","3.7674","42.9861"
"176.4000","3.7678","42.9881"
"176.4200","3.7681","42.9895"
"176.4400","3.7684","43.0608"
"176.4600","3.7686","42.9983"
"176.4800","3.7690","42.9100"
"176.5000","3.7693","42.8958"
"176.5200","3.7698","42.8275"
"176.5400","3.7702","42.9066"
"176.5600","3.7706","43.0044"
"176.5800","3.7710","43.0171"
"176.6000","3.7712","43.0227"
"176.6200","3.7715","42.9161"
"176.6400","3.7717","42.9928"
"176.6600","3.7720","42.9835"
"176.6800","3.7724","42.9210"
"176.7000","3.7727","42.9074"
"176.7200","3.7731","42.8790"
"176.7400","3.7735","42.9422"
"176.7600","3.7738","42.9113"
"176.7800","3.7741","42.9224"
"176.8000","3.7744","42.9666"
"176.8200","3.7748","42.9835"
"176.8400","3.7751","43.0265"
"176.8600","3.7755","42.9954"
"176.8800","3.7759","42.9763"
"176.9000","3.7763","42.9574"
"176.9200","3.7766","42.8798"
"176.9400","3.7769","42.8967"
"176.9600","3.7771","42.9136"
"176.9800","3.7774","42.8871"
"177.0000","3.7777","42.8539"
"177.0200","3.7780","42.8777"
"177.0400","3.7784","42.8981"
"177.0600","3.7788","42.9633"
"177.0800","3.7791","42.9987"
"177.1000","3.7794","42.9214"
"177.1200","3.7797","42.8579"
"177.1400","3.7800","42.8721"
"177.1600","3.7803","42.8409"
"177.1800","3.7807","42.9020"
"177.2000","3.7811","42.9090"
"177.2200","3.7815","42.8606"
"177.2400","3.7819","42.9196"
"177.2600","3.7823","42.9502"
"177.2800","3.7826","42.9479"
"177.3000","3.7829","42.9047"
"177.3200","3.7831","42.8339"
"177.3400","3.7834","42.8573"
"177.3600","3.7837","42.8872"
"177.3800","3.7840","42.8680"
"177.4000","3.7844","42.9001"
"177.4200","3.7848","42.9227"
"177.4400","3.7851","42.9002"
"177.4600","3.7854","42.9255"
"177.4800","3.7858","42.8998"
"177.5000","3.7861","42.8865"
"177.5200","3.7864","42.8688"
"177.5400","3.7868","42.8800"
"177.5600","3.7873","42.9743"
"177.5800","3.7877","42.9982"
"177.6000","3.7880","42.9818"
"177.6200","3.7883","42.8730"
"177.6400","3.7885","42.8847"
"177.6600","3.7888","42.8474"
"177.6800","3.7891","42.8220"
"177.7000","3.7894","42.8694"
"177.7200","3.7897","42.8452"
"177.7400","3.7901","42.8625"
"177.7600","3.7905","42.8384"
"177.7800","3.7908","42.8362"
"177.8000","3.7911","42.8512"
"177.8200","3.7913","42.8412"
"177.8400","3.7916","42.9032"
"177.8600","3.7919","42.9373"
"177.8800","3.7923","42.9351"
"177.9000","3.7928","42.9107"
"177.9200","3.7932","42.8667"
"177.9400","3.7936","42.9116"
"177.9600","3.7939","42.9486"
"177.9800","3.7942","42.9563"
"178.0000","3.7945","42.9258"
"178.0200","3.7947","42.9063"
"178.0400","3.7950","42.8849"
"178.0600","3.7954","42.8661"
"178.0800","3.7957","42.9129"
"178.1000","3.7961","42.9680"
"178.1200","3.7965","42.9294"
"178.1400","3.7968","42.8243"
"178.1600","3.7971","42.8431"
"178.1800","3.7974","42.8285"
"178.2000","3.7978","42.8681"
"178.2200","3.7981","42.8692"
"178.2400","3.7986","42.8204"
"178.2600","3.7990","42.8638"
"178.2800","3.7993","42.9066"
"178.3000","3.7996","42.8762"
"178.3200","3.7999","42.8198"
"178.3400","3.8001","42.7357"
"178.3600","3.8004","42.7666"
"178.3800","3.8007","42.7869"
"178.4000","3.8011","42.8252"
"178.4200","3.8014","42.8082"
"178.4400","3.8018","42.7458"
"178.4600","3.8021","42.8057"
"178.4800","3.8024","42.8002"
"178.5000","3.8027","42.8056"
"178.5200","3.8030","42.7552"
"178.5400","3.8033","42.7886"
"178.5600","3.8036","42.7801"
"178.5800","3.8040","42.7774"
"178.6000","3.8045","42.7799"
"178.6200","3.8049","42.7360"
"178.6400","3.8053","42.7336"
"178.6600","3.8056","42.6793"
"178.6800","3.8058","42.6565"
"178.7000","3.8061","42.6314"
"178.7200","3.8063","42.6436"
"178.7400","3.8067","42.7116"
"178.7600","3.8070","42.6707"
"178.7800","3.8074","42.6716"
"178.8000","3.8078","42.8666"
"178.8200","3.8081","42.8039"
"178.8400","3.8085","42.7568"
"178.8600","3.8088","42.7913"
"178.8800","3.8091","42.7755"
"178.9000","3.8095","42.8151"
"178.9200","3.8099","42.8493"
"178.9400","3.8103","42.7950"
"178.9600","3.8106","42.8366"
"178.9800","3.8110","42.8362"
"179.0000","3.8112","42.8181"
"179.0200","3.8115","42.7777"
"179.0400","3.8118","42.7845"
"179.0600","3.8121","42.7439"
"179.0800","3.8124","42.7897"
"179.1000","3.8128","42.7433"
"179.1200","3.8131","42.8257"
"179.1400","3.8135","42.8547"
"179.1600","3.8138","42.8088"
"179.1800","3.8141","42.7442"
"179.2000","3.8143","42.6646"
"179.2200","3.8146","42.6288"
"179.2400","3.8150","42.7435"
"179.2600","3.8153","42.7442"
"179.2800","3.8158","42.7759"
"179.3000","3.8162","42.8310"
"179.3200","3.8166","42.8410"
"179.3400","3.8169","42.8147"
"179.3600","3.8172","42.7682"
"179.3800","3.8174","42.7447"
"179.4000","3.8177","42.7895"
"179.4200","3.8180","42.7647"
"179.4400","3.8183","42.7946"
"179.4600","3.8187","42.7897"
"179.4800","3.8191","42.8158"
"179.5000","3.8194","42.8058"
"179.5200","3.8198","42.7464"
"179.5400","3.8201","42.7755"
"179.5600","3.8204","42.8726"
"179.5800","3.8207","42.8199"
"179.6000","3.8211","42.7761"
"179.6200","3.8215","42.7113"
"179.6400","3.8220","42.8290"
"179.6600","3.8223","42.8839"
"179.6800","3.8226","42.8690"
"179.7000","3.8228","42.8181"
"179.7200","3.8231","42.7905"
"179.7400","3.8234","42.8003"
"179.7600","3.8237","42.8079"
"179.7800","3.8240","42.8565"
"179.8000","3.8244","42.9003"
"179.8200","3.8248","42.8501"
"179.8400","3.8251","42.7537"
"179.8600","3.8254","42.8149"
"179.8800","3.8257","42.8134"
"179.9000","3.8260","42.7697"
"179.9200","3.8263","42.6976"
"179.9400","3.8266","42.7434"
"179.9600","3.8270","42.8190"
"179.9800","3.8275","42.8393"
"180.0000","3.8279","42.8511"
"180.0200","3.8283","42.8342"
"180.0400","3.8285","42.8556"
"180.0600","3.8288","42.8547"
"180.0800","3.8291","42.8983"
"180.1000","3.8293","42.8118"
"180.1200","3.8297","42.7390"
"180.1400","3.8300","42.8632"
"180.1600","3.8304","42.8657"
"180.1800","3.8308","42.8053"
"180.2000","3.8311","42.8079"
"180.2200","3.8314","42.7693"
"180.2400","3.8317","42.8005"
"180.2600","3.8321","42.8918"
"180.2800","3.8325","42.8016"
"180.3000","3.8329","42.7702"
"180.3200","3.8333","42.7984"
"180.3400","3.8336","42.7899"
"180.3600","3.8339","42.7455"
"180.3800","3.8342","42.7689"
"180.4000","3.8345","42.8023"
"180.4200","3.8347","42.8328"
"180.4400","3.8350","42.8388"
"180.4600","3.8353","42.7970"
"180.4800","3.8357","42.7682"
"180.5000","3.8361","42.8573"
"180.5200","3.8365","42.8170"
"180.5400","3.8368","42.8853"
"180.5600","3.8371","42.9368"
"180.5800","3.8374","42.9754"
"180.6000","3.8377","42.9234"
"180.6200","3.8380","42.7998"
"180.6400","3.8384","42.8224"
"180.6600","3.8388","42.8652"
"180.6800","3.8392","42.8379"
"180.7000","3.8396","42.8947"
"180.7200","3.8400","42.9009"
"180.7400","3.8402","42.8586"
"180.7600","3.8405","42.9073"
"180.7800","3.8407","42.9876"
"180.8000","3.8410","42.9157"
"180.8200","3.8414","42.7909"
"180.8400","3.8417","42.8829"
"180.8600","3.8421","42.9687"
"180.8800","3.8425","42.8911"
"180.9000","3.8428","42.8243"
"180.9200","3.8431","42.8135"
"180.9400","3.8434","42.8544"
"180.9600","3.8438","42.8944"
"180.9800","3.8442","42.9252"
"181.0000","3.8446","42.8990"
"181.0200","3.8450","42.8780"
"181.0400","3.8453","42.8537"
"181.0600","3.8456","42.9188"
"181.0800","3.8458","42.9589"
"181.1000","3.8461","42.9595"
"181.1200","3.8464","42.8936"
"181.1400","3.8467","42.8497"
"181.1600","3.8470","42.8776"
"181.1800","3.8474","42.8931"
"181.2000","3.8478","42.9345"
"181.2200","3.8482","42.9774"
"181.2400","3.8485","42.9403"
"181.2600","3.8488","42.8081"
"181.2800","3.8490","42.8765"
"181.3000","3.8493","42.9931"
"181.3200","3.8497","42.9426"
"181.3400","3.8501","42.9741"
"181.3600","3.8505","42.9779"
"181.3800","3.8510","43.0327"
"181.4000","3.8513","42.9947"
"181.4200","3.8516","43.0092"
"181.4400","3.8518","42.9042"
"181.4600","3.8521","42.8852"
"181.4800","3.8524","42.8690"
"181.5000","3.8527","42.8780"
"181.5200","3.8530","42.9094"
"181.5400","3.8534","42.9269"
"181.5600","3.8538","42.8940"
"181.5800","3.8541","42.9435"
"181.6000","3.8544","42.9581"
"181.6200","3.8548","42.8920"
"181.6400","3.8551","42.9879"
"181.6600","3.8555","42.9912"
"181.6800","3.8559","42.9890"
"181.7000","3.8563","42.9779"
"181.7200","3.8567","43.0096"
"181.7400","3.8570","43.0909"
"181.7600","3.8572","43.1751"
"181.7800","3.8575","43.1497"
"181.8000","3.8577","43.0176"
"181.8200","3.8580","42.9461"
"181.8400","3.8584","43.0113"
"181.8600","3.8587","42.9988"
"181.8800","3.8591","43.0036"
"181.9000","3.8595","42.9059"
"181.9200","3.8598","42.9554"
"181.9400","3.8601","43.0483"
"181.9600","3.8604","42.9823"
"181.9800","3.8606","42.8538"
"182.0000","3.8610","42.8265"
"182.0200","3.8614","42.8945"
"182.0400","3.8618","42.9238"
"182.0600","3.8623","42.8820"
"182.0800","3.8627","42.9522"
"182.1000","3.8629","43.0878"
"182.1200","3.8632","43.0389"
"182.1400","3.8635","42.9403"
"182.1600","3.8637","42.9410"
"182.1800","3.8640","43.0588"
"182.2000","3.8643","43.0873"
"182.2200","3.8647","42.9733"
"182.2400","3.8651","43.0588"
"182.2600","3.8654","43.0357"
"182.2800","3.8657","42.9644"
"182.3000","3.8660","42.9638"
"182.3200","3.8664","42.9159"
"182.3400","3.8668","42.8859"
"182.3600","3.8672","42.9190"
"182.3800","3.8676","42.8879"
"182.4000","3.8680","42.9497"
"182.4200","3.8683","42.9731"
"182.4400","3.8686","43.0295"
"182.4600","3.8688","43.0605"
"182.4800","3.8691","43.0242"
"182.5000","3.8694","42.9554"
"182.5200","3.8697","42.9352"
"182.5400","3.8700","42.9316"
"182.5600","3.8704","42.9059"
"182.5800","3.8708","42.9060"
"182.6000","3.8711","43.0365"
"182.6200","3.8714","43.1069"
"182.6400","3.8717","43.0947"
"182.6600","3.8720","43.0794"
"182.6800","3.8723","43.1127"
"182.7000","3.8727","43.1245"
"182.7200","3.8731","43.0801"
"182.7400","3.8735","43.0662"
"182.7600","3.8739","42.9833"
"182.7800","3.8743","42.9785"
"182.8000","3.8746","43.0091"
"182.8200","3.8748","43.0008"
"182.8400","3.8751","43.0196"
"182.8600","3.8754","43.0718"
"182.8800","3.8757","43.0509"
"182.9000","3.8760","43.0232"
"182.9200","3.8764","43.0362"
"182.9400","3.8767","42.9743"
"182.9600","3.8771","42.8943"
"182.9800","3.8774","42.9770"
"183.0000","3.8777","42.9836"
"183.0200","3.8781","42.9825"
"183.0400","3.8785","42.9655"
"183.0600","3.8789","42.9684"
"183.0800","3.8793","43.0285"
"183.1000","3.8796","43.0549"
"183.1200","3.8799","43.0921"
"183.1400","3.8802","43.0594"
"183.1600","3.8804","43.0224"
"183.1800","3.8807","43.0775"
"183.2000","3.8810","43.1105"
"183.2200","3.8813","43.0843"
"183.2400","3.8817","43.1137"
"183.2600","3.8821","43.0826"
"183.2800","3.8824","43.0693"
"183.3000","3.8828","43.0356"
"183.3200","3.8831","43.0604"
"183.3400","3.8833","43.0224"
"183.3600","3.8836","43.0335"
"183.3800","3.8840","43.0376"
"183.4000","3.8844","43.0997"
"183.4200","3.8848","43.1909"
"183.4400","3.8853","43.2115"
"183.4600","3.8857","43.1461"
"183.4800","3.8860","43.1610"
"183.5000","3.8862","43.1197"
"183.5200","3.8864","43.1250"
"183.5400","3.8867","43.1002"
"183.5600","3.8870","43.1270"
"183.5800","3.8873","43.0803"
"183.6000","3.8877","43.0703"
"183.6200","3.8881","43.0627"
"183.6400","3.8884","43.0780"
"183.6600","3.8887","43.0912"
"183.6800","3.8891","43.0194"
"183.7000","3.8894","43.0334"
"183.7200","3.8898","43.0917"
"183.7400","3.8902","43.1685"
"183.7600","3.8906","43.0523"
"183.7800","3.8910","43.0979"
"183.8000","3.8913","43.1810"
"183.8200","3.8916","43.1929"
"183.8400","3.8918","43.1373"
"183.8600","3.8921","43.1469"
"183.8800","3.8924","43.0905"
"183.9000","3.8927","43.1388"
"183.9200","3.8931","43.0992"
"183.9400","3.8934","43.0084"
"183.9600","3.8938","43.0705"
"183.9800","3.8941","43.0642"
"184.0000","3.8944","43.1034"
"184.0200","3.8947","43.0765"
"184.0400","3.8950","42.9996"
"184.0600","3.8953","43.0533"
"184.0800","3.8957","43.0582"
"184.1000","3.8961","43.1511"
"184.1200","3.8966","43.1780"
"184.1400","3.8970","43.1073"
"184.1600","3.8973","43.0684"
"184.1800","3.8976","43.1669"
"184.2000","3.8979","43.1526"
"184.2200","3.8981","43.1718"
"184.2400","3.8984","43.1124"
"184.2600","3.8987","43.0267"
"184.2800","3.8990","43.0778"
"184.3000","3.8994","43.0758"
"184.3200","3.8998","43.0502"
"184.3400","3.9001","43.0163"
"184.3600","3.9004","43.0103"
"184.3800","3.9008","43.0617"
"184.4000","3.9011","43.1080"
"184.4200","3.9015","43.1229"
"184.4400","3.9019","43.1147"
"184.4600","3.9023","43.1571"
"184.4800","3.9027","43.1751"
"184.5000","3.9029","43.1946"
"184.5200","3.9032","43.1762"
"184.5400","3.9035","43.0890"
"184.5600","3.9037","43.1200"
"184.5800","3.9040","43.1441"
"184.6000","3.9044","43.1069"
"184.6200","3.9047","43.1360"
"184.6400","3.9051","43.1360"
"184.6600","3.9055","43.1108"
"184.6800","3.9058","43.1116"
"184.7000","3.9061","43.1300"
"184.7200","3.9063","43.0470"
"184.7400","3.9066","43.1087"
"184.7600","3.9070","43.1667"
"184.7800","3.9074","43.2232"
"184.8000","3.9079","43.2113"
"184.8200","3.9083","43.1520"
"184.8400","3.9087","43.0664"
"184.8600","3.9090","43.1596"
"184.8800","3.9092","43.2110"
"184.9000","3.9095","43.2187"
"184.9200","3.9097","43.2749"
"184.9400","3.9100","43.2340"
"184.9600","3.9104","43.1525"
"184.9800","3.9107","43.1036"
"185.0000","3.9111","43.1258"
"185.0200","3.9114","43.0855"
"185.0400","3.9117","43.1439"
"185.0600","3.9121","43.2160"
"185.0800","3.9124","43.2317"
"185.1000","3.9128","43.1898"
"185.1200","3.9132","43.1773"
"185.1400","3.9136","43.2212"
"185.1600","3.9140","43.2092"
"185.1800","3.9143","43.1998"
"185.2000","3.9146","43.2627"
"185.2200","3.9148","43.2783"
"185.2400","3.9151","43.2227"
"185.2600","3.9153","43.1021"
"185.2800","3.9157","43.2240"
"185.3000","3.9160","43.2698"
"185.3200","3.9164","43.1851"
"185.3400","3.9168","43.1630"
"185.3600","3.9172","43.1490"
"185.3800","3.9175","43.1865"
"185.4000","3.9177","43.1986"
"185.4200","3.9180","43.2401"
"185.4400","3.9183","43.2419"
"185.4600","3.9187","43.2670"
"185.4800","3.9191","43.2406"
"185.5000","3.9196","43.1885"
"185.5200","3.9200","43.1584"
"185.5400","3.9203","43.1906"
"185.5600","3.9206","43.1690"
"185.5800","3.9208","43.2015"
"185.6000","3.9211","43.1784"
"185.6200","3.9214","43.1842"
"185.6400","3.9217","43.1864"
"185.6600","3.9220","43.2299"
"185.6800","3.9224","43.2730"
"185.7000","3.9228","43.2970"
"185.7200","3.9231","43.3251"
"185.7400","3.9234","43.2139"
"185.7600","3.9237","43.2418"
"185.7800","3.9241","43.2485"
"185.8000","3.9245","43.2223"
"185.8200","3.9249","43.2513"
"185.8400","3.9253","43.1760"
"185.8600","3.9256","43.2423"
"185.8800","3.9259","43.2243"
"185.9000","3.9262","43.2625"
"185.9200","3.9264","43.3185"
"185.9400","3.9267","43.3065"
"185.9600","3.9270","43.2770"
"185.9800","3.9273","43.2939"
"186.0000","3.9277","43.2602"
"186.0200","3.9281","43.2367"
"186.0400","3.9284","43.1663"
"186.0600","3.9288","43.2326"
"186.0800","3.9291","43.2915"
"186.1000","3.9294","43.3026"
"186.1200","3.9297","43.2138"
"186.1400","3.9300","43.1763"
"186.1600","3.9304","43.1807"
"186.1800","3.9309","43.2227"
"186.2000","3.9313","43.2323"
"186.2200","3.9317","43.2194"
"186.2400","3.9319","43.2921"
"186.2600","3.9322","43.2904"
"186.2800","3.9324","43.2520"
"186.3000","3.9327","43.1014"
"186.3200","3.9330","43.1321"
"186.3400","3.9334","43.1372"
"186.3600","3.9337","43.2612"
"186.3800","3.9341","43.2787"
"186.4000","3.9345","43.2751"
"186.4200","3.9348","43.2229"
"186.4400","3.9351","43.2579"
"186.4600","3.9354","43.3516"
"186.4800","3.9358","43.4039"
"186.5000","3.9362","43.3694"
"186.5200","3.9366","43.3587"
"186.5400","3.9369","43.3208"
"186.5600","3.9373","43.2526"
"186.5800","3.9375","43.2019"
"186.6000","3.9378","43.2043"
"186.6200","3.9380","43.2550"
"186.6400","3.9383","43.2607"
"186.6600","3.9386","43.2555"
"186.6800","3.9390","43.3075"
"186.7000","3.9394","43.3361"
"186.7200","3.9398","43.2993"
"186.7400","3.9401","43.2706"
"186.7600","3.9404","43.2711"
"186.7800","3.9407","43.2930"
"186.8000","3.9410","43.3551"
"186.8200","3.9413","43.3672"
"186.8400","3.9417","43.3484"
"186.8600","3.9421","43.3411"
"186.8800","3.9426","43.3565"
"186.9000","3.9430","43.2425"
"186.9200","3.9433","43.2200"
"186.9400","3.9436","43.2848"
"186.9600","3.9438","43.2392"
"186.9800","3.9441","43.2269"
"187.0000","3.9444","43.2536"
"187.0200","3.9447","43.1766"
"187.0400","3.9451","43.2571"
"187.0600","3.9454","43.2980"
"187.0800","3.9458","43.3619"
"187.1000","3.9461","43.2453"
"187.1200","3.9464","43.2655"
"187.1400","3.9468","43.2947"
"187.1600","3.9471","43.2830"
"187.1800","3.9475","43.2775"
"187.2000","3.9479","43.2926"
"187.2200","3.9483","43.2618"
"187.2400","3.9486","43.2331"
"187.2600","3.9489","43.2792"
"187.2800","3.9491","43.3549"
"187.3000","3.9494","43.3041"
"187.3200","3.9497","43.2456"
"187.3400","3.9500","43.2463"
"187.3600","3.9503","43.2472"
"187.3800","3.9507","43.2763"
"187.4000","3.9511","43.2104"
"187.4200","3.9514","43.1050"
"187.4400","3.9518","43.1312"
"187.4600","3.9520","43.1963"
"187.4800","3.9523","43.2132"
"187.5000","3.9527","43.2250"
"187.5200","3.9530","43.1596"
"187.5400","3.9535","43.1401"
"187.5600","3.9539","43.1701"
"187.5800","3.9543","43.1643"
"187.6000","3.9546","43.2206"
"187.6200","3.9549","43.2017"
"187.6400","3.9551","43.1624"
"187.6600","3.9554","43.1457"
"187.6800","3.9557","43.2915"
"187.7000","3.9560","43.3378"
"187.7200","3.9564","43.2245"
"187.7400","3.9568","43.1335"
"187.7600","3.9571","43.1123"
"187.7800","3.9575","43.1679"
"187.8000","3.9578","43.1954"
"187.8200","3.9581","43.1518"
"187.8400","3.9585","43.1951"
"187.8600","3.9588","43.2268"
"187.8800","3.9592","43.1878"
"187.9000","3.9596","43.1535"
"187.9200","3.9600","43.1247"
"187.9400","3.9603","43.1586"
"187.9600","3.9605","43.1310"
"187.9800","3.9608","43.2085"
"188.0000","3.9610","43.2308"
"188.0200","3.9613","43.1840"
"188.0400","3.9617","43.0934"
"188.0600","3.9620","43.1052"
"188.0800","3.9624","43.1513"
"188.1000","3.9628","43.1278"
"188.1200","3.9631","43.1222"
"188.1400","3.9634","43.0809"
"188.1600","3.9637","43.0666"
"188.1800","3.9640","43.0817"
"188.2000","3.9643","43.1380"
"188.2200","3.9648","43.1043"
"188.2400","3.9652","43.0947"
"188.2600","3.9657","43.0954"
"188.2800","3.9660","43.0845"
"188.3000","3.9663","43.0374"
"188.3200","3.9665","42.9907"
"188.3400","3.9668","43.0238"
"188.3600","3.9670","43.0527"
"188.3800","3.9673","43.1025"
"188.4000","3.9677","43.1303"
"188.4200","3.9681","43.1581"
"188.4400","3.9684","43.1187"
"188.4600","3.9688","43.0766"
"188.4800","3.9692","43.0585"
"188.5000","3.9695","43.0890"
"188.5200","3.9698","43.1927"
"188.5400","3.9702","43.1763"
"188.5600","3.9705","43.0917"
"188.5800","3.9709","43.0325"
"188.6000","3.9713","43.0314"
"188.6200","3.9716","43.1222"
"188.6400","3.9719","43.1087"
"188.6600","3.9721","43.0565"
"188.6800","3.9724","43.0828"
"188.7000","3.9727","43.0174"
"188.7200","3.9730","43.0296"
"188.7400","3.9733","43.1087"
"188.7600","3.9737","43.0791"
"188.7800","3.9741","43.0577"
"188.8000","3.9744","43.0656"
"188.8200","3.9747","43.0644"
"188.8400","3.9750","43.0528"
"188.8600","3.9753","43.0661"
"188.8800","3.9756","43.0374"
"188.9000","3.9760","43.0510"
"188.9200","3.9765","43.0490"
"188.9400","3.9769","43.0442"
"188.9600","3.9773","43.0929"
"188.9800","3.9777","43.0106"
"189.0000","3.9779","43.0179"
"189.0200","3.9782","43.0411"
"189.0400","3.9784","43.1008"
"189.0600","3.9787","43.0566"
"189.0800","3.9790","42.9919"
"189.1000","3.9794","43.0059"
"189.1200","3.9798","42.9939"
"189.1400","3.9802","42.9927"
"189.1600","3.9805","42.9726"
"189.1800","3.9808","42.9209"
"189.2000","3.9812","42.9869"
"189.2200","3.9815","43.0193"
"189.2400","3.9818","43.0341"
"189.2600","3.9822","43.0535"
"189.2800","3.9826","43.1026"
"189.3000","3.9829","43.0955"
"189.3200","3.9832","43.0145"
"189.3400","3.9835","43.0180"
"189.3600","3.9838","43.0124"
"189.3800","3.9840","43.0687"
"189.4000","3.9843","42.9594"
"189.4200","3.9847","42.8811"
"189.4400","3.9850","42.9077"
"189.4600","3.9854","42.9587"
"189.4800","3.9858","42.9822"
"189.5000","3.9861","42.9667"
"189.5200","3.9863","42.8624"
"189.5400","3.9866","42.9320"
"189.5600","3.9869","42.9944"
"189.5800","3.9873","42.9667"
"189.6000","3.9877","42.9559"
"189.6200","3.9882","42.9579"
"189.6400","3.9886","42.9865"
"189.6600","3.9890","42.9737"
"189.6800","3.9893","42.8917"
"189.7000","3.9896","42.8699"
"189.7200","3.9898","42.8449"
"189.7400","3.9900","42.8965"
"189.7600","3.9903","42.9001"
"189.7800","3.9907","42.9622"
"189.8000","3.9911","42.9822"
"189.8200","3.9915","42.9229"
"189.8400","3.9918","42.8837"
"189.8600","3.9922","42.9301"
"189.8800","3.9925","42.9310"
"189.9000","3.9928","42.9519"
"189.9200","3.9931","42.8750"
"189.9400","3.9935","42.8539"
"189.9600","3.9939","42.9045"
"189.9800","3.9943","42.9624"
"190.0000","3.9946","42.9433"
"190.0200","3.9949","42.8992"
"190.0400","3.9951","42.8418"
"190.0600","3.9954","42.7851"
"190.0800","3.9957","42.8755"
"190.1000","3.9960","42.9058"
"190.1200","3.9964","42.8774"
"190.1400","3.9968","42.7905"
"190.1600","3.9971","42.7537"
"190.1800","3.9974","42.7282"
"190.2000","3.9977","42.7855"
"190.2200","3.9980","42.8688"
"190.2400","3.9983","42.8644"
"190.2600","3.9986","42.8289"
"190.2800","3.9990","42.7913"
"190.3000","3.9994","42.8257"
"190.3200","3.9999","42.8854"
"190.3400","4.0003","42.8200"
"190.3600","4.0006","42.7914"
"190.3800","4.0009","42.8094"
"190.4000","4.0011","42.7490"
"190.4200","4.0014","42.8255"
"190.4400","4.0017","42.7718"
"190.4600","4.0020","42.7152"
"190.4800","4.0024","42.7326"
"190.5000","4.0027","42.7463"
"190.5200","4.0031","42.6894"
"190.5400","4.0034","42.7152"
"190.5600","4.0038","42.8389"
"190.5800","4.0041","42.8503"
"190.6000","4.0044","42.8292"
"190.6200","4.0048","42.7891"
"190.6400","4.0052","42.7074"
"190.6600","4.0056","42.6656"
"190.6800","4.0060","42.7201"
"190.7000","4.0062","42.7512"
"190.7200","4.0065","42.7159"
"190.7400","4.0068","42.6771"
"190.7600","4.0070","42.7110"
"190.7800","4.0073","42.7750"
"190.8000","4.0077","42.7591"
"190.8200","4.0080","42.7177"
"190.8400","4.0084","42.7074"
"190.8600","4.0088","42.6894"
"190.8800","4.0091","42.6392"
"190.9000","4.0094","42.6108"
"190.9200","4.0096","42.6665"
"190.9400","4.0100","42.6605"
"190.9600","4.0103","42.6427"
"190.9800","4.0107","42.6801"
"191.0000","4.0112","42.6005"
"191.0200","4.0116","42.5139"
"191.0400","4.0120","42.5182"
"191.0600","4.0123","42.5784"
"191.0800","4.0125","42.5766"
"191.1000","4.0128","42.6265"
"191.1200","4.0130","42.5316"
"191.1400","4.0134","42.5145"
"191.1600","4.0137","42.4953"
"191.1800","4.0141","42.5239"
"191.2000","4.0145","42.5603"
"191.2200","4.0148","42.6166"
"191.2400","4.0151","42.6032"
"191.2600","4.0154","42.5509"
"191.2800","4.0158","42.5270"
"191.3000","4.0161","42.5495"
"191.3200","4.0165","42.5777"
"191.3400","4.0169","42.5085"
"191.3600","4.0173","42.4411"
"191.3800","4.0176","42.4604"
"191.4000","4.0179","42.5488"
"191.4200","4.0181","42.5009"
"191.4400","4.0184","42.4681"
"191.4600","4.0187","42.5366"
"191.4800","4.0190","42.4970"
"191.5000","4.0194","42.4509"
"191.5200","4.0198","42.4512"
"191.5400","4.0201","42.4271"
"191.5600","4.0204","42.4587"
"191.5800","4.0207","42.4646"
"191.5910","4.0209","42.4180"
"191.5920","4.0209","42.4174"
"191.6120","4.0212","42.3838"
"191.6320","4.0215","42.4340"
"191.6520","4.0218","42.4748"
"191.6720","4.0221","42.4269"
"191.6920","4.0223","42.3809"
"191.7120","4.0223","42.3648"
"191.7320","4.0223","42.3666"
"191.7520","4.0223","42.2828"
"191.7720","4.0223","42.2608"
"191.7920","4.0223","42.2643"
"191.8120","4.0223","42.3321"
"191.8320","4.0223","42.3228"
"191.8520","4.0223","42.2536"
"191.8720","4.0223","42.2410"
"191.8920","4.0222","42.2676"
"191.9120","4.0222","42.2665"
"191.9320","4.0222","42.2401"
"191.9520","4.0222","42.2104"
"191.9720","4.0222","42.1811"
"191.9920","4.0222","42.1946"
"192.0120","4.0222","42.2251"
"192.0320","4.0221","42.2704"
"192.0520","4.0221","42.1861"
"192.0720","4.0220","42.1547"
"192.0920","4.0220","42.1908"
"192.1120","4.0220","42.2593"
"192.1320","4.0220","42.1952"
"192.1520","4.0220","42.1580"
"192.1720","4.0219","42.1818"
"192.1920","4.0219","42.1945"
"192.2120","4.0219","42.1154"
"192.2320","4.0219","42.1449"
"192.2520","4.0219","42.1441"
"192.2720","4.0219","42.1263"
"192.2920","4.0218","42.1540"
"192.3120","4.0218","42.1323"
"192.3320","4.0218","42.1180"
"192.3520","4.0218","42.1286"
"192.3720","4.0218","42.0571"
"192.3920","4.0218","42.0322"
"192.4120","4.0218","42.0016"
"192.4320","4.0218","42.0015"
"192.4520","4.0218","42.0036"
"192.4720","4.0218","42.0361"
"192.4920","4.0218","42.0703"
"192.5120","4.0218","42.0030"
"192.5320","4.0217","41.9610"
"192.5520","4.0217","42.0218"
"192.5720","4.0217","41.9725"
"192.5920","4.0217","41.9732"
"192.6120","4.0217","41.9296"
"192.6320","4.0217","41.9142"
"192.6520","4.0217","41.8451"
"192.6720","4.0217","41.8987"
"192.6920","4.0217","42.0000"
"192.7120","4.0217","41.9788"
"192.7320","4.0217","41.9781"
"192.7520","4.0217","41.8837"
"192.7720","4.0217","41.9116"
"192.7920","4.0217","41.8353"
"192.8120","4.0217","41.7849"
"192.8320","4.0217","41.7605"
"192.8520","4.0217","41.7925"
"192.8720","4.0217","41.8198"
"192.8920","4.0217","41.8177"
"192.9120","4.0217","41.8748"
"192.9320","4.0217","41.8202"
"192.9520","4.0217","41.7988"
"192.9720","4.0217","41.8218"
"192.9920","4.0217","41.8226"
"193.0120","4.0217","41.7531"
"193.0320","4.0217","41.6753"
"193.0520","4.0217","41.6679"
"193.0720","4.0217","41.6707"
"193.0920","4.0217","41.6934"
"193.1120","4.0217","41.6809"
"193.1320","4.0217","41.6722"
"193.1520","4.0217","41.6998"
"193.1720","4.0217","41.6413"
"193.1920","4.0217","41.5757"
"193.2120","4.0217","41.5777"
"193.2320","4.0217","41.5395"
"193.2520","4.0217","41.5245"
"193.2720","4.0217","41.6046"
"193.2920","4.0217","41.5673"
"193.3120","4.0217","41.5925"
"193.3320","4.0217","41.6409"
"193.3520","4.0217","41.6604"
"193.3720","4.0217","41.6562"
"193.3920","4.0217","41.6379"
"193.4120","4.0217","41.5237"
"193.4320","4.0217","41.5382"
"193.4520","4.0217","41.5446"
"193.4720","4.0217","41.5922"
"193.4920","4.0217","41.6146"
"193.5120","4.0217","41.5373"
"193.5320","4.0217","41.4503"
"193.5520","4.0217","41.4636"
"193.5720","4.0217","41.5199"
"193.5920","4.0217","41.4952"
"193.6120","4.0217","41.5105"
"193.6320","4.0217","41.5204"
"193.6520","4.0217","41.4702"
"193.6720","4.0217","41.3794"
"193.6920","4.0217","41.4289"
"193.7120","4.0217","41.4929"
"193.7320","4.0217","41.5390"
"193.7520","4.0217","41.5139"
"193.7720","4.0217","41.4376"
"193.7920","4.0217","41.4154"
"193.8120","4.0217","41.4050"
"193.8320","4.0217","41.4304"
"193.8520","4.0217","41.4507"
"193.8720","4.0217","41.4688"
"193.8920","4.0217","41.3567"
"193.9120","4.0217","41.2831"
"193.9320","4.0217","41.2638"
"193.9520","4.0217","41.2957"
"193.9720","4.0217","41.3707"
"193.9920","4.0217","41.3646"
"194.0120","4.0217","41.3243"
"194.0320","4.0217","41.3265"
"194.0520","4.0217","41.3055"
"194.0720","4.0217","41.3150"
"194.0920","4.0217","41.3411"
"194.1120","4.0217","41.2955"
"194.1320","4.0217","41.2745"
"194.1520","4.0217","41.2669"
"194.1720","4.0217","41.2038"
"194.1920","4.0217","41.2966"
"194.2120","4.0217","41.2807"
"194.2320","4.0217","41.2721"
"194.2520","4.0217","41.2803"
"194.2720","4.0217","41.3386"
"194.2920","4.0217","41.3683"
"194.3120","4.0217","41.2381"
"194.3320","4.0217","41.2697"
"194.3520","4.0217","41.3542"
"194.3720","4.0217","41.3329"
"194.3920","4.0217","41.2299"
"194.4120","4.0217","41.2185"
"194.4320","4.0217","41.1487"
"194.4520","4.0217","41.2502"
"194.4720","4.0217","41.3003"
"194.4920","4.0217","41.3296"
"194.5120","4.0217","41.3201"
"194.5320","4.0217","41.3280"
"194.5520","4.0217","41.2906"
"194.5720","4.0217","41.2085"
"194.5920","4.0217","41.2900"
"194.6120","4.0217","41.3264"
"194.6320","4.0217","41.2853"
"194.6520","4.0217","41.1984"
"194.6720","4.0217","41.2586"
"194.6920","4.0217","41.2411"
"194.7120","4.0217","41.2021"
"194.7320","4.0217","41.1932"
"194.7520","4.0217","41.2028"
"194.7720","4.0217","41.1807"
"194.7920","4.0217","41.1896"
"194.8120","4.0217","41.1399"
"194.8320","4.0217","41.2173"
"194.8520","4.0217","41.2433"
"194.8720","4.0217","41.2637"
"194.8920","4.0217","41.2975"
"194.9120","4.0217","41.2222"
"194.9320","4.0217","41.1784"
"194.9520","4.0217","41.2572"
"194.9720","4.0217","41.1768"
"194.9920","4.0217","41.1580"
"195.0120","4.0217","41.1084"
"195.0320","4.0217","41.0964"
"195.0520","4.0217","41.1758"
"195.0720","4.0217","41.2003"
"195.0920","4.0217","41.1709"
"195.1120","4.0217","41.1846"
"195.1320","4.0217","41.1915"
"195.1520","4.0217","41.0838"
"195.1720","4.0217","41.0459"
"195.1920","4.0217","40.9789"
"195.2120","4.0217","41.0332"
"195.2320","4.0217","41.1628"
"195.2520","4.0217","41.2296"
"195.2720","4.0217","41.0994"
"195.2920","4.0217","41.1217"
"195.3120","4.0217","41.0735"
"195.3320","4.0217","41.0774"
"195.3520","4.0217","41.0837"
"195.3720","4.0217","41.0104"
"195.3920","4.0217","40.9887"
"195.4120","4.0217","41.0564"
"195.4320","4.0217","41.1292"
"195.4520","4.0217","41.1315"
"195.4720","4.0217","41.0518"
"195.4920","4.0217","41.0535"
"195.5120","4.0217","41.0081"
"195.5320","4.0217","40.9867"
"195.5520","4.0217","40.9984"
"195.5720","4.0217","40.9954"
"195.5920","4.0217","40.9349"
"195.6120","4.0217","41.0185"
"195.6320","4.0217","41.0341"
"195.6520","4.0217","41.0673"
"195.6720","4.0217","41.0935"
"195.6920","4.0217","41.0776"
"195.7120","4.0217","41.0527"
"195.7320","4.0217","40.9689"
"195.7520","4.0217","40.9377"
"195.7720","4.0217","40.9064"
"195.7920","4.0217","40.9919"
"195.8120","4.0217","40.9802"
"195.8320","4.0217","40.8936"
"195.8520","4.0217","40.9737"
"195.8720","4.0217","41.0903"
"195.8920","4.0217","41.0139"
"195.9120","4.0217","41.0148"
"195.9320","4.0217","41.0435"
"195.9520","4.0217","41.1124"
"195.9720","4.0217","41.1518"
"195.9920","4.0217","41.0528"
"196.0120","4.0217","40.9596"
"196.0320","4.0217","40.9415"
"196.0520","4.0217","40.9570"
"196.0720","4.0217","41.0128"
"196.0920","4.0217","40.9995"
"196.1120","4.0217","40.9208"
"196.1320","4.0217","40.9308"
"196.1520","4.0217","40.9346"
"196.1720","4.0217","40.9835"
"196.1920","4.0217","40.9724"
"196.2120","4.0217","40.9497"
"196.2320","4.0217","40.9169"
"196.2520","4.0217","40.9183"
"196.2720","4.0217","40.9519"
"196.2920","4.0217","40.9113"
"196.3120","4.0217","40.9218"
"196.3320","4.0217","40.8629"
"196.3520","4.0217","40.8449"
"196.3720","4.0217","40.9032"
"196.3920","4.0217","40.8989"
"196.4120","4.0217","40.9112"
"196.4320","4.0217","40.8680"
"196.4520","4.0217","40.8601"
"196.4720","4.0217","40.8737"
"196.4920","4.0217","40.9411"
"196.5120","4.0217","40.9651"
"196.5320","4.0217","40.9368"
"196.5520","4.0217","40.9789"
"196.5720","4.0217","40.9031"
"196.5920","4.0217","40.8065"
"196.6120","4.0217","40.8938"
"196.6320","4.0217","40.9666"
"196.6520","4.0217","40.9814"
"196.6720","4.0217","40.9498"
"196.6920","4.0217","40.9272"
"196.7120","4.0217","40.9389"
"196.7320","4.0217","40.8669"
"196.7520","4.0217","40.8229"
"196.7720","4.0217","40.8298"
"196.7920","4.0217","40.9220"
"196.8120","4.0217","40.9579"
"196.8320","4.0217","40.8921"
"196.8520","4.0217","40.8869"
"196.8720","4.0217","40.9525"
"196.8920","4.0217","40.8775"
"196.9120","4.0217","40.8905"
"196.9320","4.0217","40.9023"
"196.9520","4.0217","40.8513"
"196.9720","4.0217","40.8854"
"196.9920","4.0217","40.9197"
"197.0120","4.0217","40.8973"
"197.0320","4.0217","40.8295"
"197.0520","4.0217","40.8130"
"197.0720","4.0217","40.8172"
"197.0920","4.0217","40.8456"
"197.1120","4.0217","40.8281"
"197.1320","4.0217","40.8196"
"197.1520","4.0217","40.8228"
"197.1720","4.0217","40.7769"
"197.1920","4.0217","40.7096"
"197.2120","4.0217","40.7119"
"197.2320","4.0217","40.7713"
"197.2520","4.0217","40.8211"
"197.2720","4.0217","40.8573"
"197.2920","4.0217","40.8166"
"197.3120","4.0217","40.8476"
"197.3320","4.0217","40.8322"
"197.3520","4.0217","40.7868"
"197.3720","4.0217","40.7551"
"197.3920","4.0217","40.8006"
"197.4120","4.0217","40.8383"
"197.4320","4.0217","40.9127"
"197.4520","4.0217","40.8636"
"197.4720","4.0217","40.8539"
"197.4920","4.0217","40.7462"
"197.5120","4.0217","40.7155"
"197.5320","4.0217","40.6893"
"197.5520","4.0217","40.7866"
"197.5720","4.0217","40.8161"
"197.5920","4.0217","40.7164"
"197.6120","4.0217","40.7359"
"197.6320","4.0217","40.7992"
"197.6520","4.0217","40.7986"
"197.6720","4.0217","40.7447"
"197.6920","4.0217","40.7640"
"197.7120","4.0217","40.8137"
"197.7320","4.0217","40.8262"
"197.7520","4.0217","40.7903"
"197.7720","4.0217","40.7755"
"197.7920","4.0217","40.7039"
"197.8120","4.0217","40.6898"
"197.8320","4.0217","40.6481"
"197.8520","4.0217","40.6489"
"197.8720","4.0217","40.6385"
"197.8920","4.0217","40.6716"
"197.9120","4.0217","40.7186"
"197.9320","4.0217","40.7207"
"197.9520","4.0217","40.7576"
"197.9720","4.0217","40.7530"
"197.9920","4.0217","40.7874"
"198.0120","4.0217","40.7245"
"198.0320","4.0217","40.7141"
"198.0520","4.0217","40.6540"
"198.0720","4.0217","40.7171"
"198.0920","4.0217","40.7649"
"198.1120","4.0217","40.7284"
"198.1320","4.0217","40.6937"
"198.1520","4.0217","40.7144"
"198.1720","4.0217","40.7642"
"198.1920","4.0217","40.7914"
"198.2120","4.0217","40.7323"
"198.2320","4.0217","40.8030"
"198.2520","4.0217","40.7617"
"198.2720","4.0217","40.8013"
"198.2920","4.0217","40.8138"
"198.3120","4.0217","40.7210"
"198.3320","4.0217","40.7217"
"198.3520","4.0217","40.7652"
"198.3720","4.0217","40.7514"
"198.3920","4.0217","40.7405"
"198.4120","4.0217","40.7628"
"198.4320","4.0217","40.6679"
"198.4520","4.0217","40.6746"
"198.4720","4.0217","40.7557"
"198.4920","4.0217","40.7761"
"198.5120","4.0217","40.7268"
"198.5320","4.0217","40.6732"
"198.5520","4.0217","40.6997"
"198.5720","4.0217","40.6475"
"198.5920","4.0217","40.6532"
"198.6120","4.0217","40.7054"
"198.6320","4.0217","40.6702"
"198.6520","4.0217","40.7047"
"198.6720","4.0217","40.7137"
"198.6920","4.0217","40.7351"
"198.7120","4.0217","40.6832"
"198.7320","4.0217","40.6050"
"198.7520","4.0217","40.6544"
"198.7720","4.0217","40.7586"
"198.7920","4.0217","40.7578"
"198.8120","4.0217","40.6308"
"198.8320","4.0217","40.5896"
"198.8520","4.0217","40.6651"
"198.8720","4.0217","40.7879"
"198.8920","4.0217","40.7504"
"198.9120","4.0217","40.6400"
"198.9320","4.0217","40.6024"
"198.9520","4.0217","40.6459"
"198.9720","4.0217","40.5531"
"198.9920","4.0217","40.5851"
"199.0120","4.0217","40.6768"
"199.0320","4.0217","40.7745"
"199.0520","4.0217","40.7559"
"199.0720","4.0217","40.7409"
"199.0920","4.0217","40.7537"
"199.1120","4.0217","40.7380"
"199.1320","4.0217","40.8031"
"199.1520","4.0217","40.7796"
"199.1720","4.0217","40.7008"
"199.1920","4.0217","40.6821"
"199.2120","4.0217","40.6536"
"199.2320","4.0217","40.5980"
"199.2520","4.0217","40.5732"
"199.2720","4.0217","40.5549"
"199.2920","4.0217","40.6280"
"199.3120","4.0217","40.6609"
"199.3320","4.0217","40.6505"
"199.3520","4.0217","40.6305"
"199.3720","4.0217","40.5846"
"199.3920","4.0217","40.6213"
"199.4120","4.0217","40.6723"
"199.4320","4.0217","40.7052"
"199.4520","4.0217","40.6506"
"199.4720","4.0217","40.6015"
"199.4920","4.0217","40.5975"
"199.5120","4.0217","40.6404"
"199.5320","4.0217","40.6335"
"199.5520","4.0217","40.6287"
"199.5720","4.0217","40.6443"
"199.5920","4.0217","40.5731"
"199.6120","4.0217","40.5894"
"199.6320","4.0217","40.6342"
"199.6520","4.0217","40.6608"
"199.6720","4.0217","40.6567"
"199.6920","4.0217","40.6630"
"199.7120","4.0217","40.6803"
"199.7320","4.0217","40.6890"
"199.7520","4.0217","40.7350"
"199.7720","4.0217","40.7139"
"199.7920","4.0217","40.6352"
"199.8120","4.0217","40.5712"
"199.8320","4.0217","40.6001"
"199.8520","4.0217","40.6153"
"199.8720","4.0217","40.5028"
"199.8920","4.0217","40.4534"
"199.9120","4.0217","40.4831"
"199.9320","4.0217","40.5720"
"199.9520","4.0217","40.5632"
"199.9720","4.0217","40.6156"
"199.9920","4.0217","40.6681"
"200.0120","4.0217","40.6687"
"200.0320","4.0217","40.6679"
"200.0520","4.0217","40.6606"
"200.0720","4.0217","40.6071"
"200.0920","4.0217","40.5665"
"200.1120","4.0217","40.5636"
"200.1320","4.0217","40.5840"
"200.1520","4.0217","40.6520"
"200.1720","4.0217","40.6932"
"200.1920","4.0217","40.6695"
"200.2120","4.0217","40.6392"
"200.2320","4.0217","40.6355"
"200.2520","4.0217","40.6311"
"200.2720","4.0217","40.6437"
"200.2920","4.0217","40.5223"
"200.3120","4.0217","40.5866"
"200.3320","4.0217","40.6700"
"200.3520","4.0217","40.6311"
"200.3720","4.0217","40.5098"
"200.3920","4.0217","40.5543"
"200.4120","4.0217","40.5999"
"200.4320","4.0217","40.5560"
"200.4520","4.0217","40.5797"
"200.4720","4.0217","40.6042"
"200.4920","4.0217","40.6428"
"200.5120","4.0217","40.5781"
"200.5320","4.0217","40.6454"
"200.5520","4.0217","40.6509"
"200.5720","4.0217","40.6334"
"200.5920","4.0217","40.6276"
"200.6120","4.0217","40.5757"
"200.6320","4.0217","40.5361"
"200.6520","4.0217","40.4813"
"200.6720","4.0217","40.5390"
"200.6920","4.0217","40.6569"
"200.7120","4.0217","40.6030"
"200.7320","4.0217","40.6088"
"200.7520","4.0217","40.5925"
"200.7720","4.0217","40.5016"
"200.7920","4.0217","40.4576"
"200.8120","4.0217","40.5249"
"200.8320","4.0217","40.6648"
"200.8520","4.0217","40.6768"
"200.8720","4.0217","40.6561"
"200.8920","4.0217","40.6581"
"200.9120","4.0217","40.5550"
"200.9320","4.0217","40.4990"
"200.9520","4.0217","40.5548"
"200.9720","4.0217","40.5630"
"200.9920","4.0217","40.6092"
"201.0120","4.0217","40.6651"
"201.0320","4.0217","40.6410"
"201.0520","4.0217","40.6494"
"201.0720","4.0217","40.6316"
"201.0920","4.0217","40.5944"
"201.1120","4.0217","40.5908"
"201.1320","4.0217","40.5834"
"201.1520","4.0217","40.5159"
"201.1720","4.0217","40.5081"
"201.1920","4.0217","40.5886"
"201.2120","4.0217","40.6023"
"201.2320","4.0217","40.5409"
"201.2520","4.0217","40.4591"
"201.2720","4.0217","40.4376"
"201.2920","4.0217","40.4660"
"201.3120","4.0217","40.4676"
"201.3320","4.0217","40.5702"
"201.3520","4.0217","40.6226"
"201.3720","4.0217","40.5818"
"201.3920","4.0217","40.5865"
"201.4120","4.0217","40.5732"
"201.4320","4.0217","40.5270"
"201.4520","4.0217","40.5005"
"201.4720","4.0217","40.5058"
"201.4920","4.0217","40.5586"
"201.5120","4.0217","40.5819"
"201.5320","4.0217","40.5610"
"201.5520","4.0217","40.5560"
"201.5720","4.0217","40.5079"
"201.5920","4.0217","40.4431"
"201.6120","4.0217","40.4380"
"201.6320","4.0217","40.5064"
"201.6520","4.0217","40.4798"
"201.6720","4.0217","40.4731"
"201.6920","4.0217","40.4581"
"201.7120","4.0217","40.4264"
"201.7320","4.0217","40.4354"
"201.7520","4.0217","40.5044"
"201.7720","4.0217","40.4596"
"201.7920","4.0217","40.4390"
"201.8120","4.0217","40.4616"
"201.8320","4.0217","40.4485"
"201.8520","4.0217","40.5400"
"201.8720","4.0217","40.5476"
"201.8920","4.0217","40.4769"
"201.9120","4.0217","40.5011"
"201.9320","4.0217","40.6008"
"201.9520","4.0217","40.6245"
"201.9720","4.0217","40.6763"
"201.9920","4.0217","40.5812"
"202.0120","4.0217","40.4572"
"202.0320","4.0217","40.3947"
"202.0520","4.0217","40.4448"
"202.0720","4.0217","40.5004"
"202.0920","4.0217","40.4184"
"202.1120","4.0217","40.3870"
"202.1320","4.0217","40.4730"
"202.1520","4.0217","40.5549"
"202.1720","4.0217","40.5517"
"202.1920","4.0217","40.5597"
"202.2120","4.0217","40.5378"
"202.2320","4.0217","40.5375"
"202.2520","4.0217","40.3945"
"202.2720","4.0217","40.4378"
"202.2920","4.0217","40.4647"
"202.3120","4.0217","40.5058"
"202.3320","4.0217","40.4780"
"202.3520","4.0217","40.4384"
"202.3720","4.0217","40.4916"
"202.3920","4.0217","40.4988"
"202.4120","4.0217","40.4869"
"202.4320","4.0217","40.5296"
"202.4520","4.0217","40.4619"
"202.4720","4.0217","40.4090"
"202.4920","4.0217","40.4568"
"202.5120","4.0217","40.4474"
"202.5320","4.0217","40.4730"
"202.5520","4.0217","40.4626"
"202.5720","4.0217","40.3682"
"202.5920","4.0217","40.4346"
"202.6120","4.0217","40.4722"
"202.6320","4.0217","40.4520"
"202.6520","4.0217","40.5549"
"202.6720","4.0217","40.5347"
"202.6920","4.0217","40.5196"
"202.7120","4.0217","40.4907"
"202.7320","4.0217","40.4706"
"202.7520","4.0217","40.4664"
"202.7720","4.0217","40.5965"
"202.7920","4.0217","40.5754"
"202.8120","4.0217","40.5174"
"202.8320","4.0217","40.4965"
"202.8520","4.0217","40.4572"
"202.8720","4.0217","40.4021"
"202.8920","4.0217","40.5007"
"202.9120","4.0217","40.4305"
"202.9320","4.0217","40.4668"
"202.9520","4.0217","40.4902"
"202.9720","4.0217","40.4718"
"202.9920","4.0217","40.4883"
"203.0120","4.0217","40.4770"
"203.0320","4.0217","40.3898"
"203.0520","4.0217","40.4729"
"203.0720","4.0217","40.4487"
"203.0920","4.0217","40.4628"
"203.1120","4.0217","40.4741"
"203.1320","4.0217","40.5120"
"203.1520","4.0217","40.5597"
"203.1720","4.0217","40.5546"
"203.1920","4.0217","40.4951"
"203.2120","4.0217","40.4277"
"203.2320","4.0217","40.3999"
"203.2520","4.0217","40.3983"
"203.2720","4.0217","40.3645"
"203.2920","4.0217","40.3780"
"203.3120","4.0217","40.5031"
"203.3320","4.0217","40.5321"
"203.3520","4.0217","40.5155"
"203.3720","4.0217","40.4783"
"203.3920","4.0217","40.4930"
"203.4120","4.0217","40.4898"
"203.4320","4.0217","40.4304"
"203.4520","4.0217","40.4308"
"203.4720","4.0217","40.5184"
"203.4920","4.0217","40.5282"
"203.5120","4.0217","40.5246"
"203.5320","4.0217","40.5289"
"203.5520","4.0217","40.5129"
"203.5720","4.0217","40.4648"
"203.5920","4.0217","40.3181"
"203.6120","4.0217","40.3435"
"203.6320","4.0217","40.3972"
"203.6520","4.0217","40.4191"
"203.6720","4.0217","40.5645"
"203.6920","4.0217","40.5568"
"203.7120","4.0217","40.4876"
"203.7320","4.0217","40.4174"
"203.7520","4.0217","40.3936"
"203.7720","4.0217","40.3503"
"203.7920","4.0217","40.3273"
"203.8120","4.0217","40.4069"
"203.8320","4.0217","40.3812"
"203.8520","4.0217","40.3372"
"203.8720","4.0217","40.4331"
"203.8920","4.0217","40.4986"
"203.9120","4.0217","40.4996"
"203.9320","4.0217","40.4404"
"203.9520","4.0217","40.4579"
"203.9720","4.0217","40.4381"
"203.9920","4.0217","40.4507"
"204.0120","4.0217","40.4277"
"204.0320","4.0217","40.4202"
"204.0520","4.0217","40.4506"
"204.0720","4.0217","40.4490"
"204.0920","4.0217","40.3852"
"204.1120","4.0217","40.4908"
"204.1320","4.0217","40.4441"
"204.1520","4.0217","40.3283"
"204.1720","4.0217","40.4096"
"204.1920","4.0217","40.4354"
"204.2120","4.0217","40.4539"
"204.2320","4.0217","40.4067"
"204.2520","4.0217","40.4169"
"204.2720","4.0217","40.4252"
"204.2920","4.0217","40.4197"
"204.3120","4.0217","40.3456"
"204.3320","4.0217","40.3617"
"204.3520","4.0217","40.3741"
"204.3720","4.0217","40.4140"
"204.3920","4.0217","40.4896"
"204.4120","4.0217","40.5434"
"204.4320","4.0217","40.4859"
"204.4520","4.0217","40.4597"
"204.4720","4.0217","40.4736"
"204.4920","4.0217","40.4443"
"204.5120","4.0217","40.4093"
"204.5320","4.0217","40.3648"
"204.5520","4.0217","40.3890"
"204.5720","4.0217","40.3235"
"204.5920","4.0217","40.3523"
"204.6120","4.0217","40.3747"
"204.6320","4.0217","40.4168"
"204.6520","4.0217","40.3683"
"204.6720","4.0217","40.3339"
"204.6920","4.0217","40.3011"
"204.7120","4.0217","40.2944"
"204.7320","4.0217","40.3390"
"204.7520","4.0217","40.4111"
"204.7720","4.0217","40.4375"
"204.7920","4.0217","40.3552"
"204.8120","4.0217","40.3556"
"204.8320","4.0217","40.4211"
"204.8520","4.0217","40.3144"
"204.8720","4.0217","40.3612"
"204.8920","4.0217","40.3435"
"204.9120","4.0217","40.4794"
"204.9320","4.0217","40.4877"
"204.9520","4.0217","40.4041"
"204.9720","4.0217","40.3720"
"204.9920","4.0217","40.3941"
"205.0120","4.0217","40.3756"
"205.0320","4.0217","40.4329"
"205.0520","4.0217","40.5268"
"205.0720","4.0217","40.4297"
"205.0920","4.0217","40.3169"
"205.1120","4.0217","40.3375"
"205.1320","4.0217","40.3937"
"205.1520","4.0217","40.4708"
"205.1720","4.0217","40.4150"
"205.1920","4.0217","40.3354"
"205.2120","4.0217","40.3006"
"205.2320","4.0217","40.3026"
"205.2520","4.0217","40.3712"
"205.2720","4.0217","40.4338"
"205.2920","4.0217","40.3869"
"205.3120","4.0217","40.3890"
"205.3320","4.0217","40.3884"
"205.3520","4.0217","40.3771"
"205.3720","4.0217","40.4168"
"205.3920","4.0217","40.4259"
"205.4120","4.0217","40.4120"
"205.4320","4.0217","40.3362"
"205.4520","4.0217","40.3674"
"205.4720","4.0217","40.3975"
"205.4920","4.0217","40.3901"
"205.5120","4.0217","40.4167"
"205.5320","4.0217","40.4380"
"205.5520","4.0217","40.3708"
"205.5720","4.0217","40.3497"
"205.5920","4.0217","40.3700"
"205.6120","4.0217","40.3461"
"205.6320","4.0217","40.2917"
"205.6520","4.0217","40.2654"
"205.6720","4.0217","40.2900"
"205.6920","4.0217","40.2602"
"205.7120","4.0217","40.2659"
"205.7320","4.0217","40.3238"
"205.7520","4.0217","40.3785"
"205.7720","4.0217","40.4637"
"205.7920","4.0217","40.3847"
"205.8120","4.0217","40.3675"
"205.8320","4.0217","40.3566"
"205.8520","4.0217","40.3151"
"205.8720","4.0217","40.2931"
"205.8920","4.0217","40.3207"
"205.9120","4.0217","40.3189"
"205.9320","4.0217","40.3569"
"205.9520","4.0217","40.4358"
"205.9720","4.0217","40.3631"
"205.9920","4.0217","40.3008"
"206.0120","4.0217","40.3101"
"206.0320","4.0217","40.4030"
"206.0520","4.0217","40.4123"
"206.0720","4.0217","40.3400"
"206.0920","4.0217","40.2779"
"206.1120","4.0217","40.3119"
"206.1320","4.0217","40.3076"
"206.1520","4.0217","40.4313"
"206.1720","4.0217","40.4943"
"206.1920","4.0217","40.4405"
"206.2120","4.0217","40.4096"
"206.2320","4.0217","40.4464"
"206.2520","4.0217","40.4777"
"206.2720","4.0217","40.4362"
"206.2920","4.0217","40.4531"
"206.3120","4.0217","40.3634"
"206.3320","4.0217","40.3756"
"206.3520","4.0217","40.3435"
"206.3720","4.0217","40.3271"
"206.3920","4.0217","40.3789"
"206.4120","4.0217","40.4221"
"206.4320","4.0217","40.3771"
"206.4520","4.0217","40.3626"
"206.4720","4.0217","40.3079"
"206.4920","4.0217","40.3745"
"206.5120","4.0217","40.4507"
"206.5320","4.0217","40.4188"
"206.5520","4.0217","40.3846"
"206.5720","4.0217","40.3494"
"206.5920","4.0217","40.2988"
"206.6120","4.0217","40.3621"
"206.6320","4.0217","40.4065"
"206.6520","4.0217","40.3566"
"206.6720","4.0217","40.2976"
"206.6920","4.0217","40.3521"
"206.7120","4.0217","40.4587"
"206.7320","4.0217","40.4187"
"206.7520","4.0217","40.2662"
"206.7720","4.0217","40.2735"
"206.7920","4.0217","40.3423"
"206.8120","4.0217","40.4114"
"206.8320","4.0217","40.4087"
"206.8520","4.0217","40.3417"
"206.8720","4.0217","40.3348"
"206.8920","4.0217","40.3471"
"206.9120","4.0217","40.3051"
"206.9320","4.0217","40.3878"
"206.9520","4.0217","40.4690"
"206.9720","4.0217","40.4609"
"206.9920","4.0217","40.3741"
"207.0120","4.0217","40.2882"
"207.0320","4.0217","40.2662"
"207.0520","4.0217","40.3571"
"207.0720","4.0217","40.2806"
"207.0920","4.0217","40.2506"
"207.1120","4.0217","40.3331"
"207.1320","4.0217","40.3497"
"207.1520","4.0217","40.3945"
"207.1720","4.0217","40.3900"
"207.1920","4.0217","40.3660"
"207.2120","4.0217","40.3163"
"207.2320","4.0217","40.3169"
"207.2520","4.0217","40.3776"
"207.2720","4.0217","40.3470"
"207.2920","4.0217","40.3609"
"207.3120","4.0217","40.2503"
"207.3320","4.0217","40.2247"
"207.3520","4.0217","40.2598"
"207.3720","4.0217","40.3019"
"207.3920","4.0217","40.3392"
"207.4120","4.0217","40.3482"
"207.4320","4.0217","40.3322"
"207.4520","4.0217","40.3303"
"207.4720","4.0217","40.3303"
"207.4920","4.0217","40.3436"
"207.5120","4.0217","40.4114"
"207.5320","4.0217","40.4357"
"207.5520","4.0217","40.4236"
"207.5720","4.0217","40.3258"
"207.5920","4.0217","40.2989"
"207.6120","4.0217","40.2662"
"207.6320","4.0217","40.2952"
"207.6520","4.0217","40.3009"
"207.6720","4.0217","40.2792"
"207.6920","4.0217","40.2217"
"207.7120","4.0217","40.2322"
"207.7320","4.0217","40.2317"
"207.7520","4.0217","40.3149"
"207.7720","4.0217","40.3290"
"207.7920","4.0217","40.3417"
"207.8120","4.0217","40.3438"
"207.8320","4.0217","40.3449"
"207.8520","4.0217","40.3895"
"207.8720","4.0217","40.2931"
"207.8920","4.0217","40.2690"
"207.9120","4.0217","40.2273"
"207.9320","4.0217","40.2385"
"207.9520","4.0217","40.2379"
"207.9720","4.0217","40.3046"
"207.9920","4.0217","40.3498"
"208.0120","4.0217","40.2240"
"208.0320","4.0217","40.2684"
"208.0520","4.0217","40.2944"
"208.0720","4.0217","40.2407"
"208.0920","4.0217","40.2945"
"208.1120","4.0217","40.2501"
"208.1320","4.0217","40.3060"
"208.1520","4.0217","40.3407"
"208.1720","4.0217","40.3602"
"208.1920","4.0217","40.3530"
"208.2120","4.0217","40.3467"
"208.2320","4.0217","40.2834"
"208.2520","4.0217","40.1125"
"208.2720","4.0217","40.0882"
"208.2920","4.0217","40.2489"
"208.3120","4.0217","40.3246"
"208.3320","4.0217","40.3170"
"208.3520","4.0217","40.2160"
"208.3720","4.0217","40.2303"
"208.3920","4.0217","40.2608"
"208.4120","4.0217","40.2879"
"208.4320","4.0217","40.2958"
"208.4520","4.0217","40.3114"
"208.4720","4.0217","40.3545"
"208.4920","4.0217","40.2409"
"208.5120","4.0217","40.2310"
"208.5320","4.0217","40.1673"
"208.5520","4.0217","40.2062"
"208.5720","4.0217","40.2363"
"208.5920","4.0217","40.1976"
"208.6120","4.0217","40.2382"
"208.6320","4.0217","40.3023"
"208.6520","4.0217","40.3126"
"208.6720","4.0217","40.3146"
"208.6920","4.0217","40.2942"
"208.7120","4.0217","40.2660"
"208.7320","4.0217","40.3007"
"208.7520","4.0217","40.2633"
"208.7720","4.0217","40.2436"
"208.7920","4.0217","40.1651"
"208.8120","4.0217","40.1352"
"208.8320","4.0217","40.1724"
"208.8520","4.0217","40.1900"
"208.8720","4.0217","40.2325"
"208.8920","4.0217","40.2939"
"208.9120","4.0217","40.2566"
"208.9320","4.0217","40.2697"
"208.9520","4.0217","40.2786"
"208.9720","4.0217","40.3101"
"208.9920","4.0217","40.2492"
"209.0120","4.0217","40.2398"
"209.0320","4.0217","40.2158"
"209.0520","4.0217","40.1652"
"209.0720","4.0217","40.2080"
"209.0920","4.0217","40.1993"
"209.1120","4.0217","40.2222"
"209.1320","4.0217","40.2002"
"209.1520","4.0217","40.2586"
"209.1720","4.0217","40.2763"
"209.1920","4.0217","40.2943"
"209.2120","4.0217","40.3361"
"209.2320","4.0217","40.3336"
"209.2520","4.0217","40.3218"
"209.2720","4.0217","40.3400"
"209.2920","4.0217","40.3429"
"209.3120","4.0217","40.3516"
"209.3320","4.0217","40.2587"
"209.3520","4.0217","40.2205"
"209.3720","4.0217","40.2823"
"209.3920","4.0217","40.3386"
"209.4120","4.0217","40.3331"
"209.4320","4.0217","40.2233"
"209.4520","4.0217","40.2062"
"209.4720","4.0217","40.1963"
"209.4920","4.0217","40.1965"
"209.5120","4.0217","40.2044"
"209.5320","4.0217","40.2153"
"209.5520","4.0217","40.2292"
"209.5720","4.0217","40.2705"
"209.5920","4.0217","40.2508"
"209.6120","4.0217","40.2631"
"209.6320","4.0217","40.2478"
"209.6520","4.0217","40.2175"
"209.6720","4.0217","40.1906"
"209.6920","4.0217","40.3013"
"209.7120","4.0217","40.3009"
"209.7320","4.0217","40.1491"
"209.7520","4.0217","40.1562"
"209.7720","4.0217","40.1126"
"209.7920","4.0217","40.2103"
"209.8120","4.0217","40.2209"
"209.8320","4.0217","40.2492"
"209.8520","4.0217","40.2706"
"209.8720","4.0217","40.2325"
"209.8920","4.0217","40.2168"
"209.9120","4.0217","40.1967"
"209.9320","4.0217","40.2153"
"209.9520","4.0217","40.2255"
"209.9720","4.0217","40.1987"
"209.9920","4.0217","40.2516"
"210.0120","4.0217","40.3143"
"210.0320","4.0217","40.3503"
"210.0520","4.0217","40.3260"
"210.0720","4.0217","40.2378"
"210.0920","4.0217","40.0963"
"210.1120","4.0217","40.1351"
"210.1320","4.0217","40.2331"
"210.1520","4.0217","40.2004"
"210.1720","4.0217","40.2523"
"210.1920","4.0217","40.2525"
"210.2120","4.0217","40.2365"
"210.2320","4.0217","40.2052"
"210.2520","4.0217","40.1827"
"210.2720","4.0217","40.1626"
"210.2920","4.0217","40.1732"
"210.3120","4.0217","40.2345"
"210.3320","4.0217","40.2563"
"210.3520","4.0217","40.3020"
"210.3720","4.0217","40.3221"
"210.3920","4.0217","40.2619"
"210.4120","4.0217","40.2884"
"210.4320","4.0217","40.2518"
"210.4520","4.0217","40.2141"
"210.4720","4.0217","40.2455"
"210.4920","4.0217","40.2983"
"210.5120","4.0217","40.2668"
"210.5320","4.0217","40.2227"
"210.5520","4.0217","40.2380"
"210.5720","4.0217","40.3150"
"210.5920","4.0217","40.3422"
"210.6120","4.0217","40.2798"
"210.6320","4.0217","40.1598"
"210.6520","4.0217","40.0968"
"210.6720","4.0217","40.0628"
"210.6920","4.0217","40.1668"
"210.7120","4.0217","40.1918"
"210.7320","4.0217","40.2178"
"210.7520","4.0217","40.2406"
"210.7720","4.0217","40.3046"
"210.7920","4.0217","40.3370"
"210.8120","4.0217","40.2729"
"210.8320","4.0217","40.2887"
"210.8520","4.0217","40.2732"
"210.8720","4.0217","40.2654"
"210.8920","4.0217","40.2427"
"210.9120","4.0217","40.3121"
"210.9320","4.0217","40.2446"
"210.9520","4.0217","40.2767"
"210.9720","4.0217","40.3031"
"210.9920","4.0217","40.2603"
"211.0120","4.0217","40.1959"
"211.0320","4.0217","40.1681"
"211.0520","4.0217","40.2687"
"211.0720","4.0217","40.3143"
"211.0920","4.0217","40.2324"
"211.1120","4.0217","40.2185"
"211.1320","4.0217","40.2155"
"211.1520","4.0217","40.1877"
"211.1720","4.0217","40.1619"
"211.1920","4.0217","40.1983"
"211.2120","4.0217","40.2088"
"211.2320","4.0217","40.1528"
"211.2520","4.0217","40.2134"
"211.2720","4.0217","40.3133"
"211.2920","4.0217","40.2841"
"211.3120","4.0217","40.2452"
"211.3160","4.0217","40.2501"
"211.3170","4.0217","40.2515"
"211.3370","4.0217","40.2730"
"211.3570","4.0217","40.2096"
"211.3770","4.0217","40.1982"
"211.3970","4.0218","40.2504"
"211.4170","4.0218","40.3155"
"211.4370","4.0219","40.3005"
"211.4570","4.0221","40.2587"
"211.4770","4.0222","40.2883"
"211.4970","4.0221","40.3158"
"211.5170","4.0221","40.2757"
"211.5370","4.0222","40.2174"
"211.5570","4.0223","40.2210"
"211.5770","4.0226","40.2575"
"211.5970","4.0230","40.2499"
"211.6170","4.0235","40.2390"
"211.6370","4.0240","40.2156"
"211.6570","4.0244","40.2655"
"211.6770","4.0249","40.3640"
"211.6970","4.0253","40.2835"
"211.7170","4.0258","40.2194"
"211.7370","4.0262","40.1996"
"211.7570","4.0266","40.0954"
"211.7770","4.0269","40.1327"
"211.7970","4.0273","40.2636"
"211.8170","4.0278","40.2557"
"211.8370","4.0283","40.3488"
"211.8570","4.0287","40.3283"
"211.8770","4.0291","40.3517"
"211.8970","4.0295","40.3254"
"211.9170","4.0298","40.3393"
"211.9370","4.0301","40.3819"
"211.9570","4.0304","40.3706"
"211.9770","4.0308","40.3413"
"211.9970","4.0312","40.3071"
"212.0170","4.0315","40.2998"
"212.0370","4.0319","40.3176"
"212.0570","4.0322","40.3297"
"212.0770","4.0325","40.2765"
"212.0970","4.0327","40.2980"
"212.1170","4.0331","40.3358"
"212.1370","4.0334","40.3320"
"212.1570","4.0339","40.3685"
"212.1770","4.0343","40.3123"
"212.1970","4.0347","40.3940"
"212.2170","4.0350","40.3891"
"212.2370","4.0353","40.3895"
"212.2570","4.0355","40.3890"
"212.2770","4.0358","40.3235"
"212.2970","4.0360","40.3230"
"212.3170","4.0363","40.3967"
"212.3370","4.0367","40.4336"
"212.3570","4.0371","40.3727"
"212.3770","4.0374","40.3636"
"212.3970","4.0378","40.4060"
"212.4170","4.0381","40.3677"
"212.4370","4.0384","40.3837"
"212.4570","4.0387","40.4611"
"212.4770","4.0390","40.4815"
"212.4970","4.0394","40.4647"
"212.5170","4.0399","40.4281"
"212.5370","4.0402","40.3522"
"212.5570","4.0405","40.3978"
"212.5770","4.0408","40.4297"
"212.5970","4.0411","40.3623"
"212.6170","4.0413","40.4105"
"212.6370","4.0416","40.4619"
"212.6570","4.0419","40.5023"
"212.6770","4.0420","40.3655"
"212.6970","4.0419","40.4601"
"212.7170","4.0419","40.4683"
"212.7370","4.0417","40.4742"
"212.7570","4.0415","40.5728"
"212.7770","4.0412","40.5338"
"212.7970","4.0410","40.5227"
"212.8170","4.0408","40.5128"
"212.8370","4.0406","40.5375"
"212.8570","4.0404","40.5648"
"212.8770","4.0401","40.4406"
"212.8970","4.0398","40.4795"
"212.9170","4.0394","40.5018"
"212.9370","4.0390","40.4524"
"212.9570","4.0386","40.4562"
"212.9770","4.0382","40.3772"
"212.9970","4.0378","40.3396"
"213.0170","4.0375","40.3445"
"213.0370","4.0372","40.3617"
"213.0570","4.0369","40.3785"
"213.0770","4.0365","40.4279"
"213.0970","4.0362","40.4273"
"213.1170","4.0358","40.4679"
"213.1370","4.0354","40.4150"
"213.1570","4.0351","40.3773"
"213.1770","4.0348","40.2512"
"213.1970","4.0345","40.3140"
"213.2170","4.0341","40.3161"
"213.2370","4.0337","40.3285"
"213.2570","4.0333","40.3987"
"213.2770","4.0328","40.4404"
"213.2970","4.0324","40.3743"
"213.3170","4.0321","40.3715"
"213.3370","4.0318","40.3634"
"213.3570","4.0315","40.3532"
"213.3770","4.0313","40.3689"
"213.3970","4.0309","40.3676"
"213.4170","4.0306","40.3614"
"213.4370","4.0302","40.2881"
"213.4570","4.0298","40.3580"
"213.4770","4.0294","40.4139"
"213.4970","4.0291","40.3924"
"213.5170","4.0288","40.2657"
"213.5370","4.0285","40.3049"
"213.5570","4.0282","40.3058"
"213.5770","4.0278","40.2033"
"213.5970","4.0274","40.1592"
"213.6170","4.0270","40.1770"
"213.6370","4.0266","40.1713"
"213.6570","4.0262","40.1870"
"213.6770","4.0259","40.2538"
"213.6970","4.0257","40.2780"
"213.7170","4.0254","40.3129"
"213.7370","4.0252","40.2292"
"213.7570","4.0248","40.2377"
"213.7770","4.0245","40.1876"
"213.7970","4.0242","40.1790"
"213.8170","4.0238","40.3060"
"213.8370","4.0235","40.3121"
"213.8570","4.0233","40.1716"
"213.8770","4.0230","40.0976"
"213.8970","4.0227","40.1521"
"213.9170","4.0223","40.1898"
"213.9370","4.0219","40.2449"
"213.9570","4.0215","40.1610"
"213.9770","4.0211","40.1346"
"213.9970","4.0208","40.0929"
"214.0170","4.0205","40.0808"
"214.0370","4.0203","40.0976"
"214.0570","4.0201","40.1274"
"214.0770","4.0198","40.1018"
"214.0970","4.0195","40.0643"
"214.1170","4.0191","40.0524"
"214.1370","4.0187","40.1369"
"214.1570","4.0183","40.1959"
"214.1770","4.0180","40.0880"
"214.1970","4.0177","40.0385"
"214.2170","4.0174","40.0384"
"214.2370","4.0171","40.1256"
"214.2570","4.0167","40.0896"
"214.2770","4.0164","40.1518"
"214.2970","4.0160","40.1241"
"214.3170","4.0155","40.0574"
"214.3370","4.0152","40.0084"
"214.3570","4.0148","40.0167"
"214.3770","4.0145","40.0276"
"214.3970","4.0142","39.9987"
"214.4170","4.0139","39.9985"
"214.4370","4.0135","40.0476"
"214.4570","4.0132","40.0815"
"214.4770","4.0128","40.0826"
"214.4970","4.0125","40.0436"
"214.5170","4.0122","40.0256"
"214.5370","4.0119","39.9481"
"214.5570","4.0116","39.9445"
"214.5770","4.0113","39.9203"
"214.5970","4.0109","39.9406"
"214.6170","4.0105","40.0326"
"214.6370","4.0101","40.0568"
"214.6570","4.0097","40.0114"
"214.6770","4.0093","39.9801"
"214.6970","4.0090","39.9292"
"214.7170","4.0088","39.8696"
"214.7370","4.0086","39.8930"
"214.7570","4.0083","39.9465"
"214.7770","4.0079","39.9631"
"214.7970","4.0076","39.9116"
"214.8170","4.0072","39.8312"
"214.8370","4.0069","39.9047"
"214.8570","4.0065","39.9485"
"214.8770","4.0062","39.8731"
"214.8970","4.0059","39.8662"
"214.9170","4.0056","39.8755"
"214.9370","4.0053","39.8753"
"214.9570","4.0050","39.9358"
"214.9770","4.0046","39.9873"
"214.9970","4.0042","39.8994"
"215.0170","4.0038","39.9045"
"215.0370","4.0034","39.8667"
"215.0570","4.0031","39.8314"
"215.0770","4.0028","39.8288"
"215.0970","4.0025","39.8639"
"215.1170","4.0022","39.8917"
"215.1370","4.0018","39.8110"
"215.1570","4.0015","39.7411"
"215.1770","4.0011","39.7836"
"215.1970","4.0008","39.8700"
"215.2170","4.0005","39.9840"
"215.2370","4.0002","39.9056"
"215.2570","3.9999","39.8454"
"215.2770","3.9996","39.8571"
"215.2970","3.9992","39.8053"
"215.3170","3.9988","39.8375"
"215.3370","3.9984","39.9538"
"215.3570","3.9980","39.9081"
"215.3770","3.9977","39.8186"
"215.3970","3.9975","39.6471"
"215.4170","3.9972","39.6510"
"215.4370","3.9970","39.7552"
"215.4570","3.9967","39.7512"
"215.4770","3.9963","39.7964"
"215.4970","3.9959","39.8132"
"215.5170","3.9955","39.7898"
"215.5370","3.9952","39.7278"
"215.5570","3.9948","39.6718"
"215.5770","3.9945","39.6239"
"215.5970","3.9943","39.7242"
"215.6170","3.9940","39.7570"
"215.6370","3.9936","39.7435"
"215.6570","3.9933","39.7582"
"215.6770","3.9929","39.7811"
"215.6970","3.9924","39.8214"
"215.7170","3.9921","39.7870"
"215.7370","3.9917","39.7467"
"215.7570","3.9914","39.6984"
"215.7770","3.9911","39.7360"
"215.7970","3.9908","39.6424"
"215.8170","3.9905","39.6691"
"215.8370","3.9901","39.6899"
"215.8570","3.9898","39.7652"
"215.8770","3.9895","39.7510"
"215.8970","3.9892","39.7153"
"215.9170","3.9889","39.7096"
"215.9370","3.9886","39.7571"
"215.9570","3.9883","39.6910"
"215.9770","3.9880","39.6526"
"215.9970","3.9876","39.6350"
"216.0170","3.9871","39.6732"
"216.0370","3.9867","39.7573"
"216.0570","3.9863","39.7590"
"216.0770","3.9860","39.6894"
"216.0970","3.9858","39.6318"
"216.1170","3.9856","39.6034"
"216.1370","3.9853","39.5832"
"216.1570","3.9850","39.6304"
"216.1770","3.9846","39.5949"
"216.1970","3.9842","39.5611"
"216.2170","3.9839","39.5911"
"216.2370","3.9835","39.5819"
"216.2570","3.9832","39.5678"
"216.2770","3.9829","39.6643"
"216.2970","3.9826","39.6341"
"216.3170","3.9823","39.6040"
"216.3370","3.9820","39.5313"
"216.3570","3.9816","39.4882"
"216.3770","3.9812","39.5363"
"216.3970","3.9808","39.5599"
"216.4170","3.9804","39.5680"
"216.4370","3.9801","39.5834"
"216.4570","3.9798","39.6068"
"216.4770","3.9795","39.5788"
"216.4970","3.9792","39.5714"
"216.5170","3.9788","39.5105"
"216.5370","3.9785","39.4457"
"216.5570","3.9781","39.5347"
"216.5770","3.9778","39.5798"
"216.5970","3.9776","39.5298"
"216.6170","3.9773","39.5093"
"216.6370","3.9770","39.5133"
"216.6570","3.9767","39.5458"
"216.6770","3.9763","39.6042"
"216.6970","3.9758","39.6152"
"216.7170","3.9754","39.5924"
"216.7370","3.9750","39.5320"
"216.7570","3.9747","39.5146"
"216.7770","3.9744","39.5167"
"216.7970","3.9742","39.4104"
"216.8170","3.9739","39.4168"
"216.8370","3.9736","39.4887"
"216.8570","3.9733","39.5051"
"216.8770","3.9729","39.5328"
"216.8970","3.9725","39.5654"
"216.9170","3.9722","39.4573"
"216.9370","3.9719","39.4374"
"216.9570","3.9716","39.4727"
"216.9770","3.9713","39.4757"
"216.9970","3.9710","39.4144"
"217.0170","3.9707","39.4196"
"217.0370","3.9703","39.4554"
"217.0570","3.9699","39.4898"
"217.0770","3.9695","39.4821"
"217.0970","3.9691","39.4382"
"217.1170","3.9688","39.3578"
"217.1370","3.9684","39.3330"
"217.1570","3.9681","39.3357"
"217.1770","3.9678","39.3217"
"217.1970","3.9675","39.3766"
"217.2170","3.9671","39.3615"
"217.2370","3.9668","39.4424"
"217.2570","3.9664","39.3964"
"217.2770","3.9662","39.4135"
"217.2970","3.9659","39.3965"
"217.3170","3.9656","39.3656"
"217.3370","3.9653","39.3536"
"217.3570","3.9649","39.3485"
"217.3770","3.9645","39.3767"
"217.3970","3.9641","39.3981"
"217.4170","3.9637","39.4118"
"217.4370","3.9633","39.4181"
"217.4570","3.9630","39.4396"
"217.4770","3.9628","39.4129"
"217.4970","3.9626","39.3256"
"217.5170","3.9623","39.3379"
"217.5370","3.9620","39.3530"
"217.5570","3.9616","39.3415"
"217.5770","3.9612","39.3339"
"217.5970","3.9609","39.2844"
"217.6170","3.9605","39.2868"
"217.6370","3.9602","39.3878"
"217.6570","3.9599","39.4057"
"217.6770","3.9596","39.3682"
"217.6970","3.9593","39.2950"
"217.7170","3.9590","39.2930"
"217.7370","3.9586","39.2523"
"217.7570","3.9582","39.2320"
"217.7770","3.9578","39.2399"
"217.7970","3.9574","39.2822"
"217.8170","3.9571","39.2624"
"217.8370","3.9568","39.2067"
"217.8570","3.9565","39.2233"
"217.8770","3.9562","39.2859"
"217.8970","3.9558","39.2750"
"217.9170","3.9554","39.2359"
"217.9370","3.9551","39.2687"
"217.9570","3.9548","39.1900"
"217.9770","3.9546","39.1292"
"217.9970","3.9543","39.1160"
"218.0170","3.9540","39.2296"
"218.0370","3.9536","39.2395"
"218.0570","3.9533","39.2140"
"218.0770","3.9528","39.2117"
"218.0970","3.9524","39.2360"
"218.1170","3.9520","39.2205"
"218.1370","3.9517","39.2454"
"218.1570","3.9514","39.2200"
"218.1770","3.9512","39.1815"
"218.1970","3.9509","39.1713"
"218.2170","3.9506","39.2032"
"218.2370","3.9503","39.1212"
"218.2570","3.9499","39.1777"
"218.2770","3.9495","39.1311"
"218.2970","3.9492","39.1040"
"218.3170","3.9489","39.1153"
"218.3370","3.9486","39.1049"
"218.3570","3.9483","39.1235"
"218.3770","3.9480","39.1452"
"218.3970","3.9477","39.2050"
"218.4170","3.9473","39.1912"
"218.4370","3.9468","39.1090"
"218.4570","3.9464","39.0923"
"218.4770","3.9461","39.0965"
"218.4970","3.9457","39.0627"
"218.5170","3.9454","39.1341"
"218.5370","3.9451","39.1362"
"218.5570","3.9448","39.0095"
"218.5770","3.9445","38.9469"
"218.5970","3.9441","39.0464"
"218.6170","3.9438","39.1284"
"218.6370","3.9435","39.1527"
"218.6570","3.9432","39.1616"
"218.6770","3.9429","39.0966"
"218.6970","3.9426","39.0761"
"218.7170","3.9423","39.0515"
"218.7370","3.9419","39.0789"
"218.7570","3.9415","39.0466"
"218.7770","3.9411","38.9844"
"218.7970","3.9407","39.0186"
"218.8170","3.9403","38.9835"
"218.8370","3.9401","38.9559"
"218.8570","3.9398","38.9931"
"218.8770","3.9396","39.0422"
"218.8970","3.9393","39.0163"
"218.9170","3.9389","39.0459"
"218.9370","3.9386","39.0585"
"218.9570","3.9382","39.0335"
"218.9770","3.9378","39.0014"
"218.9970","3.9375","38.9970"
"219.0170","3.9372","38.9977"
"219.0370","3.9369","39.0416"
"219.0570","3.9366","38.9648"
"219.0770","3.9363","38.9592"
"219.0970","3.9360","38.9412"
"219.1170","3.9356","38.9653"
"219.1370","3.9352","38.9571"
"219.1570","3.9348","38.9104"
"219.1770","3.9344","38.9056"
"219.1970","3.9341","38.9726"
"219.2170","3.9338","39.0354"
"219.2370","3.9335","38.9625"
"219.2570","3.9332","38.9351"
"219.2770","3.9328","38.8930"
"219.2970","3.9325","38.9609"
"219.3170","3.9321","38.9266"
"219.3370","3.9319","38.8703"
"219.3570","3.9316","38.9783"
"219.3770","3.9313","38.9547"
"219.3970","3.9310","38.9171"
"219.4170","3.9306","38.8986"
"219.4370","3.9302","38.8579"
"219.4570","3.9298","38.8906"
"219.4770","3.9294","38.8726"
"219.4970","3.9290","38.8525"
"219.5170","3.9287","38.8286"
"219.5370","3.9285","38.8591"
"219.5570","3.9282","38.8408"
"219.5770","3.9279","38.8966"
"219.5970","3.9276","38.8805"
"219.6170","3.9273","38.8917"
"219.6370","3.9269","38.8184"
"219.6570","3.9265","38.8194"
"219.6770","3.9262","38.8725"
"219.6970","3.9259","38.8500"
"219.7170","3.9256","38.8044"
"219.7370","3.9253","38.8212"
"219.7570","3.9250","38.8412"
"219.7770","3.9247","38.7866"
"219.7970","3.9243","38.8336"
"219.8170","3.9239","38.8371"
"219.8370","3.9234","38.8925"
"219.8570","3.9231","38.8882"
"219.8770","3.9228","38.9118"
"219.8970","3.9225","38.8198"
"219.9170","3.9222","38.7385"
"219.9370","3.9219","38.7281"
"219.9570","3.9215","38.7974"
"219.9770","3.9212","38.8695"
"219.9970","3.9208","38.8679"
"220.0170","3.9205","38.7548"
"220.0370","3.9202","38.7383"
"220.0570","3.9199","38.8060"
"220.0770","3.9196","38.8438"
"220.0970","3.9193","38.7598"
"220.1170","3.9189","38.8003"
"220.1370","3.9185","38.8125"
"220.1570","3.9181","38.7876"
"220.1770","3.9177","38.7593"
"220.1970","3.9174","38.7155"
"220.2170","3.9171","38.6897"
"220.2370","3.9169","38.6971"
"220.2570","3.9166","38.6842"
"220.2770","3.9163","38.7673"
"220.2970","3.9159","38.7457"
"220.3170","3.9156","38.7505"
"220.3370","3.9152","38.7225"
"220.3570","3.9148","38.6949"
"220.3770","3.9145","38.6858"
"220.3970","3.9142","38.6332"
"220.4170","3.9139","38.6061"
"220.4370","3.9136","38.7140"
"220.4570","3.9133","38.7140"
"220.4770","3.9129","38.6599"
"220.4970","3.9125","38.6820"
"220.5170","3.9121","38.6639"
"220.5370","3.9117","38.6262"
"220.5570","3.9114","38.6787"
"220.5770","3.9111","38.6432"
"220.5970","3.9108","38.6643"
"220.6170","3.9105","38.6667"
"220.6370","3.9102","38.5736"
"220.6570","3.9098","38.4490"
"220.6770","3.9095","38.4514"
"220.6970","3.9092","38.5127"
"220.7170","3.9089","38.5380"
"220.7370","3.9086","38.5876"
"220.7570","3.9083","38.6264"
"220.7770","3.9080","38.6223"
"220.7970","3.9076","38.6802"
"220.8170","3.9072","38.7078"
"220.8370","3.9067","38.6729"
"220.8570","3.9063","38.5745"
"220.8770","3.9060","38.4818"
"220.8970","3.9057","38.4963"
"220.9170","3.9055","38.4811"
"220.9370","3.9052","38.5306"
"220.9570","3.9049","38.5181"
"220.9770","3.9046","38.5149"
"220.9970","3.9043","38.6566"
"221.0170","3.9039","38.6816"
"221.0370","3.9035","38.6421"
"221.0570","3.9032","38.5683"
"221.0770","3.9028","38.5164"
"221.0970","3.9026","38.4699"
"221.1170","3.9023","38.4697"
"221.1370","3.9020","38.4859"
"221.1570","3.9016","38.5380"
"221.1770","3.9012","38.5043"
"221.1970","3.9008","38.5092"
"221.2170","3.9004","38.5087"
"221.2370","3.9000","38.4884"
"221.2570","3.8997","38.4524"
"221.2770","3.8995","38.5286"
"221.2970","3.8992","38.5647"
"221.3170","3.8989","38.4895"
"221.3370","3.8985","38.4111"
"221.3570","3.8982","38.3840"
"221.3770","3.8978","38.4515"
"221.3970","3.8975","38.4890"
"221.4170","3.8972","38.4597"
"221.4370","3.8970","38.5249"
"221.4570","3.8967","38.5430"
"221.4770","3.8963","38.4600"
"221.4970","3.8959","38.4836"
"221.5170","3.8955","38.5045"
"221.5370","3.8950","38.4639"
"221.5570","3.8946","38.4767"
"221.5770","3.8943","38.4055"
"221.5970","3.8941","38.4136"
"221.6170","3.8939","38.4346"
"221.6370","3.8936","38.4687"
"221.6570","3.8933","38.4331"
"221.6770","3.8930","38.3810"
"221.6970","3.8926","38.3975"
"221.7170","3.8922","38.4151"
"221.7370","3.8918","38.4329"
"221.7570","3.8915","38.3569"
"221.7770","3.8912","38.3683"
"221.7970","3.8909","38.3718"
"221.8170","3.8906","38.3274"
"221.8370","3.8903","38.3760"
"221.8570","3.8899","38.3308"
"221.8770","3.8895","38.4015"
"221.8970","3.8891","38.4208"
"221.9170","3.8887","38.3584"
"221.9370","3.8884","38.3036"
"221.9570","3.8881","38.3552"
"221.9770","3.8878","38.3215"
"221.9970","3.8875","38.3306"
"222.0170","3.8872","38.3057"
"222.0370","3.8868","38.2875"
"222.0570","3.8865","38.2272"
"222.0770","3.8862","38.2656"
"222.0970","3.8859","38.2634"
"222.1170","3.8856","38.3137"
"222.1370","3.8853","38.3554"
"222.1570","3.8850","38.3703"
"222.1770","3.8846","38.2781"
"222.1970","3.8842","38.2555"
"222.2170","3.8838","38.2713"
"222.2370","3.8833","38.2649"
"222.2570","3.8830","38.2467"
"222.2770","3.8827","38.2164"
"222.2970","3.8825","38.2549"
"222.3170","3.8823","38.1929"
"222.3370","3.8820","38.2188"
"222.3570","3.8816","38.2561"
"222.3770","3.8813","38.2586"
"222.3970","3.8809","38.2557"
"222.4170","3.8805","38.1662"
"222.4370","3.8802","38.1212"
"222.4570","3.8799","38.1347"
"222.4770","3.8796","38.1902"
"222.4970","3.8793","38.2400"
"222.5170","3.8790","38.3031"
"222.5370","3.8786","38.3622"
"222.5570","3.8782","38.3468"
"222.5770","3.8778","38.1819"
"222.5970","3.8774","38.2035"
"222.6170","3.8771","38.1887"
"222.6370","3.8768","38.1642"
"222.6570","3.8765","38.1833"
"222.6770","3.8762","38.1717"
"222.6970","3.8759","38.1996"
"222.7170","3.8755","38.1550"
"222.7370","3.8752","38.1811"
"222.7570","3.8748","38.2064"
"222.7770","3.8745","38.2329"
"222.7970","3.8742","38.1396"
"222.8170","3.8739","38.0813"
"222.8370","3.8737","38.1976"
"222.8570","3.8733","38.1903"
"222.8770","3.8729","38.1912"
"222.8970","3.8725","38.0729"
"222.9170","3.8721","38.0389"
"222.9370","3.8717","38.0655"
"222.9570","3.8714","38.1390"
"222.9770","3.8711","38.2666"
"222.9970","3.8709","38.1877"
"223.0170","3.8706","38.1119"
"223.0370","3.8703","38.1474"
"223.0570","3.8700","38.2539"
"223.0770","3.8696","38.2457"
"223.0970","3.8692","38.0693"
"223.1170","3.8688","37.9682"
"223.1370","3.8685","38.0257"
"223.1570","3.8682","38.0580"
"223.1770","3.8679","38.0670"
"223.1970","3.8676","38.0213"
"223.2170","3.8673","38.0144"
"223.2370","3.8669","38.0899"
"223.2570","3.8665","38.1068"
"223.2770","3.8661","38.1081"
"223.2970","3.8657","38.0681"
"223.3170","3.8654","38.0289"
"223.3370","3.8651","38.0106"
"223.3570","3.8648","37.9222"
"223.3770","3.8645","37.9592"
"223.3970","3.8642","38.0570"
"223.4170","3.8638","38.0421"
"223.4370","3.8635","37.9964"
"223.4570","3.8632","37.9979"
"223.4770","3.8629","37.9952"
"223.4970","3.8626","37.9736"
"223.5170","3.8623","38.0485"
"223.5370","3.8620","38.0416"
"223.5570","3.8616","38.0207"
"223.5770","3.8612","37.9435"
"223.5970","3.8607","37.9994"
"223.6170","3.8603","37.9909"
"223.6370","3.8600","38.0326"
"223.6570","3.8597","37.9819"
"223.6770","3.8595","37.9442"
"223.6970","3.8592","37.9286"
"223.7170","3.8590","37.9090"
"223.7370","3.8586","37.9117"
"223.7570","3.8583","37.9822"
"223.7770","3.8579","38.0654"
"223.7970","3.8575","37.9732"
"223.8170","3.8571","37.9472"
"223.8370","3.8568","37.9679"
"223.8570","3.8566","37.9291"
"223.8770","3.8563","37.8809"
"223.8970","3.8560","37.8857"
"223.9170","3.8556","37.9498"
"223.9370","3.8552","37.9445"
"223.9570","3.8548","37.8873"
"223.9770","3.8544","37.8978"
"223.9970","3.8528","37.8782"
"224.0170","3.8479","37.7099"
"224.0370","3.8408","37.6354"
"224.0570","3.8334","37.6060"
"224.0770","3.8257","37.5153"
"224.0970","3.8173","37.4667"
"224.1170","3.8083","37.3906"
"224.1370","3.7991","37.2677"
"224.1570","3.7902","37.1084"
"224.1770","3.7817","37.0185"
"224.1970","3.7733","36.9208"
"224.2170","3.7650","36.8018"
"224.2370","3.7566","36.6831"
"224.2570","3.7483","36.5183"
"224.2770","3.7400","36.3874"
"224.2970","3.7317","36.3538"
"224.3170","3.7233","36.2937"
"224.3370","3.7149","36.1923"
"224.3570","3.7065","36.1170"
"224.3770","3.6981","36.0069"
"224.3970","3.6898","35.9293"
"224.4170","3.6816","35.7761"
"224.4370","3.6733","35.7077"
"224.4570","3.6649","35.6032"
"224.4770","3.6565","35.4635"
"224.4970","3.6482","35.3489"
"224.5170","3.6399","35.3130"
"224.5370","3.6314","35.2020"
"224.5570","3.6231","35.1040"
"224.5770","3.6148","34.9843"
"224.5970","3.6066","34.9263"
"224.6170","3.5983","34.8170"
"224.6370","3.5899","34.7164"
"224.6570","3.5814","34.6117"
"224.6770","3.5731","34.5343"
"224.6970","3.5648","34.4626"
"224.7170","3.5566","34.3952"
"224.7370","3.5483","34.3283"
"224.7570","3.5399","34.2258"
"224.7770","3.5315","34.1085"
"224.7970","3.5230","33.9954"
"224.8170","3.5147","33.8728"
"224.8370","3.5065","33.8394"
"224.8570","3.4983","33.7741"
"224.8770","3.4900","33.6420"
"224.8970","3.4816","33.5460"
"224.9170","3.4732","33.5064"
"224.9370","3.4648","33.4714"
"224.9570","3.4565","33.3273"
"224.9770","3.4482","33.2284"
"224.9970","3.4400","33.0364"
"225.0170","3.4316","32.9456"
"225.0370","3.4233","32.7960"
"225.0570","3.4149","32.7942"
"225.0770","3.4065","32.6721"
"225.0970","3.3981","32.5349"
"225.1170","3.3898","32.4274"
"225.1370","3.3816","32.3483"
"225.1570","3.3733","32.2856"
"225.1770","3.3650","32.1680"
"225.1970","3.3566","32.0884"
"225.2170","3.3481","32.0941"
"225.2370","3.3397","31.9953"
"225.2570","3.3314","31.8030"
"225.2770","3.3232","31.7052"
"225.2970","3.3149","31.6258"
"225.3170","3.3066","31.5771"
"225.3370","3.2982","31.3303"
"225.3570","3.2898","31.1768"
"225.3770","3.2814","31.1389"
"225.3970","3.2732","31.0873"
"225.4170","3.2649","30.9868"
"225.4370","3.2567","30.9405"
"225.4570","3.2483","30.8647"
"225.4770","3.2399","30.8173"
"225.4970","3.2315","30.7533"
"225.5170","3.2231","30.5378"
"225.5370","3.2148","30.4504"
"225.5570","3.2066","30.4014"
"225.5770","3.1983","30.3344"
"225.5970","3.1900","30.1864"
"225.6170","3.1817","30.0781"
"225.6370","3.1732","30.0012"
"225.6570","3.1648","29.9213"
"225.6770","3.1564","29.8200"
"225.6970","3.1481","29.7082"
"225.7170","3.1399","29.5248"
"225.7370","3.1316","29.4668"
"225.7570","3.1232","29.3736"
"225.7770","3.1148","29.3179"
"225.7970","3.1064","29.2685"
"225.8170","3.0981","29.1220"
"225.8370","3.0898","29.0770"
"225.8570","3.0815","28.9559"
"225.8770","3.0732","28.8816"
"225.8970","3.0649","28.7600"
"225.9170","3.0566","28.6955"
"225.9370","3.0482","28.6091"
"225.9570","3.0398","28.5490"
"225.9770","3.0315","28.4668"
"225.9970","3.0232","28.3615"
"226.0170","3.0150","28.2582"
"226.0370","3.0067","28.1670"
"226.0570","2.9983","28.1080"
"226.0770","2.9899","27.9976"
"226.0970","2.9815","27.9284"
"226.1170","2.9731","27.7507"
"226.1370","2.9649","27.6367"
"226.1570","2.9566","27.4696"
"226.1770","2.9483","27.3915"
"226.1970","2.9399","27.3507"
"226.2170","2.9315","27.2937"
"226.2370","2.9231","27.1675"
"226.2570","2.9148","27.0958"
"226.2770","2.9065","27.0310"
"226.2970","2.8982","26.9341"
"226.3170","2.8899","26.8023"
"226.3370","2.8816","26.6794"
"226.3570","2.8732","26.5884"
"226.3770","2.8648","26.5010"
"226.3970","2.8564","26.4511"
"226.4170","2.8481","26.3990"
"226.4370","2.8398","26.2749"
"226.4570","2.8315","26.1021"
"226.4770","2.8232","26.0735"
"226.4970","2.8149","26.0184"
"226.5170","2.8065","25.9285"
"226.5370","2.7982","25.7382"
"226.5570","2.7898","25.6728"
"226.5770","2.7816","25.5667"
"226.5970","2.7733","25.4902"
"226.6170","2.7650","25.4534"
"226.6370","2.7566","25.3410"
"226.6570","2.7482","25.2586"
"226.6770","2.7398","25.1688"
"226.6970","2.7315","25.0208"
"226.7170","2.7232","25.0083"
"226.7370","2.7149","24.8775"
"226.7570","2.7066","24.7107"
"226.7770","2.6983","24.5569"
"226.7970","2.6899","24.5024"
"226.8170","2.6815","24.5195"
"226.8370","2.6731","24.4669"
"226.8570","2.6648","24.3488"
"226.8770","2.6566","24.1442"
"226.8970","2.6484","24.1329"
"226.9170","2.6400","24.0489"
"226.9370","2.6315","23.8872"
"226.9570","2.6231","23.7848"
"226.9770","2.6147","23.7551"
"226.9970","2.6065","23.6765"
"227.0170","2.5982","23.5893"
"227.0370","2.5899","23.4455"
"227.0570","2.5816","23.3322"
"227.0770","2.5732","23.2489"
"227.0970","2.5648","23.1310"
"227.1170","2.5565","23.0677"
"227.1370","2.5482","22.9552"
"227.1570","2.5399","22.8398"
"227.1770","2.5316","22.7615"
"227.1970","2.5233","22.6349"
"227.2170","2.5150","22.5050"
"227.2370","2.5065","22.4097"
"227.2570","2.4981","22.5038"
"227.2770","2.4898","22.3874"
"227.2970","2.4815","22.1977"
"227.3170","2.4733","22.1341"
"227.3370","2.4650","22.1118"
"227.3570","2.4566","22.0009"
"227.3770","2.4481","21.8949"
"227.3970","2.4397","21.7340"
"227.4170","2.4314","21.6072"
"227.4370","2.4232","21.5246"
"227.4570","2.4149","21.4907"
"227.4770","2.4066","21.4498"
"227.4970","2.3983","21.2987"
"227.5170","2.3898","21.2649"
"227.5370","2.3814","21.2116"
"227.5570","2.3731","21.0564"
"227.5770","2.3647","20.9752"
"227.5970","2.3565","20.8604"
"227.6170","2.3482","20.7533"
"227.6370","2.3400","20.6899"
"227.6570","2.3316","20.5594"
"227.6770","2.3232","20.5021"
"227.6970","2.3148","20.3778"
"227.7170","2.3065","20.2591"
"227.7370","2.2982","20.1846"
"227.7570","2.2900","20.1389"
"227.7770","2.2816","20.0996"
"227.7970","2.2732","19.9375"
"227.8170","2.2648","19.7372"
"227.8370","2.2565","19.6251"
"227.8570","2.2483","19.5749"
"227.8770","2.2400","19.5219"
"227.8970","2.2316","19.4729"
"227.9170","2.2233","19.4146"
"227.9370","2.2149","19.3603"
"227.9570","2.2065","19.1896"
"227.9770","2.1981","19.1761"
"227.9970","2.1898","19.1765"
"228.0170","2.1815","18.9796"
"228.0370","2.1733","18.8419"
"228.0570","2.1650","18.7162"
"228.0770","2.1566","18.5755"
"228.0970","2.1482","18.4869"
"228.1170","2.1397","18.4228"
"228.1370","2.1314","18.3878"
"228.1570","2.1231","18.3692"
"228.1770","2.1149","18.2822"
"228.1970","2.1066","18.1067"
"228.2170","2.0982","18.0019"
"228.2370","2.0898","17.9047"
"228.2570","2.0814","17.7021"
"228.2770","2.0731","17.6503"
"228.2970","2.0648","17.6111"
"228.3170","2.0566","17.4514"
"228.3370","2.0483","17.3812"
"228.3570","2.0399","17.3560"
"228.3770","2.0316","17.3043"
"228.3970","2.0232","17.2005"
"228.4170","2.0149","17.0822"
"228.4370","2.0065","17.0231"
"228.4570","1.9982","16.9219"
"228.4770","1.9899","16.7997"
"228.4970","1.9816","16.7173"
"228.5170","1.9733","16.6261"
"228.5370","1.9648","16.5743"
"228.5570","1.9564","16.4647"
"228.5770","1.9481","16.3128"
"228.5970","1.9399","16.2454"
"228.6170","1.9316","16.1288"
"228.6370","1.9233","16.0840"
"228.6570","1.9149","16.0560"
"228.6770","1.9065","15.9717"
"228.6970","1.8981","15.8824"
"228.7170","1.8898","15.6760"
"228.7370","1.8815","15.6190"
"228.7570","1.8732","15.5163"
"228.7770","1.8649","15.4385"
"228.7970","1.8566","15.3355"
"228.8170","1.8483","15.3287"
"228.8370","1.8399","15.2616"
"228.8570","1.8315","15.1405"
"228.8770","1.8231","15.1102"
"228.8970","1.8149","14.9702"
"228.9170","1.8067","14.8611"
"228.9370","1.7984","14.7129"
"228.9570","1.7900","14.6375"
"228.9770","1.7815","14.5449"
"228.9970","1.7731","14.4952"
"229.0170","1.7648","14.4161"
"229.0370","1.7566","14.3479"
"229.0570","1.7483","14.2942"
"229.0770","1.7399","14.2384"
"229.0970","1.7315","14.1930"
"229.1170","1.7231","14.0586"
"229.1370","1.7148","13.8730"
"229.1570","1.7065","13.7746"
"229.1770","1.6981","13.6912"
"229.1970","1.6899","13.6027"
"229.2170","1.6816","13.4842"
"229.2370","1.6733","13.4828"
"229.2570","1.6649","13.3409"
"229.2770","1.6564","13.1807"
"229.2970","1.6480","13.1106"
"229.3170","1.6397","13.0520"
"229.3370","1.6315","13.0536"
"229.3570","1.6233","13.0087"
"229.3770","1.6150","12.9428"
"229.3970","1.6066","12.7750"
"229.4170","1.5981","12.6130"
"229.4370","1.5898","12.4392"
"229.4570","1.5815","12.2634"
"229.4770","1.5733","12.3085"
"229.4970","1.5650","12.2921"
"229.5170","1.5567","12.2311"
"229.5370","1.5483","12.0909"
"229.5570","1.5399","12.0351"
"229.5770","1.5315","11.9911"
"229.5970","1.5232","11.8453"
"229.6170","1.5149","11.7098"
"229.6370","1.5066","11.6302"
"229.6570","1.4983","11.5857"
"229.6770","1.4899","11.4913"
"229.6970","1.4815","11.3973"
"229.7170","1.4731","11.2589"
"229.7370","1.4648","11.2059"
"229.7570","1.4566","11.1579"
"229.7770","1.4483","11.0599"
"229.7970","1.4400","10.9428"
"229.8170","1.4316","10.8452"
"229.8370","1.4231","10.7192"
"229.8570","1.4147","10.6476"
"229.8770","1.4064","10.5300"
"229.8970","1.3982","10.5720"
"229.9170","1.3899","10.4390"
"229.9370","1.3816","10.2733"
"229.9570","1.3732","10.2250"
"229.9770","1.3649","10.1517"
"229.9970","1.3565","10.1158"
"230.0170","1.3481","9.9450"
"230.0370","1.3398","9.8575"
"230.0570","1.3316","9.7794"
"230.0770","1.3233","9.6577"
"230.0970","1.3150","9.6247"
"230.1170","1.3066","9.5089"
"230.1370","1.2982","9.4242"
"230.1570","1.2898","9.3559"
"230.1770","1.2815","9.3050"
"230.1970","1.2732","9.2140"
"230.2170","1.2650","9.0486"
"230.2370","1.2566","8.9349"
"230.2570","1.2482","8.9476"
"230.2770","1.2397","8.8835"
"230.2970","1.2314","8.8016"
"230.3170","1.2232","8.8844"
"230.3370","1.2149","9.1630"
"230.3570","1.2066","9.2169"
"230.3770","1.1983","9.1514"
"230.3970","1.1899","9.1307"
"230.4170","1.1815","9.0551"
"230.4370","1.1731","8.9803"
"230.4570","1.1647","8.9864"
"230.4770","1.1564","8.8957"
"230.4970","1.1482","8.7269"
"230.5170","1.1399","8.6264"
"230.5370","1.1316","8.5980"
"230.5570","1.1232","8.5663"
"230.5770","1.1148","8.4900"
"230.5970","1.1064","8.3727"
"230.6170","1.0982","8.2840"
"230.6370","1.0899","8.1960"
"230.6570","1.0816","8.0662"
"230.6770","1.0733","8.0004"
"230.6970","1.0649","7.9723"
"230.7170","1.0565","7.8942"
"230.7370","1.0482","7.7765"
"230.7570","1.0399","7.7367"
"230.7770","1.0316","7.6409"
"230.7970","1.0233","7.5200"
"230.8170","1.0150","7.4052"
"230.8370","1.0066","7.3274"
"230.8570","0.9982","7.2036"
"230.8770","0.9898","7.1347"
"230.8970","0.9815","7.1492"
"230.9170","0.9732","7.0646"
"230.9370","0.9649","6.7882"
"230.9570","0.9566","6.6105"
"230.9770","0.9482","6.5692"
"230.9970","0.9398","6.5440"
"231.0170","0.9313","6.4273"
"231.0370","0.9230","6.3235"
"231.0570","0.9148","6.2757"
"231.0770","0.9066","6.1839"
"231.0970","0.8983","6.1734"
"231.1170","0.8899","6.0669"
"231.1370","0.8815","6.0165"
"231.1570","0.8731","5.9027"
"231.1770","0.8648","5.8010"
"231.1970","0.8565","5.7306"
"231.2170","0.8482","5.6093"
"231.2370","0.8399","5.4421"
"231.2570","0.8316","5.3272"
"231.2770","0.8233","5.3572"
"231.2970","0.8149","5.2866"
"231.3170","0.8065","5.1703"
"231.3370","0.7982","5.0453"
"231.3570","0.7899","4.9837"
"231.3770","0.7817","4.9359"
"231.3970","0.7734","4.9928"
"231.4170","0.7669","5.0393"
"231.4370","0.7640","5.0613"
"231.4570","0.7642","4.9901"
"231.4770","0.7654","4.9945"
"231.4970","0.7666","4.9905"
"231.5170","0.7676","4.8640"
"231.5370","0.7682","4.8807"
"231.5570","0.7687","4.8982"
"231.5770","0.7688","4.9796"
"231.5970","0.7689","4.9628"
"231.6170","0.7689","5.0331"
"231.6370","0.7688","5.0027"
"231.6570","0.7688","4.9527"
"231.6770","0.7688","4.9950"
"231.6970","0.7687","5.0376"
"231.7170","0.7685","5.0269"
"231.7370","0.7683","5.0597"
"231.7570","0.7680","5.0445"
"231.7770","0.7675","5.0134"
"231.7970","0.7670","4.9647"
"231.8170","0.7665","4.9867"
"231.8370","0.7661","4.9866"
"231.8570","0.7657","4.9792"
"231.8770","0.7653","4.9820"
"231.8970","0.7649","5.0000"
"231.9170","0.7645","4.9553"
"231.9370","0.7641","4.9734"
"231.9570","0.7637","5.0527"
"231.9770","0.7633","5.0573"
"231.9970","0.7630","5.0480"
"232.0170","0.7627","5.0411"
"232.0370","0.7623","4.9299"
"232.0570","0.7619","4.8703"
"232.0770","0.7614","4.9120"
"232.0970","0.7610","4.9293"
"232.1170","0.7606","4.9965"
"232.1370","0.7603","4.9860"
"232.1570","0.7601","4.9173"
"232.1770","0.7599","4.8900"
"232.1970","0.7596","4.9164"
"232.2170","0.7592","4.8932"
"232.2370","0.7588","4.9705"
"232.2570","0.7584","5.0650"
"232.2770","0.7580","4.9805"
"232.2970","0.7577","4.9236"
"232.3170","0.7574","4.9162"
"232.3370","0.7571","4.9706"
"232.3570","0.7568","4.9595"
"232.3770","0.7565","5.0074"
"232.3970","0.7561","4.9781"
"232.4170","0.7558","4.9230"
"232.4370","0.7553","4.9052"
"232.4570","0.7549","4.9156"
"232.4770","0.7546","4.8627"
"232.4970","0.7543","4.8670"
"232.5170","0.7540","4.9529"
"232.5370","0.7537","4.9454"
"232.5570","0.7534","4.8934"
"232.5770","0.7531","4.9428"
"232.5970","0.7527","4.9685"
"232.6170","0.7524","4.9624"
"232.6370","0.7521","4.8609"
"232.6570","0.7518","4.8270"
"232.6770","0.7515","4.8277"
"232.6970","0.7512","4.8585"
"232.7170","0.7509","4.8424"
"232.7370","0.7505","4.8177"
"232.7570","0.7500","4.7787"
"232.7770","0.7496","4.8418"
"232.7970","0.7492","4.9373"
"232.8170","0.7489","4.9212"
"232.8370","0.7487","4.8294"
"232.8570","0.7484","4.8326"
"232.8770","0.7482","4.8734"
"232.8970","0.7479","4.8127"
"232.9170","0.7475","4.8272"
"232.9370","0.7471","4.8416"
"232.9570","0.7468","4.8535"
"232.9770","0.7464","4.8671"
"232.9970","0.7461","4.8494"
"233.0170","0.7458","4.8144"
"233.0370","0.7455","4.7823"
"233.0570","0.7452","4.8768"
"233.0770","0.7449","4.9325"
"233.0970","0.7445","4.9236"
"233.1170","0.7441","4.8511"
"233.1370","0.7437","4.8000"
"233.1570","0.7433","4.7764"
"233.1770","0.7430","4.8535"
"233.1970","0.7427","4.8648"
"233.2170","0.7424","4.8625"
"233.2370","0.7421","4.8075"
"233.2570","0.7417","4.8312"
"233.2770","0.7414","4.8445"
"233.2970","0.7411","4.8225"
"233.3170","0.7407","4.8201"
"233.3370","0.7404","4.7658"
"233.3570","0.7401","4.6803"
"233.3770","0.7399","4.7074"
"233.3970","0.7395","4.8458"
"233.4170","0.7392","4.8999"
"233.4370","0.7388","4.8905"
"233.4570","0.7383","4.7964"
"233.4770","0.7379","4.7846"
"233.4970","0.7375","4.7787"
"233.5170","0.7373","4.7990"
"233.5370","0.7371","4.7556"
"233.5570","0.7368","4.8360"
"233.5770","0.7365","4.8430"
"233.5970","0.7362","4.7986"
"233.6170","0.7358","4.7380"
"233.6370","0.7354","4.7900"
"233.6570","0.7350","4.7834"
"233.6770","0.7347","4.6571"
"233.6970","0.7344","4.6950"
"233.7170","0.7341","4.6915"
"233.7370","0.7338","4.7613"
"233.7570","0.7335","4.7932"
"233.7770","0.7331","4.8038"
"233.7970","0.7327","4.8120"
"233.8170","0.7323","4.7953"
"233.8370","0.7319","4.8035"
"233.8570","0.7316","4.8098"
"233.8770","0.7313","4.7882"
"233.8970","0.7310","4.7595"
"233.9170","0.7307","4.6556"
"233.9370","0.7304","4.6359"
"233.9570","0.7301","4.6543"
"233.9770","0.7297","4.7054"
"233.9970","0.7294","4.7373"
"234.0170","0.7291","4.7078"
"234.0370","0.7288","4.7780"
"234.0570","0.7285","4.8764"
"234.0770","0.7282","4.7746"
"234.0970","0.7279","4.7636"
"234.1170","0.7275","4.7472"
"234.1370","0.7270","4.7214"
"234.1570","0.7266","4.6859"
"234.1770","0.7262","4.6026"
"234.1970","0.7259","4.6666"
"234.2170","0.7257","4.7639"
"234.2370","0.7254","4.7556"
"234.2570","0.7252","4.6780"
"234.2770","0.7248","4.7431"
"234.2970","0.7245","4.7872"
"234.3170","0.7241","4.7566"
"234.3370","0.7237","4.7360"
"234.3570","0.7233","4.7200"
"234.3770","0.7230","4.6788"
"234.3970","0.7228","4.6975"
"234.4170","0.7225","4.7580"
"234.4370","0.7222","4.7904"
"234.4570","0.7218","4.7520"
"234.4770","0.7215","4.6527"
"234.4970","0.7210","4.6479"
"234.5170","0.7206","4.6275"
"234.5370","0.7203","4.6164"
"234.5570","0.7199","4.6061"
"234.5770","0.7196","4.7022"
"234.5970","0.7193","4.6902"
"234.6170","0.7190","4.7068"
"234.6370","0.7187","4.7062"
"234.6570","0.7183","4.6990"
"234.6770","0.7180","4.6893"
"234.6970","0.7177","4.6464"
"234.7170","0.7174","4.6377"
"234.7370","0.7171","4.6203"
"234.7570","0.7168","4.5986"
"234.7770","0.7165","4.6256"
"234.7970","0.7162","4.6476"
"234.8170","0.7157","4.6390"
"234.8370","0.7153","4.6960"
"234.8570","0.7149","4.6640"
"234.8770","0.7146","4.5922"
"234.8970","0.7143","4.6116"
"234.9170","0.7141","4.6734"
"234.9370","0.7138","4.7010"
"234.9570","0.7135","4.7097"
"234.9770","0.7131","4.7146"
"234.9970","0.7128","4.7702"
"235.0170","0.7124","4.8302"
"235.0370","0.7120","4.7304"
"235.0570","0.7117","4.7373"
"235.0770","0.7114","4.7817"
"235.0970","0.7111","4.7429"
"235.1170","0.7108","4.6501"
"235.1370","0.7105","4.6880"
"235.1570","0.7101","4.6697"
"235.1770","0.7097","4.5326"
"235.1970","0.7093","4.5241"
"235.2170","0.7090","4.6217"
"235.2370","0.7086","4.6988"
"235.2570","0.7083","4.7141"
"235.2770","0.7080","4.6692"
"235.2970","0.7077","4.5142"
"235.3170","0.7074","4.5281"
"235.3370","0.7070","4.5991"
"235.3570","0.7067","4.6528"
"235.3770","0.7064","4.5731"
"235.3970","0.7060","4.5573"
"235.4170","0.7058","4.6122"
"235.4370","0.7055","4.6060"
"235.4570","0.7052","4.6940"
"235.4770","0.7048","4.7009"
"235.4970","0.7044","4.6405"
"235.5170","0.7040","4.6181"
"235.5370","0.7036","4.6132"
"235.5570","0.7032","4.6566"
"235.5770","0.7029","4.6851"
"235.5970","0.7027","4.6181"
"235.6170","0.7024","4.5690"
"235.6370","0.7021","4.5841"
"235.6570","0.7018","4.6824"
"235.6770","0.7015","4.6845"
"235.6970","0.7011","4.7176"
"235.7170","0.7007","4.6154"
"235.7370","0.7004","4.5877"
"235.7570","0.7001","4.6649"
"235.7770","0.6998","4.6524"
"235.7970","0.6995","4.5996"
"235.8170","0.6992","4.6292"
"235.8370","0.6988","4.5910"
"235.8570","0.6984","4.5773"
"235.8770","0.6980","4.5945"
"235.8970","0.6976","4.5557"
"235.9170","0.6973","4.5428"
"235.9370","0.6970","4.5116"
"235.9570","0.6967","4.5348"
"235.9770","0.6964","4.6180"
"235.9970","0.6961","4.6639"
"236.0170","0.6957","4.6203"
"236.0370","0.6954","4.6360"
"236.0570","0.6950","4.7125"
"236.0770","0.6947","4.6780"
"236.0970","0.6944","4.5619"
"236.1170","0.6941","4.5417"
"236.1370","0.6939","4.5941"
"236.1570","0.6935","4.5687"
"236.1770","0.6932","4.5667"
"236.1970","0.6927","4.5503"
"236.2170","0.6923","4.6136"
"236.2370","0.6919","4.6396"
"236.2570","0.6916","4.5641"
"236.2770","0.6913","4.5259"
"236.2970","0.6911","4.5320"
"236.3170","0.6908","4.5481"
"236.3370","0.6905","4.6391"
"236.3570","0.6902","4.6668"
"236.3770","0.6898","4.6379"
"236.3970","0.6894","4.6129"
"236.4170","0.6890","4.6044"
"236.4370","0.6887","4.6221"
"236.4570","0.6884","4.6288"
"236.4770","0.6881","4.5427"
"236.4970","0.6878","4.6120"
"236.5170","0.6875","4.5628"
"236.5370","0.6871","4.5493"
"236.5570","0.6867","4.5606"
"236.5770","0.6863","4.5436"
"236.5970","0.6859","4.5114"
"236.6170","0.6856","4.5149"
"236.6370","0.6853","4.5398"
"236.6570","0.6850","4.4944"
"236.6770","0.6847","4.4918"
"236.6970","0.6844","4.5148"
"236.7170","0.6840","4.5229"
"236.7370","0.6837","4.4971"
"236.7570","0.6834","4.5278"
"236.7770","0.6831","4.5419"
"236.7970","0.6828","4.4586"
"236.8170","0.6825","4.4798"
"236.8370","0.6822","4.5878"
"236.8570","0.6819","4.6530"
"236.8770","0.6815","4.6074"
"236.8970","0.6810","4.6074"
"236.9170","0.6806","4.6150"
"236.9370","0.6802","4.5224"
"236.9570","0.6800","4.4911"
"236.9770","0.6797","4.5071"
"236.9970","0.6795","4.5651"
"237.0170","0.6792","4.5259"
"237.0370","0.6789","4.5309"
"237.0570","0.6785","4.5500"
"237.0770","0.6781","4.5361"
"237.0970","0.6777","4.4184"
"237.1170","0.6774","4.4557"
"237.1370","0.6771","4.4342"
"237.1570","0.6768","4.4877"
"237.1770","0.6765","4.5585"
"237.1970","0.6762","4.5856"
"237.2170","0.6758","4.5398"
"237.2370","0.6754","4.4839"
"237.2570","0.6750","4.4897"
"237.2770","0.6746","4.4648"
"237.2970","0.6742","4.4906"
"237.3170","0.6739","4.5363"
"237.3370","0.6737","4.5963"
"237.3570","0.6734","4.5534"
"237.3770","0.6731","4.4233"
"237.3970","0.6727","4.4155"
"237.4170","0.6724","4.4300"
"237.4370","0.6720","4.4914"
"237.4570","0.6717","4.4878"
"237.4770","0.6714","4.4866"
"237.4970","0.6711","4.4826"
"237.5170","0.6709","4.5157"
"237.5370","0.6705","4.4669"
"237.5570","0.6701","4.4435"
"237.5770","0.6697","4.4357"
"237.5970","0.6693","4.4198"
"237.6170","0.6689","4.5147"
"237.6370","0.6686","4.5331"
"237.6570","0.6683","4.5180"
"237.6770","0.6681","4.5304"
"237.6970","0.6678","4.5369"
"237.7170","0.6675","4.5147"
"237.7370","0.6672","4.5010"
"237.7570","0.6668","4.5108"
"237.7770","0.6664","4.4620"
"237.7970","0.6660","4.4290"
"237.8170","0.6657","4.3689"
"237.8370","0.6654","4.4806"
"237.8570","0.6651","4.4921"
"237.8770","0.6648","4.5400"
"237.8970","0.6645","4.4784"
"237.9170","0.6641","4.4746"
"237.9370","0.6637","4.4705"
"237.9570","0.6633","4.4725"
"237.9770","0.6629","4.4251"
"237.9970","0.6626","4.4119"
"238.0170","0.6623","4.4872"
"238.0370","0.6620","4.5399"
"238.0570","0.6617","4.5149"
"238.0770","0.6614","4.4370"
"238.0970","0.6610","4.4799"
"238.1170","0.6607","4.5045"
"238.1370","0.6603","4.5161"
"238.1570","0.6600","4.4024"
"238.1770","0.6598","4.3771"
"238.1970","0.6595","4.3883"
"238.2170","0.6592","4.4041"
"238.2370","0.6588","4.4466"
"238.2570","0.6584","4.4285"
"238.2770","0.6580","4.3599"
"238.2970","0.6576","4.4250"
"238.3170","0.6572","4.5036"
"238.3370","0.6570","4.4106"
"238.3570","0.6567","4.3478"
"238.3770","0.6565","4.4141"
"238.3970","0.6562","4.4175"
"238.4170","0.6559","4.3685"
"238.4370","0.6555","4.4613"
"238.4570","0.6551","4.4976"
"238.4770","0.6547","4.4571"
"238.4970","0.6544","4.5421"
"238.5170","0.6541","4.5599"
"238.5370","0.6538","4.5252"
"238.5570","0.6535","4.4924"
"238.5770","0.6532","4.5063"
"238.5970","0.6528","4.5487"
"238.6170","0.6524","4.5400"
"238.6370","0.6520","4.5274"
"238.6570","0.6516","4.4777"
"238.6770","0.6512","4.4356"
"238.6970","0.6509","4.4967"
"238.7170","0.6506","4.5536"
"238.7370","0.6504","4.5214"
"238.7570","0.6501","4.4571"
"238.7770","0.6497","4.4773"
"238.7970","0.6494","4.4500"
"238.8170","0.6490","4.4649"
"238.8370","0.6487","4.4009"
"238.8570","0.6484","4.3609"
"238.8770","0.6481","4.3557"
"238.8970","0.6478","4.3583"
"238.9170","0.6475","4.3550"
"238.9370","0.6471","4.3865"
"238.9570","0.6467","4.4494"
"238.9770","0.6462","4.4032"
"238.9970","0.6459","4.4272"
"239.0170","0.6456","4.4034"
"239.0370","0.6453","4.3441"
"239.0570","0.6451","4.4178"
"239.0770","0.6448","4.4382"
"239.0970","0.6445","4.3610"
"239.1170","0.6442","4.2574"
"239.1370","0.6438","4.3546"
"239.1570","0.6434","4.4067"
"239.1770","0.6430","4.3632"
"239.1970","0.6427","4.3661"
"239.2170","0.6424","4.3699"
"239.2370","0.6421","4.3301"
"239.2570","0.6418","4.3290"
"239.2770","0.6415","4.2882"
"239.2970","0.6411","4.3018"
"239.3170","0.6407","4.4017"
"239.3370","0.6403","4.4107"
"239.3570","0.6399","4.3520"
"239.3770","0.6396","4.3778"
"239.3970","0.6393","4.4050"
"239.4170","0.6390","4.3871"
"239.4370","0.6387","4.3783"
"239.4570","0.6384","4.3889"
"239.4770","0.6380","4.4785"
"239.4970","0.6377","4.4036"
"239.5170","0.6374","4.3795"
"239.5370","0.6371","4.4269"
"239.5570","0.6368","4.4187"
"239.5770","0.6365","4.4805"
"239.5970","0.6362","4.4443"
"239.6170","0.6358","4.3841"
"239.6370","0.6354","4.4014"
"239.6570","0.6350","4.4404"
"239.6770","0.6346","4.4228"
"239.6970","0.6342","4.4367"
"239.7170","0.6340","4.3235"
"239.7370","0.6337","4.3017"
"239.7570","0.6335","4.3342"
"239.7770","0.6332","4.3778"
"239.7970","0.6328","4.3441"
"239.8170","0.6325","4.2932"
"239.8370","0.6321","4.3429"
"239.8570","0.6317","4.3938"
"239.8770","0.6314","4.3434"
"239.8970","0.6311","4.3425"
"239.9170","0.6308","4.3186"
"239.9370","0.6305","4.3724"
"239.9570","0.6302","4.4002"
"239.9770","0.6298","4.3488"
"239.9970","0.6294","4.2521"
"240.0170","0.6290","4.3948"
"240.0370","0.6286","4.3909"
"240.0570","0.6283","4.3585"
"240.0770","0.6280","4.3430"
"240.0970","0.6277","4.3236"
"240.1170","0.6274","4.3531"
"240.1370","0.6271","4.4028"
"240.1570","0.6267","4.4127"
"240.1770","0.6264","4.3244"
"240.1970","0.6260","4.3501"
"240.2170","0.6257","4.3696"
"240.2370","0.6254","4.3894"
"240.2570","0.6251","4.3212"
"240.2770","0.6249","4.3162"
"240.2970","0.6245","4.2957"
"240.3170","0.6241","4.3260"
"240.3370","0.6237","4.2847"
"240.3570","0.6232","4.3877"
"240.3770","0.6229","4.3598"
"240.3970","0.6226","4.3411"
"240.4170","0.6224","4.3255"
"240.4370","0.6221","4.3099"
"240.4570","0.6218","4.3384"
"240.4770","0.6215","4.2589"
"240.4970","0.6212","4.2346"
"240.5170","0.6208","4.2107"
"240.5370","0.6204","4.2533"
"240.5570","0.6201","4.2839"
"240.5770","0.6197","4.3790"
"240.5970","0.6195","4.3530"
"240.6170","0.6192","4.3332"
"240.6370","0.6189","4.3578"
"240.6570","0.6185","4.2307"
"240.6770","0.6181","4.2119"
"240.6970","0.6177","4.2630"
"240.7170","0.6173","4.3213"
"240.7370","0.6170","4.2285"
"240.7570","0.6166","4.2779"
"240.7770","0.6163","4.3029"
"240.7970","0.6160","4.2492"
"240.8170","0.6157","4.2127"
"240.8370","0.6154","4.2530"
"240.8570","0.6150","4.2838"
"240.8770","0.6147","4.2352"
"240.8970","0.6143","4.2635"
"240.9170","0.6141","4.2232"
"240.9370","0.6138","4.2819"
"240.9570","0.6135","4.2279"
"240.9770","0.6132","4.2387"
"240.9970","0.6128","4.2684"
"241.0170","0.6124","4.2539"
"241.0370","0.6119","4.1836"
"241.0570","0.6115","4.1358"
"241.0770","0.6112","4.2109"
"241.0970","0.6110","4.2239"
"241.1170","0.6107","4.2575"
"241.1370","0.6104","4.2809"
"241.1570","0.6102","4.2698"
"241.1770","0.6098","4.2331"
"241.1970","0.6095","4.1898"
"241.2170","0.6091","4.2541"
"241.2370","0.6087","4.2581"
"241.2570","0.6084","4.2143"
"241.2770","0.6081","4.2704"
"241.2970","0.6078","4.2721"
"241.3170","0.6076","4.2033"
"241.3370","0.6072","4.1959"
"241.3570","0.6069","4.2499"
"241.3770","0.6064","4.2570"
"241.3970","0.6060","4.2010"
"241.4170","0.6056","4.3229"
"241.4370","0.6053","4.3797"
"241.4570","0.6049","4.3139"
"241.4770","0.6046","4.2503"
"241.4970","0.6043","4.1330"
"241.5170","0.6040","4.1028"
"241.5370","0.6037","4.1559"
"241.5570","0.6033","4.2277"
"241.5770","0.6030","4.2249"
"241.5970","0.6027","4.2574"
"241.6170","0.6025","4.1882"
"241.6370","0.6022","4.1940"
"241.6570","0.6019","4.1510"
"241.6770","0.6015","4.1647"
"241.6970","0.6011","4.2494"
"241.7170","0.6007","4.2332"
"241.7370","0.6002","4.1818"
"241.7570","0.5999","4.2049"
"241.7770","0.5996","4.1505"
"241.7970","0.5993","4.1535"
"241.8170","0.5991","4.2039"
"241.8370","0.5988","4.2024"
"241.8570","0.5985","4.1780"
"241.8770","0.5981","4.1568"
"241.8970","0.5977","4.2265"
"241.9170","0.5974","4.2504"
"241.9370","0.5970","4.1411"
"241.9570","0.5967","4.1321"
"241.9770","0.5964","4.1292"
"241.9970","0.5962","4.1509"
"242.0170","0.5959","4.2231"
"242.0370","0.5955","4.2530"
"242.0570","0.5952","4.1656"
"242.0770","0.5947","4.1371"
"242.0970","0.5943","4.1445"
"242.1170","0.5940","4.1108"
"242.1370","0.5936","4.0963"
"242.1570","0.5933","4.1556"
"242.1770","0.5930","4.0393"
"242.1970","0.5927","4.0262"
"242.2170","0.5923","4.0969"
"242.2370","0.5920","4.1244"
"242.2570","0.5916","4.1646"
"242.2770","0.5913","4.1293"
"242.2970","0.5911","4.0961"
"242.3170","0.5908","4.0943"
"242.3370","0.5905","4.1390"
"242.3570","0.5902","4.0707"
"242.3770","0.5898","4.0663"
"242.3970","0.5894","4.1501"
"242.4170","0.5889","4.0884"
"242.4370","0.5885","4.0050"
"242.4570","0.5882","4.0057"
"242.4770","0.5879","4.1321"
"242.4970","0.5877","4.0834"
"242.5170","0.5874","4.0558"
"242.5370","0.5871","4.0755"
"242.5570","0.5868","4.1316"
"242.5770","0.5864","4.1339"
"242.5970","0.5861","4.1052"
"242.6170","0.5857","4.0905"
"242.6370","0.5854","4.1011"
"242.6570","0.5851","4.1021"
"242.6770","0.5848","4.0315"
"242.6970","0.5845","4.0814"
"242.7170","0.5842","4.0631"
"242.7370","0.5838","3.9745"
"242.7570","0.5834","3.9043"
"242.7770","0.5830","3.9354"
"242.7970","0.5826","4.0619"
"242.8170","0.5823","4.0569"
"242.8370","0.5820","4.0768"
"242.8570","0.5817","4.0258"
"242.8770","0.5814","4.0919"
"242.8970","0.5810","4.0715"
"242.9170","0.5807","4.1065"
"242.9370","0.5803","4.0018"
"242.9570","0.5800","4.0132"
"242.9770","0.5797","4.0688"
"242.9970","0.5795","3.9948"
"243.0170","0.5792","4.0210"
"243.0370","0.5789","4.0331"
"243.0570","0.5785","3.9685"
"243.0770","0.5781","3.9907"
"243.0970","0.5776","4.0086"
"243.1170","0.5772","4.0018"
"243.1370","0.5769","3.9128"
"243.1570","0.5766","3.9096"
"243.1770","0.5764","4.0419"
"243.1970","0.5761","4.1339"
"243.2170","0.5758","4.0925"
"243.2370","0.5755","3.9912"
"243.2570","0.5751","3.9618"
"243.2770","0.5748","4.0406"
"243.2970","0.5744","4.0978"
"243.3170","0.5741","4.1254"
"243.3370","0.5738","4.0103"
"243.3570","0.5735","4.0620"
"243.3770","0.5732","4.1458"
"243.3970","0.5729","4.0020"
"243.4170","0.5725","3.9387"
"243.4370","0.5721","3.9977"
"243.4570","0.5717","4.0325"
"243.4770","0.5713","3.9949"
"243.4970","0.5709","4.0122"
"243.5170","0.5706","4.0102"
"243.5370","0.5703","3.9735"
"243.5570","0.5700","3.9165"
"243.5770","0.5697","3.9138"
"243.5970","0.5694","4.0059"
"243.6170","0.5690","3.9345"
"243.6370","0.5687","3.9514"
"243.6570","0.5684","3.9842"
"243.6770","0.5681","3.9760"
"243.6970","0.5678","3.8605"
"243.7170","0.5675","3.8623"
"243.7370","0.5672","3.8804"
"243.7570","0.5668","3.9817"
"243.7770","0.5664","4.0494"
"243.7970","0.5659","4.0841"
"243.8170","0.5655","4.0509"
"243.8370","0.5652","3.9724"
"243.8570","0.5650","3.9919"
"243.8770","0.5647","3.9134"
"243.8970","0.5645","3.8543"
"243.9170","0.5642","3.9212"
"243.9370","0.5638","3.9232"
"243.9570","0.5634","3.8775"
"243.9770","0.5631","3.8897"
"243.9970","0.5627","3.9037"
"244.0170","0.5624","3.9957"
"244.0370","0.5621","3.9491"
"244.0570","0.5618","3.9577"
"244.0770","0.5615","3.9907"
"244.0970","0.5612","3.9650"
"244.1170","0.5608","3.9722"
"244.1370","0.5604","4.0267"
"244.1570","0.5600","4.0142"
"244.1770","0.5596","3.9803"
"244.1970","0.5593","3.9600"
"244.2170","0.5590","3.9200"
"244.2370","0.5587","4.0124"
"244.2570","0.5584","3.9552"
"244.2770","0.5580","3.9106"
"244.2970","0.5577","3.9393"
"244.3170","0.5573","4.0033"
"244.3370","0.5570","3.9805"
"244.3570","0.5567","3.9912"
"244.3770","0.5565","3.9874"
"244.3970","0.5562","3.9253"
"244.4170","0.5559","3.9444"
"244.4370","0.5555","3.9520"
"244.4570","0.5551","3.9614"
"244.4770","0.5546","3.9670"
"244.4970","0.5542","3.9879"
"244.5170","0.5539","3.9459"
"244.5370","0.5536","3.9555"
"244.5570","0.5534","3.9376"
"244.5770","0.5531","3.9849"
"244.5970","0.5528","3.9613"
"244.6170","0.5525","3.9844"
"244.6370","0.5521","3.9913"
"244.6570","0.5517","3.9269"
"244.6770","0.5514","3.9010"
"244.6970","0.5511","3.9639"
"244.7170","0.5508","3.9809"
"244.7370","0.5505","3.9398"
"244.7570","0.5502","3.9344"
"244.7770","0.5499","4.0148"
"244.7970","0.5495","3.9845"
"244.8170","0.5491","3.8999"
"244.8370","0.5487","3.9037"
"244.8570","0.5483","3.8788"
"244.8770","0.5479","3.8744"
"244.8970","0.5476","3.9679"
"244.9170","0.5473","4.0166"
"244.9370","0.5470","3.9652"
"244.9570","0.5467","3.8815"
"244.9770","0.5464","3.8624"
"244.9970","0.5460","3.9016"
"245.0170","0.5457","3.8984"
"245.0370","0.5454","3.9450"
"245.0570","0.5451","3.9211"
"245.0770","0.5448","3.9122"
"245.0970","0.5445","3.9306"
"245.1170","0.5442","3.9270"
"245.1370","0.5438","3.9070"
"245.1570","0.5433","3.8536"
"245.1770","0.5429","3.8596"
"245.1970","0.5425","3.8763"
"245.2170","0.5423","3.8869"
"245.2370","0.5420","3.8898"
"245.2570","0.5418","3.9948"
"245.2770","0.5415","3.9348"
"245.2970","0.5412","3.8801"
"245.3170","0.5408","3.8718"
"245.3370","0.5404","3.8864"
"245.3570","0.5400","3.9300"
"245.3770","0.5397","3.9478"
"245.3970","0.5394","3.8682"
"245.4170","0.5391","3.8872"
"245.4370","0.5388","3.9828"
"245.4570","0.5385","4.0737"
"245.4770","0.5382","3.9893"
"245.4970","0.5378","3.9529"
"245.5170","0.5374","3.8936"
"245.5370","0.5369","3.8690"
"245.5570","0.5366","3.8849"
"245.5770","0.5363","3.9263"
"245.5970","0.5360","3.9362"
"245.6170","0.5357","3.8872"
"245.6370","0.5354","3.8135"
"245.6570","0.5351","3.8234"
"245.6770","0.5347","3.9103"
"245.6970","0.5344","3.9396"
"245.7170","0.5341","3.9847"
"245.7370","0.5338","4.0372"
"245.7570","0.5335","4.0116"
"245.7770","0.5332","3.9610"
"245.7970","0.5329","3.8711"
"245.8170","0.5325","3.8404"
"245.8370","0.5320","3.8125"
"245.8570","0.5316","3.8288"
"245.8770","0.5312","3.8115"
"245.8970","0.5308","3.7763"
"245.9170","0.5306","3.8661"
"245.9370","0.5304","3.8775"
"245.9570","0.5301","3.8733"
"245.9770","0.5298","3.8934"
"245.9970","0.5295","3.9074"
"246.0170","0.5291","3.9306"
"246.0370","0.5287","3.9011"
"246.0570","0.5284","3.8481"
"246.0770","0.5280","3.8671"
"246.0970","0.5277","3.8644"
"246.1170","0.5275","3.9009"
"246.1370","0.5272","3.9078"
"246.1570","0.5268","3.9577"
"246.1770","0.5265","3.9214"
"246.1970","0.5261","3.8204"
"246.2170","0.5256","3.8551"
"246.2370","0.5253","3.8977"
"246.2570","0.5249","3.8903"
"246.2770","0.5246","3.8597"
"246.2970","0.5243","3.8550"
"246.3170","0.5240","3.9274"
"246.3370","0.5237","3.9575"
"246.3570","0.5234","3.9707"
"246.3770","0.5230","3.9336"
"246.3970","0.5227","3.8109"
"246.4170","0.5224","3.8159"
"246.4370","0.5221","3.8483"
"246.4570","0.5219","3.8118"
"246.4770","0.5215","3.8837"
"246.4970","0.5212","3.8782"
"246.5170","0.5207","3.8872"
"246.5370","0.5203","3.9225"
"246.5570","0.5198","3.8621"
"246.5770","0.5195","3.8518"
"246.5970","0.5193","3.8479"
"246.6170","0.5190","3.8671"
"246.6370","0.5188","3.7567"
"246.6570","0.5185","3.8221"
"246.6770","0.5182","3.8990"
"246.6970","0.5178","3.8441"
"246.7170","0.5174","3.8592"
"246.7370","0.5171","3.8046"
"246.7570","0.5167","3.8607"
"246.7770","0.5164","3.9171"
"246.7970","0.5161","3.8365"
"246.8170","0.5158","3.8898"
"246.8370","0.5155","3.8824"
"246.8570","0.5152","3.8800"
"246.8770","0.5148","3.9204"
"246.8970","0.5144","3.8679"
"246.9170","0.5140","3.8744"
"246.9370","0.5136","3.8500"
"246.9570","0.5133","3.7835"
"246.9770","0.5130","3.7777"
"246.9970","0.5127","3.8144"
"247.0170","0.5124","3.8444"
"247.0370","0.5120","3.8536"
"247.0570","0.5117","3.8115"
"247.0770","0.5114","3.8930"
"247.0970","0.5111","3.9034"
"247.1170","0.5108","3.9542"
"247.1370","0.5105","3.9201"
"247.1570","0.5102","3.8868"
"247.1770","0.5099","3.8388"
"247.1970","0.5095","3.8691"
"247.2170","0.5090","3.9461"
"247.2370","0.5086","3.8658"
"247.2570","0.5082","3.7745"
"247.2770","0.5079","3.8440"
"247.2970","0.5076","3.8152"
"247.3170","0.5074","3.8358"
"247.3370","0.5071","3.8167"
"247.3570","0.5068","3.7759"
"247.3770","0.5065","3.7778"
"247.3970","0.5061","3.7741"
"247.4170","0.5057","3.8409"
"247.4370","0.5054","3.8133"
"247.4570","0.5050","3.8235"
"247.4770","0.5047","3.8447"
"247.4970","0.5045","3.8049"
"247.5170","0.5042","3.6821"
"247.5370","0.5038","3.7954"
"247.5570","0.5035","3.8266"
"247.5770","0.5030","3.7847"
"247.5970","0.5026","3.7928"
"247.6170","0.5023","3.7673"
"247.6370","0.5019","3.7933"
"247.6570","0.5016","3.7808"
"247.6770","0.5013","3.7095"
"247.6970","0.5010","3.7556"
"247.7170","0.5007","3.8288"
"247.7370","0.5004","3.8511"
"247.7570","0.5000","3.8093"
"247.7770","0.4997","3.7601"
"247.7970","0.4994","3.7542"
"247.8170","0.4991","3.7512"
"247.8370","0.4988","3.7707"
"247.8570","0.4985","3.8713"
"247.8770","0.4982","3.8930"
"247.8970","0.4978","3.8840"
"247.9170","0.4973","3.8378"
"247.9370","0.4969","3.8504"
"247.9570","0.4965","3.8579"
"247.9770","0.4963","3.8898"
"247.9970","0.4960","3.9598"
"248.0170","0.4958","3.8252"
"248.0370","0.4955","3.8502"
"248.0570","0.4952","3.8566"
"248.0770","0.4948","3.8336"
"248.0970","0.4944","3.7961"
"248.1170","0.4940","3.7530"
"248.1370","0.4937","3.8214"
"248.1570","0.4934","3.8551"
"248.1770","0.4931","3.7706"
"248.1970","0.4928","3.6916"
"248.2170","0.4925","3.7543"
"248.2370","0.4922","3.7346"
"248.2570","0.4918","3.6886"
"248.2770","0.4914","3.6680"
"248.2970","0.4910","3.7665"
"248.3170","0.4906","3.8107"
"248.3370","0.4903","3.8276"
"248.3570","0.4900","3.8102"
"248.3770","0.4897","3.8250"
"248.3970","0.4894","3.8106"
"248.4170","0.4891","3.7645"
"248.4370","0.4887","3.8034"
"248.4570","0.4884","3.7858"
"248.4770","0.4881","3.7765"
"248.4970","0.4878","3.7803"
"248.5170","0.4875","3.7891"
"248.5370","0.4872","3.8053"
"248.5570","0.4869","3.7593"
"248.5770","0.4865","3.8121"
"248.5970","0.4861","3.8212"
"248.6170","0.4856","3.7733"
"248.6370","0.4852","3.7110"
"248.6570","0.4849","3.6667"
"248.6770","0.4846","3.7450"
"248.6970","0.4844","3.8412"
"248.7170","0.4842","3.7771"
"248.7370","0.4839","3.6971"
"248.7570","0.4835","3.8074"
"248.7770","0.4831","3.9132"
"248.7970","0.4827","3.8180"
"248.8170","0.4824","3.8132"
"248.8370","0.4820","3.7702"
"248.8570","0.4818","3.7563"
"248.8770","0.4815","3.8038"
"248.8970","0.4812","3.7876"
"248.9170","0.4809","3.7915"
"248.9370","0.4805","3.8760"
"248.9570","0.4801","3.9082"
"248.9770","0.4797","3.8389"
"248.9970","0.4793","3.7618"
"249.0170","0.4789","3.8142"
"249.0370","0.4786","3.8092"
"249.0570","0.4783","3.8405"
"249.0770","0.4780","3.8434"
"249.0970","0.4777","3.8413"
"249.1170","0.4773","3.8171"
"249.1370","0.4770","3.8386"
"249.1570","0.4767","3.8979"
"249.1770","0.4764","3.8779"
"249.1970","0.4761","3.8463"
"249.2170","0.4758","3.7784"
"249.2370","0.4755","3.8380"
"249.2570","0.4752","3.8795"
"249.2770","0.4748","3.8805"
"249.2970","0.4743","3.8645"
"249.3170","0.4739","3.8329"
"249.3370","0.4735","3.8371"
"249.3570","0.4733","3.9063"
"249.3770","0.4730","3.8411"
"249.3970","0.4728","3.8052"
"249.4170","0.4725","3.8602"
"249.4370","0.4722","3.8579"
"249.4570","0.4718","3.8450"
"249.4770","0.4714","3.8182"
"249.4970","0.4710","3.7914"
"249.5170","0.4707","3.7215"
"249.5370","0.4704","3.7889"
"249.5570","0.4701","3.8119"
"249.5770","0.4698","3.8178"
"249.5970","0.4695","3.8319"
"249.6170","0.4691","3.8543"
"249.6370","0.4687","3.8833"
"249.6570","0.4683","3.8618"
"249.6770","0.4679","3.8825"
"249.6970","0.4676","3.8155"
"249.7170","0.4673","3.7670"
"249.7370","0.4670","3.7730"
"249.7570","0.4667","3.7531"
"249.7770","0.4664","3.8008"
"249.7970","0.4660","3.7289"
"249.8170","0.4657","3.7288"
"249.8370","0.4653","3.8165"
"249.8570","0.4650","3.7978"
"249.8770","0.4647","3.8512"
"249.8970","0.4645","3.8644"
"249.9170","0.4642","3.8523"
"249.9370","0.4638","3.7821"
"249.9570","0.4634","3.7770"
"249.9770","0.4630","3.8018"
"249.9970","0.4626","3.7441"
"250.0170","0.4622","3.7812"
"250.0370","0.4619","3.8907"
"250.0570","0.4617","3.8566"
"250.0770","0.4614","3.8190"
"250.0970","0.4611","3.8889"
"250.1170","0.4608","3.9317"
"250.1370","0.4605","3.8081"
"250.1570","0.4601","3.7374"
"250.1770","0.4597","3.7325"
"250.1970","0.4593","3.7379"
"250.2170","0.4590","3.6743"
"250.2370","0.4587","3.6761"
"250.2570","0.4585","3.6703"
"250.2770","0.4581","3.7064"
"250.2970","0.4578","3.7619"
"250.3170","0.4574","3.8260"
"250.3370","0.4570","3.8264"
"250.3570","0.4566","3.7634"
"250.3770","0.4563","3.7534"
"250.3970","0.4559","3.7757"
"250.4170","0.4557","3.7226"
"250.4370","0.4554","3.6461"
"250.4570","0.4551","3.6854"
"250.4770","0.4547","3.7306"
"250.4970","0.4544","3.8487"
"250.5170","0.4540","3.8293"
"250.5370","0.4537","3.8079"
"250.5570","0.4534","3.7497"
"250.5770","0.4531","3.7271"
"250.5970","0.4529","3.7942"
"250.6170","0.4525","3.7159"
"250.6370","0.4522","3.7326"
"250.6570","0.4518","3.7655"
"250.6770","0.4513","3.7707"
"250.6970","0.4509","3.7295"
"250.7170","0.4506","3.7166"
"250.7370","0.4503","3.6759"
"250.7570","0.4501","3.6765"
"250.7770","0.4498","3.7394"
"250.7970","0.4495","3.7990"
"250.8170","0.4492","3.8475"
"250.8370","0.4488","3.8206"
"250.8570","0.4484","3.7800"
"250.8770","0.4481","3.8358"
"250.8970","0.4477","3.7538"
"250.9170","0.4474","3.7890"
"250.9370","0.4471","3.8138"
"250.9570","0.4468","3.8398"
"250.9770","0.4465","3.7671"
"250.9970","0.4461","3.7197"
"251.0170","0.4457","3.7302"
"251.0370","0.4453","3.7164"
"251.0570","0.4449","3.7244"
"251.0770","0.4446","3.7882"
"251.0970","0.4443","3.8095"
"251.1170","0.4440","3.7614"
"251.1370","0.4437","3.7960"
"251.1570","0.4434","3.7850"
"251.1770","0.4431","3.7493"
"251.1970","0.4427","3.7904"
"251.2170","0.4424","3.7316"
"251.2370","0.4420","3.7229"
"251.2570","0.4418","3.7882"
"251.2770","0.4415","3.7826"
"251.2970","0.4412","3.8131"
"251.3170","0.4409","3.7602"
"251.3370","0.4405","3.7546"
"251.3570","0.4401","3.7725"
"251.3770","0.4396","3.7789"
"251.3970","0.4392","3.8026"
"251.4170","0.4389","3.7674"
"251.4370","0.4387","3.8004"
"251.4570","0.4384","3.8002"
"251.4770","0.4382","3.7357"
"251.4970","0.4379","3.7353"
"251.5170","0.4375","3.7051"
"251.5370","0.4371","3.6993"
"251.5570","0.4367","3.8064"
"251.5770","0.4364","3.7392"
"251.5970","0.4361","3.7039"
"251.6170","0.4358","3.7085"
"251.6370","0.4355","3.7036"
"251.6570","0.4352","3.7152"
"251.6770","0.4348","3.7748"
"251.6970","0.4345","3.7721"
"251.7170","0.4340","3.7304"
"251.7370","0.4336","3.7144"
"251.7570","0.4332","3.6996"
"251.7770","0.4329","3.7810"
"251.7970","0.4326","3.7804"
"251.8170","0.4324","3.7609"
"251.8370","0.4321","3.7281"
"251.8570","0.4317","3.7438"
"251.8770","0.4314","3.8370"
"251.8970","0.4310","3.7919"
"251.9170","0.4307","3.7731"
"251.9370","0.4304","3.7101"
"251.9570","0.4301","3.7320"
"251.9770","0.4298","3.6945"
"251.9970","0.4295","3.6868"
"252.0170","0.4292","3.7043"
"252.0370","0.4287","3.7929"
"252.0570","0.4283","3.7628"
"252.0770","0.4279","3.6693"
"252.0970","0.4276","3.7365"
"252.1170","0.4273","3.8261"
"252.1370","0.4271","3.8306"
"252.1570","0.4268","3.8226"
"252.1770","0.4265","3.7741"
"252.1970","0.4262","3.7582"
"252.2170","0.4258","3.8333"
"252.2370","0.4254","3.7857"
"252.2570","0.4250","3.7731"
"252.2770","0.4247","3.7606"
"252.2970","0.4244","3.7626"
"252.3170","0.4241","3.8355"
"252.3370","0.4238","3.7961"
"252.3570","0.4235","3.7147"
"252.3770","0.4231","3.6898"
"252.3970","0.4227","3.7360"
"252.4170","0.4223","3.7622"
"252.4370","0.4219","3.7928"
"252.4570","0.4216","3.7721"
"252.4770","0.4213","3.7265"
"252.4970","0.4210","3.6654"
"252.5170","0.4207","3.5980"
"252.5370","0.4204","3.6258"
"252.5570","0.4200","3.6829"
"252.5770","0.4197","3.7891"
"252.5970","0.4193","3.8247"
"252.6170","0.4190","3.7788"
"252.6370","0.4188","3.7323"
"252.6570","0.4185","3.7701"
"252.6770","0.4182","3.6992"
"252.6970","0.4178","3.6553"
"252.7170","0.4174","3.6953"
"252.7370","0.4170","3.8104"
"252.7570","0.4166","3.7938"
"252.7770","0.4162","3.7356"
"252.7970","0.4159","3.6933"
"252.8170","0.4157","3.7852"
"252.8370","0.4154","3.7885"
"252.8570","0.4152","3.7799"
"252.8770","0.4148","3.7393"
"252.8970","0.4145","3.6978"
"252.9170","0.4141","3.7290"
"252.9370","0.4137","3.7662"
"252.9570","0.4134","3.7796"
"252.9770","0.4131","3.7331"
"252.9970","0.4128","3.7145"
"253.0170","0.4125","3.7274"
"253.0370","0.4122","3.6779"
"253.0570","0.4118","3.6904"
"253.0770","0.4114","3.7674"
"253.0970","0.4110","3.7515"
"253.1170","0.4106","3.7405"
"253.1370","0.4102","3.7443"
"253.1570","0.4099","3.7794"
"253.1770","0.4096","3.7416"
"253.1970","0.4093","3.6838"
"253.2170","0.4090","3.6063"
"253.2370","0.4087","3.6373"
"253.2570","0.4084","3.6609"
"253.2770","0.4080","3.7303"
"253.2970","0.4077","3.7224"
"253.3170","0.4074","3.6800"
"253.3370","0.4071","3.6713"
"253.3570","0.4068","3.6941"
"253.3770","0.4065","3.7091"
"253.3970","0.4061","3.7066"
"253.4170","0.4057","3.7571"
"253.4370","0.4053","3.7547"
"253.4570","0.4049","3.7713"
"253.4770","0.4046","3.7309"
"253.4970","0.4043","3.6865"
"253.5170","0.4041","3.7370"
"253.5370","0.4038","3.6665"
"253.5570","0.4035","3.6107"
"253.5770","0.4032","3.6329"
"253.5970","0.4028","3.6585"
"253.6170","0.4024","3.6771"
"253.6370","0.4021","3.6781"
"253.6570","0.4017","3.7146"
"253.6770","0.4014","3.7061"
"253.6970","0.4012","3.6949"
"253.7170","0.4009","3.6321"
"253.7370","0.4005","3.5538"
"253.7570","0.4001","3.5213"
"253.7770","0.3997","3.6136"
"253.7970","0.3993","3.7095"
"253.8170","0.3989","3.6817"
"253.8370","0.3986","3.5813"
"253.8570","0.3983","3.6597"
"253.8770","0.3980","3.6620"
"253.8970","0.3977","3.6826"
"253.9170","0.3974","3.6651"
"253.9370","0.3971","3.6530"
"253.9570","0.3967","3.6610"
"253.9770","0.3964","3.6621"
"253.9970","0.3961","3.6351"
"254.0170","0.3958","3.6944"
"254.0370","0.3955","3.7357"
"254.0570","0.3952","3.7540"
"254.0770","0.3948","3.7860"
"254.0970","0.3944","3.7835"
"254.1170","0.3940","3.6795"
"254.1370","0.3936","3.6550"
"254.1570","0.3932","3.6568"
"254.1770","0.3929","3.6445"
"254.1970","0.3927","3.7199"
"254.2170","0.3924","3.7684"
"254.2370","0.3921","3.6619"
"254.2570","0.3918","3.6461"
"254.2770","0.3915","3.6847"
"254.2970","0.3911","3.6401"
"254.3170","0.3907","3.5983"
"254.3370","0.3904","3.6104"
"254.3570","0.3901","3.5883"
"254.3770","0.3898","3.5567"
"254.3970","0.3895","3.5755"
"254.4170","0.3892","3.5740"
"254.4370","0.3889","3.6737"
"254.4570","0.3885","3.7300"
"254.4770","0.3880","3.6417"
"254.4970","0.3876","3.6653"
"254.5170","0.3873","3.6931"
"254.5370","0.3870","3.7715"
"254.5570","0.3867","3.6936"
"254.5770","0.3864","3.6115"
"254.5970","0.3861","3.6117"
"254.6170","0.3857","3.6869"
"254.6370","0.3854","3.6820"
"254.6570","0.3850","3.5700"
"254.6770","0.3847","3.5415"
"254.6970","0.3844","3.5635"
"254.7170","0.3841","3.6391"
"254.7370","0.3839","3.6801"
"254.7570","0.3835","3.7196"
"254.7770","0.3831","3.6526"
"254.7970","0.3827","3.6476"
"254.8170","0.3823","3.6097"
"254.8370","0.3819","3.6231"
"254.8570","0.3816","3.5971"
"254.8770","0.3813","3.5996"
"254.8970","0.3811","3.6543"
"254.9170","0.3808","3.6744"
"254.9370","0.3805","3.6023"
"254.9570","0.3802","3.6147"
"254.9770","0.3798","3.6396"
"254.9970","0.3794","3.5533"
"255.0170","0.3790","3.5750"
"255.0370","0.3787","3.5947"
"255.0570","0.3784","3.5744"
"255.0770","0.3781","3.6431"
"255.0970","0.3778","3.6331"
"255.1170","0.3775","3.5579"
"255.1370","0.3771","3.5196"
"255.1570","0.3767","3.5687"
"255.1770","0.3763","3.5921"
"255.1970","0.3759","3.6313"
"255.2170","0.3756","3.5721"
"255.2370","0.3753","3.5618"
"255.2570","0.3750","3.5842"
"255.2770","0.3747","3.6801"
"255.2970","0.3743","3.6277"
"255.3170","0.3740","3.5954"
"255.3370","0.3736","3.6212"
"255.3570","0.3733","3.6705"
"255.3770","0.3730","3.5534"
"255.3970","0.3728","3.4327"
"255.4170","0.3725","3.5163"
"255.4370","0.3722","3.5528"
"255.4570","0.3718","3.5672"
"255.4770","0.3714","3.6709"
"255.4970","0.3709","3.6309"
"255.5170","0.3705","3.6442"
"255.5370","0.3702","3.6198"
"255.5570","0.3699","3.5585"
"255.5770","0.3697","3.4715"
"255.5970","0.3694","3.4955"
"255.6170","0.3692","3.5506"
"255.6370","0.3688","3.5393"
"255.6570","0.3685","3.5297"
"255.6770","0.3681","3.5484"
"255.6970","0.3678","3.5227"
"255.7170","0.3674","3.4982"
"255.7370","0.3671","3.5184"
"255.7570","0.3668","3.5415"
"255.7770","0.3666","3.5428"
"255.7970","0.3662","3.5043"
"255.8170","0.3659","3.5157"
"255.8370","0.3655","3.6190"
"255.8570","0.3651","3.5669"
"255.8770","0.3647","3.5473"
"255.8970","0.3643","3.5486"
"255.9170","0.3640","3.5397"
"255.9370","0.3637","3.5062"
"255.9570","0.3634","3.5024"
"255.9770","0.3630","3.5104"
"255.9970","0.3627","3.4688"
"256.0170","0.3623","3.4538"
"256.0370","0.3620","3.4721"
"256.0570","0.3617","3.5397"
"256.0770","0.3614","3.5355"
"256.0970","0.3612","3.5543"
"256.1170","0.3609","3.5401"
"256.1370","0.3605","3.4607"
"256.1570","0.3601","3.4419"
"256.1770","0.3597","3.4225"
"256.1970","0.3592","3.4994"
"256.2170","0.3589","3.5344"
"256.2370","0.3586","3.4210"
"256.2570","0.3583","3.3661"
"256.2770","0.3581","3.3970"
"256.2970","0.3578","3.5817"
"256.3170","0.3575","3.6153"
"256.3370","0.3571","3.5948"
"256.3570","0.3568","3.5122"
"256.3770","0.3564","3.3683"
"256.3970","0.3560","3.2764"
"256.4170","0.3557","3.3121"
"256.4370","0.3554","3.3278"
"256.4570","0.3552","3.4577"
"256.4770","0.3549","3.4394"
"256.4970","0.3546","3.4540"
"256.5170","0.3542","3.4622"
"256.5370","0.3538","3.4639"
"256.5570","0.3534","3.4493"
"256.5770","0.3530","3.4557"
"256.5970","0.3526","3.4945"
"256.6170","0.3523","3.4396"
"256.6370","0.3520","3.3475"
"256.6570","0.3517","3.3698"
"256.6770","0.3513","3.4478"
"256.6970","0.3510","3.5792"
"256.7170","0.3506","3.4972"
"256.7370","0.3503","3.4704"
"256.7570","0.3501","3.4414"
"256.7770","0.3498","3.4874"
"256.7970","0.3495","3.4016"
"256.8170","0.3492","3.3348"
"256.8370","0.3488","3.3482"
"256.8570","0.3484","3.4057"
"256.8770","0.3480","3.4397"
"256.8970","0.3475","3.3435"
"256.9170","0.3472","3.4155"
"256.9370","0.3469","3.4233"
"256.9570","0.3467","3.4356"
"256.9770","0.3464","3.3304"
"256.9970","0.3461","3.3733"
"257.0170","0.3458","3.3943"
"257.0370","0.3454","3.4393"
"257.0570","0.3451","3.3850"
"257.0770","0.3447","3.4111"
"257.0970","0.3444","3.4151"
"257.1170","0.3441","3.3970"
"257.1370","0.3438","3.3524"
"257.1570","0.3435","3.3634"
"257.1770","0.3432","3.3770"
"257.1970","0.3428","3.3980"
"257.2170","0.3424","3.3558"
"257.2370","0.3420","3.4095"
"257.2570","0.3416","3.4458"
"257.2770","0.3413","3.4528"
"257.2970","0.3410","3.4482"
"257.3170","0.3407","3.4758"
"257.3370","0.3404","3.3922"
"257.3570","0.3400","3.3267"
"257.3770","0.3397","3.3281"
"257.3970","0.3393","3.3993"
"257.4170","0.3390","3.4448"
"257.4370","0.3387","3.3913"
"257.4570","0.3385","3.4225"
"257.4770","0.3382","3.4126"
"257.4970","0.3379","3.3443"
"257.5170","0.3375","3.3673"
"257.5370","0.3371","3.4405"
"257.5570","0.3367","3.4414"
"257.5770","0.3362","3.3887"
"257.5970","0.3359","3.3661"
"257.6170","0.3356","3.3969"
"257.6370","0.3353","3.4700"
"257.6570","0.3351","3.3815"
"257.6770","0.3348","3.4009"
"257.6970","0.3345","3.3993"
"257.7170","0.3341","3.4574"
"257.7370","0.3338","3.4210"
"257.7570","0.3334","3.4612"
"257.7770","0.3331","3.4476"
"257.7970","0.3328","3.4322"
"257.8170","0.3325","3.3331"
"257.8370","0.3322","3.3474"
"257.8570","0.3319","3.3255"
"257.8770","0.3315","3.3629"
"257.8970","0.3311","3.3301"
"257.9170","0.3307","3.4372"
"257.9370","0.3303","3.3821"
"257.9570","0.3299","3.3407"
"257.9770","0.3296","3.3998"
"257.9970","0.3293","3.3802"
"258.0170","0.3290","3.3768"
"258.0370","0.3287","3.3627"
"258.0570","0.3284","3.3840"
"258.0770","0.3280","3.4286"
"258.0970","0.3277","3.4767"
"258.1170","0.3274","3.4420"
"258.1370","0.3271","3.3387"
"258.1570","0.3268","3.3625"
"258.1770","0.3265","3.4087"
"258.1970","0.3262","3.3542"
"258.2170","0.3258","3.2910"
"258.2370","0.3254","3.3237"
"258.2570","0.3249","3.3684"
"258.2770","0.3245","3.4517"
"258.2970","0.3242","3.5044"
"258.3170","0.3240","3.3452"
"258.3370","0.3237","3.2737"
"258.3570","0.3234","3.3245"
"258.3770","0.3231","3.3707"
"258.3970","0.3228","3.4278"
"258.4170","0.3224","3.3987"
"258.4370","0.3221","3.4296"
"258.4570","0.3217","3.4255"
"258.4770","0.3214","3.3553"
"258.4970","0.3211","3.3045"
"258.5170","0.3208","3.3319"
"258.5370","0.3205","3.3430"
"258.5570","0.3202","3.3360"
"258.5770","0.3198","3.3403"
"258.5970","0.3194","3.3296"
"258.6170","0.3190","3.3337"
"258.6370","0.3186","3.3054"
"258.6570","0.3183","3.3664"
"258.6770","0.3180","3.3857"
"258.6970","0.3177","3.3686"
"258.7170","0.3174","3.3041"
"258.7370","0.3170","3.2660"
"258.7570","0.3167","3.2509"
"258.7770","0.3163","3.2775"
"258.7970","0.3160","3.3590"
"258.8170","0.3157","3.4245"
"258.8370","0.3155","3.3428"
"258.8570","0.3152","3.3769"
"258.8770","0.3149","3.3937"
"258.8970","0.3145","3.3878"
"258.9170","0.3141","3.3547"
"258.9370","0.3137","3.3195"
"258.9570","0.3132","3.3606"
"258.9770","0.3129","3.3945"
"258.9970","0.3126","3.3507"
"259.0170","0.3124","3.3352"
"259.0370","0.3121","3.3701"
"259.0570","0.3118","3.3604"
"259.0770","0.3115","3.4021"
"259.0970","0.3111","3.4118"
"259.1170","0.3108","3.3410"
"259.1370","0.3104","3.2698"
"259.1570","0.3101","3.1743"
"259.1770","0.3098","3.1691"
"259.1970","0.3095","3.1974"
"259.2170","0.3092","3.2111"
"259.2370","0.3089","3.2038"
"259.2570","0.3085","3.2087"
"259.2770","0.3081","3.2236"
"259.2970","0.3077","3.3185"
"259.3170","0.3073","3.3058"
"259.3370","0.3070","3.3097"
"259.3570","0.3066","3.2765"
"259.3770","0.3063","3.2273"
"259.3970","0.3061","3.1995"
"259.4170","0.3057","3.2551"
"259.4370","0.3054","3.2853"
"259.4570","0.3050","3.2891"
"259.4770","0.3047","3.2155"
"259.4970","0.3044","3.1443"
"259.5170","0.3041","3.2338"
"259.5370","0.3038","3.2182"
"259.5570","0.3035","3.1964"
"259.5770","0.3032","3.2252"
"259.5970","0.3028","3.2882"
"259.6170","0.3024","3.3092"
"259.6370","0.3019","3.2894"
"259.6570","0.3015","3.2610"
"259.6770","0.3012","3.3139"
"259.6970","0.3010","3.2617"
"259.7170","0.3007","3.2131"
"259.7370","0.3005","3.2144"
"259.7570","0.3002","3.2851"
"259.7770","0.2998","3.2797"
"259.7970","0.2994","3.3711"
"259.8170","0.2990","3.2924"
"259.8370","0.2987","3.2230"
"259.8570","0.2984","3.2362"
"259.8770","0.2981","3.2567"
"259.8970","0.2978","3.2564"
"259.9170","0.2975","3.2202"
"259.9370","0.2972","3.1670"
"259.9570","0.2968","3.2441"
"259.9770","0.2964","3.2652"
"259.9970","0.2960","3.1533"
"260.0170","0.2956","3.2000"
"260.0370","0.2953","3.1408"
"260.0570","0.2950","3.1874"
"260.0770","0.2947","3.2244"
"260.0970","0.2944","3.2272"
"260.1170","0.2940","3.2764"
"260.1370","0.2937","3.2040"
"260.1570","0.2933","3.1547"
"260.1770","0.2930","3.1292"
"260.1970","0.2927","3.1396"
"260.2170","0.2925","3.2107"
"260.2370","0.2922","3.2177"
"260.2570","0.2919","3.2142"
"260.2770","0.2915","3.2017"
"260.2970","0.2910","3.1647"
"260.3170","0.2906","3.2438"
"260.3370","0.2901","3.2784"
"260.3570","0.2898","3.2764"
"260.3770","0.2896","3.2268"
"260.3970","0.2893","3.2254"
"260.4170","0.2891","3.2089"
"260.4370","0.2888","3.2333"
"260.4570","0.2885","3.1316"
"260.4770","0.2881","3.0973"
"260.4970","0.2877","3.1336"
"260.5170","0.2874","3.1694"
"260.5370","0.2870","3.2298"
"260.5570","0.2867","3.2033"
"260.5770","0.2864","3.2504"
"260.5970","0.2861","3.2427"
"260.6170","0.2858","3.2340"
"260.6370","0.2855","3.2850"
"260.6570","0.2851","3.2589"
"260.6770","0.2846","3.1720"
"260.6970","0.2843","3.0890"
"260.7170","0.2839","3.1306"
"260.7370","0.2836","3.2026"
"260.7570","0.2833","3.2063"
"260.7770","0.2830","3.2162"
"260.7970","0.2827","3.2006"
"260.8170","0.2824","3.2347"
"260.8370","0.2821","3.1969"
"260.8570","0.2817","3.2973"
"260.8770","0.2814","3.3086"
"260.8970","0.2811","3.2333"
"260.9170","0.2809","3.1428"
"260.9370","0.2805","3.1510"
"260.9570","0.2802","3.1542"
"260.9770","0.2798","3.1364"
"260.9970","0.2793","3.1094"
"261.0170","0.2789","3.1168"
"261.0370","0.2785","3.2231"
"261.0570","0.2782","3.1931"
"261.0770","0.2780","3.1412"
"261.0970","0.2778","3.0488"
"261.1170","0.2775","3.1006"
"261.1370","0.2772","3.0901"
"261.1570","0.2768","3.1561"
"261.1770","0.2764","3.1741"
"261.1970","0.2761","3.1220"
"261.2170","0.2757","3.0664"
"261.2370","0.2754","3.0319"
"261.2570","0.2751","3.0995"
"261.2770","0.2748","3.2043"
"261.2970","0.2745","3.0879"
"261.3170","0.2742","3.0094"
"261.3370","0.2738","3.0534"
"261.3570","0.2734","3.1386"
"261.3770","0.2730","3.1681"
"261.3970","0.2726","3.0936"
"261.4170","0.2723","2.9894"
"261.4370","0.2720","3.0692"
"261.4570","0.2717","3.0795"
"261.4770","0.2714","3.0765"
"261.4970","0.2710","3.0748"
"261.5170","0.2707","3.1009"
"261.5370","0.2704","3.1368"
"261.5570","0.2700","3.1760"
"261.5770","0.2698","3.1227"
"261.5970","0.2695","3.1712"
"261.6170","0.2692","3.1413"
"261.6370","0.2689","3.0943"
"261.6570","0.2685","3.0681"
"261.6770","0.2681","3.0505"
"261.6970","0.2676","3.0291"
"261.7170","0.2672","3.1362"
"261.7370","0.2669","3.0835"
"261.7570","0.2666","3.0907"
"261.7770","0.2664","3.0425"
"261.7970","0.2661","3.1083"
"261.8170","0.2658","3.1580"
"261.8370","0.2655","3.0229"
"261.8570","0.2651","3.0578"
"261.8770","0.2648","3.1430"
"261.8970","0.2644","3.1046"
"261.9170","0.2640","3.1304"
"261.9370","0.2637","3.1127"
"261.9570","0.2635","3.0411"
"261.9770","0.2632","3.0591"
"261.9970","0.2628","3.1697"
"262.0170","0.2625","3.1280"
"262.0370","0.2621","3.0984"
"262.0570","0.2617","3.0670"
"262.0770","0.2613","3.0682"
"262.0970","0.2609","3.0340"
"262.1170","0.2606","3.0006"
"262.1370","0.2604","3.0864"
"262.1570","0.2601","3.1141"
"262.1770","0.2597","3.1831"
"262.1970","0.2594","3.0631"
"262.2170","0.2591","3.0481"
"262.2370","0.2587","3.0450"
"262.2570","0.2584","3.0812"
"262.2770","0.2581","3.1010"
"262.2970","0.2578","3.0439"
"262.3170","0.2575","3.0283"
"262.3370","0.2572","2.9651"
"262.3570","0.2568","3.0052"
"262.3770","0.2564","3.0510"
"262.3970","0.2559","2.9976"
"262.4170","0.2555","3.0372"
"262.4370","0.2552","3.1174"
"262.4570","0.2550","3.1101"
"262.4770","0.2548","3.1637"
"262.4970","0.2545","3.1702"
"262.5170","0.2542","3.1080"
"262.5370","0.2538","3.0470"
"262.5570","0.2534","3.0806"
"262.5770","0.2531","2.9935"
"262.5970","0.2527","3.0238"
"262.6170","0.2524","2.9953"
"262.6370","0.2521","3.0192"
"262.6570","0.2518","3.0249"
"262.6770","0.2515","3.0239"
"262.6970","0.2512","2.9478"
"262.7170","0.2508","2.9194"
"262.7370","0.2504","3.0243"
"262.7570","0.2500","3.0224"
"262.7770","0.2496","3.0886"
"262.7970","0.2493","3.0744"
"262.8170","0.2490","3.0330"
"262.8370","0.2487","3.0142"
"262.8570","0.2484","3.0520"
"262.8770","0.2481","3.0570"
"262.8970","0.2477","3.0523"
"262.9170","0.2474","3.0861"
"262.9370","0.2471","3.1108"
"262.9570","0.2468","3.0660"
"262.9770","0.2465","3.0633"
"262.9970","0.2462","3.0072"
"263.0170","0.2459","3.0558"
"263.0370","0.2455","3.0328"
"263.0570","0.2450","3.0886"
"263.0770","0.2446","2.9913"
"263.0970","0.2442","3.0352"
"263.1170","0.2438","3.0647"
"263.1370","0.2436","3.0058"
"263.1570","0.2434","2.9550"
"263.1770","0.2431","2.9545"
"263.1970","0.2428","2.9561"
"263.2170","0.2425","3.0144"
"263.2370","0.2421","3.0204"
"263.2570","0.2417","3.0363"
"263.2770","0.2414","3.0961"
"263.2970","0.2410","3.0789"
"263.3170","0.2407","3.0618"
"263.3370","0.2405","3.0358"
"263.3570","0.2402","3.0085"
"263.3770","0.2398","2.9893"
"263.3970","0.2395","3.0465"
"263.4170","0.2391","3.0549"
"263.4370","0.2387","3.0620"
"263.4570","0.2383","2.9804"
"263.4770","0.2379","2.9681"
"263.4970","0.2376","2.9257"
"263.5170","0.2373","3.0515"
"263.5370","0.2370","3.0131"
"263.5570","0.2367","2.9874"
"263.5770","0.2363","2.9768"
"263.5970","0.2360","2.9525"
"263.6170","0.2357","2.8637"
"263.6370","0.2354","2.8772"
"263.6570","0.2351","2.9320"
"263.6770","0.2348","3.0022"
"263.6970","0.2345","2.9677"
"263.7170","0.2342","2.9777"
"263.7370","0.2338","2.9627"
"263.7570","0.2333","2.9216"
"263.7770","0.2329","2.9588"
"263.7970","0.2325","2.9508"
"263.8170","0.2323","2.9755"
"263.8370","0.2320","2.9344"
"263.8570","0.2318","2.8799"
"263.8770","0.2315","2.8962"
"263.8970","0.2312","2.9009"
"263.9170","0.2308","2.8572"
"263.9370","0.2304","2.8765"
"263.9570","0.2300","2.9279"
"263.9770","0.2297","2.9851"
"263.9970","0.2294","3.0352"
"264.0170","0.2291","3.0571"
"264.0370","0.2288","2.9719"
"264.0570","0.2285","2.9116"
"264.0770","0.2281","2.8981"
"264.0970","0.2278","2.8117"
"264.1170","0.2274","2.8325"
"264.1370","0.2270","2.7351"
"264.1570","0.2266","2.7138"
"264.1770","0.2263","2.7786"
"264.1970","0.2260","2.8969"
"264.2170","0.2257","2.9198"
"264.2370","0.2254","2.9087"
"264.2570","0.2250","2.8826"
"264.2770","0.2247","2.9224"
"264.2970","0.2243","2.8349"
"264.3170","0.2240","2.8364"
"264.3370","0.2237","2.8666"
"264.3570","0.2235","2.8737"
"264.3770","0.2232","2.8295"
"264.3970","0.2229","2.8297"
"264.4170","0.2225","2.8115"
"264.4370","0.2221","2.8386"
"264.4570","0.2216","2.7923"
"264.4770","0.2212","2.8107"
"264.4970","0.2209","2.8514"
"264.5170","0.2207","2.8168"
"264.5370","0.2204","2.7727"
"264.5570","0.2201","2.8144"
"264.5770","0.2198","2.7878"
"264.5970","0.2195","2.7172"
"264.6170","0.2191","2.6972"
"264.6370","0.2187","2.7738"
"264.6570","0.2184","2.8571"
"264.6770","0.2180","2.7602"
"264.6970","0.2177","2.8575"
"264.7170","0.2175","2.8139"
"264.7370","0.2172","2.7794"
"264.7570","0.2168","2.7182"
"264.7770","0.2165","2.6877"
"264.7970","0.2161","2.8236"
"264.8170","0.2156","2.8736"
"264.8370","0.2153","2.8216"
"264.8570","0.2149","2.7641"
"264.8770","0.2146","2.7466"
"264.8970","0.2144","2.7654"
"264.9170","0.2141","2.7361"
"264.9370","0.2137","2.7281"
"264.9570","0.2134","2.6901"
"264.9770","0.2130","2.6899"
"264.9970","0.2127","2.7133"
"265.0170","0.2124","2.6367"
"265.0370","0.2121","2.7095"
"265.0570","0.2119","2.7402"
"265.0770","0.2116","2.7718"
"265.0970","0.2112","2.6854"
"265.1170","0.2108","2.7614"
"265.1370","0.2103","2.7806"
"265.1570","0.2099","2.7109"
"265.1770","0.2096","2.6577"
"265.1970","0.2093","2.7164"
"265.2170","0.2090","2.7604"
"265.2370","0.2088","2.7165"
"265.2570","0.2085","2.7393"
"265.2770","0.2082","2.6596"
"265.2970","0.2078","2.7190"
"265.3170","0.2074","2.7681"
"265.3370","0.2071","2.7436"
"265.3570","0.2067","2.7874"
"265.3770","0.2064","2.7495"
"265.3970","0.2061","2.7568"
"265.4170","0.2058","2.7636"
"265.4370","0.2055","2.7076"
"265.4570","0.2051","2.6304"
"265.4770","0.2047","2.6429"
"265.4970","0.2043","2.6250"
"265.5170","0.2039","2.6311"
"265.5370","0.2036","2.6859"
"265.5570","0.2033","2.7118"
"265.5770","0.2030","2.6572"
"265.5970","0.2027","2.6112"
"265.6170","0.2024","2.6044"
"265.6370","0.2021","2.6208"
"265.6570","0.2017","2.6954"
"265.6770","0.2013","2.7030"
"265.6970","0.2010","2.7768"
"265.7170","0.2007","2.7767"
"265.7370","0.2005","2.6926"
"265.7570","0.2002","2.6835"
"265.7770","0.1999","2.6404"
"265.7970","0.1995","2.6875"
"265.8170","0.1991","2.6286"
"265.8370","0.1986","2.5890"
"265.8570","0.1982","2.6907"
"265.8770","0.1979","2.6797"
"265.8970","0.1977","2.6713"
"265.9170","0.1974","2.6718"
"265.9370","0.1972","2.6362"
"265.9570","0.1969","2.6266"
"265.9770","0.1965","2.6640"
"265.9970","0.1961","2.7169"
"266.0170","0.1957","2.7059"
"266.0370","0.1954","2.6376"
"266.0570","0.1950","2.5953"
"266.0770","0.1947","2.5916"
"266.0970","0.1945","2.6551"
"266.1170","0.1942","2.6442"
"266.1370","0.1938","2.5705"
"266.1570","0.1935","2.5850"
"266.1770","0.1930","2.5937"
"266.1970","0.1926","2.5403"
"266.2170","0.1922","2.5849"
"266.2370","0.1919","2.5256"
"266.2570","0.1916","2.5076"
"266.2770","0.1913","2.5901"
"266.2970","0.1910","2.6219"
"266.3170","0.1907","2.5332"
"266.3370","0.1904","2.5054"
"266.3570","0.1900","2.5444"
"266.3770","0.1897","2.6482"
"266.3970","0.1894","2.7352"
"266.4170","0.1891","2.6600"
"266.4370","0.1888","2.6399"
"266.4570","0.1885","2.6815"
"266.4770","0.1882","2.6064"
"266.4970","0.1878","2.6087"
"266.5170","0.1873","2.5732"
"266.5370","0.1869","2.5315"
"266.5570","0.1866","2.4993"
"266.5770","0.1863","2.4471"
"266.5970","0.1861","2.5313"
"266.6170","0.1858","2.5903"
"266.6370","0.1855","2.6168"
"266.6570","0.1852","2.5552"
"266.6770","0.1849","2.5485"
"266.6970","0.1845","2.6338"
"266.7170","0.1841","2.6029"
"266.7370","0.1837","2.5620"
"266.7570","0.1834","2.4908"
"266.7770","0.1831","2.5483"
"266.7970","0.1828","2.6020"
"266.8170","0.1825","2.5645"
"266.8370","0.1821","2.4926"
"266.8570","0.1817","2.4995"
"266.8770","0.1813","2.5172"
"266.8970","0.1809","2.4571"
"266.9170","0.1806","2.5224"
"266.9370","0.1803","2.5615"
"266.9570","0.1800","2.5642"
"266.9770","0.1797","2.5824"
"266.9970","0.1794","2.5487"
"267.0170","0.1791","2.5179"
"267.0370","0.1787","2.4844"
"267.0570","0.1784","2.4677"
"267.0770","0.1780","2.4876"
"267.0970","0.1777","2.4728"
"267.1170","0.1775","2.5148"
"267.1370","0.1772","2.5573"
"267.1570","0.1768","2.5341"
"267.1770","0.1765","2.5404"
"267.1970","0.1760","2.4942"
"267.2170","0.1756","2.4934"
"267.2370","0.1752","2.4135"
"267.2570","0.1749","2.4286"
"267.2770","0.1747","2.3897"
"267.2970","0.1744","2.3719"
"267.3170","0.1742","2.4220"
"267.3370","0.1738","2.3989"
"267.3570","0.1735","2.4082"
"267.3770","0.1731","2.3168"
"267.3970","0.1727","2.4000"
"267.4170","0.1724","2.4236"
"267.4370","0.1721","2.4377"
"267.4570","0.1718","2.4541"
"267.4770","0.1715","2.4206"
"267.4970","0.1712","2.3230"
"267.5170","0.1708","2.2439"
"267.5370","0.1704","2.2659"
"267.5570","0.1700","2.3251"
"267.5770","0.1696","2.3955"
"267.5970","0.1692","2.4348"
"267.6170","0.1689","2.4777"
"267.6370","0.1686","2.4037"
"267.6570","0.1683","2.2684"
"267.6770","0.1681","2.3000"
"267.6970","0.1677","2.3357"
"267.7170","0.1674","2.2985"
"267.7370","0.1670","2.2449"
"267.7570","0.1667","2.2487"
"267.7770","0.1664","2.2386"
"267.7970","0.1661","2.2666"
"267.8170","0.1658","2.2546"
"267.8370","0.1655","2.3084"
"267.8570","0.1651","2.2430"
"267.8770","0.1647","2.2310"
"267.8970","0.1643","2.2489"
"267.9170","0.1639","2.2422"
"267.9370","0.1635","2.1697"
"267.9570","0.1633","2.0910"
"267.9770","0.1631","2.1492"
"267.9970","0.1628","2.1834"
"268.0170","0.1625","2.1879"
"268.0370","0.1622","2.2030"
"268.0570","0.1618","2.2242"
"268.0770","0.1614","2.2309"
"268.0970","0.1611","2.1919"
"268.1170","0.1607","2.1503"
"268.1370","0.1604","2.1683"
"268.1570","0.1602","2.2123"
"268.1770","0.1598","2.2627"
"268.1970","0.1595","2.2573"
"268.2170","0.1591","2.2265"
"268.2370","0.1587","2.2695"
"268.2570","0.1583","2.2408"
"268.2770","0.1579","2.2149"
"268.2970","0.1576","2.0829"
"268.3170","0.1573","2.1688"
"268.3370","0.1570","2.1202"
"268.3570","0.1567","2.0406"
"268.3770","0.1564","2.1535"
"268.3970","0.1560","2.2137"
"268.4170","0.1557","2.1429"
"268.4370","0.1553","2.1720"
"268.4570","0.1550","2.1636"
"268.4770","0.1548","2.0670"
"268.4970","0.1545","2.0339"
"268.5170","0.1542","2.0500"
"268.5370","0.1538","2.0949"
"268.5570","0.1534","2.0199"
"268.5770","0.1530","2.0726"
"268.5970","0.1526","2.0277"
"268.6170","0.1522","1.9711"
"268.6370","0.1519","1.9905"
"268.6570","0.1517","2.0270"
"268.6770","0.1514","2.0395"
"268.6970","0.1511","2.1626"
"268.7170","0.1508","2.1127"
"268.7370","0.1505","2.0532"
"268.7570","0.1501","2.0057"
"268.7770","0.1497","2.0212"
"268.7970","0.1494","2.0254"
"268.8170","0.1491","1.9796"
"268.8370","0.1488","2.0752"
"268.8570","0.1485","2.0038"
"268.8770","0.1482","1.9611"
"268.8970","0.1479","1.9034"
"268.9170","0.1475","1.8915"
"268.9370","0.1470","1.9035"
"268.9570","0.1466","1.8628"
"268.9770","0.1463","1.9297"
"268.9970","0.1459","1.8942"
"269.0170","0.1456","1.8834"
"269.0370","0.1453","1.8774"
"269.0570","0.1450","1.8459"
"269.0770","0.1447","1.8758"
"269.0970","0.1444","1.8589"
"269.1170","0.1440","1.7667"
"269.1370","0.1437","1.6659"
"269.1570","0.1434","1.7495"
"269.1770","0.1431","1.7786"
"269.1970","0.1428","1.8040"
"269.2170","0.1425","1.8276"
"269.2370","0.1421","1.7692"
"269.2570","0.1417","1.7276"
"269.2770","0.1413","1.6595"
"269.2970","0.1409","1.7274"
"269.3170","0.1406","1.8386"
"269.3370","0.1403","1.8247"
"269.3570","0.1401","1.7907"
"269.3770","0.1398","1.7328"
"269.3970","0.1395","1.7594"
"269.4170","0.1392","1.7670"
"269.4370","0.1388","1.7185"
"269.4570","0.1384","1.7129"
"269.4770","0.1381","1.6962"
"269.4970","0.1377","1.6884"
"269.5170","0.1374","1.6288"
"269.5370","0.1372","1.5998"
"269.5570","0.1369","1.5049"
"269.5770","0.1365","1.4960"
"269.5970","0.1362","1.5608"
"269.6170","0.1358","1.6192"
"269.6370","0.1354","1.6721"
"269.6570","0.1350","1.5227"
"269.6770","0.1346","1.4399"
"269.6970","0.1343","1.5258"
"269.7170","0.1340","1.6549"
"269.7370","0.1337","1.5876"
"269.7570","0.1334","1.4523"
"269.7770","0.1330","1.4647"
"269.7970","0.1327","1.4372"
"269.8170","0.1323","1.4716"
"269.8370","0.1321","1.4977"
"269.8570","0.1318","1.4331"
"269.8770","0.1315","1.4547"
"269.8970","0.1312","1.4865"
"269.9170","0.1309","1.4962"
"269.9370","0.1304","1.4138"
"269.9570","0.1300","1.3737"
"269.9770","0.1295","1.3238"
"269.9970","0.1292","1.2834"
"270.0170","0.1289","1.3170"
"270.0370","0.1287","1.2880"
"270.0570","0.1284","1.2812"
"270.0770","0.1281","1.3186"
"270.0970","0.1278","1.3577"
"270.1170","0.1275","1.2684"
"270.1370","0.1271","1.1955"
"270.1570","0.1268","1.2093"
"270.1770","0.1264","1.1954"
"270.1970","0.1261","1.1150"
"270.2170","0.1258","1.1578"
"270.2370","0.1255","1.1592"
"270.2570","0.1252","1.0819"
"270.2770","0.1249","1.0390"
"270.2970","0.1245","1.0186"
"270.3170","0.1240","0.9920"
"270.3370","0.1236","0.9474"
"270.3570","0.1233","1.0221"
"270.3770","0.1229","1.0446"
"270.3970","0.1226","0.9691"
"270.4170","0.1223","0.9268"
"270.4370","0.1220","1.0392"
"270.4570","0.1217","0.9409"
"270.4770","0.1213","0.8602"
"270.4970","0.1210","0.7706"
"270.5170","0.1207","0.7523"
"270.5370","0.1204","0.7944"
"270.5570","0.1202","0.8626"
"270.5770","0.1199","0.8059"
"270.5970","0.1195","0.7403"
"270.6170","0.1192","0.7728"
"270.6370","0.1187","0.8117"
"270.6570","0.1183","0.7339"
"270.6770","0.1179","0.6856"
"270.6970","0.1176","0.7404"
"270.7170","0.1173","0.7030"
"270.7370","0.1171","0.6544"
"270.7570","0.1168","0.7315"
"270.7770","0.1165","0.8196"
"270.7970","0.1162","0.8153"
"270.8170","0.1158","0.7172"
"270.8370","0.1154","0.7227"
"270.8570","0.1150","0.6891"
"270.8770","0.1147","0.6349"
"270.8970","0.1144","0.5853"
"270.9170","0.1141","0.6103"
"270.9370","0.1139","0.5902"
"270.9570","0.1135","0.6283"
"270.9770","0.1132","0.6311"
"270.9970","0.1128","0.6665"
"271.0170","0.1124","0.6746"
"271.0370","0.1120","0.6312"
"271.0570","0.1116","0.6207"
"271.0770","0.1113","0.5789"
"271.0970","0.1110","0.5566"
"271.1170","0.1107","0.5850"
"271.1370","0.1103","0.5420"
"271.1570","0.1100","0.5394"
"271.1770","0.1096","0.4876"
"271.1970","0.1093","0.4910"
"271.2170","0.1090","0.5526"
"271.2370","0.1088","0.5570"
"271.2570","0.1085","0.4405"
"271.2770","0.1082","0.4933"
"271.2970","0.1078","0.5073"
"271.3170","0.1074","0.5337"
"271.3370","0.1070","0.5121"
"271.3570","0.1065","0.4354"
"271.3770","0.1062","0.5052"
"271.3970","0.1059","0.4564"
"271.4170","0.1056","0.4258"
"271.4370","0.1054","0.4324"
"271.4570","0.1051","0.4904"
"271.4770","0.1048","0.4804"
"271.4970","0.1044","0.4216"
"271.5170","0.1041","0.4002"
"271.5370","0.1037","0.5184"
"271.5570","0.1034","0.4581"
"271.5770","0.1031","0.4128"
"271.5970","0.1028","0.3695"
"271.6170","0.1025","0.3788"
"271.6370","0.1022","0.4034"
"271.6570","0.1018","0.4249"
"271.6770","0.1014","0.3284"
"271.6970","0.1010","0.3215"
"271.7060","0.1009","0.2893"

