Time,Displacement,Force
(s),(mm),(N)
"0.0000","0.0000","0.0590"
"0.0200","0.0000","0.0486"
"0.0400","0.0000","-0.0008"
"0.0600","0.0001","-0.0416"
"0.0800","0.0002","0.0147"
"0.1000","0.0005","0.0571"
"0.1200","0.0005","-0.0992"
"0.1400","0.0005","-0.1694"
"0.1600","0.0006","-0.1170"
"0.1800","0.0007","-0.0442"
"0.2000","0.0009","0.0451"
"0.2200","0.0012","0.1058"
"0.2400","0.0017","0.0576"
"0.2600","0.0022","-0.1023"
"0.2800","0.0026","-0.1177"
"0.3000","0.0030","-0.0014"
"0.3200","0.0034","0.0105"
"0.3400","0.0038","0.0458"
"0.3600","0.0043","0.0047"
"0.3800","0.0048","0.1009"
"0.4000","0.0053","0.2144"
"0.4200","0.0057","0.1677"
"0.4400","0.0060","0.1114"
"0.4600","0.0063","0.0689"
"0.4800","0.0066","0.0730"
"0.5000","0.0069","0.1787"
"0.5200","0.0073","0.1937"
"0.5400","0.0077","0.1958"
"0.5600","0.0081","0.1788"
"0.5800","0.0085","0.1958"
"0.6000","0.0089","0.3039"
"0.6200","0.0092","0.2940"
"0.6400","0.0096","0.2669"
"0.6600","0.0101","0.2758"
"0.6800","0.0105","0.3134"
"0.7000","0.0108","0.3776"
"0.7200","0.0111","0.4637"
"0.7400","0.0113","0.4929"
"0.7600","0.0116","0.4370"
"0.7800","0.0118","0.3022"
"0.8000","0.0121","0.3352"
"0.8200","0.0125","0.4371"
"0.8400","0.0129","0.4073"
"0.8600","0.0132","0.4504"
"0.8800","0.0136","0.4889"
"0.9000","0.0139","0.4467"
"0.9200","0.0142","0.4267"
"0.9400","0.0144","0.4651"
"0.9600","0.0147","0.4515"
"0.9800","0.0151","0.4921"
"1.0000","0.0155","0.5002"
"1.0200","0.0159","0.5351"
"1.0400","0.0164","0.5323"
"1.0600","0.0167","0.5354"
"1.0800","0.0170","0.5074"
"1.1000","0.0172","0.5355"
"1.1200","0.0174","0.5085"
"1.1400","0.0177","0.4782"
"1.1600","0.0180","0.5504"
"1.1800","0.0184","0.5746"
"1.2000","0.0188","0.5986"
"1.2200","0.0192","0.6005"
"1.2400","0.0195","0.5880"
"1.2600","0.0199","0.5038"
"1.2800","0.0202","0.4804"
"1.3000","0.0205","0.4928"
"1.3200","0.0208","0.4786"
"1.3400","0.0212","0.5562"
"1.3600","0.0216","0.5490"
"1.3800","0.0220","0.5200"
"1.4000","0.0223","0.5357"
"1.4200","0.0226","0.5259"
"1.4400","0.0228","0.5495"
"1.4600","0.0231","0.5020"
"1.4800","0.0234","0.4959"
"1.5000","0.0237","0.5201"
"1.5200","0.0241","0.5184"
"1.5400","0.0244","0.5472"
"1.5600","0.0248","0.5449"
"1.5800","0.0252","0.5453"
"1.6000","0.0255","0.5269"
"1.6200","0.0257","0.5114"
"1.6400","0.0260","0.4990"
"1.6600","0.0263","0.4932"
"1.6800","0.0267","0.5970"
"1.7000","0.0272","0.6231"
"1.7200","0.0277","0.6130"
"1.7400","0.0281","0.5357"
"1.7600","0.0284","0.4564"
"1.7800","0.0286","0.5242"
"1.8000","0.0288","0.5772"
"1.8200","0.0291","0.6495"
"1.8400","0.0293","0.6584"
"1.8600","0.0297","0.6893"
"1.8800","0.0301","0.6926"
"1.9000","0.0305","0.6312"
"1.9200","0.0308","0.6159"
"1.9400","0.0312","0.6048"
"1.9600","0.0315","0.5884"
"1.9800","0.0318","0.5934"
"2.0000","0.0322","0.6319"
"2.0200","0.0325","0.6110"
"2.0400","0.0329","0.6622"
"2.0600","0.0333","0.6653"
"2.0800","0.0336","0.6270"
"2.1000","0.0339","0.6328"
"2.1200","0.0342","0.6780"
"2.1400","0.0344","0.7330"
"2.1600","0.0347","0.7724"
"2.1800","0.0350","0.7446"
"2.2000","0.0353","0.7252"
"2.2200","0.0357","0.7171"
"2.2400","0.0361","0.6503"
"2.2600","0.0365","0.5742"
"2.2800","0.0368","0.5672"
"2.3000","0.0371","0.6448"
"2.3200","0.0373","0.6823"
"2.3400","0.0376","0.6719"
"2.3600","0.0380","0.6594"
"2.3800","0.0385","0.6099"
"2.4000","0.0389","0.5904"
"2.4200","0.0394","0.6867"
"2.4400","0.0398","0.7300"
"2.4600","0.0400","0.7712"
"2.4800","0.0402","0.6688"
"2.5000","0.0404","0.5780"
"2.5200","0.0407","0.6439"
"2.5400","0.0410","0.6504"
"2.5600","0.0414","0.6444"
"2.5800","0.0418","0.6944"
"2.6000","0.0422","0.7077"
"2.6200","0.0426","0.5977"
"2.6400","0.0429","0.5868"
"2.6600","0.0432","0.7027"
"2.6800","0.0435","0.7041"
"2.7000","0.0438","0.6407"
"2.7200","0.0442","0.5861"
"2.7400","0.0446","0.6233"
"2.7600","0.0450","0.6539"
"2.7800","0.0453","0.6772"
"2.8000","0.0455","0.6584"
"2.8200","0.0458","0.7592"
"2.8400","0.0460","0.7632"
"2.8600","0.0463","0.6936"
"2.8800","0.0467","0.5993"
"2.9000","0.0470","0.6073"
"2.9200","0.0474","0.5946"
"2.9400","0.0478","0.6189"
"2.9600","0.0481","0.5987"
"2.9800","0.0484","0.7015"
"3.0000","0.0487","0.7217"
"3.0200","0.0490","0.6898"
"3.0400","0.0493","0.6062"
"3.0600","0.0497","0.6066"
"3.0800","0.0502","0.6851"
"3.1000","0.0507","0.6978"
"3.1200","0.0511","0.7449"
"3.1400","0.0514","0.7684"
"3.1600","0.0516","0.6576"
"3.1800","0.0519","0.5878"
"3.2000","0.0521","0.5962"
"3.2200","0.0524","0.6653"
"3.2400","0.0527","0.6601"
"3.2600","0.0531","0.7379"
"3.2800","0.0535","0.8194"
"3.3000","0.0539","0.7767"
"3.3200","0.0542","0.7517"
"3.3400","0.0545","0.6365"
"3.3600","0.0548","0.6820"
"3.3800","0.0552","0.6986"
"3.4000","0.0555","0.7765"
"3.4200","0.0559","0.8152"
"3.4400","0.0563","0.7017"
"3.4600","0.0567","0.7258"
"3.4800","0.0569","0.6614"
"3.5000","0.0572","0.6445"
"3.5200","0.0574","0.7333"
"3.5400","0.0577","0.8640"
"3.5600","0.0580","0.8172"
"3.5800","0.0584","0.7736"
"3.6000","0.0588","0.7266"
"3.6200","0.0591","0.7605"
"3.6400","0.0595","0.7828"
"3.6600","0.0598","0.7775"
"3.6800","0.0601","0.7325"
"3.7000","0.0603","0.6843"
"3.7200","0.0606","0.6991"
"3.7400","0.0610","0.6710"
"3.7600","0.0614","0.6481"
"3.7800","0.0618","0.6865"
"3.8000","0.0623","0.7881"
"3.8200","0.0626","0.8448"
"3.8400","0.0629","0.8036"
"3.8600","0.0631","0.7136"
"3.8800","0.0634","0.7403"
"3.9000","0.0636","0.7120"
"3.9200","0.0639","0.7352"
"3.9400","0.0643","0.7201"
"3.9600","0.0647","0.7167"
"3.9800","0.0650","0.7266"
"4.0000","0.0654","0.7490"
"4.0200","0.0657","0.7537"
"4.0400","0.0661","0.7489"
"4.0600","0.0664","0.8396"
"4.0800","0.0668","0.8234"
"4.1000","0.0672","0.7874"
"4.1200","0.0677","0.8438"
"4.1400","0.0681","0.8912"
"4.1600","0.0684","0.7788"
"4.1800","0.0687","0.7841"
"4.2000","0.0689","0.8021"
"4.2200","0.0692","0.6590"
"4.2400","0.0695","0.6369"
"4.2600","0.0698","0.6762"
"4.2800","0.0702","0.7195"
"4.3000","0.0706","0.6973"
"4.3200","0.0709","0.7119"
"4.3400","0.0712","0.7499"
"4.3600","0.0715","0.7787"
"4.3800","0.0718","0.8219"
"4.4000","0.0721","0.7901"
"4.4200","0.0724","0.7871"
"4.4400","0.0728","0.8367"
"4.4600","0.0733","0.7691"
"4.4800","0.0737","0.7093"
"4.5000","0.0741","0.6586"
"4.5200","0.0743","0.6902"
"4.5400","0.0746","0.7898"
"4.5600","0.0748","0.7568"
"4.5800","0.0750","0.6809"
"4.6000","0.0753","0.6669"
"4.6200","0.0757","0.7025"
"4.6400","0.0760","0.7964"
"4.6600","0.0764","0.7430"
"4.6800","0.0768","0.7759"
"4.7000","0.0771","0.7205"
"4.7200","0.0774","0.7529"
"4.7400","0.0777","0.7241"
"4.7600","0.0781","0.6617"
"4.7800","0.0785","0.7225"
"4.8000","0.0789","0.7431"
"4.8200","0.0793","0.8175"
"4.8400","0.0796","0.7760"
"4.8600","0.0799","0.6515"
"4.8800","0.0801","0.6824"
"4.9000","0.0804","0.7122"
"4.9200","0.0807","0.7435"
"4.9400","0.0810","0.7403"
"4.9600","0.0814","0.6842"
"4.9800","0.0818","0.6960"
"5.0000","0.0821","0.7026"
"5.0200","0.0825","0.7671"
"5.0400","0.0828","0.8208"
"5.0600","0.0831","0.7645"
"5.0800","0.0833","0.7490"
"5.1000","0.0837","0.7002"
"5.1200","0.0840","0.6980"
"5.1400","0.0845","0.7565"
"5.1600","0.0850","0.7526"
"5.1800","0.0854","0.7950"
"5.2000","0.0858","0.7768"
"5.2200","0.0860","0.7048"
"5.2400","0.0862","0.7284"
"5.2600","0.0865","0.7073"
"5.2800","0.0868","0.7035"
"5.3000","0.0871","0.6370"
"5.3200","0.0875","0.6594"
"5.3400","0.0879","0.7054"
"5.3600","0.0883","0.6817"
"5.3800","0.0886","0.6716"
"5.4000","0.0889","0.7159"
"5.4200","0.0892","0.8242"
"5.4400","0.0895","0.7714"
"5.4600","0.0899","0.7364"
"5.4800","0.0903","0.7463"
"5.5000","0.0907","0.7919"
"5.5200","0.0911","0.7853"
"5.5400","0.0914","0.7224"
"5.5600","0.0916","0.6551"
"5.5800","0.0918","0.6611"
"5.6000","0.0921","0.6601"
"5.6200","0.0924","0.6897"
"5.6400","0.0927","0.7607"
"5.6600","0.0931","0.7788"
"5.6800","0.0934","0.7571"
"5.7000","0.0938","0.6977"
"5.7200","0.0941","0.6927"
"5.7400","0.0943","0.7520"
"5.7600","0.0946","0.7521"
"5.7800","0.0949","0.7936"
"5.8000","0.0952","0.8691"
"5.8200","0.0956","0.8071"
"5.8400","0.0961","0.8695"
"5.8600","0.0965","0.8651"
"5.8800","0.0969","0.8553"
"5.9000","0.0973","0.8301"
"5.9200","0.0975","0.8031"
"5.9400","0.0978","0.7283"
"5.9600","0.0980","0.7012"
"5.9800","0.0984","0.7264"
"6.0000","0.0987","0.7547"
"6.0200","0.0991","0.7787"
"6.0400","0.0995","0.8116"
"6.0600","0.0998","0.7515"
"6.0800","0.1002","0.6506"
"6.1000","0.1005","0.6777"
"6.1200","0.1008","0.7466"
"6.1400","0.1011","0.7257"
"6.1600","0.1015","0.6716"
"6.1800","0.1020","0.7236"
"6.2000","0.1024","0.8083"
"6.2200","0.1027","0.7337"
"6.2400","0.1030","0.7258"
"6.2600","0.1032","0.7206"
"6.2800","0.1035","0.7565"
"6.3000","0.1038","0.7642"
"6.3200","0.1041","0.6884"
"6.3400","0.1045","0.7045"
"6.3600","0.1049","0.6737"
"6.3800","0.1052","0.6888"
"6.4000","0.1055","0.7834"
"6.4200","0.1058","0.7161"
"6.4400","0.1061","0.7043"
"6.4600","0.1063","0.7287"
"6.4800","0.1066","0.8259"
"6.5000","0.1070","0.7594"
"6.5200","0.1074","0.7259"
"6.5400","0.1079","0.7770"
"6.5600","0.1083","0.7651"
"6.5800","0.1087","0.7467"
"6.6000","0.1089","0.6408"
"6.6200","0.1091","0.6557"
"6.6400","0.1094","0.6649"
"6.6600","0.1097","0.7125"
"6.6800","0.1100","0.7471"
"6.7000","0.1104","0.7219"
"6.7200","0.1108","0.7413"
"6.7400","0.1112","0.7024"
"6.7600","0.1115","0.7613"
"6.7800","0.1118","0.8016"
"6.8000","0.1121","0.7388"
"6.8200","0.1124","0.7865"
"6.8400","0.1128","0.8798"
"6.8600","0.1132","0.9345"
"6.8800","0.1136","0.9377"
"6.9000","0.1140","0.9572"
"6.9200","0.1143","0.9453"
"6.9400","0.1145","0.9219"
"6.9600","0.1148","0.8722"
"6.9800","0.1151","0.8733"
"7.0000","0.1154","0.9701"
"7.0200","0.1157","0.9989"
"7.0400","0.1161","0.9898"
"7.0600","0.1165","0.8350"
"7.0800","0.1168","0.9285"
"7.1000","0.1171","0.8864"
"7.1200","0.1174","0.8882"
"7.1400","0.1177","0.8681"
"7.1600","0.1180","0.9435"
"7.1800","0.1183","1.0548"
"7.2000","0.1187","1.0712"
"7.2200","0.1192","0.9360"
"7.2400","0.1196","0.9351"
"7.2600","0.1200","0.9380"
"7.2800","0.1203","0.9409"
"7.3000","0.1205","0.9654"
"7.3200","0.1207","1.0387"
"7.3400","0.1210","1.0785"
"7.3600","0.1213","1.0963"
"7.3800","0.1217","1.0059"
"7.4000","0.1221","0.9988"
"7.4200","0.1225","1.0395"
"7.4400","0.1228","1.0330"
"7.4600","0.1231","0.9775"
"7.4800","0.1234","1.0661"
"7.5000","0.1237","1.1687"
"7.5200","0.1241","1.2180"
"7.5400","0.1245","1.1872"
"7.5600","0.1249","1.1869"
"7.5800","0.1253","1.1198"
"7.6000","0.1257","1.0428"
"7.6200","0.1259","0.9695"
"7.6400","0.1262","1.0249"
"7.6600","0.1264","1.0554"
"7.6800","0.1267","1.1188"
"7.7000","0.1270","1.0821"
"7.7200","0.1274","1.1057"
"7.7400","0.1278","1.0737"
"7.7600","0.1282","0.9705"
"7.7800","0.1285","0.9755"
"7.8000","0.1288","1.0027"
"7.8200","0.1290","1.1308"
"7.8400","0.1293","1.1584"
"7.8600","0.1296","1.1463"
"7.8800","0.1300","1.0217"
"7.9000","0.1305","1.0715"
"7.9200","0.1309","1.1235"
"7.9400","0.1314","1.1434"
"7.9600","0.1317","1.1763"
"7.9800","0.1319","1.1358"
"8.0000","0.1321","1.1472"
"8.0200","0.1324","1.1788"
"8.0400","0.1327","1.1554"
"8.0600","0.1330","1.1731"
"8.0800","0.1334","1.1487"
"8.1000","0.1338","1.1782"
"8.1200","0.1342","1.2080"
"8.1400","0.1345","1.2851"
"8.1600","0.1348","1.2591"
"8.1800","0.1351","1.1693"
"8.2000","0.1354","1.1819"
"8.2200","0.1358","1.1799"
"8.2400","0.1363","1.2683"
"8.2600","0.1367","1.2898"
"8.2800","0.1370","1.2608"
"8.3000","0.1373","1.1732"
"8.3200","0.1375","1.2290"
"8.3400","0.1378","1.3540"
"8.3600","0.1380","1.3490"
"8.3800","0.1383","1.2912"
"8.4000","0.1387","1.2216"
"8.4200","0.1391","1.3170"
"8.4400","0.1395","1.3809"
"8.4600","0.1399","1.3830"
"8.4800","0.1402","1.3341"
"8.5000","0.1405","1.3577"
"8.5200","0.1407","1.3582"
"8.5400","0.1410","1.3792"
"8.5600","0.1414","1.2928"
"8.5800","0.1418","1.2394"
"8.6000","0.1422","1.3433"
"8.6200","0.1427","1.3637"
"8.6400","0.1430","1.3880"
"8.6600","0.1433","1.3641"
"8.6800","0.1435","1.2785"
"8.7000","0.1438","1.3510"
"8.7200","0.1440","1.3451"
"8.7400","0.1444","1.3750"
"8.7600","0.1447","1.3974"
"8.7800","0.1451","1.3391"
"8.8000","0.1455","1.3992"
"8.8200","0.1458","1.4769"
"8.8400","0.1461","1.4026"
"8.8600","0.1464","1.4249"
"8.8800","0.1468","1.4552"
"8.9000","0.1472","1.5695"
"8.9200","0.1476","1.4961"
"8.9400","0.1480","1.4536"
"8.9600","0.1484","1.4201"
"8.9800","0.1487","1.4531"
"9.0000","0.1489","1.3956"
"9.0200","0.1492","1.3655"
"9.0400","0.1494","1.4129"
"9.0600","0.1497","1.4492"
"9.0800","0.1500","1.5181"
"9.1000","0.1504","1.5099"
"9.1200","0.1508","1.5233"
"9.1400","0.1512","1.3893"
"9.1600","0.1515","1.3402"
"9.1800","0.1518","1.4725"
"9.2000","0.1521","1.5095"
"9.2200","0.1523","1.5733"
"9.2400","0.1527","1.5769"
"9.2600","0.1531","1.5394"
"9.2800","0.1535","1.5093"
"9.3000","0.1540","1.5213"
"9.3200","0.1544","1.4788"
"9.3400","0.1547","1.4278"
"9.3600","0.1549","1.5364"
"9.3800","0.1551","1.5645"
"9.4000","0.1554","1.5587"
"9.4200","0.1557","1.5215"
"9.4400","0.1560","1.5416"
"9.4600","0.1564","1.5915"
"9.4800","0.1568","1.6249"
"9.5000","0.1572","1.5675"
"9.5200","0.1575","1.5897"
"9.5400","0.1578","1.6243"
"9.5600","0.1581","1.5262"
"9.5800","0.1585","1.5693"
"9.6000","0.1589","1.6364"
"9.6200","0.1593","1.6599"
"9.6400","0.1597","1.7109"
"9.6600","0.1600","1.6472"
"9.6800","0.1603","1.6464"
"9.7000","0.1605","1.6431"
"9.7200","0.1608","1.6289"
"9.7400","0.1610","1.5882"
"9.7600","0.1614","1.6123"
"9.7800","0.1617","1.6307"
"9.8000","0.1621","1.6594"
"9.8200","0.1625","1.5994"
"9.8400","0.1628","1.6000"
"9.8600","0.1631","1.6267"
"9.8800","0.1634","1.7054"
"9.9000","0.1637","1.7592"
"9.9200","0.1640","1.7207"
"9.9400","0.1644","1.6306"
"9.9600","0.1648","1.6057"
"9.9800","0.1652","1.6544"
"10.0000","0.1657","1.7158"
"10.0200","0.1660","1.6311"
"10.0400","0.1663","1.6776"
"10.0600","0.1665","1.6950"
"10.0800","0.1668","1.6570"
"10.1000","0.1670","1.7152"
"10.1200","0.1674","1.7375"
"10.1400","0.1677","1.6892"
"10.1600","0.1681","1.6122"
"10.1800","0.1684","1.5515"
"10.2000","0.1688","1.5676"
"10.2200","0.1691","1.6909"
"10.2400","0.1694","1.7505"
"10.2600","0.1697","1.7057"
"10.2800","0.1701","1.7072"
"10.3000","0.1705","1.7696"
"10.3200","0.1710","1.7584"
"10.3400","0.1714","1.7047"
"10.3600","0.1717","1.6778"
"10.3800","0.1719","1.6812"
"10.4000","0.1722","1.7008"
"10.4200","0.1724","1.6609"
"10.4400","0.1727","1.6682"
"10.4600","0.1731","1.7306"
"10.4800","0.1734","1.8092"
"10.5000","0.1738","1.8071"
"10.5200","0.1742","1.8073"
"10.5400","0.1745","1.7363"
"10.5600","0.1748","1.7155"
"10.5800","0.1751","1.7179"
"10.6000","0.1753","1.6441"
"10.6200","0.1757","1.6824"
"10.6400","0.1761","1.7643"
"10.6600","0.1765","1.7491"
"10.6800","0.1770","1.6848"
"10.7000","0.1774","1.7205"
"10.7200","0.1777","1.6835"
"10.7400","0.1779","1.7147"
"10.7600","0.1782","1.7413"
"10.7800","0.1784","1.7345"
"10.8000","0.1787","1.7771"
"10.8200","0.1790","1.8189"
"10.8400","0.1794","1.7664"
"10.8600","0.1798","1.7854"
"10.8800","0.1801","1.8018"
"10.9000","0.1805","1.8283"
"10.9200","0.1808","1.7911"
"10.9400","0.1811","1.7502"
"10.9600","0.1814","1.6880"
"10.9800","0.1818","1.7135"
"11.0000","0.1823","1.7106"
"11.0200","0.1827","1.7632"
"11.0400","0.1830","1.8697"
"11.0600","0.1833","1.8117"
"11.0800","0.1835","1.7854"
"11.1000","0.1838","1.7611"
"11.1200","0.1840","1.7626"
"11.1400","0.1844","1.7402"
"11.1600","0.1847","1.7572"
"11.1800","0.1851","1.7804"
"11.2000","0.1855","1.7545"
"11.2200","0.1858","1.6785"
"11.2400","0.1861","1.6850"
"11.2600","0.1864","1.8252"
"11.2800","0.1867","1.8279"
"11.3000","0.1870","1.7253"
"11.3200","0.1874","1.7136"
"11.3400","0.1878","1.7589"
"11.3600","0.1883","1.9123"
"11.3800","0.1887","1.9498"
"11.4000","0.1891","1.8438"
"11.4200","0.1893","1.8008"
"11.4400","0.1895","1.8459"
"11.4600","0.1898","1.8870"
"11.4800","0.1900","1.8246"
"11.5000","0.1903","1.8017"
"11.5200","0.1907","1.8249"
"11.5400","0.1911","1.9541"
"11.5600","0.1915","1.8843"
"11.5800","0.1918","1.7823"
"11.6000","0.1921","1.8941"
"11.6200","0.1924","1.9169"
"11.6400","0.1928","1.8710"
"11.6600","0.1932","1.8385"
"11.6800","0.1936","1.7974"
"11.7000","0.1940","1.8387"
"11.7200","0.1943","1.8622"
"11.7400","0.1946","1.8024"
"11.7600","0.1949","1.8309"
"11.7800","0.1951","1.7810"
"11.8000","0.1954","1.8838"
"11.8200","0.1957","1.8878"
"11.8400","0.1960","1.8245"
"11.8600","0.1964","1.8210"
"11.8800","0.1968","1.8641"
"11.9000","0.1972","1.8978"
"11.9200","0.1975","1.9801"
"11.9400","0.1978","1.9330"
"11.9600","0.1980","1.8296"
"11.9800","0.1983","1.8708"
"12.0000","0.1986","1.8561"
"12.0200","0.1990","1.8452"
"12.0400","0.1995","1.8758"
"12.0600","0.2000","1.9256"
"12.0800","0.2004","1.9717"
"12.1000","0.2007","1.9276"
"12.1200","0.2010","1.9889"
"12.1400","0.2012","1.9931"
"12.1600","0.2014","1.9873"
"12.1800","0.2017","1.9497"
"12.2000","0.2020","1.9712"
"12.2200","0.2024","1.9798"
"12.2400","0.2028","1.9285"
"12.2600","0.2032","1.9713"
"12.2800","0.2035","2.0131"
"12.3000","0.2038","2.0248"
"12.3200","0.2041","2.0417"
"12.3400","0.2045","1.9877"
"12.3600","0.2049","1.9632"
"12.3800","0.2053","1.9709"
"12.4000","0.2057","2.0850"
"12.4200","0.2060","2.0985"
"12.4400","0.2063","2.1111"
"12.4600","0.2065","2.0158"
"12.4800","0.2067","1.9882"
"12.5000","0.2070","1.9831"
"12.5200","0.2073","2.0176"
"12.5400","0.2077","2.0169"
"12.5600","0.2081","1.9941"
"12.5800","0.2085","1.9835"
"12.6000","0.2089","1.9856"
"12.6200","0.2091","2.0116"
"12.6400","0.2094","2.0749"
"12.6600","0.2097","2.0615"
"12.6800","0.2100","2.0588"
"12.7000","0.2104","2.0631"
"12.7200","0.2108","1.9991"
"12.7400","0.2113","2.0248"
"12.7600","0.2117","2.0858"
"12.7800","0.2121","2.1007"
"12.8000","0.2124","2.1287"
"12.8200","0.2126","2.1415"
"12.8400","0.2128","2.1188"
"12.8600","0.2131","2.1050"
"12.8800","0.2134","2.0683"
"12.9000","0.2137","2.0950"
"12.9200","0.2141","2.1743"
"12.9400","0.2145","2.1531"
"12.9600","0.2148","2.1568"
"12.9800","0.2151","2.1647"
"13.0000","0.2154","2.0515"
"13.0200","0.2158","2.0347"
"13.0400","0.2161","2.1423"
"13.0600","0.2166","2.2343"
"13.0800","0.2170","2.3543"
"13.1000","0.2173","2.2964"
"13.1200","0.2176","2.1619"
"13.1400","0.2179","2.1090"
"13.1600","0.2181","2.1727"
"13.1800","0.2184","2.3022"
"13.2000","0.2187","2.2513"
"13.2200","0.2190","2.2381"
"13.2400","0.2194","2.2374"
"13.2600","0.2198","2.2138"
"13.2800","0.2202","2.2269"
"13.3000","0.2205","2.2328"
"13.3200","0.2208","2.3115"
"13.3400","0.2211","2.3000"
"13.3600","0.2213","2.3193"
"13.3800","0.2217","2.3079"
"13.4000","0.2221","2.2695"
"13.4200","0.2225","2.3565"
"13.4400","0.2230","2.4283"
"13.4600","0.2234","2.3143"
"13.4800","0.2237","2.2708"
"13.5000","0.2239","2.2502"
"13.5200","0.2241","2.2243"
"13.5400","0.2244","2.2650"
"13.5600","0.2247","2.3822"
"13.5800","0.2250","2.3563"
"13.6000","0.2254","2.2651"
"13.6200","0.2258","2.2054"
"13.6400","0.2262","2.2368"
"13.6600","0.2265","2.2794"
"13.6800","0.2268","2.3872"
"13.7000","0.2271","2.4203"
"13.7200","0.2275","2.4043"
"13.7400","0.2279","2.3938"
"13.7600","0.2283","2.4032"
"13.7800","0.2286","2.2921"
"13.8000","0.2290","2.2823"
"13.8200","0.2292","2.3599"
"13.8400","0.2295","2.3384"
"13.8600","0.2297","2.3022"
"13.8800","0.2300","2.3137"
"13.9000","0.2303","2.3201"
"13.9200","0.2307","2.3899"
"13.9400","0.2311","2.3317"
"13.9600","0.2315","2.3846"
"13.9800","0.2318","2.3788"
"14.0000","0.2321","2.3982"
"14.0200","0.2324","2.3527"
"14.0400","0.2327","2.3836"
"14.0600","0.2330","2.4897"
"14.0800","0.2334","2.4202"
"14.1000","0.2338","2.3764"
"14.1200","0.2343","2.4162"
"14.1400","0.2347","2.4739"
"14.1600","0.2350","2.4612"
"14.1800","0.2353","2.4164"
"14.2000","0.2355","2.4156"
"14.2200","0.2358","2.3379"
"14.2400","0.2360","2.3883"
"14.2600","0.2364","2.3859"
"14.2800","0.2367","2.3900"
"14.3000","0.2371","2.3950"
"14.3200","0.2375","2.4410"
"14.3400","0.2378","2.4789"
"14.3600","0.2382","2.4107"
"14.3800","0.2385","2.4628"
"14.4000","0.2388","2.4888"
"14.4200","0.2392","2.4687"
"14.4400","0.2396","2.4308"
"14.4600","0.2400","2.4567"
"14.4800","0.2403","2.4863"
"14.5000","0.2406","2.5526"
"14.5200","0.2408","2.5235"
"14.5400","0.2411","2.4751"
"14.5600","0.2414","2.4613"
"14.5800","0.2417","2.4238"
"14.6000","0.2420","2.3470"
"14.6200","0.2424","2.3662"
"14.6400","0.2428","2.4449"
"14.6600","0.2431","2.4833"
"14.6800","0.2435","2.4441"
"14.7000","0.2437","2.4428"
"14.7200","0.2440","2.4537"
"14.7400","0.2443","2.4948"
"14.7600","0.2447","2.5014"
"14.7800","0.2451","2.5293"
"14.8000","0.2455","2.5348"
"14.8200","0.2460","2.6239"
"14.8400","0.2464","2.5629"
"14.8600","0.2467","2.5028"
"14.8800","0.2469","2.4593"
"14.9000","0.2471","2.5159"
"14.9200","0.2474","2.6372"
"14.9400","0.2477","2.6054"
"14.9600","0.2480","2.5934"
"14.9800","0.2484","2.5920"
"15.0000","0.2488","2.5884"
"15.0200","0.2492","2.5637"
"15.0400","0.2495","2.6140"
"15.0600","0.2498","2.5399"
"15.0800","0.2501","2.5546"
"15.1000","0.2505","2.6044"
"15.1200","0.2509","2.6268"
"15.1400","0.2513","2.6998"
"15.1600","0.2516","2.6913"
"15.1800","0.2520","2.6717"
"15.2000","0.2522","2.6267"
"15.2200","0.2524","2.6103"
"15.2400","0.2527","2.6196"
"15.2600","0.2530","2.5942"
"15.2800","0.2533","2.5448"
"15.3000","0.2537","2.5655"
"15.3200","0.2541","2.6549"
"15.3400","0.2545","2.6619"
"15.3600","0.2548","2.5269"
"15.3800","0.2551","2.5494"
"15.4000","0.2554","2.5856"
"15.4200","0.2557","2.6123"
"15.4400","0.2560","2.6549"
"15.4600","0.2564","2.6095"
"15.4800","0.2569","2.6539"
"15.5000","0.2573","2.6587"
"15.5200","0.2577","2.6565"
"15.5400","0.2580","2.6638"
"15.5600","0.2583","2.5723"
"15.5800","0.2585","2.6028"
"15.6000","0.2587","2.7397"
"15.6200","0.2590","2.8142"
"15.6400","0.2594","2.6993"
"15.6600","0.2598","2.6401"
"15.6800","0.2601","2.7211"
"15.7000","0.2605","2.6548"
"15.7200","0.2609","2.7154"
"15.7400","0.2612","2.7249"
"15.7600","0.2615","2.7107"
"15.7800","0.2618","2.7453"
"15.8000","0.2622","2.7747"
"15.8200","0.2626","2.7394"
"15.8400","0.2630","2.7667"
"15.8600","0.2633","2.7495"
"15.8800","0.2636","2.7141"
"15.9000","0.2639","2.6995"
"15.9200","0.2641","2.7686"
"15.9400","0.2644","2.8078"
"15.9600","0.2647","2.8565"
"15.9800","0.2651","2.9103"
"16.0000","0.2655","2.9657"
"16.0200","0.2658","2.9588"
"16.0400","0.2662","2.8781"
"16.0600","0.2665","2.8100"
"16.0800","0.2668","2.7757"
"16.1000","0.2670","2.8277"
"16.1200","0.2674","2.9272"
"16.1400","0.2677","2.8776"
"16.1600","0.2682","2.8910"
"16.1800","0.2686","2.9266"
"16.2000","0.2691","2.8735"
"16.2200","0.2694","2.7980"
"16.2400","0.2696","2.7876"
"16.2600","0.2699","2.8730"
"16.2800","0.2701","2.8307"
"16.3000","0.2704","2.7661"
"16.3200","0.2707","2.8726"
"16.3400","0.2710","2.9396"
"16.3600","0.2714","2.9058"
"16.3800","0.2718","2.9439"
"16.4000","0.2722","2.9743"
"16.4200","0.2725","2.9625"
"16.4400","0.2729","3.0135"
"16.4600","0.2732","2.9928"
"16.4800","0.2735","2.9530"
"16.5000","0.2739","2.9310"
"16.5200","0.2743","2.9811"
"16.5400","0.2746","2.9236"
"16.5600","0.2749","2.9571"
"16.5800","0.2752","2.9997"
"16.6000","0.2754","3.0095"
"16.6200","0.2757","3.0302"
"16.6400","0.2760","3.0968"
"16.6600","0.2763","2.9965"
"16.6800","0.2767","3.0352"
"16.7000","0.2771","3.0345"
"16.7200","0.2775","3.0120"
"16.7400","0.2778","3.0269"
"16.7600","0.2781","3.0038"
"16.7800","0.2784","2.9695"
"16.8000","0.2787","3.0447"
"16.8200","0.2790","3.0894"
"16.8400","0.2794","3.0540"
"16.8600","0.2799","2.9431"
"16.8800","0.2804","2.9876"
"16.9000","0.2807","3.0841"
"16.9200","0.2810","3.1268"
"16.9400","0.2813","3.1078"
"16.9600","0.2815","3.1138"
"16.9800","0.2817","3.0713"
"17.0000","0.2820","3.1492"
"17.0200","0.2824","3.1415"
"17.0400","0.2828","3.1833"
"17.0600","0.2832","3.2208"
"17.0800","0.2836","3.1893"
"17.1000","0.2839","3.1789"
"17.1200","0.2842","3.1519"
"17.1400","0.2845","3.1102"
"17.1600","0.2848","3.1051"
"17.1800","0.2852","3.2019"
"17.2000","0.2856","3.1867"
"17.2200","0.2860","3.2032"
"17.2400","0.2863","3.2790"
"17.2600","0.2866","3.2175"
"17.2800","0.2868","3.2065"
"17.3000","0.2871","3.2115"
"17.3200","0.2873","3.2681"
"17.3400","0.2877","3.3114"
"17.3600","0.2880","3.3303"
"17.3800","0.2884","3.3259"
"17.4000","0.2888","3.2960"
"17.4200","0.2891","3.2808"
"17.4400","0.2894","3.2279"
"17.4600","0.2897","3.2625"
"17.4800","0.2900","3.2529"
"17.5000","0.2903","3.2084"
"17.5200","0.2907","3.2734"
"17.5400","0.2911","3.3279"
"17.5600","0.2916","3.3436"
"17.5800","0.2921","3.3933"
"17.6000","0.2924","3.3643"
"17.6200","0.2927","3.4032"
"17.6400","0.2929","3.3844"
"17.6600","0.2931","3.3925"
"17.6800","0.2934","3.3754"
"17.7000","0.2937","3.3776"
"17.7200","0.2940","3.3216"
"17.7400","0.2944","3.2798"
"17.7600","0.2948","3.2914"
"17.7800","0.2952","3.4192"
"17.8000","0.2955","3.4061"
"17.8200","0.2958","3.5085"
"17.8400","0.2961","3.5152"
"17.8600","0.2965","3.4675"
"17.8800","0.2969","3.3920"
"17.9000","0.2973","3.3437"
"17.9200","0.2976","3.4348"
"17.9400","0.2979","3.4537"
"17.9600","0.2982","3.4745"
"17.9800","0.2984","3.4843"
"18.0000","0.2987","3.4630"
"18.0200","0.2990","3.5143"
"18.0400","0.2994","3.5804"
"18.0600","0.2997","3.5930"
"18.0800","0.3001","3.5690"
"18.1000","0.3005","3.4627"
"18.1200","0.3008","3.5015"
"18.1400","0.3011","3.6081"
"18.1600","0.3014","3.6423"
"18.1800","0.3016","3.6186"
"18.2000","0.3020","3.5973"
"18.2200","0.3024","3.6094"
"18.2400","0.3029","3.6388"
"18.2600","0.3033","3.6454"
"18.2800","0.3037","3.6755"
"18.3000","0.3040","3.6461"
"18.3200","0.3042","3.4979"
"18.3400","0.3045","3.5184"
"18.3600","0.3047","3.5829"
"18.3800","0.3050","3.6573"
"18.4000","0.3054","3.7101"
"18.4200","0.3058","3.7255"
"18.4400","0.3061","3.6253"
"18.4600","0.3065","3.6505"
"18.4800","0.3068","3.7541"
"18.5000","0.3071","3.8180"
"18.5200","0.3074","3.7523"
"18.5400","0.3078","3.7114"
"18.5600","0.3082","3.6695"
"18.5800","0.3086","3.7023"
"18.6000","0.3090","3.7195"
"18.6200","0.3093","3.7082"
"18.6400","0.3096","3.7163"
"18.6600","0.3098","3.7738"
"18.6800","0.3101","3.7717"
"18.7000","0.3104","3.7634"
"18.7200","0.3107","3.7301"
"18.7400","0.3111","3.7790"
"18.7600","0.3114","3.7930"
"18.7800","0.3118","3.7615"
"18.8000","0.3121","3.8090"
"18.8200","0.3124","3.8610"
"18.8400","0.3127","3.8405"
"18.8600","0.3130","3.8408"
"18.8800","0.3133","3.8709"
"18.9000","0.3137","3.8650"
"18.9200","0.3141","3.9407"
"18.9400","0.3146","3.9808"
"18.9600","0.3150","3.9760"
"18.9800","0.3154","3.9823"
"19.0000","0.3156","3.9813"
"19.0200","0.3158","3.9595"
"19.0400","0.3161","3.9634"
"19.0600","0.3164","3.9704"
"19.0800","0.3167","3.9710"
"19.1000","0.3171","3.9110"
"19.1200","0.3175","3.9130"
"19.1400","0.3178","3.9476"
"19.1600","0.3182","3.9179"
"19.1800","0.3185","3.9394"
"19.2000","0.3188","3.9419"
"19.2200","0.3191","3.9266"
"19.2400","0.3195","3.9563"
"19.2600","0.3199","3.9800"
"19.2800","0.3203","4.0523"
"19.3000","0.3207","4.0541"
"19.3200","0.3210","3.9872"
"19.3400","0.3212","4.0307"
"19.3600","0.3214","4.0420"
"19.3800","0.3217","3.9994"
"19.4000","0.3220","4.0094"
"19.4200","0.3224","3.9661"
"19.4400","0.3228","4.0413"
"19.4600","0.3231","4.1407"
"19.4800","0.3235","4.1721"
"19.5000","0.3238","4.1686"
"19.5200","0.3241","4.1411"
"19.5400","0.3243","4.1174"
"19.5600","0.3247","4.1100"
"19.5800","0.3250","4.0416"
"19.6000","0.3254","3.9543"
"19.6200","0.3259","4.0670"
"19.6400","0.3263","4.1920"
"19.6600","0.3267","4.2363"
"19.6800","0.3270","4.2275"
"19.7000","0.3272","4.1963"
"19.7200","0.3275","4.2101"
"19.7400","0.3277","4.2405"
"19.7600","0.3281","4.1832"
"19.7800","0.3284","4.1646"
"19.8000","0.3288","4.2007"
"19.8200","0.3292","4.1559"
"19.8400","0.3295","4.1833"
"19.8600","0.3298","4.2307"
"19.8800","0.3301","4.2146"
"19.9000","0.3304","4.2334"
"19.9200","0.3308","4.2475"
"19.9400","0.3312","4.2404"
"19.9600","0.3317","4.3011"
"19.9800","0.3320","4.3436"
"20.0000","0.3324","4.3083"
"20.0200","0.3326","4.2967"
"20.0400","0.3328","4.3225"
"20.0600","0.3331","4.3771"
"20.0800","0.3334","4.3688"
"20.1000","0.3337","4.3711"
"20.1200","0.3341","4.2901"
"20.1400","0.3345","4.2396"
"20.1600","0.3348","4.1947"
"20.1800","0.3351","4.2335"
"20.2000","0.3354","4.3597"
"20.2200","0.3357","4.4556"
"20.2400","0.3360","4.4246"
"20.2600","0.3363","4.4329"
"20.2800","0.3367","4.4202"
"20.3000","0.3371","4.3911"
"20.3200","0.3376","4.4395"
"20.3400","0.3380","4.4399"
"20.3600","0.3383","4.3826"
"20.3800","0.3386","4.3847"
"20.4000","0.3388","4.3914"
"20.4200","0.3391","4.4198"
"20.4400","0.3394","4.3751"
"20.4600","0.3397","4.4242"
"20.4800","0.3401","4.5362"
"20.5000","0.3405","4.4890"
"20.5200","0.3409","4.4368"
"20.5400","0.3412","4.3988"
"20.5600","0.3415","4.3948"
"20.5800","0.3418","4.4200"
"20.6000","0.3421","4.3668"
"20.6200","0.3425","4.4365"
"20.6400","0.3429","4.4421"
"20.6600","0.3433","4.4895"
"20.6800","0.3437","4.6183"
"20.7000","0.3440","4.6233"
"20.7200","0.3442","4.6378"
"20.7400","0.3445","4.6084"
"20.7600","0.3447","4.6540"
"20.7800","0.3451","4.6166"
"20.8000","0.3454","4.4864"
"20.8200","0.3458","4.5025"
"20.8400","0.3462","4.5825"
"20.8600","0.3465","4.6416"
"20.8800","0.3468","4.5957"
"20.9000","0.3471","4.5739"
"20.9200","0.3473","4.5192"
"20.9400","0.3476","4.6116"
"20.9600","0.3480","4.5969"
"20.9800","0.3484","4.6195"
"21.0000","0.3489","4.7033"
"21.0200","0.3493","4.7016"
"21.0400","0.3497","4.7619"
"21.0600","0.3499","4.7331"
"21.0800","0.3501","4.6842"
"21.1000","0.3504","4.6029"
"21.1200","0.3507","4.6181"
"21.1400","0.3510","4.5595"
"21.1600","0.3514","4.5946"
"21.1800","0.3518","4.7002"
"21.2000","0.3522","4.7211"
"21.2200","0.3525","4.7526"
"21.2400","0.3528","4.7300"
"21.2600","0.3531","4.7184"
"21.2800","0.3535","4.6582"
"21.3000","0.3538","4.6180"
"21.3200","0.3542","4.7231"
"21.3400","0.3546","4.8072"
"21.3600","0.3550","4.7776"
"21.3800","0.3553","4.7602"
"21.4000","0.3556","4.7357"
"21.4200","0.3558","4.7342"
"21.4400","0.3561","4.7290"
"21.4600","0.3564","4.7302"
"21.4800","0.3567","4.7761"
"21.5000","0.3571","4.8087"
"21.5200","0.3575","4.8345"
"21.5400","0.3578","4.8688"
"21.5600","0.3581","4.8229"
"21.5800","0.3584","4.8260"
"21.6000","0.3587","4.7983"
"21.6200","0.3590","4.7616"
"21.6400","0.3593","4.8366"
"21.6600","0.3597","4.8395"
"21.6800","0.3602","4.9030"
"21.7000","0.3606","4.9261"
"21.7200","0.3610","5.0117"
"21.7400","0.3613","4.9808"
"21.7600","0.3615","4.9569"
"21.7800","0.3618","4.9790"
"21.8000","0.3620","4.9835"
"21.8200","0.3624","4.9881"
"21.8400","0.3627","4.9795"
"21.8600","0.3631","4.9898"
"21.8800","0.3635","4.9922"
"21.9000","0.3638","4.9456"
"21.9200","0.3641","5.0039"
"21.9400","0.3644","4.9771"
"21.9600","0.3648","5.0130"
"21.9800","0.3651","4.9999"
"22.0000","0.3655","4.9478"
"22.0200","0.3659","5.0181"
"22.0400","0.3663","5.0318"
"22.0600","0.3667","5.0122"
"22.0800","0.3669","4.9714"
"22.1000","0.3672","4.9936"
"22.1200","0.3674","5.0404"
"22.1400","0.3677","5.1081"
"22.1600","0.3680","5.1272"
"22.1800","0.3684","5.1286"
"22.2000","0.3688","5.1786"
"22.2200","0.3692","5.1306"
"22.2400","0.3695","5.0669"
"22.2600","0.3698","5.0486"
"22.2800","0.3701","5.0904"
"22.3000","0.3703","5.0646"
"22.3200","0.3706","5.0987"
"22.3400","0.3710","5.1739"
"22.3600","0.3714","5.1524"
"22.3800","0.3719","5.0834"
"22.4000","0.3723","5.1067"
"22.4200","0.3727","5.1049"
"22.4400","0.3729","5.0768"
"22.4600","0.3732","5.1249"
"22.4800","0.3734","5.1981"
"22.5000","0.3737","5.2122"
"22.5200","0.3740","5.1735"
"22.5400","0.3744","5.1207"
"22.5600","0.3748","5.0999"
"22.5800","0.3752","5.1567"
"22.6000","0.3755","5.1968"
"22.6200","0.3758","5.2138"
"22.6400","0.3761","5.2236"
"22.6600","0.3764","5.1867"
"22.6800","0.3768","5.1632"
"22.7000","0.3772","5.1657"
"22.7200","0.3777","5.1741"
"22.7400","0.3780","5.1941"
"22.7600","0.3783","5.1900"
"22.7800","0.3786","5.1582"
"22.8000","0.3788","5.1680"
"22.8200","0.3791","5.2176"
"22.8400","0.3794","5.2620"
"22.8600","0.3797","5.2192"
"22.8800","0.3801","5.1811"
"22.9000","0.3805","5.1979"
"22.9200","0.3809","5.1872"
"22.9400","0.3812","5.2414"
"22.9600","0.3815","5.3682"
"22.9800","0.3817","5.3763"
"23.0000","0.3820","5.3387"
"23.0200","0.3823","5.3197"
"23.0400","0.3827","5.2904"
"23.0600","0.3832","5.3735"
"23.0800","0.3837","5.3669"
"23.1000","0.3840","5.3346"
"23.1200","0.3844","5.2806"
"23.1400","0.3846","5.3663"
"23.1600","0.3848","5.4209"
"23.1800","0.3851","5.3617"
"23.2000","0.3854","5.3013"
"23.2200","0.3857","5.3260"
"23.2400","0.3861","5.3937"
"23.2600","0.3865","5.3676"
"23.2800","0.3868","5.4002"
"23.3000","0.3872","5.4112"
"23.3200","0.3875","5.3522"
"23.3400","0.3878","5.4225"
"23.3600","0.3882","5.4071"
"23.3800","0.3886","5.3719"
"23.4000","0.3890","5.4194"
"23.4200","0.3894","5.4310"
"23.4400","0.3897","5.4694"
"23.4600","0.3900","5.4694"
"23.4800","0.3902","5.4316"
"23.5000","0.3905","5.4397"
"23.5200","0.3907","5.3933"
"23.5400","0.3911","5.3931"
"23.5600","0.3914","5.4019"
"23.5800","0.3918","5.4940"
"23.6000","0.3922","5.3913"
"23.6200","0.3926","5.3427"
"23.6400","0.3928","5.4186"
"23.6600","0.3931","5.4653"
"23.6800","0.3934","5.4797"
"23.7000","0.3937","5.5015"
"23.7200","0.3940","5.4955"
"23.7400","0.3945","5.4356"
"23.7600","0.3949","5.5036"
"23.7800","0.3953","5.6320"
"23.8000","0.3957","5.6195"
"23.8200","0.3959","5.5620"
"23.8400","0.3961","5.6122"
"23.8600","0.3964","5.5955"
"23.8800","0.3967","5.4985"
"23.9000","0.3970","5.5459"
"23.9200","0.3974","5.7007"
"23.9400","0.3978","5.7307"
"23.9600","0.3981","5.6065"
"23.9800","0.3985","5.6121"
"24.0000","0.3988","5.6266"
"24.0200","0.3991","5.6134"
"24.0400","0.3995","5.6725"
"24.0600","0.3998","5.7098"
"24.0800","0.4002","5.6385"
"24.1000","0.4006","5.5949"
"24.1200","0.4010","5.6041"
"24.1400","0.4012","5.6676"
"24.1600","0.4015","5.7415"
"24.1800","0.4017","5.7043"
"24.2000","0.4020","5.6753"
"24.2200","0.4023","5.6255"
"24.2400","0.4026","5.6189"
"24.2600","0.4030","5.6744"
"24.2800","0.4034","5.7108"
"24.3000","0.4038","5.7575"
"24.3200","0.4041","5.7462"
"24.3400","0.4044","5.7266"
"24.3600","0.4046","5.7229"
"24.3800","0.4049","5.7337"
"24.4000","0.4053","5.7383"
"24.4200","0.4057","5.7760"
"24.4400","0.4062","5.7872"
"24.4600","0.4067","5.8653"
"24.4800","0.4071","5.8174"
"24.5000","0.4074","5.8217"
"24.5200","0.4076","5.8255"
"24.5400","0.4078","5.8054"
"24.5600","0.4081","5.7665"
"24.5800","0.4084","5.7297"
"24.6000","0.4088","5.7214"
"24.6200","0.4091","5.7779"
"24.6400","0.4095","5.8784"
"24.6600","0.4099","5.8939"
"24.6800","0.4102","5.8803"
"24.7000","0.4105","5.8914"
"24.7200","0.4108","5.9434"
"24.7400","0.4112","6.0000"
"24.7600","0.4116","6.0013"
"24.7800","0.4120","6.0067"
"24.8000","0.4124","5.9212"
"24.8200","0.4127","5.8341"
"24.8400","0.4130","5.8069"
"24.8600","0.4132","5.9112"
"24.8800","0.4134","5.9200"
"24.9000","0.4137","5.8860"
"24.9200","0.4140","5.8827"
"24.9400","0.4144","5.8658"
"24.9600","0.4148","5.9111"
"24.9800","0.4152","5.8707"
"25.0000","0.4155","5.8574"
"25.0200","0.4158","5.8734"
"25.0400","0.4161","5.8707"
"25.0600","0.4163","5.9347"
"25.0800","0.4167","5.9433"
"25.1000","0.4171","5.9201"
"25.1200","0.4175","5.9107"
"25.1400","0.4180","5.8754"
"25.1600","0.4184","5.9041"
"25.1800","0.4187","5.9613"
"25.2000","0.4190","5.9909"
"25.2200","0.4192","5.9037"
"25.2400","0.4194","5.8596"
"25.2600","0.4197","5.8140"
"25.2800","0.4200","5.9330"
"25.3000","0.4204","5.9914"
"25.3200","0.4207","6.0036"
"25.3400","0.4211","5.9465"
"25.3600","0.4215","5.9537"
"25.3800","0.4218","5.9422"
"25.4000","0.4221","5.9607"
"25.4200","0.4224","5.9588"
"25.4400","0.4228","6.0730"
"25.4600","0.4232","6.0363"
"25.4800","0.4236","6.0727"
"25.5000","0.4240","6.0322"
"25.5200","0.4243","5.9143"
"25.5400","0.4245","5.9449"
"25.5600","0.4248","5.9931"
"25.5800","0.4250","5.9870"
"25.6000","0.4253","5.8307"
"25.6200","0.4257","5.8563"
"25.6400","0.4261","5.9685"
"25.6600","0.4265","6.0240"
"25.6800","0.4268","6.0546"
"25.7000","0.4271","5.9532"
"25.7200","0.4274","5.9273"
"25.7400","0.4277","5.9442"
"25.7600","0.4280","5.9451"
"25.7800","0.4283","5.9520"
"25.8000","0.4287","5.9382"
"25.8200","0.4292","5.9812"
"25.8400","0.4297","5.9454"
"25.8600","0.4301","6.0068"
"25.8800","0.4303","6.0540"
"25.9000","0.4306","6.0529"
"25.9200","0.4308","6.0240"
"25.9400","0.4310","5.9564"
"25.9600","0.4313","5.9103"
"25.9800","0.4317","5.9861"
"26.0000","0.4320","6.0611"
"26.0200","0.4324","5.9751"
"26.0400","0.4328","5.9654"
"26.0600","0.4331","5.9351"
"26.0800","0.4334","5.9687"
"26.1000","0.4337","6.0154"
"26.1200","0.4341","6.0213"
"26.1400","0.4345","6.0534"
"26.1600","0.4350","6.0743"
"26.1800","0.4354","6.1055"
"26.2000","0.4357","6.0915"
"26.2200","0.4359","6.0754"
"26.2400","0.4362","5.9296"
"26.2600","0.4364","5.9406"
"26.2800","0.4367","5.9988"
"26.3000","0.4370","6.0853"
"26.3200","0.4374","6.0715"
"26.3400","0.4378","6.0469"
"26.3600","0.4382","6.0424"
"26.3800","0.4385","6.0385"
"26.4000","0.4388","6.0640"
"26.4200","0.4391","6.0255"
"26.4400","0.4393","5.9480"
"26.4600","0.4396","6.0441"
"26.4800","0.4400","6.1064"
"26.5000","0.4405","6.1294"
"26.5200","0.4410","6.1000"
"26.5400","0.4414","5.9962"
"26.5600","0.4417","5.9792"
"26.5800","0.4420","6.0110"
"26.6000","0.4422","6.0186"
"26.6200","0.4424","6.0257"
"26.6400","0.4427","6.0509"
"26.6600","0.4430","6.0447"
"26.6800","0.4434","6.1206"
"26.7000","0.4438","6.1312"
"26.7200","0.4442","6.1365"
"26.7400","0.4445","6.0960"
"26.7600","0.4448","6.0201"
"26.7800","0.4451","5.9831"
"26.8000","0.4455","6.0525"
"26.8200","0.4459","6.1050"
"26.8400","0.4463","6.0664"
"26.8600","0.4467","6.0595"
"26.8800","0.4470","6.1192"
"26.9000","0.4473","6.0290"
"26.9200","0.4475","6.0427"
"26.9400","0.4478","6.0097"
"26.9600","0.4480","5.9597"
"26.9800","0.4484","6.0331"
"27.0000","0.4487","6.0518"
"27.0200","0.4491","6.0480"
"27.0400","0.4495","6.0567"
"27.0600","0.4499","6.0494"
"27.0800","0.4502","6.0851"
"27.1000","0.4504","6.0888"
"27.1200","0.4507","6.0528"
"27.1400","0.4510","6.0107"
"27.1600","0.4513","6.0114"
"27.1800","0.4518","5.9898"
"27.2000","0.4523","6.0293"
"27.2200","0.4527","6.0782"
"27.2400","0.4531","6.0454"
"27.2600","0.4534","6.0122"
"27.2800","0.4536","6.0358"
"27.3000","0.4539","6.0881"
"27.3200","0.4541","6.0278"
"27.3400","0.4544","5.9895"
"27.3600","0.4547","6.0077"
"27.3800","0.4551","5.9619"
"27.4000","0.4555","5.9264"
"27.4200","0.4558","5.9523"
"27.4400","0.4561","6.0120"
"27.4600","0.4564","6.0745"
"27.4800","0.4568","6.0104"
"27.5000","0.4571","6.0123"
"27.5200","0.4575","6.1391"
"27.5400","0.4580","6.2302"
"27.5600","0.4583","6.1808"
"27.5800","0.4586","6.0984"
"27.6000","0.4589","6.0760"
"27.6200","0.4591","6.0177"
"27.6400","0.4594","6.0471"
"27.6600","0.4597","6.0718"
"27.6800","0.4600","6.0825"
"27.7000","0.4604","6.0742"
"27.7200","0.4608","6.0801"
"27.7400","0.4612","6.1156"
"27.7600","0.4615","6.0485"
"27.7800","0.4618","6.1313"
"27.8000","0.4620","6.1238"
"27.8200","0.4623","6.0499"
"27.8400","0.4626","6.1184"
"27.8600","0.4630","6.2100"
"27.8800","0.4634","6.2137"
"27.9000","0.4639","6.2384"
"27.9200","0.4644","6.2350"
"27.9400","0.4647","6.1556"
"27.9600","0.4649","6.0956"
"27.9800","0.4652","6.1612"
"28.0000","0.4654","6.1585"
"28.0200","0.4657","6.1937"
"28.0400","0.4661","6.2297"
"28.0600","0.4664","6.1462"
"28.0800","0.4668","6.1223"
"28.1000","0.4672","6.2155"
"28.1200","0.4675","6.2050"
"28.1400","0.4678","6.1619"
"28.1600","0.4682","6.1830"
"28.1800","0.4685","6.2461"
"28.2000","0.4689","6.3154"
"28.2200","0.4693","6.2043"
"28.2400","0.4697","6.2508"
"28.2600","0.4700","6.2096"
"28.2800","0.4703","6.2150"
"28.3000","0.4705","6.3194"
"28.3200","0.4708","6.2592"
"28.3400","0.4710","6.1793"
"28.3600","0.4713","6.2282"
"28.3800","0.4717","6.2664"
"28.4000","0.4721","6.2885"
"28.4200","0.4725","6.3087"
"28.4400","0.4728","6.3381"
"28.4600","0.4731","6.2708"
"28.4800","0.4734","6.2200"
"28.5000","0.4737","6.1829"
"28.5200","0.4740","6.3488"
"28.5400","0.4743","6.3641"
"28.5600","0.4747","6.3514"
"28.5800","0.4752","6.3409"
"28.6000","0.4756","6.3401"
"28.6200","0.4760","6.3544"
"28.6400","0.4763","6.3763"
"28.6600","0.4765","6.3792"
"28.6800","0.4767","6.3409"
"28.7000","0.4770","6.2818"
"28.7200","0.4773","6.3215"
"28.7400","0.4777","6.3718"
"28.7600","0.4781","6.3656"
"28.7800","0.4785","6.3650"
"28.8000","0.4788","6.3886"
"28.8200","0.4791","6.4273"
"28.8400","0.4795","6.3571"
"28.8600","0.4798","6.4998"
"28.8800","0.4802","6.4670"
"28.9000","0.4806","6.3617"
"28.9200","0.4810","6.3886"
"28.9400","0.4813","6.3237"
"28.9600","0.4816","6.3016"
"28.9800","0.4819","6.3692"
"29.0000","0.4821","6.4491"
"29.0200","0.4824","6.4372"
"29.0400","0.4827","6.4755"
"29.0600","0.4830","6.4594"
"29.0800","0.4834","6.4257"
"29.1000","0.4838","6.4891"
"29.1200","0.4842","6.5271"
"29.1400","0.4845","6.4483"
"29.1600","0.4848","6.3880"
"29.1800","0.4851","6.4099"
"29.2000","0.4854","6.5273"
"29.2200","0.4857","6.4986"
"29.2400","0.4861","6.4682"
"29.2600","0.4866","6.4785"
"29.2800","0.4870","6.4842"
"29.3000","0.4874","6.5072"
"29.3200","0.4877","6.4344"
"29.3400","0.4879","6.4734"
"29.3600","0.4882","6.6091"
"29.3800","0.4884","6.6309"
"29.4000","0.4887","6.6187"
"29.4200","0.4891","6.5463"
"29.4400","0.4894","6.5657"
"29.4600","0.4898","6.5521"
"29.4800","0.4902","6.4675"
"29.5000","0.4905","6.4673"
"29.5200","0.4908","6.4800"
"29.5400","0.4911","6.4906"
"29.5600","0.4915","6.5248"
"29.5800","0.4919","6.5890"
"29.6000","0.4923","6.5235"
"29.6200","0.4926","6.4885"
"29.6400","0.4930","6.5508"
"29.6600","0.4932","6.5572"
"29.6800","0.4935","6.6362"
"29.7000","0.4937","6.7351"
"29.7200","0.4940","6.6474"
"29.7400","0.4943","6.5946"
"29.7600","0.4947","6.5715"
"29.7800","0.4951","6.5339"
"29.8000","0.4954","6.5722"
"29.8200","0.4958","6.6507"
"29.8400","0.4961","6.6177"
"29.8600","0.4964","6.5366"
"29.8800","0.4967","6.5802"
"29.9000","0.4970","6.6659"
"29.9200","0.4973","6.6200"
"29.9400","0.4978","6.6221"
"29.9600","0.4983","6.6360"
"29.9800","0.4987","6.7266"
"30.0000","0.4990","6.6864"
"30.0200","0.4992","6.6224"
"30.0400","0.4995","6.6498"
"30.0600","0.4997","6.5898"
"30.0800","0.5000","6.6639"
"30.1000","0.5003","6.7093"
"30.1200","0.5007","6.7261"
"30.1400","0.5011","6.7672"
"30.1600","0.5015","6.7550"
"30.1800","0.5019","6.7197"
"30.2000","0.5022","6.7698"
"30.2200","0.5025","6.7878"
"30.2400","0.5028","6.7586"
"30.2600","0.5032","6.7554"
"30.2800","0.5036","6.7578"
"30.3000","0.5040","6.8003"
"30.3200","0.5043","6.7785"
"30.3400","0.5046","6.7333"
"30.3600","0.5049","6.6955"
"30.3800","0.5051","6.7091"
"30.4000","0.5054","6.7344"
"30.4200","0.5057","6.7313"
"30.4400","0.5061","6.6988"
"30.4600","0.5064","6.7464"
"30.4800","0.5068","6.7678"
"30.5000","0.5072","6.8077"
"30.5200","0.5075","6.8158"
"30.5400","0.5078","6.7770"
"30.5600","0.5080","6.8217"
"30.5800","0.5083","6.8675"
"30.6000","0.5087","6.8352"
"30.6200","0.5091","6.8300"
"30.6400","0.5096","6.7688"
"30.6600","0.5101","6.6982"
"30.6800","0.5104","6.7745"
"30.7000","0.5107","6.7860"
"30.7200","0.5109","6.7967"
"30.7400","0.5111","6.8003"
"30.7600","0.5114","6.8129"
"30.7800","0.5117","6.8019"
"30.8000","0.5120","6.8132"
"30.8200","0.5124","6.7759"
"30.8400","0.5128","6.7510"
"30.8600","0.5132","6.8844"
"30.8800","0.5135","6.8656"
"30.9000","0.5139","6.8573"
"30.9200","0.5142","6.8494"
"30.9400","0.5145","6.9177"
"30.9600","0.5149","6.9078"
"30.9800","0.5153","6.8381"
"31.0000","0.5156","6.9000"
"31.0200","0.5160","6.9258"
"31.0400","0.5162","6.9355"
"31.0600","0.5165","6.9552"
"31.0800","0.5167","6.9353"
"31.1000","0.5170","6.8642"
"31.1200","0.5173","6.9050"
"31.1400","0.5177","6.9067"
"31.1600","0.5181","6.8975"
"31.1800","0.5185","6.8782"
"31.2000","0.5188","6.8885"
"31.2200","0.5191","6.9614"
"31.2400","0.5194","6.9614"
"31.2600","0.5197","6.9940"
"31.2800","0.5200","6.9229"
"31.3000","0.5204","6.8815"
"31.3200","0.5209","6.8872"
"31.3400","0.5213","6.8630"
"31.3600","0.5217","6.9007"
"31.3800","0.5221","6.9352"
"31.4000","0.5223","6.8722"
"31.4200","0.5225","6.8851"
"31.4400","0.5227","6.9152"
"31.4600","0.5230","6.8422"
"31.4800","0.5234","6.8861"
"31.5000","0.5238","6.8826"
"31.5200","0.5242","6.8745"
"31.5400","0.5245","6.9673"
"31.5600","0.5249","7.0085"
"31.5800","0.5252","6.9678"
"31.6000","0.5255","6.9897"
"31.6200","0.5258","7.0201"
"31.6400","0.5262","7.0200"
"31.6600","0.5266","7.0423"
"31.6800","0.5270","7.0156"
"31.7000","0.5273","6.9588"
"31.7200","0.5276","6.9382"
"31.7400","0.5278","6.9548"
"31.7600","0.5281","6.9096"
"31.7800","0.5284","6.9016"
"31.8000","0.5287","6.9550"
"31.8200","0.5290","7.0955"
"31.8400","0.5294","7.0101"
"31.8600","0.5298","6.9596"
"31.8800","0.5301","6.9976"
"31.9000","0.5304","7.0193"
"31.9200","0.5307","7.0211"
"31.9400","0.5310","7.0478"
"31.9600","0.5313","7.0357"
"31.9800","0.5316","7.0274"
"32.0000","0.5321","7.0235"
"32.0200","0.5326","7.0291"
"32.0400","0.5331","7.0369"
"32.0600","0.5334","7.0460"
"32.0800","0.5337","7.0523"
"32.1000","0.5339","7.1199"
"32.1200","0.5341","7.1225"
"32.1400","0.5344","7.2132"
"32.1600","0.5347","7.1689"
"32.1800","0.5351","7.2586"
"32.2000","0.5354","7.1904"
"32.2200","0.5358","7.1277"
"32.2400","0.5362","7.1489"
"32.2600","0.5365","7.1330"
"32.2800","0.5368","7.1626"
"32.3000","0.5371","7.1515"
"32.3200","0.5375","7.1141"
"32.3400","0.5379","7.1383"
"32.3600","0.5383","7.2034"
"32.3800","0.5386","7.2074"
"32.4000","0.5390","7.2299"
"32.4200","0.5392","7.2530"
"32.4400","0.5395","7.2062"
"32.4600","0.5397","7.2271"
"32.4800","0.5400","7.2759"
"32.5000","0.5404","7.3651"
"32.5200","0.5407","7.3103"
"32.5400","0.5411","7.2427"
"32.5600","0.5415","7.2769"
"32.5800","0.5418","7.3599"
"32.6000","0.5421","7.3750"
"32.6200","0.5424","7.3742"
"32.6400","0.5427","7.4633"
"32.6600","0.5430","7.5032"
"32.6800","0.5434","7.3984"
"32.7000","0.5438","7.2927"
"32.7200","0.5443","7.3219"
"32.7400","0.5447","7.2820"
"32.7600","0.5450","7.2866"
"32.7800","0.5453","7.4078"
"32.8000","0.5455","7.3791"
"32.8200","0.5457","7.3505"
"32.8400","0.5460","7.3703"
"32.8600","0.5464","7.3828"
"32.8800","0.5468","7.3639"
"32.9000","0.5471","7.3697"
"32.9200","0.5475","7.4303"
"32.9400","0.5478","7.3971"
"32.9600","0.5481","7.3609"
"32.9800","0.5485","7.3867"
"33.0000","0.5488","7.4047"
"33.0200","0.5492","7.4425"
"33.0400","0.5496","7.4370"
"33.0600","0.5500","7.3850"
"33.0800","0.5503","7.4454"
"33.1000","0.5506","7.4285"
"33.1200","0.5509","7.3451"
"33.1400","0.5511","7.3693"
"33.1600","0.5514","7.3208"
"33.1800","0.5517","7.3046"
"33.2000","0.5520","7.3251"
"33.2200","0.5524","7.3868"
"33.2400","0.5528","7.4204"
"33.2600","0.5531","7.4692"
"33.2800","0.5534","7.5345"
"33.3000","0.5537","7.5426"
"33.3200","0.5540","7.5153"
"33.3400","0.5543","7.4511"
"33.3600","0.5547","7.4435"
"33.3800","0.5551","7.4748"
"33.4000","0.5556","7.5201"
"33.4200","0.5560","7.4764"
"33.4400","0.5564","7.4243"
"33.4600","0.5566","7.5036"
"33.4800","0.5568","7.5148"
"33.5000","0.5571","7.4097"
"33.5200","0.5574","7.4515"
"33.5400","0.5577","7.5410"
"33.5600","0.5581","7.5776"
"33.5800","0.5585","7.5563"
"33.6000","0.5588","7.5450"
"33.6200","0.5592","7.5050"
"33.6400","0.5595","7.5357"
"33.6600","0.5598","7.5317"
"33.6800","0.5601","7.5260"
"33.7000","0.5605","7.5823"
"33.7200","0.5609","7.5952"
"33.7400","0.5613","7.5613"
"33.7600","0.5617","7.5503"
"33.7800","0.5620","7.5451"
"33.8000","0.5622","7.6236"
"33.8200","0.5625","7.6293"
"33.8400","0.5627","7.5653"
"33.8600","0.5631","7.5524"
"33.8800","0.5634","7.6024"
"33.9000","0.5638","7.5272"
"33.9200","0.5641","7.5522"
"33.9400","0.5645","7.5228"
"33.9600","0.5648","7.5289"
"33.9800","0.5651","7.5503"
"34.0000","0.5654","7.4768"
"34.0200","0.5656","7.5472"
"34.0400","0.5660","7.5663"
"34.0600","0.5664","7.6336"
"34.0800","0.5668","7.6815"
"34.1000","0.5673","7.6614"
"34.1200","0.5677","7.6080"
"34.1400","0.5680","7.5927"
"34.1600","0.5682","7.5822"
"34.1800","0.5685","7.5284"
"34.2000","0.5687","7.5046"
"34.2200","0.5691","7.5149"
"34.2400","0.5694","7.5959"
"34.2600","0.5698","7.5504"
"34.2800","0.5702","7.5494"
"34.3000","0.5705","7.5865"
"34.3200","0.5708","7.5860"
"34.3400","0.5711","7.5768"
"34.3600","0.5714","7.6149"
"34.3800","0.5718","7.6813"
"34.4000","0.5722","7.6997"
"34.4200","0.5726","7.6298"
"34.4400","0.5730","7.6197"
"34.4600","0.5734","7.6345"
"34.4800","0.5736","7.6049"
"34.5000","0.5739","7.5335"
"34.5200","0.5741","7.5368"
"34.5400","0.5744","7.6539"
"34.5600","0.5747","7.6899"
"34.5800","0.5751","7.6103"
"34.6000","0.5755","7.5872"
"34.6200","0.5758","7.5566"
"34.6400","0.5762","7.5896"
"34.6600","0.5765","7.6669"
"34.6800","0.5767","7.6706"
"34.7000","0.5770","7.6063"
"34.7200","0.5773","7.5484"
"34.7400","0.5777","7.5509"
"34.7600","0.5781","7.6372"
"34.7800","0.5786","7.6531"
"34.8000","0.5790","7.6780"
"34.8200","0.5794","7.6437"
"34.8400","0.5796","7.6166"
"34.8600","0.5798","7.6056"
"34.8800","0.5801","7.6932"
"34.9000","0.5804","7.6683"
"34.9200","0.5807","7.6537"
"34.9400","0.5811","7.6389"
"34.9600","0.5815","7.6246"
"34.9800","0.5819","7.6405"
"35.0000","0.5822","7.6243"
"35.0200","0.5825","7.6177"
"35.0400","0.5828","7.5959"
"35.0600","0.5831","7.6587"
"35.0800","0.5835","7.6930"
"35.1000","0.5839","7.7361"
"35.1200","0.5843","7.7472"
"35.1400","0.5847","7.7243"
"35.1600","0.5850","7.7202"
"35.1800","0.5852","7.6704"
"35.2000","0.5855","7.6552"
"35.2200","0.5858","7.6164"
"35.2400","0.5861","7.6628"
"35.2600","0.5864","7.6897"
"35.2800","0.5868","7.5923"
"35.3000","0.5872","7.6419"
"35.3200","0.5875","7.7692"
"35.3400","0.5878","7.7847"
"35.3600","0.5881","7.7674"
"35.3800","0.5883","7.7709"
"35.4000","0.5886","7.7738"
"35.4200","0.5890","7.6433"
"35.4400","0.5894","7.7010"
"35.4600","0.5899","7.7561"
"35.4800","0.5903","7.8240"
"35.5000","0.5907","7.8398"
"35.5200","0.5909","7.7490"
"35.5400","0.5912","7.6958"
"35.5600","0.5914","7.7261"
"35.5800","0.5917","7.7247"
"35.6000","0.5920","7.8302"
"35.6200","0.5924","7.8302"
"35.6400","0.5928","7.7540"
"35.6600","0.5932","7.6833"
"35.6800","0.5935","7.6877"
"35.7000","0.5938","7.6747"
"35.7200","0.5941","7.7300"
"35.7400","0.5944","7.8329"
"35.7600","0.5948","7.8769"
"35.7800","0.5952","7.8073"
"35.8000","0.5956","7.7737"
"35.8200","0.5960","7.7595"
"35.8400","0.5963","7.8428"
"35.8600","0.5966","7.7992"
"35.8800","0.5968","7.7426"
"35.9000","0.5971","7.7646"
"35.9200","0.5974","7.7997"
"35.9400","0.5977","7.8199"
"35.9600","0.5981","7.8012"
"35.9800","0.5985","7.7043"
"36.0000","0.5988","7.7084"
"36.0200","0.5991","7.7065"
"36.0400","0.5994","7.6612"
"36.0600","0.5997","7.6822"
"36.0800","0.6000","7.7207"
"36.1000","0.6003","7.7521"
"36.1200","0.6007","7.7735"
"36.1400","0.6011","7.7877"
"36.1600","0.6016","7.8374"
"36.1800","0.6020","7.8856"
"36.2000","0.6023","7.8682"
"36.2200","0.6026","7.9138"
"36.2400","0.6028","7.8630"
"36.2600","0.6030","7.8052"
"36.2800","0.6033","7.7694"
"36.3000","0.6037","7.7723"
"36.3200","0.6041","7.7445"
"36.3400","0.6045","7.7612"
"36.3600","0.6048","7.8402"
"36.3800","0.6052","7.8822"
"36.4000","0.6055","7.8715"
"36.4200","0.6058","7.8167"
"36.4400","0.6061","7.8288"
"36.4600","0.6065","7.8417"
"36.4800","0.6069","7.8991"
"36.5000","0.6073","7.9746"
"36.5200","0.6077","7.9539"
"36.5400","0.6080","7.8794"
"36.5600","0.6082","7.8397"
"36.5800","0.6084","7.9232"
"36.6000","0.6087","7.9409"
"36.6200","0.6090","7.9282"
"36.6400","0.6094","7.9601"
"36.6600","0.6098","7.9145"
"36.6800","0.6102","7.9724"
"36.7000","0.6105","8.0168"
"36.7200","0.6108","7.9655"
"36.7400","0.6111","7.9168"
"36.7600","0.6113","7.9247"
"36.7800","0.6116","7.9345"
"36.8000","0.6120","7.9111"
"36.8200","0.6124","7.9370"
"36.8400","0.6129","8.0269"
"36.8600","0.6133","7.9758"
"36.8800","0.6137","7.9710"
"36.9000","0.6140","8.0141"
"36.9200","0.6142","8.0224"
"36.9400","0.6144","7.8919"
"36.9600","0.6147","7.9402"
"36.9800","0.6150","7.9686"
"37.0000","0.6154","7.9917"
"37.0200","0.6158","7.9355"
"37.0400","0.6161","7.9490"
"37.0600","0.6165","8.0419"
"37.0800","0.6168","7.9603"
"37.1000","0.6171","7.9392"
"37.1200","0.6174","8.0482"
"37.1400","0.6178","8.0685"
"37.1600","0.6182","8.0169"
"37.1800","0.6186","7.9940"
"37.2000","0.6190","8.0219"
"37.2200","0.6193","8.0301"
"37.2400","0.6196","8.1305"
"37.2600","0.6198","8.1690"
"37.2800","0.6201","8.0063"
"37.3000","0.6204","7.8962"
"37.3200","0.6207","7.9675"
"37.3400","0.6211","8.0287"
"37.3600","0.6215","8.0112"
"37.3800","0.6219","7.9621"
"37.4000","0.6222","8.0228"
"37.4200","0.6225","8.0414"
"37.4400","0.6228","8.0046"
"37.4600","0.6230","8.1229"
"37.4800","0.6234","8.0939"
"37.5000","0.6237","8.1030"
"37.5200","0.6242","8.1324"
"37.5400","0.6246","8.1153"
"37.5600","0.6250","8.0777"
"37.5800","0.6254","8.0677"
"37.6000","0.6256","8.0885"
"37.6200","0.6258","8.0936"
"37.6400","0.6261","8.1715"
"37.6600","0.6264","8.1362"
"37.6800","0.6267","8.0725"
"37.7000","0.6271","8.0999"
"37.7200","0.6275","8.1052"
"37.7400","0.6278","8.1167"
"37.7600","0.6282","8.0825"
"37.7800","0.6285","8.0501"
"37.8000","0.6288","8.1317"
"37.8200","0.6291","8.2009"
"37.8400","0.6295","8.2706"
"37.8600","0.6300","8.2735"
"37.8800","0.6304","8.2973"
"37.9000","0.6307","8.2254"
"37.9200","0.6310","8.2236"
"37.9400","0.6312","8.2911"
"37.9600","0.6314","8.1942"
"37.9800","0.6317","8.1743"
"38.0000","0.6320","8.1551"
"38.0200","0.6324","8.2487"
"38.0400","0.6328","8.3544"
"38.0600","0.6332","8.2943"
"38.0800","0.6335","8.2491"
"38.1000","0.6338","8.2677"
"38.1200","0.6341","8.2471"
"38.1400","0.6344","8.2367"
"38.1600","0.6347","8.2529"
"38.1800","0.6350","8.1869"
"38.2000","0.6355","8.2075"
"38.2200","0.6359","8.2416"
"38.2400","0.6364","8.3312"
"38.2600","0.6367","8.3269"
"38.2800","0.6370","8.3061"
"38.3000","0.6372","8.2916"
"38.3200","0.6374","8.3489"
"38.3400","0.6377","8.3870"
"38.3600","0.6380","8.4450"
"38.3800","0.6384","8.4753"
"38.4000","0.6388","8.4831"
"38.4200","0.6392","8.4922"
"38.4400","0.6395","8.4117"
"38.4600","0.6398","8.3429"
"38.4800","0.6401","8.3267"
"38.5000","0.6405","8.3698"
"38.5200","0.6408","8.3970"
"38.5400","0.6412","8.4763"
"38.5600","0.6416","8.4349"
"38.5800","0.6420","8.3561"
"38.6000","0.6423","8.4589"
"38.6200","0.6426","8.5506"
"38.6400","0.6428","8.5617"
"38.6600","0.6431","8.5258"
"38.6800","0.6434","8.4588"
"38.7000","0.6437","8.5045"
"38.7200","0.6441","8.5325"
"38.7400","0.6445","8.5763"
"38.7600","0.6449","8.5329"
"38.7800","0.6452","8.4586"
"38.8000","0.6454","8.5004"
"38.8200","0.6457","8.5117"
"38.8400","0.6460","8.5611"
"38.8600","0.6463","8.6122"
"38.8800","0.6467","8.6185"
"38.9000","0.6472","8.5492"
"38.9200","0.6477","8.5230"
"38.9400","0.6480","8.5786"
"38.9600","0.6483","8.6433"
"38.9800","0.6486","8.6293"
"39.0000","0.6488","8.5913"
"39.0200","0.6491","8.6399"
"39.0400","0.6494","8.7201"
"39.0600","0.6497","8.7092"
"39.0800","0.6501","8.6972"
"39.1000","0.6504","8.6379"
"39.1200","0.6508","8.6731"
"39.1400","0.6511","8.6463"
"39.1600","0.6514","8.7012"
"39.1800","0.6517","8.7269"
"39.2000","0.6521","8.7345"
"39.2200","0.6525","8.8677"
"39.2400","0.6529","8.8329"
"39.2600","0.6533","8.6857"
"39.2800","0.6537","8.7153"
"39.3000","0.6540","8.7294"
"39.3200","0.6542","8.7521"
"39.3400","0.6544","8.7506"
"39.3600","0.6547","8.8234"
"39.3800","0.6550","8.8372"
"39.4000","0.6554","8.7333"
"39.4200","0.6558","8.6935"
"39.4400","0.6562","8.7426"
"39.4600","0.6565","8.7382"
"39.4800","0.6568","8.7223"
"39.5000","0.6571","8.8522"
"39.5200","0.6573","8.9715"
"39.5400","0.6577","8.8892"
"39.5600","0.6580","8.7638"
"39.5800","0.6585","8.7328"
"39.6000","0.6589","8.8098"
"39.6200","0.6594","8.9134"
"39.6400","0.6597","8.9496"
"39.6600","0.6600","8.8468"
"39.6800","0.6602","8.8175"
"39.7000","0.6604","8.8063"
"39.7200","0.6607","8.8400"
"39.7400","0.6610","8.8963"
"39.7600","0.6614","8.8674"
"39.7800","0.6618","8.8692"
"39.8000","0.6621","8.9361"
"39.8200","0.6625","9.0107"
"39.8400","0.6628","9.0022"
"39.8600","0.6631","8.9655"
"39.8800","0.6634","8.9436"
"39.9000","0.6638","8.9095"
"39.9200","0.6642","8.9710"
"39.9400","0.6646","8.9084"
"39.9600","0.6650","8.8983"
"39.9800","0.6653","8.9461"
"40.0000","0.6656","8.9708"
"40.0200","0.6658","9.0317"
"40.0400","0.6661","9.0057"
"40.0600","0.6664","9.0196"
"40.0800","0.6667","9.0339"
"40.1000","0.6671","9.0043"
"40.1200","0.6675","9.0912"
"40.1400","0.6678","9.0864"
"40.1600","0.6682","9.1352"
"40.1800","0.6684","9.1471"
"40.2000","0.6687","9.1306"
"40.2200","0.6690","9.1070"
"40.2400","0.6693","9.0849"
"40.2600","0.6697","9.1576"
"40.2800","0.6702","9.1913"
"40.3000","0.6707","9.1497"
"40.3200","0.6711","9.0735"
"40.3400","0.6714","9.1086"
"40.3600","0.6716","9.1405"
"40.3800","0.6718","9.2083"
"40.4000","0.6721","9.2676"
"40.4200","0.6723","9.2266"
"40.4400","0.6727","9.2026"
"40.4600","0.6731","9.2128"
"40.4800","0.6734","9.1494"
"40.5000","0.6738","9.1550"
"40.5200","0.6741","9.1501"
"40.5400","0.6744","9.2438"
"40.5600","0.6748","9.2243"
"40.5800","0.6751","9.2368"
"40.6000","0.6755","9.2870"
"40.6200","0.6760","9.2346"
"40.6400","0.6763","9.2717"
"40.6600","0.6767","9.3456"
"40.6800","0.6769","9.2819"
"40.7000","0.6772","9.1670"
"40.7200","0.6774","9.1665"
"40.7400","0.6777","9.2682"
"40.7600","0.6780","9.3590"
"40.7800","0.6784","9.3504"
"40.8000","0.6788","9.3520"
"40.8200","0.6792","9.3688"
"40.8400","0.6795","9.4149"
"40.8600","0.6798","9.3963"
"40.8800","0.6801","9.3539"
"40.9000","0.6803","9.3582"
"40.9200","0.6807","9.2722"
"40.9400","0.6810","9.3439"
"40.9600","0.6815","9.3827"
"40.9800","0.6819","9.4187"
"41.0000","0.6824","9.4832"
"41.0200","0.6827","9.4743"
"41.0400","0.6830","9.4819"
"41.0600","0.6832","9.4896"
"41.0800","0.6834","9.5238"
"41.1000","0.6837","9.4881"
"41.1200","0.6840","9.4696"
"41.1400","0.6844","9.5326"
"41.1600","0.6848","9.5506"
"41.1800","0.6851","9.5090"
"41.2000","0.6855","9.5457"
"41.2200","0.6858","9.5246"
"41.2400","0.6861","9.4958"
"41.2600","0.6865","9.4372"
"41.2800","0.6868","9.4799"
"41.3000","0.6872","9.5604"
"41.3200","0.6876","9.5674"
"41.3400","0.6880","9.5158"
"41.3600","0.6883","9.6006"
"41.3800","0.6885","9.5525"
"41.4000","0.6888","9.5598"
"41.4200","0.6890","9.5442"
"41.4400","0.6893","9.5541"
"41.4600","0.6897","9.6345"
"41.4800","0.6901","9.6665"
"41.5000","0.6905","9.6300"
"41.5200","0.6909","9.6136"
"41.5400","0.6912","9.6542"
"41.5600","0.6914","9.6350"
"41.5800","0.6917","9.6725"
"41.6000","0.6920","9.7340"
"41.6200","0.6923","9.7431"
"41.6400","0.6927","9.7096"
"41.6600","0.6932","9.6925"
"41.6800","0.6937","9.6829"
"41.7000","0.6941","9.7649"
"41.7200","0.6944","9.6951"
"41.7400","0.6946","9.6971"
"41.7600","0.6948","9.6729"
"41.7800","0.6951","9.7225"
"41.8000","0.6954","9.6800"
"41.8200","0.6957","9.6549"
"41.8400","0.6961","9.6835"
"41.8600","0.6965","9.7430"
"41.8800","0.6968","9.7412"
"41.9000","0.6971","9.7902"
"41.9200","0.6974","9.8325"
"41.9400","0.6978","9.8312"
"41.9600","0.6981","9.8428"
"41.9800","0.6985","9.7814"
"42.0000","0.6990","9.7595"
"42.0200","0.6993","9.7955"
"42.0400","0.6997","9.8166"
"42.0600","0.6999","9.8194"
"42.0800","0.7002","9.7826"
"42.1000","0.7004","9.8322"
"42.1200","0.7007","9.9202"
"42.1400","0.7010","9.9225"
"42.1600","0.7014","9.9294"
"42.1800","0.7018","9.9320"
"42.2000","0.7022","9.8918"
"42.2200","0.7025","9.9040"
"42.2400","0.7028","9.9618"
"42.2600","0.7031","9.9225"
"42.2800","0.7034","9.9363"
"42.3000","0.7037","9.9094"
"42.3200","0.7040","9.9591"
"42.3400","0.7045","10.0173"
"42.3600","0.7049","9.9480"
"42.3800","0.7054","9.9305"
"42.4000","0.7057","10.0130"
"42.4200","0.7060","10.0187"
"42.4400","0.7062","10.0285"
"42.4600","0.7064","10.0605"
"42.4800","0.7067","10.0657"
"42.5000","0.7070","10.1264"
"42.5200","0.7074","10.0839"
"42.5400","0.7078","10.1061"
"42.5600","0.7081","10.0858"
"42.5800","0.7085","10.0563"
"42.6000","0.7088","10.0522"
"42.6200","0.7091","10.0169"
"42.6400","0.7095","10.0683"
"42.6600","0.7098","10.1964"
"42.6800","0.7102","10.2872"
"42.7000","0.7106","10.2000"
"42.7200","0.7110","10.2168"
"42.7400","0.7113","10.2051"
"42.7600","0.7115","10.2334"
"42.7800","0.7118","10.2210"
"42.8000","0.7120","10.1716"
"42.8200","0.7123","10.1328"
"42.8400","0.7127","10.1053"
"42.8600","0.7131","10.1056"
"42.8800","0.7135","10.0417"
"42.9000","0.7139","10.1205"
"42.9200","0.7142","10.1946"
"42.9400","0.7145","10.2107"
"42.9600","0.7147","10.1458"
"42.9800","0.7150","10.1775"
"43.0000","0.7154","10.2071"
"43.0200","0.7158","10.2327"
"43.0400","0.7162","10.1506"
"43.0600","0.7167","10.2131"
"43.0800","0.7170","10.3366"
"43.1000","0.7173","10.3774"
"43.1200","0.7176","10.3408"
"43.1400","0.7178","10.3101"
"43.1600","0.7180","10.3127"
"43.1800","0.7184","10.4166"
"43.2000","0.7187","10.4443"
"43.2200","0.7191","10.4826"
"43.2400","0.7195","10.4679"
"43.2600","0.7198","10.3331"
"43.2800","0.7201","10.2517"
"43.3000","0.7205","10.2529"
"43.3200","0.7208","10.3387"
"43.3400","0.7212","10.4250"
"43.3600","0.7216","10.4642"
"43.3800","0.7220","10.4455"
"43.4000","0.7223","10.4129"
"43.4200","0.7226","10.4251"
"43.4400","0.7229","10.4774"
"43.4600","0.7231","10.3940"
"43.4800","0.7234","10.2953"
"43.5000","0.7237","10.3359"
"43.5200","0.7240","10.4727"
"43.5400","0.7244","10.4618"
"43.5600","0.7248","10.5189"
"43.5800","0.7251","10.5102"
"43.6000","0.7255","10.5388"
"43.6200","0.7258","10.5248"
"43.6400","0.7261","10.4928"
"43.6600","0.7263","10.5460"
"43.6800","0.7267","10.5541"
"43.7000","0.7270","10.5999"
"43.7200","0.7275","10.5475"
"43.7400","0.7280","10.5134"
"43.7600","0.7284","10.5579"
"43.7800","0.7287","10.5925"
"43.8000","0.7289","10.6222"
"43.8200","0.7292","10.5716"
"43.8400","0.7294","10.5717"
"43.8600","0.7297","10.5809"
"43.8800","0.7300","10.6164"
"43.9000","0.7304","10.6257"
"43.9200","0.7308","10.6059"
"43.9400","0.7312","10.5688"
"43.9600","0.7315","10.5272"
"43.9800","0.7318","10.6544"
"44.0000","0.7321","10.7532"
"44.0200","0.7325","10.7322"
"44.0400","0.7328","10.7154"
"44.0600","0.7332","10.7630"
"44.0800","0.7336","10.7656"
"44.1000","0.7340","10.6705"
"44.1200","0.7342","10.6217"
"44.1400","0.7345","10.6287"
"44.1600","0.7347","10.7511"
"44.1800","0.7350","10.7895"
"44.2000","0.7353","10.6937"
"44.2200","0.7357","10.7770"
"44.2400","0.7360","10.8845"
"44.2600","0.7364","10.8517"
"44.2800","0.7368","10.8339"
"44.3000","0.7371","10.7802"
"44.3200","0.7374","10.8099"
"44.3400","0.7377","10.7956"
"44.3600","0.7380","10.7216"
"44.3800","0.7383","10.7908"
"44.4000","0.7388","10.8334"
"44.4200","0.7393","10.9360"
"44.4400","0.7397","10.9300"
"44.4600","0.7401","10.9179"
"44.4800","0.7403","10.9483"
"44.5000","0.7405","10.8936"
"44.5200","0.7408","10.9030"
"44.5400","0.7410","10.8306"
"44.5600","0.7414","10.7272"
"44.5800","0.7417","10.7353"
"44.6000","0.7421","10.8184"
"44.6200","0.7425","11.0089"
"44.6400","0.7429","11.0368"
"44.6600","0.7432","11.0332"
"44.6800","0.7435","10.9040"
"44.7000","0.7438","10.9315"
"44.7200","0.7442","10.9378"
"44.7400","0.7446","11.0302"
"44.7600","0.7450","11.0196"
"44.7800","0.7453","10.9725"
"44.8000","0.7456","10.9407"
"44.8200","0.7459","10.9421"
"44.8400","0.7461","10.9021"
"44.8600","0.7464","11.0178"
"44.8800","0.7467","11.0729"
"44.9000","0.7470","11.0576"
"44.9200","0.7474","11.1045"
"44.9400","0.7478","11.0942"
"44.9600","0.7482","11.0328"
"44.9800","0.7485","11.0177"
"45.0000","0.7488","11.1072"
"45.0200","0.7490","11.1305"
"45.0400","0.7493","11.1119"
"45.0600","0.7497","11.1184"
"45.0800","0.7501","11.1347"
"45.1000","0.7506","11.2104"
"45.1200","0.7510","11.1940"
"45.1400","0.7514","11.1487"
"45.1600","0.7517","11.1509"
"45.1800","0.7519","11.0988"
"45.2000","0.7521","11.0648"
"45.2200","0.7524","11.1011"
"45.2400","0.7527","11.0809"
"45.2600","0.7530","11.1272"
"45.2800","0.7534","11.2238"
"45.3000","0.7538","11.1398"
"45.3200","0.7542","11.1422"
"45.3400","0.7546","11.1573"
"45.3600","0.7549","11.1698"
"45.3800","0.7552","11.3050"
"45.4000","0.7555","11.2587"
"45.4200","0.7559","11.2396"
"45.4400","0.7563","11.3031"
"45.4600","0.7567","11.2840"
"45.4800","0.7570","11.2657"
"45.5000","0.7572","11.3202"
"45.5200","0.7575","11.3627"
"45.5400","0.7577","11.3503"
"45.5600","0.7580","11.2828"
"45.5800","0.7583","11.3147"
"45.6000","0.7587","11.3206"
"45.6200","0.7591","11.3695"
"45.6400","0.7595","11.4431"
"45.6600","0.7598","11.4317"
"45.6800","0.7601","11.3834"
"45.7000","0.7604","11.4220"
"45.7200","0.7607","11.3718"
"45.7400","0.7610","11.3335"
"45.7600","0.7614","11.3294"
"45.7800","0.7618","11.3845"
"45.8000","0.7623","11.4380"
"45.8200","0.7627","11.4138"
"45.8400","0.7631","11.4492"
"45.8600","0.7633","11.5061"
"45.8800","0.7635","11.5239"
"45.9000","0.7637","11.4853"
"45.9200","0.7640","11.4351"
"45.9400","0.7644","11.3927"
"45.9600","0.7647","11.3984"
"45.9800","0.7651","11.4308"
"46.0000","0.7655","11.5160"
"46.0200","0.7659","11.5773"
"46.0400","0.7662","11.5214"
"46.0600","0.7665","11.4386"
"46.0800","0.7668","11.5858"
"46.1000","0.7672","11.6334"
"46.1200","0.7676","11.7065"
"46.1400","0.7680","11.6650"
"46.1600","0.7683","11.6509"
"46.1800","0.7686","11.6242"
"46.2000","0.7689","11.6406"
"46.2200","0.7691","11.6065"
"46.2400","0.7694","11.5676"
"46.2600","0.7697","11.5383"
"46.2800","0.7700","11.6245"
"46.3000","0.7704","11.6727"
"46.3200","0.7708","11.5948"
"46.3400","0.7711","11.5304"
"46.3600","0.7714","11.5020"
"46.3800","0.7717","11.5355"
"46.4000","0.7720","11.6344"
"46.4200","0.7723","11.6899"
"46.4400","0.7726","11.6958"
"46.4600","0.7731","11.7184"
"46.4800","0.7735","11.7463"
"46.5000","0.7740","11.6860"
"46.5200","0.7744","11.7122"
"46.5400","0.7747","11.7865"
"46.5600","0.7749","11.7014"
"46.5800","0.7752","11.7004"
"46.6000","0.7754","11.7292"
"46.6200","0.7757","11.7737"
"46.6400","0.7761","11.7604"
"46.6600","0.7764","11.7146"
"46.6800","0.7768","11.6544"
"46.7000","0.7772","11.6645"
"46.7200","0.7775","11.7529"
"46.7400","0.7778","11.8113"
"46.7600","0.7782","11.7401"
"46.7800","0.7785","11.7542"
"46.8000","0.7789","11.7963"
"46.8200","0.7793","11.8515"
"46.8400","0.7796","11.8625"
"46.8600","0.7800","11.8835"
"46.8800","0.7802","11.9745"
"46.9000","0.7805","11.9951"
"46.9200","0.7808","11.9686"
"46.9400","0.7810","11.8888"
"46.9600","0.7814","11.8493"
"46.9800","0.7817","11.9123"
"47.0000","0.7821","11.9143"
"47.0200","0.7825","11.9049"
"47.0400","0.7828","11.9028"
"47.0600","0.7831","11.9008"
"47.0800","0.7834","11.8952"
"47.1000","0.7837","11.9763"
"47.1200","0.7840","11.9615"
"47.1400","0.7844","11.9271"
"47.1600","0.7848","11.9388"
"47.1800","0.7853","11.9578"
"47.2000","0.7857","11.9585"
"47.2200","0.7860","11.9343"
"47.2400","0.7863","12.0523"
"47.2600","0.7865","12.0352"
"47.2800","0.7868","11.9395"
"47.3000","0.7870","11.9292"
"47.3200","0.7874","11.9926"
"47.3400","0.7877","12.0329"
"47.3600","0.7881","12.0754"
"47.3800","0.7885","12.0777"
"47.4000","0.7888","12.0909"
"47.4200","0.7891","12.0763"
"47.4400","0.7895","11.9848"
"47.4600","0.7898","12.0272"
"47.4800","0.7902","12.0214"
"47.5000","0.7906","12.0853"
"47.5200","0.7910","12.0355"
"47.5400","0.7913","12.1342"
"47.5600","0.7916","12.3012"
"47.5800","0.7919","12.2429"
"47.6000","0.7921","12.1454"
"47.6200","0.7924","12.1771"
"47.6400","0.7927","12.1865"
"47.6600","0.7930","12.0495"
"47.6800","0.7934","12.1300"
"47.7000","0.7938","12.2254"
"47.7200","0.7941","12.1918"
"47.7400","0.7944","12.1864"
"47.7600","0.7947","12.2370"
"47.7800","0.7950","12.2166"
"47.8000","0.7953","12.2206"
"47.8200","0.7956","12.2079"
"47.8400","0.7961","12.2240"
"47.8600","0.7965","12.2591"
"47.8800","0.7970","12.2456"
"47.9000","0.7974","12.2773"
"47.9200","0.7976","12.3507"
"47.9400","0.7978","12.3807"
"47.9600","0.7981","12.3577"
"47.9800","0.7983","12.3264"
"48.0000","0.7987","12.2776"
"48.0200","0.7990","12.2361"
"48.0400","0.7994","12.3257"
"48.0600","0.7998","12.4278"
"48.0800","0.8001","12.4346"
"48.1000","0.8004","12.4404"
"48.1200","0.8007","12.3978"
"48.1400","0.8011","12.3749"
"48.1600","0.8014","12.3631"
"48.1800","0.8018","12.3815"
"48.2000","0.8023","12.4050"
"48.2200","0.8027","12.4542"
"48.2400","0.8030","12.4798"
"48.2600","0.8032","12.4753"
"48.2800","0.8035","12.3986"
"48.3000","0.8038","12.4463"
"48.3200","0.8041","12.5087"
"48.3400","0.8044","12.4933"
"48.3600","0.8048","12.4724"
"48.3800","0.8052","12.5411"
"48.4000","0.8055","12.4843"
"48.4200","0.8059","12.4671"
"48.4400","0.8061","12.5326"
"48.4600","0.8064","12.5231"
"48.4800","0.8067","12.4641"
"48.5000","0.8070","12.4046"
"48.5200","0.8074","12.5048"
"48.5400","0.8079","12.4893"
"48.5600","0.8083","12.5086"
"48.5800","0.8087","12.5755"
"48.6000","0.8090","12.6257"
"48.6200","0.8093","12.5788"
"48.6400","0.8095","12.5764"
"48.6600","0.8098","12.6485"
"48.6800","0.8101","12.7145"
"48.7000","0.8104","12.6880"
"48.7200","0.8108","12.7095"
"48.7400","0.8112","12.6387"
"48.7600","0.8115","12.5631"
"48.7800","0.8118","12.6330"
"48.8000","0.8121","12.6864"
"48.8200","0.8125","12.6391"
"48.8400","0.8128","12.6108"
"48.8600","0.8132","12.6832"
"48.8800","0.8136","12.6031"
"48.9000","0.8140","12.5699"
"48.9200","0.8144","12.5929"
"48.9400","0.8147","12.7174"
"48.9600","0.8149","12.7645"
"48.9800","0.8151","12.7611"
"49.0000","0.8154","12.7858"
"49.0200","0.8157","12.7634"
"49.0400","0.8161","12.8119"
"49.0600","0.8165","12.8627"
"49.0800","0.8168","12.7943"
"49.1000","0.8172","12.7409"
"49.1200","0.8175","12.8117"
"49.1400","0.8177","12.6868"
"49.1600","0.8180","12.6829"
"49.1800","0.8183","12.8535"
"49.2000","0.8187","12.9403"
"49.2200","0.8191","12.8401"
"49.2400","0.8196","12.7922"
"49.2600","0.8200","12.7760"
"49.2800","0.8204","12.7922"
"49.3000","0.8206","12.8470"
"49.3200","0.8208","12.7842"
"49.3400","0.8211","12.8441"
"49.3600","0.8214","12.8391"
"49.3800","0.8217","12.8417"
"49.4000","0.8221","12.8728"
"49.4200","0.8225","12.9888"
"49.4400","0.8228","13.0121"
"49.4600","0.8232","12.9822"
"49.4800","0.8235","12.9398"
"49.5000","0.8238","12.9353"
"49.5200","0.8241","12.9019"
"49.5400","0.8245","12.9881"
"49.5600","0.8249","13.0073"
"49.5800","0.8253","13.0662"
"49.6000","0.8257","13.0922"
"49.6200","0.8260","13.0816"
"49.6400","0.8262","13.0175"
"49.6600","0.8265","12.9979"
"49.6800","0.8268","13.0054"
"49.7000","0.8271","12.9851"
"49.7200","0.8274","12.9854"
"49.7400","0.8278","13.0210"
"49.7600","0.8282","13.0672"
"49.7800","0.8285","13.1152"
"49.8000","0.8288","13.1286"
"49.8200","0.8291","13.0807"
"49.8400","0.8293","12.9976"
"49.8600","0.8296","13.0612"
"49.8800","0.8299","13.1098"
"49.9000","0.8303","13.0808"
"49.9200","0.8308","13.0500"
"49.9400","0.8313","13.1080"
"49.9600","0.8317","13.0547"
"49.9800","0.8320","13.0878"
"50.0000","0.8322","13.1221"
"50.0200","0.8324","13.1878"
"50.0400","0.8327","13.2551"
"50.0600","0.8330","13.2656"
"50.0800","0.8334","13.2343"
"50.1000","0.8338","13.1589"
"50.1200","0.8342","13.1123"
"50.1400","0.8345","13.1354"
"50.1600","0.8348","13.1984"
"50.1800","0.8351","13.2101"
"50.2000","0.8355","13.2306"
"50.2200","0.8358","13.2563"
"50.2400","0.8362","13.2425"
"50.2600","0.8366","13.3008"
"50.2800","0.8370","13.3260"
"50.3000","0.8373","13.3180"
"50.3200","0.8376","13.2807"
"50.3400","0.8379","13.2623"
"50.3600","0.8381","13.3182"
"50.3800","0.8384","13.3623"
"50.4000","0.8387","13.3900"
"50.4200","0.8391","13.3886"
"50.4400","0.8395","13.3574"
"50.4600","0.8398","13.3414"
"50.4800","0.8402","13.3375"
"50.5000","0.8404","13.3269"
"50.5200","0.8407","13.3426"
"50.5400","0.8410","13.4015"
"50.5600","0.8413","13.4143"
"50.5800","0.8417","13.4745"
"50.6000","0.8421","13.3868"
"50.6200","0.8426","13.3178"
"50.6400","0.8430","13.4689"
"50.6600","0.8433","13.5476"
"50.6800","0.8436","13.5226"
"50.7000","0.8438","13.4499"
"50.7200","0.8441","13.4726"
"50.7400","0.8443","13.4431"
"50.7600","0.8447","13.4457"
"50.7800","0.8451","13.4798"
"50.8000","0.8455","13.4723"
"50.8200","0.8458","13.5238"
"50.8400","0.8462","13.4889"
"50.8600","0.8465","13.4914"
"50.8800","0.8468","13.4920"
"50.9000","0.8471","13.3981"
"50.9200","0.8475","13.4527"
"50.9400","0.8479","13.4937"
"50.9600","0.8483","13.4802"
"50.9800","0.8487","13.4685"
"51.0000","0.8490","13.4871"
"51.0200","0.8492","13.5600"
"51.0400","0.8495","13.5900"
"51.0600","0.8498","13.6433"
"51.0800","0.8501","13.6259"
"51.1000","0.8504","13.5654"
"51.1200","0.8508","13.6181"
"51.1400","0.8512","13.6121"
"51.1600","0.8515","13.5972"
"51.1800","0.8518","13.6459"
"51.2000","0.8521","13.7578"
"51.2200","0.8524","13.6940"
"51.2400","0.8526","13.6213"
"51.2600","0.8530","13.5877"
"51.2800","0.8534","13.6030"
"51.3000","0.8538","13.7369"
"51.3200","0.8543","13.7479"
"51.3400","0.8547","13.7644"
"51.3600","0.8550","13.7002"
"51.3800","0.8552","13.7036"
"51.4000","0.8554","13.6418"
"51.4200","0.8557","13.7067"
"51.4400","0.8560","13.7879"
"51.4600","0.8564","13.7885"
"51.4800","0.8567","13.7492"
"51.5000","0.8571","13.8213"
"51.5200","0.8575","13.8292"
"51.5400","0.8578","13.8202"
"51.5600","0.8581","13.8525"
"51.5800","0.8584","13.7955"
"51.6000","0.8588","13.7507"
"51.6200","0.8592","13.7746"
"51.6400","0.8596","13.8432"
"51.6600","0.8600","13.9446"
"51.6800","0.8603","13.9051"
"51.7000","0.8606","13.9130"
"51.7200","0.8608","13.9644"
"51.7400","0.8611","13.9210"
"51.7600","0.8613","13.9037"
"51.7800","0.8617","13.9076"
"51.8000","0.8620","13.8924"
"51.8200","0.8624","13.9710"
"51.8400","0.8629","13.9910"
"51.8600","0.8632","14.0734"
"51.8800","0.8635","14.0651"
"51.9000","0.8638","13.9863"
"51.9200","0.8641","13.9876"
"51.9400","0.8644","14.0043"
"51.9600","0.8647","13.9704"
"51.9800","0.8652","14.0123"
"52.0000","0.8657","14.0376"
"52.0200","0.8661","13.9594"
"52.0400","0.8664","14.0286"
"52.0600","0.8667","14.0624"
"52.0800","0.8669","13.9628"
"52.1000","0.8671","13.9319"
"52.1200","0.8674","14.0256"
"52.1400","0.8678","14.0145"
"52.1600","0.8681","14.0906"
"52.1800","0.8685","14.1752"
"52.2000","0.8689","14.1481"
"52.2200","0.8692","14.0989"
"52.2400","0.8695","14.1730"
"52.2600","0.8698","14.1293"
"52.2800","0.8701","14.1042"
"52.3000","0.8705","14.1093"
"52.3200","0.8709","14.1373"
"52.3400","0.8713","14.1648"
"52.3600","0.8717","14.0694"
"52.3800","0.8720","14.0947"
"52.4000","0.8722","14.2280"
"52.4200","0.8724","14.2090"
"52.4400","0.8727","14.1042"
"52.4600","0.8730","14.1398"
"52.4800","0.8734","14.2148"
"52.5000","0.8738","14.2256"
"52.5200","0.8742","14.1956"
"52.5400","0.8745","14.2339"
"52.5600","0.8748","14.2910"
"52.5800","0.8751","14.3140"
"52.6000","0.8754","14.2556"
"52.6200","0.8757","14.2127"
"52.6400","0.8760","14.3099"
"52.6600","0.8764","14.3872"
"52.6800","0.8769","14.3332"
"52.7000","0.8773","14.3319"
"52.7200","0.8777","14.3936"
"52.7400","0.8780","14.3115"
"52.7600","0.8782","14.3053"
"52.7800","0.8784","14.3897"
"52.8000","0.8787","14.4370"
"52.8200","0.8790","14.4847"
"52.8400","0.8794","14.4342"
"52.8600","0.8798","14.4260"
"52.8800","0.8802","14.4464"
"52.9000","0.8805","14.4283"
"52.9200","0.8808","14.4385"
"52.9400","0.8812","14.4354"
"52.9600","0.8815","14.4055"
"52.9800","0.8819","14.3710"
"53.0000","0.8823","14.4510"
"53.0200","0.8827","14.4999"
"53.0400","0.8831","14.5090"
"53.0600","0.8834","14.4665"
"53.0800","0.8836","14.4499"
"53.1000","0.8838","14.4823"
"53.1200","0.8841","14.4395"
"53.1400","0.8844","14.4219"
"53.1600","0.8847","14.3779"
"53.1800","0.8851","14.3856"
"53.2000","0.8855","14.4410"
"53.2200","0.8859","14.4887"
"53.2400","0.8862","14.5392"
"53.2600","0.8865","14.4543"
"53.2800","0.8867","14.4751"
"53.3000","0.8870","14.5637"
"53.3200","0.8873","14.6232"
"53.3400","0.8877","14.5153"
"53.3600","0.8882","14.4851"
"53.3800","0.8886","14.5409"
"53.4000","0.8890","14.6085"
"53.4200","0.8894","14.5678"
"53.4400","0.8896","14.6065"
"53.4600","0.8898","14.6392"
"53.4800","0.8901","14.6312"
"53.5000","0.8904","14.6547"
"53.5200","0.8907","14.7143"
"53.5400","0.8910","14.7074"
"53.5600","0.8914","14.7154"
"53.5800","0.8918","14.7617"
"53.6000","0.8921","14.7106"
"53.6200","0.8924","14.7263"
"53.6400","0.8927","14.7110"
"53.6600","0.8931","14.6829"
"53.6800","0.8935","14.6660"
"53.7000","0.8939","14.7179"
"53.7200","0.8943","14.7496"
"53.7400","0.8947","14.8111"
"53.7600","0.8949","14.7836"
"53.7800","0.8952","14.8037"
"53.8000","0.8954","14.7754"
"53.8200","0.8957","14.8227"
"53.8400","0.8960","14.7641"
"53.8600","0.8964","14.7686"
"53.8800","0.8967","14.7903"
"53.9000","0.8971","14.7804"
"53.9200","0.8975","14.7770"
"53.9400","0.8978","14.8627"
"53.9600","0.8981","14.8416"
"53.9800","0.8983","14.8432"
"54.0000","0.8986","14.8445"
"54.0200","0.8990","14.8912"
"54.0400","0.8994","14.9067"
"54.0600","0.8999","14.8720"
"54.0800","0.9004","14.9255"
"54.1000","0.9007","14.8723"
"54.1200","0.9010","14.8937"
"54.1400","0.9013","14.9047"
"54.1600","0.9015","15.0270"
"54.1800","0.9017","15.0228"
"54.2000","0.9020","14.9645"
"54.2200","0.9024","14.9225"
"54.2400","0.9028","14.9527"
"54.2600","0.9031","14.9331"
"54.2800","0.9035","14.8984"
"54.3000","0.9038","14.8767"
"54.3200","0.9041","14.9570"
"54.3400","0.9044","14.9783"
"54.3600","0.9048","15.0043"
"54.3800","0.9052","15.1233"
"54.4000","0.9056","15.1464"
"54.4200","0.9060","15.0325"
"54.4400","0.9063","15.0155"
"54.4600","0.9066","15.0911"
"54.4800","0.9068","15.1044"
"54.5000","0.9071","15.1254"
"54.5200","0.9073","15.0545"
"54.5400","0.9077","14.9318"
"54.5600","0.9081","14.9026"
"54.5800","0.9085","15.0001"
"54.6000","0.9088","15.0783"
"54.6200","0.9092","15.0651"
"54.6400","0.9094","15.1195"
"54.6600","0.9097","15.0750"
"54.6800","0.9100","15.0478"
"54.7000","0.9103","15.1348"
"54.7200","0.9107","15.1673"
"54.7400","0.9112","15.1396"
"54.7600","0.9116","15.1825"
"54.7800","0.9121","15.2223"
"54.8000","0.9124","15.2829"
"54.8200","0.9126","15.2250"
"54.8400","0.9128","15.2013"
"54.8600","0.9131","15.2387"
"54.8800","0.9133","15.3017"
"54.9000","0.9137","15.2907"
"54.9200","0.9140","15.2401"
"54.9400","0.9144","15.2473"
"54.9600","0.9148","15.3119"
"54.9800","0.9151","15.2843"
"55.0000","0.9154","15.2594"
"55.0200","0.9157","15.3161"
"55.0400","0.9161","15.3456"
"55.0600","0.9165","15.3122"
"55.0800","0.9169","15.3465"
"55.1000","0.9173","15.3569"
"55.1200","0.9177","15.4562"
"55.1400","0.9179","15.4024"
"55.1600","0.9182","15.3781"
"55.1800","0.9184","15.3685"
"55.2000","0.9187","15.3613"
"55.2200","0.9190","15.2902"
"55.2400","0.9194","15.3236"
"55.2600","0.9198","15.3157"
"55.2800","0.9202","15.4308"
"55.3000","0.9205","15.5231"
"55.3200","0.9208","15.5178"
"55.3400","0.9211","15.4252"
"55.3600","0.9213","15.4508"
"55.3800","0.9216","15.4492"
"55.4000","0.9220","15.4470"
"55.4200","0.9224","15.4282"
"55.4400","0.9229","15.4481"
"55.4600","0.9234","15.4964"
"55.4800","0.9237","15.4486"
"55.5000","0.9240","15.4617"
"55.5200","0.9242","15.5541"
"55.5400","0.9245","15.5701"
"55.5600","0.9247","15.5521"
"55.5800","0.9250","15.5541"
"55.6000","0.9254","15.5527"
"55.6200","0.9257","15.4910"
"55.6400","0.9261","15.5107"
"55.6600","0.9265","15.4950"
"55.6800","0.9268","15.5773"
"55.7000","0.9271","15.6434"
"55.7200","0.9275","15.6028"
"55.7400","0.9278","15.5639"
"55.7600","0.9282","15.5488"
"55.7800","0.9287","15.6163"
"55.8000","0.9290","15.6498"
"55.8200","0.9293","15.5540"
"55.8400","0.9296","15.5871"
"55.8600","0.9298","15.5818"
"55.8800","0.9301","15.5982"
"55.9000","0.9304","15.6426"
"55.9200","0.9307","15.6678"
"55.9400","0.9311","15.6801"
"55.9600","0.9315","15.6991"
"55.9800","0.9319","15.6771"
"56.0000","0.9322","15.7064"
"56.0200","0.9325","15.7735"
"56.0400","0.9327","15.7517"
"56.0600","0.9330","15.8004"
"56.0800","0.9333","15.7820"
"56.1000","0.9337","15.7766"
"56.1200","0.9342","15.7905"
"56.1400","0.9347","15.7639"
"56.1600","0.9351","15.7533"
"56.1800","0.9354","15.7930"
"56.2000","0.9357","15.7956"
"56.2200","0.9359","15.8225"
"56.2400","0.9361","15.8757"
"56.2600","0.9364","15.8994"
"56.2800","0.9367","15.8751"
"56.3000","0.9371","15.7690"
"56.3200","0.9374","15.7321"
"56.3400","0.9378","15.7439"
"56.3600","0.9381","15.8179"
"56.3800","0.9384","15.8369"
"56.4000","0.9388","15.8622"
"56.4200","0.9391","15.8611"
"56.4400","0.9395","15.8747"
"56.4600","0.9399","15.9341"
"56.4800","0.9403","15.8862"
"56.5000","0.9407","15.8416"
"56.5200","0.9409","15.9178"
"56.5400","0.9412","15.9158"
"56.5600","0.9414","15.9222"
"56.5800","0.9417","15.9632"
"56.6000","0.9420","16.0461"
"56.6200","0.9424","15.9982"
"56.6400","0.9428","15.9858"
"56.6600","0.9432","16.0090"
"56.6800","0.9435","15.9908"
"56.7000","0.9438","16.0287"
"56.7200","0.9441","16.0496"
"56.7400","0.9444","16.0295"
"56.7600","0.9447","15.9843"
"56.7800","0.9450","16.0483"
"56.8000","0.9455","15.9890"
"56.8200","0.9459","15.9732"
"56.8400","0.9464","16.0906"
"56.8600","0.9467","16.1698"
"56.8800","0.9470","16.2403"
"56.9000","0.9472","16.2619"
"56.9200","0.9475","16.2057"
"56.9400","0.9477","16.2152"
"56.9600","0.9480","16.2010"
"56.9800","0.9484","16.1797"
"57.0000","0.9488","16.1730"
"57.0200","0.9492","16.2280"
"57.0400","0.9495","16.2049"
"57.0600","0.9498","16.2361"
"57.0800","0.9501","16.1722"
"57.1000","0.9504","16.1298"
"57.1200","0.9508","16.1796"
"57.1400","0.9512","16.2519"
"57.1600","0.9516","16.2812"
"57.1800","0.9520","16.2550"
"57.2000","0.9523","16.2938"
"57.2200","0.9525","16.2910"
"57.2400","0.9528","16.3343"
"57.2600","0.9530","16.3054"
"57.2800","0.9533","16.2766"
"57.3000","0.9537","16.2432"
"57.3200","0.9540","16.3145"
"57.3400","0.9544","16.3106"
"57.3600","0.9548","16.3452"
"57.3800","0.9552","16.2980"
"57.4000","0.9555","16.3208"
"57.4200","0.9557","16.3412"
"57.4400","0.9560","16.2864"
"57.4600","0.9564","16.3777"
"57.4800","0.9568","16.3886"
"57.5000","0.9572","16.4179"
"57.5200","0.9576","16.4789"
"57.5400","0.9580","16.3949"
"57.5600","0.9583","16.4059"
"57.5800","0.9586","16.4080"
"57.6000","0.9588","16.3951"
"57.6200","0.9591","16.3565"
"57.6400","0.9594","16.3650"
"57.6600","0.9597","16.4629"
"57.6800","0.9601","16.4914"
"57.7000","0.9604","16.4468"
"57.7200","0.9608","16.4624"
"57.7400","0.9611","16.4723"
"57.7600","0.9615","16.4812"
"57.7800","0.9618","16.4576"
"57.8000","0.9621","16.4039"
"57.8200","0.9625","16.4167"
"57.8400","0.9629","16.4608"
"57.8600","0.9633","16.5390"
"57.8800","0.9636","16.5550"
"57.9000","0.9639","16.5979"
"57.9200","0.9641","16.5748"
"57.9400","0.9644","16.6073"
"57.9600","0.9647","16.6337"
"57.9800","0.9650","16.6358"
"58.0000","0.9654","16.6289"
"58.0200","0.9657","16.6503"
"58.0400","0.9661","16.6449"
"58.0600","0.9665","16.6218"
"58.0800","0.9668","16.6292"
"58.1000","0.9671","16.6820"
"58.1200","0.9673","16.6771"
"58.1400","0.9676","16.6759"
"58.1600","0.9680","16.6286"
"58.1800","0.9684","16.6479"
"58.2000","0.9689","16.7167"
"58.2200","0.9694","16.7634"
"58.2400","0.9697","16.6979"
"58.2600","0.9700","16.6523"
"58.2800","0.9702","16.5867"
"58.3000","0.9704","16.6404"
"58.3200","0.9707","16.6956"
"58.3400","0.9711","16.6606"
"58.3600","0.9714","16.7174"
"58.3800","0.9718","16.8052"
"58.4000","0.9722","16.8028"
"58.4200","0.9725","16.8073"
"58.4400","0.9728","16.7677"
"58.4600","0.9731","16.7770"
"58.4800","0.9735","16.8334"
"58.5000","0.9738","16.7841"
"58.5200","0.9742","16.8126"
"58.5400","0.9746","16.8046"
"58.5600","0.9750","16.8139"
"58.5800","0.9753","16.8890"
"58.6000","0.9755","16.9189"
"58.6200","0.9758","16.9895"
"58.6400","0.9760","16.9948"
"58.6600","0.9763","16.8597"
"58.6800","0.9767","16.8284"
"58.7000","0.9770","16.9131"
"58.7200","0.9774","16.9443"
"58.7400","0.9778","16.8522"
"58.7600","0.9781","16.8324"
"58.7800","0.9784","16.9201"
"58.8000","0.9787","17.0012"
"58.8200","0.9790","16.9683"
"58.8400","0.9794","17.0031"
"58.8600","0.9798","16.9948"
"58.8800","0.9803","16.9548"
"58.9000","0.9807","16.9590"
"58.9200","0.9811","17.0325"
"58.9400","0.9813","17.0965"
"58.9600","0.9816","17.0031"
"58.9800","0.9818","16.9187"
"59.0000","0.9820","16.9916"
"59.0200","0.9824","17.0286"
"59.0400","0.9827","17.0842"
"59.0600","0.9831","17.0395"
"59.0800","0.9835","17.0500"
"59.1000","0.9839","17.0091"
"59.1200","0.9842","17.0302"
"59.1400","0.9845","17.0714"
"59.1600","0.9848","17.1778"
"59.1800","0.9852","17.1634"
"59.2000","0.9856","17.1372"
"59.2200","0.9860","17.1136"
"59.2400","0.9863","17.1655"
"59.2600","0.9866","17.1272"
"59.2800","0.9869","17.1261"
"59.3000","0.9872","17.1234"
"59.3200","0.9874","17.2109"
"59.3400","0.9877","17.2044"
"59.3600","0.9880","17.1632"
"59.3800","0.9884","17.1853"
"59.4000","0.9888","17.2079"
"59.4200","0.9892","17.1943"
"59.4400","0.9895","17.1816"
"59.4600","0.9898","17.2148"
"59.4800","0.9901","17.2277"
"59.5000","0.9903","17.2057"
"59.5200","0.9907","17.2346"
"59.5400","0.9911","17.2928"
"59.5600","0.9916","17.2910"
"59.5800","0.9920","17.2811"
"59.6000","0.9924","17.1996"
"59.6200","0.9927","17.2366"
"59.6400","0.9929","17.2966"
"59.6600","0.9931","17.3225"
"59.6800","0.9934","17.3584"
"59.7000","0.9937","17.3130"
"59.7200","0.9940","17.2826"
"59.7400","0.9944","17.3585"
"59.7600","0.9948","17.3057"
"59.7800","0.9952","17.2966"
"59.8000","0.9955","17.3122"
"59.8200","0.9959","17.3908"
"59.8400","0.9962","17.4154"
"59.8600","0.9965","17.4689"
"59.8800","0.9969","17.4460"
"59.9000","0.9973","17.4783"
"59.9200","0.9976","17.5234"
"59.9400","0.9980","17.5604"
"59.9600","0.9983","17.5812"
"59.9800","0.9985","17.4998"
"60.0000","0.9987","17.4811"
"60.0200","0.9990","17.4401"
"60.0400","0.9993","17.4445"
"60.0600","0.9997","17.5190"
"60.0800","1.0001","17.4873"
"60.1000","1.0005","17.5203"
"60.1200","1.0008","17.5451"
"60.1400","1.0011","17.5316"
"60.1600","1.0014","17.5916"
"60.1800","1.0017","17.5690"
"60.2000","1.0020","17.5041"
"60.2200","1.0023","17.4578"
"60.2400","1.0028","17.4633"
"60.2600","1.0033","17.5754"
"60.2800","1.0037","17.6724"
"60.3000","1.0041","17.6687"
"60.3200","1.0043","17.6513"
"60.3400","1.0045","17.6105"
"60.3600","1.0048","17.5857"
"60.3800","1.0050","17.5597"
"60.4000","1.0053","17.6028"
"60.4200","1.0057","17.5910"
"60.4400","1.0061","17.6721"
"60.4600","1.0065","17.7252"
"60.4800","1.0069","17.7389"
"60.5000","1.0072","17.6922"
"60.5200","1.0075","17.6922"
"60.5400","1.0078","17.7562"
"60.5600","1.0082","17.7292"
"60.5800","1.0086","17.7114"
"60.6000","1.0090","17.6784"
"60.6200","1.0093","17.6869"
"60.6400","1.0096","17.7099"
"60.6600","1.0099","17.6933"
"60.6800","1.0101","17.7443"
"60.7000","1.0104","17.8031"
"60.7200","1.0107","17.8221"
"60.7400","1.0110","17.8960"
"60.7600","1.0114","17.8656"
"60.7800","1.0117","17.8313"
"60.8000","1.0121","17.8756"
"60.8200","1.0124","17.8852"
"60.8400","1.0127","17.8793"
"60.8600","1.0130","17.8999"
"60.8800","1.0133","17.8654"
"60.9000","1.0136","17.8938"
"60.9200","1.0140","17.8775"
"60.9400","1.0145","17.9322"
"60.9600","1.0150","17.9359"
"60.9800","1.0154","17.9056"
"61.0000","1.0157","17.9340"
"61.0200","1.0160","17.9569"
"61.0400","1.0162","17.9891"
"61.0600","1.0164","18.0454"
"61.0800","1.0167","17.9772"
"61.1000","1.0171","17.9413"
"61.1200","1.0174","17.9378"
"61.1400","1.0178","17.9363"
"61.1600","1.0182","17.8862"
"61.1800","1.0185","17.9414"
"61.2000","1.0188","18.0097"
"61.2200","1.0191","18.0080"
"61.2400","1.0195","18.0583"
"61.2600","1.0198","17.9943"
"61.2800","1.0202","17.9957"
"61.3000","1.0206","18.0862"
"61.3200","1.0210","18.1149"
"61.3400","1.0212","18.1316"
"61.3600","1.0215","18.1273"
"61.3800","1.0218","18.1798"
"61.4000","1.0220","18.1351"
"61.4200","1.0224","18.0982"
"61.4400","1.0227","18.1139"
"61.4600","1.0231","18.1648"
"61.4800","1.0235","18.2180"
"61.5000","1.0238","18.1277"
"61.5200","1.0241","18.0157"
"61.5400","1.0244","18.1296"
"61.5600","1.0247","18.1810"
"61.5800","1.0250","18.1775"
"61.6000","1.0254","18.1889"
"61.6200","1.0258","18.1935"
"61.6400","1.0263","18.1579"
"61.6600","1.0267","18.1571"
"61.6800","1.0270","18.1415"
"61.7000","1.0273","18.1999"
"61.7200","1.0275","18.2288"
"61.7400","1.0278","18.2139"
"61.7600","1.0280","18.2505"
"61.7800","1.0284","18.1893"
"61.8000","1.0287","18.2486"
"61.8200","1.0291","18.3115"
"61.8400","1.0295","18.2834"
"61.8600","1.0298","18.1916"
"61.8800","1.0301","18.1470"
"61.9000","1.0305","18.2686"
"61.9200","1.0308","18.3202"
"61.9400","1.0312","18.3529"
"61.9600","1.0315","18.3677"
"61.9800","1.0320","18.3267"
"62.0000","1.0323","18.3319"
"62.0200","1.0326","18.3250"
"62.0400","1.0329","18.3277"
"62.0600","1.0331","18.3575"
"62.0800","1.0334","18.3569"
"62.1000","1.0337","18.3481"
"62.1200","1.0341","18.3608"
"62.1400","1.0344","18.4131"
"62.1600","1.0348","18.4200"
"62.1800","1.0351","18.4293"
"62.2000","1.0355","18.4050"
"62.2200","1.0357","18.4416"
"62.2400","1.0360","18.4518"
"62.2600","1.0363","18.4281"
"62.2800","1.0366","18.4564"
"62.3000","1.0370","18.4344"
"62.3200","1.0375","18.4314"
"62.3400","1.0380","18.5640"
"62.3600","1.0384","18.6510"
"62.3800","1.0387","18.6376"
"62.4000","1.0389","18.5340"
"62.4200","1.0391","18.5790"
"62.4400","1.0394","18.5770"
"62.4600","1.0397","18.5675"
"62.4800","1.0400","18.5735"
"62.5000","1.0404","18.5727"
"62.5200","1.0408","18.5501"
"62.5400","1.0412","18.5852"
"62.5600","1.0415","18.5437"
"62.5800","1.0418","18.5359"
"62.6000","1.0421","18.6025"
"62.6200","1.0425","18.6183"
"62.6400","1.0429","18.6703"
"62.6600","1.0433","18.7194"
"62.6800","1.0437","18.7151"
"62.7000","1.0440","18.7113"
"62.7200","1.0443","18.7693"
"62.7400","1.0445","18.7457"
"62.7600","1.0448","18.7443"
"62.7800","1.0450","18.7717"
"62.8000","1.0454","18.7561"
"62.8200","1.0457","18.7396"
"62.8400","1.0461","18.7468"
"62.8600","1.0465","18.6910"
"62.8800","1.0468","18.7332"
"62.9000","1.0471","18.7528"
"62.9200","1.0474","18.7711"
"62.9400","1.0476","18.8449"
"62.9600","1.0480","18.7579"
"62.9800","1.0483","18.7783"
"63.0000","1.0488","18.8237"
"63.0200","1.0492","18.7761"
"63.0400","1.0497","18.7600"
"63.0600","1.0500","18.8870"
"63.0800","1.0503","18.8842"
"63.1000","1.0505","18.8416"
"63.1200","1.0508","18.9360"
"63.1400","1.0511","18.9631"
"63.1600","1.0514","18.9828"
"63.1800","1.0518","18.9324"
"63.2000","1.0522","18.9091"
"63.2200","1.0525","18.9412"
"63.2400","1.0529","18.8565"
"63.2600","1.0532","18.8129"
"63.2800","1.0535","18.8770"
"63.3000","1.0538","18.8964"
"63.3200","1.0542","18.8641"
"63.3400","1.0546","18.8930"
"63.3600","1.0550","18.8878"
"63.3800","1.0554","19.0358"
"63.4000","1.0557","19.0831"
"63.4200","1.0559","19.0065"
"63.4400","1.0561","19.0543"
"63.4600","1.0564","19.0733"
"63.4800","1.0567","19.0537"
"63.5000","1.0571","19.0176"
"63.5200","1.0574","18.9885"
"63.5400","1.0578","19.0487"
"63.5600","1.0581","19.1417"
"63.5800","1.0585","19.1228"
"63.6000","1.0587","19.0707"
"63.6200","1.0590","19.0718"
"63.6400","1.0593","19.1422"
"63.6600","1.0596","19.1296"
"63.6800","1.0601","19.1220"
"63.7000","1.0605","19.1357"
"63.7200","1.0610","19.2289"
"63.7400","1.0614","19.2083"
"63.7600","1.0617","19.2596"
"63.7800","1.0619","19.2399"
"63.8000","1.0621","19.2243"
"63.8200","1.0624","19.1777"
"63.8400","1.0627","19.1314"
"63.8600","1.0631","19.2101"
"63.8800","1.0635","19.2600"
"63.9000","1.0638","19.2627"
"63.9200","1.0642","19.2609"
"63.9400","1.0645","19.2404"
"63.9600","1.0648","19.2792"
"63.9800","1.0651","19.2943"
"64.0000","1.0655","19.3125"
"64.0200","1.0659","19.3019"
"64.0400","1.0663","19.2609"
"64.0600","1.0667","19.2643"
"64.0800","1.0670","19.2837"
"64.1000","1.0673","19.2666"
"64.1200","1.0675","19.3657"
"64.1400","1.0678","19.3566"
"64.1600","1.0681","19.2403"
"64.1800","1.0684","19.2565"
"64.2000","1.0688","19.2968"
"64.2200","1.0692","19.2920"
"64.2400","1.0695","19.2949"
"64.2600","1.0699","19.2887"
"64.2800","1.0701","19.3830"
"64.3000","1.0704","19.3460"
"64.3200","1.0706","19.3375"
"64.3400","1.0710","19.4490"
"64.3600","1.0713","19.4748"
"64.3800","1.0718","19.4823"
"64.4000","1.0722","19.5285"
"64.4200","1.0727","19.4431"
"64.4400","1.0730","19.4273"
"64.4600","1.0732","19.4196"
"64.4800","1.0735","19.4566"
"64.5000","1.0737","19.4634"
"64.5200","1.0740","19.4859"
"64.5400","1.0744","19.4408"
"64.5600","1.0748","19.4526"
"64.5800","1.0752","19.4373"
"64.6000","1.0755","19.4852"
"64.6200","1.0758","19.4801"
"64.6400","1.0761","19.5578"
"64.6600","1.0765","19.5576"
"64.6800","1.0768","19.5120"
"64.7000","1.0772","19.4495"
"64.7200","1.0776","19.5279"
"64.7400","1.0780","19.5607"
"64.7600","1.0784","19.5146"
"64.7800","1.0786","19.6159"
"64.8000","1.0789","19.6529"
"64.8200","1.0791","19.5495"
"64.8400","1.0794","19.5360"
"64.8600","1.0797","19.5617"
"64.8800","1.0801","19.5615"
"64.9000","1.0805","19.5919"
"64.9200","1.0808","19.5781"
"64.9400","1.0812","19.6212"
"64.9600","1.0815","19.7021"
"64.9800","1.0817","19.7681"
"65.0000","1.0820","19.6774"
"65.0200","1.0823","19.6370"
"65.0400","1.0827","19.7053"
"65.0600","1.0831","19.7431"
"65.0800","1.0835","19.7385"
"65.1000","1.0840","19.7864"
"65.1200","1.0843","19.8669"
"65.1400","1.0846","19.8000"
"65.1600","1.0848","19.7870"
"65.1800","1.0851","19.7801"
"65.2000","1.0853","19.7817"
"65.2200","1.0857","19.7734"
"65.2400","1.0860","19.7410"
"65.2600","1.0864","19.8391"
"65.2800","1.0868","19.8326"
"65.3000","1.0872","19.8201"
"65.3200","1.0875","19.8383"
"65.3400","1.0878","19.8844"
"65.3600","1.0881","19.9296"
"65.3800","1.0885","19.9073"
"65.4000","1.0889","19.9331"
"65.4200","1.0893","20.0221"
"65.4400","1.0897","19.9872"
"65.4600","1.0900","19.9429"
"65.4800","1.0902","19.8923"
"65.5000","1.0905","19.8782"
"65.5200","1.0907","19.9477"
"65.5400","1.0910","19.9663"
"65.5600","1.0914","19.9641"
"65.5800","1.0917","19.9576"
"65.6000","1.0921","20.0015"
"65.6200","1.0925","19.9101"
"65.6400","1.0928","19.8466"
"65.6600","1.0931","19.8888"
"65.6800","1.0933","19.9972"
"65.7000","1.0936","20.0417"
"65.7200","1.0940","19.9992"
"65.7400","1.0943","19.9445"
"65.7600","1.0948","20.0065"
"65.7800","1.0952","20.0810"
"65.8000","1.0957","20.0289"
"65.8200","1.0960","20.0098"
"65.8400","1.0962","20.1340"
"65.8600","1.0965","20.1282"
"65.8800","1.0967","20.1292"
"65.9000","1.0970","20.2083"
"65.9200","1.0974","20.2979"
"65.9400","1.0978","20.1635"
"65.9600","1.0981","20.1066"
"65.9800","1.0985","20.1057"
"66.0000","1.0988","20.0613"
"66.0200","1.0991","20.0778"
"66.0400","1.0994","20.1248"
"66.0600","1.0998","20.1420"
"66.0800","1.1002","20.1454"
"66.1000","1.1006","20.1445"
"66.1200","1.1010","20.1563"
"66.1400","1.1013","20.2239"
"66.1600","1.1016","20.2455"
"66.1800","1.1018","20.2229"
"66.2000","1.1021","20.2392"
"66.2200","1.1024","20.2080"
"66.2400","1.1027","20.3116"
"66.2600","1.1030","20.3682"
"66.2800","1.1034","20.3664"
"66.3000","1.1038","20.2987"
"66.3200","1.1042","20.2969"
"66.3400","1.1045","20.3081"
"66.3600","1.1048","20.2870"
"66.3800","1.1051","20.2984"
"66.4000","1.1054","20.2985"
"66.4200","1.1058","20.3096"
"66.4400","1.1062","20.3096"
"66.4600","1.1066","20.3649"
"66.4800","1.1070","20.4016"
"66.5000","1.1074","20.3784"
"66.5200","1.1077","20.3411"
"66.5400","1.1079","20.4361"
"66.5600","1.1081","20.4142"
"66.5800","1.1084","20.4116"
"66.6000","1.1087","20.4444"
"66.6200","1.1091","20.4229"
"66.6400","1.1095","20.4764"
"66.6600","1.1098","20.4485"
"66.6800","1.1102","20.3851"
"66.7000","1.1105","20.4693"
"66.7200","1.1108","20.5780"
"66.7400","1.1111","20.5735"
"66.7600","1.1115","20.5327"
"66.7800","1.1119","20.4923"
"66.8000","1.1123","20.4703"
"66.8200","1.1127","20.4982"
"66.8400","1.1130","20.5255"
"66.8600","1.1132","20.5266"
"66.8800","1.1135","20.5287"
"66.9000","1.1137","20.5227"
"66.9200","1.1141","20.5006"
"66.9400","1.1144","20.4992"
"66.9600","1.1148","20.5542"
"66.9800","1.1152","20.6465"
"67.0000","1.1156","20.6483"
"67.0200","1.1159","20.6062"
"67.0400","1.1161","20.5885"
"67.0600","1.1164","20.6079"
"67.0800","1.1167","20.6384"
"67.1000","1.1170","20.6021"
"67.1200","1.1174","20.7005"
"67.1400","1.1179","20.6888"
"67.1600","1.1183","20.6530"
"67.1800","1.1187","20.6117"
"67.2000","1.1190","20.6678"
"67.2200","1.1192","20.7037"
"67.2400","1.1195","20.6934"
"67.2600","1.1197","20.7020"
"67.2800","1.1200","20.6837"
"67.3000","1.1204","20.7226"
"67.3200","1.1208","20.6919"
"67.3400","1.1211","20.7184"
"67.3600","1.1215","20.7162"
"67.3800","1.1218","20.7295"
"67.4000","1.1221","20.8165"
"67.4200","1.1224","20.8369"
"67.4400","1.1228","20.7914"
"67.4600","1.1232","20.8095"
"67.4800","1.1237","20.8449"
"67.5000","1.1240","20.7965"
"67.5200","1.1244","20.7578"
"67.5400","1.1246","20.8164"
"67.5600","1.1249","20.8284"
"67.5800","1.1251","20.8225"
"67.6000","1.1254","20.8479"
"67.6200","1.1257","20.8615"
"67.6400","1.1261","20.8818"
"67.6600","1.1265","20.8833"
"67.6800","1.1268","20.8953"
"67.7000","1.1272","20.8589"
"67.7200","1.1275","20.8829"
"67.7400","1.1277","20.8976"
"67.7600","1.1280","20.9816"
"67.7800","1.1283","20.9788"
"67.8000","1.1287","20.8943"
"67.8200","1.1291","20.9819"
"67.8400","1.1296","21.0514"
"67.8600","1.1300","20.9847"
"67.8800","1.1304","20.9939"
"67.9000","1.1306","21.0365"
"67.9200","1.1308","20.9760"
"67.9400","1.1311","20.9172"
"67.9600","1.1314","20.9518"
"67.9800","1.1317","21.0793"
"68.0000","1.1321","20.9761"
"68.0200","1.1324","20.8843"
"68.0400","1.1328","20.8989"
"68.0600","1.1331","21.0496"
"68.0800","1.1334","21.1275"
"68.1000","1.1337","21.0746"
"68.1200","1.1341","21.0800"
"68.1400","1.1345","21.1337"
"68.1600","1.1349","21.0323"
"68.1800","1.1353","21.1068"
"68.2000","1.1357","21.1196"
"68.2200","1.1360","21.0637"
"68.2400","1.1362","21.1013"
"68.2600","1.1365","21.1068"
"68.2800","1.1367","21.1095"
"68.3000","1.1370","21.1777"
"68.3200","1.1374","21.2571"
"68.3400","1.1377","21.1974"
"68.3600","1.1381","21.1535"
"68.3800","1.1385","21.1822"
"68.4000","1.1388","21.2052"
"68.4200","1.1391","21.2039"
"68.4400","1.1394","21.2170"
"68.4600","1.1396","21.2280"
"68.4800","1.1400","21.1593"
"68.5000","1.1404","21.2455"
"68.5200","1.1409","21.3216"
"68.5400","1.1414","21.3276"
"68.5600","1.1418","21.2862"
"68.5800","1.1421","21.2586"
"68.6000","1.1423","21.4090"
"68.6200","1.1425","21.3655"
"68.6400","1.1427","21.3521"
"68.6600","1.1430","21.3205"
"68.6800","1.1434","21.3799"
"68.7000","1.1437","21.3588"
"68.7200","1.1441","21.3090"
"68.7400","1.1444","21.3480"
"68.7600","1.1448","21.3597"
"68.7800","1.1451","21.3858"
"68.8000","1.1454","21.4390"
"68.8200","1.1458","21.5077"
"68.8400","1.1462","21.4030"
"68.8600","1.1466","21.3908"
"68.8800","1.1470","21.4580"
"68.9000","1.1473","21.5257"
"68.9200","1.1476","21.5151"
"68.9400","1.1478","21.4657"
"68.9600","1.1481","21.5162"
"68.9800","1.1484","21.4972"
"69.0000","1.1487","21.5254"
"69.0200","1.1490","21.4781"
"69.0400","1.1494","21.4773"
"69.0600","1.1498","21.5245"
"69.0800","1.1502","21.5945"
"69.1000","1.1505","21.5945"
"69.1200","1.1508","21.6266"
"69.1400","1.1510","21.6657"
"69.1600","1.1513","21.6532"
"69.1800","1.1517","21.6421"
"69.2000","1.1521","21.5901"
"69.2200","1.1526","21.5082"
"69.2400","1.1530","21.5138"
"69.2600","1.1534","21.5084"
"69.2800","1.1536","21.5934"
"69.3000","1.1538","21.6139"
"69.3200","1.1541","21.6258"
"69.3400","1.1543","21.6320"
"69.3600","1.1547","21.6895"
"69.3800","1.1550","21.7177"
"69.4000","1.1554","21.6936"
"69.4200","1.1558","21.5868"
"69.4400","1.1561","21.7127"
"69.4600","1.1564","21.7749"
"69.4800","1.1568","21.7505"
"69.5000","1.1571","21.8227"
"69.5200","1.1575","21.7824"
"69.5400","1.1579","21.7766"
"69.5600","1.1583","21.7712"
"69.5800","1.1587","21.7268"
"69.6000","1.1590","21.7252"
"69.6200","1.1592","21.6784"
"69.6400","1.1595","21.7155"
"69.6600","1.1598","21.7311"
"69.6800","1.1601","21.6938"
"69.7000","1.1604","21.7528"
"69.7200","1.1608","21.8389"
"69.7400","1.1612","21.8082"
"69.7600","1.1615","21.8401"
"69.7800","1.1618","21.9154"
"69.8000","1.1621","21.8460"
"69.8200","1.1624","21.7810"
"69.8400","1.1626","21.8010"
"69.8600","1.1630","21.8102"
"69.8800","1.1634","21.9097"
"69.9000","1.1639","21.9741"
"69.9200","1.1644","21.9448"
"69.9400","1.1648","21.8986"
"69.9600","1.1650","21.8982"
"69.9800","1.1653","21.8938"
"70.0000","1.1655","21.9374"
"70.0200","1.1657","21.9359"
"70.0400","1.1660","21.9560"
"70.0600","1.1664","21.9337"
"70.0800","1.1667","21.9687"
"70.1000","1.1671","22.0171"
"70.1200","1.1675","21.9912"
"70.1400","1.1678","22.0213"
"70.1600","1.1682","22.0054"
"70.1800","1.1685","21.9407"
"70.2000","1.1689","21.9006"
"70.2200","1.1693","21.9910"
"70.2400","1.1697","22.0378"
"70.2600","1.1700","22.0948"
"70.2800","1.1703","22.1152"
"70.3000","1.1706","21.9924"
"70.3200","1.1708","21.9668"
"70.3400","1.1711","21.9632"
"70.3600","1.1713","22.0244"
"70.3800","1.1717","22.1112"
"70.4000","1.1721","22.1710"
"70.4200","1.1725","22.1862"
"70.4400","1.1728","22.1644"
"70.4600","1.1732","22.2036"
"70.4800","1.1735","22.1450"
"70.5000","1.1737","22.1661"
"70.5200","1.1740","22.1818"
"70.5400","1.1743","22.1593"
"70.5600","1.1747","22.1851"
"70.5800","1.1751","22.1928"
"70.6000","1.1756","22.2810"
"70.6200","1.1761","22.2842"
"70.6400","1.1764","22.2986"
"70.6600","1.1767","22.2407"
"70.6800","1.1769","22.1877"
"70.7000","1.1772","22.1751"
"70.7200","1.1774","22.2794"
"70.7400","1.1777","22.2908"
"70.7600","1.1781","22.3478"
"70.7800","1.1785","22.3488"
"70.8000","1.1788","22.2810"
"70.8200","1.1791","22.2332"
"70.8400","1.1794","22.2205"
"70.8600","1.1798","22.2712"
"70.8800","1.1801","22.2630"
"70.9000","1.1805","22.3186"
"70.9200","1.1809","22.3227"
"70.9400","1.1813","22.3472"
"70.9600","1.1817","22.3695"
"70.9800","1.1820","22.4190"
"71.0000","1.1822","22.4755"
"71.0200","1.1825","22.4742"
"71.0400","1.1827","22.4884"
"71.0600","1.1830","22.4304"
"71.0800","1.1834","22.4386"
"71.1000","1.1838","22.3369"
"71.1200","1.1842","22.3938"
"71.1400","1.1845","22.4998"
"71.1600","1.1849","22.6044"
"71.1800","1.1851","22.5800"
"71.2000","1.1854","22.5134"
"71.2200","1.1857","22.5531"
"71.2400","1.1861","22.5490"
"71.2600","1.1865","22.5439"
"71.2800","1.1869","22.5298"
"71.3000","1.1874","22.6018"
"71.3200","1.1877","22.6612"
"71.3400","1.1880","22.6328"
"71.3600","1.1882","22.4856"
"71.3800","1.1884","22.5080"
"71.4000","1.1887","22.5974"
"71.4200","1.1890","22.5028"
"71.4400","1.1894","22.5411"
"71.4600","1.1897","22.6268"
"71.4800","1.1901","22.6505"
"71.5000","1.1905","22.6242"
"71.5200","1.1908","22.6377"
"71.5400","1.1911","22.6560"
"71.5600","1.1914","22.5959"
"71.5800","1.1918","22.5768"
"71.6000","1.1922","22.6360"
"71.6200","1.1926","22.6302"
"71.6400","1.1930","22.6097"
"71.6600","1.1933","22.7047"
"71.6800","1.1935","22.7135"
"71.7000","1.1938","22.6484"
"71.7200","1.1940","22.6582"
"71.7400","1.1943","22.7247"
"71.7600","1.1947","22.6874"
"71.7800","1.1950","22.6835"
"71.8000","1.1954","22.7716"
"71.8200","1.1958","22.8407"
"71.8400","1.1962","22.7454"
"71.8600","1.1964","22.7656"
"71.8800","1.1967","22.8532"
"71.9000","1.1970","22.8541"
"71.9200","1.1973","22.8312"
"71.9400","1.1977","22.8292"
"71.9600","1.1981","22.8303"
"71.9800","1.1986","22.7481"
"72.0000","1.1990","22.8070"
"72.0200","1.1993","22.8364"
"72.0400","1.1996","22.9344"
"72.0600","1.1998","22.9226"
"72.0800","1.2001","22.8715"
"72.1000","1.2003","22.8101"
"72.1200","1.2007","22.8745"
"72.1400","1.2010","22.9261"
"72.1600","1.2014","22.9933"
"72.1800","1.2018","23.0216"
"72.2000","1.2022","22.9705"
"72.2200","1.2025","23.0162"
"72.2400","1.2028","22.9821"
"72.2600","1.2032","22.9618"
"72.2800","1.2036","23.0723"
"72.3000","1.2040","23.1399"
"72.3200","1.2044","23.0391"
"72.3400","1.2047","22.9746"
"72.3600","1.2050","23.0009"
"72.3800","1.2052","22.9446"
"72.4000","1.2054","23.0186"
"72.4200","1.2057","23.0660"
"72.4400","1.2060","23.0339"
"72.4600","1.2064","23.0375"
"72.4800","1.2068","23.0338"
"72.5000","1.2072","23.1188"
"72.5200","1.2075","23.1836"
"72.5400","1.2078","23.1423"
"72.5600","1.2081","23.0527"
"72.5800","1.2084","23.0646"
"72.6000","1.2087","23.1638"
"72.6200","1.2090","23.1640"
"72.6400","1.2094","23.1114"
"72.6600","1.2099","23.0486"
"72.6800","1.2104","23.0442"
"72.7000","1.2107","23.1104"
"72.7200","1.2110","23.1689"
"72.7400","1.2112","23.1749"
"72.7600","1.2115","23.1985"
"72.7800","1.2117","23.2489"
"72.8000","1.2121","23.2982"
"72.8200","1.2124","23.2426"
"72.8400","1.2128","23.2274"
"72.8600","1.2132","23.1934"
"72.8800","1.2135","23.1360"
"72.9000","1.2138","23.2616"
"72.9200","1.2141","23.3382"
"72.9400","1.2145","23.3459"
"72.9600","1.2148","23.2948"
"72.9800","1.2152","23.1732"
"73.0000","1.2156","23.3181"
"73.0200","1.2160","23.4684"
"73.0400","1.2163","23.4531"
"73.0600","1.2165","23.3588"
"73.0800","1.2168","23.3301"
"73.1000","1.2170","23.3353"
"73.1200","1.2173","23.3082"
"73.1400","1.2177","23.2371"
"73.1600","1.2180","23.3041"
"73.1800","1.2184","23.3401"
"73.2000","1.2188","23.3856"
"73.2200","1.2191","23.4554"
"73.2400","1.2194","23.4313"
"73.2600","1.2197","23.4048"
"73.2800","1.2200","23.4085"
"73.3000","1.2203","23.4706"
"73.3200","1.2207","23.4364"
"73.3400","1.2212","23.4293"
"73.3600","1.2217","23.4972"
"73.3800","1.2221","23.5159"
"73.4000","1.2224","23.5401"
"73.4200","1.2226","23.5493"
"73.4400","1.2228","23.6082"
"73.4600","1.2231","23.5322"
"73.4800","1.2234","23.4812"
"73.5000","1.2237","23.4685"
"73.5200","1.2241","23.4944"
"73.5400","1.2245","23.5784"
"73.5600","1.2249","23.6577"
"73.5800","1.2252","23.6297"
"73.6000","1.2255","23.6422"
"73.6200","1.2258","23.6631"
"73.6400","1.2262","23.7403"
"73.6600","1.2265","23.7098"
"73.6800","1.2269","23.5955"
"73.7000","1.2273","23.6010"
"73.7200","1.2276","23.6138"
"73.7400","1.2279","23.6709"
"73.7600","1.2282","23.7264"
"73.7800","1.2284","23.6909"
"73.8000","1.2287","23.7361"
"73.8200","1.2290","23.8320"
"73.8400","1.2294","23.7938"
"73.8600","1.2298","23.6685"
"73.8800","1.2302","23.7250"
"73.9000","1.2305","23.6936"
"73.9200","1.2308","23.6443"
"73.9400","1.2311","23.7064"
"73.9600","1.2314","23.7949"
"73.9800","1.2317","23.7485"
"74.0000","1.2320","23.6901"
"74.0200","1.2325","23.6970"
"74.0400","1.2330","23.7225"
"74.0600","1.2334","23.7977"
"74.0800","1.2337","23.7676"
"74.1000","1.2340","23.7202"
"74.1200","1.2342","23.7876"
"74.1400","1.2344","23.8868"
"74.1600","1.2347","23.8611"
"74.1800","1.2350","23.8975"
"74.2000","1.2354","23.8507"
"74.2200","1.2358","23.9151"
"74.2400","1.2362","23.9041"
"74.2600","1.2365","23.7983"
"74.2800","1.2369","23.8087"
"74.3000","1.2372","23.8874"
"74.3200","1.2375","23.9876"
"74.3400","1.2378","23.9727"
"74.3600","1.2382","23.9042"
"74.3800","1.2386","23.8542"
"74.4000","1.2390","23.8959"
"74.4200","1.2393","23.9302"
"74.4400","1.2395","23.9144"
"74.4600","1.2398","23.9574"
"74.4800","1.2400","23.9509"
"74.5000","1.2403","23.9569"
"74.5200","1.2407","23.9911"
"74.5400","1.2411","23.9513"
"74.5600","1.2415","23.9459"
"74.5800","1.2418","24.0283"
"74.6000","1.2421","23.9830"
"74.6200","1.2424","23.9165"
"74.6400","1.2427","24.0194"
"74.6600","1.2430","24.0245"
"74.6800","1.2433","23.9721"
"74.7000","1.2438","24.0620"
"74.7200","1.2442","24.0867"
"74.7400","1.2447","24.0233"
"74.7600","1.2451","23.9877"
"74.7800","1.2454","24.0608"
"74.8000","1.2456","24.0602"
"74.8200","1.2458","24.0980"
"74.8400","1.2461","24.1153"
"74.8600","1.2464","24.1177"
"74.8800","1.2467","24.1375"
"74.9000","1.2471","24.1266"
"74.9200","1.2475","24.0739"
"74.9400","1.2479","24.1053"
"74.9600","1.2483","24.1553"
"74.9800","1.2486","24.2135"
"75.0000","1.2489","24.2449"
"75.0200","1.2492","24.2201"
"75.0400","1.2496","24.2664"
"75.0600","1.2499","24.2995"
"75.0800","1.2503","24.2336"
"75.1000","1.2506","24.2415"
"75.1200","1.2509","24.3223"
"75.1400","1.2511","24.3785"
"75.1600","1.2514","24.2787"
"75.1800","1.2517","24.1727"
"75.2000","1.2520","24.2594"
"75.2200","1.2524","24.3376"
"75.2400","1.2527","24.3475"
"75.2600","1.2531","24.4422"
"75.2800","1.2534","24.4199"
"75.3000","1.2537","24.3527"
"75.3200","1.2540","24.3704"
"75.3400","1.2543","24.3470"
"75.3600","1.2546","24.3788"
"75.3800","1.2550","24.4013"
"75.4000","1.2555","24.3314"
"75.4200","1.2560","24.3684"
"75.4400","1.2564","24.4332"
"75.4600","1.2567","24.4901"
"75.4800","1.2570","24.4501"
"75.5000","1.2572","24.4591"
"75.5200","1.2574","24.4515"
"75.5400","1.2577","24.4633"
"75.5600","1.2581","24.4565"
"75.5800","1.2584","24.4904"
"75.6000","1.2588","24.5284"
"75.6200","1.2592","24.5270"
"75.6400","1.2595","24.4571"
"75.6600","1.2598","24.5606"
"75.6800","1.2601","24.6070"
"75.7000","1.2605","24.5527"
"75.7200","1.2609","24.4592"
"75.7400","1.2612","24.4825"
"75.7600","1.2616","24.4415"
"75.7800","1.2620","24.4958"
"75.8000","1.2623","24.6169"
"75.8200","1.2625","24.6514"
"75.8400","1.2628","24.6214"
"75.8600","1.2631","24.6009"
"75.8800","1.2634","24.5826"
"75.9000","1.2637","24.6015"
"75.9200","1.2641","24.5995"
"75.9400","1.2645","24.6772"
"75.9600","1.2648","24.6446"
"75.9800","1.2651","24.5898"
"76.0000","1.2654","24.6221"
"76.0200","1.2657","24.6001"
"76.0400","1.2660","24.6270"
"76.0600","1.2664","24.6545"
"76.0800","1.2668","24.6763"
"76.1000","1.2672","24.7080"
"76.1200","1.2677","24.7137"
"76.1400","1.2680","24.7285"
"76.1600","1.2683","24.7820"
"76.1800","1.2685","24.7248"
"76.2000","1.2688","24.7873"
"76.2200","1.2690","24.8795"
"76.2400","1.2693","24.7882"
"76.2600","1.2697","24.8285"
"76.2800","1.2701","24.7970"
"76.3000","1.2704","24.7397"
"76.3200","1.2708","24.7362"
"76.3400","1.2711","24.8842"
"76.3600","1.2714","24.9527"
"76.3800","1.2717","24.7717"
"76.4000","1.2721","24.7477"
"76.4200","1.2725","24.8202"
"76.4400","1.2729","24.8069"
"76.4600","1.2733","24.7989"
"76.4800","1.2736","24.8012"
"76.5000","1.2739","24.8311"
"76.5200","1.2741","24.8826"
"76.5400","1.2744","24.8907"
"76.5600","1.2747","24.9456"
"76.5800","1.2751","24.8812"
"76.6000","1.2754","24.8801"
"76.6200","1.2758","24.9265"
"76.6400","1.2761","24.9261"
"76.6600","1.2765","24.9480"
"76.6800","1.2768","24.9758"
"76.7000","1.2770","24.9490"
"76.7200","1.2773","24.9555"
"76.7400","1.2777","25.0205"
"76.7600","1.2780","25.0210"
"76.7800","1.2785","25.0667"
"76.8000","1.2790","25.0530"
"76.8200","1.2794","24.9803"
"76.8400","1.2797","24.9963"
"76.8600","1.2799","25.0121"
"76.8800","1.2802","25.0907"
"76.9000","1.2804","25.0593"
"76.9200","1.2807","25.0290"
"76.9400","1.2810","25.0458"
"76.9600","1.2814","25.0251"
"76.9800","1.2818","25.0380"
"77.0000","1.2822","24.9977"
"77.0200","1.2825","25.0774"
"77.0400","1.2828","25.1501"
"77.0600","1.2831","25.1390"
"77.0800","1.2835","25.1963"
"77.1000","1.2839","25.2003"
"77.1200","1.2843","25.1357"
"77.1400","1.2847","25.1441"
"77.1600","1.2850","25.1410"
"77.1800","1.2853","25.2249"
"77.2000","1.2855","25.2717"
"77.2200","1.2858","25.2606"
"77.2400","1.2861","25.2068"
"77.2600","1.2864","25.2294"
"77.2800","1.2867","25.2952"
"77.3000","1.2871","25.2550"
"77.3200","1.2875","25.2363"
"77.3400","1.2878","25.2077"
"77.3600","1.2881","25.2634"
"77.3800","1.2884","25.3196"
"77.4000","1.2887","25.3527"
"77.4200","1.2890","25.3231"
"77.4400","1.2893","25.3248"
"77.4600","1.2897","25.3429"
"77.4800","1.2902","25.3908"
"77.5000","1.2907","25.3492"
"77.5200","1.2910","25.3493"
"77.5400","1.2913","25.2964"
"77.5600","1.2915","25.2822"
"77.5800","1.2918","25.3607"
"77.6000","1.2920","25.4072"
"77.6200","1.2924","25.3496"
"77.6400","1.2928","25.3632"
"77.6600","1.2931","25.3636"
"77.6800","1.2935","25.4069"
"77.7000","1.2938","25.3994"
"77.7200","1.2941","25.3794"
"77.7400","1.2944","25.3751"
"77.7600","1.2948","25.3827"
"77.7800","1.2951","25.4454"
"77.8000","1.2956","25.4060"
"77.8200","1.2960","25.4451"
"77.8400","1.2964","25.4447"
"77.8600","1.2967","25.4480"
"77.8800","1.2969","25.5056"
"77.9000","1.2972","25.5475"
"77.9200","1.2974","25.4612"
"77.9400","1.2977","25.4289"
"77.9600","1.2981","25.5174"
"77.9800","1.2984","25.5869"
"78.0000","1.2988","25.5853"
"78.0200","1.2992","25.5812"
"78.0400","1.2995","25.5799"
"78.0600","1.2998","25.5829"
"78.0800","1.3000","25.5968"
"78.1000","1.3003","25.6042"
"78.1200","1.3006","25.6131"
"78.1400","1.3010","25.6440"
"78.1600","1.3015","25.6859"
"78.1800","1.3020","25.6642"
"78.2000","1.3024","25.6121"
"78.2200","1.3027","25.5865"
"78.2400","1.3029","25.6689"
"78.2600","1.3032","25.6963"
"78.2800","1.3034","25.7514"
"78.3000","1.3037","25.8186"
"78.3200","1.3041","25.7618"
"78.3400","1.3045","25.6857"
"78.3600","1.3048","25.7094"
"78.3800","1.3052","25.6735"
"78.4000","1.3055","25.6397"
"78.4200","1.3058","25.7446"
"78.4400","1.3061","25.7942"
"78.4600","1.3065","25.8005"
"78.4800","1.3068","25.8427"
"78.5000","1.3073","25.8025"
"78.5200","1.3077","25.8178"
"78.5400","1.3080","25.8480"
"78.5600","1.3083","25.8659"
"78.5800","1.3085","25.7520"
"78.6000","1.3088","25.7128"
"78.6200","1.3091","25.7134"
"78.6400","1.3094","25.7976"
"78.6600","1.3098","25.8352"
"78.6800","1.3102","25.8344"
"78.7000","1.3105","25.8574"
"78.7200","1.3109","25.8792"
"78.7400","1.3111","25.8923"
"78.7600","1.3114","25.8962"
"78.7800","1.3117","26.0124"
"78.8000","1.3120","26.0067"
"78.8200","1.3123","25.9571"
"78.8400","1.3128","25.9571"
"78.8600","1.3132","25.9018"
"78.8800","1.3137","25.9590"
"78.9000","1.3140","25.9535"
"78.9200","1.3142","25.9309"
"78.9400","1.3145","25.9684"
"78.9600","1.3147","25.9880"
"78.9800","1.3150","25.9180"
"79.0000","1.3154","25.9473"
"79.0200","1.3157","25.9686"
"79.0400","1.3161","25.9629"
"79.0600","1.3165","26.0428"
"79.0800","1.3168","26.0814"
"79.1000","1.3171","26.1011"
"79.1200","1.3174","26.1389"
"79.1400","1.3178","26.0452"
"79.1600","1.3181","26.0287"
"79.1800","1.3186","26.0514"
"79.2000","1.3190","26.0758"
"79.2200","1.3193","26.1124"
"79.2400","1.3196","26.1286"
"79.2600","1.3199","26.1364"
"79.2800","1.3201","26.0871"
"79.3000","1.3204","26.2029"
"79.3200","1.3207","26.2101"
"79.3400","1.3211","26.1896"
"79.3600","1.3214","26.1159"
"79.3800","1.3218","26.1581"
"79.4000","1.3222","26.1760"
"79.4200","1.3225","26.1877"
"79.4400","1.3227","26.2348"
"79.4600","1.3230","26.2550"
"79.4800","1.3233","26.2711"
"79.5000","1.3236","26.2620"
"79.5200","1.3240","26.3309"
"79.5400","1.3245","26.3037"
"79.5600","1.3250","26.3323"
"79.5800","1.3253","26.2714"
"79.6000","1.3256","26.2356"
"79.6200","1.3259","26.2889"
"79.6400","1.3261","26.2550"
"79.6600","1.3264","26.2365"
"79.6800","1.3267","26.2693"
"79.7000","1.3270","26.3042"
"79.7200","1.3274","26.3704"
"79.7400","1.3278","26.3201"
"79.7600","1.3282","26.3547"
"79.7800","1.3285","26.3412"
"79.8000","1.3288","26.3940"
"79.8200","1.3291","26.3562"
"79.8400","1.3295","26.3702"
"79.8600","1.3299","26.3244"
"79.8800","1.3303","26.3433"
"79.9000","1.3307","26.3420"
"79.9200","1.3310","26.3342"
"79.9400","1.3313","26.4473"
"79.9600","1.3315","26.4191"
"79.9800","1.3318","26.4987"
"80.0000","1.3320","26.4941"
"80.0200","1.3324","26.5418"
"80.0400","1.3328","26.5009"
"80.0600","1.3331","26.5477"
"80.0800","1.3335","26.4671"
"80.1000","1.3338","26.5023"
"80.1200","1.3341","26.5535"
"80.1400","1.3344","26.5817"
"80.1600","1.3346","26.5180"
"80.1800","1.3350","26.4831"
"80.2000","1.3353","26.5899"
"80.2200","1.3358","26.5348"
"80.2400","1.3362","26.4866"
"80.2600","1.3367","26.5919"
"80.2800","1.3370","26.6294"
"80.3000","1.3373","26.6435"
"80.3200","1.3375","26.5551"
"80.3400","1.3377","26.6051"
"80.3600","1.3380","26.6920"
"80.3800","1.3384","26.7094"
"80.4000","1.3387","26.6547"
"80.4200","1.3391","26.6335"
"80.4400","1.3395","26.6293"
"80.4600","1.3398","26.7243"
"80.4800","1.3402","26.7718"
"80.5000","1.3405","26.7760"
"80.5200","1.3408","26.8252"
"80.5400","1.3412","26.8959"
"80.5600","1.3416","26.8475"
"80.5800","1.3420","26.7920"
"80.6000","1.3424","26.7893"
"80.6200","1.3426","26.7454"
"80.6400","1.3429","26.7433"
"80.6600","1.3431","26.8188"
"80.6800","1.3434","26.8532"
"80.7000","1.3437","26.8097"
"80.7200","1.3440","26.8320"
"80.7400","1.3444","26.8782"
"80.7600","1.3448","26.8636"
"80.7800","1.3452","26.8095"
"80.8000","1.3455","26.7506"
"80.8200","1.3458","26.8739"
"80.8400","1.3461","26.9190"
"80.8600","1.3464","26.8412"
"80.8800","1.3467","26.7875"
"80.9000","1.3471","26.8218"
"80.9200","1.3476","26.8640"
"80.9400","1.3480","26.9318"
"80.9600","1.3484","27.0421"
"80.9800","1.3487","26.9616"
"81.0000","1.3489","26.9064"
"81.0200","1.3491","26.9437"
"81.0400","1.3494","27.0159"
"81.0600","1.3497","27.0631"
"81.0800","1.3501","26.9744"
"81.1000","1.3505","26.9686"
"81.1200","1.3508","26.9389"
"81.1400","1.3512","26.9237"
"81.1600","1.3515","27.0161"
"81.1800","1.3518","26.9807"
"81.2000","1.3521","26.9949"
"81.2200","1.3525","27.0352"
"81.2400","1.3529","27.0604"
"81.2600","1.3533","27.1328"
"81.2800","1.3537","27.1758"
"81.3000","1.3540","27.0399"
"81.3200","1.3542","26.9800"
"81.3400","1.3545","27.0011"
"81.3600","1.3547","27.0203"
"81.3800","1.3550","27.0672"
"81.4000","1.3554","27.1476"
"81.4200","1.3558","27.1250"
"81.4400","1.3562","27.1096"
"81.4600","1.3565","27.0984"
"81.4800","1.3569","27.1018"
"81.5000","1.3571","27.1221"
"81.5200","1.3574","27.1348"
"81.5400","1.3577","27.1055"
"81.5600","1.3580","27.1206"
"81.5800","1.3584","27.2049"
"81.6000","1.3588","27.2185"
"81.6200","1.3593","27.1919"
"81.6400","1.3597","27.1682"
"81.6600","1.3600","27.2037"
"81.6800","1.3602","27.2370"
"81.7000","1.3605","27.2767"
"81.7200","1.3607","27.2142"
"81.7400","1.3610","27.2186"
"81.7600","1.3614","27.2584"
"81.7800","1.3617","27.3310"
"81.8000","1.3621","27.2404"
"81.8200","1.3625","27.1849"
"81.8400","1.3628","27.2051"
"81.8600","1.3631","27.2536"
"81.8800","1.3634","27.2794"
"81.9000","1.3638","27.3205"
"81.9200","1.3642","27.3156"
"81.9400","1.3646","27.4167"
"81.9600","1.3650","27.4233"
"81.9800","1.3653","27.4634"
"82.0000","1.3656","27.4459"
"82.0200","1.3659","27.4522"
"82.0400","1.3661","27.4351"
"82.0600","1.3664","27.3966"
"82.0800","1.3667","27.3625"
"82.1000","1.3671","27.3763"
"82.1200","1.3674","27.4495"
"82.1400","1.3678","27.4802"
"82.1600","1.3682","27.4669"
"82.1800","1.3685","27.4866"
"82.2000","1.3688","27.4837"
"82.2200","1.3690","27.5680"
"82.2400","1.3693","27.4783"
"82.2600","1.3697","27.4446"
"82.2800","1.3701","27.4625"
"82.3000","1.3706","27.4553"
"82.3200","1.3710","27.4902"
"82.3400","1.3714","27.5226"
"82.3600","1.3716","27.5967"
"82.3800","1.3719","27.6159"
"82.4000","1.3721","27.5510"
"82.4200","1.3724","27.5626"
"82.4400","1.3727","27.5409"
"82.4600","1.3730","27.5856"
"82.4800","1.3734","27.5332"
"82.5000","1.3738","27.6056"
"82.5200","1.3741","27.6340"
"82.5400","1.3744","27.6113"
"82.5600","1.3747","27.5356"
"82.5800","1.3751","27.5742"
"82.6000","1.3754","27.6455"
"82.6200","1.3759","27.6556"
"82.6400","1.3763","27.7242"
"82.6600","1.3767","27.7069"
"82.6800","1.3770","27.6930"
"82.7000","1.3773","27.7338"
"82.7200","1.3775","27.7606"
"82.7400","1.3777","27.8075"
"82.7600","1.3780","27.7547"
"82.7800","1.3784","27.6954"
"82.8000","1.3788","27.7060"
"82.8200","1.3791","27.7228"
"82.8400","1.3795","27.6990"
"82.8600","1.3798","27.7116"
"82.8800","1.3801","27.7519"
"82.9000","1.3804","27.7286"
"82.9200","1.3807","27.7406"
"82.9400","1.3810","27.7927"
"82.9600","1.3814","27.8439"
"82.9800","1.3818","27.8593"
"83.0000","1.3823","27.8971"
"83.0200","1.3827","27.8206"
"83.0400","1.3830","27.7924"
"83.0600","1.3833","27.7936"
"83.0800","1.3835","27.8533"
"83.1000","1.3837","27.8346"
"83.1200","1.3840","27.8348"
"83.1400","1.3843","27.8373"
"83.1600","1.3847","27.8238"
"83.1800","1.3851","27.9388"
"83.2000","1.3855","27.8719"
"83.2200","1.3858","27.9371"
"83.2400","1.3861","27.8295"
"83.2600","1.3864","27.8082"
"83.2800","1.3868","27.9103"
"83.3000","1.3872","27.9956"
"83.3200","1.3876","28.0699"
"83.3400","1.3880","28.0067"
"83.3600","1.3883","27.9214"
"83.3800","1.3886","27.9305"
"83.4000","1.3888","28.0147"
"83.4200","1.3891","27.9866"
"83.4400","1.3894","28.0057"
"83.4600","1.3897","27.9637"
"83.4800","1.3900","28.0875"
"83.5000","1.3904","28.0520"
"83.5200","1.3908","28.0466"
"83.5400","1.3912","28.0627"
"83.5600","1.3915","28.0605"
"83.5800","1.3918","28.1532"
"83.6000","1.3920","28.2019"
"83.6200","1.3923","28.1613"
"83.6400","1.3927","28.1461"
"83.6600","1.3931","28.1889"
"83.6800","1.3936","28.1468"
"83.7000","1.3941","28.1336"
"83.7200","1.3944","28.1213"
"83.7400","1.3947","28.1847"
"83.7600","1.3949","28.2069"
"83.7800","1.3951","28.1539"
"83.8000","1.3954","28.1670"
"83.8200","1.3957","28.2179"
"83.8400","1.3960","28.2306"
"83.8600","1.3964","28.1962"
"83.8800","1.3968","28.1878"
"83.9000","1.3971","28.2225"
"83.9200","1.3974","28.2109"
"83.9400","1.3977","28.2713"
"83.9600","1.3981","28.2964"
"83.9800","1.3985","28.3475"
"84.0000","1.3989","28.3151"
"84.0200","1.3993","28.3221"
"84.0400","1.3997","28.2871"
"84.0600","1.4000","28.2838"
"84.0800","1.4002","28.3066"
"84.1000","1.4005","28.3187"
"84.1200","1.4007","28.3135"
"84.1400","1.4010","28.2966"
"84.1600","1.4014","28.3289"
"84.1800","1.4017","28.3417"
"84.2000","1.4021","28.3733"
"84.2200","1.4025","28.3732"
"84.2400","1.4029","28.4165"
"84.2600","1.4031","28.4424"
"84.2800","1.4034","28.4018"
"84.3000","1.4037","28.3489"
"84.3200","1.4040","28.3532"
"84.3400","1.4044","28.3114"
"84.3600","1.4048","28.4145"
"84.3800","1.4053","28.4632"
"84.4000","1.4057","28.4832"
"84.4200","1.4060","28.5128"
"84.4400","1.4063","28.5207"
"84.4600","1.4065","28.4491"
"84.4800","1.4067","28.5274"
"84.5000","1.4070","28.5628"
"84.5200","1.4073","28.5180"
"84.5400","1.4077","28.4861"
"84.5600","1.4081","28.4511"
"84.5800","1.4085","28.4597"
"84.6000","1.4088","28.4731"
"84.6200","1.4091","28.5986"
"84.6400","1.4094","28.6873"
"84.6600","1.4098","28.6438"
"84.6800","1.4102","28.5743"
"84.7000","1.4106","28.5095"
"84.7200","1.4110","28.4709"
"84.7400","1.4113","28.5517"
"84.7600","1.4116","28.6673"
"84.7800","1.4118","28.7250"
"84.8000","1.4121","28.6620"
"84.8200","1.4124","28.6109"
"84.8400","1.4127","28.5959"
"84.8600","1.4131","28.5594"
"84.8800","1.4135","28.6284"
"84.9000","1.4138","28.7265"
"84.9200","1.4142","28.7068"
"84.9400","1.4145","28.6847"
"84.9600","1.4147","28.7318"
"84.9800","1.4150","28.8285"
"85.0000","1.4153","28.7889"
"85.0200","1.4157","28.7919"
"85.0400","1.4161","28.7681"
"85.0600","1.4166","28.7403"
"85.0800","1.4171","28.7352"
"85.1000","1.4174","28.7462"
"85.1200","1.4177","28.7982"
"85.1400","1.4179","28.8112"
"85.1600","1.4181","28.8515"
"85.1800","1.4184","28.7765"
"85.2000","1.4187","28.7790"
"85.2200","1.4191","28.7826"
"85.2400","1.4194","28.7394"
"85.2600","1.4198","28.8418"
"85.2800","1.4201","28.8461"
"85.3000","1.4204","28.8600"
"85.3200","1.4208","28.9301"
"85.3400","1.4211","28.8888"
"85.3600","1.4215","28.8792"
"85.3800","1.4219","28.8239"
"85.4000","1.4223","28.7731"
"85.4200","1.4227","28.7923"
"85.4400","1.4230","28.8198"
"85.4600","1.4232","28.8506"
"85.4800","1.4235","28.9599"
"85.5000","1.4237","29.0008"
"85.5200","1.4240","29.0770"
"85.5400","1.4244","28.9562"
"85.5600","1.4248","28.8747"
"85.5800","1.4252","28.8990"
"85.6000","1.4255","28.9406"
"85.6200","1.4259","29.0146"
"85.6400","1.4261","29.0887"
"85.6600","1.4264","29.0851"
"85.6800","1.4267","29.0548"
"85.7000","1.4270","29.0523"
"85.7200","1.4274","29.0143"
"85.7400","1.4279","29.1012"
"85.7600","1.4283","29.1642"
"85.7800","1.4287","29.1379"
"85.8000","1.4290","29.1255"
"85.8200","1.4293","29.1033"
"85.8400","1.4295","29.1207"
"85.8600","1.4298","29.1826"
"85.8800","1.4301","29.0801"
"85.9000","1.4304","29.1192"
"85.9200","1.4308","29.2226"
"85.9400","1.4311","29.2146"
"85.9600","1.4315","29.1716"
"85.9800","1.4318","29.1059"
"86.0000","1.4321","29.1502"
"86.0200","1.4324","29.2106"
"86.0400","1.4328","29.2304"
"86.0600","1.4332","29.2628"
"86.0800","1.4336","29.2166"
"86.1000","1.4340","29.2624"
"86.1200","1.4343","29.2479"
"86.1400","1.4346","29.2114"
"86.1600","1.4348","29.2455"
"86.1800","1.4351","29.2474"
"86.2000","1.4353","29.2866"
"86.2200","1.4357","29.3066"
"86.2400","1.4360","29.2691"
"86.2600","1.4364","29.2320"
"86.2800","1.4368","29.2738"
"86.3000","1.4372","29.3653"
"86.3200","1.4375","29.4463"
"86.3400","1.4378","29.4559"
"86.3600","1.4381","29.4129"
"86.3800","1.4384","29.4267"
"86.4000","1.4387","29.4307"
"86.4200","1.4392","29.3584"
"86.4400","1.4396","29.3956"
"86.4600","1.4400","29.4247"
"86.4800","1.4404","29.3773"
"86.5000","1.4406","29.3143"
"86.5200","1.4408","29.3685"
"86.5400","1.4411","29.4575"
"86.5600","1.4414","29.4121"
"86.5800","1.4417","29.3890"
"86.6000","1.4421","29.4023"
"86.6200","1.4424","29.3439"
"86.6400","1.4428","29.3434"
"86.6600","1.4432","29.4748"
"86.6800","1.4435","29.5717"
"86.7000","1.4438","29.5565"
"86.7200","1.4442","29.5089"
"86.7400","1.4445","29.5010"
"86.7600","1.4449","29.5584"
"86.7800","1.4453","29.5678"
"86.8000","1.4456","29.5521"
"86.8200","1.4459","29.4781"
"86.8400","1.4462","29.5085"
"86.8600","1.4464","29.6136"
"86.8800","1.4467","29.6259"
"86.9000","1.4470","29.5486"
"86.9200","1.4473","29.5410"
"86.9400","1.4477","29.5996"
"86.9600","1.4481","29.6545"
"86.9800","1.4485","29.6307"
"87.0000","1.4488","29.6289"
"87.0200","1.4491","29.6574"
"87.0400","1.4494","29.6377"
"87.0600","1.4497","29.5543"
"87.0800","1.4500","29.5962"
"87.1000","1.4504","29.6565"
"87.1200","1.4509","29.5900"
"87.1400","1.4513","29.6431"
"87.1600","1.4517","29.7539"
"87.1800","1.4520","29.7791"
"87.2000","1.4522","29.7467"
"87.2200","1.4525","29.7431"
"87.2400","1.4527","29.7176"
"87.2600","1.4530","29.8335"
"87.2800","1.4534","29.8501"
"87.3000","1.4538","29.7620"
"87.3200","1.4541","29.7987"
"87.3400","1.4545","29.8138"
"87.3600","1.4548","29.8478"
"87.3800","1.4551","29.8975"
"87.4000","1.4555","29.8680"
"87.4200","1.4558","29.8255"
"87.4400","1.4562","29.7962"
"87.4600","1.4566","29.7346"
"87.4800","1.4570","29.7960"
"87.5000","1.4573","29.8193"
"87.5200","1.4576","29.8664"
"87.5400","1.4578","29.9455"
"87.5600","1.4581","29.8777"
"87.5800","1.4583","29.8273"
"87.6000","1.4587","29.8674"
"87.6200","1.4590","29.9747"
"87.6400","1.4594","30.0420"
"87.6600","1.4598","30.0012"
"87.6800","1.4601","30.0425"
"87.7000","1.4604","30.0117"
"87.7200","1.4607","30.0031"
"87.7400","1.4610","29.9897"
"87.7600","1.4613","30.0769"
"87.7800","1.4617","30.0831"
"87.8000","1.4622","29.9846"
"87.8200","1.4627","29.9716"
"87.8400","1.4631","29.9924"
"87.8600","1.4634","29.9519"
"87.8800","1.4636","29.9629"
"87.9000","1.4638","30.0389"
"87.9200","1.4641","30.0835"
"87.9400","1.4644","30.1781"
"87.9600","1.4647","30.1612"
"87.9800","1.4651","30.0511"
"88.0000","1.4655","30.0662"
"88.0200","1.4659","30.1389"
"88.0400","1.4662","30.0819"
"88.0600","1.4665","30.0671"
"88.0800","1.4668","30.1139"
"88.1000","1.4671","30.1688"
"88.1200","1.4675","30.1663"
"88.1400","1.4679","30.2261"
"88.1600","1.4683","30.2439"
"88.1800","1.4686","30.3125"
"88.2000","1.4689","30.3114"
"88.2200","1.4692","30.2321"
"88.2400","1.4694","30.1947"
"88.2600","1.4697","30.1881"
"88.2800","1.4700","30.2652"
"88.3000","1.4704","30.2660"
"88.3200","1.4708","30.2258"
"88.3400","1.4712","30.2500"
"88.3600","1.4715","30.2547"
"88.3800","1.4718","30.2980"
"88.4000","1.4721","30.3395"
"88.4200","1.4724","30.3653"
"88.4400","1.4727","30.2836"
"88.4600","1.4730","30.2764"
"88.4800","1.4735","30.3134"
"88.5000","1.4740","30.3095"
"88.5200","1.4744","30.3970"
"88.5400","1.4748","30.3790"
"88.5600","1.4750","30.4707"
"88.5800","1.4752","30.4232"
"88.6000","1.4754","30.4135"
"88.6200","1.4757","30.3241"
"88.6400","1.4760","30.3600"
"88.6600","1.4764","30.3574"
"88.6800","1.4768","30.3623"
"88.7000","1.4772","30.4275"
"88.7200","1.4775","30.4420"
"88.7400","1.4779","30.4873"
"88.7600","1.4782","30.5122"
"88.7800","1.4785","30.4910"
"88.8000","1.4789","30.5211"
"88.8200","1.4792","30.4898"
"88.8400","1.4796","30.3813"
"88.8600","1.4800","30.3305"
"88.8800","1.4803","30.3962"
"88.9000","1.4805","30.4855"
"88.9200","1.4808","30.5148"
"88.9400","1.4811","30.5128"
"88.9600","1.4813","30.5408"
"88.9800","1.4817","30.5649"
"89.0000","1.4821","30.5526"
"89.0200","1.4825","30.5592"
"89.0400","1.4828","30.5856"
"89.0600","1.4832","30.6799"
"89.0800","1.4834","30.6346"
"89.1000","1.4837","30.6105"
"89.1200","1.4840","30.6530"
"89.1400","1.4843","30.6420"
"89.1600","1.4848","30.6006"
"89.1800","1.4852","30.6121"
"89.2000","1.4857","30.6235"
"89.2200","1.4861","30.6767"
"89.2400","1.4864","30.7157"
"89.2600","1.4866","30.6771"
"89.2800","1.4868","30.6667"
"89.3000","1.4871","30.7019"
"89.3200","1.4874","30.5987"
"89.3400","1.4877","30.6286"
"89.3600","1.4881","30.7086"
"89.3800","1.4885","30.7348"
"89.4000","1.4889","30.6693"
"89.4200","1.4892","30.6832"
"89.4400","1.4895","30.8159"
"89.4600","1.4898","30.8096"
"89.4800","1.4902","30.7951"
"89.5000","1.4905","30.7787"
"89.5200","1.4909","30.6729"
"89.5400","1.4913","30.7426"
"89.5600","1.4916","30.7973"
"89.5800","1.4919","30.7754"
"89.6000","1.4921","30.7743"
"89.6200","1.4924","30.8602"
"89.6400","1.4927","30.9780"
"89.6600","1.4930","30.9557"
"89.6800","1.4933","30.8522"
"89.7000","1.4937","30.7840"
"89.7200","1.4941","30.8214"
"89.7400","1.4945","30.9569"
"89.7600","1.4948","30.9763"
"89.7800","1.4950","30.9884"
"89.8000","1.4953","30.9788"
"89.8200","1.4956","30.9831"
"89.8400","1.4960","30.9611"
"89.8600","1.4964","30.8992"
"89.8800","1.4969","30.8710"
"89.9000","1.4974","30.8401"
"89.9200","1.4977","30.9881"
"89.9400","1.4980","31.0024"
"89.9600","1.4982","31.0285"
"89.9800","1.4984","31.0154"
"90.0000","1.4987","30.9977"
"90.0200","1.4990","30.9943"
"90.0400","1.4994","30.9724"
"90.0600","1.4998","30.9675"
"90.0800","1.5002","31.0408"
"90.1000","1.5005","31.0907"
"90.1200","1.5008","31.1695"
"90.1400","1.5011","31.1084"
"90.1600","1.5015","31.0930"
"90.1800","1.5018","31.1027"
"90.2000","1.5022","31.1000"
"90.2200","1.5026","31.1031"
"90.2400","1.5030","31.1742"
"90.2600","1.5033","31.2302"
"90.2800","1.5035","31.1834"
"90.3000","1.5038","31.0391"
"90.3200","1.5040","31.0697"
"90.3400","1.5044","31.1489"
"90.3600","1.5047","31.2326"
"90.3800","1.5051","31.2816"
"90.4000","1.5055","31.1855"
"90.4200","1.5058","31.1091"
"90.4400","1.5061","31.1423"
"90.4600","1.5064","31.2125"
"90.4800","1.5067","31.2525"
"90.5000","1.5070","31.2844"
"90.5200","1.5073","31.2709"
"90.5400","1.5077","31.2305"
"90.5600","1.5082","31.2606"
"90.5800","1.5086","31.2672"
"90.6000","1.5090","31.2198"
"90.6200","1.5093","31.2986"
"90.6400","1.5096","31.2626"
"90.6600","1.5098","31.2010"
"90.6800","1.5100","31.2313"
"90.7000","1.5104","31.2615"
"90.7200","1.5107","31.3577"
"90.7400","1.5111","31.3893"
"90.7600","1.5115","31.3299"
"90.7800","1.5118","31.3395"
"90.8000","1.5122","31.3939"
"90.8200","1.5125","31.4765"
"90.8400","1.5128","31.4857"
"90.8600","1.5131","31.4038"
"90.8800","1.5135","31.3954"
"90.9000","1.5139","31.4216"
"90.9200","1.5143","31.4548"
"90.9400","1.5146","31.4776"
"90.9600","1.5149","31.5040"
"90.9800","1.5152","31.5098"
"91.0000","1.5154","31.4366"
"91.0200","1.5157","31.4335"
"91.0400","1.5160","31.5000"
"91.0600","1.5164","31.5647"
"91.0800","1.5168","31.5183"
"91.1000","1.5171","31.5106"
"91.1200","1.5175","31.4814"
"91.1400","1.5178","31.4187"
"91.1600","1.5180","31.4984"
"91.1800","1.5183","31.6042"
"91.2000","1.5186","31.5864"
"91.2200","1.5190","31.6368"
"91.2400","1.5195","31.6132"
"91.2600","1.5199","31.5187"
"91.2800","1.5204","31.5049"
"91.3000","1.5207","31.5468"
"91.3200","1.5209","31.5973"
"91.3400","1.5212","31.6460"
"91.3600","1.5214","31.6416"
"91.3800","1.5217","31.6157"
"91.4000","1.5220","31.6541"
"91.4200","1.5224","31.7233"
"91.4400","1.5228","31.7322"
"91.4600","1.5232","31.7336"
"91.4800","1.5235","31.7365"
"91.5000","1.5238","31.7122"
"91.5200","1.5241","31.7550"
"91.5400","1.5245","31.7355"
"91.5600","1.5249","31.6653"
"91.5800","1.5253","31.6961"
"91.6000","1.5257","31.8137"
"91.6200","1.5260","31.8451"
"91.6400","1.5263","31.8348"
"91.6600","1.5265","31.8002"
"91.6800","1.5268","31.7431"
"91.7000","1.5271","31.6669"
"91.7200","1.5274","31.6391"
"91.7400","1.5277","31.6822"
"91.7600","1.5281","31.8295"
"91.7800","1.5285","31.8412"
"91.8000","1.5288","31.9078"
"91.8200","1.5291","31.9074"
"91.8400","1.5294","31.8136"
"91.8600","1.5297","31.8253"
"91.8800","1.5300","31.9601"
"91.9000","1.5303","31.9834"
"91.9200","1.5307","31.9845"
"91.9400","1.5312","31.9618"
"91.9600","1.5317","31.8547"
"91.9800","1.5320","31.7888"
"92.0000","1.5323","31.8498"
"92.0200","1.5325","31.9202"
"92.0400","1.5328","31.9383"
"92.0600","1.5331","31.9639"
"92.0800","1.5334","31.9379"
"92.1000","1.5338","31.9560"
"92.1200","1.5341","32.0085"
"92.1400","1.5345","32.0364"
"92.1600","1.5349","32.0383"
"92.1800","1.5352","31.9988"
"92.2000","1.5355","31.9276"
"92.2200","1.5358","31.9554"
"92.2400","1.5362","32.0188"
"92.2600","1.5366","32.0736"
"92.2800","1.5370","32.1458"
"92.3000","1.5374","32.1425"
"92.3200","1.5377","32.1965"
"92.3400","1.5379","32.1111"
"92.3600","1.5382","32.1015"
"92.3800","1.5384","32.1383"
"92.4000","1.5387","32.1400"
"92.4200","1.5390","32.1431"
"92.4400","1.5394","32.1531"
"92.4600","1.5398","32.1316"
"92.4800","1.5402","32.0771"
"92.5000","1.5405","32.1553"
"92.5200","1.5408","32.2148"
"92.5400","1.5410","32.2546"
"92.5600","1.5413","32.2405"
"92.5800","1.5416","32.2206"
"92.6000","1.5420","32.2699"
"92.6200","1.5425","32.2978"
"92.6400","1.5430","32.2640"
"92.6600","1.5434","32.2542"
"92.6800","1.5437","32.3415"
"92.7000","1.5439","32.3284"
"92.7200","1.5442","32.1986"
"92.7400","1.5444","32.2791"
"92.7600","1.5447","32.2635"
"92.7800","1.5451","32.3028"
"92.8000","1.5454","32.2874"
"92.8200","1.5458","32.2609"
"92.8400","1.5462","32.3770"
"92.8600","1.5465","32.4238"
"92.8800","1.5468","32.4410"
"92.9000","1.5471","32.3978"
"92.9200","1.5474","32.3423"
"92.9400","1.5478","32.3003"
"92.9600","1.5482","32.2660"
"92.9800","1.5487","32.2851"
"93.0000","1.5490","32.3677"
"93.0200","1.5493","32.4333"
"93.0400","1.5495","32.4099"
"93.0600","1.5498","32.3956"
"93.0800","1.5501","32.4476"
"93.1000","1.5504","32.4928"
"93.1200","1.5507","32.3963"
"93.1400","1.5511","32.2866"
"93.1600","1.5515","32.2800"
"93.1800","1.5519","32.4200"
"93.2000","1.5521","32.4052"
"93.2200","1.5524","32.3746"
"93.2400","1.5527","32.3536"
"93.2600","1.5530","32.4359"
"93.2800","1.5533","32.5489"
"93.3000","1.5537","32.5280"
"93.3200","1.5542","32.5403"
"93.3400","1.5546","32.5387"
"93.3600","1.5550","32.4768"
"93.3800","1.5553","32.4963"
"93.4000","1.5555","32.5289"
"93.4200","1.5557","32.4773"
"93.4400","1.5560","32.4932"
"93.4600","1.5564","32.5633"
"93.4800","1.5567","32.6078"
"93.5000","1.5571","32.6445"
"93.5200","1.5575","32.5834"
"93.5400","1.5578","32.6043"
"93.5600","1.5582","32.6247"
"93.5800","1.5585","32.6076"
"93.6000","1.5588","32.6148"
"93.6200","1.5592","32.6852"
"93.6400","1.5596","32.7290"
"93.6600","1.5600","32.7624"
"93.6800","1.5604","32.6965"
"93.7000","1.5607","32.6839"
"93.7200","1.5609","32.6409"
"93.7400","1.5612","32.6126"
"93.7600","1.5614","32.6785"
"93.7800","1.5617","32.7605"
"93.8000","1.5621","32.7703"
"93.8200","1.5624","32.7671"
"93.8400","1.5628","32.6756"
"93.8600","1.5632","32.6917"
"93.8800","1.5635","32.7500"
"93.9000","1.5638","32.7651"
"93.9200","1.5640","32.7117"
"93.9400","1.5643","32.7283"
"93.9600","1.5646","32.8026"
"93.9800","1.5650","32.8004"
"94.0000","1.5655","32.8844"
"94.0200","1.5659","32.9583"
"94.0400","1.5663","32.8748"
"94.0600","1.5666","32.9034"
"94.0800","1.5669","32.9647"
"94.1000","1.5671","32.9901"
"94.1200","1.5674","32.8895"
"94.1400","1.5677","32.8710"
"94.1600","1.5680","32.9117"
"94.1800","1.5684","32.9090"
"94.2000","1.5688","33.0042"
"94.2200","1.5692","33.0403"
"94.2400","1.5695","32.9704"
"94.2600","1.5698","32.9744"
"94.2800","1.5701","32.9546"
"94.3000","1.5705","32.9683"
"94.3200","1.5709","32.9959"
"94.3400","1.5713","33.0085"
"94.3600","1.5717","32.9565"
"94.3800","1.5720","32.9731"
"94.4000","1.5723","32.9722"
"94.4200","1.5725","32.9675"
"94.4400","1.5728","33.0783"
"94.4600","1.5731","33.0938"
"94.4800","1.5734","33.1055"
"94.5000","1.5738","33.0542"
"94.5200","1.5741","33.0713"
"94.5400","1.5745","33.1171"
"94.5600","1.5749","33.1497"
"94.5800","1.5751","33.0037"
"94.6000","1.5754","32.9752"
"94.6200","1.5757","32.9952"
"94.6400","1.5760","33.0927"
"94.6600","1.5763","33.2032"
"94.6800","1.5767","33.3490"
"94.7000","1.5772","33.3006"
"94.7200","1.5777","33.2184"
"94.7400","1.5780","33.2408"
"94.7600","1.5783","33.1561"
"94.7800","1.5785","33.1252"
"94.8000","1.5788","33.2090"
"94.8200","1.5790","33.3222"
"94.8400","1.5794","33.3187"
"94.8600","1.5797","33.3166"
"94.8800","1.5801","33.2177"
"94.9000","1.5805","33.2641"
"94.9200","1.5808","33.2612"
"94.9400","1.5811","33.2590"
"94.9600","1.5815","33.2175"
"94.9800","1.5818","33.1924"
"95.0000","1.5822","33.2518"
"95.0200","1.5826","33.2901"
"95.0400","1.5830","33.3041"
"95.0600","1.5833","33.2889"
"95.0800","1.5836","33.3088"
"95.1000","1.5839","33.3567"
"95.1200","1.5841","33.4307"
"95.1400","1.5844","33.3467"
"95.1600","1.5847","33.3103"
"95.1800","1.5850","33.4020"
"95.2000","1.5854","33.4156"
"95.2200","1.5858","33.3819"
"95.2400","1.5862","33.4134"
"95.2600","1.5865","33.5325"
"95.2800","1.5868","33.4335"
"95.3000","1.5871","33.3202"
"95.3200","1.5873","33.4002"
"95.3400","1.5877","33.4639"
"95.3600","1.5881","33.4683"
"95.3800","1.5885","33.4260"
"95.4000","1.5890","33.4968"
"95.4200","1.5894","33.5132"
"95.4400","1.5897","33.5027"
"95.4600","1.5899","33.4875"
"95.4800","1.5901","33.5447"
"95.5000","1.5904","33.5885"
"95.5200","1.5907","33.6261"
"95.5400","1.5910","33.6085"
"95.5600","1.5914","33.5812"
"95.5800","1.5918","33.5669"
"95.6000","1.5922","33.5891"
"95.6200","1.5925","33.6545"
"95.6400","1.5928","33.6349"
"95.6600","1.5931","33.6398"
"95.6800","1.5934","33.6597"
"95.7000","1.5938","33.5764"
"95.7200","1.5943","33.5992"
"95.7400","1.5947","33.6434"
"95.7600","1.5950","33.7154"
"95.7800","1.5952","33.6950"
"95.8000","1.5955","33.7128"
"95.8200","1.5957","33.6281"
"95.8400","1.5960","33.6424"
"95.8600","1.5963","33.6224"
"95.8800","1.5967","33.5789"
"95.9000","1.5971","33.6523"
"95.9200","1.5975","33.6926"
"95.9400","1.5978","33.6911"
"95.9600","1.5981","33.7379"
"95.9800","1.5984","33.7689"
"96.0000","1.5987","33.7982"
"96.0200","1.5990","33.7280"
"96.0400","1.5993","33.7439"
"96.0600","1.5998","33.7386"
"96.0800","1.6003","33.7447"
"96.1000","1.6007","33.8300"
"96.1200","1.6010","33.8661"
"96.1400","1.6013","33.9003"
"96.1600","1.6015","33.9879"
"96.1800","1.6018","33.8534"
"96.2000","1.6020","33.8236"
"96.2200","1.6024","33.8396"
"96.2400","1.6027","33.8381"
"96.2600","1.6031","33.8450"
"96.2800","1.6035","33.8642"
"96.3000","1.6038","33.8390"
"96.3200","1.6042","33.8733"
"96.3400","1.6045","33.7812"
"96.3600","1.6048","33.8158"
"96.3800","1.6052","33.8237"
"96.4000","1.6056","33.8857"
"96.4200","1.6060","33.9138"
"96.4400","1.6064","33.9188"
"96.4600","1.6067","33.9667"
"96.4800","1.6069","34.0427"
"96.5000","1.6071","34.0057"
"96.5200","1.6074","33.9529"
"96.5400","1.6077","33.9197"
"96.5600","1.6081","34.0139"
"96.5800","1.6084","34.0589"
"96.6000","1.6088","34.0198"
"96.6200","1.6092","34.0735"
"96.6400","1.6095","34.1438"
"96.6600","1.6098","34.1879"
"96.6800","1.6100","34.1012"
"96.7000","1.6103","34.0574"
"96.7200","1.6107","34.0931"
"96.7400","1.6111","34.0604"
"96.7600","1.6116","34.0229"
"96.7800","1.6120","34.0933"
"96.8000","1.6124","34.2181"
"96.8200","1.6127","34.2294"
"96.8400","1.6129","34.2419"
"96.8600","1.6131","34.2540"
"96.8800","1.6134","34.2366"
"96.9000","1.6137","34.1845"
"96.9200","1.6140","34.0981"
"96.9400","1.6144","34.1776"
"96.9600","1.6148","34.2910"
"96.9800","1.6151","34.2709"
"97.0000","1.6154","34.2007"
"97.0200","1.6157","34.1554"
"97.0400","1.6161","34.1532"
"97.0600","1.6165","34.2439"
"97.0800","1.6169","34.2793"
"97.1000","1.6173","34.2157"
"97.1200","1.6177","34.1914"
"97.1400","1.6180","34.2384"
"97.1600","1.6183","34.3239"
"97.1800","1.6185","34.3538"
"97.2000","1.6188","34.3597"
"97.2200","1.6190","34.3629"
"97.2400","1.6194","34.3559"
"97.2600","1.6197","34.3476"
"97.2800","1.6201","34.3764"
"97.3000","1.6205","34.3800"
"97.3200","1.6208","34.3335"
"97.3400","1.6211","34.3518"
"97.3600","1.6214","34.4405"
"97.3800","1.6217","34.4306"
"97.4000","1.6220","34.4083"
"97.4200","1.6224","34.3951"
"97.4400","1.6228","34.4648"
"97.4600","1.6233","34.5863"
"97.4800","1.6237","34.5017"
"97.5000","1.6240","34.4587"
"97.5200","1.6243","34.4496"
"97.5400","1.6245","34.4647"
"97.5600","1.6248","34.3766"
"97.5800","1.6250","34.3861"
"97.6000","1.6253","34.5445"
"97.6200","1.6257","34.5844"
"97.6400","1.6261","34.6236"
"97.6600","1.6265","34.6014"
"97.6800","1.6268","34.6162"
"97.7000","1.6271","34.6043"
"97.7200","1.6274","34.5693"
"97.7400","1.6278","34.5923"
"97.7600","1.6281","34.5605"
"97.7800","1.6286","34.5648"
"97.8000","1.6290","34.6081"
"97.8200","1.6293","34.6216"
"97.8400","1.6296","34.6297"
"97.8600","1.6299","34.5432"
"97.8800","1.6301","34.5007"
"97.9000","1.6304","34.5052"
"97.9200","1.6307","34.5850"
"97.9400","1.6310","34.6165"
"97.9600","1.6314","34.6070"
"97.9800","1.6318","34.6520"
"98.0000","1.6322","34.6674"
"98.0200","1.6325","34.6562"
"98.0400","1.6328","34.6818"
"98.0600","1.6330","34.6844"
"98.0800","1.6333","34.6668"
"98.1000","1.6337","34.6543"
"98.1200","1.6341","34.7048"
"98.1400","1.6345","34.7041"
"98.1600","1.6350","34.6444"
"98.1800","1.6354","34.7429"
"98.2000","1.6357","34.8417"
"98.2200","1.6359","34.8324"
"98.2400","1.6361","34.7718"
"98.2600","1.6364","34.7532"
"98.2800","1.6367","34.7736"
"98.3000","1.6370","34.8326"
"98.3200","1.6374","34.8506"
"98.3400","1.6378","34.9037"
"98.3600","1.6381","34.9124"
"98.3800","1.6385","34.9503"
"98.4000","1.6388","34.8771"
"98.4200","1.6391","34.8664"
"98.4400","1.6395","34.9751"
"98.4600","1.6399","34.9301"
"98.4800","1.6403","34.9152"
"98.5000","1.6407","34.8931"
"98.5200","1.6410","34.8537"
"98.5400","1.6412","34.9242"
"98.5600","1.6415","35.0011"
"98.5800","1.6417","35.0446"
"98.6000","1.6420","34.9103"
"98.6200","1.6424","34.8489"
"98.6400","1.6427","34.9302"
"98.6600","1.6431","35.0014"
"98.6800","1.6435","34.9600"
"98.7000","1.6439","34.9459"
"98.7200","1.6442","35.0335"
"98.7400","1.6444","35.0474"
"98.7600","1.6447","35.0064"
"98.7800","1.6450","35.0322"
"98.8000","1.6454","35.0521"
"98.8200","1.6458","35.0651"
"98.8400","1.6463","35.1090"
"98.8600","1.6467","35.1001"
"98.8800","1.6471","35.0504"
"98.9000","1.6473","35.0644"
"98.9200","1.6475","35.1624"
"98.9400","1.6478","35.2177"
"98.9600","1.6480","35.1793"
"98.9800","1.6484","35.1223"
"99.0000","1.6487","35.1691"
"99.0200","1.6491","35.2032"
"99.0400","1.6495","35.1954"
"99.0600","1.6498","35.2418"
"99.0800","1.6501","35.2156"
"99.1000","1.6505","35.1974"
"99.1200","1.6508","35.1059"
"99.1400","1.6512","35.1937"
"99.1600","1.6516","35.2919"
"99.1800","1.6520","35.3380"
"99.2000","1.6523","35.3240"
"99.2200","1.6526","35.3077"
"99.2400","1.6529","35.2835"
"99.2600","1.6531","35.2126"
"99.2800","1.6534","35.2265"
"99.3000","1.6537","35.2233"
"99.3200","1.6540","35.2443"
"99.3400","1.6544","35.2869"
"99.3600","1.6548","35.3786"
"99.3800","1.6552","35.4039"
"99.4000","1.6555","35.2858"
"99.4200","1.6558","35.2059"
"99.4400","1.6560","35.2659"
"99.4600","1.6563","35.3439"
"99.4800","1.6567","35.3420"
"99.5000","1.6571","35.4121"
"99.5200","1.6576","35.3823"
"99.5400","1.6580","35.4119"
"99.5600","1.6584","35.4324"
"99.5800","1.6587","35.4089"
"99.6000","1.6589","35.4534"
"99.6200","1.6592","35.4393"
"99.6400","1.6594","35.4411"
"99.6600","1.6597","35.4680"
"99.6800","1.6601","35.4823"
"99.7000","1.6605","35.4904"
"99.7200","1.6608","35.4931"
"99.7400","1.6612","35.5061"
"99.7600","1.6615","35.5705"
"99.7800","1.6618","35.4957"
"99.8000","1.6622","35.4809"
"99.8200","1.6625","35.4678"
"99.8400","1.6629","35.4953"
"99.8600","1.6633","35.5304"
"99.8800","1.6637","35.5753"
"99.9000","1.6640","35.5443"
"99.9200","1.6643","35.5247"
"99.9400","1.6645","35.5358"
"99.9600","1.6647","35.5656"
"99.9800","1.6650","35.5948"
"100.0000","1.6654","35.6896"
"100.0200","1.6657","35.6753"
"100.0400","1.6661","35.5800"
"100.0600","1.6665","35.5481"
"100.0800","1.6668","35.5790"
"100.1000","1.6671","35.6250"
"100.1200","1.6674","35.6894"
"100.1400","1.6677","35.6459"
"100.1600","1.6680","35.6824"
"100.1800","1.6684","35.7015"
"100.2000","1.6688","35.7208"
"100.2200","1.6693","35.7536"
"100.2400","1.6697","35.8148"
"100.2600","1.6700","35.7734"
"100.2800","1.6703","35.6924"
"100.3000","1.6705","35.7483"
"100.3200","1.6708","35.7294"
"100.3400","1.6710","35.7091"
"100.3600","1.6714","35.7292"
"100.3800","1.6717","35.7797"
"100.4000","1.6721","35.8331"
"100.4200","1.6725","35.8743"
"100.4400","1.6728","35.9511"
"100.4600","1.6731","35.8831"
"100.4800","1.6735","35.8526"
"100.5000","1.6738","35.8043"
"100.5200","1.6742","35.7793"
"100.5400","1.6746","35.8026"
"100.5600","1.6750","35.8380"
"100.5800","1.6753","35.8206"
"100.6000","1.6756","35.8109"
"100.6200","1.6758","35.8269"
"100.6400","1.6761","35.8376"
"100.6600","1.6764","35.9215"
"100.6800","1.6767","35.9772"
"100.7000","1.6770","35.9583"
"100.7200","1.6774","35.9508"
"100.7400","1.6778","36.0611"
"100.7600","1.6782","36.1492"
"100.7800","1.6785","36.0141"
"100.8000","1.6788","36.0118"
"100.8200","1.6791","36.0854"
"100.8400","1.6794","36.0679"
"100.8600","1.6797","35.9769"
"100.8800","1.6801","35.9836"
"100.9000","1.6806","36.0351"
"100.9200","1.6810","35.9811"
"100.9400","1.6814","35.9273"
"100.9600","1.6816","35.9447"
"100.9800","1.6819","35.9958"
"101.0000","1.6821","36.0759"
"101.0200","1.6824","36.1812"
"101.0400","1.6827","36.1732"
"101.0600","1.6830","36.1519"
"101.0800","1.6834","36.1688"
"101.1000","1.6838","36.1034"
"101.1200","1.6842","36.0655"
"101.1400","1.6845","36.1341"
"101.1600","1.6848","36.1949"
"101.1800","1.6851","36.1650"
"101.2000","1.6855","36.1693"
"101.2200","1.6859","36.2085"
"101.2400","1.6863","36.1350"
"101.2600","1.6866","36.1600"
"101.2800","1.6869","36.2342"
"101.3000","1.6872","36.2264"
"101.3200","1.6874","36.2269"
"101.3400","1.6877","36.2391"
"101.3600","1.6880","36.2224"
"101.3800","1.6883","36.2661"
"101.4000","1.6887","36.2378"
"101.4200","1.6891","36.1834"
"101.4400","1.6895","36.2413"
"101.4600","1.6898","36.2629"
"101.4800","1.6901","36.2895"
"101.5000","1.6904","36.3534"
"101.5200","1.6906","36.4314"
"101.5400","1.6910","36.4311"
"101.5600","1.6913","36.3729"
"101.5800","1.6918","36.2962"
"101.6000","1.6923","36.3420"
"101.6200","1.6927","36.3158"
"101.6400","1.6930","36.3622"
"101.6600","1.6932","36.3927"
"101.6800","1.6935","36.4236"
"101.7000","1.6937","36.4082"
"101.7200","1.6940","36.4204"
"101.7400","1.6944","36.4602"
"101.7600","1.6947","36.5373"
"101.7800","1.6951","36.5247"
"101.8000","1.6955","36.5157"
"101.8200","1.6958","36.4821"
"101.8400","1.6961","36.5317"
"101.8600","1.6965","36.5340"
"101.8800","1.6968","36.5468"
"101.9000","1.6972","36.4618"
"101.9200","1.6976","36.5196"
"101.9400","1.6980","36.5234"
"101.9600","1.6983","36.5742"
"101.9800","1.6986","36.5983"
"102.0000","1.6988","36.5775"
"102.0200","1.6991","36.5859"
"102.0400","1.6994","36.5715"
"102.0600","1.6997","36.6087"
"102.0800","1.7000","36.5753"
"102.1000","1.7004","36.5971"
"102.1200","1.7008","36.6226"
"102.1400","1.7012","36.6528"
"102.1600","1.7015","36.6282"
"102.1800","1.7017","36.5397"
"102.2000","1.7020","36.5264"
"102.2200","1.7023","36.5372"
"102.2400","1.7027","36.5882"
"102.2600","1.7032","36.5668"
"102.2800","1.7037","36.6188"
"102.3000","1.7041","36.5964"
"102.3200","1.7044","36.6056"
"102.3400","1.7046","36.6681"
"102.3600","1.7048","36.6711"
"102.3800","1.7051","36.7172"
"102.4000","1.7054","36.7462"
"102.4200","1.7057","36.7214"
"102.4400","1.7061","36.6979"
"102.4600","1.7065","36.7400"
"102.4800","1.7069","36.7445"
"102.5000","1.7072","36.7828"
"102.5200","1.7075","36.8124"
"102.5400","1.7078","36.7709"
"102.5600","1.7082","36.7995"
"102.5800","1.7085","36.8514"
"102.6000","1.7089","36.8529"
"102.6200","1.7093","36.7925"
"102.6400","1.7096","36.7653"
"102.6600","1.7099","36.7970"
"102.6800","1.7102","36.8446"
"102.7000","1.7105","36.8087"
"102.7200","1.7107","36.8136"
"102.7400","1.7110","36.8792"
"102.7600","1.7114","36.9226"
"102.7800","1.7118","36.8864"
"102.8000","1.7121","36.9900"
"102.8200","1.7125","36.9308"
"102.8400","1.7128","36.9165"
"102.8600","1.7131","36.8677"
"102.8800","1.7134","36.9152"
"102.9000","1.7137","36.9452"
"102.9200","1.7140","36.9637"
"102.9400","1.7145","36.9139"
"102.9600","1.7149","36.9610"
"102.9800","1.7154","36.9557"
"103.0000","1.7158","37.0249"
"103.0200","1.7160","37.0348"
"103.0400","1.7162","37.0192"
"103.0600","1.7164","37.1701"
"103.0800","1.7167","37.1327"
"103.1000","1.7170","37.1190"
"103.1200","1.7174","37.1233"
"103.1400","1.7178","37.1321"
"103.1600","1.7182","37.1139"
"103.1800","1.7185","37.0699"
"103.2000","1.7189","37.0575"
"103.2200","1.7192","37.0954"
"103.2400","1.7195","37.0566"
"103.2600","1.7198","37.0812"
"103.2800","1.7202","37.1719"
"103.3000","1.7206","37.2184"
"103.3200","1.7210","37.1677"
"103.3400","1.7213","37.1011"
"103.3600","1.7215","37.1340"
"103.3800","1.7218","37.1931"
"103.4000","1.7221","37.1807"
"103.4200","1.7223","37.1679"
"103.4400","1.7227","37.2008"
"103.4600","1.7230","37.1923"
"103.4800","1.7234","37.2250"
"103.5000","1.7238","37.2510"
"103.5200","1.7242","37.3137"
"103.5400","1.7245","37.2688"
"103.5600","1.7247","37.2555"
"103.5800","1.7250","37.3081"
"103.6000","1.7253","37.2676"
"103.6200","1.7257","37.2734"
"103.6400","1.7262","37.2985"
"103.6600","1.7267","37.2849"
"103.6800","1.7271","37.3566"
"103.7000","1.7274","37.3711"
"103.7200","1.7276","37.3805"
"103.7400","1.7278","37.4192"
"103.7600","1.7281","37.4756"
"103.7800","1.7283","37.4489"
"103.8000","1.7287","37.3619"
"103.8200","1.7291","37.3674"
"103.8400","1.7295","37.3847"
"103.8600","1.7299","37.3058"
"103.8800","1.7302","37.2923"
"103.9000","1.7305","37.3946"
"103.9200","1.7308","37.4538"
"103.9400","1.7312","37.5397"
"103.9600","1.7315","37.5708"
"103.9800","1.7319","37.5031"
"104.0000","1.7323","37.4408"
"104.0200","1.7326","37.4749"
"104.0400","1.7329","37.5081"
"104.0600","1.7332","37.5011"
"104.0800","1.7334","37.4925"
"104.1000","1.7337","37.4705"
"104.1200","1.7340","37.4669"
"104.1400","1.7343","37.5459"
"104.1600","1.7347","37.5635"
"104.1800","1.7351","37.5451"
"104.2000","1.7355","37.5001"
"104.2200","1.7358","37.5291"
"104.2400","1.7360","37.5267"
"104.2600","1.7363","37.5641"
"104.2800","1.7366","37.5825"
"104.3000","1.7370","37.6134"
"104.3200","1.7374","37.6153"
"104.3400","1.7379","37.5928"
"104.3600","1.7384","37.6691"
"104.3800","1.7388","37.5828"
"104.4000","1.7390","37.6083"
"104.4200","1.7392","37.6511"
"104.4400","1.7395","37.7207"
"104.4600","1.7397","37.7457"
"104.4800","1.7400","37.7116"
"104.5000","1.7404","37.6898"
"104.5200","1.7408","37.6883"
"104.5400","1.7412","37.6741"
"104.5600","1.7415","37.7586"
"104.5800","1.7419","37.8106"
"104.6000","1.7422","37.7410"
"104.6200","1.7425","37.6962"
"104.6400","1.7428","37.7141"
"104.6600","1.7432","37.7686"
"104.6800","1.7436","37.8249"
"104.7000","1.7440","37.8165"
"104.7200","1.7443","37.7748"
"104.7400","1.7446","37.7675"
"104.7600","1.7448","37.7918"
"104.7800","1.7451","37.8153"
"104.8000","1.7454","37.8334"
"104.8200","1.7457","37.8574"
"104.8400","1.7461","37.8501"
"104.8600","1.7465","37.8986"
"104.8800","1.7468","37.9602"
"104.9000","1.7471","37.8890"
"104.9200","1.7474","37.9055"
"104.9400","1.7477","37.9580"
"104.9600","1.7480","37.9465"
"104.9800","1.7483","37.8339"
"105.0000","1.7487","37.7732"
"105.0200","1.7491","37.8535"
"105.0400","1.7496","37.8895"
"105.0600","1.7500","37.8892"
"105.0800","1.7504","37.9410"
"105.1000","1.7506","37.9553"
"105.1200","1.7508","37.9523"
"105.1400","1.7511","37.9941"
"105.1600","1.7514","37.9963"
"105.1800","1.7517","37.9909"
"105.2000","1.7521","37.9467"
"105.2200","1.7525","37.9542"
"105.2400","1.7528","37.9341"
"105.2600","1.7532","38.0032"
"105.2800","1.7535","38.1068"
"105.3000","1.7538","38.1696"
"105.3200","1.7541","38.1810"
"105.3400","1.7545","38.1374"
"105.3600","1.7549","38.0834"
"105.3800","1.7553","38.0646"
"105.4000","1.7557","38.1584"
"105.4200","1.7559","38.1660"
"105.4400","1.7562","38.0960"
"105.4600","1.7564","38.0846"
"105.4800","1.7567","38.1345"
"105.5000","1.7570","38.1443"
"105.5200","1.7574","38.0995"
"105.5400","1.7577","38.0788"
"105.5600","1.7581","38.1863"
"105.5800","1.7585","38.1683"
"105.6000","1.7588","38.2145"
"105.6200","1.7591","38.2397"
"105.6400","1.7593","38.2527"
"105.6600","1.7596","38.1605"
"105.6800","1.7600","38.2524"
"105.7000","1.7604","38.2940"
"105.7200","1.7609","38.3119"
"105.7400","1.7614","38.3128"
"105.7600","1.7617","38.2989"
"105.7800","1.7620","38.3136"
"105.8000","1.7622","38.3393"
"105.8200","1.7624","38.4484"
"105.8400","1.7627","38.3942"
"105.8600","1.7630","38.3593"
"105.8800","1.7634","38.3991"
"105.9000","1.7638","38.4113"
"105.9200","1.7642","38.3930"
"105.9400","1.7645","38.3987"
"105.9600","1.7648","38.4183"
"105.9800","1.7651","38.3985"
"106.0000","1.7655","38.3390"
"106.0200","1.7658","38.4457"
"106.0400","1.7662","38.5070"
"106.0600","1.7666","38.4827"
"106.0800","1.7670","38.4677"
"106.1000","1.7673","38.4285"
"106.1200","1.7676","38.4299"
"106.1400","1.7678","38.4824"
"106.1600","1.7681","38.4705"
"106.1800","1.7684","38.4797"
"106.2000","1.7687","38.4862"
"106.2200","1.7691","38.4932"
"106.2400","1.7695","38.4406"
"106.2600","1.7698","38.4953"
"106.2800","1.7701","38.5720"
"106.3000","1.7704","38.5574"
"106.3200","1.7707","38.4908"
"106.3400","1.7710","38.4814"
"106.3600","1.7713","38.4757"
"106.3800","1.7717","38.5139"
"106.4000","1.7722","38.5615"
"106.4200","1.7726","38.6381"
"106.4400","1.7730","38.6861"
"106.4600","1.7733","38.6373"
"106.4800","1.7736","38.5814"
"106.5000","1.7738","38.5703"
"106.5200","1.7741","38.5952"
"106.5400","1.7744","38.5549"
"106.5600","1.7747","38.5997"
"106.5800","1.7751","38.6293"
"106.6000","1.7755","38.6169"
"106.6200","1.7758","38.6261"
"106.6400","1.7762","38.6121"
"106.6600","1.7765","38.6461"
"106.6800","1.7768","38.6442"
"106.7000","1.7771","38.6863"
"106.7200","1.7775","38.7136"
"106.7400","1.7780","38.6754"
"106.7600","1.7784","38.6709"
"106.7800","1.7787","38.6624"
"106.8000","1.7790","38.6551"
"106.8200","1.7792","38.7978"
"106.8400","1.7795","38.7333"
"106.8600","1.7797","38.6926"
"106.8800","1.7801","38.7415"
"106.9000","1.7804","38.8074"
"106.9200","1.7808","38.8372"
"106.9400","1.7812","38.8440"
"106.9600","1.7815","38.8499"
"106.9800","1.7818","38.8092"
"107.0000","1.7821","38.7987"
"107.0200","1.7823","38.8679"
"107.0400","1.7826","38.8573"
"107.0600","1.7830","38.8922"
"107.0800","1.7835","38.8577"
"107.1000","1.7839","38.9600"
"107.1200","1.7844","39.0189"
"107.1400","1.7847","38.9540"
"107.1600","1.7849","38.9984"
"107.1800","1.7852","38.9681"
"107.2000","1.7854","38.9713"
"107.2200","1.7857","39.0003"
"107.2400","1.7861","38.9496"
"107.2600","1.7864","38.9032"
"107.2800","1.7868","38.9507"
"107.3000","1.7872","39.0092"
"107.3200","1.7875","38.9904"
"107.3400","1.7878","38.9728"
"107.3600","1.7881","38.9277"
"107.3800","1.7884","38.9422"
"107.4000","1.7888","39.0295"
"107.4200","1.7892","38.9586"
"107.4400","1.7896","38.9800"
"107.4600","1.7900","39.0502"
"107.4800","1.7903","39.0850"
"107.5000","1.7906","38.9625"
"107.5200","1.7908","39.0370"
"107.5400","1.7911","39.0460"
"107.5600","1.7914","39.0525"
"107.5800","1.7918","39.0334"
"107.6000","1.7921","39.0084"
"107.6200","1.7925","39.0680"
"107.6400","1.7929","39.1672"
"107.6600","1.7932","39.2361"
"107.6800","1.7934","39.2216"
"107.7000","1.7937","39.2360"
"107.7200","1.7940","39.2603"
"107.7400","1.7943","39.1882"
"107.7600","1.7947","39.1925"
"107.7800","1.7952","39.2203"
"107.8000","1.7956","39.1096"
"107.8200","1.7960","39.1965"
"107.8400","1.7963","39.2469"
"107.8600","1.7965","39.2360"
"107.8800","1.7968","39.1387"
"107.9000","1.7970","39.1402"
"107.9200","1.7974","39.2529"
"107.9400","1.7977","39.2897"
"107.9600","1.7981","39.2875"
"107.9800","1.7985","39.3341"
"108.0000","1.7988","39.2924"
"108.0200","1.7992","39.1795"
"108.0400","1.7995","39.1671"
"108.0600","1.7998","39.3087"
"108.0800","1.8001","39.3598"
"108.1000","1.8005","39.4319"
"108.1200","1.8010","39.3485"
"108.1400","1.8013","39.2921"
"108.1600","1.8017","39.2301"
"108.1800","1.8019","39.2735"
"108.2000","1.8022","39.3575"
"108.2200","1.8024","39.3632"
"108.2400","1.8027","39.3684"
"108.2600","1.8031","39.3411"
"108.2800","1.8034","39.3241"
"108.3000","1.8038","39.3732"
"108.3200","1.8042","39.4459"
"108.3400","1.8045","39.4586"
"108.3600","1.8048","39.4500"
"108.3800","1.8050","39.4347"
"108.4000","1.8053","39.5287"
"108.4200","1.8056","39.5257"
"108.4400","1.8060","39.5085"
"108.4600","1.8065","39.4816"
"108.4800","1.8069","39.5404"
"108.5000","1.8073","39.5946"
"108.5200","1.8076","39.6203"
"108.5400","1.8079","39.6188"
"108.5600","1.8081","39.6401"
"108.5800","1.8084","39.6025"
"108.6000","1.8087","39.5909"
"108.6200","1.8090","39.5982"
"108.6400","1.8094","39.6446"
"108.6600","1.8098","39.6134"
"108.6800","1.8102","39.6442"
"108.7000","1.8105","39.6388"
"108.7200","1.8108","39.6143"
"108.7400","1.8111","39.5529"
"108.7600","1.8114","39.6330"
"108.7800","1.8118","39.6001"
"108.8000","1.8122","39.5930"
"108.8200","1.8127","39.5719"
"108.8400","1.8130","39.6844"
"108.8600","1.8133","39.6608"
"108.8800","1.8135","39.6488"
"108.9000","1.8138","39.6706"
"108.9200","1.8141","39.7043"
"108.9400","1.8144","39.7824"
"108.9600","1.8147","39.7169"
"108.9800","1.8151","39.7525"
"109.0000","1.8155","39.8038"
"109.0200","1.8159","39.8028"
"109.0400","1.8161","39.7422"
"109.0600","1.8164","39.7623"
"109.0800","1.8167","39.8388"
"109.1000","1.8170","39.8090"
"109.1200","1.8173","39.8060"
"109.1400","1.8177","39.7807"
"109.1600","1.8182","39.8097"
"109.1800","1.8187","39.8187"
"109.2000","1.8190","39.8427"
"109.2200","1.8193","39.8223"
"109.2400","1.8195","39.8576"
"109.2600","1.8198","39.9149"
"109.2800","1.8200","39.8900"
"109.3000","1.8203","39.9410"
"109.3200","1.8207","39.8710"
"109.3400","1.8211","39.8340"
"109.3600","1.8215","39.9270"
"109.3800","1.8218","40.0280"
"109.4000","1.8222","40.0625"
"109.4200","1.8224","40.0498"
"109.4400","1.8228","39.9693"
"109.4600","1.8231","39.9720"
"109.4800","1.8235","39.9444"
"109.5000","1.8240","39.9469"
"109.5200","1.8244","40.0138"
"109.5400","1.8247","39.9481"
"109.5600","1.8249","39.9700"
"109.5800","1.8252","40.0488"
"109.6000","1.8254","40.0798"
"109.6200","1.8257","40.0592"
"109.6400","1.8260","40.0683"
"109.6600","1.8264","40.1178"
"109.6800","1.8268","40.0542"
"109.7000","1.8272","40.0523"
"109.7200","1.8275","40.1527"
"109.7400","1.8278","40.1635"
"109.7600","1.8281","40.1974"
"109.7800","1.8284","40.0861"
"109.8000","1.8287","40.0731"
"109.8200","1.8291","40.1468"
"109.8400","1.8295","40.1020"
"109.8600","1.8300","40.1396"
"109.8800","1.8304","40.2104"
"109.9000","1.8307","40.1763"
"109.9200","1.8310","40.1258"
"109.9400","1.8312","40.1110"
"109.9600","1.8314","40.1864"
"109.9800","1.8317","40.2195"
"110.0000","1.8320","40.2180"
"110.0200","1.8324","40.2697"
"110.0400","1.8328","40.3209"
"110.0600","1.8332","40.2715"
"110.0800","1.8335","40.2383"
"110.1000","1.8338","40.2368"
"110.1200","1.8341","40.1940"
"110.1400","1.8345","40.2413"
"110.1600","1.8349","40.2993"
"110.1800","1.8353","40.2918"
"110.2000","1.8357","40.3187"
"110.2200","1.8360","40.2725"
"110.2400","1.8363","40.2599"
"110.2600","1.8365","40.2986"
"110.2800","1.8368","40.3991"
"110.3000","1.8370","40.4158"
"110.3200","1.8374","40.3368"
"110.3400","1.8377","40.2704"
"110.3600","1.8381","40.2790"
"110.3800","1.8385","40.3735"
"110.4000","1.8389","40.3861"
"110.4200","1.8392","40.3767"
"110.4400","1.8394","40.4032"
"110.4600","1.8397","40.4157"
"110.4800","1.8400","40.3419"
"110.5000","1.8404","40.4256"
"110.5200","1.8408","40.4676"
"110.5400","1.8412","40.4429"
"110.5600","1.8417","40.4229"
"110.5800","1.8420","40.5104"
"110.6000","1.8423","40.4948"
"110.6200","1.8425","40.6212"
"110.6400","1.8428","40.5997"
"110.6600","1.8430","40.6588"
"110.6800","1.8434","40.6865"
"110.7000","1.8437","40.6392"
"110.7200","1.8441","40.5668"
"110.7400","1.8445","40.4818"
"110.7600","1.8448","40.5112"
"110.7800","1.8451","40.5582"
"110.8000","1.8455","40.6248"
"110.8200","1.8458","40.6356"
"110.8400","1.8462","40.5811"
"110.8600","1.8466","40.6163"
"110.8800","1.8470","40.6536"
"110.9000","1.8474","40.6469"
"110.9200","1.8477","40.6677"
"110.9400","1.8479","40.6036"
"110.9600","1.8482","40.6488"
"110.9800","1.8484","40.6866"
"111.0000","1.8487","40.6693"
"111.0200","1.8490","40.6686"
"111.0400","1.8494","40.7122"
"111.0600","1.8498","40.7131"
"111.0800","1.8502","40.7652"
"111.1000","1.8505","40.7024"
"111.1200","1.8508","40.7087"
"111.1400","1.8510","40.7057"
"111.1600","1.8513","40.7118"
"111.1800","1.8517","40.7984"
"111.2000","1.8521","40.8423"
"111.2200","1.8525","40.8555"
"111.2400","1.8530","40.8434"
"111.2600","1.8534","40.8593"
"111.2800","1.8537","41.0008"
"111.3000","1.8539","41.0235"
"111.3200","1.8541","40.9134"
"111.3400","1.8544","40.8781"
"111.3600","1.8547","40.7828"
"111.3800","1.8550","40.7658"
"111.4000","1.8554","40.7984"
"111.4200","1.8558","40.8461"
"111.4400","1.8561","40.8371"
"111.4600","1.8564","40.9091"
"111.4800","1.8567","40.9439"
"111.5000","1.8571","40.9552"
"111.5200","1.8574","40.9467"
"111.5400","1.8578","40.9292"
"111.5600","1.8583","40.9178"
"111.5800","1.8587","40.8927"
"111.6000","1.8590","40.9520"
"111.6200","1.8593","40.9589"
"111.6400","1.8595","40.8976"
"111.6600","1.8598","40.8923"
"111.6800","1.8600","40.8690"
"111.7000","1.8604","40.9403"
"111.7200","1.8607","41.0042"
"111.7400","1.8611","41.0719"
"111.7600","1.8615","41.0680"
"111.7800","1.8619","41.0981"
"111.8000","1.8622","41.1346"
"111.8200","1.8624","41.1033"
"111.8400","1.8627","41.1254"
"111.8600","1.8630","41.2178"
"111.8800","1.8634","41.1717"
"111.9000","1.8638","41.1066"
"111.9200","1.8642","41.1182"
"111.9400","1.8647","41.0659"
"111.9600","1.8650","41.1219"
"111.9800","1.8653","41.1537"
"112.0000","1.8655","41.1589"
"112.0200","1.8658","41.1541"
"112.0400","1.8660","41.1578"
"112.0600","1.8663","41.1328"
"112.0800","1.8667","41.0867"
"112.1000","1.8671","41.2109"
"112.1200","1.8674","41.1985"
"112.1400","1.8678","41.2485"
"112.1600","1.8681","41.2249"
"112.1800","1.8684","41.2154"
"112.2000","1.8688","41.1619"
"112.2200","1.8691","41.1569"
"112.2400","1.8696","41.2481"
"112.2600","1.8700","41.3849"
"112.2800","1.8703","41.3399"
"112.3000","1.8706","41.3237"
"112.3200","1.8709","41.4705"
"112.3400","1.8711","41.4109"
"112.3600","1.8714","41.3570"
"112.3800","1.8717","41.3053"
"112.4000","1.8720","41.3414"
"112.4200","1.8724","41.3438"
"112.4400","1.8728","41.3223"
"112.4600","1.8732","41.3241"
"112.4800","1.8735","41.3169"
"112.5000","1.8738","41.4001"
"112.5200","1.8740","41.3966"
"112.5400","1.8743","41.3509"
"112.5600","1.8747","41.3083"
"112.5800","1.8751","41.3723"
"112.6000","1.8755","41.4911"
"112.6200","1.8760","41.4758"
"112.6400","1.8764","41.4709"
"112.6600","1.8767","41.4635"
"112.6800","1.8769","41.4770"
"112.7000","1.8771","41.5357"
"112.7200","1.8774","41.5085"
"112.7400","1.8777","41.4397"
"112.7600","1.8780","41.4631"
"112.7800","1.8784","41.5242"
"112.8000","1.8788","41.5961"
"112.8200","1.8791","41.5778"
"112.8400","1.8795","41.5399"
"112.8600","1.8798","41.5267"
"112.8800","1.8801","41.5194"
"112.9000","1.8805","41.4872"
"112.9200","1.8809","41.5119"
"112.9400","1.8813","41.6367"
"112.9600","1.8817","41.6659"
"112.9800","1.8820","41.7185"
"113.0000","1.8823","41.7518"
"113.0200","1.8825","41.7155"
"113.0400","1.8828","41.6765"
"113.0600","1.8830","41.6221"
"113.0800","1.8834","41.6295"
"113.1000","1.8837","41.5833"
"113.1200","1.8841","41.6378"
"113.1400","1.8845","41.6835"
"113.1600","1.8849","41.6256"
"113.1800","1.8852","41.6405"
"113.2000","1.8854","41.6321"
"113.2200","1.8857","41.6640"
"113.2400","1.8860","41.6985"
"113.2600","1.8863","41.7092"
"113.2800","1.8868","41.7320"
"113.3000","1.8873","41.7768"
"113.3200","1.8877","41.7942"
"113.3400","1.8881","41.7880"
"113.3600","1.8883","41.7932"
"113.3800","1.8886","41.7122"
"113.4000","1.8888","41.7660"
"113.4200","1.8890","41.8414"
"113.4400","1.8894","41.8467"
"113.4600","1.8897","41.7866"
"113.4800","1.8901","41.7662"
"113.5000","1.8905","41.7999"
"113.5200","1.8908","41.8632"
"113.5400","1.8911","41.8255"
"113.5600","1.8915","41.8232"
"113.5800","1.8918","41.8325"
"113.6000","1.8922","41.9360"
"113.6200","1.8926","41.9968"
"113.6400","1.8930","42.0716"
"113.6600","1.8934","42.0810"
"113.6800","1.8936","42.0982"
"113.7000","1.8939","42.0219"
"113.7200","1.8941","41.9476"
"113.7400","1.8944","41.9253"
"113.7600","1.8947","41.9140"
"113.7800","1.8950","41.8873"
"113.8000","1.8954","41.9077"
"113.8200","1.8958","41.9245"
"113.8400","1.8962","41.9587"
"113.8600","1.8965","41.9288"
"113.8800","1.8968","41.9528"
"113.9000","1.8970","42.0346"
"113.9200","1.8973","42.0472"
"113.9400","1.8976","42.0204"
"113.9600","1.8980","42.0068"
"113.9800","1.8985","42.0152"
"114.0000","1.8990","41.9580"
"114.0200","1.8994","41.9930"
"114.0400","1.8997","42.1070"
"114.0600","1.9000","42.1051"
"114.0800","1.9002","42.1200"
"114.1000","1.9004","42.1662"
"114.1200","1.9007","42.2265"
"114.1400","1.9010","42.2098"
"114.1600","1.9014","42.2470"
"114.1800","1.9018","42.2204"
"114.2000","1.9021","42.1071"
"114.2200","1.9025","42.0771"
"114.2400","1.9028","42.1742"
"114.2600","1.9031","42.1788"
"114.2800","1.9035","42.1538"
"114.3000","1.9039","42.2232"
"114.3200","1.9043","42.3464"
"114.3400","1.9047","42.2926"
"114.3600","1.9050","42.2616"
"114.3800","1.9053","42.2005"
"114.4000","1.9055","42.1553"
"114.4200","1.9057","42.1304"
"114.4400","1.9060","42.1625"
"114.4600","1.9063","42.2236"
"114.4800","1.9067","42.2211"
"114.5000","1.9071","42.3457"
"114.5200","1.9075","42.4156"
"114.5400","1.9079","42.4099"
"114.5600","1.9081","42.3178"
"114.5800","1.9084","42.3864"
"114.6000","1.9087","42.3042"
"114.6200","1.9090","42.3020"
"114.6400","1.9094","42.3461"
"114.6600","1.9098","42.4451"
"114.6800","1.9103","42.4408"
"114.7000","1.9107","42.4153"
"114.7200","1.9111","42.4081"
"114.7400","1.9113","42.4114"
"114.7600","1.9115","42.4260"
"114.7800","1.9118","42.4394"
"114.8000","1.9120","42.4541"
"114.8200","1.9124","42.3867"
"114.8400","1.9127","42.4204"
"114.8600","1.9131","42.4751"
"114.8800","1.9135","42.4758"
"114.9000","1.9138","42.5452"
"114.9200","1.9141","42.5375"
"114.9400","1.9144","42.4907"
"114.9600","1.9148","42.4779"
"114.9800","1.9152","42.5227"
"115.0000","1.9156","42.5165"
"115.0200","1.9160","42.5086"
"115.0400","1.9163","42.5247"
"115.0600","1.9166","42.4766"
"115.0800","1.9169","42.5730"
"115.1000","1.9171","42.5939"
"115.1200","1.9174","42.6226"
"115.1400","1.9177","42.6021"
"115.1600","1.9180","42.6436"
"115.1800","1.9184","42.6754"
"115.2000","1.9188","42.6244"
"115.2200","1.9192","42.5681"
"115.2400","1.9195","42.5729"
"115.2600","1.9198","42.6450"
"115.2800","1.9201","42.6306"
"115.3000","1.9204","42.6195"
"115.3200","1.9207","42.5890"
"115.3400","1.9211","42.6240"
"115.3600","1.9216","42.6853"
"115.3800","1.9220","42.6925"
"115.4000","1.9224","42.7350"
"115.4200","1.9227","42.7480"
"115.4400","1.9229","42.7423"
"115.4600","1.9231","42.8156"
"115.4800","1.9234","42.8321"
"115.5000","1.9237","42.7598"
"115.5200","1.9240","42.8300"
"115.5400","1.9244","42.8538"
"115.5600","1.9248","42.9062"
"115.5800","1.9252","42.8528"
"115.6000","1.9255","42.8040"
"115.6200","1.9258","42.8253"
"115.6400","1.9261","42.9082"
"115.6600","1.9265","42.8749"
"115.6800","1.9269","42.7761"
"115.7000","1.9273","42.8447"
"115.7200","1.9277","42.8793"
"115.7400","1.9280","42.8002"
"115.7600","1.9282","42.8624"
"115.7800","1.9285","42.9527"
"115.8000","1.9287","42.9631"
"115.8200","1.9290","42.9044"
"115.8400","1.9293","42.9407"
"115.8600","1.9297","42.9515"
"115.8800","1.9301","43.0145"
"115.9000","1.9305","42.9846"
"115.9200","1.9308","42.9373"
"115.9400","1.9311","42.9604"
"115.9600","1.9314","42.9236"
"115.9800","1.9317","42.9293"
"116.0000","1.9320","43.0532"
"116.0200","1.9324","43.0501"
"116.0400","1.9328","43.0720"
"116.0600","1.9333","43.0428"
"116.0800","1.9337","43.0053"
"116.1000","1.9340","42.9900"
"116.1200","1.9343","43.1106"
"116.1400","1.9345","43.1071"
"116.1600","1.9348","43.0780"
"116.1800","1.9350","43.0785"
"116.2000","1.9354","43.0771"
"116.2200","1.9357","43.1349"
"116.2400","1.9361","43.1410"
"116.2600","1.9365","43.0624"
"116.2800","1.9368","43.0953"
"116.3000","1.9371","43.1861"
"116.3200","1.9375","43.2032"
"116.3400","1.9378","43.1862"
"116.3600","1.9382","43.1638"
"116.3800","1.9386","43.1323"
"116.4000","1.9390","43.1732"
"116.4200","1.9393","43.1953"
"116.4400","1.9396","43.2090"
"116.4600","1.9398","43.1907"
"116.4800","1.9401","43.2174"
"116.5000","1.9403","43.2718"
"116.5200","1.9406","43.2800"
"116.5400","1.9410","43.2321"
"116.5600","1.9414","43.3031"
"116.5800","1.9418","43.3498"
"116.6000","1.9421","43.3583"
"116.6200","1.9425","43.3531"
"116.6400","1.9427","43.3321"
"116.6600","1.9430","43.2031"
"116.6800","1.9433","43.1519"
"116.7000","1.9437","43.2261"
"116.7200","1.9441","43.3868"
"116.7400","1.9446","43.4424"
"116.7600","1.9450","43.4991"
"116.7800","1.9454","43.4414"
"116.8000","1.9456","43.4169"
"116.8200","1.9459","43.3966"
"116.8400","1.9461","43.3734"
"116.8600","1.9464","43.4010"
"116.8800","1.9467","43.3708"
"116.9000","1.9470","43.3679"
"116.9200","1.9474","43.4186"
"116.9400","1.9478","43.4368"
"116.9600","1.9482","43.4650"
"116.9800","1.9485","43.5134"
"117.0000","1.9488","43.4798"
"117.0200","1.9491","43.5205"
"117.0400","1.9495","43.4736"
"117.0600","1.9499","43.5166"
"117.0800","1.9503","43.5691"
"117.1000","1.9506","43.5509"
"117.1200","1.9510","43.5276"
"117.1400","1.9512","43.4612"
"117.1600","1.9515","43.5126"
"117.1800","1.9517","43.5364"
"117.2000","1.9520","43.4970"
"117.2200","1.9524","43.5737"
"117.2400","1.9527","43.5455"
"117.2600","1.9531","43.5557"
"117.2800","1.9535","43.5948"
"117.3000","1.9538","43.6175"
"117.3200","1.9541","43.5905"
"117.3400","1.9544","43.5990"
"117.3600","1.9547","43.6770"
"117.3800","1.9550","43.6529"
"117.4000","1.9554","43.6177"
"117.4200","1.9559","43.5884"
"117.4400","1.9564","43.5910"
"117.4600","1.9568","43.6158"
"117.4800","1.9571","43.6259"
"117.5000","1.9573","43.6633"
"117.5200","1.9575","43.6580"
"117.5400","1.9577","43.6315"
"117.5600","1.9580","43.5732"
"117.5800","1.9584","43.6774"
"117.6000","1.9588","43.7778"
"117.6200","1.9592","43.7966"
"117.6400","1.9595","43.8064"
"117.6600","1.9599","43.7966"
"117.6800","1.9602","43.8021"
"117.7000","1.9605","43.7749"
"117.7200","1.9608","43.8235"
"117.7400","1.9612","43.8314"
"117.7600","1.9616","43.7755"
"117.7800","1.9620","43.7820"
"117.8000","1.9623","43.8821"
"117.8200","1.9626","43.9045"
"117.8400","1.9628","43.8923"
"117.8600","1.9631","43.9468"
"117.8800","1.9633","43.8896"
"117.9000","1.9637","43.9236"
"117.9200","1.9640","43.9369"
"117.9400","1.9644","43.8918"
"117.9600","1.9648","43.8858"
"117.9800","1.9652","44.0230"
"118.0000","1.9655","44.0148"
"118.0200","1.9657","43.9222"
"118.0400","1.9660","43.9370"
"118.0600","1.9663","44.0386"
"118.0800","1.9667","44.0352"
"118.1000","1.9672","44.0031"
"118.1200","1.9676","44.0391"
"118.1400","1.9681","44.0994"
"118.1600","1.9684","44.0448"
"118.1800","1.9687","44.0272"
"118.2000","1.9689","44.0370"
"118.2200","1.9691","44.0545"
"118.2400","1.9694","44.0803"
"118.2600","1.9697","44.1687"
"118.2800","1.9701","44.0609"
"118.3000","1.9705","44.0437"
"118.3200","1.9709","44.1100"
"118.3400","1.9712","44.1260"
"118.3600","1.9716","44.0721"
"118.3800","1.9719","44.1227"
"118.4000","1.9722","44.0712"
"118.4200","1.9725","44.1094"
"118.4400","1.9729","44.1666"
"118.4600","1.9733","44.1459"
"118.4800","1.9736","44.1735"
"118.5000","1.9739","44.2423"
"118.5200","1.9742","44.1799"
"118.5400","1.9745","44.0984"
"118.5600","1.9747","44.0859"
"118.5800","1.9750","44.0955"
"118.6000","1.9753","44.2402"
"118.6200","1.9757","44.2676"
"118.6400","1.9761","44.3216"
"118.6600","1.9765","44.2587"
"118.6800","1.9768","44.2352"
"118.7000","1.9771","44.2884"
"118.7200","1.9773","44.2243"
"118.7400","1.9776","44.1801"
"118.7600","1.9780","44.2029"
"118.7800","1.9784","44.2762"
"118.8000","1.9789","44.3850"
"118.8200","1.9794","44.3937"
"118.8400","1.9798","44.4178"
"118.8600","1.9800","44.3699"
"118.8800","1.9803","44.3568"
"118.9000","1.9805","44.3437"
"118.9200","1.9807","44.3730"
"118.9400","1.9810","44.3923"
"118.9600","1.9814","44.4610"
"118.9800","1.9818","44.4842"
"119.0000","1.9821","44.5277"
"119.0200","1.9825","44.4992"
"119.0400","1.9828","44.4782"
"119.0600","1.9832","44.5034"
"119.0800","1.9835","44.5214"
"119.1000","1.9838","44.4998"
"119.1200","1.9842","44.5468"
"119.1400","1.9846","44.5310"
"119.1600","1.9849","44.4544"
"119.1800","1.9853","44.4821"
"119.2000","1.9855","44.5451"
"119.2200","1.9858","44.5672"
"119.2400","1.9861","44.5548"
"119.2600","1.9863","44.5880"
"119.2800","1.9867","44.4941"
"119.3000","1.9870","44.5104"
"119.3200","1.9874","44.5975"
"119.3400","1.9878","44.5126"
"119.3600","1.9881","44.5566"
"119.3800","1.9884","44.6503"
"119.4000","1.9887","44.6476"
"119.4200","1.9890","44.5712"
"119.4400","1.9893","44.5610"
"119.4600","1.9897","44.6123"
"119.4800","1.9901","44.6493"
"119.5000","1.9906","44.6801"
"119.5200","1.9910","44.6607"
"119.5400","1.9914","44.5649"
"119.5600","1.9916","44.5901"
"119.5800","1.9918","44.6962"
"119.6000","1.9921","44.7289"
"119.6200","1.9924","44.7947"
"119.6400","1.9927","44.7504"
"119.6600","1.9930","44.7292"
"119.6800","1.9934","44.7313"
"119.7000","1.9938","44.7149"
"119.7200","1.9941","44.8254"
"119.7400","1.9944","44.8197"
"119.7600","1.9947","44.7618"
"119.7800","1.9951","44.7327"
"119.8000","1.9954","44.7351"
"119.8200","1.9958","44.8013"
"119.8400","1.9963","44.7694"
"119.8600","1.9966","44.7698"
"119.8800","1.9969","44.8194"
"119.9000","1.9972","44.7758"
"119.9200","1.9974","44.8159"
"119.9400","1.9977","44.8322"
"119.9600","1.9980","44.8759"
"119.9800","1.9983","44.8525"
"120.0000","1.9987","44.9086"
"120.0200","1.9991","44.9881"
"120.0400","1.9995","44.9246"
"120.0600","1.9998","44.8344"
"120.0800","2.0001","44.8208"
"120.1000","2.0004","44.8652"
"120.1200","2.0007","44.9644"
"120.1400","2.0010","44.9346"
"120.1600","2.0014","44.8928"
"120.1800","2.0019","44.8764"
"120.2000","2.0024","44.9846"
"120.2200","2.0027","45.0076"
"120.2400","2.0030","44.9636"
"120.2600","2.0032","44.9155"
"120.2800","2.0035","44.9059"
"120.3000","2.0037","45.0468"
"120.3200","2.0040","45.0455"
"120.3400","2.0044","45.0205"
"120.3600","2.0048","45.0879"
"120.3800","2.0052","45.0866"
"120.4000","2.0055","45.0509"
"120.4200","2.0058","45.0241"
"120.4400","2.0061","45.0216"
"120.4600","2.0065","45.0101"
"120.4800","2.0068","45.0204"
"120.5000","2.0072","45.1097"
"120.5200","2.0077","45.2637"
"120.5400","2.0080","45.2854"
"120.5600","2.0083","45.2818"
"120.5800","2.0086","45.1462"
"120.6000","2.0088","45.0157"
"120.6200","2.0091","45.0089"
"120.6400","2.0094","45.1112"
"120.6600","2.0097","45.1907"
"120.6800","2.0101","45.1583"
"120.7000","2.0105","45.1283"
"120.7200","2.0108","45.1912"
"120.7400","2.0111","45.2232"
"120.7600","2.0114","45.2381"
"120.7800","2.0117","45.2245"
"120.8000","2.0120","45.2566"
"120.8200","2.0123","45.2725"
"120.8400","2.0127","45.2781"
"120.8600","2.0132","45.2309"
"120.8800","2.0136","45.2476"
"120.9000","2.0140","45.1681"
"120.9200","2.0143","45.1602"
"120.9400","2.0146","45.2510"
"120.9600","2.0148","45.2858"
"120.9800","2.0151","45.2772"
"121.0000","2.0154","45.3010"
"121.0200","2.0157","45.3291"
"121.0400","2.0161","45.3980"
"121.0600","2.0165","45.3651"
"121.0800","2.0169","45.3820"
"121.1000","2.0172","45.3765"
"121.1200","2.0175","45.4025"
"121.1400","2.0178","45.2758"
"121.1600","2.0181","45.3297"
"121.1800","2.0185","45.3377"
"121.2000","2.0190","45.4006"
"121.2200","2.0194","45.4189"
"121.2400","2.0197","45.3702"
"121.2600","2.0200","45.3628"
"121.2800","2.0202","45.3946"
"121.3000","2.0205","45.4119"
"121.3200","2.0207","45.3765"
"121.3400","2.0211","45.4114"
"121.3600","2.0214","45.4617"
"121.3800","2.0218","45.4246"
"121.4000","2.0222","45.4011"
"121.4200","2.0225","45.4447"
"121.4400","2.0228","45.5754"
"121.4600","2.0231","45.6331"
"121.4800","2.0233","45.6000"
"121.5000","2.0236","45.5250"
"121.5200","2.0240","45.5192"
"121.5400","2.0244","45.5258"
"121.5600","2.0249","45.5619"
"121.5800","2.0254","45.5346"
"121.6000","2.0257","45.4690"
"121.6200","2.0260","45.4232"
"121.6400","2.0262","45.5325"
"121.6600","2.0264","45.5657"
"121.6800","2.0267","45.5127"
"121.7000","2.0271","45.5322"
"121.7200","2.0274","45.5389"
"121.7400","2.0278","45.5609"
"121.7600","2.0282","45.5925"
"121.7800","2.0285","45.5960"
"121.8000","2.0288","45.5710"
"121.8200","2.0291","45.4603"
"121.8400","2.0294","45.4914"
"121.8600","2.0298","45.5181"
"121.8800","2.0302","45.5893"
"121.9000","2.0306","45.5064"
"121.9200","2.0310","45.4544"
"121.9400","2.0313","45.4938"
"121.9600","2.0316","45.5347"
"121.9800","2.0318","45.5813"
"122.0000","2.0321","45.6190"
"122.0200","2.0324","45.6245"
"122.0400","2.0327","45.5900"
"122.0600","2.0331","45.6459"
"122.0800","2.0335","45.7152"
"122.1000","2.0339","45.7290"
"122.1200","2.0342","45.6228"
"122.1400","2.0344","45.5130"
"122.1600","2.0347","45.5260"
"122.1800","2.0350","45.5749"
"122.2000","2.0353","45.6329"
"122.2200","2.0357","45.6657"
"122.2400","2.0361","45.7067"
"122.2600","2.0366","45.6998"
"122.2800","2.0370","45.7304"
"122.3000","2.0373","45.7978"
"122.3200","2.0375","45.7405"
"122.3400","2.0378","45.6608"
"122.3600","2.0380","45.6556"
"122.3800","2.0384","45.7970"
"122.4000","2.0387","45.7711"
"122.4200","2.0391","45.6962"
"122.4400","2.0395","45.6716"
"122.4600","2.0399","45.7265"
"122.4800","2.0402","45.8685"
"122.5000","2.0405","45.8416"
"122.5200","2.0408","45.8029"
"122.5400","2.0411","45.8242"
"122.5600","2.0415","45.7941"
"122.5800","2.0419","45.8474"
"122.6000","2.0423","45.8490"
"122.6200","2.0427","45.8349"
"122.6400","2.0430","45.8593"
"122.6600","2.0432","45.8418"
"122.6800","2.0434","45.8157"
"122.7000","2.0437","45.9104"
"122.7200","2.0441","45.9487"
"122.7400","2.0444","45.8836"
"122.7600","2.0448","45.8652"
"122.7800","2.0452","45.8410"
"122.8000","2.0455","45.8850"
"122.8200","2.0458","45.9421"
"122.8400","2.0460","45.9438"
"122.8600","2.0463","45.9095"
"122.8800","2.0466","45.8517"
"122.9000","2.0470","45.9236"
"122.9200","2.0474","45.9041"
"122.9400","2.0479","45.8846"
"122.9600","2.0483","45.9430"
"122.9800","2.0487","46.0015"
"123.0000","2.0489","45.9938"
"123.0200","2.0492","46.0097"
"123.0400","2.0494","46.0571"
"123.0600","2.0497","46.0444"
"123.0800","2.0500","46.1010"
"123.1000","2.0504","46.1549"
"123.1200","2.0508","46.1877"
"123.1400","2.0512","46.1496"
"123.1600","2.0515","46.0734"
"123.1800","2.0518","46.0103"
"123.2000","2.0521","46.0390"
"123.2200","2.0524","46.1075"
"123.2400","2.0528","46.1094"
"123.2600","2.0532","46.1671"
"123.2800","2.0536","46.2164"
"123.3000","2.0540","46.2136"
"123.3200","2.0543","46.1270"
"123.3400","2.0546","46.1395"
"123.3600","2.0548","46.0832"
"123.3800","2.0551","46.0282"
"123.4000","2.0554","46.1413"
"123.4200","2.0557","46.1909"
"123.4400","2.0561","46.2095"
"123.4600","2.0565","46.1691"
"123.4800","2.0569","46.1113"
"123.5000","2.0572","46.1040"
"123.5200","2.0574","46.1389"
"123.5400","2.0577","46.2069"
"123.5600","2.0580","46.2619"
"123.5800","2.0583","46.2004"
"123.6000","2.0587","46.1932"
"123.6200","2.0592","46.3358"
"123.6400","2.0596","46.4562"
"123.6600","2.0600","46.4056"
"123.6800","2.0603","46.3529"
"123.7000","2.0606","46.3072"
"123.7200","2.0608","46.3733"
"123.7400","2.0611","46.4227"
"123.7600","2.0614","46.3649"
"123.7800","2.0617","46.3102"
"123.8000","2.0621","46.3620"
"123.8200","2.0625","46.3940"
"123.8400","2.0629","46.4478"
"123.8600","2.0632","46.3631"
"123.8800","2.0635","46.3191"
"123.9000","2.0638","46.3757"
"123.9200","2.0641","46.4259"
"123.9400","2.0645","46.4333"
"123.9600","2.0649","46.4533"
"123.9800","2.0653","46.3924"
"124.0000","2.0657","46.4297"
"124.0200","2.0659","46.4319"
"124.0400","2.0662","46.4198"
"124.0600","2.0664","46.4398"
"124.0800","2.0667","46.4230"
"124.1000","2.0670","46.4231"
"124.1200","2.0674","46.4906"
"124.1400","2.0678","46.5413"
"124.1600","2.0682","46.5756"
"124.1800","2.0686","46.5548"
"124.2000","2.0689","46.5324"
"124.2200","2.0691","46.5939"
"124.2400","2.0694","46.6111"
"124.2600","2.0697","46.5590"
"124.2800","2.0701","46.5577"
"124.3000","2.0705","46.5620"
"124.3200","2.0710","46.5507"
"124.3400","2.0714","46.5737"
"124.3600","2.0717","46.6411"
"124.3800","2.0720","46.6925"
"124.4000","2.0722","46.6844"
"124.4200","2.0724","46.6521"
"124.4400","2.0727","46.6487"
"124.4600","2.0731","46.6532"
"124.4800","2.0734","46.7107"
"124.5000","2.0738","46.7088"
"124.5200","2.0742","46.6727"
"124.5400","2.0745","46.7338"
"124.5600","2.0748","46.8286"
"124.5800","2.0751","46.8392"
"124.6000","2.0755","46.7215"
"124.6200","2.0758","46.6989"
"124.6400","2.0763","46.7155"
"124.6600","2.0767","46.6452"
"124.6800","2.0770","46.6390"
"124.7000","2.0773","46.6975"
"124.7200","2.0775","46.7308"
"124.7400","2.0778","46.6941"
"124.7600","2.0781","46.7851"
"124.7800","2.0784","46.8237"
"124.8000","2.0787","46.7843"
"124.8200","2.0791","46.8113"
"124.8400","2.0795","46.8316"
"124.8600","2.0799","46.8167"
"124.8800","2.0802","46.8309"
"124.9000","2.0804","46.7959"
"124.9200","2.0807","46.7766"
"124.9400","2.0810","46.7610"
"124.9600","2.0813","46.7635"
"124.9800","2.0817","46.7013"
"125.0000","2.0822","46.8389"
"125.0200","2.0826","46.9800"
"125.0400","2.0830","47.0023"
"125.0600","2.0833","46.9469"
"125.0800","2.0835","46.8968"
"125.1000","2.0838","46.8027"
"125.1200","2.0840","46.8617"
"125.1400","2.0843","46.9268"
"125.1600","2.0847","46.9980"
"125.1800","2.0851","47.1185"
"125.2000","2.0855","47.0514"
"125.2200","2.0858","47.0029"
"125.2400","2.0861","47.0032"
"125.2600","2.0864","47.0624"
"125.2800","2.0868","47.0496"
"125.3000","2.0871","47.0441"
"125.3200","2.0875","46.9709"
"125.3400","2.0880","47.0256"
"125.3600","2.0883","47.1350"
"125.3800","2.0887","47.0160"
"125.4000","2.0889","47.0535"
"125.4200","2.0891","47.1504"
"125.4400","2.0894","47.1749"
"125.4600","2.0897","47.1087"
"125.4800","2.0900","47.0750"
"125.5000","2.0904","47.1356"
"125.5200","2.0908","47.1997"
"125.5400","2.0912","47.1431"
"125.5600","2.0915","47.1281"
"125.5800","2.0918","47.1360"
"125.6000","2.0921","47.1801"
"125.6200","2.0923","47.1318"
"125.6400","2.0927","47.2222"
"125.6600","2.0930","47.2493"
"125.6800","2.0935","47.2001"
"125.7000","2.0940","47.1869"
"125.7200","2.0944","47.2488"
"125.7400","2.0947","47.3051"
"125.7600","2.0950","47.2995"
"125.7800","2.0952","47.2917"
"125.8000","2.0954","47.2019"
"125.8200","2.0957","47.2252"
"125.8400","2.0960","47.2911"
"125.8600","2.0964","47.2538"
"125.8800","2.0968","47.2354"
"125.9000","2.0971","47.3038"
"125.9200","2.0975","47.3104"
"125.9400","2.0978","47.2872"
"125.9600","2.0981","47.3171"
"125.9800","2.0984","47.3555"
"126.0000","2.0988","47.3396"
"126.0200","2.0993","47.3475"
"126.0400","2.0997","47.3354"
"126.0600","2.1000","47.3969"
"126.0800","2.1003","47.3873"
"126.1000","2.1006","47.4054"
"126.1200","2.1008","47.4380"
"126.1400","2.1011","47.4116"
"126.1600","2.1014","47.3993"
"126.1800","2.1017","47.3771"
"126.2000","2.1021","47.3900"
"126.2200","2.1025","47.4267"
"126.2400","2.1029","47.4886"
"126.2600","2.1032","47.4444"
"126.2800","2.1034","47.4516"
"126.3000","2.1037","47.4429"
"126.3200","2.1040","47.4811"
"126.3400","2.1044","47.4896"
"126.3600","2.1048","47.4110"
"126.3800","2.1052","47.4397"
"126.4000","2.1057","47.5697"
"126.4200","2.1061","47.5994"
"126.4400","2.1063","47.6351"
"126.4600","2.1066","47.5215"
"126.4800","2.1068","47.4483"
"126.5000","2.1070","47.4240"
"126.5200","2.1073","47.4538"
"126.5400","2.1077","47.4910"
"126.5600","2.1081","47.5365"
"126.5800","2.1084","47.5351"
"126.6000","2.1088","47.5688"
"126.6200","2.1091","47.5569"
"126.6400","2.1094","47.6228"
"126.6600","2.1098","47.6273"
"126.6800","2.1101","47.6116"
"126.7000","2.1105","47.5722"
"126.7200","2.1109","47.6427"
"126.7400","2.1113","47.6348"
"126.7600","2.1116","47.6298"
"126.7800","2.1119","47.6234"
"126.8000","2.1121","47.6076"
"126.8200","2.1124","47.6534"
"126.8400","2.1127","47.5972"
"126.8600","2.1130","47.6324"
"126.8800","2.1134","47.7214"
"126.9000","2.1138","47.5913"
"126.9200","2.1141","47.6170"
"126.9400","2.1145","47.7291"
"126.9600","2.1148","47.6686"
"126.9800","2.1150","47.5583"
"127.0000","2.1153","47.6728"
"127.0200","2.1156","47.8051"
"127.0400","2.1160","47.7099"
"127.0600","2.1165","47.6999"
"127.0800","2.1170","47.8049"
"127.1000","2.1174","47.8213"
"127.1200","2.1177","47.8441"
"127.1400","2.1180","47.9609"
"127.1600","2.1182","47.9710"
"127.1800","2.1184","47.9233"
"127.2000","2.1187","47.8831"
"127.2200","2.1190","47.8402"
"127.2400","2.1194","47.7855"
"127.2600","2.1197","47.8126"
"127.2800","2.1201","47.8850"
"127.3000","2.1204","47.9462"
"127.3200","2.1208","47.8848"
"127.3400","2.1211","47.8707"
"127.3600","2.1214","47.8582"
"127.3800","2.1218","47.8881"
"127.4000","2.1222","47.9323"
"127.4200","2.1227","47.9112"
"127.4400","2.1230","47.8475"
"127.4600","2.1233","47.9683"
"127.4800","2.1235","47.9486"
"127.5000","2.1238","47.9472"
"127.5200","2.1240","47.9432"
"127.5400","2.1243","47.9173"
"127.5600","2.1247","47.9573"
"127.5800","2.1251","48.0640"
"127.6000","2.1255","48.0850"
"127.6200","2.1259","48.0926"
"127.6400","2.1262","48.0755"
"127.6600","2.1264","48.0591"
"127.6800","2.1267","48.1060"
"127.7000","2.1270","48.0532"
"127.7200","2.1273","48.0588"
"127.7400","2.1278","48.0675"
"127.7600","2.1282","48.0775"
"127.7800","2.1287","48.0942"
"127.8000","2.1291","48.1036"
"127.8200","2.1294","48.1442"
"127.8400","2.1296","48.1571"
"127.8600","2.1298","48.0913"
"127.8800","2.1301","48.1079"
"127.9000","2.1304","48.1700"
"127.9200","2.1307","48.1127"
"127.9400","2.1311","48.2075"
"127.9600","2.1315","48.2562"
"127.9800","2.1318","48.2659"
"128.0000","2.1322","48.2321"
"128.0200","2.1325","48.2480"
"128.0400","2.1328","48.1764"
"128.0600","2.1332","48.2276"
"128.0800","2.1336","48.1569"
"128.1000","2.1340","48.2555"
"128.1200","2.1343","48.2719"
"128.1400","2.1347","48.2876"
"128.1600","2.1349","48.3795"
"128.1800","2.1351","48.2918"
"128.2000","2.1354","48.3303"
"128.2200","2.1357","48.2950"
"128.2400","2.1360","48.3287"
"128.2600","2.1364","48.3425"
"128.2800","2.1368","48.3748"
"128.3000","2.1372","48.3292"
"128.3200","2.1375","48.3287"
"128.3400","2.1378","48.3303"
"128.3600","2.1381","48.4252"
"128.3800","2.1383","48.3850"
"128.4000","2.1387","48.3021"
"128.4200","2.1391","48.2866"
"128.4400","2.1395","48.3867"
"128.4600","2.1400","48.4172"
"128.4800","2.1404","48.3967"
"128.5000","2.1408","48.4144"
"128.5200","2.1410","48.4257"
"128.5400","2.1412","48.3966"
"128.5600","2.1415","48.4382"
"128.5800","2.1417","48.4202"
"128.6000","2.1421","48.4373"
"128.6200","2.1424","48.4440"
"128.6400","2.1428","48.4907"
"128.6600","2.1431","48.5767"
"128.6800","2.1435","48.5280"
"128.7000","2.1438","48.4946"
"128.7200","2.1441","48.5020"
"128.7400","2.1445","48.5237"
"128.7600","2.1449","48.5102"
"128.7800","2.1453","48.4590"
"128.8000","2.1457","48.4919"
"128.8200","2.1460","48.5638"
"128.8400","2.1463","48.5610"
"128.8600","2.1465","48.5743"
"128.8800","2.1468","48.5572"
"128.9000","2.1470","48.5445"
"128.9200","2.1474","48.4984"
"128.9400","2.1477","48.4734"
"128.9600","2.1481","48.5010"
"128.9800","2.1485","48.5547"
"129.0000","2.1489","48.5042"
"129.0200","2.1492","48.4626"
"129.0400","2.1494","48.4932"
"129.0600","2.1497","48.4921"
"129.0800","2.1500","48.5909"
"129.1000","2.1504","48.5605"
"129.1200","2.1508","48.5862"
"129.1400","2.1513","48.5466"
"129.1600","2.1517","48.6696"
"129.1800","2.1521","48.7106"
"129.2000","2.1523","48.7354"
"129.2200","2.1526","48.7611"
"129.2400","2.1528","48.6984"
"129.2600","2.1531","48.7030"
"129.2800","2.1534","48.7886"
"129.3000","2.1537","48.7560"
"129.3200","2.1541","48.6495"
"129.3400","2.1545","48.7449"
"129.3600","2.1548","48.7575"
"129.3800","2.1551","48.7552"
"129.4000","2.1554","48.7527"
"129.4200","2.1558","48.7732"
"129.4400","2.1561","48.7234"
"129.4600","2.1565","48.7408"
"129.4800","2.1569","48.7697"
"129.5000","2.1573","48.7879"
"129.5200","2.1576","48.8007"
"129.5400","2.1579","48.8022"
"129.5600","2.1581","48.7820"
"129.5800","2.1584","48.7188"
"129.6000","2.1587","48.7593"
"129.6200","2.1590","48.8847"
"129.6400","2.1594","48.9525"
"129.6600","2.1598","48.9224"
"129.6800","2.1602","48.9315"
"129.7000","2.1605","48.8682"
"129.7200","2.1608","48.8837"
"129.7400","2.1611","48.9425"
"129.7600","2.1614","48.9521"
"129.7800","2.1617","48.9295"
"129.8000","2.1621","48.9420"
"129.8200","2.1625","48.8563"
"129.8400","2.1630","48.8904"
"129.8600","2.1634","48.9747"
"129.8800","2.1637","48.9454"
"129.9000","2.1639","48.9861"
"129.9200","2.1641","48.9850"
"129.9400","2.1644","48.9326"
"129.9600","2.1647","49.0198"
"129.9800","2.1650","49.0384"
"130.0000","2.1654","48.9874"
"130.0200","2.1658","48.9598"
"130.0400","2.1661","49.0075"
"130.0600","2.1665","49.1274"
"130.0800","2.1668","49.0918"
"130.1000","2.1671","49.0938"
"130.1200","2.1675","49.0904"
"130.1400","2.1679","49.0395"
"130.1600","2.1682","49.0745"
"130.1800","2.1686","49.1215"
"130.2000","2.1690","49.1511"
"130.2200","2.1692","49.1118"
"130.2400","2.1695","49.0690"
"130.2600","2.1697","49.0933"
"130.2800","2.1700","49.1549"
"130.3000","2.1703","49.2164"
"130.3200","2.1707","49.1575"
"130.3400","2.1711","49.1716"
"130.3600","2.1715","49.2003"
"130.3800","2.1718","49.1608"
"130.4000","2.1721","49.1114"
"130.4200","2.1724","49.1021"
"130.4400","2.1727","49.1986"
"130.4600","2.1730","49.1391"
"130.4800","2.1733","49.2105"
"130.5000","2.1738","49.1550"
"130.5200","2.1742","49.1440"
"130.5400","2.1747","49.1936"
"130.5600","2.1750","49.2563"
"130.5800","2.1753","49.2011"
"130.6000","2.1755","49.1995"
"130.6200","2.1758","49.2200"
"130.6400","2.1761","49.1988"
"130.6600","2.1764","49.2050"
"130.6800","2.1767","49.2834"
"130.7000","2.1771","49.2282"
"130.7200","2.1775","49.2237"
"130.7400","2.1778","49.2023"
"130.7600","2.1781","49.2462"
"130.7800","2.1785","49.3424"
"130.8000","2.1788","49.3431"
"130.8200","2.1792","49.3358"
"130.8400","2.1796","49.3254"
"130.8600","2.1800","49.3665"
"130.8800","2.1803","49.3923"
"130.9000","2.1806","49.4170"
"130.9200","2.1809","49.4584"
"130.9400","2.1811","49.4777"
"130.9600","2.1814","49.4572"
"130.9800","2.1817","49.5107"
"131.0000","2.1820","49.4994"
"131.0200","2.1824","49.4711"
"131.0400","2.1828","49.5376"
"131.0600","2.1831","49.5665"
"131.0800","2.1835","49.5126"
"131.1000","2.1838","49.4851"
"131.1200","2.1840","49.4461"
"131.1400","2.1843","49.4959"
"131.1600","2.1847","49.4886"
"131.1800","2.1851","49.4528"
"131.2000","2.1856","49.5206"
"131.2200","2.1861","49.5093"
"131.2400","2.1864","49.5012"
"131.2600","2.1867","49.6254"
"131.2800","2.1869","49.5486"
"131.3000","2.1871","49.5230"
"131.3200","2.1874","49.5303"
"131.3400","2.1877","49.6261"
"131.3600","2.1881","49.6684"
"131.3800","2.1885","49.5210"
"131.4000","2.1888","49.5701"
"131.4200","2.1892","49.5990"
"131.4400","2.1895","49.6184"
"131.4600","2.1898","49.6550"
"131.4800","2.1902","49.7164"
"131.5000","2.1905","49.6439"
"131.5200","2.1909","49.6523"
"131.5400","2.1913","49.7071"
"131.5600","2.1917","49.7450"
"131.5800","2.1920","49.7015"
"131.6000","2.1922","49.6898"
"131.6200","2.1925","49.6384"
"131.6400","2.1927","49.6257"
"131.6600","2.1930","49.5873"
"131.6800","2.1934","49.5872"
"131.7000","2.1937","49.6617"
"131.7200","2.1941","49.6068"
"131.7400","2.1945","49.5299"
"131.7600","2.1948","49.6126"
"131.7800","2.1951","49.6033"
"131.8000","2.1954","49.6443"
"131.8200","2.1957","49.7114"
"131.8400","2.1960","49.6835"
"131.8600","2.1964","49.6723"
"131.8800","2.1969","49.6834"
"131.9000","2.1973","49.6670"
"131.9200","2.1978","49.6755"
"131.9400","2.1981","49.6508"
"131.9600","2.1983","49.6840"
"131.9800","2.1985","49.7126"
"132.0000","2.1987","49.6867"
"132.0200","2.1990","49.6606"
"132.0400","2.1994","49.6658"
"132.0600","2.1997","49.7059"
"132.0800","2.2001","49.7164"
"132.1000","2.2005","49.7266"
"132.1200","2.2009","49.7401"
"132.1400","2.2012","49.7702"
"132.1600","2.2015","49.7510"
"132.1800","2.2018","49.6785"
"132.2000","2.2022","49.6407"
"132.2200","2.2026","49.6635"
"132.2400","2.2030","49.7113"
"132.2600","2.2033","49.7007"
"132.2800","2.2036","49.8053"
"132.3000","2.2038","49.7529"
"132.3200","2.2041","49.8281"
"132.3400","2.2044","49.7510"
"132.3600","2.2047","49.6926"
"132.3800","2.2050","49.7129"
"132.4000","2.2054","49.8150"
"132.4200","2.2058","49.8142"
"132.4400","2.2062","49.8090"
"132.4600","2.2065","49.7939"
"132.4800","2.2067","49.7745"
"132.5000","2.2070","49.7361"
"132.5200","2.2073","49.7721"
"132.5400","2.2077","49.8148"
"132.5600","2.2081","49.8661"
"132.5800","2.2086","49.8305"
"132.6000","2.2091","49.7639"
"132.6200","2.2094","49.7941"
"132.6400","2.2097","49.8735"
"132.6600","2.2099","49.9234"
"132.6800","2.2101","49.9681"
"132.7000","2.2104","49.9659"
"132.7200","2.2107","49.8392"
"132.7400","2.2111","49.8320"
"132.7600","2.2115","49.8147"
"132.7800","2.2119","49.8471"
"132.8000","2.2122","49.8662"
"132.8200","2.2126","49.9012"
"132.8400","2.2129","49.9333"
"132.8600","2.2132","49.9937"
"132.8800","2.2135","49.9621"
"132.9000","2.2139","49.9265"
"132.9200","2.2143","49.9267"
"132.9400","2.2146","49.9956"
"132.9600","2.2149","49.9202"
"132.9800","2.2152","49.9002"
"133.0000","2.2155","49.9246"
"133.0200","2.2157","49.9224"
"133.0400","2.2160","49.8651"
"133.0600","2.2163","49.8427"
"133.0800","2.2167","49.8882"
"133.1000","2.2171","49.9348"
"133.1200","2.2175","49.9243"
"133.1400","2.2178","49.9624"
"133.1600","2.2181","50.0373"
"133.1800","2.2183","50.0068"
"133.2000","2.2186","49.9416"
"133.2200","2.2190","49.9378"
"133.2400","2.2194","49.9553"
"133.2600","2.2198","50.0593"
"133.2800","2.2203","50.0308"
"133.3000","2.2208","50.0178"
"133.3200","2.2211","49.9937"
"133.3400","2.2213","50.0857"
"133.3600","2.2215","50.0799"
"133.3800","2.2217","50.0470"
"133.4000","2.2220","50.0796"
"133.4200","2.2224","50.1567"
"133.4400","2.2227","50.2559"
"133.4600","2.2231","50.1817"
"133.4800","2.2235","50.1050"
"133.5000","2.2238","50.1349"
"133.5200","2.2241","50.2020"
"133.5400","2.2245","50.1821"
"133.5600","2.2248","50.1374"
"133.5800","2.2252","50.1376"
"133.6000","2.2256","50.1926"
"133.6200","2.2259","50.1542"
"133.6400","2.2263","50.0827"
"133.6600","2.2266","50.0583"
"133.6800","2.2268","50.1662"
"133.7000","2.2271","50.2877"
"133.7200","2.2274","50.3288"
"133.7400","2.2277","50.2612"
"133.7600","2.2281","50.2689"
"133.7800","2.2284","50.2571"
"133.8000","2.2288","50.2158"
"133.8200","2.2292","50.2138"
"133.8400","2.2295","50.2543"
"133.8600","2.2297","50.2740"
"133.8800","2.2300","50.2265"
"133.9000","2.2303","50.2829"
"133.9200","2.2307","50.2501"
"133.9400","2.2311","50.3146"
"133.9600","2.2316","50.2835"
"133.9800","2.2320","50.2834"
"134.0000","2.2324","50.3024"
"134.0200","2.2327","50.2977"
"134.0400","2.2329","50.2815"
"134.0600","2.2331","50.2605"
"134.0800","2.2334","50.2785"
"134.1000","2.2337","50.2631"
"134.1200","2.2341","50.2380"
"134.1400","2.2345","50.2482"
"134.1600","2.2348","50.2704"
"134.1800","2.2352","50.3207"
"134.2000","2.2355","50.3113"
"134.2200","2.2358","50.2815"
"134.2400","2.2361","50.3045"
"134.2600","2.2365","50.3308"
"134.2800","2.2369","50.3610"
"134.3000","2.2373","50.4002"
"134.3200","2.2377","50.3658"
"134.3400","2.2380","50.3349"
"134.3600","2.2382","50.3835"
"134.3800","2.2385","50.3925"
"134.4000","2.2387","50.3574"
"134.4200","2.2390","50.3243"
"134.4400","2.2394","50.4294"
"134.4600","2.2397","50.4631"
"134.4800","2.2401","50.4273"
"134.5000","2.2405","50.4787"
"134.5200","2.2408","50.4316"
"134.5400","2.2411","50.3842"
"134.5600","2.2414","50.3550"
"134.5800","2.2416","50.3963"
"134.6000","2.2420","50.4084"
"134.6200","2.2424","50.3814"
"134.6400","2.2428","50.3771"
"134.6600","2.2433","50.3769"
"134.6800","2.2437","50.4043"
"134.7000","2.2440","50.3758"
"134.7200","2.2442","50.3124"
"134.7400","2.2445","50.3079"
"134.7600","2.2447","50.2756"
"134.7800","2.2450","50.2804"
"134.8000","2.2454","50.2372"
"134.8200","2.2458","50.1442"
"134.8400","2.2462","49.9902"
"134.8600","2.2465","49.9259"
"134.8800","2.2468","49.7850"
"134.9000","2.2471","49.6474"
"134.9200","2.2475","49.5845"
"134.9400","2.2478","49.6016"
"134.9600","2.2482","49.6159"
"134.9800","2.2486","49.5016"
"135.0000","2.2490","49.3693"
"135.0200","2.2493","49.4283"
"135.0400","2.2496","49.4079"
"135.0600","2.2498","49.3944"
"135.0800","2.2501","49.3888"
"135.1000","2.2504","49.4157"
"135.1200","2.2507","49.3416"
"135.1400","2.2511","49.3491"
"135.1600","2.2515","49.3157"
"135.1800","2.2518","49.3007"
"135.2000","2.2521","49.2210"
"135.2200","2.2524","49.2006"
"135.2400","2.2527","49.2096"
"135.2600","2.2530","49.2183"
"135.2800","2.2533","49.2572"
"135.3000","2.2537","49.2862"
"135.3200","2.2541","49.3467"
"135.3400","2.2546","49.2420"
"135.3600","2.2550","49.2574"
"135.3800","2.2554","49.1613"
"135.4000","2.2556","49.1367"
"135.4200","2.2558","49.2087"
"135.4400","2.2561","49.2610"
"135.4600","2.2564","49.2418"
"135.4800","2.2567","49.2164"
"135.5000","2.2571","49.2606"
"135.5200","2.2575","49.2437"
"135.5400","2.2579","49.2174"
"135.5600","2.2582","49.2250"
"135.5800","2.2585","49.1496"
"135.6000","2.2588","49.1660"
"135.6200","2.2591","49.1771"
"135.6400","2.2595","49.1606"
"135.6600","2.2599","49.1469"
"135.6800","2.2603","49.1570"
"135.7000","2.2607","49.1865"
"135.7200","2.2610","49.2021"
"135.7400","2.2612","49.1378"
"135.7600","2.2615","49.1124"
"135.7800","2.2617","49.0901"
"135.8000","2.2620","49.1201"
"135.8200","2.2624","49.1131"
"135.8400","2.2628","49.0780"
"135.8600","2.2631","48.9734"
"135.8800","2.2635","48.9171"
"135.9000","2.2638","48.7918"
"135.9200","2.2641","48.5827"
"135.9400","2.2643","48.3817"
"135.9600","2.2646","48.3043"
"135.9800","2.2650","48.2207"
"136.0000","2.2654","48.1171"
"136.0200","2.2659","48.0012"
"136.0400","2.2663","47.9002"
"136.0600","2.2667","47.8379"
"136.0800","2.2670","47.8107"
"136.1000","2.2672","47.6503"
"136.1200","2.2675","47.6075"
"136.1400","2.2677","47.6778"
"136.1600","2.2681","47.6431"
"136.1800","2.2684","47.5606"
"136.2000","2.2688","47.5356"
"136.2200","2.2692","47.5368"
"136.2400","2.2695","47.4614"
"136.2600","2.2698","47.4524"
"136.2800","2.2701","47.5082"
"136.3000","2.2704","47.5034"
"136.3200","2.2708","47.4754"
"136.3400","2.2712","47.4625"
"136.3600","2.2716","47.3541"
"136.3800","2.2720","47.3183"
"136.4000","2.2723","47.3075"
"136.4200","2.2726","47.2842"
"136.4400","2.2728","47.3382"
"136.4600","2.2731","47.2667"
"136.4800","2.2734","47.2414"
"136.5000","2.2737","47.1847"
"136.5200","2.2741","47.1763"
"136.5400","2.2745","47.1617"
"136.5600","2.2749","47.1506"
"136.5800","2.2752","47.0769"
"136.6000","2.2754","47.0453"
"136.6200","2.2757","47.0277"
"136.6400","2.2760","46.9850"
"136.6600","2.2763","46.8523"
"136.6800","2.2767","46.9050"
"136.7000","2.2771","47.0230"
"136.7200","2.2776","46.9974"
"136.7400","2.2780","46.9345"
"136.7600","2.2783","46.9205"
"136.7800","2.2786","46.8873"
"136.8000","2.2788","46.8805"
"136.8200","2.2791","46.8608"
"136.8400","2.2794","46.9624"
"136.8600","2.2797","46.9577"
"136.8800","2.2801","46.9859"
"136.9000","2.2805","47.0178"
"136.9200","2.2809","46.9805"
"136.9400","2.2812","46.9440"
"136.9600","2.2815","46.9390"
"136.9800","2.2818","46.9497"
"137.0000","2.2821","46.9385"
"137.0200","2.2825","46.8017"
"137.0400","2.2829","46.8078"
"137.0600","2.2833","46.8555"
"137.0800","2.2837","46.8025"
"137.1000","2.2840","46.9149"
"137.1200","2.2842","46.9345"
"137.1400","2.2845","46.9171"
"137.1600","2.2847","46.8732"
"137.1800","2.2851","46.8552"
"137.2000","2.2854","46.8278"
"137.2200","2.2858","46.7708"
"137.2400","2.2862","46.8074"
"137.2600","2.2865","46.8405"
"137.2800","2.2868","46.8225"
"137.3000","2.2871","46.7660"
"137.3200","2.2874","46.8315"
"137.3400","2.2877","46.8216"
"137.3600","2.2880","46.7307"
"137.3800","2.2884","46.7595"
"137.4000","2.2889","46.7831"
"137.4200","2.2893","46.8144"
"137.4400","2.2897","46.8367"
"137.4600","2.2899","46.7124"
"137.4800","2.2902","46.7062"
"137.5000","2.2904","46.6711"
"137.5200","2.2907","46.6319"
"137.5400","2.2910","46.6880"
"137.5600","2.2914","46.8237"
"137.5800","2.2918","46.8069"
"137.6000","2.2922","46.8171"
"137.6200","2.2925","46.8272"
"137.6400","2.2928","46.8015"
"137.6600","2.2931","46.7952"
"137.6800","2.2934","46.8025"
"137.7000","2.2938","46.7620"
"137.7200","2.2942","46.7859"
"137.7400","2.2946","46.7151"
"137.7600","2.2950","46.6874"
"137.7800","2.2953","46.8053"
"137.8000","2.2956","46.8511"
"137.8200","2.2958","46.7904"
"137.8400","2.2961","46.7621"
"137.8600","2.2964","46.7698"
"137.8800","2.2967","46.7052"
"137.9000","2.2971","46.6712"
"137.9200","2.2975","46.7150"
"137.9400","2.2979","46.7210"
"137.9600","2.2982","46.6272"
"137.9800","2.2984","46.6166"
"138.0000","2.2987","46.6499"
"138.0200","2.2990","46.6835"
"138.0400","2.2993","46.7759"
"138.0600","2.2997","46.7733"
"138.0800","2.3001","46.7116"
"138.1000","2.3006","46.6667"
"138.1200","2.3010","46.6693"
"138.1400","2.3013","46.6460"
"138.1600","2.3016","46.6131"
"138.1800","2.3018","46.6102"
"138.2000","2.3021","46.6904"
"138.2200","2.3023","46.7169"
"138.2400","2.3027","46.7334"
"138.2600","2.3031","46.6645"
"138.2800","2.3035","46.6695"
"138.3000","2.3038","46.7089"
"138.3200","2.3042","46.7149"
"138.3400","2.3045","46.6538"
"138.3600","2.3048","46.5840"
"138.3800","2.3051","46.5710"
"138.4000","2.3055","46.6603"
"138.4200","2.3059","46.5900"
"138.4400","2.3063","46.5993"
"138.4600","2.3067","46.6733"
"138.4800","2.3069","46.6651"
"138.5000","2.3072","46.5415"
"138.5200","2.3074","46.5281"
"138.5400","2.3077","46.5671"
"138.5600","2.3080","46.5464"
"138.5800","2.3083","46.5592"
"138.6000","2.3087","46.5407"
"138.6200","2.3092","46.5528"
"138.6400","2.3095","46.5543"
"138.6600","2.3099","46.6232"
"138.6800","2.3101","46.6055"
"138.7000","2.3104","46.6021"
"138.7200","2.3107","46.5516"
"138.7400","2.3110","46.5037"
"138.7600","2.3115","46.5100"
"138.7800","2.3119","46.4842"
"138.8000","2.3123","46.4794"
"138.8200","2.3127","46.4782"
"138.8400","2.3130","46.4761"
"138.8600","2.3132","46.4018"
"138.8800","2.3134","46.3825"
"138.9000","2.3137","46.4557"
"138.9200","2.3140","46.4177"
"138.9400","2.3144","46.3564"
"138.9600","2.3148","46.3309"
"138.9800","2.3152","46.2827"
"139.0000","2.3155","46.3170"
"139.0200","2.3158","46.3199"
"139.0400","2.3161","46.3011"
"139.0600","2.3164","46.3375"
"139.0800","2.3168","46.3868"
"139.1000","2.3172","46.3222"
"139.1200","2.3177","46.3040"
"139.1400","2.3180","46.2941"
"139.1600","2.3183","46.3133"
"139.1800","2.3186","46.3209"
"139.2000","2.3188","46.3215"
"139.2200","2.3191","46.3229"
"139.2400","2.3194","46.3014"
"139.2600","2.3197","46.2782"
"139.2800","2.3201","46.3267"
"139.3000","2.3205","46.4108"
"139.3200","2.3209","46.4252"
"139.3400","2.3212","46.3885"
"139.3600","2.3215","46.2935"
"139.3800","2.3217","46.2769"
"139.4000","2.3220","46.2529"
"139.4200","2.3223","46.2625"
"139.4400","2.3227","46.2898"
"139.4600","2.3232","46.2727"
"139.4800","2.3237","46.3881"
"139.5000","2.3241","46.4279"
"139.5200","2.3243","46.3830"
"139.5400","2.3246","46.3603"
"139.5600","2.3248","46.3726"
"139.5800","2.3251","46.3165"
"139.6000","2.3254","46.3885"
"139.6200","2.3257","46.4296"
"139.6400","2.3261","46.3878"
"139.6600","2.3265","46.4201"
"139.6800","2.3268","46.3106"
"139.7000","2.3272","46.3394"
"139.7200","2.3275","46.3486"
"139.7400","2.3278","46.3252"
"139.7600","2.3282","46.2462"
"139.7800","2.3286","46.2521"
"139.8000","2.3290","46.3083"
"139.8200","2.3294","46.3785"
"139.8400","2.3297","46.3602"
"139.8600","2.3300","46.3310"
"139.8800","2.3302","46.3532"
"139.9000","2.3304","46.3966"
"139.9200","2.3307","46.3533"
"139.9400","2.3310","46.3041"
"139.9600","2.3314","46.3881"
"139.9800","2.3318","46.4270"
"140.0000","2.3322","46.3793"
"140.0200","2.3325","46.3274"
"140.0400","2.3328","46.2398"
"140.0600","2.3331","46.2353"
"140.0800","2.3333","46.3678"
"140.1000","2.3337","46.4264"
"140.1200","2.3340","46.4873"
"140.1400","2.3345","46.4368"
"140.1600","2.3349","46.4227"
"140.1800","2.3354","46.4209"
"140.2000","2.3357","46.4243"
"140.2200","2.3360","46.4371"
"140.2400","2.3362","46.4719"
"140.2600","2.3364","46.4546"
"140.2800","2.3367","46.4357"
"140.3000","2.3370","46.3729"
"140.3200","2.3374","46.3173"
"140.3400","2.3377","46.3602"
"140.3600","2.3381","46.4529"
"140.3800","2.3384","46.3814"
"140.4000","2.3388","46.3735"
"140.4200","2.3391","46.3624"
"140.4400","2.3394","46.3703"
"140.4600","2.3398","46.4102"
"140.4800","2.3402","46.3940"
"140.5000","2.3406","46.4586"
"140.5200","2.3410","46.4364"
"140.5400","2.3413","46.3471"
"140.5600","2.3416","46.3835"
"140.5800","2.3418","46.3911"
"140.6000","2.3421","46.4101"
"140.6200","2.3423","46.3680"
"140.6400","2.3427","46.3174"
"140.6600","2.3431","46.3701"
"140.6800","2.3435","46.4024"
"140.7000","2.3438","46.3863"
"140.7200","2.3442","46.3218"
"140.7400","2.3444","46.3591"
"140.7600","2.3447","46.4538"
"140.7800","2.3450","46.4370"
"140.8000","2.3453","46.4004"
"140.8200","2.3457","46.4193"
"140.8400","2.3462","46.3996"
"140.8600","2.3467","46.3858"
"140.8800","2.3471","46.3903"
"140.9000","2.3474","46.4765"
"140.9200","2.3476","46.5254"
"140.9400","2.3478","46.5455"
"140.9600","2.3481","46.4955"
"140.9800","2.3484","46.3537"
"141.0000","2.3487","46.3783"
"141.0200","2.3491","46.3730"
"141.0400","2.3494","46.3199"
"141.0600","2.3498","46.4211"
"141.0800","2.3501","46.3767"
"141.1000","2.3504","46.4341"
"141.1200","2.3507","46.4934"
"141.1400","2.3511","46.5237"
"141.1600","2.3515","46.4948"
"141.1800","2.3519","46.4508"
"141.2000","2.3523","46.4680"
"141.2200","2.3527","46.3801"
"141.2400","2.3529","46.3582"
"141.2600","2.3532","46.4000"
"141.2800","2.3534","46.3715"
"141.3000","2.3537","46.3592"
"141.3200","2.3540","46.3978"
"141.3400","2.3544","46.3719"
"141.3600","2.3548","46.4136"
"141.3800","2.3552","46.4802"
"141.4000","2.3555","46.4818"
"141.4200","2.3558","46.4406"
"141.4400","2.3561","46.3861"
"141.4600","2.3563","46.3685"
"141.4800","2.3566","46.3475"
"141.5000","2.3570","46.3571"
"141.5200","2.3574","46.4384"
"141.5400","2.3579","46.4842"
"141.5600","2.3584","46.5573"
"141.5800","2.3587","46.5270"
"141.6000","2.3590","46.4814"
"141.6200","2.3592","46.4474"
"141.6400","2.3594","46.4161"
"141.6600","2.3597","46.3839"
"141.6800","2.3600","46.3877"
"141.7000","2.3604","46.4559"
"141.7200","2.3607","46.4240"
"141.7400","2.3611","46.4186"
"141.7600","2.3615","46.4781"
"141.7800","2.3618","46.4749"
"141.8000","2.3621","46.5206"
"141.8200","2.3624","46.4612"
"141.8400","2.3628","46.4208"
"141.8600","2.3632","46.4165"
"141.8800","2.3637","46.3635"
"141.9000","2.3640","46.4082"
"141.9200","2.3643","46.4424"
"141.9400","2.3645","46.3551"
"141.9600","2.3648","46.3589"
"141.9800","2.3651","46.3852"
"142.0000","2.3654","46.3810"
"142.0200","2.3657","46.4404"
"142.0400","2.3661","46.4718"
"142.0600","2.3665","46.4402"
"142.0800","2.3669","46.3972"
"142.1000","2.3672","46.4723"
"142.1200","2.3675","46.5641"
"142.1400","2.3677","46.5341"
"142.1600","2.3680","46.5002"
"142.1800","2.3683","46.5211"
"142.2000","2.3687","46.4220"
"142.2200","2.3692","46.3331"
"142.2400","2.3697","46.4298"
"142.2600","2.3701","46.5279"
"142.2800","2.3704","46.5121"
"142.3000","2.3706","46.4974"
"142.3200","2.3708","46.5107"
"142.3400","2.3711","46.5444"
"142.3600","2.3714","46.5685"
"142.3800","2.3717","46.4649"
"142.4000","2.3721","46.4051"
"142.4200","2.3725","46.3827"
"142.4400","2.3729","46.4382"
"142.4600","2.3732","46.4872"
"142.4800","2.3735","46.5112"
"142.5000","2.3738","46.4751"
"142.5200","2.3742","46.4021"
"142.5400","2.3746","46.4450"
"142.5600","2.3750","46.3820"
"142.5800","2.3754","46.4450"
"142.6000","2.3757","46.4851"
"142.6200","2.3759","46.4674"
"142.6400","2.3762","46.4123"
"142.6600","2.3764","46.4379"
"142.6800","2.3767","46.4843"
"142.7000","2.3770","46.4633"
"142.7200","2.3774","46.4904"
"142.7400","2.3778","46.4734"
"142.7600","2.3782","46.4892"
"142.7800","2.3785","46.5400"
"142.8000","2.3788","46.4481"
"142.8200","2.3791","46.3863"
"142.8400","2.3793","46.4078"
"142.8600","2.3796","46.4192"
"142.8800","2.3800","46.5305"
"142.9000","2.3805","46.5557"
"142.9200","2.3809","46.5190"
"142.9400","2.3814","46.5248"
"142.9600","2.3817","46.4955"
"142.9800","2.3820","46.4257"
"143.0000","2.3822","46.3922"
"143.0200","2.3824","46.4647"
"143.0400","2.3827","46.4279"
"143.0600","2.3830","46.4757"
"143.0800","2.3834","46.4335"
"143.1000","2.3838","46.4025"
"143.1200","2.3841","46.3956"
"143.1400","2.3845","46.4056"
"143.1600","2.3848","46.4043"
"143.1800","2.3851","46.4317"
"143.2000","2.3854","46.5185"
"143.2200","2.3858","46.5125"
"143.2400","2.3862","46.4463"
"143.2600","2.3866","46.3953"
"143.2800","2.3870","46.4142"
"143.3000","2.3873","46.4331"
"143.3200","2.3875","46.3672"
"143.3400","2.3878","46.3600"
"143.3600","2.3880","46.4138"
"143.3800","2.3883","46.3545"
"143.4000","2.3887","46.3105"
"143.4200","2.3891","46.3162"
"143.4400","2.3895","46.3264"
"143.4600","2.3898","46.2613"
"143.4800","2.3902","46.2589"
"143.5000","2.3904","46.2218"
"143.5200","2.3907","46.2652"
"143.5400","2.3910","46.3514"
"143.5600","2.3913","46.3999"
"143.5800","2.3917","46.3573"
"143.6000","2.3922","46.3237"
"143.6200","2.3926","46.3991"
"143.6400","2.3930","46.3731"
"143.6600","2.3933","46.4014"
"143.6800","2.3936","46.4718"
"143.7000","2.3938","46.4919"
"143.7200","2.3941","46.4098"
"143.7400","2.3944","46.3584"
"143.7600","2.3947","46.3775"
"143.7800","2.3951","46.3208"
"143.8000","2.3955","46.3169"
"143.8200","2.3958","46.4315"
"143.8400","2.3961","46.4365"
"143.8600","2.3964","46.3881"
"143.8800","2.3968","46.3360"
"143.9000","2.3971","46.3130"
"143.9200","2.3975","46.3658"
"143.9400","2.3979","46.3905"
"143.9600","2.3983","46.3602"
"143.9800","2.3986","46.3259"
"144.0000","2.3989","46.3087"
"144.0200","2.3991","46.3612"
"144.0400","2.3994","46.3588"
"144.0600","2.3997","46.4435"
"144.0800","2.4000","46.3940"
"144.1000","2.4004","46.3839"
"144.1200","2.4008","46.3315"
"144.1400","2.4012","46.3356"
"144.1600","2.4015","46.3695"
"144.1800","2.4018","46.3830"
"144.2000","2.4021","46.3461"
"144.2200","2.4024","46.4010"
"144.2400","2.4027","46.3544"
"144.2600","2.4030","46.3440"
"144.2800","2.4035","46.4809"
"144.3000","2.4040","46.4378"
"144.3200","2.4044","46.4674"
"144.3400","2.4047","46.5407"
"144.3600","2.4050","46.4768"
"144.3800","2.4052","46.5000"
"144.4000","2.4054","46.4533"
"144.4200","2.4057","46.4424"
"144.4400","2.4060","46.4834"
"144.4600","2.4064","46.4740"
"144.4800","2.4068","46.4189"
"144.5000","2.4072","46.3377"
"144.5200","2.4075","46.3639"
"144.5400","2.4078","46.4474"
"144.5600","2.4082","46.4769"
"144.5800","2.4085","46.4046"
"144.6000","2.4089","46.3714"
"144.6200","2.4093","46.3022"
"144.6400","2.4096","46.4177"
"144.6600","2.4100","46.3639"
"144.6800","2.4103","46.3345"
"144.7000","2.4105","46.3564"
"144.7200","2.4108","46.4791"
"144.7400","2.4110","46.4948"
"144.7600","2.4113","46.4657"
"144.7800","2.4117","46.4737"
"144.8000","2.4121","46.5002"
"144.8200","2.4125","46.4856"
"144.8400","2.4128","46.4319"
"144.8600","2.4131","46.4433"
"144.8800","2.4134","46.4657"
"144.9000","2.4137","46.5560"
"144.9200","2.4140","46.4561"
"144.9400","2.4143","46.4363"
"144.9600","2.4147","46.4634"
"144.9800","2.4152","46.4241"
"145.0000","2.4157","46.4335"
"145.0200","2.4160","46.4305"
"145.0400","2.4163","46.5097"
"145.0600","2.4166","46.4959"
"145.0800","2.4168","46.4868"
"145.1000","2.4171","46.5428"
"145.1200","2.4174","46.4540"
"145.1400","2.4177","46.4268"
"145.1600","2.4181","46.5189"
"145.1800","2.4185","46.5983"
"145.2000","2.4189","46.5457"
"145.2200","2.4192","46.5216"
"145.2400","2.4195","46.4990"
"145.2600","2.4198","46.4436"
"145.2800","2.4202","46.4238"
"145.3000","2.4206","46.4613"
"145.3200","2.4210","46.5023"
"145.3400","2.4213","46.4825"
"145.3600","2.4216","46.4869"
"145.3800","2.4219","46.4904"
"145.4000","2.4221","46.4711"
"145.4200","2.4224","46.4252"
"145.4400","2.4227","46.4590"
"145.4600","2.4230","46.4647"
"145.4800","2.4234","46.4315"
"145.5000","2.4238","46.4363"
"145.5200","2.4241","46.4532"
"145.5400","2.4245","46.4065"
"145.5600","2.4248","46.3662"
"145.5800","2.4250","46.3671"
"145.6000","2.4253","46.4033"
"145.6200","2.4257","46.4824"
"145.6400","2.4261","46.4837"
"145.6600","2.4265","46.4770"
"145.6800","2.4270","46.4760"
"145.7000","2.4274","46.4221"
"145.7200","2.4277","46.4674"
"145.7400","2.4279","46.5086"
"145.7600","2.4281","46.4734"
"145.7800","2.4284","46.4256"
"145.8000","2.4287","46.4462"
"145.8200","2.4290","46.5124"
"145.8400","2.4294","46.5110"
"145.8600","2.4298","46.4630"
"145.8800","2.4302","46.4343"
"145.9000","2.4305","46.4735"
"145.9200","2.4308","46.4948"
"145.9400","2.4311","46.4055"
"145.9600","2.4315","46.4115"
"145.9800","2.4319","46.4082"
"146.0000","2.4323","46.3712"
"146.0200","2.4326","46.4154"
"146.0400","2.4330","46.4536"
"146.0600","2.4332","46.3625"
"146.0800","2.4335","46.3660"
"146.1000","2.4338","46.3924"
"146.1200","2.4340","46.4570"
"146.1400","2.4344","46.4251"
"146.1600","2.4347","46.4032"
"146.1800","2.4351","46.4203"
"146.2000","2.4355","46.4468"
"146.2200","2.4358","46.4568"
"146.2400","2.4361","46.4291"
"146.2600","2.4364","46.3616"
"146.2800","2.4367","46.3484"
"146.3000","2.4370","46.3801"
"146.3200","2.4374","46.4601"
"146.3400","2.4378","46.4647"
"146.3600","2.4383","46.3992"
"146.3800","2.4388","46.3892"
"146.4000","2.4391","46.3572"
"146.4200","2.4393","46.3650"
"146.4400","2.4395","46.3968"
"146.4600","2.4398","46.4772"
"146.4800","2.4400","46.5316"
"146.5000","2.4404","46.4195"
"146.5200","2.4407","46.3239"
"146.5400","2.4411","46.4009"
"146.5600","2.4415","46.3550"
"146.5800","2.4419","46.4235"
"146.6000","2.4422","46.4766"
"146.6200","2.4425","46.3528"
"146.6400","2.4428","46.3258"
"146.6600","2.4432","46.3237"
"146.6800","2.4436","46.3437"
"146.7000","2.4440","46.4138"
"146.7200","2.4443","46.5833"
"146.7400","2.4446","46.5512"
"146.7600","2.4449","46.4239"
"146.7800","2.4451","46.3520"
"146.8000","2.4454","46.3766"
"146.8200","2.4457","46.3650"
"146.8400","2.4460","46.4506"
"146.8600","2.4464","46.4531"
"146.8800","2.4468","46.3866"
"146.9000","2.4472","46.3976"
"146.9200","2.4475","46.4111"
"146.9400","2.4477","46.3901"
"146.9600","2.4480","46.4355"
"146.9800","2.4483","46.3853"
"147.0000","2.4487","46.4779"
"147.0200","2.4491","46.4242"
"147.0400","2.4496","46.3935"
"147.0600","2.4500","46.4422"
"147.0800","2.4504","46.4181"
"147.1000","2.4507","46.4652"
"147.1200","2.4509","46.4378"
"147.1400","2.4511","46.3638"
"147.1600","2.4514","46.3046"
"147.1800","2.4517","46.3507"
"147.2000","2.4521","46.3487"
"147.2200","2.4525","46.3044"
"147.2400","2.4529","46.3345"
"147.2600","2.4532","46.4091"
"147.2800","2.4536","46.4234"
"147.3000","2.4539","46.3327"
"147.3200","2.4542","46.2499"
"147.3400","2.4545","46.2812"
"147.3600","2.4549","46.3367"
"147.3800","2.4553","46.3405"
"147.4000","2.4557","46.4275"
"147.4200","2.4560","46.4143"
"147.4400","2.4563","46.3702"
"147.4600","2.4565","46.3340"
"147.4800","2.4568","46.3256"
"147.5000","2.4570","46.3964"
"147.5200","2.4573","46.3746"
"147.5400","2.4577","46.3168"
"147.5600","2.4581","46.3477"
"147.5800","2.4585","46.4056"
"147.6000","2.4588","46.3588"
"147.6200","2.4591","46.2827"
"147.6400","2.4594","46.3497"
"147.6600","2.4596","46.3984"
"147.6800","2.4600","46.3549"
"147.7000","2.4603","46.3227"
"147.7200","2.4608","46.3306"
"147.7400","2.4613","46.3936"
"147.7600","2.4617","46.3939"
"147.7800","2.4621","46.2762"
"147.8000","2.4623","46.3500"
"147.8200","2.4625","46.3137"
"147.8400","2.4628","46.3171"
"147.8600","2.4630","46.3586"
"147.8800","2.4634","46.3306"
"147.9000","2.4637","46.3252"
"147.9200","2.4641","46.3297"
"147.9400","2.4645","46.3561"
"147.9600","2.4648","46.3619"
"147.9800","2.4652","46.3920"
"148.0000","2.4655","46.3122"
"148.0200","2.4658","46.2668"
"148.0400","2.4662","46.3115"
"148.0600","2.4666","46.3669"
"148.0800","2.4670","46.4516"
"148.1000","2.4673","46.3612"
"148.1200","2.4676","46.3593"
"148.1400","2.4679","46.3267"
"148.1600","2.4681","46.2762"
"148.1800","2.4684","46.2469"
"148.2000","2.4687","46.3084"
"148.2200","2.4691","46.3698"
"148.2400","2.4694","46.3762"
"148.2600","2.4698","46.4067"
"148.2800","2.4702","46.3645"
"148.3000","2.4705","46.3248"
"148.3200","2.4708","46.3131"
"148.3400","2.4710","46.2867"
"148.3600","2.4713","46.3234"
"148.3800","2.4717","46.3194"
"148.4000","2.4721","46.3543"
"148.4200","2.4726","46.3279"
"148.4400","2.4730","46.3272"
"148.4600","2.4734","46.1610"
"148.4800","2.4737","46.1849"
"148.5000","2.4739","46.2322"
"148.5200","2.4741","46.2447"
"148.5400","2.4744","46.2468"
"148.5600","2.4747","46.2016"
"148.5800","2.4750","46.2212"
"148.6000","2.4754","46.2055"
"148.6200","2.4758","46.1219"
"148.6400","2.4762","46.1192"
"148.6600","2.4765","46.0378"
"148.6800","2.4768","46.0785"
"148.7000","2.4771","46.2508"
"148.7200","2.4775","46.2748"
"148.7400","2.4779","46.2010"
"148.7600","2.4783","46.1361"
"148.7800","2.4786","46.1555"
"148.8000","2.4790","46.2973"
"148.8200","2.4792","46.2379"
"148.8400","2.4795","46.1718"
"148.8600","2.4797","46.2108"
"148.8800","2.4800","46.2325"
"148.9000","2.4803","46.2450"
"148.9200","2.4807","46.2299"
"148.9400","2.4811","46.1634"
"148.9600","2.4814","46.1824"
"148.9800","2.4818","46.1588"
"149.0000","2.4821","46.1956"
"149.0200","2.4824","46.2644"
"149.0400","2.4826","46.2114"
"149.0600","2.4830","46.2362"
"149.0800","2.4833","46.2082"
"149.1000","2.4838","46.1708"
"149.1200","2.4843","46.2046"
"149.1400","2.4847","46.2452"
"149.1600","2.4850","46.1849"
"149.1800","2.4852","46.1057"
"149.2000","2.4855","46.1634"
"149.2200","2.4857","46.1828"
"149.2400","2.4860","46.2296"
"149.2600","2.4864","46.2756"
"149.2800","2.4867","46.2545"
"149.3000","2.4871","46.1582"
"149.3200","2.4875","46.0934"
"149.3400","2.4878","46.0547"
"149.3600","2.4881","46.1621"
"149.3800","2.4884","46.3194"
"149.4000","2.4888","46.3217"
"149.4200","2.4892","46.2684"
"149.4400","2.4896","46.2295"
"149.4600","2.4900","46.2441"
"149.4800","2.4903","46.2609"
"149.5000","2.4906","46.2311"
"149.5200","2.4909","46.1888"
"149.5400","2.4911","46.2109"
"149.5600","2.4914","46.2452"
"149.5800","2.4917","46.2239"
"149.6000","2.4921","46.2635"
"149.6200","2.4925","46.1952"
"149.6400","2.4928","46.2062"
"149.6600","2.4932","46.2972"
"149.6800","2.4935","46.2465"
"149.7000","2.4937","46.2219"
"149.7200","2.4940","46.1817"
"149.7400","2.4943","46.1910"
"149.7600","2.4947","46.1786"
"149.7800","2.4951","46.2032"
"149.8000","2.4956","46.1913"
"149.8200","2.4960","46.1705"
"149.8400","2.4964","46.1506"
"149.8600","2.4966","46.2194"
"149.8800","2.4969","46.2251"
"149.9000","2.4971","46.2218"
"149.9200","2.4974","46.2654"
"149.9400","2.4977","46.2372"
"149.9600","2.4981","46.2216"
"149.9800","2.4985","46.1792"
"150.0000","2.4988","46.1971"
"150.0200","2.4992","46.1982"
"150.0400","2.4995","46.2004"
"150.0600","2.4998","46.2748"
"150.0800","2.5001","46.2796"
"150.1000","2.5005","46.2463"
"150.1200","2.5009","46.2026"
"150.1400","2.5013","46.2676"
"150.1600","2.5017","46.3010"
"150.1800","2.5020","46.2807"
"150.2000","2.5023","46.2749"
"150.2200","2.5025","46.2684"
"150.2400","2.5028","46.2675"
"150.2600","2.5031","46.1906"
"150.2800","2.5034","46.1584"
"150.3000","2.5038","46.1698"
"150.3200","2.5041","46.1274"
"150.3400","2.5045","46.1577"
"150.3600","2.5048","46.2233"
"150.3800","2.5051","46.2851"
"150.4000","2.5054","46.2643"
"150.4200","2.5056","46.2231"
"150.4400","2.5060","46.1785"
"150.4600","2.5064","46.1591"
"150.4800","2.5068","46.2041"
"150.5000","2.5073","46.2119"
"150.5200","2.5077","46.2337"
"150.5400","2.5080","46.1922"
"150.5600","2.5082","46.1926"
"150.5800","2.5085","46.2250"
"150.6000","2.5088","46.2837"
"150.6200","2.5091","46.2735"
"150.6400","2.5094","46.3101"
"150.6600","2.5098","46.2188"
"150.6800","2.5102","46.1852"
"150.7000","2.5105","46.2349"
"150.7200","2.5108","46.3052"
"150.7400","2.5111","46.3080"
"150.7600","2.5114","46.3221"
"150.7800","2.5118","46.3741"
"150.8000","2.5122","46.3460"
"150.8200","2.5126","46.2400"
"150.8400","2.5130","46.2640"
"150.8600","2.5133","46.2033"
"150.8800","2.5136","46.1926"
"150.9000","2.5139","46.2536"
"150.9200","2.5141","46.3597"
"150.9400","2.5144","46.3065"
"150.9600","2.5147","46.2498"
"150.9800","2.5151","46.2641"
"151.0000","2.5155","46.3450"
"151.0200","2.5159","46.3271"
"151.0400","2.5162","46.4017"
"151.0600","2.5165","46.2919"
"151.0800","2.5167","46.3376"
"151.1000","2.5170","46.2828"
"151.1200","2.5173","46.2655"
"151.1400","2.5177","46.2635"
"151.1600","2.5181","46.2531"
"151.1800","2.5186","46.2566"
"151.2000","2.5190","46.2268"
"151.2200","2.5193","46.2786"
"151.2400","2.5196","46.3258"
"151.2600","2.5198","46.3507"
"151.2800","2.5201","46.3896"
"151.3000","2.5203","46.3297"
"151.3200","2.5207","46.2756"
"151.3400","2.5211","46.2686"
"151.3600","2.5215","46.3070"
"151.3800","2.5218","46.2795"
"151.4000","2.5222","46.2179"
"151.4200","2.5225","46.2710"
"151.4400","2.5228","46.2901"
"151.4600","2.5231","46.3195"
"151.4800","2.5235","46.3868"
"151.5000","2.5239","46.3720"
"151.5200","2.5243","46.2835"
"151.5400","2.5247","46.2946"
"151.5600","2.5250","46.2802"
"151.5800","2.5252","46.2885"
"151.6000","2.5255","46.2723"
"151.6200","2.5257","46.3260"
"151.6400","2.5261","46.4081"
"151.6600","2.5264","46.3832"
"151.6800","2.5268","46.3500"
"151.7000","2.5272","46.3863"
"151.7200","2.5275","46.2664"
"151.7400","2.5278","46.1986"
"151.7600","2.5281","46.2868"
"151.7800","2.5284","46.2721"
"151.8000","2.5287","46.2338"
"151.8200","2.5290","46.3215"
"151.8400","2.5294","46.3122"
"151.8600","2.5298","46.3515"
"151.8800","2.5303","46.2843"
"151.9000","2.5307","46.3021"
"151.9200","2.5310","46.2458"
"151.9400","2.5312","46.2714"
"151.9600","2.5314","46.3543"
"151.9800","2.5317","46.3651"
"152.0000","2.5320","46.3182"
"152.0200","2.5324","46.2824"
"152.0400","2.5327","46.3244"
"152.0600","2.5331","46.3664"
"152.0800","2.5335","46.3474"
"152.1000","2.5338","46.3649"
"152.1200","2.5341","46.3018"
"152.1400","2.5344","46.2788"
"152.1600","2.5348","46.2926"
"152.1800","2.5352","46.3219"
"152.2000","2.5356","46.3551"
"152.2200","2.5360","46.3604"
"152.2400","2.5363","46.4288"
"152.2600","2.5366","46.4662"
"152.2800","2.5369","46.4433"
"152.3000","2.5371","46.4799"
"152.3200","2.5374","46.4393"
"152.3400","2.5377","46.4056"
"152.3600","2.5381","46.3483"
"152.3800","2.5385","46.3313"
"152.4000","2.5389","46.3861"
"152.4200","2.5392","46.4040"
"152.4400","2.5395","46.4298"
"152.4600","2.5397","46.3513"
"152.4800","2.5400","46.4194"
"152.5000","2.5403","46.3987"
"152.5200","2.5407","46.3598"
"152.5400","2.5411","46.3259"
"152.5600","2.5416","46.4106"
"152.5800","2.5420","46.3953"
"152.6000","2.5424","46.4412"
"152.6200","2.5426","46.4483"
"152.6400","2.5428","46.4036"
"152.6600","2.5431","46.3218"
"152.6800","2.5434","46.3030"
"152.7000","2.5437","46.4178"
"152.7200","2.5441","46.4442"
"152.7400","2.5445","46.3713"
"152.7600","2.5448","46.3988"
"152.7800","2.5452","46.3699"
"152.8000","2.5455","46.4141"
"152.8200","2.5458","46.3929"
"152.8400","2.5461","46.4641"
"152.8600","2.5465","46.4819"
"152.8800","2.5469","46.3774"
"152.9000","2.5473","46.3885"
"152.9200","2.5477","46.3967"
"152.9400","2.5480","46.4245"
"152.9600","2.5482","46.3927"
"152.9800","2.5485","46.3922"
"153.0000","2.5487","46.3674"
"153.0200","2.5490","46.3703"
"153.0400","2.5494","46.3986"
"153.0600","2.5498","46.4515"
"153.0800","2.5502","46.4831"
"153.1000","2.5505","46.4698"
"153.1200","2.5509","46.4030"
"153.1400","2.5511","46.3701"
"153.1600","2.5514","46.4183"
"153.1800","2.5517","46.4950"
"153.2000","2.5520","46.3891"
"153.2200","2.5524","46.3834"
"153.2400","2.5529","46.3657"
"153.2600","2.5533","46.4060"
"153.2800","2.5537","46.4943"
"153.3000","2.5540","46.5128"
"153.3200","2.5542","46.4687"
"153.3400","2.5545","46.4231"
"153.3600","2.5547","46.4703"
"153.3800","2.5550","46.4210"
"153.4000","2.5554","46.4301"
"153.4200","2.5558","46.5416"
"153.4400","2.5562","46.4941"
"153.4600","2.5565","46.3503"
"153.4800","2.5568","46.4118"
"153.5000","2.5571","46.4371"
"153.5200","2.5574","46.4536"
"153.5400","2.5578","46.4952"
"153.5600","2.5582","46.5454"
"153.5800","2.5586","46.3916"
"153.6000","2.5590","46.4477"
"153.6200","2.5593","46.5534"
"153.6400","2.5596","46.4844"
"153.6600","2.5598","46.4233"
"153.6800","2.5601","46.3677"
"153.7000","2.5604","46.4265"
"153.7200","2.5607","46.3984"
"153.7400","2.5611","46.4335"
"153.7600","2.5615","46.4572"
"153.7800","2.5619","46.4532"
"153.8000","2.5622","46.4056"
"153.8200","2.5625","46.4120"
"153.8400","2.5627","46.3440"
"153.8600","2.5630","46.3600"
"153.8800","2.5633","46.4653"
"153.9000","2.5637","46.4628"
"153.9200","2.5642","46.3827"
"153.9400","2.5646","46.3776"
"153.9600","2.5650","46.3938"
"153.9800","2.5653","46.3846"
"154.0000","2.5656","46.3524"
"154.0200","2.5658","46.3453"
"154.0400","2.5661","46.4392"
"154.0600","2.5664","46.4243"
"154.0800","2.5667","46.3986"
"154.1000","2.5671","46.3582"
"154.1200","2.5675","46.4002"
"154.1400","2.5678","46.3948"
"154.1600","2.5681","46.3703"
"154.1800","2.5684","46.3575"
"154.2000","2.5688","46.3341"
"154.2200","2.5691","46.3195"
"154.2400","2.5695","46.2444"
"154.2600","2.5699","46.2342"
"154.2800","2.5703","46.2795"
"154.3000","2.5707","46.3331"
"154.3200","2.5710","46.3133"
"154.3400","2.5712","46.3235"
"154.3600","2.5714","46.2686"
"154.3800","2.5717","46.2363"
"154.4000","2.5720","46.0875"
"154.4200","2.5724","46.1240"
"154.4400","2.5728","46.2645"
"154.4600","2.5732","46.2786"
"154.4800","2.5735","46.2361"
"154.5000","2.5738","46.2018"
"154.5200","2.5741","46.1999"
"154.5400","2.5744","46.1695"
"154.5600","2.5747","46.1364"
"154.5800","2.5750","46.1868"
"154.6000","2.5755","46.1047"
"154.6200","2.5759","46.0416"
"154.6400","2.5764","46.0503"
"154.6600","2.5767","46.0992"
"154.6800","2.5770","46.1178"
"154.7000","2.5772","46.0477"
"154.7200","2.5774","46.0705"
"154.7400","2.5777","46.0331"
"154.7600","2.5780","46.0557"
"154.7800","2.5784","46.1005"
"154.8000","2.5787","46.1727"
"154.8200","2.5791","46.1343"
"154.8400","2.5795","46.1079"
"154.8600","2.5798","46.0904"
"154.8800","2.5801","46.0549"
"154.9000","2.5804","46.0816"
"154.9200","2.5808","46.0399"
"154.9400","2.5812","46.0588"
"154.9600","2.5816","45.9676"
"154.9800","2.5820","45.9322"
"155.0000","2.5823","45.9560"
"155.0200","2.5826","46.0202"
"155.0400","2.5828","46.0358"
"155.0600","2.5831","46.0441"
"155.0800","2.5834","46.0135"
"155.1000","2.5837","45.9767"
"155.1200","2.5841","46.0035"
"155.1400","2.5845","46.0549"
"155.1600","2.5849","46.0153"
"155.1800","2.5852","46.0290"
"155.2000","2.5855","46.0129"
"155.2200","2.5857","46.0227"
"155.2400","2.5860","45.9823"
"155.2600","2.5863","45.9828"
"155.2800","2.5867","45.9332"
"155.3000","2.5872","46.0107"
"155.3200","2.5877","46.1019"
"155.3400","2.5881","46.0475"
"155.3600","2.5884","45.9762"
"155.3800","2.5886","46.0285"
"155.4000","2.5888","46.0339"
"155.4200","2.5891","46.0165"
"155.4400","2.5894","45.9909"
"155.4600","2.5897","46.0466"
"155.4800","2.5900","46.0195"
"155.5000","2.5904","46.0018"
"155.5200","2.5908","45.9683"
"155.5400","2.5911","45.9996"
"155.5600","2.5914","45.9639"
"155.5800","2.5918","45.8811"
"155.6000","2.5921","45.8242"
"155.6200","2.5925","45.9273"
"155.6400","2.5929","46.0312"
"155.6600","2.5933","46.0863"
"155.6800","2.5937","46.0982"
"155.7000","2.5939","46.1288"
"155.7200","2.5942","46.0503"
"155.7400","2.5944","46.0747"
"155.7600","2.5947","46.0679"
"155.7800","2.5950","46.1090"
"155.8000","2.5954","46.0451"
"155.8200","2.5958","46.0342"
"155.8400","2.5962","46.0158"
"155.8600","2.5965","45.9999"
"155.8800","2.5968","45.9656"
"155.9000","2.5971","45.9115"
"155.9200","2.5974","45.9486"
"155.9400","2.5977","45.9771"
"155.9600","2.5980","46.0531"
"155.9800","2.5984","46.0500"
"156.0000","2.5989","46.0678"
"156.0200","2.5994","46.0741"
"156.0400","2.5997","46.1353"
"156.0600","2.6000","46.1531"
"156.0800","2.6002","46.0811"
"156.1000","2.6004","46.0204"
"156.1200","2.6007","46.0799"
"156.1400","2.6010","46.1071"
"156.1600","2.6014","46.0843"
"156.1800","2.6017","46.0506"
"156.2000","2.6021","46.0582"
"156.2200","2.6025","46.0309"
"156.2400","2.6028","46.0517"
"156.2600","2.6031","46.1077"
"156.2800","2.6034","46.0717"
"156.3000","2.6038","46.0073"
"156.3200","2.6042","46.0660"
"156.3400","2.6046","46.0914"
"156.3600","2.6050","46.1232"
"156.3800","2.6053","46.1097"
"156.4000","2.6056","46.1597"
"156.4200","2.6058","46.1108"
"156.4400","2.6061","46.0771"
"156.4600","2.6064","46.1451"
"156.4800","2.6067","46.1160"
"156.5000","2.6071","46.0855"
"156.5200","2.6075","46.1266"
"156.5400","2.6078","46.0967"
"156.5600","2.6082","46.0649"
"156.5800","2.6085","46.0305"
"156.6000","2.6087","46.0222"
"156.6200","2.6090","46.1250"
"156.6400","2.6093","46.1213"
"156.6600","2.6097","46.0731"
"156.6800","2.6102","46.0862"
"156.7000","2.6106","46.0665"
"156.7200","2.6111","46.0965"
"156.7400","2.6114","46.0831"
"156.7600","2.6116","46.1581"
"156.7800","2.6119","46.1415"
"156.8000","2.6121","46.0782"
"156.8200","2.6124","46.0783"
"156.8400","2.6127","46.0375"
"156.8600","2.6131","46.0842"
"156.8800","2.6135","46.1403"
"156.9000","2.6138","46.2021"
"156.9200","2.6142","46.1325"
"156.9400","2.6145","46.1332"
"156.9600","2.6148","46.0696"
"156.9800","2.6152","46.1258"
"157.0000","2.6156","46.1190"
"157.0200","2.6160","46.1285"
"157.0400","2.6164","46.0914"
"157.0600","2.6167","46.0570"
"157.0800","2.6169","46.0458"
"157.1000","2.6172","46.0474"
"157.1200","2.6174","46.0581"
"157.1400","2.6177","46.0620"
"157.1600","2.6180","46.0368"
"157.1800","2.6184","46.0904"
"157.2000","2.6188","46.0541"
"157.2200","2.6192","46.0552"
"157.2400","2.6195","46.0597"
"157.2600","2.6198","46.0421"
"157.2800","2.6201","45.9870"
"157.3000","2.6203","46.0738"
"157.3200","2.6206","46.1100"
"157.3400","2.6210","46.0721"
"157.3600","2.6214","46.0617"
"157.3800","2.6219","46.0558"
"157.4000","2.6224","46.0298"
"157.4200","2.6228","46.0442"
"157.4400","2.6230","45.9077"
"157.4600","2.6233","45.9539"
"157.4800","2.6235","45.9679"
"157.5000","2.6237","45.8962"
"157.5200","2.6241","45.9788"
"157.5400","2.6244","45.9558"
"157.5600","2.6248","45.9949"
"157.5800","2.6251","46.0245"
"157.6000","2.6255","46.0416"
"157.6200","2.6258","46.0083"
"157.6400","2.6261","46.0309"
"157.6600","2.6264","46.0173"
"157.6800","2.6268","45.9743"
"157.7000","2.6272","45.9847"
"157.7200","2.6276","46.0405"
"157.7400","2.6280","46.0223"
"157.7600","2.6283","45.9559"
"157.7800","2.6286","46.0167"
"157.8000","2.6288","45.9975"
"157.8200","2.6290","45.9974"
"157.8400","2.6293","45.9617"
"157.8600","2.6297","45.9603"
"157.8800","2.6301","45.9582"
"157.9000","2.6305","45.9728"
"157.9200","2.6309","45.9750"
"157.9400","2.6312","45.9535"
"157.9600","2.6315","45.9419"
"157.9800","2.6317","45.9768"
"158.0000","2.6320","45.9730"
"158.0200","2.6323","45.9972"
"158.0400","2.6327","45.9532"
"158.0600","2.6332","45.9382"
"158.0800","2.6337","45.9244"
"158.1000","2.6341","45.9089"
"158.1200","2.6344","45.9584"
"158.1400","2.6346","45.9452"
"158.1600","2.6348","45.9609"
"158.1800","2.6351","45.8918"
"158.2000","2.6354","45.8125"
"158.2200","2.6357","45.8685"
"158.2400","2.6361","45.8968"
"158.2600","2.6365","45.8537"
"158.2800","2.6368","45.7598"
"158.3000","2.6371","45.8371"
"158.3200","2.6375","45.8668"
"158.3400","2.6378","45.8634"
"158.3600","2.6381","45.8844"
"158.3800","2.6385","45.9499"
"158.4000","2.6389","45.8848"
"158.4200","2.6393","45.8167"
"158.4400","2.6396","45.8793"
"158.4600","2.6399","45.8055"
"158.4800","2.6402","45.8035"
"158.5000","2.6404","45.8158"
"158.5200","2.6407","45.7827"
"158.5400","2.6410","45.6717"
"158.5600","2.6414","45.6420"
"158.5800","2.6418","45.6577"
"158.6000","2.6422","45.6518"
"158.6200","2.6425","45.6957"
"158.6400","2.6428","45.7078"
"158.6600","2.6431","45.7543"
"158.6800","2.6434","45.7807"
"158.7000","2.6437","45.7816"
"158.7200","2.6441","45.7585"
"158.7400","2.6445","45.7209"
"158.7600","2.6449","45.6787"
"158.7800","2.6454","45.6761"
"158.8000","2.6457","45.7092"
"158.8200","2.6460","45.7202"
"158.8400","2.6462","45.6292"
"158.8600","2.6464","45.5738"
"158.8800","2.6467","45.6095"
"158.9000","2.6470","45.6178"
"158.9200","2.6474","45.5270"
"158.9400","2.6478","45.5588"
"158.9600","2.6481","45.6080"
"158.9800","2.6485","45.6280"
"159.0000","2.6488","45.6035"
"159.0200","2.6491","45.5298"
"159.0400","2.6495","45.6099"
"159.0600","2.6499","45.6565"
"159.0800","2.6503","45.6060"
"159.1000","2.6506","45.5519"
"159.1200","2.6510","45.5418"
"159.1400","2.6513","45.4832"
"159.1600","2.6515","45.4252"
"159.1800","2.6518","45.4829"
"159.2000","2.6520","45.5300"
"159.2200","2.6523","45.4730"
"159.2400","2.6527","45.3744"
"159.2600","2.6530","45.4191"
"159.2800","2.6534","45.4833"
"159.3000","2.6538","45.5347"
"159.3200","2.6541","45.4511"
"159.3400","2.6544","45.3738"
"159.3600","2.6547","45.4349"
"159.3800","2.6550","45.4889"
"159.4000","2.6553","45.4075"
"159.4200","2.6557","45.4228"
"159.4400","2.6562","45.4277"
"159.4600","2.6566","45.3403"
"159.4800","2.6570","45.2959"
"159.5000","2.6573","45.2900"
"159.5200","2.6576","45.2931"
"159.5400","2.6578","45.3596"
"159.5600","2.6581","45.3445"
"159.5800","2.6584","45.3067"
"159.6000","2.6587","45.2164"
"159.6200","2.6591","45.2514"
"159.6400","2.6595","45.1945"
"159.6600","2.6599","45.1314"
"159.6800","2.6602","45.0984"
"159.7000","2.6605","45.1397"
"159.7200","2.6608","45.1093"
"159.7400","2.6612","45.0524"
"159.7600","2.6615","45.0870"
"159.7800","2.6619","45.0684"
"159.8000","2.6623","45.0195"
"159.8200","2.6626","45.0342"
"159.8400","2.6629","45.0335"
"159.8600","2.6631","45.0898"
"159.8800","2.6634","45.1247"
"159.9000","2.6637","45.0940"
"159.9200","2.6640","44.9988"
"159.9400","2.6643","44.9748"
"159.9600","2.6647","44.9906"
"159.9800","2.6651","45.0230"
"160.0000","2.6655","45.0197"
"160.0200","2.6658","45.0208"
"160.0400","2.6661","44.9543"
"160.0600","2.6663","44.9168"
"160.0800","2.6667","44.9336"
"160.1000","2.6671","44.9557"
"160.1200","2.6675","44.8275"
"160.1400","2.6680","44.8273"
"160.1600","2.6684","44.9210"
"160.1800","2.6687","44.9047"
"160.2000","2.6690","44.8084"
"160.2200","2.6692","44.7989"
"160.2400","2.6694","44.8603"
"160.2600","2.6697","44.9437"
"160.2800","2.6700","44.9673"
"160.3000","2.6704","44.8520"
"160.3200","2.6708","44.7627"
"160.3400","2.6712","44.8003"
"160.3600","2.6715","44.8562"
"160.3800","2.6718","44.7910"
"160.4000","2.6721","44.8126"
"160.4200","2.6725","44.8093"
"160.4400","2.6729","44.7401"
"160.4600","2.6732","44.6891"
"160.4800","2.6736","44.5566"
"160.5000","2.6740","44.4665"
"160.5200","2.6743","44.5435"
"160.5400","2.6745","44.5661"
"160.5600","2.6748","44.5258"
"160.5800","2.6750","44.4731"
"160.6000","2.6754","44.4019"
"160.6200","2.6757","44.3422"
"160.6400","2.6761","44.3094"
"160.6600","2.6765","44.2641"
"160.6800","2.6769","44.2063"
"160.7000","2.6772","44.1869"
"160.7200","2.6774","44.1441"
"160.7400","2.6777","44.0949"
"160.7600","2.6780","43.9539"
"160.7800","2.6784","43.8910"
"160.8000","2.6788","43.8171"
"160.8200","2.6793","43.6963"
"160.8400","2.6798","43.6904"
"160.8600","2.6801","43.7230"
"160.8800","2.6803","43.6326"
"160.9000","2.6805","43.5228"
"160.9200","2.6808","43.4816"
"160.9400","2.6810","43.4347"
"160.9600","2.6813","43.4231"
"160.9800","2.6817","43.4516"
"161.0000","2.6821","43.4950"
"161.0200","2.6825","43.4267"
"161.0400","2.6829","43.2829"
"161.0600","2.6832","43.3259"
"161.0800","2.6835","43.3613"
"161.1000","2.6838","43.3005"
"161.1200","2.6842","43.2543"
"161.1400","2.6846","43.2957"
"161.1600","2.6849","43.2122"
"161.1800","2.6853","43.2828"
"161.2000","2.6856","43.3456"
"161.2200","2.6859","43.3294"
"161.2400","2.6861","43.3222"
"161.2600","2.6864","43.2345"
"161.2800","2.6867","43.1815"
"161.3000","2.6870","43.1858"
"161.3200","2.6874","43.1516"
"161.3400","2.6878","43.1663"
"161.3600","2.6882","43.1683"
"161.3800","2.6885","43.1036"
"161.4000","2.6888","43.0433"
"161.4200","2.6890","43.0645"
"161.4400","2.6893","43.1276"
"161.4600","2.6897","43.1248"
"161.4800","2.6901","43.1656"
"161.5000","2.6905","43.1486"
"161.5200","2.6910","43.1610"
"161.5400","2.6914","43.1229"
"161.5600","2.6917","43.1837"
"161.5800","2.6919","43.1489"
"161.6000","2.6921","43.1021"
"161.6200","2.6924","43.1212"
"161.6400","2.6927","43.1632"
"161.6600","2.6930","43.1450"
"161.6800","2.6934","43.1456"
"161.7000","2.6938","43.1293"
"161.7200","2.6942","43.2011"
"161.7400","2.6945","43.2644"
"161.7600","2.6949","43.1095"
"161.7800","2.6952","42.9423"
"161.8000","2.6955","43.0489"
"161.8200","2.6959","43.0256"
"161.8400","2.6963","42.9958"
"161.8600","2.6966","43.0065"
"161.8800","2.6970","43.0234"
"161.9000","2.6972","43.0646"
"161.9200","2.6975","43.0547"
"161.9400","2.6977","43.0737"
"161.9600","2.6980","42.9877"
"161.9800","2.6983","42.9838"
"162.0000","2.6987","42.9522"
"162.0200","2.6991","42.9441"
"162.0400","2.6994","42.9789"
"162.0600","2.6998","43.0542"
"162.0800","2.7001","43.0570"
"162.1000","2.7004","42.9102"
"162.1200","2.7006","42.9738"
"162.1400","2.7009","43.0743"
"162.1600","2.7013","43.0310"
"162.1800","2.7017","42.9861"
"162.2000","2.7022","42.9833"
"162.2200","2.7027","42.9741"
"162.2400","2.7031","43.0417"
"162.2600","2.7034","42.9970"
"162.2800","2.7036","42.9967"
"162.3000","2.7038","43.0443"
"162.3200","2.7041","43.0234"
"162.3400","2.7044","42.9948"
"162.3600","2.7047","42.9998"
"162.3800","2.7051","43.0692"
"162.4000","2.7055","43.0654"
"162.4200","2.7058","42.9831"
"162.4400","2.7062","42.9455"
"162.4600","2.7065","42.9935"
"162.4800","2.7068","43.0536"
"162.5000","2.7072","43.0258"
"162.5200","2.7075","43.0053"
"162.5400","2.7079","42.9545"
"162.5600","2.7083","43.0027"
"162.5800","2.7086","43.0327"
"162.6000","2.7089","42.9836"
"162.6200","2.7091","42.9262"
"162.6400","2.7094","42.9227"
"162.6600","2.7097","42.9669"
"162.6800","2.7100","42.9343"
"162.7000","2.7104","42.8865"
"162.7200","2.7108","42.9359"
"162.7400","2.7112","42.9876"
"162.7600","2.7115","42.9897"
"162.7800","2.7117","42.9932"
"162.8000","2.7120","42.9552"
"162.8200","2.7123","42.9977"
"162.8400","2.7127","42.9948"
"162.8600","2.7131","43.0323"
"162.8800","2.7135","43.0415"
"162.9000","2.7140","43.0409"
"162.9200","2.7144","43.0595"
"162.9400","2.7147","42.9980"
"162.9600","2.7149","42.9815"
"162.9800","2.7151","43.0239"
"163.0000","2.7154","42.9641"
"163.0200","2.7157","43.0357"
"163.0400","2.7160","43.0010"
"163.0600","2.7164","42.9805"
"163.0800","2.7168","42.9962"
"163.1000","2.7172","43.0442"
"163.1200","2.7175","43.0726"
"163.1400","2.7178","43.0110"
"163.1600","2.7181","43.0139"
"163.1800","2.7185","42.9717"
"163.2000","2.7188","43.0224"
"163.2200","2.7193","43.0805"
"163.2400","2.7196","43.0158"
"163.2600","2.7200","42.9871"
"163.2800","2.7203","43.0692"
"163.3000","2.7205","43.1392"
"163.3200","2.7208","43.1346"
"163.3400","2.7211","42.9851"
"163.3600","2.7214","43.0186"
"163.3800","2.7217","43.1708"
"163.4000","2.7221","43.1397"
"163.4200","2.7225","43.1095"
"163.4400","2.7228","43.2126"
"163.4600","2.7231","43.1358"
"163.4800","2.7234","43.0426"
"163.5000","2.7237","43.0654"
"163.5200","2.7240","43.0074"
"163.5400","2.7244","43.0001"
"163.5600","2.7248","43.0335"
"163.5800","2.7253","43.0255"
"163.6000","2.7257","42.9983"
"163.6200","2.7260","42.9702"
"163.6400","2.7263","43.0203"
"163.6600","2.7265","43.0443"
"163.6800","2.7267","43.1046"
"163.7000","2.7270","43.1002"
"163.7200","2.7274","43.0623"
"163.7400","2.7277","43.0445"
"163.7600","2.7281","43.0300"
"163.7800","2.7285","43.0616"
"163.8000","2.7288","43.1104"
"163.8200","2.7291","43.1411"
"163.8400","2.7295","43.0808"
"163.8600","2.7298","43.1072"
"163.8800","2.7302","43.0914"
"163.9000","2.7306","43.1072"
"163.9200","2.7310","43.1399"
"163.9400","2.7314","43.1552"
"163.9600","2.7317","43.1871"
"163.9800","2.7319","43.1157"
"164.0000","2.7321","43.1072"
"164.0200","2.7324","43.0862"
"164.0400","2.7327","43.0091"
"164.0600","2.7331","42.9924"
"164.0800","2.7334","43.0498"
"164.1000","2.7338","43.1012"
"164.1200","2.7341","43.1050"
"164.1400","2.7344","43.1136"
"164.1600","2.7347","43.1081"
"164.1800","2.7350","43.0890"
"164.2000","2.7353","43.0072"
"164.2200","2.7356","42.9744"
"164.2400","2.7360","42.9414"
"164.2600","2.7365","43.0160"
"164.2800","2.7370","43.0758"
"164.3000","2.7374","43.0971"
"164.3200","2.7376","43.2056"
"164.3400","2.7379","43.1855"
"164.3600","2.7381","43.1428"
"164.3800","2.7384","43.1748"
"164.4000","2.7387","43.0746"
"164.4200","2.7391","43.0727"
"164.4400","2.7395","43.1467"
"164.4600","2.7399","43.0717"
"164.4800","2.7402","43.0817"
"164.5000","2.7405","43.1128"
"164.5200","2.7408","43.1595"
"164.5400","2.7411","43.0925"
"164.5600","2.7415","43.0200"
"164.5800","2.7419","43.0292"
"164.6000","2.7423","43.0510"
"164.6200","2.7427","43.1359"
"164.6400","2.7430","43.1973"
"164.6600","2.7433","43.1687"
"164.6800","2.7435","43.1021"
"164.7000","2.7438","43.1212"
"164.7200","2.7440","43.1483"
"164.7400","2.7444","43.0604"
"164.7600","2.7448","43.0798"
"164.7800","2.7451","43.1058"
"164.8000","2.7455","43.1053"
"164.8200","2.7458","43.1221"
"164.8400","2.7461","43.1081"
"164.8600","2.7464","43.1447"
"164.8800","2.7466","43.1349"
"164.9000","2.7469","43.1172"
"164.9200","2.7473","43.0582"
"164.9400","2.7478","43.0521"
"164.9600","2.7483","43.0514"
"164.9800","2.7487","43.0224"
"165.0000","2.7491","43.0899"
"165.0200","2.7493","43.2101"
"165.0400","2.7495","43.1844"
"165.0600","2.7498","43.1276"
"165.0800","2.7501","43.0702"
"165.1000","2.7504","43.0991"
"165.1200","2.7508","43.1008"
"165.1400","2.7512","43.0703"
"165.1600","2.7515","43.0890"
"165.1800","2.7518","43.1271"
"165.2000","2.7521","43.1525"
"165.2200","2.7524","43.1813"
"165.2400","2.7528","43.1025"
"165.2600","2.7532","43.0919"
"165.2800","2.7536","43.0821"
"165.3000","2.7540","43.1600"
"165.3200","2.7543","43.1496"
"165.3400","2.7546","43.1253"
"165.3600","2.7549","43.0971"
"165.3800","2.7551","43.1529"
"165.4000","2.7554","43.2203"
"165.4200","2.7557","43.1932"
"165.4400","2.7561","43.0996"
"165.4600","2.7565","43.0317"
"165.4800","2.7569","43.0906"
"165.5000","2.7572","43.1586"
"165.5200","2.7575","43.1040"
"165.5400","2.7578","43.0615"
"165.5600","2.7580","43.0117"
"165.5800","2.7583","43.0215"
"165.6000","2.7586","43.0909"
"165.6200","2.7591","43.0891"
"165.6400","2.7595","43.1338"
"165.6600","2.7600","43.1428"
"165.6800","2.7603","43.1132"
"165.7000","2.7606","43.1535"
"165.7200","2.7608","43.2074"
"165.7400","2.7611","43.1308"
"165.7600","2.7614","43.0395"
"165.7800","2.7617","43.0467"
"165.8000","2.7621","43.0434"
"165.8200","2.7625","43.1172"
"165.8400","2.7628","43.0566"
"165.8600","2.7632","43.0793"
"165.8800","2.7635","43.0909"
"165.9000","2.7638","43.1614"
"165.9200","2.7641","43.1204"
"165.9400","2.7645","43.1123"
"165.9600","2.7649","43.0719"
"165.9800","2.7653","43.0525"
"166.0000","2.7657","43.0953"
"166.0200","2.7660","43.0769"
"166.0400","2.7663","43.1523"
"166.0600","2.7665","43.1465"
"166.0800","2.7668","43.1004"
"166.1000","2.7671","43.0530"
"166.1200","2.7674","43.0532"
"166.1400","2.7678","43.0438"
"166.1600","2.7682","43.0713"
"166.1800","2.7685","43.0777"
"166.2000","2.7688","43.0915"
"166.2200","2.7691","43.0736"
"166.2400","2.7694","43.1041"
"166.2600","2.7697","43.1754"
"166.2800","2.7700","43.1018"
"166.3000","2.7704","43.0607"
"166.3200","2.7708","43.0852"
"166.3400","2.7713","43.1928"
"166.3600","2.7717","43.1189"
"166.3800","2.7720","43.0461"
"166.4000","2.7722","43.0613"
"166.4200","2.7725","43.1454"
"166.4400","2.7727","43.1797"
"166.4600","2.7730","43.1271"
"166.4800","2.7734","43.1621"
"166.4810","2.7734","43.1646"
"166.4820","2.7734","43.1674"
"166.5020","2.7738","43.2048"
"166.5220","2.7742","43.2071"
"166.5420","2.7745","43.2173"
"166.5620","2.7747","43.2113"
"166.5820","2.7748","43.1751"
"166.6020","2.7748","43.1711"
"166.6220","2.7748","43.1893"
"166.6420","2.7748","43.2081"
"166.6620","2.7748","43.1584"
"166.6820","2.7748","43.1077"
"166.7020","2.7748","43.0579"
"166.7220","2.7748","43.0423"
"166.7420","2.7747","43.0843"
"166.7620","2.7747","43.0136"
"166.7820","2.7747","42.9474"
"166.8020","2.7747","43.0020"
"166.8220","2.7747","43.0426"
"166.8420","2.7747","43.0250"
"166.8620","2.7747","43.0125"
"166.8820","2.7747","43.0073"
"166.9020","2.7747","42.9889"
"166.9220","2.7746","42.9341"
"166.9420","2.7746","42.9282"
"166.9620","2.7746","43.0535"
"166.9820","2.7746","43.0808"
"167.0020","2.7746","43.0539"
"167.0220","2.7746","43.0073"
"167.0420","2.7745","42.9658"
"167.0620","2.7745","42.9685"
"167.0820","2.7745","43.0288"
"167.1020","2.7745","42.9873"
"167.1220","2.7745","42.9639"
"167.1420","2.7745","42.9468"
"167.1620","2.7745","42.9708"
"167.1820","2.7745","42.9987"
"167.2020","2.7744","43.0312"
"167.2220","2.7744","42.9620"
"167.2420","2.7744","42.8572"
"167.2620","2.7744","42.9921"
"167.2820","2.7744","43.0407"
"167.3020","2.7744","42.9712"
"167.3220","2.7744","42.9403"
"167.3420","2.7744","42.9064"
"167.3620","2.7744","42.8942"
"167.3820","2.7743","42.9463"
"167.4020","2.7743","42.9637"
"167.4220","2.7743","42.9938"
"167.4420","2.7743","42.9982"
"167.4620","2.7743","42.9734"
"167.4820","2.7743","42.8846"
"167.5020","2.7743","42.8554"
"167.5220","2.7743","42.8460"
"167.5420","2.7743","42.9078"
"167.5620","2.7743","42.8664"
"167.5820","2.7743","42.8800"
"167.6020","2.7743","42.8406"
"167.6220","2.7743","42.8077"
"167.6420","2.7743","42.8124"
"167.6620","2.7743","42.8604"
"167.6820","2.7743","42.8988"
"167.7020","2.7743","42.8823"
"167.7220","2.7743","42.8621"
"167.7420","2.7743","42.8766"
"167.7620","2.7743","42.9499"
"167.7820","2.7743","42.9495"
"167.8020","2.7743","42.9512"
"167.8220","2.7743","42.8229"
"167.8420","2.7743","42.7422"
"167.8620","2.7743","42.7697"
"167.8820","2.7743","42.8523"
"167.9020","2.7743","42.9027"
"167.9220","2.7743","42.9041"
"167.9420","2.7743","42.8670"
"167.9620","2.7743","42.8536"
"167.9820","2.7743","42.8268"
"168.0020","2.7743","42.9085"
"168.0220","2.7743","42.8995"
"168.0420","2.7743","42.8285"
"168.0620","2.7743","42.8242"
"168.0820","2.7743","42.8643"
"168.1020","2.7743","42.8707"
"168.1220","2.7743","42.8466"
"168.1420","2.7743","42.8674"
"168.1620","2.7743","42.8121"
"168.1820","2.7743","42.8218"
"168.2020","2.7743","42.8437"
"168.2220","2.7743","42.8321"
"168.2420","2.7743","42.8044"
"168.2620","2.7743","42.8336"
"168.2820","2.7743","42.7686"
"168.3020","2.7743","42.7598"
"168.3220","2.7743","42.7900"
"168.3420","2.7743","42.7905"
"168.3620","2.7743","42.8073"
"168.3820","2.7743","42.8033"
"168.4020","2.7743","42.7777"
"168.4220","2.7743","42.6791"
"168.4420","2.7743","42.7813"
"168.4620","2.7743","42.8182"
"168.4820","2.7743","42.7468"
"168.5020","2.7743","42.7301"
"168.5220","2.7743","42.7584"
"168.5420","2.7743","42.7806"
"168.5620","2.7743","42.8560"
"168.5820","2.7743","42.8709"
"168.6020","2.7743","42.7590"
"168.6220","2.7743","42.6931"
"168.6420","2.7743","42.6661"
"168.6620","2.7743","42.6720"
"168.6820","2.7743","42.7015"
"168.7020","2.7743","42.7738"
"168.7220","2.7743","42.8503"
"168.7420","2.7743","42.7772"
"168.7620","2.7743","42.6514"
"168.7820","2.7743","42.6761"
"168.8020","2.7743","42.7792"
"168.8220","2.7743","42.7523"
"168.8420","2.7743","42.7809"
"168.8620","2.7743","42.7637"
"168.8820","2.7743","42.7129"
"168.9020","2.7743","42.6280"
"168.9220","2.7743","42.6689"
"168.9420","2.7743","42.7198"
"168.9620","2.7743","42.7260"
"168.9820","2.7743","42.7178"
"169.0020","2.7743","42.7404"
"169.0220","2.7743","42.7186"
"169.0420","2.7743","42.6920"
"169.0620","2.7743","42.7477"
"169.0820","2.7743","42.7656"
"169.1020","2.7743","42.6363"
"169.1220","2.7743","42.6807"
"169.1420","2.7743","42.7358"
"169.1620","2.7743","42.7516"
"169.1820","2.7743","42.7428"
"169.2020","2.7743","42.7474"
"169.2220","2.7743","42.7210"
"169.2420","2.7743","42.6551"
"169.2620","2.7743","42.6238"
"169.2820","2.7743","42.5699"
"169.3020","2.7743","42.5990"
"169.3220","2.7743","42.6548"
"169.3420","2.7743","42.7654"
"169.3620","2.7743","42.7275"
"169.3820","2.7743","42.6967"
"169.4020","2.7743","42.6233"
"169.4220","2.7743","42.6176"
"169.4420","2.7743","42.6080"
"169.4620","2.7743","42.6362"
"169.4820","2.7743","42.6661"
"169.5020","2.7743","42.6833"
"169.5220","2.7743","42.7071"
"169.5420","2.7743","42.7025"
"169.5620","2.7743","42.7069"
"169.5820","2.7743","42.7396"
"169.6020","2.7743","42.6188"
"169.6220","2.7743","42.6383"
"169.6420","2.7743","42.6432"
"169.6620","2.7743","42.6604"
"169.6820","2.7743","42.6802"
"169.7020","2.7743","42.7131"
"169.7220","2.7743","42.6026"
"169.7420","2.7743","42.5903"
"169.7620","2.7743","42.6549"
"169.7820","2.7743","42.6734"
"169.8020","2.7743","42.6901"
"169.8220","2.7743","42.5981"
"169.8420","2.7743","42.6428"
"169.8620","2.7743","42.6164"
"169.8820","2.7743","42.6142"
"169.9020","2.7743","42.6743"
"169.9220","2.7743","42.7054"
"169.9420","2.7743","42.7015"
"169.9620","2.7743","42.6586"
"169.9820","2.7743","42.5558"
"170.0020","2.7743","42.5294"
"170.0220","2.7743","42.5913"
"170.0420","2.7743","42.6391"
"170.0620","2.7743","42.6030"
"170.0820","2.7743","42.6849"
"170.1020","2.7743","42.6390"
"170.1220","2.7743","42.6074"
"170.1420","2.7743","42.5526"
"170.1620","2.7743","42.4618"
"170.1820","2.7743","42.4798"
"170.2020","2.7743","42.5630"
"170.2220","2.7743","42.5848"
"170.2420","2.7743","42.6604"
"170.2620","2.7743","42.6559"
"170.2820","2.7743","42.6084"
"170.3020","2.7743","42.5410"
"170.3220","2.7743","42.4444"
"170.3420","2.7743","42.4885"
"170.3620","2.7743","42.4512"
"170.3820","2.7743","42.5274"
"170.4020","2.7743","42.5921"
"170.4220","2.7743","42.6737"
"170.4420","2.7743","42.6461"
"170.4620","2.7743","42.6151"
"170.4820","2.7743","42.6051"
"170.5020","2.7743","42.5381"
"170.5220","2.7743","42.5420"
"170.5420","2.7743","42.5069"
"170.5620","2.7743","42.5326"
"170.5820","2.7743","42.5886"
"170.6020","2.7743","42.6125"
"170.6220","2.7743","42.6040"
"170.6420","2.7743","42.4698"
"170.6620","2.7743","42.5464"
"170.6820","2.7743","42.5617"
"170.7020","2.7743","42.5205"
"170.7220","2.7743","42.6080"
"170.7420","2.7743","42.6728"
"170.7620","2.7743","42.6514"
"170.7820","2.7743","42.6279"
"170.8020","2.7743","42.5479"
"170.8220","2.7743","42.4960"
"170.8420","2.7743","42.5290"
"170.8620","2.7743","42.5728"
"170.8820","2.7743","42.5538"
"170.9020","2.7743","42.4185"
"170.9220","2.7743","42.4180"
"170.9420","2.7743","42.4461"
"170.9620","2.7743","42.4553"
"170.9820","2.7743","42.4634"
"171.0020","2.7743","42.5247"
"171.0220","2.7743","42.5318"
"171.0420","2.7743","42.5512"
"171.0620","2.7743","42.5241"
"171.0820","2.7743","42.5058"
"171.1020","2.7743","42.5047"
"171.1220","2.7743","42.4407"
"171.1420","2.7743","42.4099"
"171.1620","2.7743","42.4232"
"171.1820","2.7743","42.5280"
"171.2020","2.7743","42.5436"
"171.2220","2.7743","42.4762"
"171.2420","2.7743","42.4916"
"171.2620","2.7743","42.5119"
"171.2820","2.7743","42.4330"
"171.3020","2.7743","42.4691"
"171.3220","2.7743","42.4823"
"171.3420","2.7743","42.4265"
"171.3620","2.7743","42.3941"
"171.3820","2.7743","42.4329"
"171.4020","2.7743","42.4526"
"171.4220","2.7743","42.4129"
"171.4420","2.7743","42.3307"
"171.4620","2.7743","42.3923"
"171.4820","2.7743","42.4784"
"171.5020","2.7743","42.4839"
"171.5220","2.7743","42.4911"
"171.5420","2.7743","42.4608"
"171.5620","2.7743","42.4030"
"171.5820","2.7743","42.3909"
"171.6020","2.7743","42.4683"
"171.6220","2.7743","42.4272"
"171.6420","2.7743","42.3874"
"171.6620","2.7743","42.4166"
"171.6820","2.7743","42.3813"
"171.7020","2.7743","42.3949"
"171.7220","2.7743","42.4120"
"171.7420","2.7743","42.4289"
"171.7620","2.7743","42.4136"
"171.7820","2.7743","42.3681"
"171.8020","2.7743","42.3866"
"171.8220","2.7743","42.4015"
"171.8420","2.7743","42.3537"
"171.8620","2.7743","42.3669"
"171.8820","2.7743","42.3266"
"171.9020","2.7743","42.3568"
"171.9220","2.7743","42.4835"
"171.9420","2.7743","42.4704"
"171.9620","2.7743","42.5048"
"171.9820","2.7743","42.4268"
"172.0020","2.7743","42.4356"
"172.0220","2.7743","42.4659"
"172.0420","2.7743","42.5380"
"172.0620","2.7743","42.5066"
"172.0820","2.7743","42.3414"
"172.1020","2.7743","42.3115"
"172.1220","2.7743","42.3152"
"172.1420","2.7743","42.3580"
"172.1620","2.7743","42.4396"
"172.1820","2.7743","42.4424"
"172.2020","2.7743","42.3751"
"172.2220","2.7743","42.3729"
"172.2420","2.7743","42.3235"
"172.2620","2.7743","42.3608"
"172.2820","2.7743","42.4378"
"172.3020","2.7743","42.4614"
"172.3220","2.7743","42.3766"
"172.3420","2.7743","42.3826"
"172.3620","2.7743","42.3929"
"172.3820","2.7743","42.3398"
"172.4020","2.7743","42.3344"
"172.4220","2.7743","42.4018"
"172.4420","2.7743","42.4112"
"172.4620","2.7743","42.4051"
"172.4820","2.7743","42.3691"
"172.5020","2.7743","42.4534"
"172.5220","2.7743","42.4300"
"172.5420","2.7743","42.3806"
"172.5620","2.7743","42.3175"
"172.5820","2.7743","42.2999"
"172.6020","2.7743","42.3991"
"172.6220","2.7743","42.3972"
"172.6420","2.7743","42.3120"
"172.6620","2.7743","42.3640"
"172.6820","2.7743","42.3303"
"172.7020","2.7743","42.3432"
"172.7220","2.7743","42.4331"
"172.7420","2.7743","42.4431"
"172.7620","2.7743","42.4071"
"172.7820","2.7743","42.3739"
"172.8020","2.7743","42.3298"
"172.8220","2.7743","42.2671"
"172.8420","2.7743","42.2383"
"172.8620","2.7743","42.2951"
"172.8820","2.7743","42.3299"
"172.9020","2.7743","42.3759"
"172.9220","2.7743","42.3661"
"172.9420","2.7743","42.3635"
"172.9620","2.7743","42.3107"
"172.9820","2.7743","42.2012"
"173.0020","2.7743","42.1847"
"173.0220","2.7743","42.2576"
"173.0420","2.7743","42.3502"
"173.0620","2.7743","42.3241"
"173.0820","2.7743","42.3522"
"173.1020","2.7743","42.3129"
"173.1220","2.7743","42.2383"
"173.1420","2.7743","42.2211"
"173.1620","2.7743","42.2802"
"173.1820","2.7743","42.3621"
"173.2020","2.7743","42.4299"
"173.2220","2.7743","42.3330"
"173.2420","2.7743","42.2900"
"173.2620","2.7743","42.2865"
"173.2820","2.7743","42.2706"
"173.3020","2.7743","42.2892"
"173.3220","2.7743","42.3222"
"173.3420","2.7743","42.3559"
"173.3620","2.7743","42.2749"
"173.3820","2.7743","42.2434"
"173.4020","2.7743","42.2690"
"173.4220","2.7743","42.2914"
"173.4420","2.7743","42.4193"
"173.4620","2.7743","42.3836"
"173.4820","2.7743","42.3110"
"173.5020","2.7743","42.2682"
"173.5220","2.7743","42.2765"
"173.5420","2.7743","42.2458"
"173.5620","2.7743","42.2330"
"173.5820","2.7743","42.3125"
"173.6020","2.7743","42.3436"
"173.6220","2.7743","42.3062"
"173.6420","2.7743","42.2405"
"173.6620","2.7743","42.2422"
"173.6820","2.7743","42.2387"
"173.7020","2.7743","42.1669"
"173.7220","2.7743","42.2445"
"173.7420","2.7743","42.2627"
"173.7620","2.7743","42.1674"
"173.7820","2.7743","42.1854"
"173.8020","2.7743","42.2118"
"173.8220","2.7743","42.2047"
"173.8420","2.7743","42.2642"
"173.8620","2.7743","42.2378"
"173.8820","2.7743","42.2981"
"173.9020","2.7743","42.2341"
"173.9220","2.7743","42.1619"
"173.9420","2.7743","42.1724"
"173.9620","2.7743","42.2602"
"173.9820","2.7743","42.2436"
"174.0020","2.7743","42.2098"
"174.0220","2.7743","42.2462"
"174.0420","2.7743","42.2337"
"174.0620","2.7743","42.2272"
"174.0820","2.7743","42.1921"
"174.1020","2.7743","42.2353"
"174.1220","2.7743","42.3319"
"174.1420","2.7743","42.3671"
"174.1620","2.7743","42.2908"
"174.1820","2.7743","42.1993"
"174.2020","2.7743","42.2745"
"174.2220","2.7743","42.2758"
"174.2420","2.7743","42.2861"
"174.2620","2.7743","42.1803"
"174.2820","2.7743","42.1919"
"174.3020","2.7743","42.2894"
"174.3220","2.7743","42.3160"
"174.3420","2.7743","42.2997"
"174.3620","2.7743","42.2470"
"174.3820","2.7743","42.2870"
"174.4020","2.7743","42.2345"
"174.4220","2.7743","42.1979"
"174.4420","2.7743","42.2106"
"174.4620","2.7743","42.2764"
"174.4820","2.7743","42.2810"
"174.5020","2.7743","42.1898"
"174.5220","2.7743","42.1578"
"174.5420","2.7743","42.1665"
"174.5620","2.7743","42.1722"
"174.5820","2.7743","42.2414"
"174.6020","2.7743","42.1863"
"174.6220","2.7743","42.2112"
"174.6420","2.7743","42.2585"
"174.6620","2.7743","42.2680"
"174.6820","2.7743","42.1897"
"174.7020","2.7743","42.1179"
"174.7220","2.7743","42.1294"
"174.7420","2.7743","42.2222"
"174.7620","2.7743","42.1947"
"174.7820","2.7743","42.2112"
"174.8020","2.7743","42.2632"
"174.8220","2.7743","42.2019"
"174.8420","2.7743","42.1801"
"174.8620","2.7743","42.2056"
"174.8820","2.7743","42.1916"
"174.9020","2.7743","42.1442"
"174.9220","2.7743","42.1260"
"174.9420","2.7743","42.1241"
"174.9620","2.7743","42.1585"
"174.9820","2.7743","42.1449"
"175.0020","2.7743","42.0406"
"175.0220","2.7743","42.0754"
"175.0420","2.7743","42.1111"
"175.0620","2.7743","42.0823"
"175.0820","2.7743","42.0912"
"175.1020","2.7743","42.1462"
"175.1220","2.7743","42.1414"
"175.1420","2.7743","42.1849"
"175.1620","2.7743","42.2193"
"175.1820","2.7743","42.1343"
"175.2020","2.7743","42.1811"
"175.2220","2.7743","42.2344"
"175.2420","2.7743","42.2570"
"175.2620","2.7743","42.1537"
"175.2820","2.7743","42.1349"
"175.3020","2.7743","42.1059"
"175.3220","2.7743","42.2061"
"175.3420","2.7743","42.2186"
"175.3620","2.7743","42.1856"
"175.3820","2.7743","42.1574"
"175.4020","2.7743","42.2749"
"175.4220","2.7743","42.2023"
"175.4420","2.7743","42.2021"
"175.4620","2.7743","42.1910"
"175.4820","2.7743","42.1359"
"175.5020","2.7743","42.1093"
"175.5220","2.7743","42.1521"
"175.5420","2.7743","42.1580"
"175.5620","2.7743","42.2522"
"175.5820","2.7743","42.3337"
"175.6020","2.7743","42.2858"
"175.6220","2.7743","42.1707"
"175.6420","2.7743","42.2177"
"175.6620","2.7743","42.1708"
"175.6820","2.7743","42.1429"
"175.7020","2.7743","42.2128"
"175.7220","2.7743","42.1977"
"175.7420","2.7743","42.1603"
"175.7620","2.7743","42.0842"
"175.7820","2.7743","42.1015"
"175.8020","2.7743","42.0595"
"175.8220","2.7743","42.0609"
"175.8420","2.7743","42.0861"
"175.8620","2.7743","42.1062"
"175.8820","2.7743","42.0451"
"175.9020","2.7743","42.1276"
"175.9220","2.7743","42.1440"
"175.9420","2.7743","42.1517"
"175.9620","2.7743","42.1766"
"175.9820","2.7743","42.1421"
"176.0020","2.7743","42.2016"
"176.0220","2.7743","42.2081"
"176.0420","2.7743","42.0560"
"176.0620","2.7743","42.0106"
"176.0820","2.7743","42.0914"
"176.1020","2.7743","42.1606"
"176.1220","2.7743","42.1739"
"176.1420","2.7743","42.1722"
"176.1620","2.7743","42.1512"
"176.1820","2.7743","42.2340"
"176.2020","2.7743","42.1642"
"176.2220","2.7743","42.1350"
"176.2420","2.7743","42.1457"
"176.2620","2.7743","42.0699"
"176.2820","2.7743","42.0560"
"176.3020","2.7743","42.0868"
"176.3220","2.7743","42.0960"
"176.3420","2.7743","42.0790"
"176.3620","2.7743","42.1184"
"176.3820","2.7743","42.0641"
"176.4020","2.7743","42.1170"
"176.4220","2.7743","42.1001"
"176.4420","2.7743","42.0741"
"176.4620","2.7743","42.1607"
"176.4820","2.7743","42.1728"
"176.5020","2.7743","42.1875"
"176.5220","2.7743","42.0875"
"176.5420","2.7743","41.9942"
"176.5620","2.7743","42.0786"
"176.5820","2.7743","42.1599"
"176.6020","2.7743","42.1252"
"176.6220","2.7743","42.0426"
"176.6420","2.7743","42.0069"
"176.6620","2.7743","41.9839"
"176.6820","2.7743","42.0245"
"176.7020","2.7743","42.0851"
"176.7220","2.7743","42.1484"
"176.7420","2.7743","42.1552"
"176.7620","2.7743","42.1136"
"176.7820","2.7743","42.0975"
"176.8020","2.7743","42.0671"
"176.8220","2.7743","42.0769"
"176.8420","2.7743","42.2013"
"176.8620","2.7743","42.1599"
"176.8820","2.7743","42.0781"
"176.9020","2.7743","41.9680"
"176.9220","2.7743","42.0334"
"176.9420","2.7743","42.0778"
"176.9620","2.7743","42.0816"
"176.9820","2.7743","42.0815"
"177.0020","2.7743","42.0730"
"177.0220","2.7743","41.9934"
"177.0420","2.7743","42.1022"
"177.0620","2.7743","42.1393"
"177.0820","2.7743","42.1259"
"177.1020","2.7743","42.1183"
"177.1220","2.7743","42.1292"
"177.1420","2.7743","42.0190"
"177.1620","2.7743","42.0363"
"177.1820","2.7743","42.1101"
"177.2020","2.7743","42.1799"
"177.2220","2.7743","42.2111"
"177.2420","2.7743","42.1290"
"177.2620","2.7743","42.0794"
"177.2820","2.7743","42.0450"
"177.3020","2.7743","42.0680"
"177.3220","2.7743","42.0545"
"177.3420","2.7743","42.1394"
"177.3620","2.7743","42.1323"
"177.3820","2.7743","42.1545"
"177.4020","2.7743","42.1634"
"177.4220","2.7743","42.1052"
"177.4420","2.7743","42.1195"
"177.4620","2.7743","42.0925"
"177.4820","2.7743","42.1136"
"177.5020","2.7743","42.0903"
"177.5220","2.7743","42.0713"
"177.5420","2.7743","42.0784"
"177.5620","2.7743","42.0576"
"177.5820","2.7743","42.0249"
"177.6020","2.7743","42.0077"
"177.6220","2.7743","42.0243"
"177.6420","2.7743","42.0949"
"177.6620","2.7743","42.0947"
"177.6820","2.7743","42.0263"
"177.7020","2.7743","42.0254"
"177.7220","2.7743","41.9756"
"177.7420","2.7743","42.0456"
"177.7620","2.7743","42.0894"
"177.7820","2.7743","42.0861"
"177.8020","2.7743","42.0027"
"177.8220","2.7743","42.0275"
"177.8420","2.7743","42.1008"
"177.8620","2.7743","42.0432"
"177.8820","2.7743","42.0415"
"177.9020","2.7743","42.0630"
"177.9220","2.7743","42.0658"
"177.9420","2.7743","42.0241"
"177.9620","2.7743","42.0302"
"177.9820","2.7743","41.9670"
"178.0020","2.7743","42.0245"
"178.0220","2.7743","41.9803"
"178.0420","2.7743","42.0168"
"178.0620","2.7743","41.9839"
"178.0820","2.7743","41.9573"
"178.1020","2.7743","42.0234"
"178.1220","2.7743","42.0917"
"178.1420","2.7743","42.1216"
"178.1620","2.7743","42.1309"
"178.1820","2.7743","42.0649"
"178.2020","2.7743","42.0890"
"178.2220","2.7743","42.0478"
"178.2420","2.7743","41.9955"
"178.2620","2.7743","41.9588"
"178.2820","2.7743","41.9614"
"178.3020","2.7743","41.9551"
"178.3220","2.7743","42.0379"
"178.3420","2.7743","42.0653"
"178.3620","2.7743","42.0338"
"178.3820","2.7743","41.9301"
"178.4020","2.7743","41.9678"
"178.4220","2.7743","41.9612"
"178.4420","2.7743","41.9884"
"178.4620","2.7743","42.0290"
"178.4820","2.7743","42.0054"
"178.5020","2.7743","42.0498"
"178.5220","2.7743","41.9940"
"178.5420","2.7743","41.9692"
"178.5620","2.7743","41.9760"
"178.5820","2.7743","42.0352"
"178.6020","2.7743","42.0702"
"178.6220","2.7743","42.0862"
"178.6420","2.7743","42.1914"
"178.6620","2.7743","42.1215"
"178.6820","2.7743","41.9585"
"178.7020","2.7743","42.0390"
"178.7220","2.7743","42.0709"
"178.7420","2.7743","42.0456"
"178.7620","2.7743","42.0361"
"178.7820","2.7743","42.0274"
"178.8020","2.7743","42.0426"
"178.8220","2.7743","42.0373"
"178.8420","2.7743","42.0249"
"178.8620","2.7743","42.0367"
"178.8820","2.7743","42.0800"
"178.9020","2.7743","42.0933"
"178.9220","2.7743","42.0658"
"178.9420","2.7743","42.0410"
"178.9620","2.7743","42.0477"
"178.9820","2.7743","41.9816"
"179.0020","2.7743","42.0432"
"179.0220","2.7743","42.0602"
"179.0420","2.7743","42.0583"
"179.0620","2.7743","42.0329"
"179.0820","2.7743","41.9829"
"179.1020","2.7743","42.0686"
"179.1220","2.7743","42.0392"
"179.1420","2.7743","42.0626"
"179.1620","2.7743","41.9993"
"179.1820","2.7743","41.9685"
"179.2020","2.7743","42.0388"
"179.2220","2.7743","42.0688"
"179.2420","2.7743","42.0100"
"179.2620","2.7743","41.9918"
"179.2820","2.7743","41.9971"
"179.3020","2.7743","42.0556"
"179.3220","2.7743","42.0238"
"179.3420","2.7743","42.0163"
"179.3620","2.7743","41.9546"
"179.3820","2.7743","41.9889"
"179.4020","2.7743","41.9694"
"179.4220","2.7743","41.9078"
"179.4420","2.7743","41.9554"
"179.4620","2.7743","41.9831"
"179.4820","2.7743","42.0025"
"179.5020","2.7743","41.9930"
"179.5220","2.7743","42.0426"
"179.5420","2.7743","42.0226"
"179.5620","2.7743","42.0223"
"179.5820","2.7743","41.9759"
"179.6020","2.7743","42.0328"
"179.6220","2.7743","42.1004"
"179.6420","2.7743","41.9827"
"179.6620","2.7743","41.9866"
"179.6820","2.7743","42.0724"
"179.7020","2.7743","42.0811"
"179.7220","2.7743","42.0013"
"179.7420","2.7743","42.0140"
"179.7620","2.7743","41.9455"
"179.7820","2.7743","41.9766"
"179.8020","2.7743","42.0022"
"179.8220","2.7743","41.9521"
"179.8420","2.7743","41.9715"
"179.8620","2.7743","41.9766"
"179.8820","2.7743","41.9440"
"179.9020","2.7743","41.9219"
"179.9220","2.7743","41.9644"
"179.9420","2.7743","41.9548"
"179.9620","2.7743","41.9962"
"179.9820","2.7743","42.0230"
"180.0020","2.7743","41.9994"
"180.0220","2.7743","41.9709"
"180.0420","2.7743","41.9901"
"180.0620","2.7743","41.9718"
"180.0820","2.7743","41.8896"
"180.1020","2.7743","41.9102"
"180.1220","2.7743","42.0417"
"180.1420","2.7743","42.0837"
"180.1620","2.7743","42.0212"
"180.1820","2.7743","41.9325"
"180.2020","2.7743","41.8770"
"180.2220","2.7743","41.9290"
"180.2420","2.7743","41.9884"
"180.2620","2.7743","42.0764"
"180.2820","2.7743","41.9697"
"180.3020","2.7743","41.8948"
"180.3220","2.7743","41.9493"
"180.3420","2.7743","41.9577"
"180.3620","2.7743","41.9634"
"180.3820","2.7743","42.0533"
"180.4020","2.7743","41.9213"
"180.4220","2.7743","41.8031"
"180.4420","2.7743","41.7976"
"180.4620","2.7743","41.7910"
"180.4820","2.7743","41.7406"
"180.5020","2.7743","41.7313"
"180.5220","2.7743","41.9353"
"180.5420","2.7743","42.0190"
"180.5620","2.7743","42.0005"
"180.5820","2.7743","42.0112"
"180.6020","2.7743","41.9775"
"180.6220","2.7743","41.9637"
"180.6420","2.7743","41.9757"
"180.6620","2.7743","41.8997"
"180.6820","2.7743","41.7680"
"180.7020","2.7743","41.7916"
"180.7220","2.7743","41.8038"
"180.7420","2.7743","41.7846"
"180.7620","2.7743","41.9158"
"180.7820","2.7743","42.0148"
"180.8020","2.7743","42.0281"
"180.8220","2.7743","42.0145"
"180.8420","2.7743","41.9488"
"180.8620","2.7743","41.9049"
"180.8820","2.7743","41.8451"
"180.9020","2.7743","41.8519"
"180.9220","2.7743","41.8854"
"180.9420","2.7743","41.9461"
"180.9620","2.7743","41.9528"
"180.9820","2.7743","41.8545"
"181.0020","2.7743","41.9440"
"181.0220","2.7743","41.9478"
"181.0420","2.7743","41.9668"
"181.0620","2.7743","41.9097"
"181.0820","2.7743","41.8915"
"181.1020","2.7743","41.8991"
"181.1220","2.7743","41.9826"
"181.1420","2.7743","41.9934"
"181.1620","2.7743","41.9708"
"181.1820","2.7743","41.8840"
"181.2020","2.7743","41.8307"
"181.2220","2.7743","41.8078"
"181.2420","2.7743","41.9646"
"181.2620","2.7743","42.0389"
"181.2820","2.7743","41.9723"
"181.3020","2.7743","41.8981"
"181.3220","2.7743","41.8648"
"181.3420","2.7743","41.9382"
"181.3620","2.7743","41.8787"
"181.3820","2.7743","41.8237"
"181.4020","2.7743","41.8676"
"181.4220","2.7743","41.8859"
"181.4420","2.7743","41.9030"
"181.4620","2.7743","41.8777"
"181.4660","2.7743","41.8638"
"181.4670","2.7743","41.8627"
"181.4870","2.7743","41.8337"
"181.5070","2.7743","41.7813"
"181.5270","2.7743","41.8482"
"181.5470","2.7743","41.8821"
"181.5670","2.7744","41.9337"
"181.5870","2.7744","41.9977"
"181.6070","2.7745","41.9669"
"181.6270","2.7747","41.9203"
"181.6470","2.7748","41.8919"
"181.6670","2.7748","41.8222"
"181.6870","2.7747","41.8823"
"181.7070","2.7748","41.9561"
"181.7270","2.7749","41.9359"
"181.7470","2.7751","41.8253"
"181.7670","2.7755","41.8299"
"181.7870","2.7760","41.9094"
"181.8070","2.7767","41.9522"
"181.8270","2.7774","41.9662"
"181.8470","2.7779","41.8547"
"181.8670","2.7783","41.8957"
"181.8870","2.7787","41.9458"
"181.9070","2.7790","41.9245"
"181.9270","2.7795","41.9263"
"181.9470","2.7799","42.0221"
"181.9670","2.7803","41.9593"
"181.9870","2.7806","41.9456"
"182.0070","2.7808","41.9549"
"182.0270","2.7811","42.0009"
"182.0470","2.7815","41.9950"
"182.0670","2.7818","42.0444"
"182.0870","2.7821","42.0234"
"182.1070","2.7822","42.0755"
"182.1270","2.7822","42.1010"
"182.1470","2.7821","42.1499"
"182.1670","2.7819","42.1148"
"182.1870","2.7817","41.9999"
"182.2070","2.7813","41.9991"
"182.2270","2.7809","42.0593"
"182.2470","2.7807","41.9799"
"182.2670","2.7805","41.9894"
"182.2870","2.7804","42.0102"
"182.3070","2.7801","42.0108"
"182.3270","2.7799","42.0460"
"182.3470","2.7796","42.0673"
"182.3670","2.7792","42.0324"
"182.3870","2.7789","41.9891"
"182.4070","2.7785","41.9705"
"182.4270","2.7781","42.0197"
"182.4470","2.7777","41.9154"
"182.4670","2.7774","41.8703"
"182.4870","2.7771","41.8321"
"182.5070","2.7768","41.8496"
"182.5270","2.7764","41.8719"
"182.5470","2.7761","41.8942"
"182.5670","2.7756","41.9190"
"182.5870","2.7752","41.8224"
"182.6070","2.7748","41.8431"
"182.6270","2.7745","41.8994"
"182.6470","2.7742","41.8675"
"182.6670","2.7739","41.7895"
"182.6870","2.7735","41.8466"
"182.7070","2.7732","41.8286"
"182.7270","2.7728","41.8164"
"182.7470","2.7724","41.8108"
"182.7670","2.7721","41.8394"
"182.7870","2.7718","41.7512"
"182.8070","2.7715","41.6128"
"182.8270","2.7712","41.6875"
"182.8470","2.7709","41.7717"
"182.8670","2.7705","41.7635"
"182.8870","2.7700","41.7011"
"182.9070","2.7695","41.6431"
"182.9270","2.7691","41.6013"
"182.9470","2.7689","41.5987"
"182.9670","2.7686","41.6305"
"182.9870","2.7684","41.6538"
"183.0070","2.7681","41.6449"
"183.0270","2.7678","41.6903"
"183.0470","2.7674","41.6724"
"183.0670","2.7670","41.6741"
"183.0870","2.7666","41.6479"
"183.1070","2.7662","41.5996"
"183.1270","2.7659","41.5564"
"183.1470","2.7656","41.5913"
"183.1670","2.7654","41.6262"
"183.1870","2.7650","41.6894"
"183.2070","2.7647","41.6490"
"183.2270","2.7643","41.6259"
"183.2470","2.7638","41.5496"
"183.2670","2.7634","41.4138"
"183.2870","2.7631","41.4912"
"183.3070","2.7628","41.5390"
"183.3270","2.7626","41.6002"
"183.3470","2.7623","41.5923"
"183.3670","2.7620","41.5689"
"183.3870","2.7617","41.5270"
"183.4070","2.7613","41.4721"
"183.4270","2.7609","41.4720"
"183.4470","2.7606","41.4826"
"183.4670","2.7604","41.4799"
"183.4870","2.7601","41.4805"
"183.5070","2.7598","41.4409"
"183.5270","2.7595","41.4239"
"183.5470","2.7591","41.4001"
"183.5670","2.7586","41.3692"
"183.5870","2.7582","41.3384"
"183.6070","2.7578","41.3683"
"183.6270","2.7575","41.4384"
"183.6470","2.7573","41.4423"
"183.6670","2.7571","41.4208"
"183.6870","2.7568","41.4717"
"183.7070","2.7565","41.4212"
"183.7270","2.7562","41.4170"
"183.7470","2.7558","41.4021"
"183.7670","2.7554","41.3852"
"183.7870","2.7550","41.2589"
"183.8070","2.7546","41.2875"
"183.8270","2.7544","41.1993"
"183.8470","2.7541","41.1912"
"183.8670","2.7538","41.2250"
"183.8870","2.7535","41.1845"
"183.9070","2.7531","41.2785"
"183.9270","2.7527","41.3594"
"183.9470","2.7522","41.2600"
"183.9670","2.7518","41.2330"
"183.9870","2.7515","41.2404"
"184.0070","2.7513","41.2527"
"184.0270","2.7510","41.2219"
"184.0470","2.7507","41.1295"
"184.0670","2.7504","41.1071"
"184.0870","2.7500","41.1171"
"184.1070","2.7497","41.1958"
"184.1270","2.7493","41.2108"
"184.1470","2.7490","41.1650"
"184.1670","2.7487","41.1096"
"184.1870","2.7485","41.0626"
"184.2070","2.7481","41.0620"
"184.2270","2.7478","41.0777"
"184.2470","2.7473","41.0902"
"184.2670","2.7469","41.1672"
"184.2870","2.7465","41.1003"
"184.3070","2.7461","41.0716"
"184.3270","2.7459","41.1824"
"184.3470","2.7457","41.2084"
"184.3670","2.7454","41.0626"
"184.3870","2.7452","40.9829"
"184.4070","2.7448","41.0779"
"184.4270","2.7445","41.0860"
"184.4470","2.7441","41.0652"
"184.4670","2.7437","41.1130"
"184.4870","2.7433","41.0919"
"184.5070","2.7430","41.0450"
"184.5270","2.7428","41.0495"
"184.5470","2.7425","40.9972"
"184.5670","2.7422","40.9570"
"184.5870","2.7418","40.9751"
"184.6070","2.7414","40.9984"
"184.6270","2.7409","41.0474"
"184.6470","2.7405","40.9895"
"184.6670","2.7401","40.9830"
"184.6870","2.7398","41.0008"
"184.7070","2.7396","40.9732"
"184.7270","2.7393","41.0051"
"184.7470","2.7390","41.0105"
"184.7670","2.7387","41.0233"
"184.7870","2.7383","40.9913"
"184.8070","2.7380","40.9279"
"184.8270","2.7377","40.8322"
"184.8470","2.7374","40.8847"
"184.8670","2.7371","40.8729"
"184.8870","2.7368","40.8766"
"184.9070","2.7365","40.8966"
"184.9270","2.7361","40.9167"
"184.9470","2.7356","40.8753"
"184.9670","2.7352","40.8376"
"184.9870","2.7348","40.7865"
"185.0070","2.7345","40.7915"
"185.0270","2.7343","40.7958"
"185.0470","2.7341","40.7952"
"185.0670","2.7338","40.8614"
"185.0870","2.7335","40.8596"
"185.1070","2.7332","40.8418"
"185.1270","2.7328","40.8298"
"185.1470","2.7324","40.7880"
"185.1670","2.7320","40.7966"
"185.1870","2.7317","40.7598"
"185.2070","2.7314","40.7558"
"185.2270","2.7311","40.7443"
"185.2470","2.7308","40.7508"
"185.2670","2.7305","40.7636"
"185.2870","2.7301","40.8107"
"185.3070","2.7296","40.7569"
"185.3270","2.7292","40.7039"
"185.3470","2.7288","40.6716"
"185.3670","2.7285","40.6329"
"185.3870","2.7282","40.6024"
"185.4070","2.7280","40.5739"
"185.4270","2.7277","40.6384"
"185.4470","2.7274","40.6769"
"185.4670","2.7270","40.6322"
"185.4870","2.7266","40.5479"
"185.5070","2.7263","40.5578"
"185.5270","2.7260","40.6139"
"185.5470","2.7258","40.6419"
"185.5670","2.7255","40.5782"
"185.5870","2.7252","40.6080"
"185.6070","2.7248","40.5491"
"185.6270","2.7244","40.6193"
"185.6470","2.7239","40.5847"
"185.6670","2.7235","40.5546"
"185.6870","2.7231","40.5515"
"185.7070","2.7229","40.5877"
"185.7270","2.7227","40.5721"
"185.7470","2.7224","40.5829"
"185.7670","2.7221","40.6197"
"185.7870","2.7218","40.5637"
"185.8070","2.7214","40.5153"
"185.8270","2.7210","40.3967"
"185.8470","2.7206","40.3827"
"185.8670","2.7203","40.4154"
"185.8870","2.7200","40.4472"
"185.9070","2.7198","40.5421"
"185.9270","2.7195","40.5220"
"185.9470","2.7192","40.4526"
"185.9670","2.7188","40.4693"
"185.9870","2.7184","40.4927"
"186.0070","2.7179","40.5611"
"186.0270","2.7175","40.5062"
"186.0470","2.7172","40.4600"
"186.0670","2.7169","40.4717"
"186.0870","2.7166","40.4520"
"186.1070","2.7163","40.4684"
"186.1270","2.7160","40.4619"
"186.1470","2.7157","40.4022"
"186.1670","2.7153","40.4222"
"186.1870","2.7150","40.4059"
"186.2070","2.7147","40.4099"
"186.2270","2.7144","40.4385"
"186.2470","2.7141","40.3940"
"186.2670","2.7138","40.2784"
"186.2870","2.7135","40.3141"
"186.3070","2.7131","40.3852"
"186.3270","2.7126","40.4025"
"186.3470","2.7122","40.3587"
"186.3670","2.7118","40.3045"
"186.3870","2.7115","40.2628"
"186.4070","2.7113","40.2359"
"186.4270","2.7111","40.1929"
"186.4470","2.7108","40.2057"
"186.4670","2.7105","40.2053"
"186.4870","2.7101","40.2837"
"186.5070","2.7098","40.3361"
"186.5270","2.7094","40.2788"
"186.5470","2.7090","40.3253"
"186.5670","2.7087","40.3252"
"186.5870","2.7084","40.2965"
"186.6070","2.7081","40.2055"
"186.6270","2.7079","40.1978"
"186.6470","2.7075","40.2507"
"186.6670","2.7071","40.3101"
"186.6870","2.7067","40.2261"
"186.7070","2.7063","40.2731"
"186.7270","2.7059","40.2229"
"186.7470","2.7056","40.1504"
"186.7670","2.7053","40.0766"
"186.7870","2.7050","40.0844"
"186.8070","2.7047","40.0717"
"186.8270","2.7043","40.1118"
"186.8470","2.7040","40.1491"
"186.8670","2.7036","40.1056"
"186.8870","2.7033","40.0829"
"186.9070","2.7030","40.0059"
"186.9270","2.7028","40.0593"
"186.9470","2.7025","40.0886"
"186.9670","2.7022","40.1312"
"186.9870","2.7018","40.1844"
"187.0070","2.7014","40.1524"
"187.0270","2.7009","40.1225"
"187.0470","2.7005","40.1368"
"187.0670","2.7001","40.0403"
"187.0870","2.6999","40.0660"
"187.1070","2.6997","40.0995"
"187.1270","2.6994","40.0027"
"187.1470","2.6992","40.0282"
"187.1670","2.6988","40.0805"
"187.1870","2.6985","40.0627"
"187.2070","2.6981","40.0004"
"187.2270","2.6977","40.0373"
"187.2470","2.6974","40.0608"
"187.2670","2.6971","40.0328"
"187.2870","2.6968","39.9862"
"187.3070","2.6965","40.0401"
"187.3270","2.6962","39.9419"
"187.3470","2.6958","39.8705"
"187.3670","2.6954","39.9782"
"187.3870","2.6950","39.9811"
"187.4070","2.6945","39.9726"
"187.4270","2.6942","39.8839"
"187.4470","2.6939","39.9538"
"187.4670","2.6936","39.9156"
"187.4870","2.6933","39.9275"
"187.5070","2.6930","39.9179"
"187.5270","2.6926","39.8082"
"187.5470","2.6923","39.7651"
"187.5670","2.6920","39.8382"
"187.5870","2.6917","39.7996"
"187.6070","2.6914","39.8194"
"187.6270","2.6912","39.7941"
"187.6470","2.6909","39.8062"
"187.6670","2.6905","39.8509"
"187.6870","2.6901","39.8071"
"187.7070","2.6896","39.7865"
"187.7270","2.6891","39.7599"
"187.7470","2.6888","39.7201"
"187.7670","2.6885","39.7389"
"187.7870","2.6883","39.7295"
"187.8070","2.6881","39.6963"
"187.8270","2.6878","39.6883"
"187.8470","2.6875","39.8117"
"187.8670","2.6871","39.8433"
"187.8870","2.6867","39.7400"
"187.9070","2.6863","39.7409"
"187.9270","2.6860","39.7064"
"187.9470","2.6857","39.6719"
"187.9670","2.6854","39.7183"
"187.9870","2.6851","39.7812"
"188.0070","2.6848","39.7699"
"188.0270","2.6845","39.8124"
"188.0470","2.6841","39.8103"
"188.0670","2.6837","39.7912"
"188.0870","2.6833","39.7628"
"188.1070","2.6829","39.6893"
"188.1270","2.6825","39.7220"
"188.1470","2.6823","39.7429"
"188.1670","2.6820","39.7080"
"188.1870","2.6816","39.6751"
"188.2070","2.6813","39.6489"
"188.2270","2.6809","39.6686"
"188.2470","2.6806","39.6344"
"188.2670","2.6803","39.5630"
"188.2870","2.6800","39.6201"
"188.3070","2.6798","39.6444"
"188.3270","2.6795","39.6380"
"188.3470","2.6792","39.5355"
"188.3670","2.6788","39.5888"
"188.3870","2.6783","39.6179"
"188.4070","2.6778","39.5484"
"188.4270","2.6774","39.5558"
"188.4470","2.6771","39.5679"
"188.4670","2.6769","39.5038"
"188.4870","2.6767","39.4968"
"188.5070","2.6764","39.4725"
"188.5270","2.6761","39.4998"
"188.5470","2.6758","39.4610"
"188.5670","2.6754","39.4366"
"188.5870","2.6750","39.4971"
"188.6070","2.6747","39.5909"
"188.6270","2.6743","39.5636"
"188.6470","2.6741","39.4738"
"188.6670","2.6738","39.4524"
"188.6870","2.6735","39.4833"
"188.7070","2.6732","39.4241"
"188.7270","2.6728","39.4298"
"188.7470","2.6724","39.4365"
"188.7670","2.6720","39.4071"
"188.7870","2.6716","39.3687"
"188.8070","2.6712","39.3326"
"188.8270","2.6709","39.3316"
"188.8470","2.6706","39.3719"
"188.8670","2.6703","39.3923"
"188.8870","2.6700","39.4611"
"188.9070","2.6696","39.4397"
"188.9270","2.6693","39.4162"
"188.9470","2.6690","39.3768"
"188.9670","2.6687","39.3392"
"188.9870","2.6684","39.3179"
"189.0070","2.6682","39.3585"
"189.0270","2.6678","39.3765"
"189.0470","2.6675","39.4226"
"189.0670","2.6670","39.4312"
"189.0870","2.6666","39.3839"
"189.1070","2.6661","39.3361"
"189.1270","2.6658","39.2491"
"189.1470","2.6655","39.2170"
"189.1670","2.6653","39.2183"
"189.1870","2.6651","39.2834"
"189.2070","2.6648","39.2457"
"189.2270","2.6645","39.2199"
"189.2470","2.6641","39.2637"
"189.2670","2.6637","39.2748"
"189.2870","2.6633","39.2055"
"189.3070","2.6630","39.2570"
"189.3270","2.6627","39.3656"
"189.3470","2.6625","39.3803"
"189.3670","2.6622","39.3614"
"189.3870","2.6619","39.2821"
"189.4070","2.6615","39.1999"
"189.4270","2.6611","39.1388"
"189.4470","2.6607","39.1236"
"189.4670","2.6603","39.1872"
"189.4870","2.6599","39.2250"
"189.5070","2.6596","39.1602"
"189.5270","2.6593","39.1600"
"189.5470","2.6590","39.2150"
"189.5670","2.6587","39.1501"
"189.5870","2.6583","39.1283"
"189.6070","2.6579","39.1406"
"189.6270","2.6576","39.1057"
"189.6470","2.6573","39.1046"
"189.6670","2.6571","39.1315"
"189.6870","2.6568","39.0789"
"189.7070","2.6565","39.0551"
"189.7270","2.6562","39.0061"
"189.7470","2.6558","38.9932"
"189.7670","2.6553","39.0305"
"189.7870","2.6548","39.0654"
"189.8070","2.6544","39.1653"
"189.8270","2.6542","39.0807"
"189.8470","2.6539","39.0338"
"189.8670","2.6537","39.0844"
"189.8870","2.6535","39.0432"
"189.9070","2.6532","39.0092"
"189.9270","2.6528","39.0618"
"189.9470","2.6524","39.1179"
"189.9670","2.6520","39.0287"
"189.9870","2.6517","38.9845"
"190.0070","2.6514","38.9158"
"190.0270","2.6511","38.8622"
"190.0470","2.6508","38.9482"
"190.0670","2.6505","39.0644"
"190.0870","2.6502","39.0661"
"190.1070","2.6498","38.9871"
"190.1270","2.6494","38.9699"
"190.1470","2.6489","38.8780"
"190.1670","2.6485","38.8722"
"190.1870","2.6482","38.8514"
"190.2070","2.6479","38.8497"
"190.2270","2.6476","38.8131"
"190.2470","2.6473","38.8329"
"190.2670","2.6470","38.7664"
"190.2870","2.6466","38.8443"
"190.3070","2.6463","38.9394"
"190.3270","2.6460","39.0315"
"190.3470","2.6457","38.9744"
"190.3670","2.6454","38.9612"
"190.3870","2.6452","38.9694"
"190.4070","2.6448","38.8503"
"190.4270","2.6445","38.8338"
"190.4470","2.6440","38.8502"
"190.4670","2.6435","38.8140"
"190.4870","2.6431","38.8937"
"190.5070","2.6428","38.8193"
"190.5270","2.6425","38.8563"
"190.5470","2.6423","38.8649"
"190.5670","2.6421","38.8874"
"190.5870","2.6418","38.8248"
"190.6070","2.6415","38.7931"
"190.6270","2.6411","38.7659"
"190.6470","2.6407","38.7573"
"190.6670","2.6403","38.7844"
"190.6870","2.6400","38.7248"
"190.7070","2.6397","38.7200"
"190.7270","2.6394","38.7858"
"190.7470","2.6392","38.7560"
"190.7670","2.6388","38.6378"
"190.7870","2.6385","38.7204"
"190.8070","2.6381","38.7391"
"190.8270","2.6376","38.6708"
"190.8470","2.6372","38.6625"
"190.8670","2.6369","38.6338"
"190.8870","2.6366","38.5752"
"190.9070","2.6363","38.6064"
"190.9270","2.6360","38.6916"
"190.9470","2.6357","38.7337"
"190.9670","2.6353","38.7134"
"190.9870","2.6350","38.7525"
"191.0070","2.6346","38.6753"
"191.0270","2.6343","38.6608"
"191.0470","2.6341","38.5659"
"191.0670","2.6338","38.5912"
"191.0870","2.6335","38.6619"
"191.1070","2.6331","38.6296"
"191.1270","2.6327","38.6243"
"191.1470","2.6323","38.6111"
"191.1670","2.6318","38.5906"
"191.1870","2.6314","38.5953"
"191.2070","2.6312","38.6008"
"191.2270","2.6310","38.5932"
"191.2470","2.6307","38.6111"
"191.2670","2.6305","38.5719"
"191.2870","2.6301","38.5103"
"191.3070","2.6298","38.5035"
"191.3270","2.6294","38.5595"
"191.3470","2.6290","38.5338"
"191.3670","2.6286","38.4875"
"191.3870","2.6283","38.5095"
"191.4070","2.6281","38.5799"
"191.4270","2.6278","38.6205"
"191.4470","2.6275","38.5803"
"191.4670","2.6271","38.5296"
"191.4870","2.6267","38.5453"
"191.5070","2.6263","38.5845"
"191.5270","2.6259","38.5592"
"191.5470","2.6255","38.4841"
"191.5670","2.6252","38.4174"
"191.5870","2.6249","38.4876"
"191.6070","2.6247","38.5530"
"191.6270","2.6244","38.5084"
"191.6470","2.6240","38.4480"
"191.6670","2.6237","38.3960"
"191.6870","2.6233","38.4050"
"191.7070","2.6230","38.3630"
"191.7270","2.6227","38.3371"
"191.7470","2.6225","38.3503"
"191.7670","2.6222","38.3961"
"191.7870","2.6218","38.5013"
"191.8070","2.6214","38.5117"
"191.8270","2.6210","38.4781"
"191.8470","2.6205","38.4111"
"191.8670","2.6201","38.3589"
"191.8870","2.6198","38.3973"
"191.9070","2.6196","38.3006"
"191.9270","2.6194","38.3286"
"191.9470","2.6191","38.3074"
"191.9670","2.6188","38.3786"
"191.9870","2.6185","38.4361"
"192.0070","2.6181","38.3711"
"192.0270","2.6177","38.3181"
"192.0470","2.6173","38.2607"
"192.0670","2.6170","38.2633"
"192.0870","2.6167","38.2255"
"192.1070","2.6164","38.2869"
"192.1270","2.6161","38.2902"
"192.1470","2.6158","38.2591"
"192.1670","2.6154","38.2172"
"192.1870","2.6150","38.2296"
"192.2070","2.6146","38.2531"
"192.2270","2.6142","38.2399"
"192.2470","2.6138","38.2322"
"192.2670","2.6135","38.2085"
"192.2870","2.6133","38.1877"
"192.3070","2.6130","38.1746"
"192.3270","2.6127","38.1447"
"192.3470","2.6123","38.1291"
"192.3670","2.6120","38.1035"
"192.3870","2.6116","38.1313"
"192.4070","2.6114","38.1117"
"192.4270","2.6111","38.1628"
"192.4470","2.6108","38.1351"
"192.4670","2.6105","38.1389"
"192.4870","2.6101","38.1655"
"192.5070","2.6097","38.1271"
"192.5270","2.6092","38.1805"
"192.5470","2.6087","38.1815"
"192.5670","2.6084","38.1801"
"192.5870","2.6082","38.0630"
"192.6070","2.6080","38.0295"
"192.6270","2.6078","38.0533"
"192.6470","2.6075","38.0561"
"192.6670","2.6072","38.0849"
"192.6870","2.6068","38.1093"
"192.7070","2.6064","38.1101"
"192.7270","2.6060","38.0594"
"192.7470","2.6056","38.1001"
"192.7670","2.6053","38.1605"
"192.7870","2.6051","38.1036"
"192.8070","2.6048","38.0679"
"192.8270","2.6045","38.0829"
"192.8470","2.6041","38.0409"
"192.8670","2.6037","38.0366"
"192.8870","2.6033","38.0744"
"192.9070","2.6029","38.0119"
"192.9270","2.6025","38.0048"
"192.9470","2.6022","38.0148"
"192.9670","2.6019","38.0139"
"192.9870","2.6017","38.0157"
"193.0070","2.6014","38.0338"
"193.0270","2.6010","38.0150"
"193.0470","2.6007","38.0057"
"193.0670","2.6003","37.9556"
"193.0870","2.6000","37.9818"
"193.1070","2.5998","37.9598"
"193.1270","2.5995","37.9249"
"193.1470","2.5992","37.9170"
"193.1670","2.5989","37.9285"
"193.1870","2.5985","37.9173"
"193.2070","2.5980","37.8620"
"193.2270","2.5975","37.8717"
"193.2470","2.5971","37.9447"
"193.2670","2.5968","37.9154"
"193.2870","2.5966","37.8219"
"193.3070","2.5964","37.7719"
"193.3270","2.5961","37.8350"
"193.3470","2.5958","37.7662"
"193.3670","2.5955","37.8339"
"193.3870","2.5951","37.8934"
"193.4070","2.5947","37.8872"
"193.4270","2.5943","37.7863"
"193.4470","2.5940","37.7461"
"193.4670","2.5937","37.7811"
"193.4870","2.5934","37.8077"
"193.5070","2.5931","37.7903"
"193.5270","2.5928","37.8073"
"193.5470","2.5924","37.8443"
"193.5670","2.5920","37.8176"
"193.5870","2.5916","37.7206"
"193.6070","2.5912","37.7590"
"193.6270","2.5909","37.7827"
"193.6470","2.5906","37.7433"
"193.6670","2.5903","37.6919"
"193.6870","2.5900","37.6981"
"193.7070","2.5897","37.6831"
"193.7270","2.5894","37.7135"
"193.7470","2.5890","37.7162"
"193.7670","2.5887","37.7236"
"193.7870","2.5884","37.7248"
"193.8070","2.5881","37.7372"
"193.8270","2.5878","37.7257"
"193.8470","2.5875","37.7079"
"193.8670","2.5871","37.6934"
"193.8870","2.5867","37.6944"
"193.9070","2.5862","37.6520"
"193.9270","2.5858","37.6410"
"193.9470","2.5854","37.6643"
"193.9670","2.5852","37.6226"
"193.9870","2.5850","37.7156"
"194.0070","2.5848","37.7429"
"194.0270","2.5845","37.6568"
"194.0470","2.5842","37.6332"
"194.0670","2.5838","37.5676"
"194.0870","2.5834","37.5994"
"194.1070","2.5830","37.6603"
"194.1270","2.5826","37.5233"
"194.1470","2.5823","37.4809"
"194.1670","2.5821","37.5089"
"194.1870","2.5818","37.6135"
"194.2070","2.5815","37.6439"
"194.2270","2.5811","37.6189"
"194.2470","2.5807","37.6267"
"194.2670","2.5803","37.5984"
"194.2870","2.5799","37.6335"
"194.3070","2.5795","37.5724"
"194.3270","2.5792","37.5273"
"194.3470","2.5790","37.5591"
"194.3670","2.5787","37.5894"
"194.3870","2.5784","37.5974"
"194.4070","2.5780","37.5670"
"194.4270","2.5777","37.5648"
"194.4470","2.5773","37.5360"
"194.4670","2.5770","37.5555"
"194.4870","2.5767","37.4735"
"194.5070","2.5765","37.4344"
"194.5270","2.5762","37.5026"
"194.5470","2.5759","37.4941"
"194.5670","2.5754","37.3855"
"194.5870","2.5750","37.3774"
"194.6070","2.5745","37.4762"
"194.6270","2.5741","37.4627"
"194.6470","2.5738","37.4591"
"194.6670","2.5736","37.3957"
"194.6870","2.5734","37.4093"
"194.7070","2.5731","37.4118"
"194.7270","2.5728","37.4247"
"194.7470","2.5725","37.3542"
"194.7670","2.5721","37.3600"
"194.7870","2.5717","37.4351"
"194.8070","2.5713","37.4922"
"194.8270","2.5710","37.4997"
"194.8470","2.5707","37.4099"
"194.8670","2.5704","37.3158"
"194.8870","2.5701","37.3271"
"194.9070","2.5698","37.3855"
"194.9270","2.5694","37.3682"
"194.9470","2.5690","37.3336"
"194.9670","2.5686","37.3291"
"194.9870","2.5682","37.3027"
"195.0070","2.5679","37.2565"
"195.0270","2.5676","37.2270"
"195.0470","2.5673","37.2497"
"195.0670","2.5670","37.2241"
"195.0870","2.5667","37.3194"
"195.1070","2.5663","37.2444"
"195.1270","2.5660","37.3047"
"195.1470","2.5656","37.3141"
"195.1670","2.5654","37.3087"
"195.1870","2.5651","37.2413"
"195.2070","2.5648","37.1802"
"195.2270","2.5645","37.1258"
"195.2470","2.5641","37.1519"
"195.2670","2.5637","37.2430"
"195.2870","2.5632","37.1785"
"195.3070","2.5628","37.2056"
"195.3270","2.5625","37.2484"
"195.3470","2.5622","37.1975"
"195.3670","2.5620","37.1519"
"195.3870","2.5618","37.2191"
"195.4070","2.5615","37.1916"
"195.4270","2.5611","37.1662"
"195.4470","2.5607","37.1885"
"195.4670","2.5603","37.0866"
"195.4870","2.5599","37.1216"
"195.5070","2.5596","37.0709"
"195.5270","2.5593","37.0497"
"195.5470","2.5591","36.9705"
"195.5670","2.5588","37.0285"
"195.5870","2.5585","37.1322"
"195.6070","2.5581","37.1823"
"195.6270","2.5577","37.2122"
"195.6470","2.5573","37.1525"
"195.6670","2.5569","37.1283"
"195.6870","2.5565","37.1289"
"195.7070","2.5562","37.1428"
"195.7270","2.5559","37.1171"
"195.7470","2.5556","37.1016"
"195.7670","2.5553","37.0429"
"195.7870","2.5550","37.0798"
"195.8070","2.5546","37.0471"
"195.8270","2.5543","36.9813"
"195.8470","2.5540","37.0061"
"195.8670","2.5537","37.0529"
"195.8870","2.5534","37.0049"
"195.9070","2.5532","36.9222"
"195.9270","2.5528","36.9404"
"195.9470","2.5524","36.9623"
"195.9670","2.5520","36.9847"
"195.9870","2.5515","37.0249"
"196.0070","2.5511","36.9630"
"196.0270","2.5508","36.9507"
"196.0470","2.5506","37.0167"
"196.0670","2.5504","37.0181"
"196.0870","2.5501","37.0498"
"196.1070","2.5498","37.0150"
"196.1270","2.5495","37.0042"
"196.1470","2.5491","36.9104"
"196.1670","2.5487","36.8726"
"196.1870","2.5483","36.9068"
"196.2070","2.5480","36.8533"
"196.2270","2.5477","36.9151"
"196.2470","2.5474","36.9837"
"196.2670","2.5471","36.9816"
"196.2870","2.5468","36.8943"
"196.3070","2.5464","36.8850"
"196.3270","2.5460","36.9154"
"196.3470","2.5456","36.8474"
"196.3670","2.5452","36.8814"
"196.3870","2.5449","36.8919"
"196.4070","2.5446","36.8541"
"196.4270","2.5443","36.8808"
"196.4470","2.5440","36.8597"
"196.4670","2.5437","36.8617"
"196.4870","2.5433","36.8148"
"196.5070","2.5430","36.7811"
"196.5270","2.5426","36.7485"
"196.5470","2.5424","36.7629"
"196.5670","2.5421","36.8563"
"196.5870","2.5418","36.8365"
"196.6070","2.5415","36.8414"
"196.6270","2.5412","36.8122"
"196.6470","2.5407","36.8044"
"196.6670","2.5403","36.8630"
"196.6870","2.5398","36.7251"
"196.7070","2.5395","36.6157"
"196.7270","2.5392","36.6538"
"196.7470","2.5390","36.7284"
"196.7670","2.5388","36.7014"
"196.7870","2.5385","36.6371"
"196.8070","2.5381","36.6096"
"196.8270","2.5378","36.6498"
"196.8470","2.5374","36.7344"
"196.8670","2.5370","36.8009"
"196.8870","2.5366","36.7728"
"196.9070","2.5363","36.8104"
"196.9270","2.5361","36.7095"
"196.9470","2.5358","36.6824"
"196.9670","2.5355","36.6586"
"196.9870","2.5351","36.6807"
"197.0070","2.5347","36.6474"
"197.0270","2.5343","36.7053"
"197.0470","2.5339","36.7005"
"197.0670","2.5335","36.6773"
"197.0870","2.5332","36.6801"
"197.1070","2.5330","36.7395"
"197.1270","2.5327","36.6465"
"197.1470","2.5324","36.5893"
"197.1670","2.5320","36.6340"
"197.1870","2.5317","36.5624"
"197.2070","2.5313","36.5275"
"197.2270","2.5310","36.6377"
"197.2470","2.5307","36.6552"
"197.2670","2.5305","36.6497"
"197.2870","2.5302","36.6282"
"197.3070","2.5298","36.5847"
"197.3270","2.5294","36.5614"
"197.3470","2.5290","36.4723"
"197.3670","2.5285","36.5210"
"197.3870","2.5282","36.6343"
"197.4070","2.5279","36.6188"
"197.4270","2.5276","36.5395"
"197.4470","2.5274","36.4481"
"197.4670","2.5271","36.4699"
"197.4870","2.5268","36.5124"
"197.5070","2.5265","36.5278"
"197.5270","2.5261","36.5415"
"197.5470","2.5257","36.5551"
"197.5670","2.5253","36.5523"
"197.5870","2.5250","36.4917"
"197.6070","2.5247","36.4706"
"197.6270","2.5244","36.5138"
"197.6470","2.5241","36.5097"
"197.6670","2.5238","36.5053"
"197.6870","2.5234","36.4213"
"197.7070","2.5230","36.4369"
"197.7270","2.5226","36.4108"
"197.7470","2.5222","36.4237"
"197.7670","2.5219","36.4811"
"197.7870","2.5216","36.3921"
"197.8070","2.5213","36.4043"
"197.8270","2.5210","36.3654"
"197.8470","2.5207","36.3551"
"197.8670","2.5204","36.4199"
"197.8870","2.5200","36.4252"
"197.9070","2.5197","36.3681"
"197.9270","2.5194","36.3527"
"197.9470","2.5191","36.3998"
"197.9670","2.5188","36.4222"
"197.9870","2.5185","36.3396"
"198.0070","2.5181","36.3329"
"198.0270","2.5177","36.2737"
"198.0470","2.5172","36.3445"
"198.0670","2.5168","36.3502"
"198.0870","2.5165","36.3486"
"198.1070","2.5163","36.2564"
"198.1270","2.5160","36.2876"
"198.1470","2.5158","36.2300"
"198.1670","2.5155","36.2989"
"198.1870","2.5152","36.2996"
"198.2070","2.5148","36.2328"
"198.2270","2.5144","36.2307"
"198.2470","2.5140","36.3535"
"198.2670","2.5136","36.3762"
"198.2870","2.5133","36.2948"
"198.3070","2.5131","36.2299"
"198.3270","2.5128","36.1728"
"198.3470","2.5124","36.1636"
"198.3670","2.5121","36.2393"
"198.3870","2.5117","36.1643"
"198.4070","2.5112","36.1744"
"198.4270","2.5108","36.2532"
"198.4470","2.5105","36.2871"
"198.4670","2.5102","36.2179"
"198.4870","2.5100","36.1199"
"198.5070","2.5097","36.1257"
"198.5270","2.5094","36.1386"
"198.5470","2.5090","36.1097"
"198.5670","2.5086","36.1557"
"198.5870","2.5083","36.0634"
"198.6070","2.5080","36.0986"
"198.6270","2.5077","36.1012"
"198.6470","2.5074","36.1044"
"198.6670","2.5071","36.0777"
"198.6870","2.5068","36.1350"
"198.7070","2.5064","36.0720"
"198.7270","2.5059","36.1445"
"198.7470","2.5055","36.0983"
"198.7670","2.5051","36.0566"
"198.7870","2.5049","36.0096"
"198.8070","2.5046","36.0613"
"198.8270","2.5044","36.0649"
"198.8470","2.5041","36.1058"
"198.8670","2.5038","36.0450"
"198.8870","2.5035","36.0079"
"198.9070","2.5031","35.9980"
"198.9270","2.5027","35.9236"
"198.9470","2.5023","35.9181"
"198.9670","2.5020","36.0428"
"198.9870","2.5014","36.0578"
"199.0070","2.4997","36.0108"
"199.0270","2.4971","35.9720"
"199.0470","2.4947","35.8958"
"199.0670","2.4920","35.8309"
"199.0870","2.4886","35.7413"
"199.1070","2.4847","35.6654"
"199.1270","2.4806","35.6789"
"199.1470","2.4769","35.6362"
"199.1670","2.4734","35.4980"
"199.1870","2.4701","35.4179"
"199.2070","2.4667","35.3457"
"199.2270","2.4634","35.3199"
"199.2470","2.4600","35.2150"
"199.2670","2.4566","35.1762"
"199.2870","2.4533","35.2113"
"199.3070","2.4500","35.0250"
"199.3270","2.4466","35.0231"
"199.3470","2.4432","34.9570"
"199.3670","2.4399","34.8512"
"199.3870","2.4366","34.7489"
"199.4070","2.4332","34.5875"
"199.4270","2.4299","34.6101"
"199.4470","2.4266","34.5471"
"199.4670","2.4232","34.4630"
"199.4870","2.4199","34.3630"
"199.5070","2.4166","34.3175"
"199.5270","2.4133","34.2489"
"199.5470","2.4099","34.2752"
"199.5670","2.4066","34.1817"
"199.5870","2.4033","34.0556"
"199.6070","2.3999","34.0108"
"199.6270","2.3966","33.9503"
"199.6470","2.3933","33.9550"
"199.6670","2.3900","33.9172"
"199.6870","2.3866","33.8209"
"199.7070","2.3833","33.7574"
"199.7270","2.3799","33.7581"
"199.7470","2.3766","33.6878"
"199.7670","2.3733","33.5523"
"199.7870","2.3701","33.4493"
"199.8070","2.3667","33.4505"
"199.8270","2.3632","33.3349"
"199.8470","2.3598","33.2599"
"199.8670","2.3565","33.1487"
"199.8870","2.3532","33.0522"
"199.9070","2.3499","33.0614"
"199.9270","2.3466","32.9033"
"199.9470","2.3433","32.9193"
"199.9670","2.3400","32.8900"
"199.9870","2.3367","32.8671"
"200.0070","2.3333","32.8149"
"200.0270","2.3300","32.7487"
"200.0470","2.3266","32.7025"
"200.0670","2.3232","32.5884"
"200.0870","2.3198","32.5186"
"200.1070","2.3165","32.4255"
"200.1270","2.3131","32.3831"
"200.1470","2.3098","32.3108"
"200.1670","2.3065","32.2969"
"200.1870","2.3032","32.3237"
"200.2070","2.2999","32.2619"
"200.2270","2.2966","32.1890"
"200.2470","2.2933","32.0490"
"200.2670","2.2900","31.9458"
"200.2870","2.2866","31.8683"
"200.3070","2.2832","31.8648"
"200.3270","2.2799","31.8303"
"200.3470","2.2766","31.6879"
"200.3670","2.2733","31.5613"
"200.3870","2.2700","31.4867"
"200.4070","2.2666","31.4463"
"200.4270","2.2633","31.4343"
"200.4470","2.2599","31.4165"
"200.4670","2.2566","31.3619"
"200.4870","2.2532","31.2697"
"200.5070","2.2498","31.2077"
"200.5270","2.2465","31.1207"
"200.5470","2.2432","31.0355"
"200.5670","2.2399","30.9285"
"200.5870","2.2366","30.8680"
"200.6070","2.2333","30.7995"
"200.6270","2.2299","30.8251"
"200.6470","2.2266","30.8345"
"200.6670","2.2233","30.7396"
"200.6870","2.2200","30.6400"
"200.7070","2.2166","30.6032"
"200.7270","2.2133","30.5492"
"200.7470","2.2100","30.4982"
"200.7670","2.2067","30.4485"
"200.7870","2.2033","30.2995"
"200.8070","2.2000","30.2222"
"200.8270","2.1966","30.1415"
"200.8470","2.1932","30.0082"
"200.8670","2.1898","29.9672"
"200.8870","2.1865","29.9766"
"200.9070","2.1831","29.9507"
"200.9270","2.1798","29.9331"
"200.9470","2.1765","29.7411"
"200.9670","2.1733","29.6270"
"200.9870","2.1699","29.5461"
"201.0070","2.1667","29.5484"
"201.0270","2.1634","29.5852"
"201.0470","2.1600","29.5232"
"201.0670","2.1567","29.4720"
"201.0870","2.1534","29.4541"
"201.1070","2.1500","29.3150"
"201.1270","2.1466","29.2583"
"201.1470","2.1432","29.1477"
"201.1670","2.1399","29.0855"
"201.1870","2.1365","29.0491"
"201.2070","2.1332","28.9639"
"201.2270","2.1298","28.8490"
"201.2470","2.1265","28.8386"
"201.2670","2.1232","28.8252"
"201.2870","2.1199","28.8429"
"201.3070","2.1166","28.7417"
"201.3270","2.1133","28.6261"
"201.3470","2.1100","28.5373"
"201.3670","2.1066","28.4631"
"201.3870","2.1033","28.4429"
"201.4070","2.0999","28.4630"
"201.4270","2.0966","28.3798"
"201.4470","2.0933","28.3013"
"201.4670","2.0899","28.2584"
"201.4870","2.0866","28.1766"
"201.5070","2.0833","28.1259"
"201.5270","2.0800","28.0221"
"201.5470","2.0766","27.9598"
"201.5670","2.0733","27.9237"
"201.5870","2.0699","27.8706"
"201.6070","2.0665","27.8839"
"201.6270","2.0632","27.7487"
"201.6470","2.0598","27.7077"
"201.6670","2.0565","27.5693"
"201.6870","2.0532","27.4624"
"201.7070","2.0499","27.3848"
"201.7270","2.0466","27.4521"
"201.7470","2.0433","27.4046"
"201.7670","2.0400","27.3429"
"201.7870","2.0366","27.2566"
"201.8070","2.0333","27.1897"
"201.8270","2.0300","27.1008"
"201.8470","2.0267","27.0476"
"201.8670","2.0233","26.9106"
"201.8870","2.0200","26.8000"
"201.9070","2.0166","26.8600"
"201.9270","2.0132","26.8698"
"201.9470","2.0098","26.7795"
"201.9670","2.0065","26.6998"
"201.9870","2.0032","26.5793"
"202.0070","1.9999","26.4808"
"202.0270","1.9966","26.3769"
"202.0470","1.9933","26.4490"
"202.0670","1.9900","26.4145"
"202.0870","1.9866","26.3452"
"202.1070","1.9833","26.2513"
"202.1270","1.9800","26.1264"
"202.1470","1.9767","26.0727"
"202.1670","1.9735","25.9622"
"202.1870","1.9701","25.9455"
"202.2070","1.9667","25.9041"
"202.2270","1.9633","25.9013"
"202.2470","1.9599","25.8223"
"202.2670","1.9565","25.7201"
"202.2870","1.9531","25.6867"
"202.3070","1.9498","25.6139"
"202.3270","1.9465","25.5355"
"202.3470","1.9432","25.3959"
"202.3670","1.9399","25.3747"
"202.3870","1.9366","25.3113"
"202.4070","1.9334","25.2099"
"202.4270","1.9300","25.1992"
"202.4470","1.9267","25.1600"
"202.4670","1.9233","25.0524"
"202.4870","1.9199","24.9752"
"202.5070","1.9166","25.0252"
"202.5270","1.9133","25.0403"
"202.5470","1.9099","24.9515"
"202.5670","1.9066","24.8721"
"202.5870","1.9033","24.8433"
"202.6070","1.9000","24.7153"
"202.6270","1.8966","24.6143"
"202.6470","1.8933","24.5950"
"202.6670","1.8899","24.5627"
"202.6870","1.8865","24.4880"
"202.7070","1.8832","24.3457"
"202.7270","1.8799","24.2614"
"202.7470","1.8766","24.2494"
"202.7670","1.8733","24.2377"
"202.7870","1.8700","24.2677"
"202.8070","1.8666","24.1440"
"202.8270","1.8633","24.0433"
"202.8470","1.8600","23.9728"
"202.8670","1.8566","24.0268"
"202.8870","1.8533","23.9295"
"202.9070","1.8500","23.8675"
"202.9270","1.8467","23.8063"
"202.9470","1.8433","23.7100"
"202.9670","1.8400","23.6142"
"202.9870","1.8365","23.5252"
"203.0070","1.8331","23.4858"
"203.0270","1.8298","23.3855"
"203.0470","1.8265","23.2980"
"203.0670","1.8231","23.2506"
"203.0870","1.8198","23.2450"
"203.1070","1.8165","23.2283"
"203.1270","1.8133","23.1947"
"203.1470","1.8100","23.1215"
"203.1670","1.8067","23.0238"
"203.1870","1.8033","22.9729"
"203.2070","1.8000","22.9253"
"203.2270","1.7967","22.9580"
"203.2470","1.7933","22.9097"
"203.2670","1.7899","22.8505"
"203.2870","1.7866","22.6928"
"203.3070","1.7832","22.6032"
"203.3270","1.7798","22.5612"
"203.3470","1.7765","22.5131"
"203.3670","1.7732","22.3787"
"203.3870","1.7698","22.3487"
"203.4070","1.7665","22.4227"
"203.4270","1.7633","22.3380"
"203.4470","1.7600","22.2225"
"203.4670","1.7566","22.1390"
"203.4870","1.7533","22.0674"
"203.5070","1.7500","22.0265"
"203.5270","1.7466","21.9458"
"203.5470","1.7433","21.8406"
"203.5670","1.7399","21.8082"
"203.5870","1.7366","21.7853"
"203.6070","1.7333","21.6927"
"203.6270","1.7300","21.6235"
"203.6470","1.7267","21.5977"
"203.6670","1.7233","21.6140"
"203.6870","1.7200","21.5642"
"203.7070","1.7166","21.4985"
"203.7270","1.7133","21.4253"
"203.7470","1.7099","21.4135"
"203.7670","1.7065","21.3214"
"203.7870","1.7032","21.2462"
"203.8070","1.6999","21.2366"
"203.8270","1.6966","21.2439"
"203.8470","1.6933","21.1495"
"203.8670","1.6899","21.0924"
"203.8870","1.6866","20.9661"
"203.9070","1.6833","20.8820"
"203.9270","1.6800","20.8799"
"203.9470","1.6767","20.8103"
"203.9670","1.6734","20.8003"
"203.9870","1.6700","20.7097"
"204.0070","1.6667","20.6399"
"204.0270","1.6633","20.4979"
"204.0470","1.6599","20.4320"
"204.0670","1.6565","20.4048"
"204.0870","1.6532","20.3591"
"204.1070","1.6498","20.3422"
"204.1270","1.6465","20.2610"
"204.1470","1.6431","20.1776"
"204.1670","1.6398","20.1249"
"204.1870","1.6365","20.1301"
"204.2070","1.6332","20.0718"
"204.2270","1.6300","19.9702"
"204.2470","1.6267","19.8796"
"204.2670","1.6234","19.8442"
"204.2870","1.6200","19.8042"
"204.3070","1.6166","19.7787"
"204.3270","1.6133","19.7307"
"204.3470","1.6099","19.5892"
"204.3670","1.6066","19.5396"
"204.3870","1.6032","19.5249"
"204.4070","1.5999","19.4881"
"204.4270","1.5965","19.4766"
"204.4470","1.5932","19.4266"
"204.4670","1.5898","19.3350"
"204.4870","1.5865","19.1948"
"204.5070","1.5832","19.0827"
"204.5270","1.5800","19.0177"
"204.5470","1.5767","19.0054"
"204.5670","1.5734","18.9648"
"204.5870","1.5700","18.9847"
"204.6070","1.5666","18.9887"
"204.6270","1.5632","18.8251"
"204.6470","1.5599","18.7770"
"204.6670","1.5565","18.6255"
"204.6870","1.5532","18.5925"
"204.7070","1.5499","18.4876"
"204.7270","1.5466","18.4531"
"204.7470","1.5433","18.4390"
"204.7670","1.5400","18.4398"
"204.7870","1.5366","18.4187"
"204.8070","1.5333","18.3289"
"204.8270","1.5299","18.2726"
"204.8470","1.5265","18.2320"
"204.8670","1.5231","18.1576"
"204.8870","1.5198","18.1029"
"204.9070","1.5165","17.9986"
"204.9270","1.5132","17.9563"
"204.9470","1.5100","17.9301"
"204.9670","1.5067","17.9077"
"204.9870","1.5033","17.7977"
"205.0070","1.5000","17.6808"
"205.0270","1.4967","17.6854"
"205.0470","1.4933","17.7059"
"205.0670","1.4900","17.5489"
"205.0870","1.4867","17.3781"
"205.1070","1.4833","17.3775"
"205.1270","1.4800","17.4243"
"205.1470","1.4766","17.4691"
"205.1670","1.4732","17.4011"
"205.1870","1.4699","17.3328"
"205.2070","1.4665","17.3067"
"205.2270","1.4632","17.2166"
"205.2470","1.4599","17.0881"
"205.2670","1.4566","17.0400"
"205.2870","1.4533","16.9697"
"205.3070","1.4500","16.9594"
"205.3270","1.4467","16.9234"
"205.3470","1.4433","16.8094"
"205.3670","1.4400","16.6952"
"205.3870","1.4366","16.7029"
"205.4070","1.4332","16.7249"
"205.4270","1.4299","16.5943"
"205.4470","1.4266","16.4584"
"205.4670","1.4232","16.4266"
"205.4870","1.4199","16.4083"
"205.5070","1.4165","16.2804"
"205.5270","1.4132","16.2541"
"205.5470","1.4098","16.2797"
"205.5670","1.4065","16.2471"
"205.5870","1.4032","16.0768"
"205.6070","1.3999","16.0254"
"205.6270","1.3966","16.0281"
"205.6470","1.3933","16.0617"
"205.6670","1.3899","16.0056"
"205.6870","1.3866","15.8924"
"205.7070","1.3832","15.8096"
"205.7270","1.3799","15.8116"
"205.7470","1.3766","15.7061"
"205.7670","1.3733","15.6595"
"205.7870","1.3700","15.5531"
"205.8070","1.3666","15.4825"
"205.8270","1.3633","15.4297"
"205.8470","1.3600","15.3239"
"205.8670","1.3566","15.2859"
"205.8870","1.3533","15.2873"
"205.9070","1.3499","15.2269"
"205.9270","1.3465","15.1262"
"205.9470","1.3432","15.1527"
"205.9670","1.3398","15.1461"
"205.9870","1.3365","15.0820"
"206.0070","1.3332","15.0093"
"206.0270","1.3299","14.9045"
"206.0470","1.3266","14.7833"
"206.0670","1.3233","14.7334"
"206.0870","1.3200","14.7222"
"206.1070","1.3167","14.7305"
"206.1270","1.3133","14.6228"
"206.1470","1.3100","14.6140"
"206.1670","1.3067","14.5379"
"206.1870","1.3033","14.4777"
"206.2070","1.2999","14.4851"
"206.2270","1.2966","14.3967"
"206.2470","1.2932","14.1798"
"206.2670","1.2898","14.1602"
"206.2870","1.2865","14.1379"
"206.3070","1.2832","14.1327"
"206.3270","1.2799","14.1503"
"206.3470","1.2766","14.1667"
"206.3670","1.2733","14.0815"
"206.3870","1.2700","14.0200"
"206.4070","1.2667","13.9497"
"206.4270","1.2633","13.8926"
"206.4470","1.2600","13.7947"
"206.4670","1.2567","13.7796"
"206.4870","1.2533","13.6612"
"206.5070","1.2500","13.5767"
"206.5270","1.2466","13.5201"
"206.5470","1.2433","13.4344"
"206.5670","1.2399","13.4421"
"206.5870","1.2366","13.3784"
"206.6070","1.2332","13.3663"
"206.6270","1.2299","13.2662"
"206.6470","1.2265","13.1750"
"206.6670","1.2232","13.1443"
"206.6870","1.2199","13.0126"
"206.7070","1.2166","13.0245"
"206.7270","1.2132","13.0127"
"206.7470","1.2099","12.9344"
"206.7670","1.2066","12.8904"
"206.7870","1.2032","12.8796"
"206.8070","1.1999","12.7603"
"206.8270","1.1966","12.6621"
"206.8470","1.1932","12.6379"
"206.8670","1.1899","12.6289"
"206.8870","1.1867","12.5553"
"206.9070","1.1834","12.4656"
"206.9270","1.1801","12.4058"
"206.9470","1.1767","12.3454"
"206.9670","1.1733","12.3231"
"206.9870","1.1699","12.3026"
"207.0070","1.1665","12.2437"
"207.0270","1.1631","12.1849"
"207.0470","1.1598","12.1338"
"207.0670","1.1565","12.0995"
"207.0870","1.1532","12.0282"
"207.1070","1.1499","11.9834"
"207.1270","1.1466","11.9131"
"207.1470","1.1433","11.7266"
"207.1670","1.1400","11.5884"
"207.1870","1.1366","11.5682"
"207.2070","1.1333","11.5687"
"207.2270","1.1300","11.6181"
"207.2470","1.1267","11.5351"
"207.2670","1.1233","11.4660"
"207.2870","1.1200","11.4561"
"207.3070","1.1166","11.4206"
"207.3270","1.1132","11.3356"
"207.3470","1.1098","11.2492"
"207.3670","1.1065","11.2366"
"207.3870","1.1031","11.1861"
"207.4070","1.0998","11.1447"
"207.4270","1.0965","11.1320"
"207.4470","1.0932","11.0494"
"207.4670","1.0899","11.0484"
"207.4870","1.0866","10.9319"
"207.5070","1.0833","10.8701"
"207.5270","1.0800","10.7565"
"207.5470","1.0767","10.7298"
"207.5670","1.0733","10.6648"
"207.5870","1.0700","10.6455"
"207.6070","1.0666","10.5848"
"207.6270","1.0633","10.5242"
"207.6470","1.0599","10.5142"
"207.6670","1.0565","10.4160"
"207.6870","1.0532","10.4058"
"207.7070","1.0499","10.2818"
"207.7270","1.0465","10.2191"
"207.7470","1.0432","10.0939"
"207.7670","1.0399","10.0285"
"207.7870","1.0366","10.0013"
"207.8070","1.0333","9.9971"
"207.8270","1.0299","10.0098"
"207.8470","1.0266","9.9037"
"207.8670","1.0233","9.8662"
"207.8870","1.0199","9.8816"
"207.9070","1.0166","9.6971"
"207.9270","1.0133","9.7158"
"207.9470","1.0100","9.6528"
"207.9670","1.0067","9.5964"
"207.9870","1.0033","9.5773"
"208.0070","1.0000","9.5043"
"208.0270","0.9966","9.4484"
"208.0470","0.9933","9.4462"
"208.0670","0.9899","9.4214"
"208.0870","0.9865","9.3649"
"208.1070","0.9832","9.2285"
"208.1270","0.9798","9.0939"
"208.1470","0.9765","9.0823"
"208.1670","0.9732","8.9800"
"208.1870","0.9700","8.8969"
"208.2070","0.9667","8.8504"
"208.2270","0.9633","8.8279"
"208.2470","0.9600","8.8104"
"208.2670","0.9566","8.7085"
"208.2870","0.9533","8.6803"
"208.3070","0.9500","8.6306"
"208.3270","0.9467","8.6107"
"208.3470","0.9434","8.5695"
"208.3670","0.9400","8.5276"
"208.3870","0.9366","8.4666"
"208.4070","0.9332","8.3966"
"208.4270","0.9298","8.3033"
"208.4470","0.9265","8.2820"
"208.4670","0.9231","8.2553"
"208.4870","0.9198","8.1730"
"208.5070","0.9165","8.1077"
"208.5270","0.9133","8.1214"
"208.5470","0.9100","8.0747"
"208.5670","0.9067","7.9592"
"208.5870","0.9033","7.8500"
"208.6070","0.9000","7.7859"
"208.6270","0.8966","7.7673"
"208.6470","0.8933","7.7387"
"208.6670","0.8900","7.6986"
"208.6870","0.8867","7.5770"
"208.7070","0.8833","7.6137"
"208.7270","0.8800","7.5768"
"208.7470","0.8766","7.5286"
"208.7670","0.8733","7.4815"
"208.7870","0.8699","7.3907"
"208.8070","0.8665","7.2925"
"208.8270","0.8631","7.2026"
"208.8470","0.8598","7.1897"
"208.8670","0.8565","7.1476"
"208.8870","0.8532","7.1060"
"208.9070","0.8499","7.0687"
"208.9270","0.8466","6.9241"
"208.9470","0.8432","6.8149"
"208.9670","0.8399","6.7823"
"208.9870","0.8366","6.8037"
"209.0070","0.8333","6.7585"
"209.0270","0.8300","6.6883"
"209.0470","0.8267","6.6203"
"209.0670","0.8234","6.6495"
"209.0870","0.8200","6.6106"
"209.1070","0.8166","6.5731"
"209.1270","0.8132","6.3909"
"209.1470","0.8099","6.2838"
"209.1670","0.8065","6.2629"
"209.1870","0.8031","6.3127"
"209.2070","0.7998","6.3310"
"209.2270","0.7965","6.3114"
"209.2470","0.7932","6.3378"
"209.2670","0.7899","6.2723"
"209.2870","0.7871","6.3321"
"209.3070","0.7856","6.4058"
"209.3270","0.7853","6.3069"
"209.3470","0.7854","6.2853"
"209.3670","0.7855","6.3093"
"209.3870","0.7855","6.3378"
"209.4070","0.7855","6.3689"
"209.4270","0.7855","6.3972"
"209.4470","0.7855","6.4725"
"209.4670","0.7854","6.4101"
"209.4870","0.7852","6.4128"
"209.5070","0.7849","6.4178"
"209.5270","0.7845","6.4302"
"209.5470","0.7839","6.3379"
"209.5670","0.7833","6.2524"
"209.5870","0.7829","6.1543"
"209.6070","0.7826","6.2205"
"209.6270","0.7824","6.2363"
"209.6470","0.7821","6.2113"
"209.6670","0.7818","6.3304"
"209.6870","0.7814","6.3594"
"209.7070","0.7810","6.3192"
"209.7270","0.7806","6.3526"
"209.7470","0.7803","6.3032"
"209.7670","0.7800","6.3230"
"209.7870","0.7797","6.2909"
"209.8070","0.7794","6.3122"
"209.8270","0.7791","6.3001"
"209.8470","0.7788","6.2185"
"209.8670","0.7783","6.2414"
"209.8870","0.7779","6.2810"
"209.9070","0.7775","6.2076"
"209.9270","0.7772","6.2650"
"209.9470","0.7768","6.2442"
"209.9670","0.7766","6.1957"
"209.9870","0.7763","6.2161"
"210.0070","0.7759","6.2028"
"210.0270","0.7756","6.3159"
"210.0470","0.7752","6.3992"
"210.0670","0.7749","6.2800"
"210.0870","0.7746","6.2323"
"210.1070","0.7743","6.1714"
"210.1270","0.7741","6.1316"
"210.1470","0.7737","6.1924"
"210.1670","0.7734","6.2101"
"210.1870","0.7730","6.2213"
"210.2070","0.7725","6.1394"
"210.2270","0.7721","6.1289"
"210.2470","0.7717","6.1418"
"210.2670","0.7714","6.1770"
"210.2870","0.7712","6.1501"
"210.3070","0.7710","6.1960"
"210.3270","0.7707","6.2246"
"210.3470","0.7704","6.2260"
"210.3670","0.7700","6.2646"
"210.3870","0.7697","6.2623"
"210.4070","0.7693","6.1630"
"210.4270","0.7689","6.2021"
"210.4470","0.7686","6.2016"
"210.4670","0.7683","6.2405"
"210.4870","0.7681","6.2739"
"210.5070","0.7678","6.1781"
"210.5270","0.7674","6.2444"
"210.5470","0.7670","6.2129"
"210.5670","0.7666","6.1296"
"210.5870","0.7662","6.0996"
"210.6070","0.7658","6.1319"
"210.6270","0.7654","6.1315"
"210.6470","0.7651","6.1001"
"210.6670","0.7649","6.0558"
"210.6870","0.7646","6.0988"
"210.7070","0.7642","6.0990"
"210.7270","0.7639","6.0598"
"210.7470","0.7635","6.0383"
"210.7670","0.7632","5.9884"
"210.7870","0.7630","6.0299"
"210.8070","0.7627","6.0648"
"210.8270","0.7624","6.0619"
"210.8470","0.7621","6.0849"
"210.8670","0.7617","6.1215"
"210.8870","0.7612","6.1017"
"210.9070","0.7608","6.1356"
"210.9270","0.7604","6.0684"
"210.9470","0.7601","5.9933"
"210.9670","0.7598","5.9998"
"210.9870","0.7596","6.0367"
"211.0070","0.7593","6.0760"
"211.0270","0.7590","6.0926"
"211.0470","0.7587","6.1476"
"211.0670","0.7583","6.1246"
"211.0870","0.7579","6.1553"
"211.1070","0.7576","6.1493"
"211.1270","0.7572","6.0852"
"211.1470","0.7569","6.0328"
"211.1670","0.7567","6.1307"
"211.1870","0.7564","6.1560"
"211.2070","0.7561","6.0933"
"211.2270","0.7557","6.0231"
"211.2470","0.7553","5.9584"
"211.2670","0.7549","6.0114"
"211.2870","0.7545","6.0807"
"211.3070","0.7541","6.0489"
"211.3270","0.7538","6.0809"
"211.3470","0.7535","6.0427"
"211.3670","0.7532","6.0427"
"211.3870","0.7529","6.1135"
"211.4070","0.7525","6.0548"
"211.4270","0.7522","5.9946"
"211.4470","0.7518","6.0226"
"211.4670","0.7516","6.0570"
"211.4870","0.7513","6.1022"
"211.5070","0.7510","6.1199"
"211.5270","0.7507","6.0682"
"211.5470","0.7504","5.9755"
"211.5670","0.7500","5.9841"
"211.5870","0.7495","5.9891"
"211.6070","0.7491","6.0263"
"211.6270","0.7487","5.9904"
"211.6470","0.7484","6.0356"
"211.6670","0.7482","6.0284"
"211.6870","0.7480","6.0005"
"211.7070","0.7477","6.0352"
"211.7270","0.7474","6.1281"
"211.7470","0.7470","6.1441"
"211.7670","0.7466","6.1890"
"211.7870","0.7462","6.0800"
"211.8070","0.7459","6.0605"
"211.8270","0.7456","6.0395"
"211.8470","0.7453","6.0113"
"211.8670","0.7450","6.0280"
"211.8870","0.7447","6.0926"
"211.9070","0.7444","6.1104"
"211.9270","0.7440","6.0604"
"211.9470","0.7436","5.9961"
"211.9670","0.7432","6.0492"
"211.9870","0.7428","6.0988"
"212.0070","0.7425","6.0714"
"212.0270","0.7422","6.0375"
"212.0470","0.7419","6.0001"
"212.0670","0.7416","5.9873"
"212.0870","0.7412","6.0437"
"212.1070","0.7409","6.0403"
"212.1270","0.7405","5.9599"
"212.1470","0.7403","5.9924"
"212.1670","0.7400","6.0157"
"212.1870","0.7397","6.0585"
"212.2070","0.7394","6.0092"
"212.2270","0.7390","5.9125"
"212.2470","0.7386","5.9119"
"212.2670","0.7382","5.9226"
"212.2870","0.7377","5.9251"
"212.3070","0.7373","5.9234"
"212.3270","0.7370","6.0036"
"212.3470","0.7368","5.9750"
"212.3670","0.7366","6.0159"
"212.3870","0.7363","6.0056"
"212.4070","0.7360","6.0203"
"212.4270","0.7357","5.9792"
"212.4470","0.7353","5.8864"
"212.4670","0.7349","5.9213"
"212.4870","0.7346","5.9477"
"212.5070","0.7343","5.9250"
"212.5270","0.7340","5.9448"
"212.5470","0.7337","5.9977"
"212.5670","0.7334","5.9152"
"212.5870","0.7331","5.9038"
"212.6070","0.7327","5.9331"
"212.6270","0.7323","5.9355"
"212.6470","0.7319","5.9815"
"212.6670","0.7315","6.0141"
"212.6870","0.7312","5.9864"
"212.7070","0.7309","5.9864"
"212.7270","0.7306","5.9514"
"212.7470","0.7302","6.0108"
"212.7670","0.7299","6.0576"
"212.7870","0.7295","5.8809"
"212.8070","0.7292","5.8516"
"212.8270","0.7289","5.8743"
"212.8470","0.7286","5.9211"
"212.8670","0.7283","5.8934"
"212.8870","0.7281","5.9309"
"212.9070","0.7277","5.8573"
"212.9270","0.7274","5.8527"
"212.9470","0.7269","5.9129"
"212.9670","0.7265","5.8832"
"212.9870","0.7260","5.9002"
"213.0070","0.7257","5.9279"
"213.0270","0.7255","5.9767"
"213.0470","0.7252","5.8829"
"213.0670","0.7250","5.8871"
"213.0870","0.7247","5.8623"
"213.1070","0.7244","5.8913"
"213.1270","0.7240","5.8385"
"213.1470","0.7236","5.8728"
"213.1670","0.7232","5.9080"
"213.1870","0.7229","5.8991"
"213.2070","0.7226","5.9054"
"213.2270","0.7223","5.8493"
"213.2470","0.7220","5.8218"
"213.2670","0.7217","5.8274"
"213.2870","0.7214","5.8481"
"213.3070","0.7209","5.7647"
"213.3270","0.7205","5.8036"
"213.3470","0.7201","5.8608"
"213.3670","0.7198","5.8223"
"213.3870","0.7195","5.7626"
"213.4070","0.7192","5.8335"
"213.4270","0.7189","5.7802"
"213.4470","0.7186","5.8484"
"213.4670","0.7182","5.9020"
"213.4870","0.7179","5.7980"
"213.5070","0.7175","5.8450"
"213.5270","0.7172","5.8930"
"213.5470","0.7170","5.8475"
"213.5670","0.7167","5.7885"
"213.5870","0.7164","5.8932"
"213.6070","0.7161","5.8033"
"213.6270","0.7156","5.7334"
"213.6470","0.7152","5.7614"
"213.6670","0.7147","5.8203"
"213.6870","0.7144","5.8880"
"213.7070","0.7141","5.8739"
"213.7270","0.7139","5.8588"
"213.7470","0.7136","5.8671"
"213.7670","0.7134","5.8753"
"213.7870","0.7130","5.8687"
"213.8070","0.7127","5.7675"
"213.8270","0.7123","5.7622"
"213.8470","0.7119","5.7680"
"213.8670","0.7116","5.7869"
"213.8870","0.7113","5.8360"
"213.9070","0.7110","5.9091"
"213.9270","0.7107","5.8984"
"213.9470","0.7104","5.8192"
"213.9670","0.7101","5.7820"
"213.9870","0.7097","5.7873"
"214.0070","0.7092","5.7891"
"214.0270","0.7088","5.7711"
"214.0470","0.7084","5.8072"
"214.0670","0.7081","5.8188"
"214.0870","0.7079","5.8176"
"214.1070","0.7076","5.7221"
"214.1270","0.7073","5.8131"
"214.1470","0.7069","5.8561"
"214.1670","0.7066","5.8345"
"214.1870","0.7062","5.8270"
"214.2070","0.7059","5.6992"
"214.2270","0.7056","5.7742"
"214.2470","0.7053","5.7930"
"214.2670","0.7051","5.7383"
"214.2870","0.7047","5.7878"
"214.3070","0.7044","5.8615"
"214.3270","0.7039","5.8383"
"214.3470","0.7034","5.7569"
"214.3670","0.7030","5.7324"
"214.3870","0.7027","5.7907"
"214.4070","0.7025","5.8193"
"214.4270","0.7022","5.7931"
"214.4470","0.7020","5.7324"
"214.4670","0.7017","5.6941"
"214.4870","0.7013","5.7088"
"214.5070","0.7010","5.8003"
"214.5270","0.7006","5.9308"
"214.5470","0.7002","5.9201"
"214.5670","0.6999","5.9109"
"214.5870","0.6996","5.9095"
"214.6070","0.6993","5.8736"
"214.6270","0.6991","5.7959"
"214.6470","0.6987","5.8051"
"214.6670","0.6983","5.7807"
"214.6870","0.6979","5.7965"
"214.7070","0.6975","5.8327"
"214.7270","0.6971","5.7743"
"214.7470","0.6968","5.7765"
"214.7670","0.6965","5.7884"
"214.7870","0.6962","5.8135"
"214.8070","0.6959","5.8313"
"214.8270","0.6956","5.7530"
"214.8470","0.6953","5.7340"
"214.8670","0.6949","5.7169"
"214.8870","0.6946","5.6896"
"214.9070","0.6943","5.8453"
"214.9270","0.6940","5.8628"
"214.9470","0.6937","5.7594"
"214.9670","0.6934","5.7030"
"214.9870","0.6930","5.6837"
"215.0070","0.6926","5.7315"
"215.0270","0.6921","5.8283"
"215.0470","0.6917","5.7754"
"215.0670","0.6913","5.7065"
"215.0870","0.6911","5.7035"
"215.1070","0.6909","5.6809"
"215.1270","0.6906","5.6672"
"215.1470","0.6904","5.6598"
"215.1670","0.6900","5.6665"
"215.1870","0.6897","5.6548"
"215.2070","0.6893","5.6583"
"215.2270","0.6889","5.7277"
"215.2470","0.6885","5.7623"
"215.2670","0.6882","5.7604"
"215.2870","0.6880","5.7334"
"215.3070","0.6877","5.7198"
"215.3270","0.6874","5.7062"
"215.3470","0.6870","5.7661"
"215.3670","0.6866","5.8125"
"215.3870","0.6862","5.7548"
"215.4070","0.6858","5.7457"
"215.4270","0.6854","5.6893"
"215.4470","0.6851","5.6339"
"215.4670","0.6848","5.7229"
"215.4870","0.6846","5.7074"
"215.5070","0.6843","5.6567"
"215.5270","0.6839","5.6164"
"215.5470","0.6836","5.6168"
"215.5670","0.6832","5.5494"
"215.5870","0.6829","5.5719"
"215.6070","0.6827","5.6818"
"215.6270","0.6824","5.7169"
"215.6470","0.6821","5.7164"
"215.6670","0.6817","5.6984"
"215.6870","0.6813","5.6595"
"215.7070","0.6808","5.6383"
"215.7270","0.6804","5.5573"
"215.7470","0.6800","5.5701"
"215.7670","0.6797","5.7034"
"215.7870","0.6795","5.7673"
"215.8070","0.6793","5.7849"
"215.8270","0.6790","5.7386"
"215.8470","0.6787","5.6491"
"215.8670","0.6784","5.5970"
"215.8870","0.6780","5.5540"
"215.9070","0.6776","5.5345"
"215.9270","0.6772","5.5703"
"215.9470","0.6769","5.6757"
"215.9670","0.6766","5.7153"
"215.9870","0.6763","5.6642"
"216.0070","0.6760","5.6550"
"216.0270","0.6757","5.5998"
"216.0470","0.6753","5.5886"
"216.0670","0.6749","5.5981"
"216.0870","0.6745","5.5506"
"216.1070","0.6741","5.5062"
"216.1270","0.6738","5.5616"
"216.1470","0.6735","5.6441"
"216.1670","0.6732","5.6632"
"216.1870","0.6729","5.6012"
"216.2070","0.6726","5.5629"
"216.2270","0.6722","5.5185"
"216.2470","0.6719","5.4975"
"216.2670","0.6716","5.4971"
"216.2870","0.6713","5.5239"
"216.3070","0.6710","5.6029"
"216.3270","0.6707","5.6436"
"216.3470","0.6704","5.7003"
"216.3670","0.6700","5.6133"
"216.3870","0.6696","5.4770"
"216.4070","0.6691","5.4525"
"216.4270","0.6687","5.4846"
"216.4470","0.6683","5.5670"
"216.4670","0.6681","5.6048"
"216.4870","0.6679","5.5218"
"216.5070","0.6677","5.5041"
"216.5270","0.6674","5.5746"
"216.5470","0.6671","5.5484"
"216.5670","0.6667","5.5468"
"216.5870","0.6663","5.5089"
"216.6070","0.6659","5.5199"
"216.6270","0.6656","5.5555"
"216.6470","0.6652","5.5354"
"216.6670","0.6650","5.5324"
"216.6870","0.6647","5.5281"
"216.7070","0.6644","5.5709"
"216.7270","0.6640","5.5066"
"216.7470","0.6636","5.5026"
"216.7670","0.6632","5.5445"
"216.7870","0.6628","5.5533"
"216.8070","0.6625","5.4943"
"216.8270","0.6622","5.4283"
"216.8470","0.6619","5.4627"
"216.8670","0.6616","5.5521"
"216.8870","0.6613","5.5324"
"216.9070","0.6609","5.4543"
"216.9270","0.6606","5.4242"
"216.9470","0.6602","5.4442"
"216.9670","0.6599","5.5097"
"216.9870","0.6596","5.5112"
"217.0070","0.6594","5.4729"
"217.0270","0.6591","5.3618"
"217.0470","0.6587","5.3698"
"217.0670","0.6583","5.3118"
"217.0870","0.6579","5.3630"
"217.1070","0.6574","5.4034"
"217.1270","0.6570","5.4132"
"217.1470","0.6567","5.3801"
"217.1670","0.6565","5.3361"
"217.1870","0.6563","5.3580"
"217.2070","0.6560","5.4154"
"217.2270","0.6557","5.4230"
"217.2470","0.6554","5.4088"
"217.2670","0.6550","5.4507"
"217.2870","0.6546","5.4892"
"217.3070","0.6542","5.5372"
"217.3270","0.6539","5.5297"
"217.3470","0.6536","5.4489"
"217.3670","0.6533","5.3846"
"217.3870","0.6530","5.4020"
"217.4070","0.6527","5.3996"
"217.4270","0.6523","5.3881"
"217.4470","0.6519","5.4001"
"217.4670","0.6515","5.4216"
"217.4870","0.6511","5.4914"
"217.5070","0.6508","5.4419"
"217.5270","0.6505","5.3150"
"217.5470","0.6502","5.3700"
"217.5670","0.6499","5.4383"
"217.5870","0.6496","5.4337"
"217.6070","0.6492","5.4237"
"217.6270","0.6489","5.4635"
"217.6470","0.6486","5.3965"
"217.6670","0.6483","5.4422"
"217.6870","0.6480","5.4213"
"217.7070","0.6477","5.4248"
"217.7270","0.6474","5.4235"
"217.7470","0.6471","5.3918"
"217.7670","0.6466","5.3744"
"217.7870","0.6461","5.3469"
"217.8070","0.6457","5.3174"
"217.8270","0.6454","5.3894"
"217.8470","0.6451","5.3974"
"217.8670","0.6449","5.3731"
"217.8870","0.6447","5.3510"
"217.9070","0.6444","5.4229"
"217.9270","0.6441","5.3918"
"217.9470","0.6437","5.4423"
"217.9670","0.6433","5.3818"
"217.9870","0.6429","5.3739"
"218.0070","0.6425","5.4121"
"218.0270","0.6422","5.3993"
"218.0470","0.6420","5.3639"
"218.0670","0.6417","5.3786"
"218.0870","0.6414","5.4258"
"218.1070","0.6410","5.4233"
"218.1270","0.6406","5.4101"
"218.1470","0.6402","5.4206"
"218.1670","0.6398","5.4170"
"218.1870","0.6394","5.4004"
"218.2070","0.6391","5.3661"
"218.2270","0.6388","5.3392"
"218.2470","0.6385","5.3011"
"218.2670","0.6382","5.3799"
"218.2870","0.6379","5.4341"
"218.3070","0.6375","5.3458"
"218.3270","0.6372","5.3311"
"218.3470","0.6369","5.2719"
"218.3670","0.6366","5.1654"
"218.3870","0.6364","5.2666"
"218.4070","0.6361","5.3506"
"218.4270","0.6357","5.3438"
"218.4470","0.6353","5.3222"
"218.4670","0.6349","5.2796"
"218.4870","0.6344","5.2998"
"218.5070","0.6340","5.2921"
"218.5270","0.6338","5.1754"
"218.5470","0.6335","5.1634"
"218.5670","0.6333","5.2294"
"218.5870","0.6330","5.2956"
"218.6070","0.6327","5.2809"
"218.6270","0.6323","5.2263"
"218.6470","0.6319","5.1801"
"218.6670","0.6315","5.1572"
"218.6870","0.6312","5.2441"
"218.7070","0.6309","5.3087"
"218.7270","0.6306","5.2656"
"218.7470","0.6303","5.2366"
"218.7670","0.6300","5.2388"
"218.7870","0.6297","5.2191"
"218.8070","0.6293","5.1970"
"218.8270","0.6289","5.2090"
"218.8470","0.6285","5.3435"
"218.8670","0.6281","5.2088"
"218.8870","0.6278","5.1593"
"218.9070","0.6275","5.1847"
"218.9270","0.6272","5.1705"
"218.9470","0.6269","5.2188"
"218.9670","0.6266","5.2868"
"218.9870","0.6262","5.2129"
"219.0070","0.6259","5.0664"
"219.0270","0.6255","5.1526"
"219.0470","0.6252","5.2510"
"219.0670","0.6250","5.2390"
"219.0870","0.6247","5.1532"
"219.1070","0.6244","5.1454"
"219.1270","0.6240","5.1768"
"219.1470","0.6236","5.1341"
"219.1670","0.6231","5.1502"
"219.1870","0.6227","5.1300"
"219.2070","0.6224","5.1368"
"219.2270","0.6221","5.1459"
"219.2470","0.6219","5.1879"
"219.2670","0.6217","5.2029"
"219.2870","0.6214","5.1458"
"219.3070","0.6210","5.1035"
"219.3270","0.6207","5.0063"
"219.3470","0.6203","5.0633"
"219.3670","0.6199","5.1036"
"219.3870","0.6195","5.0513"
"219.4070","0.6192","5.0733"
"219.4270","0.6190","5.1473"
"219.4470","0.6187","5.1122"
"219.4670","0.6184","5.0240"
"219.4870","0.6180","4.9438"
"219.5070","0.6176","5.0555"
"219.5270","0.6172","5.0394"
"219.5470","0.6168","5.0222"
"219.5670","0.6165","5.0345"
"219.5870","0.6162","4.9715"
"219.6070","0.6159","4.9882"
"219.6270","0.6156","5.0625"
"219.6470","0.6153","5.1085"
"219.6670","0.6149","5.0661"
"219.6870","0.6145","5.0069"
"219.7070","0.6142","5.0185"
"219.7270","0.6139","5.0183"
"219.7470","0.6136","5.0316"
"219.7670","0.6134","4.9995"
"219.7870","0.6131","4.9904"
"219.8070","0.6127","4.9784"
"219.8270","0.6123","4.9609"
"219.8470","0.6119","5.0205"
"219.8670","0.6114","5.0760"
"219.8870","0.6111","5.0257"
"219.9070","0.6108","4.9131"
"219.9270","0.6105","4.9481"
"219.9470","0.6103","5.0464"
"219.9670","0.6101","5.0021"
"219.9870","0.6097","5.0570"
"220.0070","0.6094","5.0630"
"220.0270","0.6090","4.9624"
"220.0470","0.6086","4.9312"
"220.0670","0.6082","4.8945"
"220.0870","0.6079","4.9494"
"220.1070","0.6076","4.9885"
"220.1270","0.6073","4.9812"
"220.1470","0.6070","4.9231"
"220.1670","0.6067","4.9083"
"220.1870","0.6063","4.8969"
"220.2070","0.6059","4.8895"
"220.2270","0.6055","4.9349"
"220.2470","0.6051","4.9695"
"220.2670","0.6048","4.9095"
"220.2870","0.6045","4.8973"
"220.3070","0.6042","4.9582"
"220.3270","0.6039","4.9284"
"220.3470","0.6036","4.8821"
"220.3670","0.6032","4.8842"
"220.3870","0.6029","4.9102"
"220.4070","0.6026","4.8905"
"220.4270","0.6023","4.8918"
"220.4470","0.6020","4.8616"
"220.4670","0.6017","4.8585"
"220.4870","0.6014","4.8871"
"220.5070","0.6010","4.9026"
"220.5270","0.6006","4.9360"
"220.5470","0.6002","4.8893"
"220.5670","0.5998","4.8453"
"220.5870","0.5994","4.8199"
"220.6070","0.5992","4.8358"
"220.6270","0.5989","4.7815"
"220.6470","0.5987","4.8782"
"220.6670","0.5984","4.8858"
"220.6870","0.5981","4.8620"
"220.7070","0.5977","4.8328"
"220.7270","0.5973","4.7967"
"220.7470","0.5969","4.7925"
"220.7670","0.5966","4.7531"
"220.7870","0.5963","4.7655"
"220.8070","0.5960","4.8027"
"220.8270","0.5957","4.8130"
"220.8470","0.5954","4.7479"
"220.8670","0.5950","4.7480"
"220.8870","0.5946","4.7414"
"220.9070","0.5942","4.6971"
"220.9270","0.5938","4.6573"
"220.9470","0.5934","4.7655"
"220.9670","0.5932","4.8339"
"220.9870","0.5929","4.8008"
"221.0070","0.5926","4.7352"
"221.0270","0.5923","4.7497"
"221.0470","0.5919","4.7722"
"221.0670","0.5916","4.7418"
"221.0870","0.5912","4.7367"
"221.1070","0.5909","4.6488"
"221.1270","0.5906","4.5909"
"221.1470","0.5904","4.6479"
"221.1670","0.5901","4.7324"
"221.1870","0.5897","4.6685"
"221.2070","0.5893","4.6186"
"221.2270","0.5889","4.6656"
"221.2470","0.5884","4.7082"
"221.2670","0.5881","4.6303"
"221.2870","0.5878","4.5843"
"221.3070","0.5876","4.5929"
"221.3270","0.5873","4.6662"
"221.3470","0.5871","4.6913"
"221.3670","0.5867","4.6435"
"221.3870","0.5864","4.6554"
"221.4070","0.5860","4.5264"
"221.4270","0.5856","4.4621"
"221.4470","0.5852","4.5803"
"221.4670","0.5849","4.6500"
"221.4870","0.5846","4.6442"
"221.5070","0.5843","4.6585"
"221.5270","0.5840","4.6387"
"221.5470","0.5837","4.6069"
"221.5670","0.5833","4.5373"
"221.5870","0.5828","4.5714"
"221.6070","0.5824","4.5132"
"221.6270","0.5821","4.5177"
"221.6470","0.5818","4.4774"
"221.6670","0.5815","4.5282"
"221.6870","0.5812","4.6439"
"221.7070","0.5809","4.6700"
"221.7270","0.5806","4.5649"
"221.7470","0.5802","4.4757"
"221.7670","0.5799","4.4134"
"221.7870","0.5796","4.3970"
"221.8070","0.5793","4.5037"
"221.8270","0.5790","4.4968"
"221.8470","0.5787","4.4383"
"221.8670","0.5784","4.4875"
"221.8870","0.5780","4.5159"
"221.9070","0.5775","4.4615"
"221.9270","0.5771","4.4023"
"221.9470","0.5767","4.4548"
"221.9670","0.5764","4.4234"
"221.9870","0.5762","4.4228"
"222.0070","0.5759","4.4695"
"222.0270","0.5757","4.4726"
"222.0470","0.5754","4.4625"
"222.0670","0.5751","4.3895"
"222.0870","0.5747","4.3943"
"222.1070","0.5743","4.4024"
"222.1270","0.5739","4.4193"
"222.1470","0.5736","4.4216"
"222.1670","0.5733","4.4092"
"222.1870","0.5730","4.3057"
"222.2070","0.5727","4.3333"
"222.2270","0.5724","4.3750"
"222.2470","0.5720","4.4633"
"222.2670","0.5715","4.4971"
"222.2870","0.5711","4.4067"
"222.3070","0.5707","4.3735"
"222.3270","0.5704","4.3668"
"222.3470","0.5701","4.3643"
"222.3670","0.5699","4.3939"
"222.3870","0.5696","4.4038"
"222.4070","0.5693","4.4282"
"222.4270","0.5689","4.3853"
"222.4470","0.5686","4.3537"
"222.4670","0.5682","4.3425"
"222.4870","0.5679","4.3673"
"222.5070","0.5676","4.5121"
"222.5270","0.5673","4.4501"
"222.5470","0.5670","4.3734"
"222.5670","0.5667","4.3118"
"222.5870","0.5662","4.2934"
"222.6070","0.5658","4.2434"
"222.6270","0.5654","4.1912"
"222.6470","0.5650","4.1503"
"222.6670","0.5648","4.1865"
"222.6870","0.5646","4.2308"
"222.7070","0.5643","4.2780"
"222.7270","0.5641","4.2500"
"222.7470","0.5637","4.2495"
"222.7670","0.5634","4.2985"
"222.7870","0.5630","4.3036"
"222.8070","0.5626","4.3113"
"222.8270","0.5623","4.1929"
"222.8470","0.5619","4.1712"
"222.8670","0.5617","4.1828"
"222.8870","0.5614","4.1848"
"222.9070","0.5611","4.2402"
"222.9270","0.5607","4.1856"
"222.9470","0.5603","4.1371"
"222.9670","0.5599","4.1798"
"222.9870","0.5595","4.1947"
"223.0070","0.5591","4.2194"
"223.0270","0.5588","4.2069"
"223.0470","0.5585","4.1752"
"223.0670","0.5582","4.1827"
"223.0870","0.5579","4.1820"
"223.1070","0.5576","4.1603"
"223.1270","0.5572","4.1462"
"223.1470","0.5569","4.1689"
"223.1670","0.5566","4.2639"
"223.1870","0.5563","4.2191"
"223.2070","0.5560","4.1501"
"223.2270","0.5557","4.1480"
"223.2470","0.5554","4.1147"
"223.2670","0.5550","4.1168"
"223.2870","0.5546","4.1010"
"223.3070","0.5541","4.1089"
"223.3270","0.5537","4.0855"
"223.3470","0.5534","4.1300"
"223.3670","0.5532","4.1080"
"223.3870","0.5529","4.0982"
"223.4070","0.5527","4.0517"
"223.4270","0.5524","4.1199"
"223.4470","0.5520","4.1162"
"223.4670","0.5516","4.0754"
"223.4870","0.5513","4.0693"
"223.5070","0.5509","4.0717"
"223.5270","0.5506","4.0972"
"223.5470","0.5503","4.0752"
"223.5670","0.5500","4.1034"
"223.5870","0.5497","4.0660"
"223.6070","0.5494","4.0236"
"223.6270","0.5490","4.0601"
"223.6470","0.5486","4.0075"
"223.6670","0.5482","3.9656"
"223.6870","0.5478","4.0235"
"223.7070","0.5475","4.0673"
"223.7270","0.5472","4.0044"
"223.7470","0.5469","3.8898"
"223.7670","0.5466","3.9475"
"223.7870","0.5462","3.9913"
"223.8070","0.5459","3.9332"
"223.8270","0.5456","4.0026"
"223.8470","0.5452","4.0666"
"223.8670","0.5449","4.0220"
"223.8870","0.5446","4.0052"
"223.9070","0.5443","3.9560"
"223.9270","0.5440","3.9363"
"223.9470","0.5437","3.9052"
"223.9670","0.5432","3.9690"
"223.9870","0.5428","4.0091"
"224.0070","0.5424","3.9509"
"224.0270","0.5420","4.0108"
"224.0470","0.5418","4.0258"
"224.0670","0.5416","4.0498"
"224.0870","0.5413","4.0002"
"224.1070","0.5411","3.9543"
"224.1270","0.5407","3.9119"
"224.1470","0.5404","3.9549"
"224.1670","0.5400","3.9645"
"224.1870","0.5396","3.9625"
"224.2070","0.5392","3.9371"
"224.2270","0.5389","3.8853"
"224.2470","0.5387","3.8760"
"224.2670","0.5384","3.9119"
"224.2870","0.5381","3.8691"
"224.3070","0.5377","3.8522"
"224.3270","0.5373","3.8388"
"224.3470","0.5369","3.8499"
"224.3670","0.5365","3.8232"
"224.3870","0.5361","3.8888"
"224.4070","0.5358","3.8294"
"224.4270","0.5355","3.8092"
"224.4470","0.5352","3.8064"
"224.4670","0.5349","3.8045"
"224.4870","0.5345","3.7904"
"224.5070","0.5342","3.7723"
"224.5270","0.5339","3.7873"
"224.5470","0.5336","3.8390"
"224.5670","0.5333","3.8762"
"224.5870","0.5330","3.8574"
"224.6070","0.5327","3.8359"
"224.6270","0.5324","3.7552"
"224.6470","0.5320","3.7150"
"224.6670","0.5315","3.7222"
"224.6870","0.5311","3.6960"
"224.7070","0.5307","3.6505"
"224.7270","0.5304","3.7246"
"224.7470","0.5302","3.7148"
"224.7670","0.5299","3.6739"
"224.7870","0.5297","3.7396"
"224.8070","0.5294","3.7511"
"224.8270","0.5290","3.7104"
"224.8470","0.5287","3.6951"
"224.8670","0.5283","3.7531"
"224.8870","0.5279","3.7598"
"224.9070","0.5276","3.7538"
"224.9270","0.5273","3.7650"
"224.9470","0.5270","3.6269"
"224.9670","0.5268","3.6385"
"224.9870","0.5264","3.5832"
"225.0070","0.5260","3.6201"
"225.0270","0.5256","3.7018"
"225.0470","0.5252","3.7384"
"225.0670","0.5248","3.6705"
"225.0870","0.5244","3.6479"
"225.1070","0.5241","3.5989"
"225.1270","0.5239","3.6134"
"225.1470","0.5236","3.5537"
"225.1670","0.5232","3.5985"
"225.1870","0.5229","3.5555"
"225.2070","0.5225","3.5849"
"225.2270","0.5222","3.5710"
"225.2470","0.5219","3.4590"
"225.2670","0.5217","3.4790"
"225.2870","0.5214","3.5962"
"225.3070","0.5211","3.5644"
"225.3270","0.5207","3.6031"
"225.3470","0.5203","3.5832"
"225.3670","0.5198","3.5316"
"225.3870","0.5194","3.4859"
"225.4070","0.5190","3.4355"
"225.4270","0.5188","3.5067"
"225.4470","0.5186","3.5265"
"225.4670","0.5183","3.5997"
"225.4870","0.5180","3.5460"
"225.5070","0.5177","3.4595"
"225.5270","0.5173","3.4007"
"225.5470","0.5169","3.4636"
"225.5670","0.5166","3.5300"
"225.5870","0.5162","3.5253"
"225.6070","0.5159","3.5267"
"225.6270","0.5157","3.5259"
"225.6470","0.5154","3.5302"
"225.6670","0.5151","3.4639"
"225.6870","0.5147","3.4227"
"225.7070","0.5143","3.4206"
"225.7270","0.5139","3.4460"
"225.7470","0.5135","3.4709"
"225.7670","0.5131","3.5227"
"225.7870","0.5128","3.5103"
"225.8070","0.5125","3.4631"
"225.8270","0.5122","3.4460"
"225.8470","0.5119","3.3852"
"225.8670","0.5115","3.3597"
"225.8870","0.5112","3.3746"
"225.9070","0.5108","3.3645"
"225.9270","0.5105","3.2898"
"225.9470","0.5103","3.3134"
"225.9670","0.5100","3.3965"
"225.9870","0.5097","3.3650"
"226.0070","0.5094","3.3255"
"226.0270","0.5090","3.3484"
"226.0470","0.5085","3.3751"
"226.0670","0.5081","3.3342"
"226.0870","0.5077","3.3590"
"226.1070","0.5074","3.4631"
"226.1270","0.5072","3.3937"
"226.1470","0.5069","3.3105"
"226.1670","0.5067","3.3049"
"226.1870","0.5064","3.3314"
"226.2070","0.5060","3.2811"
"226.2270","0.5057","3.2954"
"226.2470","0.5053","3.2581"
"226.2670","0.5049","3.2177"
"226.2870","0.5046","3.2426"
"226.3070","0.5043","3.3243"
"226.3270","0.5040","3.3643"
"226.3470","0.5037","3.3766"
"226.3670","0.5034","3.2877"
"226.3870","0.5030","3.2472"
"226.4070","0.5026","3.3026"
"226.4270","0.5022","3.2752"
"226.4470","0.5018","3.2419"
"226.4670","0.5015","3.2237"
"226.4870","0.5012","3.1820"
"226.5070","0.5009","3.2034"
"226.5270","0.5006","3.1875"
"226.5470","0.5002","3.1212"
"226.5670","0.4999","3.1632"
"226.5870","0.4995","3.1800"
"226.6070","0.4992","3.1372"
"226.6270","0.4990","3.1755"
"226.6470","0.4987","3.2353"
"226.6670","0.4984","3.2207"
"226.6870","0.4981","3.2507"
"226.7070","0.4977","3.1744"
"226.7270","0.4972","3.2242"
"226.7470","0.4968","3.3022"
"226.7670","0.4964","3.3057"
"226.7870","0.4960","3.2048"
"226.8070","0.4958","3.0800"
"226.8270","0.4956","3.1335"
"226.8470","0.4953","3.1925"
"226.8670","0.4950","3.2008"
"226.8870","0.4947","3.1349"
"226.9070","0.4943","3.1779"
"226.9270","0.4939","3.1779"
"226.9470","0.4936","3.1743"
"226.9670","0.4933","3.1564"
"226.9870","0.4930","3.0573"
"227.0070","0.4927","3.1159"
"227.0270","0.4924","3.1565"
"227.0470","0.4921","3.1165"
"227.0670","0.4917","3.0165"
"227.0870","0.4913","3.0494"
"227.1070","0.4909","3.0540"
"227.1270","0.4905","3.0905"
"227.1470","0.4901","3.0571"
"227.1670","0.4898","3.0030"
"227.1870","0.4895","3.0095"
"227.2070","0.4892","3.0129"
"227.2270","0.4889","3.0572"
"227.2470","0.4885","3.0673"
"227.2670","0.4882","3.0807"
"227.2870","0.4879","2.9920"
"227.3070","0.4876","2.9827"
"227.3270","0.4873","2.9361"
"227.3470","0.4870","2.9625"
"227.3670","0.4867","3.0161"
"227.3870","0.4864","3.0314"
"227.4070","0.4860","3.0410"
"227.4270","0.4855","3.0091"
"227.4470","0.4851","3.0080"
"227.4670","0.4847","2.9809"
"227.4870","0.4844","2.9744"
"227.5070","0.4842","2.9656"
"227.5270","0.4840","2.9582"
"227.5470","0.4837","2.8870"
"227.5670","0.4834","2.9239"
"227.5870","0.4830","2.9895"
"227.6070","0.4826","2.9764"
"227.6270","0.4823","2.9215"
"227.6470","0.4819","2.8922"
"227.6670","0.4816","2.9184"
"227.6870","0.4813","2.9135"
"227.7070","0.4810","2.9569"
"227.7270","0.4807","2.9558"
"227.7470","0.4804","2.9342"
"227.7670","0.4800","2.9350"
"227.7870","0.4796","2.9322"
"227.8070","0.4792","2.8745"
"227.8270","0.4788","2.8761"
"227.8470","0.4785","2.8823"
"227.8670","0.4782","2.8408"
"227.8870","0.4779","2.8374"
"227.9070","0.4776","2.9031"
"227.9270","0.4772","2.9143"
"227.9470","0.4769","2.9007"
"227.9670","0.4765","2.9169"
"227.9870","0.4762","2.8797"
"228.0070","0.4760","2.8460"
"228.0270","0.4757","2.8867"
"228.0470","0.4754","2.7833"
"228.0670","0.4751","2.7182"
"228.0870","0.4747","2.7423"
"228.1070","0.4742","2.7768"
"228.1270","0.4738","2.7435"
"228.1470","0.4734","2.7717"
"228.1670","0.4731","2.7460"
"228.1870","0.4728","2.7495"
"228.2070","0.4726","2.7158"
"228.2270","0.4723","2.7987"
"228.2470","0.4720","2.7591"
"228.2670","0.4717","2.8338"
"228.2870","0.4713","2.7820"
"228.3070","0.4709","2.7925"
"228.3270","0.4706","2.7430"
"228.3470","0.4703","2.7456"
"228.3670","0.4700","2.7988"
"228.3870","0.4697","2.8173"
"228.4070","0.4694","2.8567"
"228.4270","0.4691","2.8251"
"228.4470","0.4687","2.7387"
"228.4670","0.4683","2.6387"
"228.4870","0.4678","2.7138"
"228.5070","0.4675","2.8139"
"228.5270","0.4671","2.7740"
"228.5470","0.4669","2.7204"
"228.5670","0.4666","2.6097"
"228.5870","0.4663","2.5975"
"228.6070","0.4659","2.6593"
"228.6270","0.4656","2.7080"
"228.6470","0.4652","2.6494"
"228.6670","0.4649","2.7364"
"228.6870","0.4646","2.6766"
"228.7070","0.4643","2.6454"
"228.7270","0.4641","2.6338"
"228.7470","0.4638","2.6344"
"228.7670","0.4634","2.6216"
"228.7870","0.4630","2.6833"
"228.8070","0.4625","2.6863"
"228.8270","0.4620","2.6470"
"228.8470","0.4617","2.6405"
"228.8670","0.4615","2.7032"
"228.8870","0.4612","2.6794"
"228.9070","0.4610","2.6793"
"228.9270","0.4607","2.6841"
"228.9470","0.4604","2.6826"
"228.9670","0.4600","2.6509"
"228.9870","0.4596","2.6033"
"229.0070","0.4592","2.5677"
"229.0270","0.4589","2.5954"
"229.0470","0.4586","2.6363"
"229.0670","0.4583","2.6739"
"229.0870","0.4580","2.6800"
"229.1070","0.4577","2.6829"
"229.1270","0.4573","2.6066"
"229.1470","0.4569","2.5130"
"229.1670","0.4565","2.4466"
"229.1870","0.4561","2.4976"
"229.2070","0.4557","2.4591"
"229.2270","0.4555","2.4404"
"229.2470","0.4552","2.4918"
"229.2670","0.4549","2.5468"
"229.2870","0.4546","2.5876"
"229.3070","0.4542","2.6241"
"229.3270","0.4539","2.5699"
"229.3470","0.4535","2.4988"
"229.3670","0.4533","2.4724"
"229.3870","0.4530","2.4621"
"229.4070","0.4527","2.5392"
"229.4270","0.4524","2.5154"
"229.4470","0.4520","2.4814"
"229.4670","0.4516","2.4061"
"229.4870","0.4511","2.3997"
"229.5070","0.4507","2.4045"
"229.5270","0.4503","2.4297"
"229.5470","0.4500","2.4639"
"229.5670","0.4498","2.4580"
"229.5870","0.4496","2.3950"
"229.6070","0.4494","2.4283"
"229.6270","0.4490","2.4133"
"229.6470","0.4487","2.4202"
"229.6670","0.4483","2.4685"
"229.6870","0.4479","2.3546"
"229.7070","0.4475","2.3485"
"229.7270","0.4472","2.3910"
"229.7470","0.4469","2.3815"
"229.7670","0.4467","2.4593"
"229.7870","0.4464","2.4452"
"229.8070","0.4460","2.3368"
"229.8270","0.4456","2.3431"
"229.8470","0.4452","2.3797"
"229.8670","0.4448","2.3890"
"229.8870","0.4444","2.3226"
"229.9070","0.4441","2.3401"
"229.9270","0.4438","2.3834"
"229.9470","0.4436","2.4289"
"229.9670","0.4433","2.3125"
"229.9870","0.4429","2.2894"
"230.0070","0.4426","2.2619"
"230.0270","0.4422","2.2973"
"230.0470","0.4419","2.3213"
"230.0670","0.4416","2.2930"
"230.0870","0.4414","2.2160"
"230.1070","0.4411","2.2510"
"230.1270","0.4407","2.3135"
"230.1470","0.4403","2.3000"
"230.1670","0.4399","2.2380"
"230.1870","0.4394","2.2539"
"230.2070","0.4390","2.2765"
"230.2270","0.4387","2.3048"
"230.2470","0.4385","2.2712"
"230.2670","0.4383","2.1542"
"230.2870","0.4380","2.1714"
"230.3070","0.4377","2.2212"
"230.3270","0.4374","2.2069"
"230.3470","0.4370","2.2447"
"230.3670","0.4366","2.2072"
"230.3870","0.4362","2.3284"
"230.4070","0.4359","2.3072"
"230.4270","0.4356","2.2634"
"230.4470","0.4353","2.2618"
"230.4670","0.4350","2.2476"
"230.4870","0.4347","2.1821"
"230.5070","0.4343","2.2028"
"230.5270","0.4339","2.1662"
"230.5470","0.4335","2.1784"
"230.5670","0.4331","2.1436"
"230.5870","0.4328","2.2226"
"230.6070","0.4325","2.2834"
"230.6270","0.4322","2.2052"
"230.6470","0.4319","2.1620"
"230.6670","0.4316","2.1573"
"230.6870","0.4313","2.1811"
"230.7070","0.4309","2.1731"
"230.7270","0.4306","2.1564"
"230.7470","0.4303","2.1763"
"230.7670","0.4300","2.1887"
"230.7870","0.4297","2.1182"
"230.8070","0.4294","2.0864"
"230.8270","0.4291","2.0566"
"230.8470","0.4286","1.9854"
"230.8670","0.4282","2.0686"
"230.8870","0.4277","2.1528"
"230.9070","0.4273","2.1764"
"230.9270","0.4271","2.0995"
"230.9470","0.4269","2.1047"
"230.9670","0.4266","2.0699"
"230.9870","0.4264","2.0326"
"231.0070","0.4261","2.0299"
"231.0270","0.4257","2.1079"
"231.0470","0.4253","2.1411"
"231.0670","0.4249","2.1250"
"231.0870","0.4246","2.1122"
"231.1070","0.4242","2.0577"
"231.1270","0.4240","2.0681"
"231.1470","0.4237","2.0228"
"231.1670","0.4234","1.9701"
"231.1870","0.4230","1.9956"
"231.2070","0.4226","2.0709"
"231.2270","0.4222","2.0579"
"231.2470","0.4218","1.9580"
"231.2670","0.4215","1.9707"
"231.2870","0.4211","2.0334"
"231.3070","0.4209","2.0293"
"231.3270","0.4206","1.9038"
"231.3470","0.4203","1.9842"
"231.3670","0.4199","2.0177"
"231.3870","0.4196","1.9385"
"231.4070","0.4192","1.8716"
"231.4270","0.4189","1.9922"
"231.4470","0.4186","2.0399"
"231.4670","0.4183","1.9106"
"231.4870","0.4180","1.9641"
"231.5070","0.4177","1.9364"
"231.5270","0.4173","2.0139"
"231.5470","0.4169","2.0234"
"231.5670","0.4164","1.9898"
"231.5870","0.4160","2.0229"
"231.6070","0.4157","2.0175"
"231.6270","0.4155","2.0048"
"231.6470","0.4153","1.9553"
"231.6670","0.4150","1.8854"
"231.6870","0.4147","1.9158"
"231.7070","0.4144","1.8869"
"231.7270","0.4140","1.9147"
"231.7470","0.4136","1.8646"
"231.7670","0.4132","1.9215"
"231.7870","0.4129","1.9138"
"231.8070","0.4126","1.8897"
"231.8270","0.4123","1.8646"
"231.8470","0.4120","1.8627"
"231.8670","0.4117","1.7603"
"231.8870","0.4113","1.7027"
"231.9070","0.4109","1.7002"
"231.9270","0.4105","1.7815"
"231.9470","0.4101","1.8759"
"231.9670","0.4098","1.8831"
"231.9870","0.4095","1.8362"
"232.0070","0.4092","1.8108"
"232.0270","0.4089","1.8293"
"232.0470","0.4086","1.7749"
"232.0670","0.4083","1.7685"
"232.0870","0.4079","1.7880"
"232.1070","0.4076","1.7601"
"232.1270","0.4073","1.7587"
"232.1470","0.4070","1.7088"
"232.1670","0.4067","1.6606"
"232.1870","0.4064","1.7237"
"232.2070","0.4061","1.7722"
"232.2270","0.4056","1.7798"
"232.2470","0.4052","1.7741"
"232.2670","0.4047","1.7046"
"232.2870","0.4043","1.7512"
"232.3070","0.4041","1.7906"
"232.3270","0.4039","1.8349"
"232.3470","0.4036","1.7750"
"232.3670","0.4034","1.6670"
"232.3870","0.4031","1.6669"
"232.4070","0.4027","1.6724"
"232.4270","0.4023","1.7253"
"232.4470","0.4019","1.6916"
"232.4670","0.4015","1.7337"
"232.4870","0.4012","1.7525"
"232.5070","0.4010","1.7202"
"232.5270","0.4007","1.7387"
"232.5470","0.4004","1.7200"
"232.5670","0.4000","1.6865"
"232.5870","0.3996","1.6703"
"232.6070","0.3992","1.6285"
"232.6270","0.3988","1.5930"
"232.6470","0.3985","1.6222"
"232.6670","0.3981","1.5971"
"232.6870","0.3978","1.6033"
"232.7070","0.3976","1.5982"
"232.7270","0.3972","1.5691"
"232.7470","0.3969","1.6491"
"232.7670","0.3965","1.6569"
"232.7870","0.3962","1.5515"
"232.8070","0.3959","1.5934"
"232.8270","0.3956","1.6288"
"232.8470","0.3954","1.6239"
"232.8670","0.3951","1.6390"
"232.8870","0.3947","1.6100"
"232.9070","0.3944","1.6090"
"232.9270","0.3939","1.6083"
"232.9470","0.3935","1.5924"
"232.9670","0.3930","1.6420"
"232.9870","0.3927","1.6476"
"233.0070","0.3925","1.5666"
"233.0270","0.3923","1.5844"
"233.0470","0.3920","1.5420"
"233.0670","0.3917","1.5309"
"233.0870","0.3913","1.5468"
"233.1070","0.3910","1.5875"
"233.1270","0.3906","1.4793"
"233.1470","0.3902","1.5136"
"233.1670","0.3899","1.5186"
"233.1870","0.3896","1.5726"
"233.2070","0.3893","1.5268"
"233.2270","0.3890","1.5495"
"233.2470","0.3887","1.6006"
"233.2670","0.3883","1.5471"
"233.2870","0.3879","1.4785"
"233.3070","0.3875","1.4027"
"233.3270","0.3871","1.5254"
"233.3470","0.3868","1.5937"
"233.3670","0.3865","1.5119"
"233.3870","0.3862","1.4652"
"233.4070","0.3859","1.4298"
"233.4270","0.3856","1.4024"
"233.4470","0.3852","1.4370"
"233.4670","0.3849","1.5074"
"233.4870","0.3845","1.5379"
"233.5070","0.3842","1.5447"
"233.5270","0.3840","1.5109"
"233.5470","0.3837","1.4446"
"233.5670","0.3834","1.4077"
"233.5870","0.3830","1.3863"
"233.6070","0.3826","1.4306"
"233.6270","0.3822","1.4259"
"233.6470","0.3817","1.4088"
"233.6670","0.3814","1.4573"
"233.6870","0.3811","1.5141"
"233.7070","0.3809","1.4752"
"233.7270","0.3807","1.4273"
"233.7470","0.3804","1.4198"
"233.7670","0.3800","1.4173"
"233.7870","0.3797","1.4521"
"233.8070","0.3793","1.4844"
"233.8270","0.3789","1.3915"
"233.8470","0.3785","1.3915"
"233.8670","0.3782","1.4275"
"233.8870","0.3780","1.4890"
"233.9070","0.3777","1.4397"
"233.9270","0.3774","1.3808"
"233.9470","0.3770","1.3913"
"233.9670","0.3766","1.3732"
"233.9870","0.3762","1.3700"
"234.0070","0.3758","1.3651"
"234.0270","0.3755","1.3611"
"234.0470","0.3752","1.3874"
"234.0670","0.3749","1.3140"
"234.0870","0.3746","1.3158"
"234.1070","0.3743","1.2619"
"234.1270","0.3739","1.3409"
"234.1470","0.3736","1.3209"
"234.1670","0.3732","1.3182"
"234.1870","0.3729","1.2959"
"234.2070","0.3726","1.3100"
"234.2270","0.3724","1.3618"
"234.2470","0.3721","1.3549"
"234.2670","0.3717","1.3464"
"234.2870","0.3714","1.3736"
"234.3070","0.3709","1.3179"
"234.3270","0.3705","1.2942"
"234.3470","0.3701","1.2586"
"234.3670","0.3698","1.2705"
"234.3870","0.3695","1.2919"
"234.4070","0.3693","1.3268"
"234.4270","0.3690","1.3083"
"234.4470","0.3687","1.1831"
"234.4670","0.3684","1.2378"
"234.4870","0.3680","1.2791"
"234.5070","0.3676","1.2994"
"234.5270","0.3672","1.2829"
"234.5470","0.3669","1.3789"
"234.5670","0.3666","1.4227"
"234.5870","0.3663","1.3400"
"234.6070","0.3660","1.2994"
"234.6270","0.3657","1.2581"
"234.6470","0.3653","1.2876"
"234.6670","0.3649","1.2434"
"234.6870","0.3645","1.2710"
"234.7070","0.3641","1.2746"
"234.7270","0.3638","1.1401"
"234.7470","0.3635","1.1879"
"234.7670","0.3632","1.1584"
"234.7870","0.3629","1.1552"
"234.8070","0.3626","1.1530"
"234.8270","0.3622","1.1057"
"234.8470","0.3619","1.1541"
"234.8670","0.3615","1.1618"
"234.8870","0.3612","1.1151"
"234.9070","0.3610","1.0870"
"234.9270","0.3607","1.1538"
"234.9470","0.3604","1.1595"
"234.9670","0.3600","1.1187"
"234.9870","0.3596","1.0753"
"235.0070","0.3592","1.1221"
"235.0270","0.3588","1.1182"
"235.0470","0.3584","1.1369"
"235.0670","0.3581","1.1781"
"235.0870","0.3579","1.1075"
"235.1070","0.3577","1.0831"
"235.1270","0.3574","1.0851"
"235.1470","0.3571","1.0881"
"235.1670","0.3567","1.1506"
"235.1870","0.3563","1.1824"
"235.2070","0.3559","1.1543"
"235.2270","0.3556","1.1186"
"235.2470","0.3552","1.1647"
"235.2670","0.3550","1.1207"
"235.2870","0.3547","1.1044"
"235.3070","0.3544","1.0409"
"235.3270","0.3540","1.1155"
"235.3470","0.3536","1.1567"
"235.3670","0.3532","1.0759"
"235.3870","0.3528","0.9683"
"235.4070","0.3524","0.9570"
"235.4270","0.3521","1.0551"
"235.4470","0.3519","1.0864"
"235.4670","0.3516","1.0575"
"235.4870","0.3513","1.1182"
"235.5070","0.3509","1.1469"
"235.5270","0.3506","1.0969"
"235.5470","0.3502","1.0724"
"235.5670","0.3499","1.1272"
"235.5870","0.3496","1.1003"
"235.6070","0.3494","1.1287"
"235.6270","0.3491","1.0316"
"235.6470","0.3487","0.9568"
"235.6670","0.3483","0.9803"
"235.6870","0.3479","1.0312"
"235.7070","0.3475","1.0129"
"235.7270","0.3471","1.0302"
"235.7470","0.3468","0.9924"
"235.7670","0.3465","0.9494"
"235.7870","0.3463","0.9569"
"235.8070","0.3461","0.9587"
"235.8270","0.3458","0.9491"
"235.8470","0.3454","0.9326"
"235.8670","0.3450","0.9970"
"235.8870","0.3446","1.0249"
"235.9070","0.3442","1.0043"
"235.9270","0.3439","0.9977"
"235.9470","0.3436","0.9666"
"235.9670","0.3433","1.0443"
"235.9870","0.3430","0.9858"
"236.0070","0.3427","0.9244"
"236.0270","0.3423","0.9328"
"236.0470","0.3419","0.9811"
"236.0670","0.3415","0.9358"
"236.0870","0.3411","0.9244"
"236.1070","0.3408","0.9814"
"236.1270","0.3405","0.9939"
"236.1470","0.3402","0.9701"
"236.1670","0.3399","0.9417"
"236.1870","0.3396","0.8625"
"236.2070","0.3392","0.9198"
"236.2270","0.3389","0.9818"
"236.2470","0.3385","0.9735"
"236.2670","0.3382","1.0170"
"236.2870","0.3380","0.9617"
"236.3070","0.3377","0.9454"
"236.3270","0.3374","0.9674"
"236.3470","0.3370","0.9521"
"236.3670","0.3366","0.9996"
"236.3870","0.3361","0.9611"
"236.4070","0.3357","0.9512"
"236.4270","0.3354","0.9883"
"236.4470","0.3351","0.9195"
"236.4670","0.3349","0.9715"
"236.4870","0.3347","0.9935"
"236.5070","0.3344","0.9630"
"236.5270","0.3341","0.9684"
"236.5470","0.3337","0.9356"
"236.5670","0.3333","0.8960"
"236.5870","0.3329","0.8858"
"236.6070","0.3326","0.8730"
"236.6270","0.3323","0.9013"
"236.6470","0.3320","0.8699"
"236.6670","0.3317","0.9453"
"236.6870","0.3314","0.9410"
"236.7070","0.3310","0.8988"
"236.7270","0.3306","0.8804"
"236.7470","0.3301","0.9325"
"236.7670","0.3297","0.9356"
"236.7870","0.3294","0.9445"
"236.8070","0.3291","0.9714"
"236.8270","0.3288","0.9965"
"236.8470","0.3286","0.9161"
"236.8670","0.3283","0.9424"
"236.8870","0.3279","0.8845"
"236.9070","0.3276","0.9076"
"236.9270","0.3272","0.8715"
"236.9470","0.3269","0.8502"
"236.9670","0.3266","0.8471"
"236.9870","0.3263","0.8406"
"237.0070","0.3260","0.8239"
"237.0270","0.3257","0.8116"
"237.0470","0.3253","0.8483"
"237.0670","0.3248","0.8686"
"237.0870","0.3244","0.8836"
"237.1070","0.3240","0.8196"
"237.1270","0.3237","0.8297"
"237.1470","0.3235","0.8837"
"237.1670","0.3233","0.8996"
"237.1870","0.3230","0.8559"
"237.2070","0.3227","0.8790"
"237.2270","0.3224","0.8204"
"237.2470","0.3220","0.8095"
"237.2670","0.3216","0.7365"
"237.2870","0.3212","0.7681"
"237.3070","0.3209","0.8484"
"237.3270","0.3206","0.8881"
"237.3470","0.3204","0.8491"
"237.3670","0.3200","0.7830"
"237.3870","0.3197","0.7903"
"237.4070","0.3193","0.8180"
"237.4270","0.3189","0.8058"
"237.4470","0.3184","0.8420"
"237.4670","0.3181","0.8451"
"237.4870","0.3178","0.8891"
"237.5070","0.3175","0.9120"
"237.5270","0.3172","0.8575"
"237.5470","0.3169","0.7911"
"237.5670","0.3166","0.7839"
"237.5870","0.3162","0.7746"
"237.6070","0.3159","0.7735"
"237.6270","0.3156","0.8033"
"237.6470","0.3153","0.7554"
"237.6670","0.3150","0.6578"
"237.6870","0.3147","0.6745"
"237.7070","0.3144","0.7317"
"237.7270","0.3140","0.7912"
"237.7470","0.3136","0.8479"
"237.7670","0.3131","0.7898"
"237.7870","0.3127","0.7890"
"237.8070","0.3124","0.8255"
"237.8270","0.3121","0.8039"
"237.8470","0.3119","0.8385"
"237.8670","0.3117","0.7784"
"237.8870","0.3114","0.6663"
"237.9070","0.3110","0.6381"
"237.9270","0.3107","0.7275"
"237.9470","0.3103","0.8425"
"237.9670","0.3099","0.7472"
"237.9870","0.3096","0.7274"
"238.0070","0.3093","0.6816"
"238.0270","0.3090","0.6821"
"238.0470","0.3087","0.6774"
"238.0670","0.3084","0.7508"
"238.0870","0.3080","0.7795"
"238.1070","0.3076","0.7935"
"238.1270","0.3072","0.8667"
"238.1470","0.3068","0.7748"
"238.1670","0.3064","0.7545"
"238.1870","0.3061","0.7862"
"238.2070","0.3059","0.7234"
"238.2270","0.3056","0.7526"
"238.2470","0.3052","0.7225"
"238.2670","0.3049","0.6495"
"238.2870","0.3046","0.6902"
"238.3070","0.3042","0.6697"
"238.3270","0.3039","0.6591"
"238.3470","0.3036","0.6409"
"238.3670","0.3034","0.7327"
"238.3870","0.3031","0.7233"
"238.4070","0.3027","0.6705"
"238.4270","0.3023","0.6675"
"238.4470","0.3018","0.6599"
"238.4670","0.3014","0.6584"
"238.4870","0.3011","0.6211"
"238.5070","0.3008","0.6803"
"238.5270","0.3006","0.8005"
"238.5470","0.3003","0.7703"
"238.5670","0.3001","0.7582"
"238.5870","0.2997","0.7147"
"238.6070","0.2994","0.6917"
"238.6270","0.2990","0.7143"
"238.6470","0.2986","0.7417"
"238.6670","0.2983","0.7724"
"238.6870","0.2979","0.7396"
"238.7070","0.2977","0.7500"
"238.7270","0.2974","0.7196"
"238.7470","0.2971","0.6168"
"238.7670","0.2967","0.6847"
"238.7870","0.2963","0.6665"
"238.8070","0.2959","0.6251"
"238.8270","0.2955","0.6637"
"238.8470","0.2951","0.7661"
"238.8670","0.2948","0.8180"
"238.8870","0.2945","0.7406"
"238.9070","0.2942","0.7306"
"238.9270","0.2939","0.6991"
"238.9470","0.2936","0.6384"
"238.9670","0.2932","0.6020"
"238.9870","0.2929","0.6529"
"239.0070","0.2926","0.6920"
"239.0270","0.2923","0.6790"
"239.0470","0.2920","0.6510"
"239.0670","0.2917","0.6595"
"239.0870","0.2914","0.6510"
"239.1070","0.2910","0.7002"
"239.1270","0.2906","0.6787"
"239.1470","0.2901","0.6344"
"239.1670","0.2897","0.5885"
"239.1870","0.2894","0.6387"
"239.2070","0.2892","0.7677"
"239.2270","0.2889","0.6979"
"239.2470","0.2887","0.5591"
"239.2670","0.2884","0.5413"
"239.2870","0.2880","0.5357"
"239.3070","0.2877","0.5347"
"239.3270","0.2873","0.5474"
"239.3470","0.2869","0.5857"
"239.3670","0.2866","0.5933"
"239.3870","0.2863","0.5701"
"239.4070","0.2860","0.5384"
"239.4270","0.2858","0.6274"
"239.4470","0.2854","0.5997"
"239.4670","0.2851","0.5679"
"239.4870","0.2846","0.5927"
"239.5070","0.2842","0.5912"
"239.5270","0.2838","0.5549"
"239.5470","0.2834","0.6050"
"239.5670","0.2831","0.6208"
"239.5870","0.2828","0.5606"
"239.6070","0.2825","0.5509"
"239.6270","0.2822","0.5669"
"239.6470","0.2819","0.5994"
"239.6670","0.2815","0.6133"
"239.6870","0.2812","0.5894"
"239.7070","0.2809","0.5766"
"239.7270","0.2807","0.5579"
"239.7470","0.2804","0.6161"
"239.7670","0.2801","0.6596"
"239.7870","0.2797","0.5993"
"239.8070","0.2793","0.6435"
"239.8270","0.2788","0.6327"
"239.8470","0.2784","0.6251"
"239.8670","0.2780","0.5273"
"239.8870","0.2778","0.5817"
"239.9070","0.2775","0.5303"
"239.9270","0.2773","0.5154"
"239.9470","0.2770","0.5808"
"239.9670","0.2767","0.6306"
"239.9870","0.2763","0.5883"
"240.0070","0.2759","0.5720"
"240.0270","0.2756","0.6538"
"240.0470","0.2752","0.6339"
"240.0670","0.2749","0.5627"
"240.0870","0.2746","0.5173"
"240.1070","0.2744","0.5610"
"240.1270","0.2741","0.5990"
"240.1470","0.2737","0.6640"
"240.1670","0.2733","0.6338"
"240.1870","0.2729","0.6690"
"240.2070","0.2725","0.6178"
"240.2270","0.2721","0.4787"
"240.2470","0.2718","0.5254"
"240.2670","0.2715","0.5090"
"240.2870","0.2712","0.5422"
"240.3070","0.2709","0.5767"
"240.3270","0.2705","0.4945"
"240.3470","0.2702","0.4872"
"240.3670","0.2698","0.4601"
"240.3870","0.2695","0.4555"
"240.4070","0.2693","0.5387"
"240.4270","0.2690","0.5615"
"240.4470","0.2687","0.5362"
"240.4670","0.2684","0.4691"
"240.4870","0.2680","0.4338"
"240.5070","0.2675","0.4880"
"240.5270","0.2671","0.5167"
"240.5470","0.2667","0.4926"
"240.5670","0.2664","0.5160"
"240.5870","0.2661","0.5864"
"240.6070","0.2659","0.6023"
"240.6270","0.2657","0.5684"
"240.6470","0.2654","0.5335"
"240.6670","0.2650","0.4983"
"240.6870","0.2646","0.5069"
"240.7070","0.2643","0.5167"
"240.7270","0.2639","0.5333"
"240.7470","0.2636","0.5601"
"240.7670","0.2633","0.6195"
"240.7870","0.2630","0.6175"
"240.8070","0.2627","0.5817"
"240.8270","0.2624","0.5354"
"240.8470","0.2620","0.5832"
"240.8670","0.2616","0.6155"
"240.8870","0.2612","0.5336"
"240.9070","0.2608","0.4765"
"240.9270","0.2605","0.5072"
"240.9470","0.2602","0.5198"
"240.9670","0.2599","0.5333"
"240.9870","0.2596","0.5027"
"241.0070","0.2592","0.5360"
"241.0270","0.2589","0.5103"
"241.0470","0.2585","0.5150"
"241.0670","0.2582","0.5172"
"241.0870","0.2579","0.5154"
"241.1070","0.2577","0.5230"
"241.1270","0.2574","0.5674"
"241.1470","0.2571","0.5661"
"241.1670","0.2567","0.5643"
"241.1870","0.2563","0.5579"
"241.2070","0.2558","0.5195"
"241.2270","0.2554","0.5512"
"241.2470","0.2550","0.5883"
"241.2670","0.2548","0.5514"
"241.2870","0.2546","0.5263"
"241.3070","0.2543","0.4681"
"241.3270","0.2540","0.4437"
"241.3470","0.2537","0.4417"
"241.3670","0.2533","0.4558"
"241.3870","0.2530","0.4981"
"241.4070","0.2526","0.5297"
"241.4270","0.2523","0.5183"
"241.4470","0.2520","0.5669"
"241.4670","0.2517","0.4951"
"241.4870","0.2514","0.5327"
"241.5070","0.2511","0.4981"
"241.5270","0.2507","0.4831"
"241.5470","0.2503","0.4808"
"241.5670","0.2499","0.4976"
"241.5870","0.2495","0.5202"
"241.6070","0.2491","0.5553"
"241.6270","0.2488","0.4363"
"241.6470","0.2485","0.3747"
"241.6670","0.2482","0.4410"
"241.6870","0.2479","0.4876"
"241.7070","0.2476","0.5182"
"241.7270","0.2472","0.5242"
"241.7470","0.2469","0.5050"
"241.7670","0.2466","0.5257"
"241.7870","0.2463","0.4807"
"241.8070","0.2460","0.5184"
"241.8270","0.2457","0.5353"
"241.8470","0.2454","0.5288"
"241.8670","0.2450","0.4179"
"241.8870","0.2445","0.4445"
"241.9070","0.2441","0.5239"
"241.9270","0.2437","0.5834"
"241.9470","0.2434","0.6515"
"241.9670","0.2432","0.5268"
"241.9870","0.2430","0.5004"
"242.0070","0.2427","0.5080"
"242.0270","0.2424","0.4695"
"242.0470","0.2420","0.4313"
"242.0670","0.2416","0.5001"
"242.0870","0.2413","0.5156"
"242.1070","0.2409","0.4695"
"242.1270","0.2406","0.4536"
"242.1470","0.2403","0.5129"
"242.1670","0.2400","0.5173"
"242.1870","0.2397","0.4851"
"242.2070","0.2394","0.5098"
"242.2270","0.2390","0.4959"
"242.2470","0.2386","0.5072"
"242.2670","0.2382","0.4581"
"242.2870","0.2378","0.4902"
"242.3070","0.2375","0.5509"
"242.3270","0.2372","0.5419"
"242.3470","0.2369","0.5453"
"242.3670","0.2366","0.4851"
"242.3870","0.2362","0.4869"
"242.4070","0.2359","0.4850"
"242.4270","0.2355","0.4395"
"242.4470","0.2352","0.5128"
"242.4670","0.2350","0.5662"
"242.4870","0.2347","0.4843"
"242.5070","0.2344","0.4713"
"242.5270","0.2341","0.5731"
"242.5470","0.2337","0.5598"
"242.5670","0.2333","0.5385"
"242.5870","0.2328","0.5482"
"242.6070","0.2324","0.5197"
"242.6270","0.2321","0.4858"
"242.6470","0.2318","0.4961"
"242.6670","0.2316","0.4723"
"242.6870","0.2313","0.4970"
"242.7070","0.2310","0.5486"
"242.7270","0.2307","0.5318"
"242.7470","0.2303","0.4946"
"242.7670","0.2299","0.4147"
"242.7870","0.2296","0.3980"
"242.8070","0.2292","0.5097"
"242.8270","0.2290","0.5697"
"242.8470","0.2287","0.4957"
"242.8670","0.2284","0.5088"
"242.8870","0.2281","0.5174"
"242.9070","0.2277","0.4673"
"242.9270","0.2273","0.4762"
"242.9470","0.2269","0.4925"
"242.9670","0.2265","0.4120"
"242.9870","0.2261","0.4071"
"243.0070","0.2258","0.4988"
"243.0270","0.2255","0.5222"
"243.0470","0.2253","0.5338"
"243.0670","0.2249","0.4572"
"243.0870","0.2246","0.5004"
"243.1070","0.2242","0.5308"
"243.1270","0.2239","0.5585"
"243.1470","0.2236","0.5701"
"243.1670","0.2233","0.5658"
"243.1870","0.2230","0.4761"
"243.2070","0.2227","0.4644"
"243.2270","0.2224","0.4048"
"243.2470","0.2220","0.4485"
"243.2670","0.2215","0.5002"
"243.2870","0.2210","0.3945"
"243.3070","0.2207","0.3916"
"243.3270","0.2204","0.5536"
"243.3470","0.2202","0.5927"
"243.3670","0.2200","0.4836"
"243.3870","0.2197","0.4583"
"243.4070","0.2194","0.4943"
"243.4270","0.2190","0.5444"
"243.4470","0.2186","0.6042"
"243.4670","0.2182","0.5490"
"243.4870","0.2179","0.5388"
"243.5070","0.2176","0.5388"
"243.5270","0.2173","0.5038"
"243.5470","0.2170","0.4535"
"243.5670","0.2167","0.4689"
"243.5870","0.2164","0.5537"
"243.6070","0.2160","0.5564"
"243.6270","0.2155","0.5482"
"243.6470","0.2151","0.5148"
"243.6670","0.2148","0.5125"
"243.6870","0.2145","0.5345"
"243.7070","0.2142","0.5393"
"243.7270","0.2139","0.5417"
"243.7470","0.2136","0.5683"
"243.7670","0.2133","0.5269"
"243.7870","0.2129","0.5905"
"243.8070","0.2126","0.5591"
"243.8270","0.2123","0.5152"
"243.8470","0.2120","0.4664"
"243.8670","0.2117","0.4948"
"243.8870","0.2114","0.5729"
"243.9070","0.2110","0.5693"
"243.9270","0.2106","0.4571"
"243.9470","0.2102","0.4634"
"243.9670","0.2097","0.5430"
"243.9870","0.2093","0.5442"
"244.0070","0.2090","0.5517"
"244.0270","0.2088","0.5645"
"244.0470","0.2086","0.5908"
"244.0670","0.2083","0.5480"
"244.0870","0.2080","0.5913"
"244.1070","0.2077","0.5614"
"244.1270","0.2073","0.4835"
"244.1470","0.2069","0.4896"
"244.1670","0.2066","0.4820"
"244.1870","0.2062","0.4984"
"244.2070","0.2059","0.4904"
"244.2270","0.2057","0.4883"
"244.2470","0.2054","0.5215"
"244.2670","0.2050","0.4996"
"244.2870","0.2047","0.4508"
"244.3070","0.2042","0.3972"
"244.3270","0.2038","0.4660"
"244.3470","0.2034","0.4679"
"244.3670","0.2031","0.4335"
"244.3870","0.2028","0.4687"
"244.4070","0.2025","0.5200"
"244.4270","0.2023","0.4981"
"244.4470","0.2019","0.4270"
"244.4670","0.2016","0.4163"
"244.4870","0.2012","0.4550"
"244.5070","0.2009","0.4592"
"244.5270","0.2006","0.4290"
"244.5470","0.2004","0.4720"
"244.5670","0.2001","0.5465"
"244.5870","0.1997","0.5907"
"244.6070","0.1994","0.6121"
"244.6270","0.1989","0.5828"
"244.6470","0.1984","0.4359"
"244.6670","0.1980","0.4507"
"244.6870","0.1977","0.4342"
"244.7070","0.1975","0.4487"
"244.7270","0.1973","0.4659"
"244.7470","0.1970","0.4718"
"244.7670","0.1967","0.5108"
"244.7870","0.1964","0.5541"
"244.8070","0.1960","0.5243"
"244.8270","0.1956","0.4843"
"244.8470","0.1952","0.3786"
"244.8670","0.1949","0.3842"
"244.8870","0.1946","0.5214"
"244.9070","0.1943","0.4756"
"244.9270","0.1940","0.4774"
"244.9470","0.1937","0.4161"
"244.9670","0.1934","0.4559"
"244.9870","0.1930","0.5016"
"245.0070","0.1925","0.5368"
"245.0270","0.1921","0.4909"
"245.0470","0.1918","0.4433"
"245.0670","0.1915","0.4701"
"245.0870","0.1912","0.4724"
"245.1070","0.1909","0.4255"
"245.1270","0.1906","0.4400"
"245.1470","0.1903","0.4230"
"245.1670","0.1899","0.4822"
"245.1870","0.1896","0.4615"
"245.2070","0.1893","0.4393"
"245.2270","0.1890","0.4498"
"245.2470","0.1887","0.4871"
"245.2670","0.1884","0.5008"
"245.2870","0.1881","0.4546"
"245.3070","0.1877","0.4690"
"245.3270","0.1872","0.4383"
"245.3470","0.1867","0.4946"
"245.3670","0.1863","0.4736"
"245.3870","0.1860","0.3923"
"245.4070","0.1858","0.3045"
"245.4270","0.1856","0.4235"
"245.4470","0.1854","0.4972"
"245.4670","0.1851","0.5577"
"245.4870","0.1847","0.5122"
"245.5070","0.1843","0.5396"
"245.5270","0.1839","0.4887"
"245.5470","0.1836","0.4789"
"245.5670","0.1832","0.4843"
"245.5870","0.1829","0.5439"
"245.6070","0.1827","0.5072"
"245.6270","0.1824","0.4407"
"245.6470","0.1820","0.3776"
"245.6670","0.1816","0.4315"
"245.6870","0.1812","0.4430"
"245.7070","0.1808","0.4532"
"245.7270","0.1805","0.4571"
"245.7470","0.1801","0.4216"
"245.7670","0.1799","0.3724"
"245.7870","0.1796","0.4133"
"245.8070","0.1793","0.5096"
"245.8270","0.1790","0.5202"
"245.8470","0.1786","0.4592"
"245.8670","0.1783","0.4098"
"245.8870","0.1779","0.3876"
"245.9070","0.1776","0.3032"
"245.9270","0.1773","0.3990"
"245.9470","0.1771","0.3947"
"245.9670","0.1767","0.4073"
"245.9870","0.1764","0.3637"
"246.0070","0.1759","0.2891"
"246.0270","0.1755","0.3794"
"246.0470","0.1750","0.4004"
"246.0670","0.1747","0.4202"
"246.0870","0.1745","0.4290"
"246.1070","0.1742","0.4446"
"246.1270","0.1740","0.4375"
"246.1470","0.1737","0.4071"
"246.1670","0.1734","0.4670"
"246.1870","0.1730","0.4235"
"246.2070","0.1726","0.3975"
"246.2270","0.1722","0.3896"
"246.2470","0.1719","0.4580"
"246.2670","0.1716","0.4999"
"246.2870","0.1713","0.4187"
"246.3070","0.1710","0.2764"
"246.3270","0.1707","0.3627"
"246.3470","0.1704","0.4406"
"246.3670","0.1700","0.4215"
"246.3870","0.1695","0.4363"
"246.4070","0.1691","0.4609"
"246.4270","0.1688","0.4428"
"246.4470","0.1685","0.4581"
"246.4670","0.1682","0.4143"
"246.4870","0.1679","0.4190"
"246.5070","0.1676","0.4351"
"246.5270","0.1672","0.4091"
"246.5470","0.1669","0.3832"
"246.5670","0.1666","0.3589"
"246.5870","0.1663","0.4167"
"246.6070","0.1660","0.3664"
"246.6270","0.1657","0.2739"
"246.6470","0.1654","0.2701"
"246.6670","0.1651","0.3555"
"246.6870","0.1647","0.4293"
"246.7070","0.1642","0.3960"
"246.7270","0.1637","0.3846"
"246.7470","0.1633","0.2544"
"246.7670","0.1631","0.3172"
"246.7870","0.1628","0.4172"
"246.8070","0.1626","0.3959"
"246.8270","0.1624","0.3194"
"246.8470","0.1621","0.3629"
"246.8670","0.1617","0.4612"
"246.8870","0.1613","0.4266"
"246.9070","0.1609","0.3255"
"246.9270","0.1605","0.3111"
"246.9470","0.1602","0.3185"
"246.9670","0.1599","0.3573"
"246.9870","0.1597","0.3811"
"247.0070","0.1594","0.3746"
"247.0270","0.1591","0.3639"
"247.0470","0.1587","0.3222"
"247.0670","0.1583","0.3558"
"247.0870","0.1578","0.3888"
"247.1070","0.1575","0.3836"
"247.1270","0.1571","0.3496"
"247.1470","0.1568","0.2706"
"247.1670","0.1565","0.3354"
"247.1870","0.1562","0.3703"
"247.2070","0.1559","0.3709"
"247.2270","0.1555","0.3358"
"247.2470","0.1552","0.2809"
"247.2670","0.1549","0.3333"
"247.2870","0.1546","0.3477"
"247.3070","0.1543","0.4147"
"247.3270","0.1541","0.3553"
"247.3470","0.1537","0.3616"
"247.3670","0.1534","0.3592"
"247.3870","0.1529","0.3957"
"247.4070","0.1525","0.3396"
"247.4270","0.1520","0.2843"
"247.4470","0.1517","0.3345"
"247.4670","0.1515","0.3504"
"247.4870","0.1512","0.2970"
"247.5070","0.1510","0.3084"
"247.5270","0.1507","0.3220"
"247.5470","0.1503","0.2978"
"247.5670","0.1500","0.3546"
"247.5870","0.1496","0.3540"
"247.6070","0.1492","0.3580"
"247.6270","0.1489","0.3599"
"247.6470","0.1486","0.3530"
"247.6670","0.1483","0.3910"
"247.6870","0.1480","0.4135"
"247.7070","0.1477","0.3522"
"247.7270","0.1473","0.3572"
"247.7470","0.1469","0.3350"
"247.7670","0.1465","0.3162"
"247.7870","0.1461","0.3548"
"247.8070","0.1458","0.3508"
"247.8270","0.1455","0.3489"
"247.8470","0.1452","0.3345"
"247.8670","0.1449","0.3597"
"247.8870","0.1446","0.3506"
"247.9070","0.1442","0.3266"
"247.9270","0.1439","0.3302"
"247.9470","0.1435","0.3138"
"247.9670","0.1432","0.3174"
"247.9870","0.1430","0.3130"
"248.0070","0.1427","0.3008"
"248.0270","0.1424","0.3316"
"248.0470","0.1420","0.3372"
"248.0670","0.1416","0.3318"
"248.0870","0.1412","0.3135"
"248.1070","0.1407","0.3178"
"248.1270","0.1404","0.3149"
"248.1470","0.1401","0.3382"
"248.1670","0.1399","0.3056"
"248.1870","0.1396","0.2692"
"248.2070","0.1394","0.2523"
"248.2270","0.1390","0.2681"
"248.2470","0.1387","0.2663"
"248.2670","0.1383","0.2742"
"248.2870","0.1379","0.3158"
"248.3070","0.1375","0.2270"
"248.3270","0.1372","0.1259"
"248.3470","0.1369","0.1846"
"248.3670","0.1367","0.2163"
"248.3870","0.1363","0.2100"
"248.4070","0.1360","0.1656"
"248.4270","0.1356","0.1796"
"248.4470","0.1352","0.1783"
"248.4670","0.1348","0.1587"
"248.4870","0.1345","0.2292"
"248.5070","0.1341","0.2419"
"248.5270","0.1339","0.2232"
"248.5470","0.1336","0.1965"
"248.5670","0.1333","0.2209"
"248.5870","0.1329","0.2344"
"248.6070","0.1326","0.2210"
"248.6270","0.1322","0.2314"
"248.6470","0.1319","0.1870"
"248.6670","0.1316","0.2689"
"248.6870","0.1313","0.2651"
"248.7070","0.1311","0.2176"
"248.7270","0.1307","0.1967"
"248.7470","0.1304","0.2094"
"248.7670","0.1299","0.2636"
"248.7870","0.1295","0.2996"
"248.8070","0.1291","0.3192"
"248.8270","0.1287","0.2710"
"248.8470","0.1285","0.2631"
"248.8670","0.1283","0.2060"
"248.8870","0.1280","0.2051"
"248.9070","0.1277","0.1847"
"248.9270","0.1274","0.2460"
"248.9470","0.1270","0.2889"
"248.9670","0.1266","0.2685"
"248.9870","0.1262","0.3121"
"249.0070","0.1259","0.2864"
"249.0270","0.1256","0.2427"
"249.0470","0.1253","0.2203"
"249.0670","0.1250","0.3238"
"249.0870","0.1247","0.3482"
"249.1070","0.1243","0.3272"
"249.1270","0.1239","0.3300"
"249.1470","0.1235","0.2814"
"249.1670","0.1231","0.1783"
"249.1870","0.1228","0.2395"
"249.2070","0.1225","0.2550"
"249.2270","0.1222","0.2734"
"249.2470","0.1219","0.2295"
"249.2670","0.1216","0.2537"
"249.2870","0.1213","0.2595"
"249.3070","0.1209","0.2609"
"249.3270","0.1206","0.2572"
"249.3470","0.1202","0.2028"
"249.3670","0.1200","0.2447"
"249.3870","0.1197","0.2846"
"249.4070","0.1194","0.2976"
"249.4270","0.1191","0.3934"
"249.4470","0.1187","0.3168"
"249.4670","0.1182","0.3475"
"249.4870","0.1178","0.3194"
"249.5070","0.1174","0.2596"
"249.5270","0.1171","0.2668"
"249.5470","0.1169","0.3189"
"249.5670","0.1166","0.3868"
"249.5870","0.1164","0.2769"
"249.6070","0.1161","0.1977"
"249.6270","0.1157","0.2543"
"249.6470","0.1153","0.2229"
"249.6670","0.1149","0.1937"
"249.6870","0.1146","0.2153"
"249.7070","0.1142","0.1597"
"249.7270","0.1140","0.1904"
"249.7470","0.1137","0.2162"
"249.7670","0.1134","0.2150"
"249.7870","0.1130","0.1773"
"249.8070","0.1126","0.2323"
"249.8270","0.1122","0.2798"
"249.8470","0.1118","0.3056"
"249.8670","0.1114","0.2539"
"249.8870","0.1111","0.2580"
"249.9070","0.1109","0.2025"
"249.9270","0.1106","0.2177"
"249.9470","0.1103","0.1524"
"249.9670","0.1099","0.1689"
"249.9870","0.1096","0.1982"
"250.0070","0.1092","0.2240"
"250.0270","0.1089","0.1990"
"250.0470","0.1086","0.0910"
"250.0670","0.1084","0.0929"
"250.0870","0.1081","0.1573"
"250.1070","0.1077","0.1970"
"250.1270","0.1074","0.1922"
"250.1470","0.1069","0.1897"
"250.1670","0.1065","0.2731"
"250.1870","0.1061","0.2090"
"250.2070","0.1058","0.1766"
"250.2270","0.1055","0.1932"
"250.2470","0.1053","0.1387"
"250.2670","0.1050","0.0861"
"250.2870","0.1047","0.0828"
"250.3070","0.1044","0.1291"
"250.3270","0.1040","0.1502"
"250.3470","0.1036","0.1219"
"250.3670","0.1032","0.1566"
"250.3870","0.1029","0.2191"
"250.4070","0.1026","0.2409"
"250.4270","0.1023","0.1442"
"250.4470","0.1020","0.1760"
"250.4670","0.1017","0.1424"
"250.4870","0.1013","0.1447"
"250.5070","0.1009","0.0918"
"250.5270","0.1005","0.0811"
"250.5470","0.1001","0.1491"
"250.5670","0.0998","0.1263"
"250.5870","0.0995","0.1278"
"250.6070","0.0992","0.1245"
"250.6270","0.0989","0.1177"
"250.6470","0.0986","0.2215"
"250.6670","0.0982","0.1600"
"250.6870","0.0979","0.1193"
"250.7070","0.0976","0.0953"
"250.7270","0.0972","0.0756"
"250.7470","0.0970","0.1394"
"250.7670","0.0967","0.1188"
"250.7870","0.0964","0.1671"
"250.8070","0.0960","0.1689"
"250.8270","0.0956","0.1423"
"250.8470","0.0952","0.1562"
"250.8670","0.0947","0.1030"
"250.8870","0.0944","0.1264"
"250.9070","0.0941","0.1248"
"250.9270","0.0939","0.0261"
"250.9470","0.0937","0.0027"
"250.9670","0.0934","0.0228"
"250.9870","0.0931","0.1170"
"251.0070","0.0927","0.1531"
"251.0270","0.0923","0.1056"
"251.0470","0.0919","0.0765"
"251.0670","0.0916","0.1253"
"251.0870","0.0913","0.0691"
"251.1070","0.0910","0.0223"
"251.1270","0.0907","-0.0180"
"251.1470","0.0904","0.0293"
"251.1670","0.0900","0.0444"
"251.1870","0.0896","0.1655"
"251.2070","0.0891","0.1795"
"251.2270","0.0887","0.1284"
"251.2470","0.0884","0.1035"
"251.2670","0.0881","0.0326"
"251.2870","0.0878","0.0763"
"251.3070","0.0876","0.0666"
"251.3270","0.0873","0.0717"
"251.3470","0.0869","0.0766"
"251.3670","0.0866","0.0795"
"251.3870","0.0862","0.0760"
"251.4070","0.0859","0.1186"
"251.4270","0.0856","0.1061"
"251.4470","0.0853","0.0788"
"251.4670","0.0850","0.0124"
"251.4870","0.0847","0.0575"
"251.5070","0.0843","0.1545"
"251.5270","0.0839","0.0091"
"251.5470","0.0834","-0.0062"
"251.5670","0.0830","-0.0190"
"251.5870","0.0827","0.1012"
"251.6070","0.0825","0.0789"
"251.6270","0.0823","0.0881"
"251.6470","0.0820","0.0691"
"251.6670","0.0817","0.0134"
"251.6870","0.0814","0.0254"
"251.7070","0.0810","0.1142"
"251.7270","0.0806","0.2449"
"251.7470","0.0803","0.2099"
"251.7670","0.0799","0.1435"
"251.7870","0.0796","0.0655"
"251.8070","0.0794","0.0107"
"251.8270","0.0791","0.1294"
"251.8470","0.0787","0.0999"
"251.8670","0.0783","0.1005"
"251.8870","0.0779","0.0740"
"251.9070","0.0775","0.0779"
"251.9270","0.0771","0.0078"
"251.9470","0.0768","0.0242"
"251.9670","0.0765","0.0637"
"251.9870","0.0762","0.0422"
"252.0070","0.0759","0.0511"
"252.0270","0.0756","0.0388"
"252.0470","0.0752","0.0424"
"252.0670","0.0749","0.0364"
"252.0870","0.0746","0.0451"
"252.1070","0.0743","0.0931"
"252.1270","0.0740","0.0518"
"252.1470","0.0737","0.0438"
"252.1670","0.0734","0.0676"
"252.1870","0.0730","0.0660"
"252.2070","0.0726","0.0086"
"252.2270","0.0722","0.0116"
"252.2470","0.0717","-0.0104"
"252.2670","0.0714","-0.0843"
"252.2870","0.0711","-0.0749"
"252.3070","0.0709","0.0198"
"252.3270","0.0707","-0.0082"
"252.3470","0.0704","-0.0274"
"252.3670","0.0700","0.0143"
"252.3870","0.0697","0.0308"
"252.4070","0.0693","0.0433"
"252.4270","0.0689","0.0279"
"252.4470","0.0686","-0.0083"
"252.4670","0.0683","0.0218"
"252.4870","0.0680","-0.0244"
"252.5070","0.0677","-0.0324"
"252.5270","0.0674","-0.1016"
"252.5470","0.0671","-0.0930"
"252.5670","0.0667","-0.0460"
"252.5870","0.0662","-0.0382"
"252.6070","0.0658","-0.0430"
"252.6270","0.0655","-0.0173"
"252.6470","0.0651","-0.0016"
"252.6670","0.0648","0.0372"
"252.6870","0.0646","0.0391"
"252.7070","0.0642","0.0198"
"252.7270","0.0639","-0.0505"
"252.7470","0.0636","-0.0497"
"252.7670","0.0632","0.0048"
"252.7870","0.0629","-0.0169"
"252.8070","0.0626","-0.0521"
"252.8270","0.0623","-0.0671"
"252.8470","0.0620","-0.0632"
"252.8670","0.0617","-0.0552"
"252.8870","0.0613","-0.0781"
"252.9070","0.0609","-0.0016"
"252.9270","0.0604","-0.0466"
"252.9470","0.0600","-0.1069"
"252.9670","0.0598","-0.0199"
"252.9870","0.0595","0.0230"
"253.0070","0.0593","0.0191"
"253.0270","0.0590","-0.0295"
"253.0470","0.0587","-0.1052"
"253.0670","0.0584","-0.0838"
"253.0870","0.0580","0.0070"
"253.1070","0.0576","0.0456"
"253.1270","0.0572","-0.0157"
"253.1470","0.0569","-0.1040"
"253.1670","0.0566","-0.0746"
"253.1870","0.0563","-0.0451"
"253.2070","0.0560","-0.0847"
"253.2270","0.0557","-0.0572"
"253.2470","0.0553","-0.0621"
"253.2670","0.0549","-0.0983"
"253.2870","0.0545","-0.0441"
"253.3070","0.0541","-0.0152"
"253.3270","0.0538","-0.0350"
"253.3470","0.0535","-0.1156"
"253.3670","0.0532","-0.0878"
"253.3870","0.0529","-0.0294"
"253.4070","0.0526","-0.0564"
"253.4270","0.0522","-0.1171"
"253.4470","0.0519","-0.0889"
"253.4670","0.0515","-0.0678"
"253.4870","0.0513","-0.0451"
"253.5070","0.0510","-0.0321"
"253.5270","0.0507","-0.0507"
"253.5470","0.0504","-0.0371"
"253.5670","0.0500","-0.0152"
"253.5870","0.0496","-0.0230"
"253.6070","0.0491","-0.0561"
"253.6270","0.0487","-0.0865"
"253.6470","0.0484","-0.0253"
"253.6670","0.0481","-0.0185"
"253.6870","0.0479","0.0295"
"253.7070","0.0477","-0.0274"
"253.7270","0.0474","-0.1146"
"253.7470","0.0470","-0.1351"
"253.7670","0.0467","-0.0924"
"253.7870","0.0463","-0.1136"
"253.8070","0.0459","-0.1177"
"253.8270","0.0456","-0.1287"
"253.8470","0.0453","-0.1411"
"253.8670","0.0450","-0.1111"
"253.8870","0.0447","0.0074"
"253.9070","0.0444","-0.0354"
"253.9270","0.0441","-0.0572"
"253.9470","0.0436","-0.0066"
"253.9670","0.0432","0.0038"
"253.9870","0.0428","-0.0591"
"254.0070","0.0424","-0.0436"
"254.0270","0.0421","-0.0702"
"254.0470","0.0418","-0.0799"
"254.0670","0.0415","-0.1182"
"254.0870","0.0412","-0.1712"
"254.1070","0.0409","-0.2051"
"254.1270","0.0405","-0.1306"
"254.1470","0.0402","-0.0803"
"254.1670","0.0399","-0.0604"
"254.1870","0.0397","-0.0849"
"254.2070","0.0394","-0.1163"
"254.2270","0.0391","-0.0916"
"254.2470","0.0387","-0.1040"
"254.2670","0.0383","-0.1079"
"254.2870","0.0379","-0.0394"
"254.3070","0.0374","-0.0505"
"254.3270","0.0370","-0.1578"
"254.3470","0.0368","-0.1684"
"254.3670","0.0365","-0.0620"
"254.3870","0.0363","-0.0519"
"254.4070","0.0360","-0.0641"
"254.4270","0.0357","-0.0788"
"254.4470","0.0354","-0.1017"
"254.4670","0.0350","-0.1145"
"254.4870","0.0346","-0.1739"
"254.5070","0.0342","-0.1866"
"254.5270","0.0339","-0.1117"
"254.5470","0.0336","-0.1053"
"254.5670","0.0334","-0.1340"
"254.5870","0.0331","-0.1798"
"254.6070","0.0327","-0.2044"
"254.6270","0.0324","-0.1415"
"254.6470","0.0319","-0.1114"
"254.6670","0.0315","-0.1328"
"254.6870","0.0311","-0.1519"
"254.7070","0.0308","-0.1841"
"254.7270","0.0305","-0.2032"
"254.7470","0.0302","-0.2017"
"254.7670","0.0299","-0.2243"
"254.7870","0.0295","-0.2336"
"254.8070","0.0292","-0.1907"
"254.8270","0.0288","-0.1329"
"254.8470","0.0285","-0.1086"
"254.8670","0.0283","-0.0959"
"254.8870","0.0280","-0.0782"
"254.9070","0.0277","0.0136"
"254.9270","0.0274","-0.0005"
"254.9470","0.0270","-0.0616"
"254.9510","0.0269","-0.0712"

