Time,Displacement,Force
(s),(mm),(N)
"0.0000","0.0000","0.0204"
"0.0200","0.0000","0.0073"
"0.0400","0.0000","-0.1119"
"0.0600","0.0001","-0.0616"
"0.0800","0.0003","0.0474"
"0.1000","0.0005","0.0754"
"0.1200","0.0005","0.0682"
"0.1400","0.0006","0.0640"
"0.1600","0.0007","0.0772"
"0.1800","0.0010","0.0604"
"0.2000","0.0013","0.0409"
"0.2200","0.0018","0.1419"
"0.2400","0.0022","0.1592"
"0.2600","0.0026","0.1361"
"0.2800","0.0031","0.0530"
"0.3000","0.0036","0.1667"
"0.3200","0.0040","0.2371"
"0.3400","0.0043","0.2840"
"0.3600","0.0046","0.2482"
"0.3800","0.0049","0.2515"
"0.4000","0.0052","0.2432"
"0.4200","0.0056","0.1981"
"0.4400","0.0060","0.1668"
"0.4600","0.0065","0.1891"
"0.4800","0.0068","0.1614"
"0.5000","0.0072","0.1558"
"0.5200","0.0075","0.1461"
"0.5400","0.0078","0.1672"
"0.5600","0.0081","0.2215"
"0.5800","0.0085","0.1802"
"0.6000","0.0090","0.1695"
"0.6200","0.0095","0.2667"
"0.6400","0.0099","0.2995"
"0.6600","0.0102","0.2819"
"0.6800","0.0104","0.3002"
"0.7000","0.0106","0.3402"
"0.7200","0.0109","0.3402"
"0.7400","0.0112","0.3472"
"0.7600","0.0116","0.3868"
"0.7800","0.0119","0.4480"
"0.8000","0.0123","0.5628"
"0.8200","0.0127","0.5761"
"0.8400","0.0130","0.6300"
"0.8600","0.0133","0.6214"
"0.8800","0.0136","0.6329"
"0.9000","0.0139","0.7604"
"0.9200","0.0143","0.7882"
"0.9400","0.0147","0.7623"
"0.9600","0.0151","0.8874"
"0.9800","0.0154","0.9600"
"1.0000","0.0157","0.9992"
"1.0200","0.0159","0.9755"
"1.0400","0.0162","1.0166"
"1.0600","0.0164","1.0375"
"1.0800","0.0167","1.0265"
"1.1000","0.0170","1.0654"
"1.1200","0.0174","1.1570"
"1.1400","0.0178","1.2216"
"1.1600","0.0181","1.1934"
"1.1800","0.0184","1.2060"
"1.2000","0.0187","1.2016"
"1.2200","0.0190","1.0928"
"1.2400","0.0193","1.1788"
"1.2600","0.0196","1.2140"
"1.2800","0.0200","1.2656"
"1.3000","0.0205","1.2307"
"1.3200","0.0210","1.2621"
"1.3400","0.0214","1.3142"
"1.3600","0.0217","1.3928"
"1.3800","0.0220","1.3801"
"1.4000","0.0222","1.3866"
"1.4200","0.0225","1.3680"
"1.4400","0.0229","1.3912"
"1.4600","0.0232","1.4240"
"1.4800","0.0237","1.5334"
"1.5000","0.0241","1.5343"
"1.5200","0.0244","1.5176"
"1.5400","0.0247","1.5397"
"1.5600","0.0250","1.5595"
"1.5800","0.0254","1.5230"
"1.6000","0.0258","1.5140"
"1.6200","0.0262","1.5778"
"1.6400","0.0266","1.4995"
"1.6600","0.0269","1.4656"
"1.6800","0.0272","1.5669"
"1.7000","0.0274","1.5523"
"1.7200","0.0277","1.5034"
"1.7400","0.0279","1.4904"
"1.7600","0.0282","1.5138"
"1.7800","0.0286","1.5578"
"1.8000","0.0289","1.5443"
"1.8200","0.0293","1.5757"
"1.8400","0.0297","1.6556"
"1.8600","0.0300","1.6666"
"1.8800","0.0302","1.6021"
"1.9000","0.0305","1.5786"
"1.9200","0.0307","1.5912"
"1.9400","0.0311","1.6173"
"1.9600","0.0314","1.5652"
"1.9800","0.0319","1.6725"
"2.0000","0.0323","1.6599"
"2.0200","0.0327","1.6109"
"2.0400","0.0331","1.6149"
"2.0600","0.0333","1.6485"
"2.0800","0.0335","1.6697"
"2.1000","0.0338","1.6942"
"2.1200","0.0341","1.7260"
"2.1400","0.0344","1.8199"
"2.1600","0.0348","1.8107"
"2.1800","0.0352","1.8074"
"2.2000","0.0356","1.8662"
"2.2200","0.0359","1.8758"
"2.2400","0.0363","1.8128"
"2.2600","0.0366","1.8025"
"2.2800","0.0369","1.8807"
"2.3000","0.0373","1.8580"
"2.3200","0.0378","1.8671"
"2.3400","0.0382","1.9206"
"2.3600","0.0385","1.8625"
"2.3800","0.0388","1.9442"
"2.4000","0.0390","1.9553"
"2.4200","0.0393","2.0013"
"2.4400","0.0395","1.9845"
"2.4600","0.0399","1.9453"
"2.4800","0.0402","1.9149"
"2.5000","0.0406","1.9336"
"2.5200","0.0410","2.0275"
"2.5400","0.0414","2.0716"
"2.5600","0.0417","2.0364"
"2.5800","0.0419","2.0055"
"2.6000","0.0422","1.9937"
"2.6200","0.0425","1.9328"
"2.6400","0.0428","1.8997"
"2.6600","0.0433","1.9997"
"2.6800","0.0437","2.0439"
"2.7000","0.0441","1.9349"
"2.7200","0.0445","2.0043"
"2.7400","0.0448","2.0020"
"2.7600","0.0450","1.9276"
"2.7800","0.0452","1.9544"
"2.8000","0.0455","2.0202"
"2.8200","0.0458","2.0658"
"2.8400","0.0462","2.0479"
"2.8600","0.0465","2.0514"
"2.8800","0.0469","2.1057"
"2.9000","0.0472","2.1696"
"2.9200","0.0475","2.2522"
"2.9400","0.0478","2.2417"
"2.9600","0.0482","2.1039"
"2.9800","0.0485","2.0489"
"3.0000","0.0489","2.1238"
"3.0200","0.0494","2.1844"
"3.0400","0.0497","2.2103"
"3.0600","0.0500","2.1992"
"3.0800","0.0503","2.1970"
"3.1000","0.0506","2.1458"
"3.1200","0.0508","2.1679"
"3.1400","0.0511","2.2407"
"3.1600","0.0515","2.3010"
"3.1800","0.0519","2.2876"
"3.2000","0.0523","2.2803"
"3.2200","0.0527","2.2546"
"3.2400","0.0531","2.1975"
"3.2600","0.0533","2.1787"
"3.2800","0.0536","2.2152"
"3.3000","0.0539","2.2802"
"3.3200","0.0543","2.3250"
"3.3400","0.0547","2.3024"
"3.3600","0.0551","2.3805"
"3.3800","0.0556","2.3600"
"3.4000","0.0560","2.3559"
"3.4200","0.0562","2.3887"
"3.4400","0.0564","2.3969"
"3.4600","0.0567","2.4332"
"3.4800","0.0569","2.4586"
"3.5000","0.0572","2.4801"
"3.5200","0.0576","2.3921"
"3.5400","0.0580","2.3731"
"3.5600","0.0583","2.4371"
"3.5800","0.0587","2.4224"
"3.6000","0.0590","2.4265"
"3.6200","0.0593","2.4251"
"3.6400","0.0596","2.4046"
"3.6600","0.0599","2.5144"
"3.6800","0.0603","2.5811"
"3.7000","0.0607","2.5720"
"3.7200","0.0611","2.5973"
"3.7400","0.0614","2.5368"
"3.7600","0.0616","2.5615"
"3.7800","0.0619","2.4789"
"3.8000","0.0621","2.5218"
"3.8200","0.0624","2.4912"
"3.8400","0.0627","2.4383"
"3.8600","0.0630","2.4024"
"3.8800","0.0634","2.4285"
"3.9000","0.0638","2.5024"
"3.9200","0.0641","2.5468"
"3.9400","0.0644","2.5416"
"3.9600","0.0647","2.5144"
"3.9800","0.0650","2.4980"
"4.0000","0.0653","2.5542"
"4.0200","0.0657","2.4703"
"4.0400","0.0661","2.4086"
"4.0600","0.0666","2.4847"
"4.0800","0.0671","2.5560"
"4.1000","0.0675","2.6294"
"4.1200","0.0678","2.6437"
"4.1400","0.0680","2.5826"
"4.1600","0.0683","2.6338"
"4.1800","0.0686","2.6495"
"4.2000","0.0689","2.5624"
"4.2200","0.0693","2.5888"
"4.2400","0.0697","2.5331"
"4.2600","0.0701","2.4719"
"4.2800","0.0705","2.6015"
"4.3000","0.0708","2.6105"
"4.3200","0.0711","2.6140"
"4.3400","0.0715","2.5856"
"4.3600","0.0719","2.6290"
"4.3800","0.0723","2.6298"
"4.4000","0.0727","2.5783"
"4.4200","0.0730","2.5432"
"4.4400","0.0732","2.6158"
"4.4600","0.0735","2.7168"
"4.4800","0.0737","2.6854"
"4.5000","0.0739","2.6484"
"4.5200","0.0742","2.6471"
"4.5400","0.0746","2.5969"
"4.5600","0.0750","2.6233"
"4.5800","0.0753","2.6521"
"4.6000","0.0757","2.6791"
"4.6200","0.0759","2.6874"
"4.6400","0.0762","2.6968"
"4.6600","0.0765","2.8541"
"4.6800","0.0767","2.7824"
"4.7000","0.0771","2.7400"
"4.7200","0.0775","2.7805"
"4.7400","0.0779","2.7488"
"4.7600","0.0783","2.7135"
"4.7800","0.0787","2.7552"
"4.8000","0.0790","2.8298"
"4.8200","0.0793","2.7955"
"4.8400","0.0795","2.7557"
"4.8600","0.0798","2.7510"
"4.8800","0.0800","2.8241"
"4.9000","0.0804","2.8707"
"4.9200","0.0807","2.8587"
"4.9400","0.0811","2.8104"
"4.9600","0.0815","2.8562"
"4.9800","0.0819","2.8674"
"5.0000","0.0822","2.8486"
"5.0200","0.0825","2.8903"
"5.0400","0.0829","2.8591"
"5.0600","0.0833","2.9905"
"5.0800","0.0837","3.0038"
"5.1000","0.0841","3.0477"
"5.1200","0.0845","3.0349"
"5.1400","0.0847","3.0432"
"5.1600","0.0850","3.0545"
"5.1800","0.0852","2.9889"
"5.2000","0.0855","3.0140"
"5.2200","0.0858","3.0361"
"5.2400","0.0862","3.0819"
"5.2600","0.0866","2.9991"
"5.2800","0.0870","3.0550"
"5.3000","0.0873","3.0956"
"5.3200","0.0876","3.1106"
"5.3400","0.0879","3.1139"
"5.3600","0.0882","3.1218"
"5.3800","0.0885","3.0605"
"5.4000","0.0889","3.0637"
"5.4200","0.0893","3.1350"
"5.4400","0.0898","3.2204"
"5.4600","0.0902","3.1362"
"5.4800","0.0905","3.0871"
"5.5000","0.0908","3.1457"
"5.5200","0.0910","3.1891"
"5.5400","0.0912","3.1231"
"5.5600","0.0915","3.0881"
"5.5800","0.0918","3.0617"
"5.6000","0.0922","3.0585"
"5.6200","0.0926","3.0966"
"5.6400","0.0929","3.1723"
"5.6600","0.0933","3.2106"
"5.6800","0.0936","3.1879"
"5.7000","0.0939","3.2253"
"5.7200","0.0942","3.2113"
"5.7400","0.0946","3.2413"
"5.7600","0.0950","3.2287"
"5.7800","0.0955","3.1503"
"5.8000","0.0958","3.2438"
"5.8200","0.0961","3.2302"
"5.8400","0.0963","3.1954"
"5.8600","0.0966","3.1551"
"5.8800","0.0969","3.1704"
"5.9000","0.0972","3.1883"
"5.9200","0.0975","3.2853"
"5.9400","0.0979","3.3270"
"5.9600","0.0983","3.3385"
"5.9800","0.0987","3.3199"
"6.0000","0.0990","3.2151"
"6.0200","0.0992","3.1895"
"6.0400","0.0995","3.1972"
"6.0600","0.0998","3.2708"
"6.0800","0.1001","3.2883"
"6.1000","0.1005","3.2299"
"6.1200","0.1010","3.1969"
"6.1400","0.1015","3.2333"
"6.1600","0.1019","3.3143"
"6.1800","0.1022","3.3249"
"6.2000","0.1024","3.3355"
"6.2200","0.1026","3.3144"
"6.2400","0.1029","3.3588"
"6.2600","0.1032","3.2708"
"6.2800","0.1035","3.2268"
"6.3000","0.1039","3.3128"
"6.3200","0.1043","3.3276"
"6.3400","0.1046","3.3244"
"6.3600","0.1050","3.3754"
"6.3800","0.1053","3.3594"
"6.4000","0.1056","3.3313"
"6.4200","0.1059","3.2865"
"6.4400","0.1063","3.3508"
"6.4600","0.1068","3.4369"
"6.4800","0.1071","3.4325"
"6.5000","0.1074","3.3602"
"6.5200","0.1077","3.3503"
"6.5400","0.1079","3.3088"
"6.5600","0.1082","3.3768"
"6.5800","0.1085","3.3875"
"6.6000","0.1088","3.4534"
"6.6200","0.1092","3.4567"
"6.6400","0.1096","3.4093"
"6.6600","0.1100","3.4622"
"6.6800","0.1103","3.4487"
"6.7000","0.1106","3.4545"
"6.7200","0.1109","3.4696"
"6.7400","0.1111","3.4823"
"6.7600","0.1114","3.4742"
"6.7800","0.1118","3.4412"
"6.8000","0.1123","3.5147"
"6.8200","0.1128","3.5685"
"6.8400","0.1132","3.5710"
"6.8600","0.1136","3.5452"
"6.8800","0.1138","3.5666"
"6.9000","0.1140","3.4697"
"6.9200","0.1143","3.5195"
"6.9400","0.1145","3.5954"
"6.9600","0.1148","3.5774"
"6.9800","0.1152","3.5383"
"7.0000","0.1156","3.6099"
"7.0200","0.1159","3.7221"
"7.0400","0.1163","3.7003"
"7.0600","0.1166","3.7049"
"7.0800","0.1169","3.6622"
"7.1000","0.1173","3.6203"
"7.1200","0.1176","3.6151"
"7.1400","0.1181","3.6891"
"7.1600","0.1185","3.7445"
"7.1800","0.1188","3.6709"
"7.2000","0.1191","3.6029"
"7.2200","0.1194","3.6330"
"7.2400","0.1196","3.7217"
"7.2600","0.1199","3.7745"
"7.2800","0.1202","3.6869"
"7.3000","0.1205","3.6254"
"7.3200","0.1209","3.6700"
"7.3400","0.1213","3.7073"
"7.3600","0.1217","3.7670"
"7.3800","0.1220","3.8470"
"7.4000","0.1223","3.8000"
"7.4200","0.1225","3.8358"
"7.4400","0.1228","3.7982"
"7.4600","0.1231","3.7157"
"7.4800","0.1236","3.8163"
"7.5000","0.1240","3.8749"
"7.5200","0.1245","3.8920"
"7.5400","0.1249","3.9023"
"7.5600","0.1251","3.9221"
"7.5800","0.1254","3.8425"
"7.6000","0.1256","3.8670"
"7.6200","0.1259","3.9247"
"7.6400","0.1262","3.9466"
"7.6600","0.1265","3.9213"
"7.6800","0.1269","3.9542"
"7.7000","0.1273","4.0305"
"7.7200","0.1276","3.9669"
"7.7400","0.1280","3.9138"
"7.7600","0.1283","4.0001"
"7.7800","0.1286","3.9861"
"7.8000","0.1289","4.0244"
"7.8200","0.1293","4.0095"
"7.8400","0.1297","4.0237"
"7.8600","0.1301","4.0184"
"7.8800","0.1304","4.0571"
"7.9000","0.1307","4.0399"
"7.9200","0.1309","3.9768"
"7.9400","0.1312","3.9743"
"7.9600","0.1315","4.1135"
"7.9800","0.1318","4.0591"
"8.0000","0.1322","4.0240"
"8.0200","0.1326","4.0273"
"8.0400","0.1330","4.0033"
"8.0600","0.1333","3.9941"
"8.0800","0.1336","4.0963"
"8.1000","0.1339","4.1434"
"8.1200","0.1342","4.1344"
"8.1400","0.1345","4.1078"
"8.1600","0.1348","4.0647"
"8.1800","0.1353","4.1027"
"8.2000","0.1357","4.1209"
"8.2200","0.1362","4.0563"
"8.2400","0.1365","4.0848"
"8.2600","0.1367","4.0968"
"8.2800","0.1370","4.1335"
"8.3000","0.1372","4.0668"
"8.3200","0.1375","4.0013"
"8.3400","0.1378","4.1056"
"8.3600","0.1382","4.1980"
"8.3800","0.1386","4.1847"
"8.4000","0.1389","4.1193"
"8.4200","0.1393","4.0930"
"8.4400","0.1396","4.1602"
"8.4600","0.1399","4.0960"
"8.4800","0.1403","4.1502"
"8.5000","0.1407","4.1537"
"8.5200","0.1410","4.1228"
"8.5400","0.1414","4.0930"
"8.5600","0.1418","4.1492"
"8.5800","0.1421","4.1886"
"8.6000","0.1423","4.2186"
"8.6200","0.1426","4.2598"
"8.6400","0.1428","4.1552"
"8.6600","0.1431","4.1069"
"8.6800","0.1435","4.1161"
"8.7000","0.1439","4.1305"
"8.7200","0.1443","4.1408"
"8.7400","0.1446","4.1466"
"8.7600","0.1449","4.1869"
"8.7800","0.1452","4.1674"
"8.8000","0.1455","4.1184"
"8.8200","0.1458","4.1049"
"8.8400","0.1461","4.1435"
"8.8600","0.1466","4.1996"
"8.8800","0.1470","4.2079"
"8.9000","0.1475","4.1230"
"8.9200","0.1478","4.1212"
"8.9400","0.1481","4.1803"
"8.9600","0.1483","4.2311"
"8.9800","0.1486","4.2243"
"9.0000","0.1488","4.3123"
"9.0200","0.1492","4.2754"
"9.0400","0.1495","4.1634"
"9.0600","0.1499","4.1401"
"9.0800","0.1503","4.2207"
"9.1000","0.1506","4.2270"
"9.1200","0.1509","4.2430"
"9.1400","0.1512","4.2124"
"9.1600","0.1516","4.1502"
"9.1800","0.1519","4.1785"
"9.2000","0.1523","4.2440"
"9.2200","0.1527","4.3075"
"9.2400","0.1531","4.1931"
"9.2600","0.1534","4.1697"
"9.2800","0.1537","4.2014"
"9.3000","0.1539","4.1842"
"9.3200","0.1542","4.1730"
"9.3400","0.1545","4.2331"
"9.3600","0.1548","4.2271"
"9.3800","0.1552","4.2092"
"9.4000","0.1556","4.2655"
"9.4200","0.1559","4.2647"
"9.4400","0.1563","4.2347"
"9.4600","0.1566","4.2913"
"9.4800","0.1569","4.3068"
"9.5000","0.1572","4.2884"
"9.5200","0.1575","4.2575"
"9.5400","0.1579","4.2423"
"9.5600","0.1584","4.3092"
"9.5800","0.1588","4.3526"
"9.6000","0.1592","4.3534"
"9.6200","0.1595","4.2909"
"9.6400","0.1597","4.2554"
"9.6600","0.1599","4.2248"
"9.6800","0.1602","4.2661"
"9.7000","0.1605","4.3646"
"9.7200","0.1608","4.4001"
"9.7400","0.1612","4.4312"
"9.7600","0.1616","4.4196"
"9.7800","0.1620","4.3959"
"9.8000","0.1623","4.4277"
"9.8200","0.1626","4.4718"
"9.8400","0.1629","4.5246"
"9.8600","0.1633","4.6009"
"9.8800","0.1637","4.6385"
"9.9000","0.1641","4.6170"
"9.9200","0.1644","4.6335"
"9.9400","0.1648","4.6752"
"9.9600","0.1651","4.6084"
"9.9800","0.1653","4.5916"
"10.0000","0.1656","4.6167"
"10.0200","0.1658","4.5923"
"10.0400","0.1662","4.5762"
"10.0600","0.1665","4.6291"
"10.0800","0.1669","4.6269"
"10.1000","0.1673","4.6434"
"10.1200","0.1676","4.6981"
"10.1400","0.1679","4.7882"
"10.1600","0.1682","4.7598"
"10.1800","0.1685","4.7455"
"10.2000","0.1688","4.7565"
"10.2200","0.1692","4.7632"
"10.2400","0.1697","4.7785"
"10.2600","0.1701","4.7686"
"10.2800","0.1706","4.8967"
"10.3000","0.1709","4.9514"
"10.3200","0.1711","4.8764"
"10.3400","0.1713","4.8443"
"10.3600","0.1716","4.8152"
"10.3800","0.1718","4.8606"
"10.4000","0.1722","4.9022"
"10.4200","0.1725","4.9030"
"10.4400","0.1729","4.8917"
"10.4600","0.1733","4.8539"
"10.4800","0.1737","4.9026"
"10.5000","0.1740","4.9390"
"10.5200","0.1743","4.8964"
"10.5400","0.1746","4.8585"
"10.5600","0.1750","4.9762"
"10.5800","0.1754","4.9583"
"10.6000","0.1757","4.9198"
"10.6200","0.1761","4.8746"
"10.6400","0.1764","4.8650"
"10.6600","0.1766","4.9170"
"10.6800","0.1769","4.8781"
"10.7000","0.1772","4.9344"
"10.7200","0.1775","4.9035"
"10.7400","0.1778","4.8534"
"10.7600","0.1782","4.9461"
"10.7800","0.1786","5.0288"
"10.8000","0.1790","4.9666"
"10.8200","0.1793","5.0321"
"10.8400","0.1796","5.0490"
"10.8600","0.1798","5.0019"
"10.8800","0.1801","5.0323"
"10.9000","0.1805","5.0826"
"10.9200","0.1809","5.1564"
"10.9400","0.1814","5.1407"
"10.9600","0.1818","5.1474"
"10.9800","0.1822","5.1345"
"11.0000","0.1825","5.0921"
"11.0200","0.1827","5.0574"
"11.0400","0.1829","5.0477"
"11.0600","0.1832","5.1140"
"11.0800","0.1835","5.1213"
"11.1000","0.1838","5.1239"
"11.1200","0.1842","5.0719"
"11.1400","0.1847","5.0809"
"11.1600","0.1850","5.0579"
"11.1800","0.1854","5.1202"
"11.2000","0.1857","5.0694"
"11.2200","0.1860","5.0407"
"11.2400","0.1863","5.0625"
"11.2600","0.1867","5.0714"
"11.2800","0.1871","5.0933"
"11.3000","0.1874","5.0972"
"11.3200","0.1877","5.0869"
"11.3400","0.1880","5.0977"
"11.3600","0.1883","5.1141"
"11.3800","0.1885","5.1948"
"11.4000","0.1888","5.2052"
"11.4200","0.1891","5.1315"
"11.4400","0.1895","5.1902"
"11.4600","0.1899","5.1856"
"11.4800","0.1903","5.2044"
"11.5000","0.1906","5.2742"
"11.5200","0.1909","5.3591"
"11.5400","0.1911","5.2973"
"11.5600","0.1914","5.2560"
"11.5800","0.1917","5.3131"
"11.6000","0.1921","5.3336"
"11.6200","0.1926","5.3407"
"11.6400","0.1931","5.3355"
"11.6600","0.1935","5.3315"
"11.6800","0.1939","5.4039"
"11.7000","0.1941","5.4815"
"11.7200","0.1943","5.5621"
"11.7400","0.1946","5.6184"
"11.7600","0.1948","5.5967"
"11.7800","0.1952","5.5952"
"11.8000","0.1955","5.5608"
"11.8200","0.1959","5.5221"
"11.8400","0.1963","5.5780"
"11.8600","0.1966","5.6405"
"11.8800","0.1970","5.6297"
"11.9000","0.1973","5.6734"
"11.9200","0.1976","5.6939"
"11.9400","0.1979","5.7134"
"11.9600","0.1983","5.7175"
"11.9800","0.1987","5.7606"
"12.0000","0.1991","5.7453"
"12.0200","0.1994","5.7869"
"12.0400","0.1997","5.8422"
"12.0600","0.1999","5.8096"
"12.0800","0.2002","5.7941"
"12.1000","0.2005","5.7419"
"12.1200","0.2008","5.7485"
"12.1400","0.2012","5.6750"
"12.1600","0.2016","5.6786"
"12.1800","0.2020","5.8414"
"12.2000","0.2023","5.8583"
"12.2200","0.2025","5.8766"
"12.2400","0.2028","5.8654"
"12.2600","0.2031","5.9321"
"12.2800","0.2034","6.0050"
"12.3000","0.2039","5.9675"
"12.3200","0.2043","5.9937"
"12.3400","0.2048","5.9715"
"12.3600","0.2052","5.9610"
"12.3800","0.2055","5.9743"
"12.4000","0.2057","5.8640"
"12.4200","0.2059","5.8793"
"12.4400","0.2062","5.8973"
"12.4600","0.2065","5.9171"
"12.4800","0.2069","6.0247"
"12.5000","0.2072","6.0999"
"12.5200","0.2076","6.1334"
"12.5400","0.2080","6.1905"
"12.5600","0.2083","6.1706"
"12.5800","0.2086","6.1692"
"12.6000","0.2089","6.1723"
"12.6200","0.2093","6.2294"
"12.6400","0.2097","6.2404"
"12.6600","0.2101","6.2930"
"12.6800","0.2105","6.2501"
"12.7000","0.2108","6.2191"
"12.7200","0.2111","6.2382"
"12.7400","0.2113","6.2609"
"12.7600","0.2116","6.3053"
"12.7800","0.2118","6.3285"
"12.8000","0.2122","6.2402"
"12.8200","0.2125","6.2276"
"12.8400","0.2129","6.2741"
"12.8600","0.2133","6.3826"
"12.8800","0.2136","6.4358"
"12.9000","0.2139","6.3810"
"12.9200","0.2142","6.2988"
"12.9400","0.2144","6.3093"
"12.9600","0.2148","6.3810"
"12.9800","0.2152","6.4585"
"13.0000","0.2156","6.4462"
"13.0200","0.2161","6.4793"
"13.0400","0.2165","6.5438"
"13.0600","0.2168","6.6222"
"13.0800","0.2171","6.6144"
"13.1000","0.2173","6.5658"
"13.1200","0.2175","6.5215"
"13.1400","0.2178","6.5736"
"13.1600","0.2182","6.5579"
"13.1800","0.2186","6.4798"
"13.2000","0.2190","6.4449"
"13.2200","0.2193","6.5547"
"13.2400","0.2196","6.6459"
"13.2600","0.2199","6.5938"
"13.2800","0.2203","6.6540"
"13.3000","0.2206","6.6875"
"13.3200","0.2210","6.6870"
"13.3400","0.2214","6.7549"
"13.3600","0.2218","6.7178"
"13.3800","0.2222","6.6589"
"13.4000","0.2224","6.5329"
"13.4200","0.2227","6.6409"
"13.4400","0.2229","6.8413"
"13.4600","0.2232","6.8417"
"13.4800","0.2235","6.8315"
"13.5000","0.2239","6.7811"
"13.5200","0.2243","6.7363"
"13.5400","0.2246","6.7375"
"13.5600","0.2250","6.7686"
"13.5800","0.2253","6.8345"
"13.6000","0.2255","6.9815"
"13.6200","0.2258","6.9922"
"13.6400","0.2261","6.9530"
"13.6600","0.2265","6.9425"
"13.6800","0.2269","6.9027"
"13.7000","0.2274","6.9016"
"13.7200","0.2278","6.8677"
"13.7400","0.2281","6.9422"
"13.7600","0.2284","7.0108"
"13.7800","0.2286","7.0698"
"13.8000","0.2289","7.0346"
"13.8200","0.2292","7.0009"
"13.8400","0.2295","6.9895"
"13.8600","0.2299","6.9455"
"13.8800","0.2303","6.9113"
"13.9000","0.2306","6.8949"
"13.9200","0.2310","6.9364"
"13.9400","0.2313","6.9847"
"13.9600","0.2316","6.9354"
"13.9800","0.2319","6.9304"
"14.0000","0.2323","7.0209"
"14.0200","0.2327","7.0026"
"14.0400","0.2331","7.0137"
"14.0600","0.2335","7.0266"
"14.0800","0.2338","7.0257"
"14.1000","0.2341","6.9405"
"14.1200","0.2343","6.9458"
"14.1400","0.2346","7.0538"
"14.1600","0.2349","7.1158"
"14.1800","0.2352","7.1673"
"14.2000","0.2356","7.1449"
"14.2200","0.2360","7.0589"
"14.2400","0.2363","7.1677"
"14.2600","0.2366","7.2629"
"14.2800","0.2369","7.2790"
"14.3000","0.2372","7.2484"
"14.3200","0.2375","7.2119"
"14.3400","0.2378","7.1439"
"14.3600","0.2382","7.2259"
"14.3800","0.2387","7.3433"
"14.4000","0.2391","7.3456"
"14.4200","0.2395","7.3679"
"14.4400","0.2398","7.3749"
"14.4600","0.2400","7.4001"
"14.4800","0.2403","7.2973"
"14.5000","0.2405","7.2446"
"14.5200","0.2408","7.1972"
"14.5400","0.2412","7.1994"
"14.5600","0.2416","7.2578"
"14.5800","0.2420","7.3065"
"14.6000","0.2423","7.2934"
"14.6200","0.2426","7.2909"
"14.6400","0.2429","7.3107"
"14.6600","0.2432","7.3589"
"14.6800","0.2436","7.3983"
"14.7000","0.2440","7.3851"
"14.7200","0.2444","7.3502"
"14.7400","0.2448","7.3368"
"14.7600","0.2451","7.4237"
"14.7800","0.2454","7.4331"
"14.8000","0.2457","7.4706"
"14.8200","0.2459","7.4306"
"14.8400","0.2462","7.4534"
"14.8600","0.2465","7.4931"
"14.8800","0.2469","7.4374"
"14.9000","0.2473","7.4503"
"14.9200","0.2477","7.4930"
"14.9400","0.2480","7.5561"
"14.9600","0.2483","7.6301"
"14.9800","0.2485","7.6392"
"15.0000","0.2488","7.5987"
"15.0200","0.2491","7.5525"
"15.0400","0.2494","7.5938"
"15.0600","0.2499","7.6746"
"15.0800","0.2504","7.6399"
"15.1000","0.2508","7.7120"
"15.1200","0.2511","7.7191"
"15.1400","0.2514","7.7320"
"15.1600","0.2516","7.7571"
"15.1800","0.2519","7.7274"
"15.2000","0.2522","7.6792"
"15.2200","0.2525","7.6726"
"15.2400","0.2529","7.6633"
"15.2600","0.2533","7.6489"
"15.2800","0.2537","7.7029"
"15.3000","0.2540","7.7543"
"15.3200","0.2543","7.6947"
"15.3400","0.2546","7.6957"
"15.3600","0.2549","7.8045"
"15.3800","0.2553","7.8467"
"15.4000","0.2557","7.8567"
"15.4200","0.2561","7.7395"
"15.4400","0.2565","7.7334"
"15.4600","0.2568","7.8789"
"15.4800","0.2570","7.9608"
"15.5000","0.2573","7.9144"
"15.5200","0.2575","7.8200"
"15.5400","0.2578","7.7516"
"15.5600","0.2582","7.7352"
"15.5800","0.2586","7.8390"
"15.6000","0.2589","7.9314"
"15.6200","0.2593","7.9306"
"15.6400","0.2596","7.9438"
"15.6600","0.2599","7.9916"
"15.6800","0.2601","8.0315"
"15.7000","0.2604","7.9325"
"15.7200","0.2608","7.8655"
"15.7400","0.2612","7.8885"
"15.7600","0.2616","7.9521"
"15.7800","0.2621","8.0061"
"15.8000","0.2625","8.0532"
"15.8200","0.2628","8.0517"
"15.8400","0.2630","7.9333"
"15.8600","0.2632","7.8974"
"15.8800","0.2635","7.9679"
"15.9000","0.2638","7.9986"
"15.9200","0.2642","8.0123"
"15.9400","0.2646","8.0504"
"15.9600","0.2650","8.0784"
"15.9800","0.2653","8.0112"
"16.0000","0.2656","8.0441"
"16.0200","0.2659","8.1373"
"16.0400","0.2663","8.2727"
"16.0600","0.2666","8.2154"
"16.0800","0.2670","8.1940"
"16.1000","0.2674","8.2111"
"16.1200","0.2678","8.1958"
"16.1400","0.2681","8.1798"
"16.1600","0.2684","8.2012"
"16.1800","0.2686","8.2795"
"16.2000","0.2689","8.2407"
"16.2200","0.2692","8.2163"
"16.2400","0.2695","8.2737"
"16.2600","0.2699","8.3033"
"16.2800","0.2703","8.2393"
"16.3000","0.2706","8.2814"
"16.3200","0.2710","8.3253"
"16.3400","0.2712","8.2924"
"16.3600","0.2715","8.2889"
"16.3800","0.2718","8.2388"
"16.4000","0.2721","8.2261"
"16.4200","0.2724","8.3103"
"16.4400","0.2729","8.3295"
"16.4600","0.2733","8.3198"
"16.4800","0.2738","8.3877"
"16.5000","0.2741","8.4446"
"16.5200","0.2744","8.4429"
"16.5400","0.2746","8.3583"
"16.5600","0.2749","8.3618"
"16.5800","0.2751","8.4451"
"16.6000","0.2755","8.5529"
"16.6200","0.2758","8.5441"
"16.6400","0.2762","8.5587"
"16.6600","0.2766","8.5422"
"16.6800","0.2770","8.5657"
"16.7000","0.2773","8.4844"
"16.7200","0.2776","8.4553"
"16.7400","0.2779","8.5509"
"16.7600","0.2783","8.5431"
"16.7800","0.2787","8.5307"
"16.8000","0.2791","8.5067"
"16.8200","0.2795","8.6104"
"16.8400","0.2798","8.6654"
"16.8600","0.2800","8.6222"
"16.8800","0.2803","8.5100"
"16.9000","0.2805","8.5491"
"16.9200","0.2808","8.5792"
"16.9400","0.2812","8.5890"
"16.9600","0.2816","8.5899"
"16.9800","0.2820","8.5833"
"17.0000","0.2824","8.6197"
"17.0200","0.2827","8.5426"
"17.0400","0.2829","8.6404"
"17.0600","0.2832","8.6963"
"17.0800","0.2835","8.7158"
"17.1000","0.2838","8.6488"
"17.1200","0.2842","8.6248"
"17.1400","0.2847","8.6614"
"17.1600","0.2851","8.6753"
"17.1800","0.2855","8.6394"
"17.2000","0.2858","8.6887"
"17.2200","0.2860","8.7539"
"17.2400","0.2863","8.8282"
"17.2600","0.2865","8.8307"
"17.2800","0.2868","8.8221"
"17.3000","0.2872","8.7996"
"17.3200","0.2876","8.7695"
"17.3400","0.2880","8.8020"
"17.3600","0.2883","8.7906"
"17.3800","0.2886","8.8159"
"17.4000","0.2889","8.9527"
"17.4200","0.2892","9.0579"
"17.4400","0.2896","8.9765"
"17.4600","0.2900","8.8237"
"17.4800","0.2904","8.9306"
"17.5000","0.2908","8.9922"
"17.5200","0.2911","9.0394"
"17.5400","0.2914","8.9035"
"17.5600","0.2916","8.8751"
"17.5800","0.2919","8.9891"
"17.6000","0.2922","8.9707"
"17.6200","0.2925","8.9362"
"17.6400","0.2929","8.9224"
"17.6600","0.2933","9.0132"
"17.6800","0.2936","9.1082"
"17.7000","0.2940","9.1711"
"17.7200","0.2943","9.1438"
"17.7400","0.2945","9.0155"
"17.7600","0.2948","8.9407"
"17.7800","0.2951","8.9621"
"17.8000","0.2955","9.0522"
"17.8200","0.2959","9.1764"
"17.8400","0.2964","9.1926"
"17.8600","0.2968","9.1791"
"17.8800","0.2972","9.1452"
"17.9000","0.2974","9.0919"
"17.9200","0.2976","9.1763"
"17.9400","0.2979","9.2402"
"17.9600","0.2982","9.2607"
"17.9800","0.2985","9.2543"
"18.0000","0.2989","9.2408"
"18.0200","0.2993","9.2512"
"18.0400","0.2997","9.4065"
"18.0600","0.3000","9.4115"
"18.0800","0.3003","9.3533"
"18.1000","0.3006","9.3406"
"18.1200","0.3010","9.3779"
"18.1400","0.3014","9.3018"
"18.1600","0.3018","9.4107"
"18.1800","0.3022","9.5284"
"18.2000","0.3025","9.5531"
"18.2200","0.3028","9.4741"
"18.2400","0.3030","9.4039"
"18.2600","0.3033","9.4409"
"18.2800","0.3035","9.5146"
"18.3000","0.3039","9.5018"
"18.3200","0.3042","9.5749"
"18.3400","0.3046","9.6287"
"18.3600","0.3050","9.5936"
"18.3800","0.3053","9.5320"
"18.4000","0.3056","9.4795"
"18.4200","0.3059","9.5498"
"18.4400","0.3061","9.5952"
"18.4600","0.3064","9.6626"
"18.4800","0.3068","9.5901"
"18.5000","0.3072","9.6457"
"18.5200","0.3076","9.8227"
"18.5400","0.3081","9.8892"
"18.5600","0.3084","9.8458"
"18.5800","0.3087","9.7275"
"18.6000","0.3089","9.7360"
"18.6200","0.3092","9.8034"
"18.6400","0.3095","9.7749"
"18.6600","0.3098","9.7466"
"18.6800","0.3101","9.8424"
"18.7000","0.3105","9.8177"
"18.7200","0.3109","9.8734"
"18.7400","0.3112","9.8916"
"18.7600","0.3115","9.8112"
"18.7800","0.3118","9.8105"
"18.8000","0.3122","9.8716"
"18.8200","0.3125","9.8821"
"18.8400","0.3130","9.8844"
"18.8600","0.3134","9.8856"
"18.8800","0.3139","9.9183"
"18.9000","0.3142","9.9739"
"18.9200","0.3144","10.0350"
"18.9400","0.3147","10.0046"
"18.9600","0.3149","9.9724"
"18.9800","0.3152","9.9851"
"19.0000","0.3156","9.9794"
"19.0200","0.3159","10.0858"
"19.0400","0.3163","10.1346"
"19.0600","0.3167","10.1305"
"19.0800","0.3170","10.1494"
"19.1000","0.3173","10.2170"
"19.1200","0.3175","10.1692"
"19.1400","0.3178","10.1849"
"19.1600","0.3182","10.2120"
"19.1800","0.3186","10.1900"
"19.2000","0.3190","10.1241"
"19.2200","0.3195","10.1231"
"19.2400","0.3199","10.3029"
"19.2600","0.3202","10.3355"
"19.2800","0.3204","10.2500"
"19.3000","0.3206","10.2521"
"19.3200","0.3209","10.2588"
"19.3400","0.3212","10.3307"
"19.3600","0.3215","10.2991"
"19.3800","0.3218","10.3378"
"19.4000","0.3222","10.3271"
"19.4200","0.3226","10.3709"
"19.4400","0.3229","10.3712"
"19.4600","0.3232","10.3720"
"19.4800","0.3235","10.3436"
"19.5000","0.3239","10.3299"
"19.5200","0.3243","10.4381"
"19.5400","0.3247","10.5615"
"19.5600","0.3251","10.5250"
"19.5800","0.3255","10.5402"
"19.6000","0.3257","10.4793"
"19.6200","0.3260","10.5336"
"19.6400","0.3262","10.5712"
"19.6600","0.3265","10.6011"
"19.6800","0.3268","10.6800"
"19.7000","0.3272","10.6964"
"19.7200","0.3275","10.6488"
"19.7400","0.3279","10.6034"
"19.7600","0.3283","10.6446"
"19.7800","0.3286","10.7365"
"19.8000","0.3289","10.7504"
"19.8200","0.3291","10.6590"
"19.8400","0.3294","10.6622"
"19.8600","0.3298","10.7599"
"19.8800","0.3302","10.8266"
"19.9000","0.3307","10.7507"
"19.9200","0.3311","10.7615"
"19.9400","0.3315","10.8411"
"19.9600","0.3318","10.8576"
"19.9800","0.3320","10.8085"
"20.0000","0.3322","10.8319"
"20.0200","0.3325","10.9134"
"20.0400","0.3328","10.9987"
"20.0600","0.3331","10.9528"
"20.0800","0.3335","10.8849"
"20.1000","0.3339","10.9045"
"20.1200","0.3342","10.9711"
"20.1400","0.3346","11.0140"
"20.1600","0.3349","11.0134"
"20.1800","0.3352","11.0176"
"20.2000","0.3356","10.9753"
"20.2200","0.3360","11.0143"
"20.2400","0.3364","11.0120"
"20.2600","0.3368","11.0994"
"20.2800","0.3371","11.1102"
"20.3000","0.3374","11.1055"
"20.3200","0.3376","11.0573"
"20.3400","0.3379","11.1035"
"20.3600","0.3381","11.0916"
"20.3800","0.3385","11.1013"
"20.4000","0.3389","11.1579"
"20.4200","0.3393","11.1998"
"20.4400","0.3396","11.1904"
"20.4600","0.3400","11.2288"
"20.4800","0.3403","11.2591"
"20.5000","0.3405","11.2779"
"20.5200","0.3408","11.2408"
"20.5400","0.3411","11.2230"
"20.5600","0.3415","11.2831"
"20.5800","0.3420","11.2965"
"20.6000","0.3425","11.2347"
"20.6200","0.3429","11.2419"
"20.6400","0.3432","11.2662"
"20.6600","0.3434","11.2633"
"20.6800","0.3437","11.1778"
"20.7000","0.3439","11.1244"
"20.7200","0.3442","11.0412"
"20.7400","0.3445","11.0649"
"20.7600","0.3449","11.0296"
"20.7800","0.3453","10.9638"
"20.8000","0.3457","10.9893"
"20.8200","0.3460","11.0141"
"20.8400","0.3463","10.9161"
"20.8600","0.3466","10.9278"
"20.8800","0.3470","10.9099"
"20.9000","0.3474","10.9918"
"20.9200","0.3478","11.0406"
"20.9400","0.3481","11.0405"
"20.9600","0.3485","11.0961"
"20.9800","0.3487","11.0371"
"21.0000","0.3490","11.0686"
"21.0200","0.3492","11.0161"
"21.0400","0.3495","11.0237"
"21.0600","0.3498","11.0112"
"21.0800","0.3502","11.0767"
"21.1000","0.3506","11.1364"
"21.1200","0.3510","11.1139"
"21.1400","0.3514","11.0884"
"21.1600","0.3517","11.0826"
"21.1800","0.3519","11.1314"
"21.2000","0.3522","11.1493"
"21.2200","0.3525","11.1036"
"21.2400","0.3529","11.1276"
"21.2600","0.3533","11.2033"
"21.2800","0.3538","11.2236"
"21.3000","0.3542","11.2915"
"21.3200","0.3546","11.2184"
"21.3400","0.3548","11.2190"
"21.3600","0.3551","11.1895"
"21.3800","0.3553","11.1810"
"21.4000","0.3555","11.1135"
"21.4200","0.3558","11.0926"
"21.4400","0.3562","11.1472"
"21.4600","0.3565","11.1768"
"21.4800","0.3569","11.1255"
"21.5000","0.3572","11.1081"
"21.5200","0.3575","11.1597"
"21.5400","0.3579","11.1930"
"21.5600","0.3582","11.1746"
"21.5800","0.3586","11.2616"
"21.6000","0.3590","11.2420"
"21.6200","0.3594","11.1997"
"21.6400","0.3598","11.2451"
"21.6600","0.3601","11.2070"
"21.6800","0.3604","11.1792"
"21.7000","0.3606","11.2281"
"21.7200","0.3609","11.1570"
"21.7400","0.3612","11.1243"
"21.7600","0.3615","11.1802"
"21.7800","0.3619","11.1855"
"21.8000","0.3623","11.0985"
"21.8200","0.3627","11.1018"
"21.8400","0.3630","11.1436"
"21.8600","0.3633","11.1416"
"21.8800","0.3635","11.2189"
"21.9000","0.3638","11.2287"
"21.9200","0.3641","11.2377"
"21.9400","0.3645","11.2102"
"21.9600","0.3650","11.2643"
"21.9800","0.3655","11.2952"
"22.0000","0.3659","11.2741"
"22.0200","0.3662","11.3545"
"22.0400","0.3664","11.3512"
"22.0600","0.3666","11.2131"
"22.0800","0.3669","11.2098"
"22.1000","0.3672","11.2151"
"22.1200","0.3675","11.2172"
"22.1400","0.3679","11.3414"
"22.1600","0.3683","11.4044"
"22.1800","0.3686","11.3567"
"22.2000","0.3689","11.3275"
"22.2200","0.3693","11.2818"
"22.2400","0.3696","11.3855"
"22.2600","0.3699","11.3646"
"22.2800","0.3703","11.4227"
"22.3000","0.3707","11.4460"
"22.3200","0.3711","11.4620"
"22.3400","0.3714","11.3981"
"22.3600","0.3717","11.4008"
"22.3800","0.3720","11.5215"
"22.4000","0.3722","11.5592"
"22.4200","0.3725","11.4809"
"22.4400","0.3728","11.5028"
"22.4600","0.3732","11.5534"
"22.4800","0.3735","11.5503"
"22.5000","0.3739","11.5233"
"22.5200","0.3743","11.5018"
"22.5400","0.3746","11.5675"
"22.5600","0.3749","11.5793"
"22.5800","0.3752","11.4840"
"22.6000","0.3755","11.4881"
"22.6200","0.3758","11.5412"
"22.6400","0.3762","11.5583"
"22.6600","0.3767","11.5810"
"22.6800","0.3771","11.6278"
"22.7000","0.3775","11.6273"
"22.7200","0.3778","11.5823"
"22.7400","0.3780","11.5636"
"22.7600","0.3782","11.6047"
"22.7800","0.3785","11.6862"
"22.8000","0.3788","11.6324"
"22.8200","0.3792","11.5552"
"22.8400","0.3796","11.5563"
"22.8600","0.3799","11.5775"
"22.8800","0.3803","11.6642"
"22.9000","0.3806","11.7168"
"22.9200","0.3809","11.6908"
"22.9400","0.3813","11.6875"
"22.9600","0.3816","11.6708"
"22.9800","0.3820","11.6994"
"23.0000","0.3824","11.7373"
"23.0200","0.3828","11.7409"
"23.0400","0.3831","11.7466"
"23.0600","0.3833","11.6941"
"23.0800","0.3836","11.6255"
"23.1000","0.3838","11.7120"
"23.1200","0.3841","11.7156"
"23.1400","0.3845","11.6711"
"23.1600","0.3848","11.6146"
"23.1800","0.3852","11.6988"
"23.2000","0.3856","11.7866"
"23.2200","0.3859","11.7079"
"23.2400","0.3862","11.7322"
"23.2600","0.3865","11.7898"
"23.2800","0.3868","11.8077"
"23.3000","0.3871","11.7553"
"23.3200","0.3875","11.6881"
"23.3400","0.3880","11.7320"
"23.3600","0.3885","11.7894"
"23.3800","0.3889","11.8312"
"23.4000","0.3892","11.8151"
"23.4200","0.3894","11.8125"
"23.4400","0.3896","11.8629"
"23.4600","0.3899","11.8696"
"23.4800","0.3902","11.8275"
"23.5000","0.3905","11.8067"
"23.5200","0.3909","11.7703"
"23.5400","0.3913","11.7711"
"23.5600","0.3916","11.8868"
"23.5800","0.3920","11.8833"
"23.6000","0.3923","11.8609"
"23.6200","0.3926","11.8442"
"23.6400","0.3930","11.8784"
"23.6600","0.3933","11.8660"
"23.6800","0.3937","11.8576"
"23.7000","0.3941","11.9066"
"23.7200","0.3945","11.9377"
"23.7400","0.3947","11.9322"
"23.7600","0.3950","11.8423"
"23.7800","0.3952","11.7025"
"23.8000","0.3955","11.7080"
"23.8200","0.3959","11.7585"
"23.8400","0.3962","11.8326"
"23.8600","0.3966","11.9047"
"23.8800","0.3970","11.8002"
"23.9000","0.3974","11.7315"
"23.9200","0.3977","11.6642"
"23.9400","0.3979","11.6020"
"23.9600","0.3982","11.6482"
"23.9800","0.3986","11.6781"
"24.0000","0.3990","11.6757"
"24.0200","0.3994","11.7251"
"24.0400","0.3999","11.6653"
"24.0600","0.4002","11.5696"
"24.0800","0.4005","11.5476"
"24.1000","0.4007","11.6249"
"24.1200","0.4009","11.6344"
"24.1400","0.4012","11.6814"
"24.1600","0.4015","11.6880"
"24.1800","0.4018","11.5690"
"24.2000","0.4021","11.5024"
"24.2200","0.4025","11.5498"
"24.2400","0.4029","11.5305"
"24.2600","0.4032","11.4806"
"24.2800","0.4035","11.4393"
"24.3000","0.4039","11.4582"
"24.3200","0.4042","11.4460"
"24.3400","0.4046","11.5037"
"24.3600","0.4050","11.5303"
"24.3800","0.4054","11.4744"
"24.4000","0.4057","11.3386"
"24.4200","0.4061","11.2240"
"24.4400","0.4063","11.2266"
"24.4600","0.4066","11.1503"
"24.4800","0.4069","11.1218"
"24.5000","0.4072","11.1707"
"24.5200","0.4075","11.2207"
"24.5400","0.4079","11.1968"
"24.5600","0.4083","11.1872"
"24.5800","0.4086","11.2499"
"24.6000","0.4090","11.2862"
"24.6200","0.4092","11.2740"
"24.6400","0.4095","11.2025"
"24.6600","0.4098","11.2129"
"24.6800","0.4102","11.2717"
"24.7000","0.4106","11.2910"
"24.7200","0.4111","11.2736"
"24.7400","0.4116","11.2514"
"24.7600","0.4119","11.2291"
"24.7800","0.4121","11.3479"
"24.8000","0.4123","11.3273"
"24.8200","0.4126","11.3016"
"24.8400","0.4128","11.2291"
"24.8600","0.4131","11.2676"
"24.8800","0.4135","11.3475"
"24.9000","0.4139","11.4866"
"24.9200","0.4143","11.4687"
"24.9400","0.4147","11.2926"
"24.9600","0.4150","11.2812"
"24.9800","0.4153","11.2708"
"25.0000","0.4156","11.3927"
"25.0200","0.4160","11.3774"
"25.0400","0.4163","11.2874"
"25.0600","0.4167","11.3368"
"25.0800","0.4171","11.3756"
"25.1000","0.4174","11.2963"
"25.1200","0.4176","11.2410"
"25.1400","0.4179","11.3191"
"25.1600","0.4181","11.4141"
"25.1800","0.4184","11.4075"
"25.2000","0.4188","11.4603"
"25.2200","0.4191","11.3769"
"25.2400","0.4195","11.3238"
"25.2600","0.4199","11.3689"
"25.2800","0.4203","11.2675"
"25.3000","0.4205","11.3066"
"25.3200","0.4208","11.3616"
"25.3400","0.4211","11.3596"
"25.3600","0.4214","11.4226"
"25.3800","0.4219","11.5140"
"25.4000","0.4223","11.5726"
"25.4200","0.4228","11.4634"
"25.4400","0.4233","11.3405"
"25.4600","0.4236","11.3320"
"25.4800","0.4238","11.3987"
"25.5000","0.4240","11.3930"
"25.5200","0.4242","11.3213"
"25.5400","0.4245","11.3084"
"25.5600","0.4249","11.3631"
"25.5800","0.4253","11.4037"
"25.6000","0.4257","11.4698"
"25.6200","0.4260","11.4761"
"25.6400","0.4264","11.4179"
"25.6600","0.4267","11.5017"
"25.6800","0.4270","11.5184"
"25.7000","0.4273","11.5884"
"25.7200","0.4277","11.5247"
"25.7400","0.4281","11.4520"
"25.7600","0.4284","11.4250"
"25.7800","0.4288","11.5111"
"25.8000","0.4290","11.5156"
"25.8200","0.4293","11.5423"
"25.8400","0.4295","11.4309"
"25.8600","0.4298","11.4289"
"25.8800","0.4301","11.4442"
"25.9000","0.4305","11.5200"
"25.9200","0.4308","11.5269"
"25.9400","0.4312","11.4617"
"25.9600","0.4316","11.5085"
"25.9800","0.4319","11.4776"
"26.0000","0.4322","11.4935"
"26.0200","0.4324","11.4791"
"26.0400","0.4327","11.5434"
"26.0600","0.4331","11.5991"
"26.0800","0.4336","11.5599"
"26.1000","0.4341","11.6435"
"26.1200","0.4345","11.6497"
"26.1400","0.4349","11.5958"
"26.1600","0.4352","11.5469"
"26.1800","0.4354","11.6029"
"26.2000","0.4356","11.5996"
"26.2200","0.4359","11.6581"
"26.2400","0.4362","11.6763"
"26.2600","0.4366","11.6616"
"26.2800","0.4369","11.7230"
"26.3000","0.4373","11.7007"
"26.3200","0.4377","11.7224"
"26.3400","0.4380","11.7721"
"26.3600","0.4383","11.7641"
"26.3800","0.4386","11.7528"
"26.4000","0.4390","11.7275"
"26.4200","0.4394","11.6905"
"26.4400","0.4398","11.6906"
"26.4600","0.4401","11.8044"
"26.4800","0.4404","11.8267"
"26.5000","0.4407","11.8189"
"26.5200","0.4409","11.7862"
"26.5400","0.4412","11.7127"
"26.5600","0.4415","11.6990"
"26.5800","0.4418","11.7818"
"26.6000","0.4422","11.7418"
"26.6200","0.4426","11.8048"
"26.6400","0.4429","11.8013"
"26.6600","0.4432","11.7960"
"26.6800","0.4435","11.8523"
"26.7000","0.4438","11.8099"
"26.7200","0.4441","11.7485"
"26.7400","0.4444","11.8016"
"26.7600","0.4448","11.7896"
"26.7800","0.4453","11.8648"
"26.8000","0.4457","11.8610"
"26.8200","0.4461","11.8579"
"26.8400","0.4465","11.8918"
"26.8600","0.4467","11.9172"
"26.8800","0.4469","11.9247"
"26.9000","0.4472","11.8536"
"26.9200","0.4475","11.8012"
"26.9400","0.4478","11.8032"
"26.9600","0.4482","11.9006"
"26.9800","0.4486","12.0463"
"27.0000","0.4490","12.0293"
"27.0200","0.4493","11.9489"
"27.0400","0.4496","11.9424"
"27.0600","0.4499","11.9634"
"27.0800","0.4503","11.8891"
"27.1000","0.4507","11.8582"
"27.1200","0.4511","11.8773"
"27.1400","0.4515","11.9421"
"27.1600","0.4518","11.9423"
"27.1800","0.4521","11.9287"
"27.2000","0.4523","11.9477"
"27.2200","0.4526","11.9982"
"27.2400","0.4529","12.0420"
"27.2600","0.4532","11.9906"
"27.2800","0.4536","11.9697"
"27.3000","0.4539","11.9737"
"27.3200","0.4543","12.0309"
"27.3400","0.4546","12.0625"
"27.3600","0.4549","12.0581"
"27.3800","0.4552","12.0482"
"27.4000","0.4555","12.0464"
"27.4200","0.4558","12.0334"
"27.4400","0.4562","12.0056"
"27.4600","0.4566","11.9618"
"27.4800","0.4571","12.0458"
"27.5000","0.4575","12.0520"
"27.5200","0.4578","12.0204"
"27.5400","0.4580","12.0045"
"27.5600","0.4583","12.0405"
"27.5800","0.4585","12.0357"
"27.6000","0.4588","12.0487"
"27.6200","0.4591","12.0796"
"27.6400","0.4595","12.0152"
"27.6600","0.4599","12.0023"
"27.6800","0.4602","12.0817"
"27.7000","0.4606","12.0708"
"27.7200","0.4609","12.0504"
"27.7400","0.4612","12.0392"
"27.7600","0.4615","12.0258"
"27.7800","0.4619","12.0915"
"27.8000","0.4623","12.0707"
"27.8200","0.4627","12.1178"
"27.8400","0.4631","12.1173"
"27.8600","0.4634","12.0649"
"27.8800","0.4637","12.0478"
"27.9000","0.4639","11.9883"
"27.9200","0.4642","12.0016"
"27.9400","0.4645","12.0460"
"27.9600","0.4649","11.9761"
"27.9800","0.4652","11.9803"
"28.0000","0.4656","12.0195"
"28.0200","0.4660","12.0159"
"28.0400","0.4663","12.0608"
"28.0600","0.4666","12.0846"
"28.0800","0.4669","11.9308"
"28.1000","0.4672","11.8878"
"28.1200","0.4676","12.0337"
"28.1400","0.4680","12.0563"
"28.1600","0.4685","11.9845"
"28.1800","0.4689","12.0049"
"28.2000","0.4693","12.0317"
"28.2200","0.4696","12.0992"
"28.2400","0.4698","12.0129"
"28.2600","0.4700","12.0028"
"28.2800","0.4703","11.9629"
"28.3000","0.4706","12.0202"
"28.3200","0.4710","12.0008"
"28.3400","0.4713","11.9869"
"28.3600","0.4717","12.0929"
"28.3800","0.4720","12.0525"
"28.4000","0.4723","12.0723"
"28.4200","0.4726","12.1015"
"28.4400","0.4729","12.0945"
"28.4600","0.4733","12.1557"
"28.4800","0.4737","12.2109"
"28.5000","0.4741","12.1875"
"28.5200","0.4745","12.1778"
"28.5400","0.4748","12.1199"
"28.5600","0.4750","12.0751"
"28.5800","0.4753","12.1381"
"28.6000","0.4755","12.2229"
"28.6200","0.4758","12.1693"
"28.6400","0.4761","12.0813"
"28.6600","0.4765","12.0589"
"28.6800","0.4769","12.1458"
"28.7000","0.4773","12.2452"
"28.7200","0.4776","12.1934"
"28.7400","0.4779","12.1348"
"28.7600","0.4781","12.1329"
"28.7800","0.4784","12.2041"
"28.8000","0.4787","12.1836"
"28.8200","0.4791","12.2732"
"28.8400","0.4796","12.3601"
"28.8600","0.4800","12.3677"
"28.8800","0.4805","12.3481"
"28.9000","0.4808","12.3210"
"28.9200","0.4810","12.2928"
"28.9400","0.4813","12.2937"
"28.9600","0.4815","12.3730"
"28.9800","0.4818","12.3720"
"29.0000","0.4822","12.4183"
"29.0200","0.4826","12.4226"
"29.0400","0.4829","12.3767"
"29.0600","0.4833","12.3617"
"29.0800","0.4836","12.3919"
"29.1000","0.4839","12.3791"
"29.1200","0.4842","12.3645"
"29.1400","0.4846","12.3713"
"29.1600","0.4849","12.4441"
"29.1800","0.4854","12.4816"
"29.2000","0.4858","12.5374"
"29.2200","0.4862","12.4851"
"29.2400","0.4864","12.4501"
"29.2600","0.4867","12.5167"
"29.2800","0.4869","12.5368"
"29.3000","0.4872","12.5130"
"29.3200","0.4875","12.5457"
"29.3400","0.4879","12.5207"
"29.3600","0.4883","12.5487"
"29.3800","0.4887","12.4963"
"29.4000","0.4890","12.4438"
"29.4200","0.4893","12.4132"
"29.4400","0.4896","12.4608"
"29.4600","0.4898","12.5906"
"29.4800","0.4901","12.6730"
"29.5000","0.4905","12.6167"
"29.5200","0.4909","12.6250"
"29.5400","0.4913","12.6517"
"29.5600","0.4918","12.6931"
"29.5800","0.4921","12.6508"
"29.6000","0.4924","12.5900"
"29.6200","0.4926","12.5918"
"29.6400","0.4929","12.5849"
"29.6600","0.4932","12.5775"
"29.6800","0.4935","12.6114"
"29.7000","0.4939","12.5981"
"29.7200","0.4943","12.6498"
"29.7400","0.4947","12.6402"
"29.7600","0.4950","12.6001"
"29.7800","0.4953","12.6803"
"29.8000","0.4956","12.7406"
"29.8200","0.4959","12.6888"
"29.8400","0.4963","12.7113"
"29.8600","0.4967","12.7659"
"29.8800","0.4971","12.7866"
"29.9000","0.4975","12.7452"
"29.9200","0.4978","12.6923"
"29.9400","0.4980","12.6319"
"29.9600","0.4983","12.6012"
"29.9800","0.4986","12.6315"
"30.0000","0.4989","12.6548"
"30.0200","0.4992","12.6701"
"30.0400","0.4996","12.7519"
"30.0600","0.4999","12.6750"
"30.0800","0.5003","12.6994"
"30.1000","0.5006","12.6993"
"30.1200","0.5009","12.6462"
"30.1400","0.5012","12.5689"
"30.1600","0.5015","12.5629"
"30.1800","0.5018","12.5653"
"30.2000","0.5022","12.5778"
"30.2200","0.5026","12.6331"
"30.2400","0.5030","12.6093"
"30.2600","0.5035","12.6079"
"30.2800","0.5038","12.5511"
"30.3000","0.5040","12.5249"
"30.3200","0.5042","12.5928"
"30.3400","0.5045","12.5248"
"30.3600","0.5048","12.4804"
"30.3800","0.5052","12.5318"
"30.4000","0.5055","12.4811"
"30.4200","0.5059","12.3845"
"30.4400","0.5063","12.4088"
"30.4600","0.5066","12.4728"
"30.4800","0.5069","12.5028"
"30.5000","0.5072","12.5532"
"30.5200","0.5076","12.5465"
"30.5400","0.5080","12.5422"
"30.5600","0.5084","12.4501"
"30.5800","0.5088","12.4800"
"30.6000","0.5091","12.5798"
"30.6200","0.5094","12.6073"
"30.6400","0.5097","12.6836"
"30.6600","0.5099","12.6365"
"30.6800","0.5102","12.5465"
"30.7000","0.5105","12.5443"
"30.7200","0.5109","12.5654"
"30.7400","0.5113","12.5821"
"30.7600","0.5117","12.5310"
"30.7800","0.5120","12.5590"
"30.8000","0.5123","12.5459"
"30.8200","0.5125","12.5208"
"30.8400","0.5128","12.5155"
"30.8600","0.5131","12.5401"
"30.8800","0.5134","12.5842"
"30.9000","0.5139","12.5854"
"30.9200","0.5143","12.6455"
"30.9400","0.5148","12.6508"
"30.9600","0.5151","12.6754"
"30.9800","0.5154","12.6746"
"31.0000","0.5156","12.6411"
"31.0200","0.5159","12.5500"
"31.0400","0.5161","12.6220"
"31.0600","0.5165","12.6573"
"31.0800","0.5168","12.6877"
"31.1000","0.5172","12.6869"
"31.1200","0.5176","12.6831"
"31.1400","0.5180","12.7581"
"31.1600","0.5183","12.7556"
"31.1800","0.5186","12.6696"
"31.2000","0.5189","12.6482"
"31.2200","0.5193","12.6239"
"31.2400","0.5197","12.6749"
"31.2600","0.5201","12.6974"
"31.2800","0.5205","12.7083"
"31.3000","0.5208","12.6744"
"31.3200","0.5211","12.7040"
"31.3400","0.5213","12.6954"
"31.3600","0.5215","12.7896"
"31.3800","0.5218","12.7336"
"31.4000","0.5222","12.6482"
"31.4200","0.5226","12.6168"
"31.4400","0.5230","12.6527"
"31.4600","0.5233","12.6794"
"31.4800","0.5237","12.6983"
"31.5000","0.5240","12.6545"
"31.5200","0.5242","12.6517"
"31.5400","0.5245","12.7059"
"31.5600","0.5248","12.6990"
"31.5800","0.5252","12.6667"
"31.6000","0.5257","12.7334"
"31.6200","0.5261","12.7354"
"31.6400","0.5265","12.6988"
"31.6600","0.5268","12.7407"
"31.6800","0.5271","12.6881"
"31.7000","0.5273","12.7342"
"31.7200","0.5276","12.7553"
"31.7400","0.5278","12.7839"
"31.7600","0.5282","12.7287"
"31.7800","0.5286","12.7530"
"31.8000","0.5290","12.8218"
"31.8200","0.5293","12.8891"
"31.8400","0.5296","12.9101"
"31.8600","0.5299","12.8772"
"31.8800","0.5302","12.8188"
"31.9000","0.5306","12.8242"
"31.9200","0.5310","12.8511"
"31.9400","0.5314","12.8869"
"31.9600","0.5318","12.9467"
"31.9800","0.5321","12.9299"
"32.0000","0.5324","12.9003"
"32.0200","0.5326","12.8775"
"32.0400","0.5329","12.9071"
"32.0600","0.5332","12.9105"
"32.0800","0.5335","12.8988"
"32.1000","0.5339","12.9384"
"32.1200","0.5343","12.9427"
"32.1400","0.5347","12.8761"
"32.1600","0.5350","12.8587"
"32.1800","0.5353","12.8614"
"32.2000","0.5356","12.8405"
"32.2200","0.5358","12.7664"
"32.2400","0.5361","12.7829"
"32.2600","0.5365","12.7577"
"32.2800","0.5369","12.6883"
"32.3000","0.5374","12.6827"
"32.3200","0.5378","12.6159"
"32.3400","0.5382","12.6444"
"32.3600","0.5384","12.6920"
"32.3800","0.5386","12.6397"
"32.4000","0.5389","12.5514"
"32.4200","0.5392","12.5795"
"32.4400","0.5395","12.5634"
"32.4600","0.5399","12.5256"
"32.4800","0.5402","12.5043"
"32.5000","0.5406","12.4557"
"32.5200","0.5410","12.4416"
"32.5400","0.5413","12.3856"
"32.5600","0.5416","12.4005"
"32.5800","0.5419","12.4051"
"32.6000","0.5423","12.3062"
"32.6200","0.5427","12.3872"
"32.6400","0.5431","12.4422"
"32.6600","0.5435","12.4723"
"32.6800","0.5438","12.4406"
"32.7000","0.5440","12.3405"
"32.7200","0.5443","12.3609"
"32.7400","0.5445","12.2589"
"32.7600","0.5448","12.2405"
"32.7800","0.5452","12.1855"
"32.8000","0.5456","12.2300"
"32.8200","0.5460","12.2694"
"32.8400","0.5463","12.2533"
"32.8600","0.5466","12.3088"
"32.8800","0.5469","12.2155"
"32.9000","0.5472","12.1385"
"32.9200","0.5475","12.2380"
"32.9400","0.5478","12.3799"
"32.9600","0.5482","12.3553"
"32.9800","0.5487","12.4082"
"33.0000","0.5491","12.3680"
"33.0200","0.5495","12.3424"
"33.0400","0.5498","12.3377"
"33.0600","0.5500","12.3365"
"33.0800","0.5503","12.2707"
"33.1000","0.5505","12.2593"
"33.1200","0.5508","12.2584"
"33.1400","0.5512","12.2472"
"33.1600","0.5515","12.2216"
"33.1800","0.5519","12.1917"
"33.2000","0.5523","12.2236"
"33.2200","0.5526","12.2457"
"33.2400","0.5529","12.2540"
"33.2600","0.5532","12.2209"
"33.2800","0.5536","12.2809"
"33.3000","0.5540","12.3868"
"33.3200","0.5544","12.3806"
"33.3400","0.5548","12.3469"
"33.3600","0.5551","12.3384"
"33.3800","0.5554","12.3692"
"33.4000","0.5556","12.3575"
"33.4200","0.5559","12.1811"
"33.4400","0.5562","12.1798"
"33.4600","0.5565","12.2093"
"33.4800","0.5569","12.1504"
"33.5000","0.5573","12.0944"
"33.5200","0.5576","12.0884"
"33.5400","0.5580","12.1492"
"33.5600","0.5583","12.2260"
"33.5800","0.5585","12.1785"
"33.6000","0.5588","12.1789"
"33.6200","0.5591","12.1676"
"33.6400","0.5595","12.2343"
"33.6600","0.5599","12.2104"
"33.6800","0.5604","12.1876"
"33.7000","0.5608","12.1636"
"33.7200","0.5612","12.1720"
"33.7400","0.5614","12.2448"
"33.7600","0.5617","12.2895"
"33.7800","0.5619","12.2954"
"33.8000","0.5622","12.1875"
"33.8200","0.5625","12.1770"
"33.8400","0.5628","12.2164"
"33.8600","0.5632","12.2479"
"33.8800","0.5636","12.2422"
"33.9000","0.5639","12.2428"
"33.9200","0.5642","12.1848"
"33.9400","0.5646","12.2486"
"33.9600","0.5649","12.2008"
"33.9800","0.5653","12.2674"
"34.0000","0.5657","12.2812"
"34.0200","0.5661","12.2870"
"34.0400","0.5665","12.2637"
"34.0600","0.5668","12.2745"
"34.0800","0.5670","12.2698"
"34.1000","0.5673","12.2332"
"34.1200","0.5675","12.3115"
"34.1400","0.5678","12.2908"
"34.1600","0.5682","12.3080"
"34.1800","0.5686","12.2687"
"34.2000","0.5689","12.2401"
"34.2200","0.5693","12.3279"
"34.2400","0.5696","12.2569"
"34.2600","0.5699","12.2955"
"34.2800","0.5702","12.3566"
"34.3000","0.5705","12.3341"
"34.3200","0.5708","12.3221"
"34.3400","0.5712","12.2790"
"34.3600","0.5717","12.4021"
"34.3800","0.5722","12.3759"
"34.4000","0.5725","12.2677"
"34.4200","0.5728","12.3424"
"34.4400","0.5730","12.3548"
"34.4600","0.5733","12.3505"
"34.4800","0.5735","12.3069"
"34.5000","0.5738","12.2989"
"34.5200","0.5742","12.3056"
"34.5400","0.5745","12.3108"
"34.5600","0.5749","12.2517"
"34.5800","0.5753","12.2408"
"34.6000","0.5756","12.2751"
"34.6200","0.5759","12.3642"
"34.6400","0.5762","12.3981"
"34.6600","0.5766","12.3580"
"34.6800","0.5770","12.3431"
"34.7000","0.5774","12.2631"
"34.7200","0.5778","12.2435"
"34.7400","0.5781","12.1278"
"34.7600","0.5784","12.1362"
"34.7800","0.5786","12.2054"
"34.8000","0.5789","12.2843"
"34.8200","0.5792","12.2594"
"34.8400","0.5795","12.2786"
"34.8600","0.5799","12.2730"
"34.8800","0.5803","12.2373"
"34.9000","0.5806","12.2192"
"34.9200","0.5810","12.2584"
"34.9400","0.5813","12.2312"
"34.9600","0.5815","12.2444"
"34.9800","0.5818","12.2592"
"35.0000","0.5821","12.2800"
"35.0200","0.5825","12.2472"
"35.0400","0.5829","12.2619"
"35.0600","0.5834","12.2045"
"35.0800","0.5839","12.2934"
"35.1000","0.5842","12.3021"
"35.1200","0.5845","12.2510"
"35.1400","0.5847","12.2440"
"35.1600","0.5849","12.1952"
"35.1800","0.5852","12.2547"
"35.2000","0.5855","12.1853"
"35.2200","0.5858","12.2199"
"35.2400","0.5862","12.2342"
"35.2600","0.5866","12.1261"
"35.2800","0.5869","12.1719"
"35.3000","0.5873","12.1859"
"35.3200","0.5876","12.1216"
"35.3400","0.5879","12.1827"
"35.3600","0.5883","12.1645"
"35.3800","0.5887","12.1508"
"35.4000","0.5891","12.1392"
"35.4200","0.5895","12.1083"
"35.4400","0.5898","12.1347"
"35.4600","0.5900","12.2009"
"35.4800","0.5902","12.2453"
"35.5000","0.5905","12.3249"
"35.5200","0.5908","12.2585"
"35.5400","0.5912","12.2318"
"35.5600","0.5916","12.2451"
"35.5800","0.5920","12.2078"
"35.6000","0.5923","12.2904"
"35.6200","0.5926","12.2780"
"35.6400","0.5929","12.3192"
"35.6600","0.5932","12.2706"
"35.6800","0.5935","12.3283"
"35.7000","0.5938","12.2675"
"35.7200","0.5942","12.1999"
"35.7400","0.5947","12.2239"
"35.7600","0.5952","12.3165"
"35.7800","0.5956","12.3426"
"35.8000","0.5958","12.1975"
"35.8200","0.5961","12.1722"
"35.8400","0.5963","12.2586"
"35.8600","0.5966","12.3084"
"35.8800","0.5969","12.3416"
"35.9000","0.5972","12.3316"
"35.9200","0.5976","12.3529"
"35.9400","0.5979","12.1416"
"35.9600","0.5983","12.1006"
"35.9800","0.5986","12.1180"
"36.0000","0.5989","12.2159"
"36.0200","0.5992","12.2387"
"36.0400","0.5996","12.2686"
"36.0600","0.6000","12.3153"
"36.0800","0.6004","12.4144"
"36.1000","0.6008","12.3928"
"36.1200","0.6011","12.3780"
"36.1400","0.6014","12.3225"
"36.1600","0.6016","12.3298"
"36.1800","0.6019","12.3224"
"36.2000","0.6021","12.3226"
"36.2200","0.6025","12.3066"
"36.2400","0.6029","12.3361"
"36.2600","0.6033","12.3873"
"36.2800","0.6037","12.4485"
"36.3000","0.6040","12.4324"
"36.3200","0.6043","12.3328"
"36.3400","0.6045","12.3941"
"36.3600","0.6048","12.4754"
"36.3800","0.6051","12.5413"
"36.4000","0.6055","12.5264"
"36.4200","0.6060","12.4598"
"36.4400","0.6064","12.4340"
"36.4600","0.6068","12.4455"
"36.4800","0.6072","12.4161"
"36.5000","0.6074","12.4676"
"36.5200","0.6076","12.5019"
"36.5400","0.6079","12.5868"
"36.5600","0.6082","12.5052"
"36.5800","0.6085","12.4546"
"36.6000","0.6089","12.4949"
"36.6200","0.6093","12.5508"
"36.6400","0.6096","12.5843"
"36.6600","0.6100","12.5377"
"36.6800","0.6103","12.5682"
"36.7000","0.6106","12.6440"
"36.7200","0.6109","12.6555"
"36.7400","0.6113","12.6190"
"36.7600","0.6117","12.5881"
"36.7800","0.6121","12.5988"
"36.8000","0.6124","12.6136"
"36.8200","0.6127","12.5934"
"36.8400","0.6130","12.6635"
"36.8600","0.6132","12.6695"
"36.8800","0.6135","12.6467"
"36.9000","0.6138","12.7313"
"36.9200","0.6142","12.7075"
"36.9400","0.6146","12.6654"
"36.9600","0.6149","12.6254"
"36.9800","0.6153","12.6553"
"37.0000","0.6156","12.7133"
"37.0200","0.6159","12.7660"
"37.0400","0.6162","12.7403"
"37.0600","0.6165","12.7870"
"37.0800","0.6168","12.7548"
"37.1000","0.6172","12.7914"
"37.1200","0.6177","12.7891"
"37.1400","0.6181","12.7831"
"37.1600","0.6185","12.8100"
"37.1800","0.6188","12.8368"
"37.2000","0.6190","12.8811"
"37.2200","0.6192","12.9731"
"37.2400","0.6195","12.9085"
"37.2600","0.6198","12.9055"
"37.2800","0.6202","12.9110"
"37.3000","0.6205","12.9018"
"37.3200","0.6209","12.8929"
"37.3400","0.6213","12.8529"
"37.3600","0.6216","12.8347"
"37.3800","0.6219","12.8666"
"37.4000","0.6223","12.9735"
"37.4200","0.6226","13.0664"
"37.4400","0.6230","13.0119"
"37.4600","0.6234","12.9619"
"37.4800","0.6238","12.9618"
"37.5000","0.6241","12.9644"
"37.5200","0.6244","12.9082"
"37.5400","0.6246","12.8556"
"37.5600","0.6249","12.9318"
"37.5800","0.6251","12.9737"
"37.6000","0.6255","13.0336"
"37.6200","0.6258","13.0824"
"37.6400","0.6262","13.1170"
"37.6600","0.6266","13.0643"
"37.6800","0.6269","13.1056"
"37.7000","0.6272","13.0361"
"37.7200","0.6275","13.0143"
"37.7400","0.6278","13.0617"
"37.7600","0.6281","13.1363"
"37.7800","0.6285","13.1032"
"37.8000","0.6289","13.1125"
"37.8200","0.6294","13.1060"
"37.8400","0.6298","13.1732"
"37.8600","0.6301","13.1664"
"37.8800","0.6304","13.1683"
"37.9000","0.6306","13.1103"
"37.9200","0.6309","13.1573"
"37.9400","0.6312","13.1662"
"37.9600","0.6315","13.1983"
"37.9800","0.6319","13.3169"
"38.0000","0.6323","13.2316"
"38.0200","0.6326","13.2695"
"38.0400","0.6330","13.2357"
"38.0600","0.6333","13.2597"
"38.0800","0.6336","13.3154"
"38.1000","0.6339","13.3449"
"38.1200","0.6343","13.2784"
"38.1400","0.6347","13.2884"
"38.1600","0.6351","13.2934"
"38.1800","0.6354","13.2916"
"38.2000","0.6357","13.2977"
"38.2200","0.6360","13.3205"
"38.2400","0.6362","13.3616"
"38.2600","0.6365","13.3289"
"38.2800","0.6368","13.2842"
"38.3000","0.6371","13.3336"
"38.3200","0.6375","13.3745"
"38.3400","0.6379","13.4316"
"38.3600","0.6383","13.3810"
"38.3800","0.6386","13.2726"
"38.4000","0.6389","13.2272"
"38.4200","0.6391","13.4021"
"38.4400","0.6395","13.3660"
"38.4600","0.6398","13.2466"
"38.4800","0.6403","13.2752"
"38.5000","0.6408","13.4035"
"38.5200","0.6412","13.4168"
"38.5400","0.6415","13.4393"
"38.5600","0.6418","13.4674"
"38.5800","0.6420","13.3757"
"38.6000","0.6422","13.4167"
"38.6200","0.6425","13.4731"
"38.6400","0.6428","13.4831"
"38.6600","0.6432","13.4833"
"38.6800","0.6436","13.5299"
"38.7000","0.6440","13.5791"
"38.7200","0.6443","13.6315"
"38.7400","0.6446","13.5141"
"38.7600","0.6449","13.5357"
"38.7800","0.6453","13.5825"
"38.8000","0.6456","13.5874"
"38.8200","0.6460","13.5592"
"38.8400","0.6464","13.5282"
"38.8600","0.6468","13.5731"
"38.8800","0.6471","13.6174"
"38.9000","0.6473","13.5818"
"38.9200","0.6476","13.6440"
"38.9400","0.6479","13.7722"
"38.9600","0.6482","13.7543"
"38.9800","0.6485","13.6369"
"39.0000","0.6489","13.4997"
"39.0200","0.6493","13.5806"
"39.0400","0.6496","13.6879"
"39.0600","0.6500","13.7316"
"39.0800","0.6502","13.6703"
"39.1000","0.6505","13.6170"
"39.1200","0.6508","13.6214"
"39.1400","0.6512","13.6630"
"39.1600","0.6516","13.6536"
"39.1800","0.6521","13.6724"
"39.2000","0.6525","13.7553"
"39.2200","0.6529","13.8529"
"39.2400","0.6532","13.8372"
"39.2600","0.6534","13.7980"
"39.2800","0.6536","13.7429"
"39.3000","0.6538","13.7751"
"39.3200","0.6541","13.8052"
"39.3400","0.6545","13.8508"
"39.3600","0.6549","13.8274"
"39.3800","0.6553","13.8204"
"39.4000","0.6557","13.8821"
"39.4200","0.6560","13.9048"
"39.4400","0.6563","13.8748"
"39.4600","0.6566","13.8644"
"39.4800","0.6570","13.9006"
"39.5000","0.6574","13.9386"
"39.5200","0.6577","13.9285"
"39.5400","0.6581","13.8280"
"39.5600","0.6584","13.8464"
"39.5800","0.6587","13.9589"
"39.6000","0.6589","13.9722"
"39.6200","0.6592","14.0147"
"39.6400","0.6595","13.9289"
"39.6600","0.6598","13.8746"
"39.6800","0.6602","13.9143"
"39.7000","0.6606","13.9111"
"39.7200","0.6610","14.0274"
"39.7400","0.6613","14.1327"
"39.7600","0.6616","14.0716"
"39.7800","0.6619","14.0885"
"39.8000","0.6621","14.0886"
"39.8200","0.6625","14.0192"
"39.8400","0.6629","13.9875"
"39.8600","0.6633","14.0248"
"39.8800","0.6638","14.1043"
"39.9000","0.6642","14.0686"
"39.9200","0.6645","14.0869"
"39.9400","0.6648","14.0960"
"39.9600","0.6650","14.1271"
"39.9800","0.6652","14.1427"
"40.0000","0.6655","14.1685"
"40.0200","0.6658","14.1397"
"40.0400","0.6662","14.0852"
"40.0600","0.6666","14.0974"
"40.0800","0.6670","14.1434"
"40.1000","0.6674","14.1156"
"40.1200","0.6677","14.2005"
"40.1400","0.6680","14.2301"
"40.1600","0.6683","14.2438"
"40.1800","0.6687","14.2470"
"40.2000","0.6690","14.2762"
"40.2200","0.6694","14.2234"
"40.2400","0.6698","14.2029"
"40.2600","0.6701","14.1931"
"40.2800","0.6703","14.2104"
"40.3000","0.6706","14.1483"
"40.3200","0.6708","14.1666"
"40.3400","0.6711","14.1952"
"40.3600","0.6715","14.2063"
"40.3800","0.6719","14.3405"
"40.4000","0.6722","14.3374"
"40.4200","0.6726","14.3273"
"40.4400","0.6729","14.3476"
"40.4600","0.6732","14.3008"
"40.4800","0.6734","14.3592"
"40.5000","0.6737","14.3012"
"40.5200","0.6741","14.2844"
"40.5400","0.6745","14.3256"
"40.5600","0.6750","14.4089"
"40.5800","0.6755","14.4292"
"40.6000","0.6759","14.3658"
"40.6200","0.6762","14.3708"
"40.6400","0.6764","14.3536"
"40.6600","0.6766","14.3261"
"40.6800","0.6769","14.3522"
"40.7000","0.6772","14.4529"
"40.7200","0.6775","14.4250"
"40.7400","0.6779","14.4499"
"40.7600","0.6783","14.4822"
"40.7800","0.6787","14.4456"
"40.8000","0.6790","14.4690"
"40.8200","0.6793","14.4782"
"40.8400","0.6796","14.4997"
"40.8600","0.6800","14.5253"
"40.8800","0.6803","14.5123"
"40.9000","0.6807","14.4370"
"40.9200","0.6811","14.4593"
"40.9400","0.6814","14.5316"
"40.9600","0.6817","14.4684"
"40.9800","0.6819","14.4701"
"41.0000","0.6822","14.5556"
"41.0200","0.6825","14.5936"
"41.0400","0.6828","14.5259"
"41.0600","0.6832","14.4797"
"41.0800","0.6836","14.5232"
"41.1000","0.6840","14.5072"
"41.1200","0.6843","14.5386"
"41.1400","0.6846","14.5332"
"41.1600","0.6848","14.5045"
"41.1800","0.6851","14.5500"
"41.2000","0.6854","14.6258"
"41.2200","0.6858","14.6141"
"41.2400","0.6863","14.5784"
"41.2600","0.6867","14.6052"
"41.2800","0.6872","14.6524"
"41.3000","0.6875","14.6998"
"41.3200","0.6877","14.7102"
"41.3400","0.6880","14.7109"
"41.3600","0.6882","14.6927"
"41.3800","0.6885","14.6316"
"41.4000","0.6888","14.6269"
"41.4200","0.6892","14.6640"
"41.4400","0.6896","14.6179"
"41.4600","0.6899","14.6466"
"41.4800","0.6903","14.7115"
"41.5000","0.6906","14.7184"
"41.5200","0.6909","14.7415"
"41.5400","0.6912","14.6609"
"41.5600","0.6916","14.6928"
"41.5800","0.6920","14.7825"
"41.6000","0.6924","14.8119"
"41.6200","0.6928","14.7845"
"41.6400","0.6931","14.8539"
"41.6600","0.6933","14.8550"
"41.6800","0.6936","14.8478"
"41.7000","0.6938","14.7738"
"41.7200","0.6942","14.8218"
"41.7400","0.6945","14.8175"
"41.7600","0.6949","14.7955"
"41.7800","0.6953","14.8866"
"41.8000","0.6956","14.9211"
"41.8200","0.6959","14.9005"
"41.8400","0.6962","14.8890"
"41.8600","0.6965","14.8503"
"41.8800","0.6968","14.8786"
"41.9000","0.6971","14.9083"
"41.9200","0.6976","14.9486"
"41.9400","0.6980","14.9862"
"41.9600","0.6985","15.0046"
"41.9800","0.6989","14.9639"
"42.0000","0.6991","15.0065"
"42.0200","0.6994","14.9633"
"42.0400","0.6996","14.8935"
"42.0600","0.6999","14.8628"
"42.0800","0.7002","14.9739"
"42.1000","0.7006","15.0638"
"42.1200","0.7010","14.9893"
"42.1400","0.7013","14.9360"
"42.1600","0.7017","14.9739"
"42.1800","0.7020","14.9437"
"42.2000","0.7023","15.0029"
"42.2200","0.7026","14.9927"
"42.2400","0.7030","14.9771"
"42.2600","0.7034","14.9882"
"42.2800","0.7038","15.0806"
"42.3000","0.7041","15.1136"
"42.3200","0.7044","15.0507"
"42.3400","0.7047","15.0053"
"42.3600","0.7049","15.0898"
"42.3800","0.7052","15.1939"
"42.4000","0.7055","15.1362"
"42.4200","0.7058","15.1157"
"42.4400","0.7062","15.1498"
"42.4600","0.7066","15.1409"
"42.4800","0.7069","15.1179"
"42.5000","0.7072","15.2019"
"42.5200","0.7075","15.2513"
"42.5400","0.7078","15.2071"
"42.5600","0.7081","15.1222"
"42.5800","0.7084","15.0967"
"42.6000","0.7088","15.2589"
"42.6200","0.7093","15.2812"
"42.6400","0.7097","15.2329"
"42.6600","0.7101","15.1866"
"42.6800","0.7105","15.2158"
"42.7000","0.7107","15.2788"
"42.7200","0.7110","15.2792"
"42.7400","0.7112","15.2616"
"42.7600","0.7116","15.1465"
"42.7800","0.7119","15.2107"
"42.8000","0.7123","15.2568"
"42.8200","0.7127","15.3339"
"42.8400","0.7130","15.3444"
"42.8600","0.7133","15.3855"
"42.8800","0.7136","15.2988"
"42.9000","0.7139","15.3589"
"42.9200","0.7143","15.3268"
"42.9400","0.7147","15.3028"
"42.9600","0.7151","15.3338"
"42.9800","0.7155","15.3202"
"43.0000","0.7159","15.3486"
"43.0200","0.7161","15.4114"
"43.0400","0.7164","15.3434"
"43.0600","0.7166","15.3023"
"43.0800","0.7169","15.3287"
"43.1000","0.7172","15.4085"
"43.1200","0.7176","15.3886"
"43.1400","0.7179","15.3783"
"43.1600","0.7183","15.4467"
"43.1800","0.7186","15.5749"
"43.2000","0.7189","15.4949"
"43.2200","0.7192","15.4258"
"43.2400","0.7195","15.3979"
"43.2600","0.7198","15.4163"
"43.2800","0.7201","15.4089"
"43.3000","0.7206","15.3652"
"43.3200","0.7211","15.3523"
"43.3400","0.7215","15.4414"
"43.3600","0.7218","15.4601"
"43.3800","0.7221","15.5284"
"43.4000","0.7223","15.4436"
"43.4200","0.7226","15.3466"
"43.4400","0.7229","15.4173"
"43.4600","0.7232","15.5244"
"43.4800","0.7236","15.6043"
"43.5000","0.7239","15.4978"
"43.5200","0.7243","15.5729"
"43.5400","0.7246","15.6120"
"43.5600","0.7249","15.5826"
"43.5800","0.7252","15.5174"
"43.6000","0.7256","15.5674"
"43.6200","0.7259","15.5466"
"43.6400","0.7264","15.5522"
"43.6600","0.7268","15.5889"
"43.6800","0.7271","15.6090"
"43.7000","0.7274","15.6449"
"43.7200","0.7277","15.5991"
"43.7400","0.7279","15.6355"
"43.7600","0.7282","15.6825"
"43.7800","0.7285","15.5803"
"43.8000","0.7289","15.5414"
"43.8200","0.7293","15.6133"
"43.8400","0.7296","15.7026"
"43.8600","0.7300","15.7235"
"43.8800","0.7303","15.7113"
"43.9000","0.7306","15.6791"
"43.9200","0.7308","15.7298"
"43.9400","0.7311","15.7754"
"43.9600","0.7314","15.7566"
"43.9800","0.7318","15.6569"
"44.0000","0.7323","15.6455"
"44.0200","0.7327","15.7195"
"44.0400","0.7331","15.7569"
"44.0600","0.7334","15.8017"
"44.0800","0.7336","15.8142"
"44.1000","0.7339","15.8341"
"44.1200","0.7342","15.7844"
"44.1400","0.7345","15.7842"
"44.1600","0.7348","15.8147"
"44.1800","0.7352","15.8665"
"44.2000","0.7356","15.8305"
"44.2200","0.7360","15.7500"
"44.2400","0.7363","15.7841"
"44.2600","0.7366","15.7867"
"44.2800","0.7369","15.7711"
"44.3000","0.7373","15.8610"
"44.3200","0.7377","15.8623"
"44.3400","0.7381","15.8195"
"44.3600","0.7385","15.8460"
"44.3800","0.7388","15.9590"
"44.4000","0.7391","16.0178"
"44.4200","0.7393","16.0676"
"44.4400","0.7396","15.9616"
"44.4600","0.7399","15.8983"
"44.4800","0.7402","15.9190"
"44.5000","0.7406","15.8848"
"44.5200","0.7409","15.9645"
"44.5400","0.7413","15.9301"
"44.5600","0.7416","15.9191"
"44.5800","0.7419","16.0552"
"44.6000","0.7422","16.0330"
"44.6200","0.7425","15.9417"
"44.6400","0.7428","15.9566"
"44.6600","0.7431","15.9880"
"44.6800","0.7436","16.0022"
"44.7000","0.7440","16.0088"
"44.7200","0.7445","16.0090"
"44.7400","0.7448","16.0013"
"44.7600","0.7450","16.0085"
"44.7800","0.7453","15.9725"
"44.8000","0.7455","16.0571"
"44.8200","0.7458","16.0941"
"44.8400","0.7462","16.1261"
"44.8600","0.7465","16.0875"
"44.8800","0.7469","16.0744"
"44.9000","0.7473","15.9927"
"44.9200","0.7477","15.9947"
"44.9400","0.7480","16.1068"
"44.9600","0.7483","16.1581"
"44.9800","0.7486","16.0923"
"45.0000","0.7490","16.0243"
"45.0200","0.7494","16.0151"
"45.0400","0.7498","16.0714"
"45.0600","0.7502","16.1076"
"45.0800","0.7505","16.1089"
"45.1000","0.7507","16.1115"
"45.1200","0.7509","16.1605"
"45.1400","0.7512","16.1189"
"45.1600","0.7515","16.2096"
"45.1800","0.7519","16.1775"
"45.2000","0.7523","16.1616"
"45.2200","0.7526","16.2631"
"45.2400","0.7530","16.3199"
"45.2600","0.7533","16.2316"
"45.2800","0.7535","16.2151"
"45.3000","0.7538","16.2928"
"45.3200","0.7541","16.2582"
"45.3400","0.7544","16.2363"
"45.3600","0.7548","16.2579"
"45.3800","0.7553","16.2528"
"45.4000","0.7557","16.2304"
"45.4200","0.7561","16.2833"
"45.4400","0.7564","16.3441"
"45.4600","0.7567","16.3180"
"45.4800","0.7569","16.2652"
"45.5000","0.7572","16.2369"
"45.5200","0.7575","16.3094"
"45.5400","0.7578","16.3456"
"45.5600","0.7582","16.3462"
"45.5800","0.7586","16.2983"
"45.6000","0.7590","16.2175"
"45.6200","0.7593","16.1270"
"45.6400","0.7596","16.2176"
"45.6600","0.7599","16.2412"
"45.6800","0.7603","16.2629"
"45.7000","0.7607","16.3447"
"45.7200","0.7611","16.3702"
"45.7400","0.7615","16.3716"
"45.7600","0.7618","16.3890"
"45.7800","0.7621","16.2281"
"45.8000","0.7623","16.2066"
"45.8200","0.7626","16.3079"
"45.8400","0.7628","16.4024"
"45.8600","0.7632","16.3593"
"45.8800","0.7635","16.3834"
"45.9000","0.7639","16.3205"
"45.9200","0.7643","16.3352"
"45.9400","0.7647","16.4214"
"45.9600","0.7650","16.4209"
"45.9800","0.7652","16.3826"
"46.0000","0.7655","16.3490"
"46.0200","0.7658","16.3160"
"46.0400","0.7662","16.3916"
"46.0600","0.7666","16.4679"
"46.0800","0.7671","16.4845"
"46.1000","0.7675","16.4123"
"46.1200","0.7678","16.3058"
"46.1400","0.7681","16.3540"
"46.1600","0.7683","16.3767"
"46.1800","0.7686","16.3674"
"46.2000","0.7688","16.3729"
"46.2200","0.7692","16.4624"
"46.2400","0.7696","16.5023"
"46.2600","0.7699","16.4573"
"46.2800","0.7703","16.5296"
"46.3000","0.7706","16.6394"
"46.3200","0.7709","16.5604"
"46.3400","0.7712","16.4957"
"46.3600","0.7716","16.4422"
"46.3800","0.7720","16.5242"
"46.4000","0.7724","16.5920"
"46.4200","0.7728","16.6389"
"46.4400","0.7731","16.6977"
"46.4600","0.7734","16.6457"
"46.4800","0.7737","16.5465"
"46.5000","0.7739","16.5468"
"46.5200","0.7742","16.5786"
"46.5400","0.7745","16.6615"
"46.5600","0.7749","16.6501"
"46.5800","0.7753","16.6346"
"46.6000","0.7757","16.5911"
"46.6200","0.7760","16.6310"
"46.6400","0.7763","16.6255"
"46.6600","0.7766","16.7046"
"46.6800","0.7768","16.6913"
"46.7000","0.7771","16.6554"
"46.7200","0.7775","16.6714"
"46.7400","0.7779","16.6606"
"46.7600","0.7784","16.5920"
"46.7800","0.7788","16.6928"
"46.8000","0.7792","16.7191"
"46.8200","0.7794","16.6689"
"46.8400","0.7797","16.6140"
"46.8600","0.7799","16.6551"
"46.8800","0.7802","16.6837"
"46.9000","0.7805","16.7142"
"46.9200","0.7808","16.7596"
"46.9400","0.7812","16.7024"
"46.9600","0.7816","16.8055"
"46.9800","0.7819","16.7649"
"47.0000","0.7823","16.7351"
"47.0200","0.7826","16.7580"
"47.0400","0.7829","16.7276"
"47.0600","0.7833","16.7511"
"47.0800","0.7837","16.8094"
"47.1000","0.7841","16.8186"
"47.1200","0.7845","16.8200"
"47.1400","0.7848","16.8528"
"47.1600","0.7850","16.7947"
"47.1800","0.7853","16.8659"
"47.2000","0.7855","16.8207"
"47.2200","0.7858","16.8254"
"47.2400","0.7862","16.8729"
"47.2600","0.7865","16.8664"
"47.2800","0.7869","16.8979"
"47.3000","0.7873","16.8812"
"47.3200","0.7876","16.8543"
"47.3400","0.7879","16.8398"
"47.3600","0.7882","16.9202"
"47.3800","0.7885","16.9299"
"47.4000","0.7888","16.9785"
"47.4200","0.7892","17.0697"
"47.4400","0.7897","17.0417"
"47.4600","0.7901","16.9851"
"47.4800","0.7905","16.9352"
"47.5000","0.7908","16.9371"
"47.5200","0.7911","16.9002"
"47.5400","0.7913","16.9438"
"47.5600","0.7916","16.9596"
"47.5800","0.7919","16.9438"
"47.6000","0.7922","16.9302"
"47.6200","0.7926","16.9399"
"47.6400","0.7929","16.9939"
"47.6600","0.7933","16.9888"
"47.6800","0.7936","16.9862"
"47.7000","0.7939","17.0070"
"47.7200","0.7943","17.0266"
"47.7400","0.7946","17.1243"
"47.7600","0.7950","17.0917"
"47.7800","0.7955","16.9852"
"47.8000","0.7959","17.0224"
"47.8200","0.7962","17.0413"
"47.8400","0.7965","17.0334"
"47.8600","0.7967","17.1727"
"47.8800","0.7969","17.1786"
"47.9000","0.7972","17.1451"
"47.9200","0.7975","17.1234"
"47.9400","0.7979","17.1614"
"47.9600","0.7982","17.1360"
"47.9800","0.7986","17.1861"
"48.0000","0.7990","17.2339"
"48.0200","0.7992","17.1977"
"48.0400","0.7995","17.1834"
"48.0600","0.7998","17.0556"
"48.0800","0.8001","17.1070"
"48.1000","0.8004","17.1859"
"48.1200","0.8008","17.2231"
"48.1400","0.8013","17.2403"
"48.1600","0.8017","17.1505"
"48.1800","0.8021","17.2008"
"48.2000","0.8024","17.2755"
"48.2200","0.8027","17.2923"
"48.2400","0.8029","17.2537"
"48.2600","0.8032","17.2425"
"48.2800","0.8035","17.2270"
"48.3000","0.8038","17.2034"
"48.3200","0.8042","17.2304"
"48.3400","0.8046","17.2228"
"48.3600","0.8049","17.2649"
"48.3800","0.8053","17.2850"
"48.4000","0.8056","17.3499"
"48.4200","0.8059","17.3611"
"48.4400","0.8063","17.3643"
"48.4600","0.8067","17.3212"
"48.4800","0.8071","17.2840"
"48.5000","0.8075","17.2634"
"48.5200","0.8078","17.3887"
"48.5400","0.8080","17.4618"
"48.5600","0.8083","17.4686"
"48.5800","0.8085","17.4920"
"48.6000","0.8088","17.4443"
"48.6200","0.8092","17.4318"
"48.6400","0.8095","17.4452"
"48.6600","0.8099","17.4314"
"48.6800","0.8103","17.4535"
"48.7000","0.8106","17.5725"
"48.7200","0.8109","17.5370"
"48.7400","0.8112","17.4281"
"48.7600","0.8115","17.4094"
"48.7800","0.8118","17.3936"
"48.8000","0.8122","17.4506"
"48.8200","0.8126","17.4892"
"48.8400","0.8131","17.4952"
"48.8600","0.8135","17.5762"
"48.8800","0.8138","17.5753"
"48.9000","0.8140","17.5813"
"48.9200","0.8143","17.5479"
"48.9400","0.8145","17.6155"
"48.9600","0.8148","17.6087"
"48.9800","0.8151","17.5880"
"49.0000","0.8155","17.5503"
"49.0200","0.8159","17.5649"
"49.0400","0.8162","17.5410"
"49.0600","0.8166","17.6550"
"49.0800","0.8169","17.6822"
"49.1000","0.8172","17.6888"
"49.1200","0.8175","17.6512"
"49.1400","0.8179","17.5827"
"49.1600","0.8184","17.5791"
"49.1800","0.8188","17.7335"
"49.2000","0.8191","17.7807"
"49.2200","0.8194","17.7646"
"49.2400","0.8196","17.7672"
"49.2600","0.8199","17.7307"
"49.2800","0.8202","17.6533"
"49.3000","0.8205","17.6921"
"49.3200","0.8209","17.7051"
"49.3400","0.8213","17.7308"
"49.3600","0.8217","17.7897"
"49.3800","0.8220","17.7476"
"49.4000","0.8223","17.7827"
"49.4200","0.8226","17.8024"
"49.4400","0.8228","17.7726"
"49.4600","0.8231","17.8023"
"49.4800","0.8235","17.8040"
"49.5000","0.8239","17.7346"
"49.5200","0.8244","17.7751"
"49.5400","0.8249","17.6931"
"49.5600","0.8252","17.6521"
"49.5800","0.8255","17.7277"
"49.6000","0.8257","17.7082"
"49.6200","0.8259","17.7751"
"49.6400","0.8262","17.8443"
"49.6600","0.8265","17.9597"
"49.6800","0.8268","17.8956"
"49.7000","0.8272","17.8282"
"49.7200","0.8276","17.9090"
"49.7400","0.8280","17.9452"
"49.7600","0.8283","17.8733"
"49.7800","0.8286","17.7877"
"49.8000","0.8289","17.8050"
"49.8200","0.8293","17.9632"
"49.8400","0.8297","17.9664"
"49.8600","0.8301","17.9470"
"49.8800","0.8305","17.9702"
"49.9000","0.8308","17.9183"
"49.9200","0.8310","17.9404"
"49.9400","0.8313","17.9257"
"49.9600","0.8315","17.9320"
"49.9800","0.8318","17.8578"
"50.0000","0.8322","17.9260"
"50.0200","0.8326","17.9348"
"50.0400","0.8330","17.9334"
"50.0600","0.8333","17.9780"
"50.0800","0.8336","18.0152"
"50.1000","0.8339","18.0946"
"50.1200","0.8342","18.0791"
"50.1400","0.8345","18.0364"
"50.1600","0.8348","18.0240"
"50.1800","0.8352","18.0059"
"50.2000","0.8357","18.0238"
"50.2200","0.8362","17.9966"
"50.2400","0.8366","18.0302"
"50.2600","0.8369","18.0134"
"50.2800","0.8371","18.0087"
"50.3000","0.8373","17.9810"
"50.3200","0.8376","18.0591"
"50.3400","0.8379","18.1247"
"50.3600","0.8382","18.1245"
"50.3800","0.8385","18.1073"
"50.4000","0.8389","18.0351"
"50.4200","0.8393","18.0581"
"50.4400","0.8396","18.1052"
"50.4600","0.8399","18.0858"
"50.4800","0.8402","18.1574"
"50.5000","0.8406","18.1767"
"50.5200","0.8410","18.1752"
"50.5400","0.8414","18.1626"
"50.5600","0.8418","18.1465"
"50.5800","0.8421","18.2178"
"50.6000","0.8424","18.1623"
"50.6200","0.8426","18.1208"
"50.6400","0.8429","18.1504"
"50.6600","0.8431","18.1633"
"50.6800","0.8435","18.1894"
"50.7000","0.8438","18.1792"
"50.7200","0.8442","18.2267"
"50.7400","0.8446","18.2074"
"50.7600","0.8450","18.2598"
"50.7800","0.8453","18.2870"
"50.8000","0.8456","18.3464"
"50.8200","0.8458","18.3110"
"50.8400","0.8461","18.3232"
"50.8600","0.8465","18.2037"
"50.8800","0.8469","18.1961"
"50.9000","0.8474","18.2677"
"50.9200","0.8478","18.2580"
"50.9400","0.8482","18.2443"
"50.9600","0.8485","18.2490"
"50.9800","0.8487","18.2043"
"51.0000","0.8489","18.2005"
"51.0200","0.8492","18.2355"
"51.0400","0.8495","18.3461"
"51.0600","0.8499","18.3450"
"51.0800","0.8503","18.3306"
"51.1000","0.8507","18.3377"
"51.1200","0.8510","18.2958"
"51.1400","0.8513","18.2961"
"51.1600","0.8516","18.2991"
"51.1800","0.8520","18.2391"
"51.2000","0.8523","18.3007"
"51.2200","0.8527","18.4223"
"51.2400","0.8531","18.4209"
"51.2600","0.8535","18.3972"
"51.2800","0.8538","18.3361"
"51.3000","0.8540","18.3185"
"51.3200","0.8542","18.3216"
"51.3400","0.8545","18.3361"
"51.3600","0.8548","18.2832"
"51.3800","0.8551","18.2637"
"51.4000","0.8555","18.3586"
"51.4200","0.8559","18.3401"
"51.4400","0.8563","18.2984"
"51.4600","0.8566","18.3311"
"51.4800","0.8569","18.3103"
"51.5000","0.8571","18.4091"
"51.5200","0.8574","18.4576"
"51.5400","0.8578","18.3945"
"51.5600","0.8582","18.3505"
"51.5800","0.8586","18.3870"
"51.6000","0.8590","18.5077"
"51.6200","0.8594","18.4943"
"51.6400","0.8597","18.5019"
"51.6600","0.8600","18.4544"
"51.6800","0.8602","18.4568"
"51.7000","0.8605","18.4885"
"51.7200","0.8608","18.4363"
"51.7400","0.8611","18.4372"
"51.7600","0.8615","18.5263"
"51.7800","0.8619","18.5658"
"51.8000","0.8623","18.5789"
"51.8200","0.8626","18.6089"
"51.8400","0.8630","18.6317"
"51.8600","0.8633","18.6172"
"51.8800","0.8637","18.6022"
"51.9000","0.8641","18.6151"
"51.9200","0.8645","18.6357"
"51.9400","0.8648","18.6404"
"51.9600","0.8652","18.6437"
"51.9800","0.8654","18.6845"
"52.0000","0.8657","18.6876"
"52.0200","0.8659","18.6127"
"52.0400","0.8662","18.5662"
"52.0600","0.8665","18.6658"
"52.0800","0.8669","18.7746"
"52.1000","0.8673","18.7991"
"52.1200","0.8677","18.7575"
"52.1400","0.8680","18.7022"
"52.1600","0.8683","18.7334"
"52.1800","0.8686","18.8493"
"52.2000","0.8688","18.8706"
"52.2200","0.8692","18.8060"
"52.2400","0.8695","18.7899"
"52.2600","0.8700","18.8349"
"52.2800","0.8704","18.8720"
"52.3000","0.8708","18.8127"
"52.3200","0.8711","18.7962"
"52.3400","0.8714","18.7419"
"52.3600","0.8716","18.7628"
"52.3800","0.8719","18.7627"
"52.4000","0.8721","18.8154"
"52.4200","0.8725","18.8836"
"52.4400","0.8728","18.7882"
"52.4600","0.8732","18.7821"
"52.4800","0.8736","18.7854"
"52.5000","0.8739","18.8577"
"52.5200","0.8742","18.8017"
"52.5400","0.8745","18.8735"
"52.5600","0.8749","18.8394"
"52.5800","0.8753","18.8949"
"52.6000","0.8757","18.9065"
"52.6200","0.8761","18.8211"
"52.6400","0.8764","18.9058"
"52.6600","0.8767","18.9030"
"52.6800","0.8770","18.8844"
"52.7000","0.8772","18.9497"
"52.7200","0.8775","18.9297"
"52.7400","0.8778","18.9487"
"52.7600","0.8781","18.9394"
"52.7800","0.8785","18.9214"
"52.8000","0.8789","18.9274"
"52.8200","0.8793","18.8952"
"52.8400","0.8796","18.9382"
"52.8600","0.8799","18.9748"
"52.8800","0.8801","19.0587"
"52.9000","0.8804","19.0307"
"52.9200","0.8808","19.0075"
"52.9400","0.8812","19.0200"
"52.9600","0.8817","18.9630"
"52.9800","0.8822","19.0285"
"53.0000","0.8825","19.0344"
"53.0200","0.8828","19.0618"
"53.0400","0.8830","19.0736"
"53.0600","0.8832","19.0738"
"53.0800","0.8835","19.1190"
"53.1000","0.8838","19.0603"
"53.1200","0.8842","19.0381"
"53.1400","0.8846","19.0640"
"53.1600","0.8850","19.0504"
"53.1800","0.8853","19.0959"
"53.2000","0.8857","19.0660"
"53.2200","0.8860","19.0477"
"53.2400","0.8863","19.1117"
"53.2600","0.8867","19.1786"
"53.2800","0.8870","19.1628"
"53.3000","0.8874","19.1801"
"53.3200","0.8878","19.0950"
"53.3400","0.8881","19.0466"
"53.3600","0.8884","19.0287"
"53.3800","0.8886","18.9850"
"53.4000","0.8889","18.9902"
"53.4200","0.8892","19.0177"
"53.4400","0.8895","19.1293"
"53.4600","0.8899","19.1928"
"53.4800","0.8903","19.1567"
"53.5000","0.8907","19.1422"
"53.5200","0.8910","19.1481"
"53.5400","0.8913","19.2431"
"53.5600","0.8915","19.2050"
"53.5800","0.8918","19.2128"
"53.6000","0.8922","19.2719"
"53.6200","0.8926","19.2510"
"53.6400","0.8930","19.2208"
"53.6600","0.8935","19.2819"
"53.6800","0.8939","19.3516"
"53.7000","0.8942","19.3286"
"53.7200","0.8944","19.2916"
"53.7400","0.8946","19.2782"
"53.7600","0.8949","19.3325"
"53.7800","0.8952","19.3548"
"53.8000","0.8955","19.3607"
"53.8200","0.8959","19.2354"
"53.8400","0.8963","19.2836"
"53.8600","0.8967","19.3411"
"53.8800","0.8970","19.3100"
"53.9000","0.8973","19.3335"
"53.9200","0.8976","19.3560"
"53.9400","0.8980","19.3625"
"53.9600","0.8983","19.3739"
"53.9800","0.8987","19.3479"
"54.0000","0.8991","19.3663"
"54.0200","0.8994","19.3743"
"54.0400","0.8997","19.3744"
"54.0600","0.9000","19.3514"
"54.0800","0.9002","19.3077"
"54.1000","0.9005","19.2990"
"54.1200","0.9008","19.2603"
"54.1400","0.9012","19.2542"
"54.1600","0.9015","19.2606"
"54.1800","0.9019","19.3019"
"54.2000","0.9023","19.4044"
"54.2200","0.9026","19.4312"
"54.2400","0.9028","19.4564"
"54.2600","0.9031","19.4777"
"54.2800","0.9034","19.4809"
"54.3000","0.9038","19.5408"
"54.3200","0.9043","19.5147"
"54.3400","0.9047","19.5158"
"54.3600","0.9052","19.5136"
"54.3800","0.9055","19.5226"
"54.4000","0.9058","19.5398"
"54.4200","0.9060","19.4694"
"54.4400","0.9062","19.4156"
"54.4600","0.9065","19.4342"
"54.4800","0.9068","19.4742"
"54.5000","0.9072","19.4513"
"54.5200","0.9076","19.5538"
"54.5400","0.9080","19.5706"
"54.5600","0.9084","19.5813"
"54.5800","0.9087","19.5757"
"54.6000","0.9090","19.6081"
"54.6200","0.9093","19.6145"
"54.6400","0.9097","19.6350"
"54.6600","0.9100","19.7096"
"54.6800","0.9104","19.6302"
"54.7000","0.9108","19.6202"
"54.7200","0.9111","19.6735"
"54.7400","0.9113","19.6276"
"54.7600","0.9116","19.5691"
"54.7800","0.9118","19.5308"
"54.8000","0.9121","19.4525"
"54.8200","0.9125","19.5267"
"54.8400","0.9128","19.5643"
"54.8600","0.9132","19.5982"
"54.8800","0.9136","19.6336"
"54.9000","0.9139","19.6683"
"54.9200","0.9142","19.7478"
"54.9400","0.9144","19.6580"
"54.9600","0.9147","19.6529"
"54.9800","0.9151","19.6997"
"55.0000","0.9155","19.6719"
"55.0200","0.9160","19.6138"
"55.0400","0.9165","19.5595"
"55.0600","0.9169","19.6416"
"55.0800","0.9172","19.7152"
"55.1000","0.9174","19.6939"
"55.1200","0.9176","19.7358"
"55.1400","0.9179","19.7052"
"55.1600","0.9182","19.7185"
"55.1800","0.9185","19.7695"
"55.2000","0.9189","19.6921"
"55.2200","0.9193","19.6186"
"55.2400","0.9196","19.7168"
"55.2600","0.9200","19.8098"
"55.2800","0.9203","19.8559"
"55.3000","0.9206","19.7426"
"55.3200","0.9209","19.6972"
"55.3400","0.9213","19.6939"
"55.3600","0.9217","19.7241"
"55.3800","0.9221","19.7556"
"55.4000","0.9224","19.7962"
"55.4200","0.9227","19.7711"
"55.4400","0.9230","19.8069"
"55.4600","0.9232","19.7682"
"55.4800","0.9235","19.7702"
"55.5000","0.9238","19.8055"
"55.5200","0.9242","19.8945"
"55.5400","0.9246","19.8863"
"55.5600","0.9250","19.8501"
"55.5800","0.9253","19.9161"
"55.6000","0.9256","19.9765"
"55.6200","0.9259","19.8844"
"55.6400","0.9262","19.8646"
"55.6600","0.9265","19.8967"
"55.6800","0.9268","19.8844"
"55.7000","0.9273","19.8827"
"55.7200","0.9277","19.8868"
"55.7400","0.9282","19.9510"
"55.7600","0.9285","20.0097"
"55.7800","0.9288","20.0057"
"55.8000","0.9290","20.1096"
"55.8200","0.9292","20.0630"
"55.8400","0.9295","19.9356"
"55.8600","0.9298","19.9336"
"55.8800","0.9302","20.0260"
"55.9000","0.9306","20.1409"
"55.9200","0.9310","20.0258"
"55.9400","0.9313","20.0208"
"55.9600","0.9316","20.0743"
"55.9800","0.9319","20.0609"
"56.0000","0.9322","20.0529"
"56.0200","0.9326","20.1170"
"56.0400","0.9330","20.1244"
"56.0600","0.9334","20.0657"
"56.0800","0.9338","20.0524"
"56.1000","0.9341","20.0923"
"56.1200","0.9343","20.2157"
"56.1400","0.9346","20.1466"
"56.1600","0.9349","20.1161"
"56.1800","0.9352","20.1133"
"56.2000","0.9355","20.1073"
"56.2200","0.9359","20.1678"
"56.2400","0.9363","20.2297"
"56.2600","0.9366","20.1887"
"56.2800","0.9369","20.1598"
"56.3000","0.9372","20.1394"
"56.3200","0.9375","20.2002"
"56.3400","0.9378","20.2555"
"56.3600","0.9381","20.2819"
"56.3800","0.9385","20.2949"
"56.4000","0.9390","20.2276"
"56.4200","0.9395","20.1137"
"56.4400","0.9398","20.1989"
"56.4600","0.9401","20.2869"
"56.4800","0.9404","20.2781"
"56.5000","0.9406","20.2209"
"56.5200","0.9408","20.2373"
"56.5400","0.9412","20.2611"
"56.5600","0.9415","20.2757"
"56.5800","0.9419","20.3108"
"56.6000","0.9423","20.3712"
"56.6200","0.9426","20.4021"
"56.6400","0.9429","20.3832"
"56.6600","0.9432","20.3795"
"56.6800","0.9436","20.4138"
"56.7000","0.9439","20.4732"
"56.7200","0.9444","20.4262"
"56.7400","0.9448","20.3382"
"56.7600","0.9452","20.4193"
"56.7800","0.9455","20.4531"
"56.8000","0.9457","20.4425"
"56.8200","0.9460","20.4533"
"56.8400","0.9462","20.4905"
"56.8600","0.9465","20.4985"
"56.8800","0.9468","20.4167"
"56.9000","0.9472","20.4593"
"56.9200","0.9476","20.5567"
"56.9400","0.9479","20.5786"
"56.9600","0.9483","20.5018"
"56.9800","0.9486","20.4901"
"57.0000","0.9488","20.5185"
"57.0200","0.9491","20.5710"
"57.0400","0.9494","20.6065"
"57.0600","0.9498","20.6896"
"57.0800","0.9503","20.6508"
"57.1000","0.9507","20.5848"
"57.1200","0.9512","20.6004"
"57.1400","0.9515","20.6335"
"57.1600","0.9517","20.6807"
"57.1800","0.9520","20.6425"
"57.2000","0.9522","20.6145"
"57.2200","0.9525","20.5847"
"57.2400","0.9529","20.6369"
"57.2600","0.9533","20.7000"
"57.2800","0.9537","20.7393"
"57.3000","0.9540","20.7347"
"57.3200","0.9543","20.6995"
"57.3400","0.9546","20.6325"
"57.3600","0.9549","20.7004"
"57.3800","0.9553","20.7230"
"57.4000","0.9557","20.7320"
"57.4200","0.9561","20.7262"
"57.4400","0.9565","20.6013"
"57.4600","0.9568","20.6557"
"57.4800","0.9571","20.6914"
"57.5000","0.9574","20.7767"
"57.5200","0.9576","20.7715"
"57.5400","0.9579","20.7134"
"57.5600","0.9582","20.6519"
"57.5800","0.9585","20.7537"
"57.6000","0.9589","20.7898"
"57.6200","0.9593","20.8387"
"57.6400","0.9596","20.7761"
"57.6600","0.9599","20.7790"
"57.6800","0.9602","20.7781"
"57.7000","0.9605","20.8598"
"57.7200","0.9607","20.8529"
"57.7400","0.9611","20.8655"
"57.7600","0.9615","20.7961"
"57.7800","0.9620","20.8021"
"57.8000","0.9625","20.8907"
"57.8200","0.9629","20.9581"
"57.8400","0.9631","20.9794"
"57.8600","0.9634","20.9591"
"57.8800","0.9636","20.9350"
"57.9000","0.9639","20.9292"
"57.9200","0.9642","20.9660"
"57.9400","0.9646","20.9601"
"57.9600","0.9649","20.9497"
"57.9800","0.9653","20.9182"
"58.0000","0.9656","20.9646"
"58.0200","0.9660","21.0774"
"58.0400","0.9662","21.0416"
"58.0600","0.9666","21.0354"
"58.0800","0.9669","21.0346"
"58.1000","0.9673","21.0053"
"58.1200","0.9678","21.0596"
"58.1400","0.9681","21.0281"
"58.1600","0.9685","20.9683"
"58.1800","0.9687","21.0132"
"58.2000","0.9690","21.0216"
"58.2200","0.9692","21.0978"
"58.2400","0.9695","21.1112"
"58.2600","0.9699","21.0470"
"58.2800","0.9703","21.0249"
"58.3000","0.9707","21.0216"
"58.3200","0.9710","21.0678"
"58.3400","0.9713","21.1862"
"58.3600","0.9716","21.2477"
"58.3800","0.9719","21.2050"
"58.4000","0.9721","21.1577"
"58.4200","0.9724","21.1825"
"58.4400","0.9728","21.1379"
"58.4600","0.9733","21.1417"
"58.4800","0.9737","21.1769"
"58.5000","0.9741","21.2659"
"58.5200","0.9744","21.2360"
"58.5400","0.9747","21.2848"
"58.5600","0.9749","21.2645"
"58.5800","0.9752","21.2584"
"58.6000","0.9755","21.2791"
"58.6200","0.9758","21.3127"
"58.6400","0.9762","21.3452"
"58.6600","0.9766","21.3292"
"58.6800","0.9770","21.3446"
"58.7000","0.9773","21.3418"
"58.7200","0.9776","21.3069"
"58.7400","0.9779","21.3366"
"58.7600","0.9783","21.3687"
"58.7800","0.9786","21.3687"
"58.8000","0.9791","21.3576"
"58.8200","0.9795","21.3415"
"58.8400","0.9798","21.2919"
"58.8600","0.9801","21.2569"
"58.8800","0.9803","21.3175"
"58.9000","0.9806","21.3561"
"58.9200","0.9809","21.3710"
"58.9400","0.9812","21.4286"
"58.9600","0.9816","21.4266"
"58.9800","0.9819","21.3842"
"59.0000","0.9823","21.4724"
"59.0200","0.9826","21.4150"
"59.0400","0.9829","21.3817"
"59.0600","0.9832","21.4450"
"59.0800","0.9835","21.4100"
"59.1000","0.9838","21.4210"
"59.1200","0.9841","21.5265"
"59.1400","0.9845","21.6333"
"59.1600","0.9850","21.6055"
"59.1800","0.9854","21.5424"
"59.2000","0.9858","21.5215"
"59.2200","0.9860","21.5510"
"59.2400","0.9863","21.6293"
"59.2600","0.9865","21.5723"
"59.2800","0.9868","21.6436"
"59.3000","0.9871","21.5986"
"59.3200","0.9875","21.5374"
"59.3400","0.9879","21.6093"
"59.3600","0.9883","21.6780"
"59.3800","0.9886","21.6555"
"59.4000","0.9890","21.5998"
"59.4200","0.9893","21.6019"
"59.4400","0.9896","21.6030"
"59.4600","0.9900","21.5889"
"59.4800","0.9904","21.6471"
"59.5000","0.9908","21.7404"
"59.5200","0.9911","21.8166"
"59.5400","0.9914","21.8008"
"59.5600","0.9917","21.7495"
"59.5800","0.9919","21.7139"
"59.6000","0.9922","21.6264"
"59.6200","0.9925","21.6812"
"59.6400","0.9928","21.7243"
"59.6600","0.9932","21.7615"
"59.6800","0.9936","21.7513"
"59.7000","0.9940","21.7883"
"59.7200","0.9943","21.7268"
"59.7400","0.9945","21.6817"
"59.7600","0.9948","21.7564"
"59.7800","0.9951","21.8005"
"59.8000","0.9954","21.7366"
"59.8200","0.9958","21.7767"
"59.8400","0.9963","21.8436"
"59.8600","0.9967","21.8026"
"59.8800","0.9971","21.8185"
"59.9000","0.9975","21.7977"
"59.9200","0.9977","21.7451"
"59.9400","0.9979","21.8362"
"59.9600","0.9982","21.8310"
"59.9800","0.9985","21.7640"
"60.0000","0.9988","21.8186"
"60.0200","0.9992","21.8057"
"60.0400","0.9996","21.9024"
"60.0600","1.0000","22.0247"
"60.0800","1.0003","21.9627"
"60.1000","1.0006","21.9472"
"60.1200","1.0009","21.9448"
"60.1400","1.0012","21.9310"
"60.1600","1.0016","21.8917"
"60.1800","1.0021","21.9411"
"60.2000","1.0025","21.9580"
"60.2200","1.0028","21.9531"
"60.2400","1.0031","22.0591"
"60.2600","1.0033","22.0831"
"60.2800","1.0035","21.9416"
"60.3000","1.0038","22.0148"
"60.3200","1.0041","22.0409"
"60.3400","1.0045","22.0023"
"60.3600","1.0049","21.9918"
"60.3800","1.0053","22.0549"
"60.4000","1.0057","22.0402"
"60.4200","1.0060","22.0884"
"60.4400","1.0062","22.1338"
"60.4600","1.0065","22.1498"
"60.4800","1.0068","22.1250"
"60.5000","1.0072","22.1353"
"60.5200","1.0076","22.1388"
"60.5400","1.0081","22.0935"
"60.5600","1.0085","22.1233"
"60.5800","1.0088","22.0897"
"60.6000","1.0091","22.0558"
"60.6200","1.0093","22.1152"
"60.6400","1.0096","22.1994"
"60.6600","1.0098","22.2391"
"60.6800","1.0102","22.2653"
"60.7000","1.0105","22.2224"
"60.7200","1.0109","22.1209"
"60.7400","1.0113","22.1122"
"60.7600","1.0116","22.1893"
"60.7800","1.0119","22.1998"
"60.8000","1.0122","22.3167"
"60.8200","1.0126","22.2968"
"60.8400","1.0130","22.3426"
"60.8600","1.0134","22.3246"
"60.8800","1.0138","22.3432"
"60.9000","1.0142","22.4356"
"60.9200","1.0145","22.4551"
"60.9400","1.0147","22.3804"
"60.9600","1.0149","22.3011"
"60.9800","1.0152","22.3135"
"61.0000","1.0155","22.3142"
"61.0200","1.0159","22.2584"
"61.0400","1.0163","22.2305"
"61.0600","1.0167","22.2374"
"61.0800","1.0170","22.3069"
"61.1000","1.0173","22.4247"
"61.1200","1.0176","22.4590"
"61.1400","1.0179","22.4765"
"61.1600","1.0181","22.4341"
"61.1800","1.0185","22.4254"
"61.2000","1.0189","22.4847"
"61.2200","1.0193","22.5075"
"61.2400","1.0198","22.4009"
"61.2600","1.0202","22.3965"
"61.2800","1.0205","22.5487"
"61.3000","1.0207","22.5488"
"61.3200","1.0209","22.5553"
"61.3400","1.0212","22.4910"
"61.3600","1.0215","22.4747"
"61.3800","1.0218","22.4818"
"61.4000","1.0222","22.5303"
"61.4200","1.0226","22.5182"
"61.4400","1.0229","22.5067"
"61.4600","1.0233","22.6186"
"61.4800","1.0236","22.5797"
"61.5000","1.0239","22.6403"
"61.5200","1.0243","22.7209"
"61.5400","1.0247","22.7101"
"61.5600","1.0251","22.6191"
"61.5800","1.0255","22.6464"
"61.6000","1.0258","22.6597"
"61.6200","1.0261","22.6493"
"61.6400","1.0263","22.6449"
"61.6600","1.0266","22.5438"
"61.6800","1.0268","22.5189"
"61.7000","1.0272","22.5724"
"61.7200","1.0275","22.6550"
"61.7400","1.0279","22.7017"
"61.7600","1.0283","22.7320"
"61.7800","1.0286","22.7243"
"61.8000","1.0289","22.6460"
"61.8200","1.0292","22.6644"
"61.8400","1.0295","22.7205"
"61.8600","1.0298","22.7436"
"61.8800","1.0302","22.6414"
"61.9000","1.0306","22.6884"
"61.9200","1.0311","22.7559"
"61.9400","1.0315","22.7753"
"61.9600","1.0318","22.7055"
"61.9800","1.0321","22.6710"
"62.0000","1.0323","22.7650"
"62.0200","1.0325","22.8533"
"62.0400","1.0328","22.8771"
"62.0600","1.0332","22.9159"
"62.0800","1.0335","22.8990"
"62.1000","1.0339","22.8856"
"62.1200","1.0343","22.8472"
"62.1400","1.0346","22.8281"
"62.1600","1.0349","22.8460"
"62.1800","1.0352","22.9040"
"62.2000","1.0356","22.8861"
"62.2200","1.0360","22.9648"
"62.2400","1.0364","22.9233"
"62.2600","1.0368","22.8830"
"62.2800","1.0371","22.9283"
"62.3000","1.0374","22.9403"
"62.3200","1.0377","22.8870"
"62.3400","1.0379","22.8945"
"62.3600","1.0382","22.8684"
"62.3800","1.0385","22.9542"
"62.4000","1.0388","23.0333"
"62.4200","1.0392","23.0575"
"62.4400","1.0396","22.9953"
"62.4600","1.0400","23.0554"
"62.4800","1.0403","22.9936"
"62.5000","1.0406","22.9935"
"62.5200","1.0408","22.9662"
"62.5400","1.0411","22.9462"
"62.5600","1.0415","22.9636"
"62.5800","1.0419","23.0806"
"62.6000","1.0423","23.0790"
"62.6200","1.0428","23.1102"
"62.6400","1.0432","23.1232"
"62.6600","1.0435","23.0288"
"62.6800","1.0437","22.9756"
"62.7000","1.0439","22.9566"
"62.7200","1.0442","22.9750"
"62.7400","1.0445","23.0144"
"62.7600","1.0448","23.0877"
"62.7800","1.0452","23.1136"
"62.8000","1.0456","23.0828"
"62.8200","1.0459","23.0812"
"62.8400","1.0462","23.1445"
"62.8600","1.0466","23.0978"
"62.8800","1.0469","23.0464"
"62.9000","1.0473","23.0703"
"62.9200","1.0477","23.1709"
"62.9400","1.0481","23.1502"
"62.9600","1.0485","23.1677"
"62.9800","1.0488","23.1771"
"63.0000","1.0490","23.2366"
"63.0200","1.0493","23.2055"
"63.0400","1.0495","23.2250"
"63.0600","1.0498","23.2969"
"63.0800","1.0501","23.2918"
"63.1000","1.0505","23.2836"
"63.1200","1.0509","23.2720"
"63.1400","1.0513","23.2478"
"63.1600","1.0517","23.2787"
"63.1800","1.0519","23.2957"
"63.2000","1.0522","23.3603"
"63.2200","1.0525","23.3554"
"63.2400","1.0528","23.2446"
"63.2600","1.0532","23.2547"
"63.2800","1.0536","23.2948"
"63.3000","1.0541","23.3090"
"63.3200","1.0545","23.2873"
"63.3400","1.0548","23.3588"
"63.3600","1.0551","23.4153"
"63.3800","1.0553","23.3924"
"63.4000","1.0555","23.3713"
"63.4200","1.0558","23.3777"
"63.4400","1.0561","23.4196"
"63.4600","1.0565","23.4553"
"63.4800","1.0569","23.4764"
"63.5000","1.0573","23.4241"
"63.5200","1.0576","23.3698"
"63.5400","1.0579","23.4593"
"63.5600","1.0582","23.4752"
"63.5800","1.0586","23.4532"
"63.6000","1.0590","23.3677"
"63.6200","1.0594","23.3660"
"63.6400","1.0598","23.4640"
"63.6600","1.0602","23.5425"
"63.6800","1.0605","23.5126"
"63.7000","1.0607","23.4696"
"63.7200","1.0609","23.5068"
"63.7400","1.0612","23.5343"
"63.7600","1.0615","23.5456"
"63.7800","1.0619","23.6112"
"63.8000","1.0623","23.5944"
"63.8200","1.0626","23.5960"
"63.8400","1.0630","23.6326"
"63.8600","1.0633","23.7192"
"63.8800","1.0636","23.6285"
"63.9000","1.0638","23.5566"
"63.9200","1.0641","23.5398"
"63.9400","1.0645","23.5829"
"63.9600","1.0649","23.6294"
"63.9800","1.0654","23.5972"
"64.0000","1.0658","23.6124"
"64.0200","1.0662","23.7191"
"64.0400","1.0665","23.6542"
"64.0600","1.0667","23.7012"
"64.0800","1.0669","23.7139"
"64.1000","1.0672","23.7051"
"64.1200","1.0675","23.7497"
"64.1400","1.0678","23.7202"
"64.1600","1.0682","23.7599"
"64.1800","1.0686","23.7901"
"64.2000","1.0690","23.7951"
"64.2200","1.0693","23.7693"
"64.2400","1.0696","23.7458"
"64.2600","1.0700","23.7967"
"64.2800","1.0703","23.8217"
"64.3000","1.0707","23.7720"
"64.3200","1.0711","23.8400"
"64.3400","1.0715","23.9038"
"64.3600","1.0718","23.9277"
"64.3800","1.0720","23.8907"
"64.4000","1.0723","23.8348"
"64.4200","1.0725","23.8639"
"64.4400","1.0728","23.8007"
"64.4600","1.0731","23.8261"
"64.4800","1.0735","23.9658"
"64.5000","1.0739","23.9528"
"64.5200","1.0743","23.9121"
"64.5400","1.0746","23.9275"
"64.5600","1.0749","23.9051"
"64.5800","1.0752","23.8894"
"64.6000","1.0755","23.9501"
"64.6200","1.0758","23.9306"
"64.6400","1.0762","23.8862"
"64.6600","1.0766","23.9672"
"64.6800","1.0771","24.0170"
"64.7000","1.0776","24.0840"
"64.7200","1.0779","24.0765"
"64.7400","1.0781","24.0331"
"64.7600","1.0784","24.0069"
"64.7800","1.0786","23.9652"
"64.8000","1.0789","23.9159"
"64.8200","1.0792","24.0365"
"64.8400","1.0796","24.1190"
"64.8600","1.0799","24.0616"
"64.8800","1.0803","24.0224"
"64.9000","1.0806","24.0275"
"64.9200","1.0809","24.0851"
"64.9400","1.0812","24.1248"
"64.9600","1.0816","24.1637"
"64.9800","1.0820","24.1372"
"65.0000","1.0824","24.0938"
"65.0200","1.0828","24.1594"
"65.0400","1.0831","24.1674"
"65.0600","1.0834","24.1962"
"65.0800","1.0837","24.2452"
"65.1000","1.0839","24.2286"
"65.1200","1.0842","24.2321"
"65.1400","1.0845","24.2387"
"65.1600","1.0848","24.1559"
"65.1800","1.0852","24.1546"
"65.2000","1.0856","24.2210"
"65.2200","1.0860","24.1764"
"65.2400","1.0863","24.2209"
"65.2600","1.0866","24.3543"
"65.2800","1.0868","24.3816"
"65.3000","1.0872","24.3004"
"65.3200","1.0875","24.3412"
"65.3400","1.0879","24.3742"
"65.3600","1.0884","24.3690"
"65.3800","1.0888","24.3996"
"65.4000","1.0892","24.3032"
"65.4200","1.0894","24.2630"
"65.4400","1.0897","24.2093"
"65.4600","1.0899","24.2378"
"65.4800","1.0902","24.2807"
"65.5000","1.0905","24.3091"
"65.5200","1.0908","24.3511"
"65.5400","1.0912","24.4040"
"65.5600","1.0916","24.4658"
"65.5800","1.0919","24.5135"
"65.6000","1.0922","24.4593"
"65.6200","1.0926","24.3924"
"65.6400","1.0929","24.3195"
"65.6600","1.0933","24.3973"
"65.6800","1.0937","24.4563"
"65.7000","1.0941","24.4222"
"65.7200","1.0944","24.3956"
"65.7400","1.0948","24.4549"
"65.7600","1.0950","24.5003"
"65.7800","1.0953","24.4541"
"65.8000","1.0955","24.4487"
"65.8200","1.0958","24.5104"
"65.8400","1.0962","24.5005"
"65.8600","1.0966","24.5278"
"65.8800","1.0970","24.6007"
"65.9000","1.0973","24.6332"
"65.9200","1.0977","24.5435"
"65.9400","1.0980","24.5878"
"65.9600","1.0982","24.5758"
"65.9800","1.0985","24.4712"
"66.0000","1.0988","24.4596"
"66.0200","1.0992","24.6019"
"66.0400","1.0997","24.6157"
"66.0600","1.1001","24.6391"
"66.0800","1.1005","24.6525"
"66.1000","1.1008","24.5951"
"66.1200","1.1010","24.6687"
"66.1400","1.1013","24.6225"
"66.1600","1.1015","24.6311"
"66.1800","1.1018","24.6430"
"66.2000","1.1021","24.6300"
"66.2200","1.1025","24.7050"
"66.2400","1.1029","24.6982"
"66.2600","1.1032","24.7108"
"66.2800","1.1036","24.6849"
"66.3000","1.1039","24.7232"
"66.3200","1.1042","24.7662"
"66.3400","1.1046","24.7528"
"66.3600","1.1050","24.6925"
"66.3800","1.1054","24.6727"
"66.4000","1.1057","24.6506"
"66.4200","1.1061","24.7122"
"66.4400","1.1064","24.6441"
"66.4600","1.1066","24.6365"
"66.4800","1.1069","24.7228"
"66.5000","1.1071","24.7500"
"66.5200","1.1075","24.7805"
"66.5400","1.1078","24.7367"
"66.5600","1.1082","24.8083"
"66.5800","1.1086","24.8596"
"66.6000","1.1090","24.8360"
"66.6200","1.1093","24.8771"
"66.6400","1.1096","24.9336"
"66.6600","1.1098","25.0256"
"66.6800","1.1101","24.9325"
"66.7000","1.1105","24.8703"
"66.7200","1.1109","24.8352"
"66.7400","1.1114","24.8891"
"66.7600","1.1118","24.9460"
"66.7800","1.1122","24.9137"
"66.8000","1.1125","24.8785"
"66.8200","1.1127","24.9471"
"66.8400","1.1129","24.9607"
"66.8600","1.1132","24.9630"
"66.8800","1.1135","25.0145"
"66.9000","1.1139","25.0029"
"66.9200","1.1143","25.0036"
"66.9400","1.1147","25.0407"
"66.9600","1.1150","25.0494"
"66.9800","1.1153","24.9903"
"67.0000","1.1156","25.0269"
"67.0200","1.1159","25.0151"
"67.0400","1.1163","25.0346"
"67.0600","1.1167","24.9792"
"67.0800","1.1171","24.9864"
"67.1000","1.1174","25.0574"
"67.1200","1.1177","25.0687"
"67.1400","1.1180","25.0595"
"67.1600","1.1182","25.0278"
"67.1800","1.1185","25.0981"
"67.2000","1.1188","25.1241"
"67.2200","1.1191","25.1375"
"67.2400","1.1195","25.1721"
"67.2600","1.1199","25.1739"
"67.2800","1.1203","25.1834"
"67.3000","1.1206","25.1952"
"67.3200","1.1209","25.1742"
"67.3400","1.1212","25.2234"
"67.3600","1.1215","25.2882"
"67.3800","1.1218","25.2949"
"67.4000","1.1222","25.2681"
"67.4200","1.1227","25.2611"
"67.4400","1.1232","25.2305"
"67.4600","1.1236","25.1820"
"67.4800","1.1238","25.2219"
"67.5000","1.1240","25.2685"
"67.5200","1.1243","25.3328"
"67.5400","1.1245","25.2154"
"67.5600","1.1248","25.1721"
"67.5800","1.1252","25.3015"
"67.6000","1.1256","25.3040"
"67.6200","1.1260","25.2349"
"67.6400","1.1263","25.2872"
"67.6600","1.1266","25.3928"
"67.6800","1.1269","25.4281"
"67.7000","1.1273","25.4093"
"67.7200","1.1276","25.4044"
"67.7400","1.1280","25.2683"
"67.7600","1.1284","25.3666"
"67.7800","1.1287","25.4833"
"67.8000","1.1291","25.4878"
"67.8200","1.1294","25.2971"
"67.8400","1.1296","25.2627"
"67.8600","1.1299","25.3865"
"67.8800","1.1302","25.4469"
"67.9000","1.1305","25.4635"
"67.9200","1.1309","25.4506"
"67.9400","1.1313","25.4694"
"67.9600","1.1316","25.5026"
"67.9800","1.1320","25.4796"
"68.0000","1.1323","25.4878"
"68.0200","1.1325","25.5168"
"68.0400","1.1328","25.6139"
"68.0600","1.1331","25.5837"
"68.0800","1.1335","25.4854"
"68.1000","1.1340","25.5531"
"68.1200","1.1345","25.6157"
"68.1400","1.1349","25.6303"
"68.1600","1.1352","25.5920"
"68.1800","1.1354","25.5075"
"68.2000","1.1356","25.5056"
"68.2200","1.1359","25.5060"
"68.2400","1.1362","25.5252"
"68.2600","1.1365","25.5448"
"68.2800","1.1369","25.4865"
"68.3000","1.1373","25.5317"
"68.3200","1.1377","25.5386"
"68.3400","1.1380","25.6165"
"68.3600","1.1383","25.6657"
"68.3800","1.1386","25.6890"
"68.4000","1.1390","25.7245"
"68.4200","1.1393","25.7053"
"68.4400","1.1397","25.5994"
"68.4600","1.1401","25.6049"
"68.4800","1.1404","25.6124"
"68.5000","1.1407","25.6600"
"68.5200","1.1410","25.7425"
"68.5400","1.1412","25.7553"
"68.5600","1.1415","25.6814"
"68.5800","1.1418","25.6581"
"68.6000","1.1422","25.6830"
"68.6200","1.1425","25.6584"
"68.6400","1.1429","25.6629"
"68.6600","1.1433","25.7316"
"68.6800","1.1436","25.8414"
"68.7000","1.1439","25.8849"
"68.7200","1.1441","25.8557"
"68.7400","1.1444","25.7361"
"68.7600","1.1448","25.8163"
"68.7800","1.1452","25.8764"
"68.8000","1.1457","25.9343"
"68.8200","1.1462","25.9284"
"68.8400","1.1466","25.9104"
"68.8600","1.1468","25.9202"
"68.8800","1.1470","25.9427"
"68.9000","1.1473","25.8387"
"68.9200","1.1475","25.8374"
"68.9400","1.1478","25.9090"
"68.9600","1.1482","25.9753"
"68.9800","1.1486","26.0746"
"69.0000","1.1490","25.9744"
"69.0200","1.1494","25.9721"
"69.0400","1.1497","26.0332"
"69.0600","1.1500","25.9853"
"69.0800","1.1503","25.9400"
"69.1000","1.1507","25.9376"
"69.1200","1.1510","26.0361"
"69.1400","1.1514","26.0651"
"69.1600","1.1518","26.1051"
"69.1800","1.1521","26.0339"
"69.2000","1.1523","26.0127"
"69.2200","1.1526","26.0592"
"69.2400","1.1528","26.0662"
"69.2600","1.1531","26.0670"
"69.2800","1.1535","26.1223"
"69.3000","1.1538","26.0858"
"69.3200","1.1542","26.1303"
"69.3400","1.1546","26.1469"
"69.3600","1.1549","26.1395"
"69.3800","1.1552","26.1817"
"69.4000","1.1555","26.1519"
"69.4200","1.1558","26.1691"
"69.4400","1.1561","26.1590"
"69.4600","1.1565","26.1624"
"69.4800","1.1570","26.2037"
"69.5000","1.1575","26.2068"
"69.5200","1.1579","26.2096"
"69.5400","1.1582","26.2008"
"69.5600","1.1585","26.1876"
"69.5800","1.1587","26.2173"
"69.6000","1.1589","26.2307"
"69.6200","1.1592","26.2194"
"69.6400","1.1595","26.2771"
"69.6600","1.1599","26.2252"
"69.6800","1.1603","26.2817"
"69.7000","1.1607","26.3122"
"69.7200","1.1610","26.2797"
"69.7400","1.1613","26.3571"
"69.7600","1.1616","26.3522"
"69.7800","1.1619","26.3253"
"69.8000","1.1623","26.3016"
"69.8200","1.1627","26.2484"
"69.8400","1.1631","26.2221"
"69.8600","1.1634","26.3296"
"69.8800","1.1637","26.4522"
"69.9000","1.1640","26.3956"
"69.9200","1.1642","26.4472"
"69.9400","1.1645","26.3585"
"69.9600","1.1648","26.3641"
"69.9800","1.1652","26.3415"
"70.0000","1.1655","26.3966"
"70.0200","1.1659","26.4597"
"70.0400","1.1663","26.4312"
"70.0600","1.1666","26.3871"
"70.0800","1.1669","26.4067"
"70.1000","1.1671","26.4521"
"70.1200","1.1674","26.4531"
"70.1400","1.1678","26.4842"
"70.1600","1.1682","26.4231"
"70.1800","1.1687","26.4668"
"70.2000","1.1691","26.5253"
"70.2200","1.1695","26.5378"
"70.2400","1.1698","26.5298"
"70.2600","1.1700","26.5610"
"70.2800","1.1702","26.5833"
"70.3000","1.1705","26.5938"
"70.3200","1.1708","26.5196"
"70.3400","1.1712","26.4844"
"70.3600","1.1715","26.5899"
"70.3800","1.1719","26.6825"
"70.4000","1.1723","26.6533"
"70.4200","1.1726","26.6647"
"70.4400","1.1729","26.7099"
"70.4600","1.1732","26.5832"
"70.4800","1.1736","26.5362"
"70.5000","1.1740","26.5843"
"70.5200","1.1744","26.6364"
"70.5400","1.1748","26.6376"
"70.5600","1.1751","26.6615"
"70.5800","1.1754","26.6185"
"70.6000","1.1756","26.5895"
"70.6200","1.1759","26.6481"
"70.6400","1.1762","26.7084"
"70.6600","1.1765","26.6688"
"70.6800","1.1769","26.6571"
"70.7000","1.1773","26.6366"
"70.7200","1.1776","26.5790"
"70.7400","1.1779","26.5933"
"70.7600","1.1782","26.6639"
"70.7800","1.1785","26.7733"
"70.8000","1.1788","26.8332"
"70.8200","1.1791","26.8317"
"70.8400","1.1795","26.8394"
"70.8600","1.1800","26.8660"
"70.8800","1.1804","26.8226"
"70.9000","1.1808","26.7913"
"70.9200","1.1811","26.8390"
"70.9400","1.1814","26.8322"
"70.9600","1.1816","26.8960"
"70.9800","1.1818","26.9474"
"71.0000","1.1821","26.9055"
"71.0200","1.1825","26.8081"
"71.0400","1.1829","26.8147"
"71.0600","1.1833","26.8982"
"71.0800","1.1836","26.9333"
"71.1000","1.1840","26.7928"
"71.1200","1.1843","26.7629"
"71.1400","1.1846","26.8135"
"71.1600","1.1849","26.8574"
"71.1800","1.1854","26.8584"
"71.2000","1.1858","26.8545"
"71.2200","1.1862","26.8806"
"71.2400","1.1865","26.9434"
"71.2600","1.1867","26.8990"
"71.2800","1.1870","26.9552"
"71.3000","1.1872","27.0455"
"71.3200","1.1875","27.0160"
"71.3400","1.1879","26.9682"
"71.3600","1.1882","26.9832"
"71.3800","1.1886","27.0353"
"71.4000","1.1890","27.0104"
"71.4200","1.1893","26.9774"
"71.4400","1.1896","27.0547"
"71.4600","1.1899","27.1149"
"71.4800","1.1901","27.0845"
"71.5000","1.1905","27.0374"
"71.5200","1.1908","26.9230"
"71.5400","1.1913","26.9736"
"71.5600","1.1917","27.0310"
"71.5800","1.1922","27.0939"
"71.6000","1.1925","27.1479"
"71.6200","1.1928","27.1872"
"71.6400","1.1930","27.1416"
"71.6600","1.1933","27.1495"
"71.6800","1.1936","27.1701"
"71.7000","1.1939","27.1923"
"71.7200","1.1943","27.2038"
"71.7400","1.1947","27.2189"
"71.7600","1.1950","27.2399"
"71.7800","1.1953","27.2406"
"71.8000","1.1956","27.2677"
"71.8200","1.1959","27.2035"
"71.8400","1.1963","27.1308"
"71.8600","1.1966","27.2055"
"71.8800","1.1970","27.2540"
"71.9000","1.1975","27.3480"
"71.9200","1.1978","27.3272"
"71.9400","1.1981","27.3128"
"71.9600","1.1984","27.2666"
"71.9800","1.1986","27.3029"
"72.0000","1.1989","27.3040"
"72.0200","1.1992","27.3057"
"72.0400","1.1995","27.3684"
"72.0600","1.1999","27.4178"
"72.0800","1.2003","27.4208"
"72.1000","1.2006","27.3234"
"72.1200","1.2009","27.2821"
"72.1400","1.2012","27.3523"
"72.1600","1.2015","27.4074"
"72.1800","1.2018","27.3431"
"72.2000","1.2021","27.3251"
"72.2200","1.2025","27.3538"
"72.2400","1.2030","27.3793"
"72.2600","1.2035","27.5077"
"72.2800","1.2039","27.5432"
"72.3000","1.2041","27.6036"
"72.3200","1.2044","27.5307"
"72.3400","1.2046","27.5385"
"72.3600","1.2049","27.6004"
"72.3800","1.2052","27.5207"
"72.4000","1.2056","27.5302"
"72.4200","1.2059","27.5138"
"72.4400","1.2063","27.6224"
"72.4600","1.2067","27.5935"
"72.4800","1.2070","27.5044"
"72.5000","1.2073","27.5602"
"72.5200","1.2076","27.6399"
"72.5400","1.2079","27.5598"
"72.5600","1.2083","27.4520"
"72.5800","1.2087","27.5097"
"72.6000","1.2091","27.5560"
"72.6200","1.2095","27.6131"
"72.6400","1.2097","27.5996"
"72.6600","1.2100","27.6793"
"72.6800","1.2102","27.7591"
"72.7000","1.2105","27.7938"
"72.7200","1.2108","27.7713"
"72.7400","1.2112","27.6580"
"72.7600","1.2116","27.6573"
"72.7800","1.2120","27.7482"
"72.8000","1.2123","27.7586"
"72.8200","1.2126","27.7608"
"72.8400","1.2128","27.7522"
"72.8600","1.2131","27.7284"
"72.8800","1.2134","27.6959"
"72.9000","1.2138","27.6626"
"72.9200","1.2142","27.7482"
"72.9400","1.2147","27.7734"
"72.9600","1.2151","27.7666"
"72.9800","1.2154","27.7914"
"73.0000","1.2157","27.7830"
"73.0200","1.2159","27.7676"
"73.0400","1.2162","27.7595"
"73.0600","1.2165","27.7132"
"73.0800","1.2168","27.7231"
"73.1000","1.2172","27.7366"
"73.1200","1.2176","27.6985"
"73.1400","1.2180","27.8350"
"73.1600","1.2183","27.9296"
"73.1800","1.2186","27.9580"
"73.2000","1.2189","27.8529"
"73.2200","1.2193","27.8811"
"73.2400","1.2196","27.9397"
"73.2600","1.2201","27.9415"
"73.2800","1.2205","27.9402"
"73.3000","1.2208","27.9536"
"73.3200","1.2211","27.9420"
"73.3400","1.2214","27.8935"
"73.3600","1.2216","27.9641"
"73.3800","1.2219","27.9575"
"73.4000","1.2222","27.9285"
"73.4200","1.2225","27.9134"
"73.4400","1.2229","27.9499"
"73.4600","1.2233","27.9376"
"73.4800","1.2236","27.9785"
"73.5000","1.2239","28.0014"
"73.5200","1.2242","28.0933"
"73.5400","1.2245","28.0781"
"73.5600","1.2248","28.0610"
"73.5800","1.2251","28.0876"
"73.6000","1.2255","28.0377"
"73.6200","1.2260","28.1610"
"73.6400","1.2264","28.2248"
"73.6600","1.2268","28.1260"
"73.6800","1.2271","28.0483"
"73.7000","1.2273","28.0296"
"73.7200","1.2275","28.1129"
"73.7400","1.2278","28.1052"
"73.7600","1.2281","28.1199"
"73.7800","1.2285","28.0636"
"73.8000","1.2289","28.1299"
"73.8200","1.2293","28.1905"
"73.8400","1.2296","28.2249"
"73.8600","1.2300","28.2212"
"73.8800","1.2303","28.2346"
"73.9000","1.2306","28.2499"
"73.9200","1.2309","28.2361"
"73.9400","1.2313","28.2427"
"73.9600","1.2318","28.2377"
"73.9800","1.2321","28.2531"
"74.0000","1.2325","28.2869"
"74.0200","1.2327","28.2863"
"74.0400","1.2330","28.2446"
"74.0600","1.2332","28.2766"
"74.0800","1.2335","28.1694"
"74.1000","1.2339","28.1528"
"74.1200","1.2342","28.2380"
"74.1400","1.2346","28.2876"
"74.1600","1.2350","28.3444"
"74.1800","1.2353","28.3241"
"74.2000","1.2356","28.2616"
"74.2200","1.2358","28.2803"
"74.2400","1.2361","28.2873"
"74.2600","1.2364","28.3424"
"74.2800","1.2368","28.3309"
"74.3000","1.2372","28.4006"
"74.3200","1.2377","28.3829"
"74.3400","1.2381","28.3180"
"74.3600","1.2385","28.3740"
"74.3800","1.2387","28.4080"
"74.4000","1.2389","28.5291"
"74.4200","1.2392","28.5022"
"74.4400","1.2395","28.4599"
"74.4600","1.2398","28.4359"
"74.4800","1.2402","28.4036"
"74.5000","1.2406","28.4556"
"74.5200","1.2410","28.5219"
"74.5400","1.2413","28.5389"
"74.5600","1.2416","28.5064"
"74.5800","1.2419","28.6045"
"74.6000","1.2423","28.6338"
"74.6200","1.2426","28.5775"
"74.6400","1.2431","28.5676"
"74.6600","1.2435","28.6357"
"74.6800","1.2438","28.6270"
"74.7000","1.2441","28.6096"
"74.7200","1.2443","28.6240"
"74.7400","1.2446","28.5270"
"74.7600","1.2448","28.5695"
"74.7800","1.2451","28.5875"
"74.8000","1.2455","28.5642"
"74.8200","1.2459","28.5596"
"74.8400","1.2463","28.5965"
"74.8600","1.2467","28.5906"
"74.8800","1.2470","28.5948"
"74.9000","1.2473","28.6655"
"74.9200","1.2475","28.7980"
"74.9400","1.2478","28.7050"
"74.9600","1.2482","28.6002"
"74.9800","1.2486","28.6945"
"75.0000","1.2491","28.6891"
"75.0200","1.2495","28.7039"
"75.0400","1.2499","28.8151"
"75.0600","1.2502","28.8354"
"75.0800","1.2504","28.8251"
"75.1000","1.2506","28.8089"
"75.1200","1.2509","28.7214"
"75.1400","1.2512","28.6819"
"75.1600","1.2516","28.6744"
"75.1800","1.2519","28.6947"
"75.2000","1.2523","28.7129"
"75.2200","1.2526","28.7046"
"75.2400","1.2529","28.7192"
"75.2600","1.2532","28.8071"
"75.2800","1.2536","28.8330"
"75.3000","1.2539","28.8552"
"75.3200","1.2543","28.8604"
"75.3400","1.2547","28.9193"
"75.3600","1.2551","28.8949"
"75.3800","1.2554","28.9352"
"75.4000","1.2557","28.9886"
"75.4200","1.2559","28.9558"
"75.4400","1.2562","28.9521"
"75.4600","1.2565","28.9482"
"75.4800","1.2568","28.9827"
"75.5000","1.2572","28.9438"
"75.5200","1.2576","28.9336"
"75.5400","1.2580","28.9633"
"75.5600","1.2583","29.0542"
"75.5800","1.2586","29.1147"
"75.6000","1.2589","29.1150"
"75.6200","1.2591","29.0851"
"75.6400","1.2595","29.0496"
"75.6600","1.2599","28.9946"
"75.6800","1.2603","28.9242"
"75.7000","1.2608","28.9391"
"75.7200","1.2612","29.0320"
"75.7400","1.2615","29.0138"
"75.7600","1.2617","28.9780"
"75.7800","1.2620","29.0683"
"75.8000","1.2622","29.0609"
"75.8200","1.2625","29.1017"
"75.8400","1.2629","29.1284"
"75.8600","1.2633","29.0638"
"75.8800","1.2636","29.0722"
"75.9000","1.2640","29.1258"
"75.9200","1.2643","29.0626"
"75.9400","1.2646","29.0637"
"75.9600","1.2650","29.1536"
"75.9800","1.2653","29.2075"
"76.0000","1.2657","29.2305"
"76.0200","1.2661","29.2012"
"76.0400","1.2665","29.2270"
"76.0600","1.2668","29.2162"
"76.0800","1.2671","29.2445"
"76.1000","1.2673","29.2783"
"76.1200","1.2676","29.3003"
"76.1400","1.2678","29.2431"
"76.1600","1.2682","29.1780"
"76.1800","1.2685","29.1802"
"76.2000","1.2689","29.2817"
"76.2200","1.2693","29.2951"
"76.2400","1.2696","29.2717"
"76.2600","1.2699","29.2566"
"76.2800","1.2702","29.2034"
"76.3000","1.2705","29.2703"
"76.3200","1.2708","29.3081"
"76.3400","1.2711","29.2894"
"76.3600","1.2716","29.2335"
"76.3800","1.2720","29.3015"
"76.4000","1.2725","29.3931"
"76.4200","1.2728","29.4563"
"76.4400","1.2731","29.4565"
"76.4600","1.2733","29.4226"
"76.4800","1.2735","29.4097"
"76.5000","1.2738","29.4042"
"76.5200","1.2741","29.4816"
"76.5400","1.2745","29.4643"
"76.5600","1.2749","29.4532"
"76.5800","1.2752","29.4870"
"76.6000","1.2756","29.4285"
"76.6200","1.2759","29.4802"
"76.6400","1.2762","29.5310"
"76.6600","1.2765","29.5312"
"76.6800","1.2769","29.4841"
"76.7000","1.2773","29.4819"
"76.7200","1.2778","29.4740"
"76.7400","1.2781","29.5407"
"76.7600","1.2784","29.5726"
"76.7800","1.2787","29.5799"
"76.8000","1.2789","29.6505"
"76.8200","1.2792","29.5749"
"76.8400","1.2795","29.5609"
"76.8600","1.2798","29.4685"
"76.8800","1.2802","29.4532"
"76.9000","1.2806","29.5164"
"76.9200","1.2810","29.5899"
"76.9400","1.2813","29.5958"
"76.9600","1.2816","29.6020"
"76.9800","1.2818","29.5907"
"77.0000","1.2821","29.6180"
"77.0200","1.2825","29.7014"
"77.0400","1.2829","29.6141"
"77.0600","1.2833","29.6039"
"77.0800","1.2838","29.6631"
"77.1000","1.2842","29.6453"
"77.1200","1.2845","29.6615"
"77.1400","1.2847","29.7058"
"77.1600","1.2850","29.7488"
"77.1800","1.2852","29.7981"
"77.2000","1.2855","29.7604"
"77.2200","1.2858","29.7732"
"77.2400","1.2862","29.7633"
"77.2600","1.2866","29.7045"
"77.2800","1.2869","29.7036"
"77.3000","1.2873","29.6985"
"77.3200","1.2876","29.6511"
"77.3400","1.2879","29.7763"
"77.3600","1.2883","29.7981"
"77.3800","1.2887","29.7625"
"77.4000","1.2891","29.7526"
"77.4200","1.2895","29.7339"
"77.4400","1.2898","29.8356"
"77.4600","1.2901","29.8881"
"77.4800","1.2903","29.8350"
"77.5000","1.2906","29.7872"
"77.5200","1.2908","29.8770"
"77.5400","1.2912","29.9351"
"77.5600","1.2915","29.9597"
"77.5800","1.2919","29.9100"
"77.6000","1.2923","29.8608"
"77.6200","1.2926","29.9001"
"77.6400","1.2929","29.9644"
"77.6600","1.2932","29.9124"
"77.6800","1.2935","29.9479"
"77.7000","1.2938","29.9763"
"77.7200","1.2942","29.9366"
"77.7400","1.2946","29.9825"
"77.7600","1.2951","29.9131"
"77.7800","1.2955","29.9145"
"77.8000","1.2959","30.0506"
"77.8200","1.2961","30.0985"
"77.8400","1.2963","30.0491"
"77.8600","1.2966","30.0270"
"77.8800","1.2968","29.9524"
"77.9000","1.2971","29.9932"
"77.9200","1.2975","30.0768"
"77.9400","1.2979","30.0640"
"77.9600","1.2983","30.0513"
"77.9800","1.2986","30.1162"
"78.0000","1.2989","30.1754"
"78.0200","1.2992","30.2023"
"78.0400","1.2995","30.0886"
"78.0600","1.2999","30.0671"
"78.0800","1.3003","30.0991"
"78.1000","1.3008","30.1947"
"78.1200","1.3011","30.2122"
"78.1400","1.3014","30.2061"
"78.1600","1.3017","30.1732"
"78.1800","1.3019","30.1730"
"78.2000","1.3022","30.1613"
"78.2200","1.3025","30.2120"
"78.2400","1.3028","30.1845"
"78.2600","1.3032","30.2578"
"78.2800","1.3036","30.3660"
"78.3000","1.3040","30.3502"
"78.3200","1.3043","30.2906"
"78.3400","1.3046","30.3733"
"78.3600","1.3048","30.2715"
"78.3800","1.3051","30.2423"
"78.4000","1.3054","30.3818"
"78.4200","1.3059","30.4001"
"78.4400","1.3063","30.3245"
"78.4600","1.3068","30.3294"
"78.4800","1.3072","30.3428"
"78.5000","1.3075","30.3343"
"78.5200","1.3077","30.3491"
"78.5400","1.3080","30.3152"
"78.5600","1.3082","30.2409"
"78.5800","1.3085","30.3461"
"78.6000","1.3088","30.3627"
"78.6200","1.3092","30.3874"
"78.6400","1.3096","30.4969"
"78.6600","1.3100","30.4221"
"78.6800","1.3103","30.3622"
"78.7000","1.3106","30.3262"
"78.7200","1.3109","30.3761"
"78.7400","1.3113","30.3709"
"78.7600","1.3117","30.3063"
"78.7800","1.3121","30.3962"
"78.8000","1.3125","30.4191"
"78.8200","1.3128","30.4600"
"78.8400","1.3131","30.4768"
"78.8600","1.3133","30.5240"
"78.8800","1.3136","30.4925"
"78.9000","1.3138","30.4545"
"78.9200","1.3142","30.4681"
"78.9400","1.3145","30.5224"
"78.9600","1.3149","30.5125"
"78.9800","1.3153","30.5359"
"79.0000","1.3156","30.6030"
"79.0200","1.3159","30.5833"
"79.0400","1.3162","30.6210"
"79.0600","1.3165","30.6852"
"79.0800","1.3168","30.7185"
"79.1000","1.3171","30.6488"
"79.1200","1.3176","30.6194"
"79.1400","1.3181","30.5675"
"79.1600","1.3185","30.5910"
"79.1800","1.3189","30.5930"
"79.2000","1.3191","30.6946"
"79.2200","1.3194","30.7087"
"79.2400","1.3196","30.6613"
"79.2600","1.3199","30.7597"
"79.2800","1.3202","30.7842"
"79.3000","1.3205","30.7889"
"79.3200","1.3209","30.7418"
"79.3400","1.3213","30.7273"
"79.3600","1.3216","30.7187"
"79.3800","1.3219","30.7337"
"79.4000","1.3222","30.7436"
"79.4200","1.3226","30.7111"
"79.4400","1.3230","30.7380"
"79.4600","1.3234","30.7082"
"79.4800","1.3238","30.7173"
"79.5000","1.3242","30.7194"
"79.5200","1.3244","30.7983"
"79.5400","1.3247","30.8420"
"79.5600","1.3249","30.8600"
"79.5800","1.3252","30.7402"
"79.6000","1.3255","30.7763"
"79.6200","1.3258","30.8023"
"79.6400","1.3262","30.8137"
"79.6600","1.3266","30.9095"
"79.6800","1.3270","30.8986"
"79.7000","1.3273","30.8927"
"79.7200","1.3276","30.9179"
"79.7400","1.3278","30.9737"
"79.7600","1.3281","30.9474"
"79.7800","1.3285","30.9565"
"79.8000","1.3289","30.8957"
"79.8200","1.3293","30.9407"
"79.8400","1.3298","30.9813"
"79.8600","1.3302","31.0835"
"79.8800","1.3305","31.1112"
"79.9000","1.3307","31.0179"
"79.9200","1.3310","31.0075"
"79.9400","1.3312","31.0532"
"79.9600","1.3315","30.9996"
"79.9800","1.3319","30.9762"
"80.0000","1.3322","31.0791"
"80.0200","1.3326","31.0878"
"80.0400","1.3330","31.0286"
"80.0600","1.3333","30.8731"
"80.0800","1.3336","30.9091"
"80.1000","1.3339","31.1618"
"80.1200","1.3343","31.1394"
"80.1400","1.3347","31.0953"
"80.1600","1.3351","31.0829"
"80.1800","1.3355","31.0882"
"80.2000","1.3358","31.1584"
"80.2200","1.3360","31.1425"
"80.2400","1.3363","31.1143"
"80.2600","1.3365","31.0599"
"80.2800","1.3368","31.0318"
"80.3000","1.3371","31.1530"
"80.3200","1.3375","31.2798"
"80.3400","1.3379","31.2376"
"80.3600","1.3383","31.1828"
"80.3800","1.3386","31.2132"
"80.4000","1.3390","31.2105"
"80.4200","1.3392","31.1409"
"80.4400","1.3395","31.1813"
"80.4600","1.3398","31.2103"
"80.4800","1.3402","31.2145"
"80.5000","1.3406","31.3042"
"80.5200","1.3411","31.3347"
"80.5400","1.3415","31.2836"
"80.5600","1.3418","31.2421"
"80.5800","1.3421","31.2599"
"80.6000","1.3423","31.2809"
"80.6200","1.3425","31.3762"
"80.6400","1.3428","31.4265"
"80.6600","1.3431","31.3860"
"80.6800","1.3435","31.4064"
"80.7000","1.3439","31.3490"
"80.7200","1.3443","31.3238"
"80.7400","1.3446","31.3006"
"80.7600","1.3450","31.3594"
"80.7800","1.3453","31.3664"
"80.8000","1.3456","31.3972"
"80.8200","1.3460","31.3749"
"80.8400","1.3464","31.3498"
"80.8600","1.3468","31.3445"
"80.8800","1.3471","31.3363"
"80.9000","1.3474","31.4249"
"80.9200","1.3477","31.4745"
"80.9400","1.3479","31.5182"
"80.9600","1.3482","31.4668"
"80.9800","1.3485","31.3956"
"81.0000","1.3488","31.4496"
"81.0200","1.3492","31.4937"
"81.0400","1.3496","31.5154"
"81.0600","1.3500","31.4859"
"81.0800","1.3503","31.4731"
"81.1000","1.3506","31.5071"
"81.1200","1.3508","31.5819"
"81.1400","1.3511","31.5835"
"81.1600","1.3515","31.6530"
"81.1800","1.3519","31.5973"
"81.2000","1.3523","31.5897"
"81.2200","1.3528","31.5944"
"81.2400","1.3532","31.6322"
"81.2600","1.3534","31.6618"
"81.2800","1.3537","31.7333"
"81.3000","1.3539","31.6540"
"81.3200","1.3542","31.6062"
"81.3400","1.3545","31.6375"
"81.3600","1.3548","31.6926"
"81.3800","1.3552","31.6549"
"81.4000","1.3556","31.6340"
"81.4200","1.3560","31.6572"
"81.4400","1.3563","31.6270"
"81.4600","1.3566","31.7380"
"81.4800","1.3569","31.8020"
"81.5000","1.3573","31.6740"
"81.5200","1.3577","31.6027"
"81.5400","1.3581","31.7073"
"81.5600","1.3584","31.7874"
"81.5800","1.3588","31.7229"
"81.6000","1.3590","31.6842"
"81.6200","1.3593","31.7089"
"81.6400","1.3595","31.7696"
"81.6600","1.3598","31.8288"
"81.6800","1.3601","31.7620"
"81.7000","1.3605","31.7243"
"81.7200","1.3609","31.7981"
"81.7400","1.3613","31.8452"
"81.7600","1.3616","31.8399"
"81.7800","1.3619","31.8044"
"81.8000","1.3622","31.7958"
"81.8200","1.3625","31.8343"
"81.8400","1.3628","31.8442"
"81.8600","1.3632","31.8312"
"81.8800","1.3637","31.8671"
"81.9000","1.3641","31.9308"
"81.9200","1.3645","31.9306"
"81.9400","1.3648","31.9551"
"81.9600","1.3651","31.8806"
"81.9800","1.3653","31.9483"
"82.0000","1.3655","31.9408"
"82.0200","1.3658","31.9692"
"82.0400","1.3662","31.9480"
"82.0600","1.3666","31.9090"
"82.0800","1.3670","31.8957"
"82.1000","1.3673","32.0032"
"82.1200","1.3677","32.0521"
"82.1400","1.3680","32.0912"
"82.1600","1.3683","32.0340"
"82.1800","1.3686","32.0550"
"82.2000","1.3690","32.0525"
"82.2200","1.3694","32.0143"
"82.2400","1.3698","32.0865"
"82.2600","1.3701","32.1105"
"82.2800","1.3704","32.0891"
"82.3000","1.3706","32.1424"
"82.3200","1.3709","32.1168"
"82.3400","1.3712","32.0505"
"82.3600","1.3715","32.0129"
"82.3800","1.3719","32.1022"
"82.4000","1.3722","32.1705"
"82.4200","1.3726","32.2160"
"82.4400","1.3730","32.1670"
"82.4600","1.3733","32.1674"
"82.4800","1.3736","32.0880"
"82.5000","1.3738","32.1799"
"82.5200","1.3741","32.2247"
"82.5400","1.3745","32.2376"
"82.5600","1.3750","32.2105"
"82.5800","1.3755","32.1904"
"82.6000","1.3759","32.2279"
"82.6200","1.3762","32.2649"
"82.6400","1.3764","32.3089"
"82.6600","1.3767","32.2429"
"82.6800","1.3769","32.2287"
"82.7000","1.3772","32.1812"
"82.7200","1.3775","32.2245"
"82.7400","1.3779","32.2707"
"82.7600","1.3783","32.3069"
"82.7800","1.3787","32.2858"
"82.8000","1.3790","32.3283"
"82.8200","1.3793","32.2511"
"82.8400","1.3797","32.2640"
"82.8600","1.3800","32.3637"
"82.8800","1.3803","32.3613"
"82.9000","1.3807","32.3533"
"82.9200","1.3811","32.4736"
"82.9400","1.3814","32.5030"
"82.9600","1.3817","32.4662"
"82.9800","1.3820","32.4604"
"83.0000","1.3822","32.3795"
"83.0200","1.3825","32.3181"
"83.0400","1.3828","32.3950"
"83.0600","1.3831","32.4349"
"83.0800","1.3835","32.4186"
"83.1000","1.3839","32.3942"
"83.1200","1.3843","32.4392"
"83.1400","1.3846","32.5196"
"83.1600","1.3849","32.4778"
"83.1800","1.3852","32.3771"
"83.2000","1.3855","32.4024"
"83.2200","1.3858","32.5167"
"83.2400","1.3862","32.5602"
"83.2600","1.3867","32.5426"
"83.2800","1.3872","32.6501"
"83.3000","1.3876","32.5655"
"83.3200","1.3878","32.6009"
"83.3400","1.3881","32.6404"
"83.3600","1.3883","32.5995"
"83.3800","1.3885","32.5700"
"83.4000","1.3888","32.5237"
"83.4200","1.3892","32.5410"
"83.4400","1.3896","32.5996"
"83.4600","1.3900","32.6974"
"83.4800","1.3904","32.6591"
"83.5000","1.3907","32.6961"
"83.5200","1.3910","32.6808"
"83.5400","1.3913","32.6223"
"83.5600","1.3916","32.6451"
"83.5800","1.3920","32.6494"
"83.6000","1.3924","32.6839"
"83.6200","1.3928","32.7535"
"83.6400","1.3931","32.7236"
"83.6600","1.3934","32.6985"
"83.6800","1.3936","32.7396"
"83.7000","1.3939","32.7499"
"83.7200","1.3941","32.6972"
"83.7400","1.3945","32.7515"
"83.7600","1.3948","32.8537"
"83.7800","1.3952","32.8461"
"83.8000","1.3956","32.7861"
"83.8200","1.3959","32.8162"
"83.8400","1.3962","32.8458"
"83.8600","1.3965","32.8215"
"83.8800","1.3968","32.8511"
"83.9000","1.3971","32.7699"
"83.9200","1.3975","32.7597"
"83.9400","1.3979","32.8425"
"83.9600","1.3984","32.9589"
"83.9800","1.3989","32.9327"
"84.0000","1.3992","32.9424"
"84.0200","1.3995","32.8323"
"84.0400","1.3997","32.9052"
"84.0600","1.3999","32.9107"
"84.0800","1.4002","32.9477"
"84.1000","1.4005","32.9478"
"84.1200","1.4009","32.9898"
"84.1400","1.4013","32.8545"
"84.1600","1.4016","32.8253"
"84.1800","1.4020","32.9635"
"84.2000","1.4023","33.0708"
"84.2200","1.4026","32.9928"
"84.2400","1.4029","32.9637"
"84.2600","1.4033","32.9930"
"84.2800","1.4037","33.0063"
"84.3000","1.4041","33.0096"
"84.3200","1.4044","33.1297"
"84.3400","1.4047","33.2279"
"84.3600","1.4050","33.1601"
"84.3800","1.4052","33.1092"
"84.4000","1.4055","33.1316"
"84.4200","1.4058","33.0357"
"84.4400","1.4062","32.9817"
"84.4600","1.4065","32.9957"
"84.4800","1.4069","33.0431"
"84.5000","1.4073","33.0409"
"84.5200","1.4076","33.0928"
"84.5400","1.4079","33.1251"
"84.5600","1.4082","33.1996"
"84.5800","1.4084","33.1299"
"84.6000","1.4088","33.0569"
"84.6200","1.4092","33.0586"
"84.6400","1.4097","33.1243"
"84.6600","1.4101","33.2197"
"84.6800","1.4105","33.2116"
"84.7000","1.4108","33.2170"
"84.7200","1.4110","33.2185"
"84.7400","1.4113","33.2367"
"84.7600","1.4115","33.2003"
"84.7800","1.4118","33.2039"
"84.8000","1.4122","33.2201"
"84.8200","1.4126","33.2115"
"84.8400","1.4129","33.2127"
"84.8600","1.4133","33.1685"
"84.8800","1.4136","33.1801"
"84.9000","1.4139","33.3477"
"84.9200","1.4142","33.4310"
"84.9400","1.4146","33.4085"
"84.9600","1.4150","33.2901"
"84.9800","1.4154","33.2997"
"85.0000","1.4158","33.2458"
"85.0200","1.4161","33.3330"
"85.0400","1.4164","33.4155"
"85.0600","1.4166","33.4368"
"85.0800","1.4169","33.4186"
"85.1000","1.4172","33.4087"
"85.1200","1.4175","33.4291"
"85.1400","1.4179","33.4457"
"85.1600","1.4182","33.4749"
"85.1800","1.4186","33.5041"
"85.2000","1.4189","33.3732"
"85.2200","1.4192","33.4285"
"85.2400","1.4195","33.4581"
"85.2600","1.4198","33.4806"
"85.2800","1.4201","33.4981"
"85.3000","1.4205","33.4763"
"85.3200","1.4209","33.4790"
"85.3400","1.4214","33.4821"
"85.3600","1.4218","33.5496"
"85.3800","1.4222","33.5153"
"85.4000","1.4224","33.4846"
"85.4200","1.4226","33.5933"
"85.4400","1.4229","33.6221"
"85.4600","1.4232","33.6211"
"85.4800","1.4235","33.6623"
"85.5000","1.4239","33.5784"
"85.5200","1.4243","33.5689"
"85.5400","1.4247","33.5774"
"85.5600","1.4250","33.5981"
"85.5800","1.4253","33.6142"
"85.6000","1.4256","33.5577"
"85.6200","1.4259","33.5232"
"85.6400","1.4263","33.6122"
"85.6600","1.4267","33.6241"
"85.6800","1.4271","33.5807"
"85.7000","1.4275","33.6304"
"85.7200","1.4278","33.6752"
"85.7400","1.4280","33.6948"
"85.7600","1.4283","33.6833"
"85.7800","1.4285","33.7301"
"85.8000","1.4289","33.7015"
"85.8200","1.4292","33.7208"
"85.8400","1.4296","33.7636"
"85.8600","1.4300","33.8671"
"85.8800","1.4303","33.8838"
"85.9000","1.4306","33.7898"
"85.9200","1.4309","33.7313"
"85.9400","1.4312","33.6914"
"85.9600","1.4315","33.7040"
"85.9800","1.4318","33.7717"
"86.0000","1.4322","33.8102"
"86.0200","1.4327","33.7868"
"86.0400","1.4331","33.7647"
"86.0600","1.4335","33.7280"
"86.0800","1.4338","33.7557"
"86.1000","1.4340","33.7415"
"86.1200","1.4342","33.7652"
"86.1400","1.4345","33.8464"
"86.1600","1.4349","33.8759"
"86.1800","1.4352","33.8899"
"86.2000","1.4356","33.7976"
"86.2200","1.4360","33.8297"
"86.2400","1.4363","33.9914"
"86.2600","1.4366","33.9760"
"86.2800","1.4369","33.9346"
"86.3000","1.4373","33.9391"
"86.3200","1.4376","34.0154"
"86.3400","1.4380","34.0440"
"86.3600","1.4385","34.0475"
"86.3800","1.4388","34.1060"
"86.4000","1.4392","34.0716"
"86.4200","1.4394","34.0875"
"86.4400","1.4396","34.0965"
"86.4600","1.4399","34.0529"
"86.4800","1.4402","34.0168"
"86.5000","1.4405","33.9395"
"86.5200","1.4409","34.0211"
"86.5400","1.4413","34.0880"
"86.5600","1.4416","33.9930"
"86.5800","1.4420","34.0188"
"86.6000","1.4422","34.0868"
"86.6200","1.4425","34.0583"
"86.6400","1.4428","34.0742"
"86.6600","1.4431","34.1243"
"86.6800","1.4435","34.0886"
"86.7000","1.4440","34.1101"
"86.7200","1.4444","34.1400"
"86.7400","1.4448","34.1199"
"86.7600","1.4451","34.1668"
"86.7800","1.4454","34.1659"
"86.8000","1.4456","34.1380"
"86.8200","1.4459","34.1670"
"86.8400","1.4462","34.1984"
"86.8600","1.4465","34.2124"
"86.8800","1.4469","34.2043"
"86.9000","1.4473","34.2137"
"86.9200","1.4477","34.1719"
"86.9400","1.4480","34.1690"
"86.9600","1.4483","34.2718"
"86.9800","1.4486","34.3104"
"87.0000","1.4489","34.2706"
"87.0200","1.4493","34.3167"
"87.0400","1.4497","34.3164"
"87.0600","1.4501","34.3528"
"87.0800","1.4505","34.2897"
"87.1000","1.4507","34.2929"
"87.1200","1.4510","34.3590"
"87.1400","1.4512","34.3696"
"87.1600","1.4515","34.3882"
"87.1800","1.4518","34.4207"
"87.2000","1.4522","34.4513"
"87.2200","1.4526","34.4484"
"87.2400","1.4530","34.4384"
"87.2600","1.4533","34.4821"
"87.2800","1.4536","34.3932"
"87.3000","1.4539","34.3316"
"87.3200","1.4541","34.4795"
"87.3400","1.4544","34.4971"
"87.3600","1.4548","34.4723"
"87.3800","1.4552","34.4519"
"87.4000","1.4557","34.4320"
"87.4200","1.4561","34.4191"
"87.4400","1.4565","34.5333"
"87.4600","1.4567","34.5558"
"87.4800","1.4570","34.4397"
"87.5000","1.4572","34.4337"
"87.5200","1.4575","34.4823"
"87.5400","1.4578","34.5448"
"87.5600","1.4582","34.6096"
"87.5800","1.4586","34.4937"
"87.6000","1.4590","34.4736"
"87.6200","1.4593","34.4681"
"87.6400","1.4596","34.5196"
"87.6600","1.4599","34.5758"
"87.6800","1.4603","34.5940"
"87.7000","1.4606","34.6237"
"87.7200","1.4610","34.6502"
"87.7400","1.4614","34.6908"
"87.7600","1.4618","34.7296"
"87.7800","1.4621","34.7852"
"87.8000","1.4624","34.6846"
"87.8200","1.4626","34.5711"
"87.8400","1.4629","34.5771"
"87.8600","1.4632","34.6529"
"87.8800","1.4635","34.7146"
"87.9000","1.4639","34.7339"
"87.9200","1.4643","34.7674"
"87.9400","1.4646","34.7043"
"87.9600","1.4650","34.7178"
"87.9800","1.4652","34.7943"
"88.0000","1.4655","34.8129"
"88.0200","1.4658","34.7926"
"88.0400","1.4661","34.7608"
"88.0600","1.4665","34.7466"
"88.0800","1.4670","34.7348"
"88.1000","1.4674","34.8092"
"88.1200","1.4678","34.8154"
"88.1400","1.4681","34.8015"
"88.1600","1.4683","34.7914"
"88.1800","1.4686","34.7641"
"88.2000","1.4688","34.8134"
"88.2200","1.4691","34.8713"
"88.2400","1.4695","34.8269"
"88.2600","1.4699","34.8428"
"88.2800","1.4703","35.0039"
"88.3000","1.4706","34.9141"
"88.3200","1.4710","34.8540"
"88.3400","1.4713","34.7719"
"88.3600","1.4716","34.8590"
"88.3800","1.4719","34.9794"
"88.4000","1.4723","35.0836"
"88.4200","1.4728","35.0404"
"88.4400","1.4732","35.0638"
"88.4600","1.4735","34.9485"
"88.4800","1.4738","34.9878"
"88.5000","1.4740","35.0009"
"88.5200","1.4742","34.9660"
"88.5400","1.4745","34.9754"
"88.5600","1.4749","34.9811"
"88.5800","1.4752","34.9590"
"88.6000","1.4756","35.0239"
"88.6200","1.4760","35.0454"
"88.6400","1.4763","35.1080"
"88.6600","1.4766","35.0843"
"88.6800","1.4769","35.1187"
"88.7000","1.4771","35.0200"
"88.7200","1.4774","34.9264"
"88.7400","1.4778","34.9559"
"88.7600","1.4782","35.0132"
"88.7800","1.4787","35.0069"
"88.8000","1.4791","35.0018"
"88.8200","1.4795","35.0354"
"88.8400","1.4797","35.0478"
"88.8600","1.4800","35.1176"
"88.8800","1.4802","35.1099"
"88.9000","1.4805","35.1601"
"88.9200","1.4808","35.1386"
"88.9400","1.4812","35.1630"
"88.9600","1.4816","35.2679"
"88.9800","1.4820","35.2540"
"89.0000","1.4823","35.1549"
"89.0200","1.4826","35.1404"
"89.0400","1.4829","35.1749"
"89.0600","1.4833","35.2448"
"89.0800","1.4836","35.2591"
"89.1000","1.4840","35.3227"
"89.1200","1.4845","35.3127"
"89.1400","1.4848","35.3331"
"89.1600","1.4851","35.2798"
"89.1800","1.4853","35.2998"
"89.2000","1.4856","35.2879"
"89.2200","1.4858","35.2870"
"89.2400","1.4861","35.2119"
"89.2600","1.4865","35.3016"
"89.2800","1.4869","35.3406"
"89.3000","1.4873","35.3151"
"89.3200","1.4876","35.2866"
"89.3400","1.4880","35.2947"
"89.3600","1.4882","35.3218"
"89.3800","1.4885","35.3554"
"89.4000","1.4888","35.3827"
"89.4200","1.4891","35.3562"
"89.4400","1.4895","35.3318"
"89.4600","1.4900","35.4019"
"89.4800","1.4905","35.4112"
"89.5000","1.4909","35.3847"
"89.5200","1.4912","35.3869"
"89.5400","1.4914","35.4119"
"89.5600","1.4916","35.4944"
"89.5800","1.4919","35.4902"
"89.6000","1.4922","35.4898"
"89.6200","1.4925","35.4619"
"89.6400","1.4929","35.4646"
"89.6600","1.4933","35.5693"
"89.6800","1.4936","35.4989"
"89.7000","1.4939","35.5258"
"89.7200","1.4943","35.5472"
"89.7400","1.4946","35.5082"
"89.7600","1.4950","35.5180"
"89.7800","1.4954","35.5153"
"89.8000","1.4958","35.5715"
"89.8200","1.4962","35.5633"
"89.8400","1.4965","35.6109"
"89.8600","1.4967","35.5426"
"89.8800","1.4970","35.6400"
"89.9000","1.4972","35.5910"
"89.9200","1.4975","35.6122"
"89.9400","1.4978","35.5685"
"89.9600","1.4982","35.5930"
"89.9800","1.4986","35.6271"
"90.0000","1.4990","35.6998"
"90.0200","1.4993","35.7067"
"90.0400","1.4996","35.6912"
"90.0600","1.4999","35.5877"
"90.0800","1.5001","35.6155"
"90.1000","1.5004","35.6630"
"90.1200","1.5008","35.7393"
"90.1400","1.5012","35.7942"
"90.1600","1.5017","35.7953"
"90.1800","1.5021","35.7627"
"90.2000","1.5024","35.7286"
"90.2200","1.5027","35.6784"
"90.2400","1.5029","35.7157"
"90.2600","1.5032","35.7146"
"90.2800","1.5035","35.7633"
"90.3000","1.5038","35.7698"
"90.3200","1.5042","35.8186"
"90.3400","1.5046","35.7820"
"90.3600","1.5050","35.8334"
"90.3800","1.5053","35.8758"
"90.4000","1.5056","35.9270"
"90.4200","1.5059","35.8950"
"90.4400","1.5063","35.9393"
"90.4600","1.5067","35.8834"
"90.4800","1.5071","35.8500"
"90.5000","1.5075","35.9085"
"90.5200","1.5078","35.9356"
"90.5400","1.5081","35.8558"
"90.5600","1.5084","35.8012"
"90.5800","1.5086","35.8686"
"90.6000","1.5089","35.8793"
"90.6200","1.5092","35.8764"
"90.6400","1.5095","35.9503"
"90.6600","1.5099","36.0813"
"90.6800","1.5103","36.0824"
"90.7000","1.5107","35.9882"
"90.7200","1.5110","35.9464"
"90.7400","1.5112","36.0025"
"90.7600","1.5115","36.0113"
"90.7800","1.5118","35.9380"
"90.8000","1.5122","35.8584"
"90.8200","1.5126","35.8508"
"90.8400","1.5131","36.0019"
"90.8600","1.5135","36.0849"
"90.8800","1.5139","36.0417"
"90.9000","1.5141","36.0629"
"90.9200","1.5144","36.0527"
"90.9400","1.5146","36.0204"
"90.9600","1.5149","36.0531"
"90.9800","1.5152","36.0713"
"91.0000","1.5155","36.0808"
"91.0200","1.5159","36.0875"
"91.0400","1.5163","36.1341"
"91.0600","1.5166","36.1630"
"91.0800","1.5169","36.1473"
"91.1000","1.5172","36.1109"
"91.1200","1.5176","36.0985"
"91.1400","1.5179","36.0868"
"91.1600","1.5184","36.1589"
"91.1800","1.5188","36.2056"
"91.2000","1.5192","36.2578"
"91.2200","1.5195","36.2538"
"91.2400","1.5197","36.1782"
"91.2600","1.5200","36.0927"
"91.2800","1.5202","36.2181"
"91.3000","1.5205","36.2455"
"91.3200","1.5208","36.1871"
"91.3400","1.5212","36.1806"
"91.3600","1.5216","36.3093"
"91.3800","1.5220","36.2977"
"91.4000","1.5223","36.2451"
"91.4200","1.5226","36.2770"
"91.4400","1.5228","36.2842"
"91.4600","1.5231","36.3539"
"91.4800","1.5234","36.3159"
"91.5000","1.5238","36.2375"
"91.5200","1.5243","36.2706"
"91.5400","1.5247","36.3177"
"91.5600","1.5252","36.3733"
"91.5800","1.5255","36.4377"
"91.6000","1.5258","36.4029"
"91.6200","1.5260","36.4899"
"91.6400","1.5262","36.5632"
"91.6600","1.5265","36.4747"
"91.6800","1.5268","36.4219"
"91.7000","1.5272","36.3598"
"91.7200","1.5276","36.4147"
"91.7400","1.5279","36.3969"
"91.7600","1.5283","36.4204"
"91.7800","1.5286","36.4962"
"91.8000","1.5289","36.4773"
"91.8200","1.5292","36.5138"
"91.8400","1.5296","36.5036"
"91.8600","1.5300","36.4654"
"91.8800","1.5305","36.5350"
"91.9000","1.5308","36.5705"
"91.9200","1.5311","36.5964"
"91.9400","1.5313","36.5657"
"91.9600","1.5316","36.4937"
"91.9800","1.5318","36.5149"
"92.0000","1.5321","36.5547"
"92.0200","1.5325","36.5806"
"92.0400","1.5329","36.5688"
"92.0600","1.5333","36.5354"
"92.0800","1.5336","36.6036"
"92.1000","1.5339","36.6502"
"92.1200","1.5342","36.6931"
"92.1400","1.5345","36.6821"
"92.1600","1.5348","36.6569"
"92.1800","1.5351","36.6493"
"92.2000","1.5356","36.6235"
"92.2200","1.5360","36.6367"
"92.2400","1.5365","36.6501"
"92.2600","1.5369","36.6617"
"92.2800","1.5371","36.6577"
"92.3000","1.5374","36.7550"
"92.3200","1.5376","36.7712"
"92.3400","1.5378","36.8018"
"92.3600","1.5381","36.7211"
"92.3800","1.5385","36.7344"
"92.4000","1.5389","36.7396"
"92.4200","1.5393","36.7985"
"92.4400","1.5396","36.7495"
"92.4600","1.5399","36.6651"
"92.4800","1.5402","36.6577"
"92.5000","1.5406","36.7137"
"92.5200","1.5409","36.7130"
"92.5400","1.5414","36.8128"
"92.5600","1.5418","36.8599"
"92.5800","1.5421","36.7842"
"92.6000","1.5424","36.7500"
"92.6200","1.5427","36.7982"
"92.6400","1.5429","36.8497"
"92.6600","1.5432","36.7792"
"92.6800","1.5435","36.7655"
"92.7000","1.5438","36.7882"
"92.7200","1.5442","36.7851"
"92.7400","1.5446","36.9297"
"92.7600","1.5450","36.9426"
"92.7800","1.5453","36.9447"
"92.8000","1.5456","36.8956"
"92.8200","1.5459","36.9072"
"92.8400","1.5461","36.9410"
"92.8600","1.5464","37.0001"
"92.8800","1.5468","36.9293"
"92.9000","1.5473","36.9017"
"92.9200","1.5478","36.9757"
"92.9400","1.5482","37.0377"
"92.9600","1.5485","36.9386"
"92.9800","1.5488","36.9597"
"93.0000","1.5490","36.9871"
"93.0200","1.5492","37.1315"
"93.0400","1.5495","37.1734"
"93.0600","1.5498","37.1308"
"93.0800","1.5502","37.0471"
"93.1000","1.5506","36.9925"
"93.1200","1.5510","37.0542"
"93.1400","1.5513","37.0948"
"93.1600","1.5516","37.0795"
"93.1800","1.5519","37.0551"
"93.2000","1.5523","37.0280"
"93.2200","1.5527","37.0673"
"93.2400","1.5531","37.0842"
"93.2600","1.5535","37.0345"
"93.2800","1.5538","37.1233"
"93.3000","1.5541","37.2204"
"93.3200","1.5543","37.1079"
"93.3400","1.5546","37.1206"
"93.3600","1.5548","37.0987"
"93.3800","1.5552","37.1094"
"93.4000","1.5555","37.0920"
"93.4200","1.5559","37.1298"
"93.4400","1.5563","37.1920"
"93.4600","1.5567","37.1581"
"93.4800","1.5570","37.1781"
"93.5000","1.5572","37.2077"
"93.5200","1.5575","37.1973"
"93.5400","1.5578","37.1646"
"93.5600","1.5582","37.1794"
"93.5800","1.5586","37.2564"
"93.6000","1.5591","37.3477"
"93.6200","1.5595","37.3687"
"93.6400","1.5599","37.3360"
"93.6600","1.5602","37.3330"
"93.6800","1.5604","37.2701"
"93.7000","1.5606","37.3429"
"93.7200","1.5609","37.4246"
"93.7400","1.5612","37.3659"
"93.7600","1.5615","37.2819"
"93.7800","1.5619","37.2689"
"93.8000","1.5623","37.2974"
"93.8200","1.5626","37.3856"
"93.8400","1.5629","37.3986"
"93.8600","1.5633","37.3582"
"93.8800","1.5636","37.3117"
"93.9000","1.5640","37.3010"
"93.9200","1.5644","37.3670"
"93.9400","1.5648","37.3989"
"93.9600","1.5651","37.3968"
"93.9800","1.5654","37.3873"
"94.0000","1.5657","37.3716"
"94.0200","1.5659","37.4152"
"94.0400","1.5662","37.4881"
"94.0600","1.5665","37.5250"
"94.0800","1.5668","37.5374"
"94.1000","1.5672","37.5608"
"94.1200","1.5676","37.5214"
"94.1400","1.5680","37.4578"
"94.1600","1.5683","37.5969"
"94.1800","1.5686","37.6015"
"94.2000","1.5689","37.5648"
"94.2200","1.5691","37.6153"
"94.2400","1.5695","37.5516"
"94.2600","1.5699","37.4992"
"94.2800","1.5703","37.5126"
"94.3000","1.5708","37.5188"
"94.3200","1.5712","37.5147"
"94.3400","1.5715","37.5588"
"94.3600","1.5717","37.6602"
"94.3800","1.5720","37.6952"
"94.4000","1.5722","37.5777"
"94.4200","1.5725","37.5753"
"94.4400","1.5728","37.5622"
"94.4600","1.5732","37.6315"
"94.4800","1.5736","37.7279"
"94.5000","1.5740","37.7256"
"94.5200","1.5743","37.6323"
"94.5400","1.5746","37.7016"
"94.5600","1.5749","37.7069"
"94.5800","1.5753","37.7034"
"94.6000","1.5756","37.7360"
"94.6200","1.5760","37.7439"
"94.6400","1.5764","37.7860"
"94.6600","1.5768","37.7579"
"94.6800","1.5770","37.7180"
"94.7000","1.5773","37.7042"
"94.7200","1.5775","37.7130"
"94.7400","1.5778","37.7557"
"94.7600","1.5781","37.7989"
"94.7800","1.5785","37.8071"
"94.8000","1.5789","37.8948"
"94.8200","1.5793","37.9364"
"94.8400","1.5796","37.9058"
"94.8600","1.5800","37.8675"
"94.8800","1.5802","37.8567"
"94.9000","1.5805","37.8603"
"94.9200","1.5808","37.8714"
"94.9400","1.5812","37.8853"
"94.9600","1.5816","37.8827"
"94.9800","1.5821","37.9629"
"95.0000","1.5825","37.9487"
"95.0200","1.5828","37.9278"
"95.0400","1.5831","37.9040"
"95.0600","1.5833","38.0074"
"95.0800","1.5836","38.0005"
"95.1000","1.5838","37.9279"
"95.1200","1.5842","37.9739"
"95.1400","1.5845","38.0183"
"95.1600","1.5849","37.9688"
"95.1800","1.5853","37.9779"
"95.2000","1.5856","37.9607"
"95.2200","1.5860","37.8692"
"95.2400","1.5863","38.0106"
"95.2600","1.5866","38.0492"
"95.2800","1.5870","38.0289"
"95.3000","1.5874","37.9881"
"95.3200","1.5878","37.9363"
"95.3400","1.5881","37.9804"
"95.3600","1.5884","38.0678"
"95.3800","1.5887","38.0405"
"95.4000","1.5889","38.0124"
"95.4200","1.5892","38.0177"
"95.4400","1.5895","38.0737"
"95.4600","1.5898","38.0267"
"95.4800","1.5902","38.0355"
"95.5000","1.5906","38.0553"
"95.5200","1.5910","38.1184"
"95.5400","1.5913","38.1700"
"95.5600","1.5916","38.1723"
"95.5800","1.5919","38.1591"
"95.6000","1.5922","38.1187"
"95.6200","1.5925","38.0896"
"95.6400","1.5929","38.1751"
"95.6600","1.5933","38.1977"
"95.6800","1.5938","38.2810"
"95.7000","1.5942","38.2455"
"95.7200","1.5945","38.2006"
"95.7400","1.5947","38.2615"
"95.7600","1.5949","38.2024"
"95.7800","1.5952","38.1329"
"95.8000","1.5955","38.1890"
"95.8200","1.5958","38.2642"
"95.8400","1.5962","38.3153"
"95.8600","1.5966","38.2417"
"95.8800","1.5969","38.2752"
"95.9000","1.5973","38.3183"
"95.9200","1.5976","38.3080"
"95.9400","1.5979","38.2658"
"95.9600","1.5982","38.3101"
"95.9800","1.5986","38.2128"
"96.0000","1.5990","38.2441"
"96.0200","1.5994","38.3397"
"96.0400","1.5998","38.3816"
"96.0600","1.6000","38.3962"
"96.0800","1.6003","38.3424"
"96.1000","1.6005","38.2405"
"96.1200","1.6008","38.2737"
"96.1400","1.6011","38.3993"
"96.1600","1.6015","38.4615"
"96.1800","1.6019","38.4744"
"96.2000","1.6023","38.4697"
"96.2200","1.6026","38.4223"
"96.2400","1.6029","38.3767"
"96.2600","1.6032","38.4125"
"96.2800","1.6035","38.4341"
"96.3000","1.6038","38.4917"
"96.3200","1.6042","38.6066"
"96.3400","1.6047","38.6168"
"96.3600","1.6051","38.5423"
"96.3800","1.6055","38.4958"
"96.4000","1.6059","38.5340"
"96.4200","1.6061","38.4398"
"96.4400","1.6063","38.5133"
"96.4600","1.6065","38.5734"
"96.4800","1.6068","38.5406"
"96.5000","1.6072","38.5318"
"96.5200","1.6075","38.6121"
"96.5400","1.6079","38.7285"
"96.5600","1.6083","38.6773"
"96.5800","1.6087","38.6202"
"96.6000","1.6090","38.6156"
"96.6200","1.6093","38.6378"
"96.6400","1.6096","38.6772"
"96.6600","1.6100","38.6514"
"96.6800","1.6104","38.6659"
"96.7000","1.6107","38.6520"
"96.7200","1.6111","38.6267"
"96.7400","1.6114","38.6691"
"96.7600","1.6116","38.6818"
"96.7800","1.6119","38.6878"
"96.8000","1.6122","38.6547"
"96.8200","1.6125","38.6423"
"96.8400","1.6128","38.6526"
"96.8600","1.6132","38.6277"
"96.8800","1.6136","38.7354"
"96.9000","1.6140","38.7524"
"96.9200","1.6143","38.6870"
"96.9400","1.6146","38.7425"
"96.9600","1.6148","38.8387"
"96.9800","1.6151","38.8600"
"97.0000","1.6155","38.8055"
"97.0200","1.6159","38.7681"
"97.0400","1.6164","38.8018"
"97.0600","1.6169","38.7699"
"97.0800","1.6172","38.8286"
"97.1000","1.6175","38.7963"
"97.1200","1.6177","38.8298"
"97.1400","1.6179","38.8117"
"97.1600","1.6182","38.7791"
"97.1800","1.6185","38.7838"
"97.2000","1.6189","38.7027"
"97.2200","1.6193","38.8083"
"97.2400","1.6196","38.8458"
"97.2600","1.6200","38.8452"
"97.2800","1.6204","38.8949"
"97.3000","1.6207","38.9365"
"97.3200","1.6210","38.8952"
"97.3400","1.6213","38.9261"
"97.3600","1.6217","38.9395"
"97.3800","1.6221","38.9667"
"97.4000","1.6224","39.0031"
"97.4200","1.6227","39.0187"
"97.4400","1.6230","38.9577"
"97.4600","1.6232","39.0194"
"97.4800","1.6235","39.0393"
"97.5000","1.6238","39.0540"
"97.5200","1.6241","38.9664"
"97.5400","1.6245","39.0572"
"97.5600","1.6249","39.0711"
"97.5800","1.6253","39.0931"
"97.6000","1.6256","39.0799"
"97.6200","1.6259","39.0548"
"97.6400","1.6262","39.1116"
"97.6600","1.6264","39.1978"
"97.6800","1.6268","39.1890"
"97.7000","1.6272","39.0901"
"97.7200","1.6277","39.1238"
"97.7400","1.6281","39.2229"
"97.7600","1.6285","39.2130"
"97.7800","1.6289","39.2210"
"97.8000","1.6291","39.2395"
"97.8200","1.6293","39.2432"
"97.8400","1.6295","39.2290"
"97.8600","1.6298","39.2680"
"97.8800","1.6302","39.1670"
"97.9000","1.6306","39.1745"
"97.9200","1.6310","39.2818"
"97.9400","1.6314","39.3623"
"97.9600","1.6317","39.3346"
"97.9800","1.6320","39.2532"
"98.0000","1.6323","39.2319"
"98.0200","1.6326","39.3070"
"98.0400","1.6330","39.2935"
"98.0600","1.6334","39.3415"
"98.0800","1.6338","39.3723"
"98.1000","1.6341","39.3411"
"98.1200","1.6344","39.2934"
"98.1400","1.6346","39.2589"
"98.1600","1.6349","39.2784"
"98.1800","1.6352","39.3339"
"98.2000","1.6355","39.3657"
"98.2200","1.6358","39.3845"
"98.2400","1.6362","39.4213"
"98.2600","1.6366","39.3705"
"98.2800","1.6369","39.4045"
"98.3000","1.6372","39.3745"
"98.3200","1.6375","39.3688"
"98.3400","1.6378","39.3975"
"98.3600","1.6381","39.4310"
"98.3800","1.6384","39.4110"
"98.4000","1.6389","39.4221"
"98.4200","1.6394","39.4825"
"98.4400","1.6398","39.4904"
"98.4600","1.6402","39.4603"
"98.4800","1.6405","39.4067"
"98.5000","1.6407","39.4584"
"98.5200","1.6409","39.4635"
"98.5400","1.6412","39.4017"
"98.5600","1.6415","39.4487"
"98.5800","1.6419","39.5291"
"98.6000","1.6422","39.4959"
"98.6200","1.6426","39.4662"
"98.6400","1.6430","39.5036"
"98.6600","1.6433","39.5580"
"98.6800","1.6436","39.5904"
"98.7000","1.6439","39.5675"
"98.7200","1.6443","39.5275"
"98.7400","1.6447","39.5727"
"98.7600","1.6451","39.6255"
"98.7800","1.6454","39.6441"
"98.8000","1.6458","39.6884"
"98.8200","1.6460","39.6159"
"98.8400","1.6463","39.6599"
"98.8600","1.6465","39.6681"
"98.8800","1.6469","39.6656"
"98.9000","1.6472","39.6323"
"98.9200","1.6476","39.6419"
"98.9400","1.6480","39.6748"
"98.9600","1.6483","39.6085"
"98.9800","1.6486","39.5970"
"99.0000","1.6489","39.5390"
"99.0200","1.6492","39.5194"
"99.0400","1.6495","39.5730"
"99.0600","1.6498","39.6626"
"99.0800","1.6502","39.6655"
"99.1000","1.6506","39.6630"
"99.1200","1.6511","39.6622"
"99.1400","1.6515","39.6905"
"99.1600","1.6518","39.7947"
"99.1800","1.6520","39.7207"
"99.2000","1.6523","39.7320"
"99.2200","1.6525","39.8219"
"99.2400","1.6528","39.8215"
"99.2600","1.6532","39.7790"
"99.2800","1.6535","39.7081"
"99.3000","1.6539","39.7055"
"99.3200","1.6543","39.8291"
"99.3400","1.6546","39.8573"
"99.3600","1.6549","39.8157"
"99.3800","1.6552","39.8124"
"99.4000","1.6556","39.8146"
"99.4200","1.6560","39.8418"
"99.4400","1.6564","39.8560"
"99.4600","1.6568","39.8861"
"99.4800","1.6571","39.9391"
"99.5000","1.6574","39.8951"
"99.5200","1.6577","39.9309"
"99.5400","1.6579","39.9352"
"99.5600","1.6582","39.9781"
"99.5800","1.6585","39.9582"
"99.6000","1.6589","39.9165"
"99.6200","1.6592","39.9778"
"99.6400","1.6596","39.9485"
"99.6600","1.6600","39.9560"
"99.6800","1.6603","40.0095"
"99.7000","1.6605","40.0544"
"99.7200","1.6608","40.0032"
"99.7400","1.6611","39.9809"
"99.7600","1.6615","40.0028"
"99.7800","1.6619","40.0375"
"99.8000","1.6624","40.1076"
"99.8200","1.6629","40.1184"
"99.8400","1.6632","40.1020"
"99.8600","1.6634","40.1168"
"99.8800","1.6637","40.1200"
"99.9000","1.6639","40.1259"
"99.9200","1.6642","40.1252"
"99.9400","1.6645","40.1203"
"99.9600","1.6649","40.1435"
"99.9800","1.6653","40.1704"
"100.0000","1.6656","40.1964"
"100.0200","1.6660","40.1091"
"100.0400","1.6663","40.0979"
"100.0600","1.6666","40.1461"
"100.0800","1.6669","40.1747"
"100.1000","1.6673","40.1552"
"100.1200","1.6677","40.1777"
"100.1400","1.6681","40.2845"
"100.1600","1.6684","40.3289"
"100.1800","1.6687","40.2587"
"100.2000","1.6690","40.2251"
"100.2200","1.6692","40.2757"
"100.2400","1.6695","40.2423"
"100.2600","1.6698","40.2415"
"100.2800","1.6702","40.2910"
"100.3000","1.6706","40.4221"
"100.3200","1.6709","40.4159"
"100.3400","1.6713","40.2700"
"100.3600","1.6716","40.2237"
"100.3800","1.6719","40.3215"
"100.4000","1.6721","40.4068"
"100.4200","1.6724","40.4059"
"100.4400","1.6728","40.3894"
"100.4600","1.6732","40.3001"
"100.4800","1.6736","40.2493"
"100.5000","1.6741","40.3317"
"100.5200","1.6745","40.3775"
"100.5400","1.6748","40.4050"
"100.5600","1.6750","40.4727"
"100.5800","1.6752","40.4316"
"100.6000","1.6755","40.4277"
"100.6200","1.6758","40.4288"
"100.6400","1.6762","40.4232"
"100.6600","1.6766","40.4815"
"100.6800","1.6770","40.4358"
"100.7000","1.6773","40.4338"
"100.7200","1.6776","40.4344"
"100.7400","1.6779","40.4806"
"100.7600","1.6782","40.4341"
"100.7800","1.6786","40.4565"
"100.8000","1.6790","40.5203"
"100.8200","1.6794","40.4728"
"100.8400","1.6798","40.5054"
"100.8600","1.6802","40.5824"
"100.8800","1.6804","40.5790"
"100.9000","1.6807","40.6864"
"100.9200","1.6809","40.6527"
"100.9400","1.6812","40.6009"
"100.9600","1.6815","40.6106"
"100.9800","1.6819","40.5748"
"101.0000","1.6823","40.5883"
"101.0200","1.6826","40.6663"
"101.0400","1.6830","40.6045"
"101.0600","1.6833","40.5586"
"101.0800","1.6835","40.5547"
"101.1000","1.6838","40.6562"
"101.1200","1.6841","40.6919"
"101.1400","1.6845","40.6984"
"101.1600","1.6849","40.7177"
"101.1800","1.6854","40.7181"
"101.2000","1.6858","40.7573"
"101.2200","1.6862","40.7013"
"101.2400","1.6864","40.7184"
"101.2600","1.6866","40.7622"
"101.2800","1.6869","40.7409"
"101.3000","1.6872","40.7343"
"101.3200","1.6876","40.7964"
"101.3400","1.6879","40.8097"
"101.3600","1.6883","40.7592"
"101.3800","1.6887","40.8253"
"101.4000","1.6890","40.8102"
"101.4200","1.6893","40.7715"
"101.4400","1.6896","40.7967"
"101.4600","1.6899","40.7694"
"101.4800","1.6903","40.7634"
"101.5000","1.6907","40.7678"
"101.5200","1.6911","40.8135"
"101.5400","1.6915","40.9221"
"101.5600","1.6918","40.9717"
"101.5800","1.6920","40.9660"
"101.6000","1.6923","40.8989"
"101.6200","1.6925","40.8401"
"101.6400","1.6929","40.9312"
"101.6600","1.6932","40.9505"
"101.6800","1.6936","41.0100"
"101.7000","1.6940","41.0600"
"101.7200","1.6943","40.9746"
"101.7400","1.6946","40.8966"
"101.7600","1.6949","40.8822"
"101.7800","1.6951","40.9044"
"101.8000","1.6954","40.9519"
"101.8200","1.6958","40.9519"
"101.8400","1.6962","40.9554"
"101.8600","1.6967","40.9668"
"101.8800","1.6971","40.9237"
"101.9000","1.6975","40.9802"
"101.9200","1.6977","41.0044"
"101.9400","1.6980","41.0353"
"101.9600","1.6982","41.0446"
"101.9800","1.6985","41.0262"
"102.0000","1.6988","40.9812"
"102.0200","1.6992","41.0052"
"102.0400","1.6996","41.0765"
"102.0600","1.7000","41.1264"
"102.0800","1.7003","41.0948"
"102.1000","1.7006","41.1458"
"102.1200","1.7009","41.1266"
"102.1400","1.7012","41.1154"
"102.1600","1.7016","41.1572"
"102.1800","1.7020","41.0727"
"102.2000","1.7024","41.1129"
"102.2200","1.7028","41.1503"
"102.2400","1.7031","41.1893"
"102.2600","1.7034","41.0816"
"102.2800","1.7036","41.0594"
"102.3000","1.7039","41.0667"
"102.3200","1.7042","41.1810"
"102.3400","1.7045","41.1918"
"102.3600","1.7049","41.1710"
"102.3800","1.7053","41.1039"
"102.4000","1.7056","41.1896"
"102.4200","1.7060","41.2490"
"102.4400","1.7062","41.1620"
"102.4600","1.7065","41.2084"
"102.4800","1.7068","41.1936"
"102.5000","1.7071","41.1578"
"102.5200","1.7075","41.2216"
"102.5400","1.7079","41.2552"
"102.5600","1.7084","41.2099"
"102.5800","1.7088","41.2542"
"102.6000","1.7091","41.2744"
"102.6200","1.7094","41.2608"
"102.6400","1.7096","41.3122"
"102.6600","1.7098","41.3700"
"102.6800","1.7101","41.2627"
"102.7000","1.7105","41.2800"
"102.7200","1.7109","41.3055"
"102.7400","1.7113","41.2558"
"102.7600","1.7116","41.3645"
"102.7800","1.7120","41.4706"
"102.8000","1.7123","41.4685"
"102.8200","1.7126","41.4299"
"102.8400","1.7129","41.4179"
"102.8600","1.7133","41.3204"
"102.8800","1.7137","41.3562"
"102.9000","1.7141","41.4186"
"102.9200","1.7145","41.4412"
"102.9400","1.7148","41.4889"
"102.9600","1.7150","41.4510"
"102.9800","1.7152","41.4397"
"103.0000","1.7155","41.4674"
"103.0200","1.7158","41.4724"
"103.0400","1.7162","41.3911"
"103.0600","1.7166","41.4531"
"103.0800","1.7170","41.4653"
"103.1000","1.7173","41.4575"
"103.1200","1.7176","41.4959"
"103.1400","1.7179","41.4587"
"103.1600","1.7181","41.3913"
"103.1800","1.7184","41.5031"
"103.2000","1.7188","41.6171"
"103.2200","1.7192","41.6657"
"103.2400","1.7197","41.6237"
"103.2600","1.7201","41.6372"
"103.2800","1.7205","41.6608"
"103.3000","1.7208","41.6314"
"103.3200","1.7210","41.5278"
"103.3400","1.7212","41.5902"
"103.3600","1.7215","41.6386"
"103.3800","1.7218","41.6903"
"103.4000","1.7222","41.6539"
"103.4200","1.7226","41.5210"
"103.4400","1.7230","41.5272"
"103.4600","1.7233","41.5557"
"103.4800","1.7236","41.6412"
"103.5000","1.7239","41.6194"
"103.5200","1.7242","41.6023"
"103.5400","1.7246","41.6801"
"103.5600","1.7250","41.8100"
"103.5800","1.7255","41.8356"
"103.6000","1.7258","41.7963"
"103.6200","1.7261","41.7094"
"103.6400","1.7264","41.6999"
"103.6600","1.7266","41.7472"
"103.6800","1.7269","41.7534"
"103.7000","1.7272","41.7716"
"103.7200","1.7275","41.7820"
"103.7400","1.7279","41.6806"
"103.7600","1.7283","41.7456"
"103.7800","1.7287","41.8180"
"103.8000","1.7290","41.8183"
"103.8200","1.7293","41.9206"
"103.8400","1.7295","41.8683"
"103.8600","1.7298","41.8835"
"103.8800","1.7301","41.8956"
"103.9000","1.7305","41.8400"
"103.9200","1.7310","41.7831"
"103.9400","1.7314","41.7571"
"103.9600","1.7319","41.7924"
"103.9800","1.7322","41.8595"
"104.0000","1.7324","41.9816"
"104.0200","1.7326","41.9349"
"104.0400","1.7329","41.9045"
"104.0600","1.7332","41.8212"
"104.0800","1.7335","41.8800"
"104.1000","1.7339","42.0148"
"104.1200","1.7343","42.0017"
"104.1400","1.7346","41.9518"
"104.1600","1.7350","41.9495"
"104.1800","1.7353","42.0103"
"104.2000","1.7356","42.0403"
"104.2200","1.7359","42.0417"
"104.2400","1.7363","42.0177"
"104.2600","1.7368","41.9807"
"104.2800","1.7372","42.0404"
"104.3000","1.7375","42.0027"
"104.3200","1.7377","41.9862"
"104.3400","1.7380","41.9865"
"104.3600","1.7382","42.0713"
"104.3800","1.7385","42.1295"
"104.4000","1.7388","42.1085"
"104.4200","1.7392","42.0800"
"104.4400","1.7396","42.0406"
"104.4600","1.7400","42.0808"
"104.4800","1.7403","42.1057"
"104.5000","1.7406","42.1602"
"104.5200","1.7409","42.1957"
"104.5400","1.7412","42.1672"
"104.5600","1.7415","42.2343"
"104.5800","1.7418","42.1948"
"104.6000","1.7423","42.1452"
"104.6200","1.7427","42.2265"
"104.6400","1.7432","42.2284"
"104.6600","1.7435","42.1927"
"104.6800","1.7438","42.1777"
"104.7000","1.7440","42.1973"
"104.7200","1.7442","42.1276"
"104.7400","1.7445","42.1568"
"104.7600","1.7448","42.2119"
"104.7800","1.7452","42.2104"
"104.8000","1.7456","42.2520"
"104.8200","1.7460","42.2828"
"104.8400","1.7463","42.2307"
"104.8600","1.7466","42.2665"
"104.8800","1.7469","42.3444"
"104.9000","1.7473","42.3219"
"104.9200","1.7477","42.2650"
"104.9400","1.7481","42.3647"
"104.9600","1.7485","42.2856"
"104.9800","1.7488","42.2714"
"105.0000","1.7491","42.4174"
"105.0200","1.7494","42.4014"
"105.0400","1.7496","42.3911"
"105.0600","1.7499","42.3517"
"105.0800","1.7502","42.3353"
"105.1000","1.7505","42.3256"
"105.1200","1.7509","42.3537"
"105.1400","1.7513","42.4187"
"105.1600","1.7516","42.4135"
"105.1800","1.7520","42.4140"
"105.2000","1.7522","42.4250"
"105.2200","1.7525","42.4018"
"105.2400","1.7528","42.4094"
"105.2600","1.7531","42.4232"
"105.2800","1.7535","42.4672"
"105.3000","1.7540","42.4325"
"105.3200","1.7545","42.4677"
"105.3400","1.7549","42.4420"
"105.3600","1.7551","42.4609"
"105.3800","1.7554","42.4837"
"105.4000","1.7556","42.5586"
"105.4200","1.7559","42.6241"
"105.4400","1.7562","42.4878"
"105.4600","1.7565","42.4680"
"105.4800","1.7569","42.5860"
"105.5000","1.7572","42.6286"
"105.5200","1.7576","42.6170"
"105.5400","1.7579","42.5838"
"105.5600","1.7582","42.6247"
"105.5800","1.7585","42.5596"
"105.6000","1.7589","42.5883"
"105.6200","1.7593","42.6732"
"105.6400","1.7597","42.6810"
"105.6600","1.7601","42.5752"
"105.6800","1.7605","42.6214"
"105.7000","1.7607","42.6830"
"105.7200","1.7610","42.6342"
"105.7400","1.7612","42.6774"
"105.7600","1.7615","42.6905"
"105.7800","1.7618","42.6732"
"105.8000","1.7622","42.6518"
"105.8200","1.7626","42.6935"
"105.8400","1.7630","42.7520"
"105.8600","1.7633","42.7886"
"105.8800","1.7636","42.7335"
"105.9000","1.7639","42.7322"
"105.9200","1.7641","42.7333"
"105.9400","1.7645","42.7638"
"105.9600","1.7648","42.7980"
"105.9800","1.7653","42.7603"
"106.0000","1.7657","42.7998"
"106.0200","1.7662","42.9402"
"106.0400","1.7665","42.9492"
"106.0600","1.7668","42.8774"
"106.0800","1.7670","42.8521"
"106.1000","1.7672","42.8403"
"106.1200","1.7675","42.8722"
"106.1400","1.7678","42.9435"
"106.1600","1.7682","42.8570"
"106.1800","1.7685","42.8517"
"106.2000","1.7689","42.9306"
"106.2200","1.7693","42.9377"
"106.2400","1.7696","42.8743"
"106.2600","1.7699","42.9202"
"106.2800","1.7702","42.9910"
"106.3000","1.7706","42.9662"
"106.3200","1.7710","43.0579"
"106.3400","1.7714","42.9568"
"106.3600","1.7718","42.8800"
"106.3800","1.7721","42.9058"
"106.4000","1.7723","43.0136"
"106.4200","1.7726","43.0477"
"106.4400","1.7728","42.9954"
"106.4600","1.7732","42.9473"
"106.4800","1.7735","42.9115"
"106.5000","1.7739","42.9985"
"106.5200","1.7743","42.9414"
"106.5400","1.7746","42.9473"
"106.5600","1.7749","42.9978"
"106.5800","1.7752","42.9993"
"106.6000","1.7755","43.0998"
"106.6200","1.7758","43.0733"
"106.6400","1.7761","43.0319"
"106.6600","1.7765","43.0761"
"106.6800","1.7770","43.0709"
"106.7000","1.7775","43.0374"
"106.7200","1.7779","43.1231"
"106.7400","1.7782","43.1707"
"106.7600","1.7784","43.2106"
"106.7800","1.7786","43.1596"
"106.8000","1.7788","43.1134"
"106.8200","1.7791","43.1595"
"106.8400","1.7795","43.2276"
"106.8600","1.7799","43.2607"
"106.8800","1.7803","43.1892"
"106.9000","1.7806","43.2308"
"106.9200","1.7809","43.2507"
"106.9400","1.7812","43.2115"
"106.9600","1.7816","43.1794"
"106.9800","1.7819","43.2300"
"107.0000","1.7823","43.2530"
"107.0200","1.7828","43.2322"
"107.0400","1.7831","43.2514"
"107.0600","1.7835","43.2381"
"107.0800","1.7837","43.1730"
"107.1000","1.7840","43.2078"
"107.1200","1.7842","43.2186"
"107.1400","1.7845","43.2626"
"107.1600","1.7848","43.3164"
"107.1800","1.7852","43.3245"
"107.2000","1.7856","43.3212"
"107.2200","1.7860","43.3118"
"107.2400","1.7863","43.2499"
"107.2600","1.7866","43.3272"
"107.2800","1.7869","43.4255"
"107.3000","1.7871","43.4218"
"107.3200","1.7874","43.4141"
"107.3400","1.7878","43.4359"
"107.3600","1.7883","43.4367"
"107.3800","1.7887","43.4443"
"107.4000","1.7892","43.4559"
"107.4200","1.7895","43.4653"
"107.4400","1.7898","43.4702"
"107.4600","1.7900","43.5343"
"107.4800","1.7902","43.5272"
"107.5000","1.7905","43.5692"
"107.5200","1.7908","43.4788"
"107.5400","1.7912","43.4275"
"107.5600","1.7916","43.5310"
"107.5800","1.7919","43.5343"
"107.6000","1.7923","43.4635"
"107.6200","1.7926","43.4615"
"107.6400","1.7929","43.4727"
"107.6600","1.7933","43.5354"
"107.6800","1.7936","43.5290"
"107.7000","1.7941","43.5293"
"107.7200","1.7945","43.5942"
"107.7400","1.7948","43.6354"
"107.7600","1.7951","43.6622"
"107.7800","1.7953","43.6240"
"107.8000","1.7956","43.5025"
"107.8200","1.7958","43.5129"
"107.8400","1.7961","43.5953"
"107.8600","1.7965","43.5542"
"107.8800","1.7969","43.5612"
"107.9000","1.7973","43.6128"
"107.9200","1.7976","43.6734"
"107.9400","1.7979","43.6123"
"107.9600","1.7982","43.6508"
"107.9800","1.7985","43.6593"
"108.0000","1.7988","43.6056"
"108.0200","1.7991","43.5499"
"108.0400","1.7995","43.6149"
"108.0600","1.8000","43.6439"
"108.0800","1.8005","43.6951"
"108.1000","1.8009","43.7462"
"108.1200","1.8012","43.8003"
"108.1400","1.8014","43.7875"
"108.1600","1.8016","43.7915"
"108.1800","1.8019","43.7614"
"108.2000","1.8022","43.7178"
"108.2200","1.8025","43.7600"
"108.2400","1.8029","43.7693"
"108.2600","1.8033","43.7685"
"108.2800","1.8036","43.8589"
"108.3000","1.8039","43.8192"
"108.3200","1.8042","43.8842"
"108.3400","1.8046","43.8850"
"108.3600","1.8049","43.8532"
"108.3800","1.8053","43.9153"
"108.4000","1.8058","43.9047"
"108.4200","1.8061","43.7734"
"108.4400","1.8065","43.8824"
"108.4600","1.8067","43.8619"
"108.4800","1.8070","43.8433"
"108.5000","1.8072","43.8440"
"108.5200","1.8075","43.8992"
"108.5400","1.8078","43.9844"
"108.5600","1.8082","43.9592"
"108.5800","1.8086","43.9230"
"108.6000","1.8090","43.9296"
"108.6200","1.8093","43.9267"
"108.6400","1.8096","43.8817"
"108.6600","1.8099","43.8888"
"108.6800","1.8102","43.9008"
"108.7000","1.8105","43.8959"
"108.7200","1.8108","43.9324"
"108.7400","1.8113","43.9542"
"108.7600","1.8117","44.0039"
"108.7800","1.8122","44.0370"
"108.8000","1.8125","44.0522"
"108.8200","1.8128","43.9984"
"108.8400","1.8130","44.0265"
"108.8600","1.8132","44.0852"
"108.8800","1.8135","44.0341"
"108.9000","1.8138","44.0426"
"108.9200","1.8142","44.0305"
"108.9400","1.8146","44.0377"
"108.9600","1.8150","44.0604"
"108.9800","1.8153","44.1037"
"109.0000","1.8156","44.0745"
"109.0200","1.8159","44.0856"
"109.0400","1.8163","44.1083"
"109.0600","1.8166","44.1867"
"109.0800","1.8170","44.1251"
"109.1000","1.8174","44.0633"
"109.1200","1.8178","44.0906"
"109.1400","1.8181","44.0964"
"109.1600","1.8183","44.1119"
"109.1800","1.8186","44.1014"
"109.2000","1.8188","44.1050"
"109.2200","1.8191","44.1136"
"109.2400","1.8195","44.1571"
"109.2600","1.8199","44.1801"
"109.2800","1.8203","44.2080"
"109.3000","1.8206","44.1870"
"109.3200","1.8210","44.1724"
"109.3400","1.8213","44.1686"
"109.3600","1.8215","44.1967"
"109.3800","1.8218","44.1936"
"109.4000","1.8222","44.1925"
"109.4200","1.8226","44.2704"
"109.4400","1.8230","44.3594"
"109.4600","1.8235","44.3249"
"109.4800","1.8239","44.2539"
"109.5000","1.8241","44.2161"
"109.5200","1.8244","44.2429"
"109.5400","1.8246","44.2729"
"109.5600","1.8248","44.3010"
"109.5800","1.8252","44.3984"
"109.6000","1.8255","44.4343"
"109.6200","1.8259","44.3628"
"109.6400","1.8263","44.3265"
"109.6600","1.8266","44.3493"
"109.6800","1.8270","44.3255"
"109.7000","1.8273","44.2793"
"109.7200","1.8276","44.2751"
"109.7400","1.8280","44.2891"
"109.7600","1.8284","44.3186"
"109.7800","1.8288","44.3472"
"109.8000","1.8291","44.5100"
"109.8200","1.8294","44.4569"
"109.8400","1.8297","44.4464"
"109.8600","1.8299","44.4395"
"109.8800","1.8302","44.4536"
"109.9000","1.8305","44.3343"
"109.9200","1.8308","44.4243"
"109.9400","1.8312","44.4147"
"109.9600","1.8316","44.3777"
"109.9800","1.8320","44.3840"
"110.0000","1.8323","44.4295"
"110.0200","1.8326","44.5194"
"110.0400","1.8329","44.4809"
"110.0600","1.8331","44.5232"
"110.0800","1.8335","44.5273"
"110.1000","1.8338","44.5624"
"110.1200","1.8343","44.5253"
"110.1400","1.8348","44.5458"
"110.1600","1.8352","44.5486"
"110.1800","1.8355","44.5104"
"110.2000","1.8357","44.5202"
"110.2200","1.8360","44.5805"
"110.2400","1.8362","44.5642"
"110.2600","1.8365","44.4586"
"110.2800","1.8368","44.4778"
"110.3000","1.8372","44.4848"
"110.3200","1.8376","44.5314"
"110.3400","1.8380","44.5724"
"110.3600","1.8383","44.5455"
"110.3800","1.8386","44.5268"
"110.4000","1.8389","44.6326"
"110.4200","1.8393","44.6971"
"110.4400","1.8396","44.6694"
"110.4600","1.8400","44.6413"
"110.4800","1.8404","44.6348"
"110.5000","1.8408","44.6356"
"110.5200","1.8410","44.5792"
"110.5400","1.8413","44.5698"
"110.5600","1.8415","44.5936"
"110.5800","1.8418","44.6360"
"110.6000","1.8421","44.6864"
"110.6200","1.8425","44.6828"
"110.6400","1.8429","44.6847"
"110.6600","1.8432","44.6888"
"110.6800","1.8436","44.6969"
"110.7000","1.8439","44.7260"
"110.7200","1.8442","44.6647"
"110.7400","1.8445","44.5900"
"110.7600","1.8448","44.6385"
"110.7800","1.8452","44.6737"
"110.8000","1.8456","44.7653"
"110.8200","1.8461","44.7214"
"110.8400","1.8465","44.7808"
"110.8600","1.8469","44.7340"
"110.8800","1.8471","44.7135"
"110.9000","1.8473","44.7178"
"110.9200","1.8476","44.6921"
"110.9400","1.8478","44.6757"
"110.9600","1.8482","44.6320"
"110.9800","1.8485","44.6513"
"111.0000","1.8489","44.8039"
"111.0200","1.8493","44.7975"
"111.0400","1.8497","44.7600"
"111.0600","1.8500","44.7318"
"111.0800","1.8503","44.7477"
"111.1000","1.8506","44.7411"
"111.1200","1.8510","44.7734"
"111.1400","1.8513","44.8258"
"111.1600","1.8517","44.8561"
"111.1800","1.8521","44.8576"
"111.2000","1.8524","44.7370"
"111.2200","1.8527","44.7761"
"111.2400","1.8529","44.8148"
"111.2600","1.8532","44.7858"
"111.2800","1.8535","44.7758"
"111.3000","1.8538","44.7625"
"111.3200","1.8542","44.7792"
"111.3400","1.8546","44.7827"
"111.3600","1.8550","44.7833"
"111.3800","1.8553","44.8026"
"111.4000","1.8556","44.8472"
"111.4200","1.8558","44.8703"
"111.4400","1.8561","44.8852"
"111.4600","1.8565","44.9082"
"111.4800","1.8569","44.8983"
"111.5000","1.8574","44.8652"
"111.5200","1.8578","44.8439"
"111.5400","1.8582","44.7818"
"111.5600","1.8585","44.8343"
"111.5800","1.8587","44.9294"
"111.6000","1.8589","44.8479"
"111.6200","1.8592","44.8373"
"111.6400","1.8595","44.7874"
"111.6600","1.8598","44.7097"
"111.6800","1.8602","44.8208"
"111.7000","1.8606","44.8659"
"111.7200","1.8610","44.8571"
"111.7400","1.8614","44.8272"
"111.7600","1.8617","44.8389"
"111.7800","1.8620","44.8651"
"111.8000","1.8623","44.9008"
"111.8200","1.8627","44.9325"
"111.8400","1.8631","44.9526"
"111.8600","1.8635","44.8961"
"111.8800","1.8638","44.8027"
"111.9000","1.8640","44.7875"
"111.9200","1.8643","44.9088"
"111.9400","1.8645","44.9274"
"111.9600","1.8648","44.9119"
"111.9800","1.8651","44.9174"
"112.0000","1.8655","44.8924"
"112.0200","1.8659","44.8949"
"112.0400","1.8663","44.8991"
"112.0600","1.8666","44.9006"
"112.0800","1.8669","44.8570"
"112.1000","1.8672","44.8713"
"112.1200","1.8675","44.9327"
"112.1400","1.8678","44.9278"
"112.1600","1.8682","44.9506"
"112.1800","1.8686","44.9026"
"112.2000","1.8691","44.8956"
"112.2200","1.8696","44.8938"
"112.2400","1.8699","44.9173"
"112.2600","1.8701","44.9570"
"112.2800","1.8703","44.9190"
"112.3000","1.8706","44.8964"
"112.3200","1.8708","44.8131"
"112.3400","1.8712","44.8332"
"112.3600","1.8715","44.8909"
"112.3800","1.8720","44.9518"
"112.4000","1.8724","44.9789"
"112.4200","1.8727","44.9502"
"112.4400","1.8730","44.8629"
"112.4600","1.8733","44.8036"
"112.4800","1.8736","44.8671"
"112.5000","1.8740","45.0102"
"112.5200","1.8744","45.0527"
"112.5400","1.8748","45.0350"
"112.5600","1.8751","44.9564"
"112.5800","1.8754","44.9438"
"112.6000","1.8756","44.9582"
"112.6200","1.8759","44.8745"
"112.6400","1.8762","44.9084"
"112.6600","1.8765","44.9917"
"112.6800","1.8768","45.0452"
"112.7000","1.8772","45.1095"
"112.7200","1.8776","45.0602"
"112.7400","1.8779","45.0909"
"112.7600","1.8782","45.0739"
"112.7800","1.8785","45.0713"
"112.8000","1.8788","45.0746"
"112.8200","1.8791","45.0770"
"112.8400","1.8794","45.1126"
"112.8600","1.8799","45.0631"
"112.8800","1.8803","45.0458"
"112.9000","1.8808","45.0338"
"112.9200","1.8812","45.1437"
"112.9400","1.8815","45.1642"
"112.9600","1.8817","45.0112"
"112.9800","1.8819","45.0315"
"113.0000","1.8822","45.0473"
"113.0200","1.8825","45.0762"
"113.0400","1.8828","45.0893"
"113.0600","1.8832","45.1592"
"113.0800","1.8836","45.1539"
"113.1000","1.8840","45.1613"
"113.1200","1.8843","45.2226"
"113.1400","1.8846","45.1647"
"113.1600","1.8849","45.1115"
"113.1800","1.8853","45.1611"
"113.2000","1.8857","45.2117"
"113.2200","1.8860","45.2196"
"113.2400","1.8864","45.2659"
"113.2600","1.8867","45.2124"
"113.2800","1.8870","45.2581"
"113.3000","1.8873","45.2468"
"113.3200","1.8875","45.2328"
"113.3400","1.8878","45.2640"
"113.3600","1.8882","45.2158"
"113.3800","1.8885","45.2041"
"113.4000","1.8889","45.1575"
"113.4200","1.8893","45.1227"
"113.4400","1.8896","45.1630"
"113.4600","1.8899","45.1765"
"113.4800","1.8902","45.2188"
"113.5000","1.8905","45.1839"
"113.5200","1.8908","45.2049"
"113.5400","1.8911","45.2102"
"113.5600","1.8916","45.2695"
"113.5800","1.8921","45.3446"
"113.6000","1.8925","45.3637"
"113.6200","1.8928","45.3340"
"113.6400","1.8931","45.3198"
"113.6600","1.8933","45.3209"
"113.6800","1.8935","45.2629"
"113.7000","1.8938","45.2753"
"113.7200","1.8942","45.2173"
"113.7400","1.8945","45.2504"
"113.7600","1.8949","45.3378"
"113.7800","1.8953","45.3848"
"113.8000","1.8956","45.3495"
"113.8200","1.8959","45.2787"
"113.8400","1.8962","45.3057"
"113.8600","1.8966","45.4570"
"113.8800","1.8969","45.4040"
"113.9000","1.8973","45.3869"
"113.9200","1.8977","45.3985"
"113.9400","1.8981","45.4011"
"113.9600","1.8984","45.4426"
"113.9800","1.8986","45.4416"
"114.0000","1.8989","45.4317"
"114.0200","1.8992","45.4011"
"114.0400","1.8995","45.4526"
"114.0600","1.8998","45.4472"
"114.0800","1.9002","45.3763"
"114.1000","1.9006","45.3411"
"114.1200","1.9009","45.3848"
"114.1400","1.9012","45.4304"
"114.1600","1.9015","45.4970"
"114.1800","1.9018","45.4402"
"114.2000","1.9021","45.4154"
"114.2200","1.9025","45.3418"
"114.2400","1.9029","45.3829"
"114.2600","1.9033","45.4499"
"114.2800","1.9038","45.5516"
"114.3000","1.9042","45.6563"
"114.3200","1.9044","45.6063"
"114.3400","1.9047","45.5919"
"114.3600","1.9049","45.5058"
"114.3800","1.9052","45.4458"
"114.4000","1.9055","45.3942"
"114.4200","1.9059","45.4971"
"114.4400","1.9063","45.5583"
"114.4600","1.9067","45.5783"
"114.4800","1.9070","45.4950"
"114.5000","1.9073","45.5242"
"114.5200","1.9076","45.5888"
"114.5400","1.9079","45.4889"
"114.5600","1.9083","45.4788"
"114.5800","1.9087","45.4918"
"114.6000","1.9091","45.5279"
"114.6200","1.9095","45.5854"
"114.6400","1.9098","45.6184"
"114.6600","1.9100","45.5850"
"114.6800","1.9103","45.6572"
"114.7000","1.9106","45.6892"
"114.7200","1.9109","45.7024"
"114.7400","1.9112","45.7351"
"114.7600","1.9116","45.6542"
"114.7800","1.9120","45.6397"
"114.8000","1.9123","45.6169"
"114.8200","1.9126","45.6441"
"114.8400","1.9129","45.6362"
"114.8600","1.9132","45.7064"
"114.8800","1.9135","45.6715"
"114.9000","1.9138","45.6267"
"114.9200","1.9142","45.6665"
"114.9400","1.9146","45.7484"
"114.9600","1.9151","45.8108"
"114.9800","1.9155","45.7965"
"115.0000","1.9158","45.7534"
"115.0200","1.9160","45.6746"
"115.0400","1.9163","45.7522"
"115.0600","1.9166","45.7556"
"115.0800","1.9169","45.7097"
"115.1000","1.9172","45.8200"
"115.1200","1.9176","45.8245"
"115.1400","1.9180","45.7981"
"115.1600","1.9183","45.7705"
"115.1800","1.9186","45.7268"
"115.2000","1.9189","45.7307"
"115.2200","1.9192","45.7959"
"115.2400","1.9196","45.7822"
"115.2600","1.9200","45.8509"
"115.2800","1.9204","45.9182"
"115.3000","1.9208","45.8850"
"115.3200","1.9212","45.7598"
"115.3400","1.9215","45.6948"
"115.3600","1.9217","45.7618"
"115.3800","1.9219","45.7960"
"115.4000","1.9222","45.8315"
"115.4200","1.9225","45.8743"
"115.4400","1.9229","45.8594"
"115.4600","1.9233","45.9174"
"115.4800","1.9236","45.9807"
"115.5000","1.9240","45.8663"
"115.5200","1.9243","45.7772"
"115.5400","1.9245","45.8147"
"115.5600","1.9248","45.9182"
"115.5800","1.9251","45.9035"
"115.6000","1.9255","45.9398"
"115.6200","1.9259","45.9573"
"115.6400","1.9264","45.9778"
"115.6600","1.9268","45.9566"
"115.6800","1.9272","46.0030"
"115.7000","1.9274","45.9697"
"115.7200","1.9277","45.9179"
"115.7400","1.9279","45.9141"
"115.7600","1.9282","45.9346"
"115.7800","1.9285","46.0270"
"115.8000","1.9289","46.0423"
"115.8200","1.9293","46.0379"
"115.8400","1.9296","45.9667"
"115.8600","1.9300","45.9168"
"115.8800","1.9303","45.9585"
"115.9000","1.9306","45.9877"
"115.9200","1.9309","45.9603"
"115.9400","1.9313","45.9723"
"115.9600","1.9317","45.9210"
"115.9800","1.9321","46.0161"
"116.0000","1.9325","45.9587"
"116.0200","1.9328","45.8802"
"116.0400","1.9330","45.8589"
"116.0600","1.9333","45.8019"
"116.0800","1.9336","45.8703"
"116.1000","1.9339","45.9001"
"116.1200","1.9342","45.9116"
"116.1400","1.9346","45.9877"
"116.1600","1.9350","45.9756"
"116.1800","1.9353","45.8950"
"116.2000","1.9356","45.8741"
"116.2200","1.9359","45.8877"
"116.2400","1.9362","45.8587"
"116.2600","1.9364","45.7805"
"116.2800","1.9368","45.8800"
"116.3000","1.9372","45.9677"
"116.3200","1.9376","45.8516"
"116.3400","1.9381","45.7978"
"116.3600","1.9385","45.8135"
"116.3800","1.9388","45.8872"
"116.4000","1.9390","45.9627"
"116.4200","1.9392","45.9448"
"116.4400","1.9395","45.8518"
"116.4600","1.9398","45.8258"
"116.4800","1.9402","45.9382"
"116.5000","1.9406","46.0084"
"116.5200","1.9410","46.0132"
"116.5400","1.9413","45.9916"
"116.5600","1.9416","45.9057"
"116.5800","1.9419","45.8255"
"116.6000","1.9423","45.8190"
"116.6200","1.9426","45.8521"
"116.6400","1.9430","45.8626"
"116.6600","1.9434","45.9172"
"116.6800","1.9438","45.9701"
"116.7000","1.9441","45.9159"
"116.7200","1.9444","45.8609"
"116.7400","1.9447","45.8515"
"116.7600","1.9449","45.7884"
"116.7800","1.9452","45.7746"
"116.8000","1.9455","45.8096"
"116.8200","1.9459","45.8693"
"116.8400","1.9463","45.8278"
"116.8600","1.9466","45.7619"
"116.8800","1.9470","45.7538"
"116.9000","1.9472","45.7047"
"116.9200","1.9475","45.7052"
"116.9400","1.9478","45.7483"
"116.9600","1.9481","45.8025"
"116.9800","1.9485","45.8189"
"117.0000","1.9489","45.6668"
"117.0200","1.9494","45.7394"
"117.0400","1.9498","45.7886"
"117.0600","1.9501","45.8187"
"117.0800","1.9504","45.8365"
"117.1000","1.9506","45.8318"
"117.1200","1.9509","45.8228"
"117.1400","1.9511","45.7559"
"117.1600","1.9515","45.6995"
"117.1800","1.9519","45.7836"
"117.2000","1.9523","45.7753"
"117.2200","1.9526","45.7467"
"117.2400","1.9530","45.7123"
"117.2600","1.9533","45.7306"
"117.2800","1.9536","45.7344"
"117.3000","1.9539","45.7623"
"117.3200","1.9543","45.7524"
"117.3400","1.9547","45.7086"
"117.3600","1.9551","45.7830"
"117.3800","1.9555","45.8201"
"117.4000","1.9558","45.8205"
"117.4200","1.9560","45.7726"
"117.4400","1.9563","45.7441"
"117.4600","1.9565","45.7425"
"117.4800","1.9568","45.7526"
"117.5000","1.9572","45.8070"
"117.5200","1.9576","45.9133"
"117.5400","1.9580","45.8856"
"117.5600","1.9583","45.8126"
"117.5800","1.9586","45.8050"
"117.6000","1.9589","45.8123"
"117.6200","1.9591","45.7596"
"117.6400","1.9594","45.7335"
"117.6600","1.9598","45.7980"
"117.6800","1.9602","45.8089"
"117.7000","1.9606","45.8350"
"117.7200","1.9611","45.8676"
"117.7400","1.9615","45.8486"
"117.7600","1.9618","45.8618"
"117.7800","1.9620","45.7990"
"117.8000","1.9623","45.8098"
"117.8200","1.9625","45.8410"
"117.8400","1.9628","45.9606"
"117.8600","1.9632","45.9718"
"117.8800","1.9636","45.8830"
"117.9000","1.9640","45.8861"
"117.9200","1.9643","45.9118"
"117.9400","1.9646","45.9127"
"117.9600","1.9649","45.9080"
"117.9800","1.9652","45.8529"
"118.0000","1.9656","45.8506"
"118.0200","1.9660","45.8374"
"118.0400","1.9664","45.9166"
"118.0600","1.9668","45.8697"
"118.0800","1.9671","45.8025"
"118.1000","1.9674","45.8084"
"118.1200","1.9676","45.8950"
"118.1400","1.9679","45.8625"
"118.1600","1.9682","45.8743"
"118.1800","1.9685","45.8638"
"118.2000","1.9689","45.9364"
"118.2200","1.9693","45.9031"
"118.2400","1.9697","45.8151"
"118.2600","1.9700","45.7466"
"118.2800","1.9703","45.7187"
"118.3000","1.9706","45.6972"
"118.3200","1.9708","45.8046"
"118.3400","1.9712","45.7334"
"118.3600","1.9715","45.6659"
"118.3800","1.9720","45.7721"
"118.4000","1.9724","45.7509"
"118.4200","1.9728","45.6815"
"118.4400","1.9732","45.6105"
"118.4600","1.9734","45.6560"
"118.4800","1.9736","45.7942"
"118.5000","1.9739","45.7832"
"118.5200","1.9742","45.7401"
"118.5400","1.9745","45.7425"
"118.5600","1.9749","45.6929"
"118.5800","1.9753","45.6842"
"118.6000","1.9756","45.6825"
"118.6200","1.9760","45.7045"
"118.6400","1.9763","45.6057"
"118.6600","1.9766","45.5977"
"118.6800","1.9769","45.6178"
"118.7000","1.9773","45.6798"
"118.7200","1.9777","45.7230"
"118.7400","1.9781","45.6903"
"118.7600","1.9785","45.6422"
"118.7800","1.9788","45.6482"
"118.8000","1.9790","45.6416"
"118.8200","1.9793","45.6145"
"118.8400","1.9795","45.5843"
"118.8600","1.9798","45.6125"
"118.8800","1.9802","45.6084"
"118.9000","1.9806","45.6106"
"118.9200","1.9810","45.6384"
"118.9400","1.9813","45.6283"
"118.9600","1.9817","45.6093"
"118.9800","1.9819","45.6028"
"119.0000","1.9822","45.5686"
"119.0200","1.9825","45.5477"
"119.0400","1.9828","45.5194"
"119.0600","1.9832","45.5255"
"119.0800","1.9837","45.6339"
"119.1000","1.9841","45.5537"
"119.1200","1.9845","45.4546"
"119.1400","1.9848","45.4705"
"119.1600","1.9850","45.5303"
"119.1800","1.9852","45.5122"
"119.2000","1.9855","45.4698"
"119.2200","1.9858","45.4516"
"119.2400","1.9862","45.4283"
"119.2600","1.9866","45.4294"
"119.2800","1.9870","45.4827"
"119.3000","1.9873","45.4773"
"119.3200","1.9876","45.4632"
"119.3400","1.9879","45.4806"
"119.3600","1.9883","45.4324"
"119.3800","1.9886","45.3785"
"119.4000","1.9891","45.4578"
"119.4200","1.9895","45.5095"
"119.4400","1.9898","45.5491"
"119.4600","1.9901","45.6007"
"119.4800","1.9904","45.5119"
"119.5000","1.9906","45.4774"
"119.5200","1.9909","45.4733"
"119.5400","1.9912","45.4990"
"119.5600","1.9915","45.5126"
"119.5800","1.9919","45.4288"
"119.6000","1.9923","45.3984"
"119.6200","1.9927","45.4337"
"119.6400","1.9930","45.4254"
"119.6600","1.9933","45.3438"
"119.6800","1.9935","45.3786"
"119.7000","1.9938","45.4564"
"119.7200","1.9941","45.5035"
"119.7400","1.9945","45.5295"
"119.7600","1.9950","45.5548"
"119.7800","1.9954","45.4420"
"119.8000","1.9958","45.3826"
"119.8200","1.9961","45.4662"
"119.8400","1.9964","45.4211"
"119.8600","1.9966","45.4093"
"119.8800","1.9969","45.4189"
"119.9000","1.9972","45.3434"
"119.9200","1.9975","45.3759"
"119.9400","1.9978","45.4520"
"119.9600","1.9982","45.4792"
"119.9800","1.9986","45.4853"
"120.0000","1.9989","45.4729"
"120.0200","1.9992","45.3879"
"120.0400","1.9995","45.3692"
"120.0600","1.9999","45.4328"
"120.0800","2.0003","45.4415"
"120.1000","2.0007","45.5107"
"120.1200","2.0011","45.4381"
"120.1400","2.0015","45.4399"
"120.1600","2.0018","45.4875"
"120.1800","2.0020","45.4209"
"120.2000","2.0023","45.4198"
"120.2200","2.0025","45.4078"
"120.2400","2.0028","45.3854"
"120.2600","2.0032","45.3703"
"120.2800","2.0036","45.3707"
"120.3000","2.0040","45.3806"
"120.3200","2.0043","45.4075"
"120.3400","2.0046","45.4733"
"120.3600","2.0049","45.4952"
"120.3800","2.0052","45.4753"
"120.4000","2.0055","45.4561"
"120.4200","2.0058","45.4416"
"120.4400","2.0063","45.4035"
"120.4600","2.0067","45.3760"
"120.4800","2.0072","45.3869"
"120.5000","2.0075","45.5531"
"120.5200","2.0078","45.5361"
"120.5400","2.0080","45.4503"
"120.5600","2.0082","45.4320"
"120.5800","2.0085","45.3760"
"120.6000","2.0088","45.3936"
"120.6200","2.0091","45.4172"
"120.6400","2.0095","45.3757"
"120.6600","2.0099","45.3597"
"120.6800","2.0103","45.4282"
"120.7000","2.0106","45.4765"
"120.7200","2.0109","45.5389"
"120.7400","2.0112","45.4652"
"120.7600","2.0116","45.3794"
"120.7800","2.0120","45.3995"
"120.8000","2.0124","45.4732"
"120.8200","2.0128","45.4336"
"120.8400","2.0131","45.4794"
"120.8600","2.0134","45.5157"
"120.8800","2.0136","45.4665"
"120.9000","2.0139","45.3553"
"120.9200","2.0142","45.3440"
"120.9400","2.0145","45.4592"
"120.9600","2.0149","45.4233"
"120.9800","2.0153","45.4365"
"121.0000","2.0156","45.4345"
"121.0200","2.0160","45.4504"
"121.0400","2.0163","45.4109"
"121.0600","2.0165","45.4544"
"121.0800","2.0168","45.5229"
"121.1000","2.0171","45.5341"
"121.1200","2.0175","45.5191"
"121.1400","2.0180","45.5420"
"121.1600","2.0185","45.4722"
"121.1800","2.0189","45.4799"
"121.2000","2.0192","45.4847"
"121.2200","2.0194","45.4471"
"121.2400","2.0196","45.4458"
"121.2600","2.0199","45.4609"
"121.2800","2.0201","45.4356"
"121.3000","2.0205","45.4038"
"121.3200","2.0208","45.3869"
"121.3400","2.0212","45.4130"
"121.3600","2.0216","45.4282"
"121.3800","2.0219","45.4366"
"121.4000","2.0222","45.4515"
"121.4200","2.0225","45.4476"
"121.4400","2.0229","45.4021"
"121.4600","2.0233","45.3985"
"121.4800","2.0237","45.4737"
"121.5000","2.0241","45.4649"
"121.5200","2.0245","45.4161"
"121.5400","2.0247","45.4596"
"121.5600","2.0250","45.4800"
"121.5800","2.0252","45.5342"
"121.6000","2.0255","45.4171"
"121.6200","2.0258","45.3027"
"121.6400","2.0262","45.4211"
"121.6600","2.0266","45.5207"
"121.6800","2.0270","45.5523"
"121.7000","2.0273","45.5246"
"121.7200","2.0276","45.4220"
"121.7400","2.0279","45.3477"
"121.7600","2.0282","45.3670"
"121.7800","2.0284","45.4646"
"121.8000","2.0288","45.4619"
"121.8200","2.0292","45.4382"
"121.8400","2.0297","45.4717"
"121.8600","2.0302","45.4013"
"121.8800","2.0305","45.4059"
"121.9000","2.0308","45.5470"
"121.9200","2.0310","45.5716"
"121.9400","2.0313","45.5401"
"121.9600","2.0315","45.4139"
"121.9800","2.0318","45.4516"
"122.0000","2.0322","45.4501"
"122.0200","2.0326","45.4235"
"122.0400","2.0329","45.4406"
"122.0600","2.0333","45.4428"
"122.0800","2.0336","45.4953"
"122.1000","2.0339","45.4463"
"122.1200","2.0343","45.4595"
"122.1400","2.0346","45.4973"
"122.1600","2.0350","45.5459"
"122.1800","2.0354","45.5788"
"122.2000","2.0358","45.5539"
"122.2200","2.0361","45.5909"
"122.2400","2.0364","45.5194"
"122.2600","2.0366","45.4902"
"122.2800","2.0368","45.5141"
"122.3000","2.0371","45.4920"
"122.3200","2.0375","45.4550"
"122.3400","2.0379","45.4146"
"122.3600","2.0383","45.3979"
"122.3800","2.0386","45.4413"
"122.4000","2.0390","45.4684"
"122.4200","2.0392","45.5981"
"122.4400","2.0395","45.5654"
"122.4600","2.0398","45.5946"
"122.4800","2.0401","45.5439"
"122.5000","2.0405","45.5228"
"122.5200","2.0410","45.5105"
"122.5400","2.0415","45.5051"
"122.5600","2.0419","45.4916"
"122.5800","2.0422","45.5166"
"122.6000","2.0425","45.5458"
"122.6200","2.0427","45.5511"
"122.6400","2.0429","45.5450"
"122.6600","2.0432","45.5583"
"122.6800","2.0435","45.4534"
"122.7000","2.0439","45.4475"
"122.7200","2.0443","45.4850"
"122.7400","2.0446","45.5800"
"122.7600","2.0449","45.5793"
"122.7800","2.0453","45.6088"
"122.8000","2.0456","45.6666"
"122.8200","2.0459","45.7012"
"122.8400","2.0463","45.5711"
"122.8600","2.0468","45.5478"
"122.8800","2.0472","45.5427"
"122.9000","2.0475","45.5717"
"122.9200","2.0477","45.5200"
"122.9400","2.0480","45.4852"
"122.9600","2.0482","45.5765"
"122.9800","2.0485","45.5568"
"123.0000","2.0488","45.5605"
"123.0200","2.0492","45.5758"
"123.0400","2.0496","45.5874"
"123.0600","2.0500","45.6288"
"123.0800","2.0503","45.6299"
"123.1000","2.0506","45.6519"
"123.1200","2.0509","45.6851"
"123.1400","2.0512","45.6200"
"123.1600","2.0515","45.6182"
"123.1800","2.0518","45.6138"
"123.2000","2.0523","45.6084"
"123.2200","2.0527","45.6035"
"123.2400","2.0532","45.6602"
"123.2600","2.0535","45.7179"
"123.2800","2.0538","45.6765"
"123.3000","2.0540","45.5709"
"123.3200","2.0542","45.5473"
"123.3400","2.0545","45.5221"
"123.3600","2.0548","45.5243"
"123.3800","2.0552","45.6474"
"123.4000","2.0556","45.7117"
"123.4200","2.0560","45.6538"
"123.4400","2.0563","45.6100"
"123.4600","2.0566","45.6334"
"123.4800","2.0569","45.6431"
"123.5000","2.0573","45.6107"
"123.5200","2.0576","45.6434"
"123.5400","2.0580","45.7154"
"123.5600","2.0584","45.7287"
"123.5800","2.0588","45.7300"
"123.6000","2.0591","45.7506"
"123.6200","2.0594","45.6897"
"123.6400","2.0596","45.6469"
"123.6600","2.0599","45.5680"
"123.6800","2.0602","45.5746"
"123.7000","2.0605","45.5149"
"123.7200","2.0609","45.5676"
"123.7400","2.0613","45.6277"
"123.7600","2.0617","45.6839"
"123.7800","2.0620","45.6862"
"123.8000","2.0623","45.6461"
"123.8200","2.0625","45.6526"
"123.8400","2.0628","45.6212"
"123.8600","2.0632","45.5883"
"123.8800","2.0636","45.6539"
"123.9000","2.0640","45.6386"
"123.9200","2.0644","45.6608"
"123.9400","2.0648","45.7165"
"123.9600","2.0651","45.7451"
"123.9800","2.0653","45.7297"
"124.0000","2.0656","45.7197"
"124.0200","2.0658","45.7478"
"124.0400","2.0661","45.7442"
"124.0600","2.0665","45.7799"
"124.0800","2.0668","45.7519"
"124.1000","2.0672","45.6650"
"124.1200","2.0676","45.6294"
"124.1400","2.0679","45.6168"
"124.1600","2.0683","45.7170"
"124.1800","2.0686","45.8001"
"124.2000","2.0689","45.8511"
"124.2200","2.0693","45.8133"
"124.2400","2.0697","45.7545"
"124.2600","2.0701","45.6798"
"124.2800","2.0704","45.7096"
"124.3000","2.0707","45.7597"
"124.3200","2.0709","45.6804"
"124.3400","2.0712","45.7355"
"124.3600","2.0715","45.8044"
"124.3800","2.0718","45.8439"
"124.4000","2.0721","45.8155"
"124.4200","2.0725","45.8479"
"124.4400","2.0729","45.7689"
"124.4600","2.0733","45.7020"
"124.4800","2.0736","45.7205"
"124.5000","2.0739","45.8060"
"124.5200","2.0741","45.8285"
"124.5400","2.0744","45.8013"
"124.5600","2.0748","45.7093"
"124.5800","2.0752","45.7132"
"124.6000","2.0757","45.6890"
"124.6200","2.0761","45.7515"
"124.6400","2.0765","45.8444"
"124.6600","2.0767","45.8692"
"124.6800","2.0770","45.7855"
"124.7000","2.0772","45.8105"
"124.7200","2.0775","45.8498"
"124.7400","2.0778","45.8120"
"124.7600","2.0782","45.7624"
"124.7800","2.0786","45.8166"
"124.8000","2.0790","45.9144"
"124.8200","2.0793","45.9347"
"124.8400","2.0796","45.8818"
"124.8600","2.0799","45.8038"
"124.8800","2.0803","45.7757"
"124.9000","2.0806","45.8841"
"124.9200","2.0810","45.9750"
"124.9400","2.0814","45.8812"
"124.9600","2.0818","45.8946"
"124.9800","2.0821","45.8431"
"125.0000","2.0823","45.8785"
"125.0200","2.0826","45.8926"
"125.0400","2.0828","45.8247"
"125.0600","2.0831","45.7774"
"125.0800","2.0835","45.8622"
"125.1000","2.0838","45.9010"
"125.1200","2.0842","45.8930"
"125.1400","2.0846","45.8355"
"125.1600","2.0850","45.8103"
"125.1800","2.0852","45.8614"
"125.2000","2.0855","46.0048"
"125.2200","2.0858","46.0165"
"125.2400","2.0862","45.9296"
"125.2600","2.0866","45.9240"
"125.2800","2.0871","46.0192"
"125.3000","2.0875","46.0104"
"125.3200","2.0879","45.9920"
"125.3400","2.0881","45.9642"
"125.3600","2.0884","45.9417"
"125.3800","2.0886","45.8410"
"125.4000","2.0889","45.9000"
"125.4200","2.0892","45.9260"
"125.4400","2.0895","45.9131"
"125.4600","2.0899","45.8737"
"125.4800","2.0903","45.9492"
"125.5000","2.0907","45.9206"
"125.5200","2.0910","45.8742"
"125.5400","2.0913","45.9202"
"125.5600","2.0916","45.9677"
"125.5800","2.0920","46.0298"
"125.6000","2.0924","46.0070"
"125.6200","2.0928","45.9386"
"125.6400","2.0931","45.9299"
"125.6600","2.0934","45.9813"
"125.6800","2.0937","45.9480"
"125.7000","2.0940","46.0200"
"125.7200","2.0942","46.0806"
"125.7400","2.0945","46.0643"
"125.7600","2.0948","46.0467"
"125.7800","2.0952","46.0742"
"125.8000","2.0956","46.0578"
"125.8200","2.0960","46.0502"
"125.8400","2.0963","46.0372"
"125.8600","2.0966","45.9765"
"125.8800","2.0969","46.0144"
"125.9000","2.0971","45.9525"
"125.9200","2.0975","45.9110"
"125.9400","2.0979","45.9623"
"125.9600","2.0983","46.0456"
"125.9800","2.0988","46.0685"
"126.0000","2.0992","46.0503"
"126.0200","2.0995","46.0236"
"126.0400","2.0997","45.9302"
"126.0600","2.1000","45.9108"
"126.0800","2.1002","46.0179"
"126.1000","2.1005","46.0878"
"126.1200","2.1008","46.0659"
"126.1400","2.1012","46.1886"
"126.1600","2.1016","46.1817"
"126.1800","2.1020","46.1120"
"126.2000","2.1024","46.0717"
"126.2200","2.1027","46.0100"
"126.2400","2.1030","46.0826"
"126.2600","2.1033","46.1161"
"126.2800","2.1037","46.0672"
"126.3000","2.1041","46.0829"
"126.3200","2.1044","46.1611"
"126.3400","2.1048","46.1136"
"126.3600","2.1050","45.9956"
"126.3800","2.1053","46.0768"
"126.4000","2.1055","46.1616"
"126.4200","2.1058","46.2193"
"126.4400","2.1061","46.2637"
"126.4600","2.1065","46.2654"
"126.4800","2.1069","46.2301"
"126.5000","2.1073","46.0946"
"126.5200","2.1076","46.0632"
"126.5400","2.1079","46.0719"
"126.5600","2.1082","46.0937"
"126.5800","2.1085","46.2328"
"126.6000","2.1088","46.2682"
"126.6200","2.1092","46.2120"
"126.6400","2.1096","46.2528"
"126.6600","2.1101","46.1851"
"126.6800","2.1105","46.1723"
"126.7000","2.1109","46.2018"
"126.7200","2.1111","46.1946"
"126.7400","2.1113","46.1467"
"126.7600","2.1116","46.1770"
"126.7800","2.1118","46.2056"
"126.8000","2.1122","46.2047"
"126.8200","2.1125","46.1923"
"126.8400","2.1129","46.2325"
"126.8600","2.1133","46.2211"
"126.8800","2.1137","46.2203"
"126.9000","2.1140","46.2402"
"126.9200","2.1143","46.2132"
"126.9400","2.1146","46.2117"
"126.9600","2.1150","46.2412"
"126.9800","2.1153","46.2051"
"127.0000","2.1157","46.1770"
"127.0200","2.1161","46.1867"
"127.0400","2.1164","46.1872"
"127.0600","2.1167","46.1322"
"127.0800","2.1169","46.1958"
"127.1000","2.1172","46.2145"
"127.1200","2.1175","46.2524"
"127.1400","2.1178","46.2428"
"127.1600","2.1182","46.1880"
"127.1800","2.1186","46.0988"
"127.2000","2.1189","46.1108"
"127.2200","2.1193","46.1087"
"127.2400","2.1195","46.0994"
"127.2600","2.1198","46.1839"
"127.2800","2.1201","46.1973"
"127.3000","2.1204","46.2307"
"127.3200","2.1208","46.2412"
"127.3400","2.1213","46.2418"
"127.3600","2.1218","46.1756"
"127.3800","2.1222","46.1149"
"127.4000","2.1225","46.2055"
"127.4200","2.1228","46.1223"
"127.4400","2.1230","46.1500"
"127.4600","2.1232","46.1449"
"127.4800","2.1235","46.1158"
"127.5000","2.1238","46.1404"
"127.5200","2.1242","46.1705"
"127.5400","2.1246","46.2041"
"127.5600","2.1250","46.2129"
"127.5800","2.1253","46.1584"
"127.6000","2.1256","46.1750"
"127.6200","2.1259","46.1580"
"127.6400","2.1263","46.1175"
"127.6600","2.1266","46.2074"
"127.6800","2.1270","46.2846"
"127.7000","2.1274","46.2896"
"127.7200","2.1278","46.2090"
"127.7400","2.1280","46.2108"
"127.7600","2.1283","46.2099"
"127.7800","2.1286","46.2380"
"127.8000","2.1288","46.2076"
"127.8200","2.1292","46.2565"
"127.8400","2.1295","46.2251"
"127.8600","2.1299","46.1250"
"127.8800","2.1303","46.1314"
"127.9000","2.1306","46.1234"
"127.9200","2.1309","46.1784"
"127.9400","2.1312","46.1819"
"127.9600","2.1315","46.1779"
"127.9800","2.1318","46.1839"
"128.0000","2.1321","46.1016"
"128.0200","2.1326","46.1053"
"128.0400","2.1330","46.1309"
"128.0600","2.1335","46.1431"
"128.0800","2.1338","46.1439"
"128.1000","2.1341","46.1600"
"128.1200","2.1343","46.1968"
"128.1400","2.1346","46.2135"
"128.1600","2.1348","46.2026"
"128.1800","2.1352","46.1651"
"128.2000","2.1355","46.1528"
"128.2200","2.1359","46.1438"
"128.2400","2.1363","46.1795"
"128.2600","2.1366","46.2240"
"128.2800","2.1369","46.1823"
"128.3000","2.1373","46.1246"
"128.3200","2.1376","46.1631"
"128.3400","2.1380","46.1685"
"128.3600","2.1384","46.1694"
"128.3800","2.1388","46.0919"
"128.4000","2.1391","46.1794"
"128.4200","2.1394","46.1310"
"128.4400","2.1397","46.0717"
"128.4600","2.1399","46.0393"
"128.4800","2.1402","46.0567"
"128.5000","2.1405","46.1541"
"128.5200","2.1408","46.2089"
"128.5400","2.1412","46.2667"
"128.5600","2.1416","46.2596"
"128.5800","2.1419","46.1281"
"128.6000","2.1423","46.1080"
"128.6200","2.1425","46.0857"
"128.6400","2.1428","46.1325"
"128.6600","2.1431","46.0500"
"128.6800","2.1434","46.0159"
"128.7000","2.1439","46.1181"
"128.7200","2.1443","46.1647"
"128.7400","2.1448","46.0654"
"128.7600","2.1452","46.0165"
"128.7800","2.1455","46.0252"
"128.8000","2.1457","46.0477"
"128.8200","2.1459","46.1053"
"128.8400","2.1462","46.1401"
"128.8600","2.1465","46.1244"
"128.8800","2.1469","46.1311"
"128.9000","2.1472","46.1251"
"128.9200","2.1476","46.0996"
"128.9400","2.1480","46.0711"
"128.9600","2.1483","46.1393"
"128.9800","2.1486","46.1067"
"129.0000","2.1489","46.0837"
"129.0200","2.1493","46.0288"
"129.0400","2.1497","46.0031"
"129.0600","2.1501","46.0549"
"129.0800","2.1505","46.0435"
"129.1000","2.1508","46.0159"
"129.1200","2.1510","45.9958"
"129.1400","2.1513","46.0336"
"129.1600","2.1515","46.0673"
"129.1800","2.1518","46.0813"
"129.2000","2.1522","46.0772"
"129.2200","2.1525","46.0932"
"129.2400","2.1529","46.0541"
"129.2600","2.1533","45.9821"
"129.2800","2.1536","45.9838"
"129.3000","2.1539","46.0726"
"129.3200","2.1542","46.0666"
"129.3400","2.1545","46.0203"
"129.3600","2.1548","46.0787"
"129.3800","2.1551","46.0353"
"129.4000","2.1556","46.0757"
"129.4200","2.1561","46.0906"
"129.4400","2.1565","46.1552"
"129.4600","2.1568","46.1456"
"129.4800","2.1571","46.0905"
"129.5000","2.1573","46.0167"
"129.5200","2.1576","45.9436"
"129.5400","2.1579","46.0056"
"129.5600","2.1582","46.0855"
"129.5800","2.1586","46.0637"
"129.6000","2.1590","46.1458"
"129.6200","2.1593","46.0949"
"129.6400","2.1596","46.0215"
"129.6600","2.1599","45.9928"
"129.6800","2.1602","45.9759"
"129.7000","2.1606","45.9932"
"129.7200","2.1610","46.0377"
"129.7400","2.1614","46.1675"
"129.7600","2.1618","46.1037"
"129.7800","2.1622","46.0842"
"129.8000","2.1625","46.0711"
"129.8200","2.1627","46.0859"
"129.8400","2.1629","46.1222"
"129.8600","2.1632","46.0433"
"129.8800","2.1635","46.0870"
"129.9000","2.1639","46.1072"
"129.9200","2.1642","46.1231"
"129.9400","2.1646","46.0544"
"129.9600","2.1650","46.0291"
"129.9800","2.1653","46.0651"
"130.0000","2.1655","46.0470"
"130.0200","2.1658","46.0773"
"130.0400","2.1661","46.1551"
"130.0600","2.1664","46.0772"
"130.0800","2.1669","46.0655"
"130.1000","2.1673","46.0482"
"130.1200","2.1678","46.0534"
"130.1400","2.1682","46.1098"
"130.1600","2.1684","46.1105"
"130.1800","2.1687","46.0662"
"130.2000","2.1689","46.0355"
"130.2200","2.1692","46.0158"
"130.2400","2.1695","46.0220"
"130.2600","2.1699","46.0280"
"130.2800","2.1703","45.9909"
"130.3000","2.1706","46.0271"
"130.3200","2.1710","46.0429"
"130.3400","2.1713","46.0410"
"130.3600","2.1716","46.0433"
"130.3800","2.1719","46.0248"
"130.4000","2.1723","46.0343"
"130.4200","2.1727","46.0353"
"130.4400","2.1731","46.0662"
"130.4600","2.1735","46.0796"
"130.4800","2.1738","46.0686"
"130.5000","2.1741","46.0903"
"130.5200","2.1743","46.0846"
"130.5400","2.1746","46.0298"
"130.5600","2.1749","46.0135"
"130.5800","2.1752","46.0179"
"130.6000","2.1756","46.0557"
"130.6200","2.1760","46.0508"
"130.6400","2.1763","46.0264"
"130.6600","2.1766","46.0357"
"130.6800","2.1769","45.9823"
"130.7000","2.1772","46.0084"
"130.7200","2.1774","45.9964"
"130.7400","2.1777","46.0199"
"130.7600","2.1781","46.0292"
"130.7800","2.1786","46.0124"
"130.8000","2.1791","46.1110"
"130.8200","2.1795","46.0943"
"130.8400","2.1798","46.0326"
"130.8600","2.1800","45.9672"
"130.8800","2.1803","45.9812"
"130.9000","2.1805","45.9574"
"130.9200","2.1808","45.9118"
"130.9400","2.1812","45.8999"
"130.9600","2.1816","45.9574"
"130.9800","2.1820","46.0694"
"131.0000","2.1823","46.0880"
"131.0200","2.1826","46.0032"
"131.0400","2.1830","45.8955"
"131.0600","2.1833","45.9185"
"131.0800","2.1836","45.9195"
"131.1000","2.1840","45.9653"
"131.1200","2.1844","45.9341"
"131.1400","2.1848","45.8745"
"131.1600","2.1852","45.8873"
"131.1800","2.1854","45.9283"
"131.2000","2.1857","45.8593"
"131.2200","2.1859","45.8369"
"131.2400","2.1862","45.8272"
"131.2600","2.1865","45.8556"
"131.2800","2.1869","45.7538"
"131.3000","2.1873","45.8707"
"131.3200","2.1876","45.8812"
"131.3400","2.1880","45.8775"
"131.3600","2.1883","45.7982"
"131.3800","2.1885","45.7650"
"131.4000","2.1888","45.7598"
"131.4200","2.1891","45.8306"
"131.4400","2.1895","45.8208"
"131.4600","2.1899","45.7901"
"131.4800","2.1903","45.6841"
"131.5000","2.1908","45.6626"
"131.5200","2.1911","45.7057"
"131.5400","2.1914","45.7889"
"131.5600","2.1916","45.8107"
"131.5800","2.1919","45.7095"
"131.6000","2.1921","45.6206"
"131.6200","2.1925","45.6645"
"131.6400","2.1928","45.7353"
"131.6600","2.1932","45.6745"
"131.6800","2.1936","45.6121"
"131.7000","2.1940","45.6872"
"131.7200","2.1943","45.7151"
"131.7400","2.1946","45.6451"
"131.7600","2.1949","45.6088"
"131.7800","2.1953","45.5934"
"131.8000","2.1957","45.6163"
"131.8200","2.1961","45.5828"
"131.8400","2.1965","45.5890"
"131.8600","2.1968","45.5819"
"131.8800","2.1970","45.5325"
"131.9000","2.1973","45.5488"
"131.9200","2.1975","45.5906"
"131.9400","2.1978","45.6573"
"131.9600","2.1982","45.6453"
"131.9800","2.1986","45.5655"
"132.0000","2.1990","45.5601"
"132.0200","2.1993","45.5584"
"132.0400","2.1996","45.5403"
"132.0600","2.1999","45.5609"
"132.0800","2.2002","45.5169"
"132.1000","2.2004","45.5164"
"132.1200","2.2008","45.5127"
"132.1400","2.2011","45.5374"
"132.1600","2.2016","45.5071"
"132.1800","2.2021","45.5256"
"132.2000","2.2025","45.5099"
"132.2200","2.2028","45.5934"
"132.2400","2.2030","45.6267"
"132.2600","2.2033","45.5648"
"132.2800","2.2035","45.5170"
"132.3000","2.2038","45.5196"
"132.3200","2.2041","45.4780"
"132.3400","2.2045","45.4779"
"132.3600","2.2049","45.4544"
"132.3800","2.2053","45.4586"
"132.4000","2.2056","45.4057"
"132.4200","2.2059","45.4111"
"132.4400","2.2062","45.4570"
"132.4600","2.2066","45.4394"
"132.4800","2.2070","45.3589"
"132.5000","2.2074","45.3064"
"132.5200","2.2078","45.3399"
"132.5400","2.2081","45.2570"
"132.5600","2.2084","45.1818"
"132.5800","2.2087","45.2374"
"132.6000","2.2089","45.2300"
"132.6200","2.2092","45.2346"
"132.6400","2.2095","45.2811"
"132.6600","2.2098","45.2738"
"132.6800","2.2102","45.2622"
"132.7000","2.2106","45.2093"
"132.7200","2.2110","45.2126"
"132.7400","2.2113","45.1808"
"132.7600","2.2116","45.0775"
"132.7800","2.2118","44.9963"
"132.8000","2.2122","45.0532"
"132.8200","2.2125","45.1280"
"132.8400","2.2129","45.1689"
"132.8600","2.2134","45.2297"
"132.8800","2.2138","45.1248"
"132.9000","2.2142","45.0156"
"132.9200","2.2144","44.9589"
"132.9400","2.2147","44.9130"
"132.9600","2.2149","44.9183"
"132.9800","2.2152","44.8539"
"133.0000","2.2155","44.9747"
"133.0200","2.2159","44.9984"
"133.0400","2.2163","44.9436"
"133.0600","2.2166","44.8933"
"133.0800","2.2170","44.8648"
"133.1000","2.2173","44.9026"
"133.1200","2.2176","44.9308"
"133.1400","2.2179","44.8984"
"133.1600","2.2183","44.8789"
"133.1800","2.2187","44.9375"
"133.2000","2.2192","44.9466"
"133.2200","2.2195","44.9007"
"133.2400","2.2198","44.8662"
"133.2600","2.2200","44.7906"
"133.2800","2.2203","44.7085"
"133.3000","2.2205","44.7512"
"133.3200","2.2209","44.8372"
"133.3400","2.2212","44.8750"
"133.3600","2.2216","44.9046"
"133.3800","2.2220","44.9179"
"133.4000","2.2224","44.9069"
"133.4200","2.2227","44.8167"
"133.4400","2.2229","44.8003"
"133.4600","2.2232","44.8098"
"133.4800","2.2235","44.7101"
"133.5000","2.2238","44.6896"
"133.5200","2.2242","44.7617"
"133.5400","2.2247","44.7742"
"133.5600","2.2251","44.8518"
"133.5800","2.2255","44.7520"
"133.6000","2.2258","44.7618"
"133.6200","2.2260","44.7815"
"133.6400","2.2263","44.8857"
"133.6600","2.2265","44.7929"
"133.6800","2.2268","44.7304"
"133.7000","2.2272","44.6855"
"133.7200","2.2275","44.5945"
"133.7400","2.2279","44.6987"
"133.7600","2.2283","44.7640"
"133.7800","2.2286","44.8380"
"133.8000","2.2289","44.8373"
"133.8200","2.2293","44.8266"
"133.8400","2.2296","44.7469"
"133.8600","2.2300","44.7447"
"133.8800","2.2304","44.7149"
"133.9000","2.2308","44.7427"
"133.9200","2.2311","44.7301"
"133.9400","2.2314","44.7700"
"133.9600","2.2316","44.7925"
"133.9800","2.2319","44.6903"
"134.0000","2.2322","44.7298"
"134.0200","2.2325","44.6870"
"134.0400","2.2329","44.6068"
"134.0600","2.2333","44.6350"
"134.0800","2.2337","44.7056"
"134.1000","2.2340","44.7092"
"134.1200","2.2343","44.6682"
"134.1400","2.2345","44.7406"
"134.1600","2.2348","44.7333"
"134.1800","2.2351","44.7483"
"134.2000","2.2355","44.6531"
"134.2200","2.2360","44.6152"
"134.2400","2.2364","44.6599"
"134.2600","2.2368","44.6754"
"134.2800","2.2372","44.6235"
"134.3000","2.2374","44.6820"
"134.3200","2.2376","44.6495"
"134.3400","2.2379","44.6169"
"134.3600","2.2382","44.6062"
"134.3800","2.2385","44.6974"
"134.4000","2.2389","44.7191"
"134.4200","2.2392","44.6585"
"134.4400","2.2396","44.6744"
"134.4600","2.2399","44.6926"
"134.4800","2.2402","44.6184"
"134.5000","2.2405","44.6784"
"134.5200","2.2409","44.6913"
"134.5400","2.2413","44.6787"
"134.5600","2.2417","44.8199"
"134.5800","2.2421","44.8935"
"134.6000","2.2425","44.7962"
"134.6200","2.2428","44.7364"
"134.6400","2.2430","44.6682"
"134.6600","2.2433","44.6975"
"134.6800","2.2435","44.7875"
"134.7000","2.2438","44.8628"
"134.7200","2.2442","44.7520"
"134.7400","2.2446","44.7441"
"134.7600","2.2450","44.7126"
"134.7800","2.2453","44.7036"
"134.8000","2.2456","44.6509"
"134.8200","2.2459","44.6431"
"134.8400","2.2462","44.7017"
"134.8600","2.2464","44.7156"
"134.8800","2.2468","44.7154"
"134.9000","2.2472","44.6996"
"134.9200","2.2477","44.7103"
"134.9400","2.2481","44.7488"
"134.9600","2.2485","44.7500"
"134.9800","2.2488","44.7243"
"135.0000","2.2491","44.6808"
"135.0200","2.2493","44.7987"
"135.0400","2.2495","44.8292"
"135.0600","2.2498","44.7317"
"135.0800","2.2502","44.7067"
"135.1000","2.2505","44.7073"
"135.1200","2.2509","44.6766"
"135.1400","2.2513","44.8258"
"135.1600","2.2516","44.8123"
"135.1800","2.2519","44.7558"
"135.2000","2.2522","44.8232"
"135.2200","2.2526","44.7816"
"135.2400","2.2530","44.7976"
"135.2600","2.2534","44.8281"
"135.2800","2.2538","44.8078"
"135.3000","2.2541","44.8043"
"135.3200","2.2544","44.7781"
"135.3400","2.2546","44.7933"
"135.3600","2.2549","44.7927"
"135.3800","2.2552","44.7226"
"135.4000","2.2555","44.7513"
"135.4200","2.2559","44.7841"
"135.4400","2.2563","44.7172"
"135.4600","2.2566","44.6829"
"135.4800","2.2570","44.7457"
"135.5000","2.2573","44.8283"
"135.5200","2.2575","44.8681"
"135.5400","2.2578","44.8220"
"135.5600","2.2581","44.8009"
"135.5800","2.2585","44.8090"
"135.6000","2.2589","44.8745"
"135.6200","2.2594","44.9084"
"135.6400","2.2599","44.8629"
"135.6600","2.2602","44.8246"
"135.6800","2.2604","44.8427"
"135.7000","2.2606","44.8206"
"135.7200","2.2609","44.9041"
"135.7400","2.2611","44.9054"
"135.7600","2.2615","44.8701"
"135.7800","2.2618","44.8771"
"135.8000","2.2622","44.9052"
"135.8200","2.2626","44.9501"
"135.8400","2.2629","44.8594"
"135.8600","2.2632","44.7310"
"135.8800","2.2635","44.6673"
"135.9000","2.2639","44.7891"
"135.9200","2.2643","44.8070"
"135.9400","2.2647","44.7722"
"135.9600","2.2651","44.7658"
"135.9800","2.2655","44.7506"
"136.0000","2.2658","44.8087"
"136.0200","2.2660","44.9289"
"136.0400","2.2662","44.8973"
"136.0600","2.2665","44.8991"
"136.0800","2.2668","44.8424"
"136.1000","2.2672","44.8440"
"136.1200","2.2676","44.7680"
"136.1400","2.2680","44.7542"
"136.1600","2.2683","44.8725"
"136.1800","2.2687","44.8748"
"136.2000","2.2689","44.8132"
"136.2200","2.2692","44.8208"
"136.2400","2.2695","44.8930"
"136.2600","2.2698","44.8598"
"136.2800","2.2702","44.8293"
"136.3000","2.2707","44.8271"
"136.3200","2.2712","44.9265"
"136.3400","2.2715","44.9710"
"136.3600","2.2718","44.9146"
"136.3800","2.2721","44.8557"
"136.4000","2.2723","44.8768"
"136.4200","2.2725","44.8748"
"136.4400","2.2728","44.8676"
"136.4600","2.2732","44.9412"
"136.4800","2.2736","44.9027"
"136.5000","2.2739","44.9180"
"136.5200","2.2743","44.9183"
"136.5400","2.2746","44.8913"
"136.5600","2.2749","44.9131"
"136.5800","2.2753","44.9450"
"136.6000","2.2756","44.9363"
"136.6200","2.2760","44.9303"
"136.6400","2.2764","44.8563"
"136.6600","2.2768","44.9263"
"136.6800","2.2771","44.8839"
"136.7000","2.2774","45.0166"
"136.7200","2.2776","45.0175"
"136.7400","2.2779","45.0777"
"136.7600","2.2782","45.0546"
"136.7800","2.2785","45.0040"
"136.8000","2.2789","45.0053"
"136.8200","2.2793","44.9960"
"136.8400","2.2796","44.9966"
"136.8600","2.2800","45.0648"
"136.8800","2.2803","45.0534"
"136.9000","2.2805","45.0078"
"136.9200","2.2808","45.0282"
"136.9400","2.2811","45.0462"
"136.9600","2.2815","44.9238"
"136.9800","2.2820","44.9418"
"137.0000","2.2824","45.0733"
"137.0200","2.2829","45.0909"
"137.0400","2.2832","45.0746"
"137.0600","2.2835","45.0552"
"137.0800","2.2837","45.0397"
"137.1000","2.2839","45.0317"
"137.1200","2.2842","45.0511"
"137.1400","2.2845","45.0296"
"137.1600","2.2849","45.1196"
"137.1800","2.2852","45.1233"
"137.2000","2.2856","45.0418"
"137.2200","2.2859","45.0096"
"137.2400","2.2862","44.9338"
"137.2600","2.2866","45.0293"
"137.2800","2.2869","45.1285"
"137.3000","2.2873","45.1659"
"137.3200","2.2877","45.2228"
"137.3400","2.2881","45.1753"
"137.3600","2.2885","45.1110"
"137.3800","2.2888","45.0883"
"137.4000","2.2890","45.0733"
"137.4200","2.2892","45.0321"
"137.4400","2.2895","45.0643"
"137.4600","2.2898","45.0956"
"137.4800","2.2902","45.1517"
"137.5000","2.2906","45.1056"
"137.5200","2.2910","45.0883"
"137.5400","2.2913","45.1270"
"137.5600","2.2916","45.0764"
"137.5800","2.2919","45.0639"
"137.6000","2.2922","45.0532"
"137.6200","2.2925","45.0862"
"137.6400","2.2928","45.0594"
"137.6600","2.2932","45.1159"
"137.6800","2.2937","45.0874"
"137.7000","2.2941","45.0539"
"137.7200","2.2945","45.0190"
"137.7400","2.2948","45.0793"
"137.7600","2.2950","45.0839"
"137.7800","2.2952","45.1405"
"137.8000","2.2955","45.1195"
"137.8200","2.2958","45.1768"
"137.8400","2.2962","45.1797"
"137.8600","2.2966","45.1660"
"137.8800","2.2969","45.1679"
"137.9000","2.2973","45.1163"
"137.9200","2.2976","45.0992"
"137.9400","2.2979","45.0694"
"137.9600","2.2982","45.0232"
"137.9800","2.2986","45.0324"
"138.0000","2.2990","45.1138"
"138.0200","2.2994","45.1283"
"138.0400","2.2998","45.2197"
"138.0600","2.3001","45.2299"
"138.0800","2.3003","45.2143"
"138.1000","2.3006","45.1415"
"138.1200","2.3009","45.1404"
"138.1400","2.3011","45.1685"
"138.1600","2.3015","45.1793"
"138.1800","2.3018","45.1343"
"138.2000","2.3022","45.0984"
"138.2200","2.3026","45.1570"
"138.2400","2.3030","45.1376"
"138.2600","2.3033","45.0629"
"138.2800","2.3036","45.0741"
"138.3000","2.3038","45.1264"
"138.3200","2.3042","45.0610"
"138.3400","2.3045","44.9716"
"138.3600","2.3050","44.9494"
"138.3800","2.3054","45.1355"
"138.4000","2.3059","45.1618"
"138.4200","2.3062","45.0911"
"138.4400","2.3064","44.9675"
"138.4600","2.3066","45.0580"
"138.4800","2.3069","45.1091"
"138.5000","2.3072","45.0890"
"138.5200","2.3075","45.0791"
"138.5400","2.3079","45.0711"
"138.5600","2.3083","45.0720"
"138.5800","2.3086","45.1138"
"138.6000","2.3090","45.0899"
"138.6200","2.3093","45.0827"
"138.6400","2.3096","45.0738"
"138.6600","2.3100","45.0293"
"138.6800","2.3103","45.0329"
"138.7000","2.3107","45.1229"
"138.7200","2.3111","45.1526"
"138.7400","2.3115","45.0820"
"138.7600","2.3117","45.1143"
"138.7800","2.3120","45.0540"
"138.8000","2.3122","45.0435"
"138.8200","2.3125","45.0793"
"138.8400","2.3128","45.0507"
"138.8600","2.3132","45.0160"
"138.8800","2.3136","45.0728"
"138.9000","2.3139","45.0527"
"138.9200","2.3143","45.0554"
"138.9400","2.3146","45.0784"
"138.9600","2.3149","45.0128"
"138.9800","2.3152","45.0469"
"139.0000","2.3155","45.0692"
"139.0200","2.3158","45.0774"
"139.0400","2.3162","45.0623"
"139.0600","2.3167","45.1116"
"139.0800","2.3171","45.1761"
"139.1000","2.3175","45.1652"
"139.1200","2.3178","45.1258"
"139.1400","2.3180","45.0642"
"139.1600","2.3182","45.0574"
"139.1800","2.3185","44.9940"
"139.2000","2.3188","44.9926"
"139.2200","2.3192","44.9743"
"139.2400","2.3196","44.9868"
"139.2600","2.3200","45.0648"
"139.2800","2.3203","45.0247"
"139.3000","2.3206","44.9359"
"139.3200","2.3209","44.8883"
"139.3400","2.3213","44.9751"
"139.3600","2.3216","45.0284"
"139.3800","2.3220","45.0075"
"139.4000","2.3224","44.9149"
"139.4200","2.3228","44.9556"
"139.4400","2.3231","45.0330"
"139.4600","2.3233","45.0904"
"139.4800","2.3236","45.0934"
"139.5000","2.3238","45.0183"
"139.5200","2.3241","44.9652"
"139.5400","2.3245","44.9761"
"139.5600","2.3248","44.8939"
"139.5800","2.3252","44.9832"
"139.6000","2.3256","44.9914"
"139.6200","2.3259","45.0695"
"139.6400","2.3262","45.0381"
"139.6600","2.3265","44.9529"
"139.6800","2.3268","44.9506"
"139.7000","2.3271","44.9416"
"139.7200","2.3276","44.9193"
"139.7400","2.3280","45.0307"
"139.7600","2.3285","45.0555"
"139.7800","2.3289","45.0383"
"139.8000","2.3292","45.0429"
"139.8200","2.3294","44.9722"
"139.8400","2.3296","44.9097"
"139.8600","2.3299","44.8987"
"139.8800","2.3302","44.9546"
"139.9000","2.3305","45.0290"
"139.9200","2.3309","45.0606"
"139.9400","2.3313","45.0011"
"139.9600","2.3317","44.8975"
"139.9800","2.3320","44.9352"
"140.0000","2.3323","44.9484"
"140.0200","2.3326","44.9225"
"140.0400","2.3330","44.9514"
"140.0600","2.3333","44.9816"
"140.0800","2.3337","44.9183"
"140.1000","2.3341","44.9595"
"140.1200","2.3344","44.9364"
"140.1400","2.3347","44.8828"
"140.1600","2.3350","44.9316"
"140.1800","2.3352","44.9909"
"140.2000","2.3355","44.9875"
"140.2200","2.3358","45.0127"
"140.2400","2.3362","44.9749"
"140.2600","2.3366","44.9222"
"140.2800","2.3369","44.8429"
"140.3000","2.3373","44.9237"
"140.3200","2.3376","44.9852"
"140.3400","2.3379","45.0350"
"140.3600","2.3381","44.9662"
"140.3800","2.3384","44.9513"
"140.4000","2.3388","44.8699"
"140.4200","2.3393","44.9030"
"140.4400","2.3398","44.9603"
"140.4600","2.3402","44.9560"
"140.4800","2.3405","44.9399"
"140.5000","2.3408","44.9290"
"140.5200","2.3410","44.9500"
"140.5400","2.3412","44.9901"
"140.5600","2.3415","45.0164"
"140.5800","2.3418","45.0476"
"140.6000","2.3422","45.0219"
"140.6200","2.3426","44.9220"
"140.6400","2.3430","44.8876"
"140.6600","2.3433","44.9169"
"140.6800","2.3437","44.9318"
"140.7000","2.3440","44.8854"
"140.7200","2.3443","44.9158"
"140.7400","2.3447","44.9150"
"140.7600","2.3450","45.0054"
"140.7800","2.3454","44.9453"
"140.8000","2.3458","44.9198"
"140.8200","2.3461","44.9942"
"140.8400","2.3463","45.0167"
"140.8600","2.3466","44.9001"
"140.8800","2.3468","44.9229"
"140.9000","2.3471","45.0063"
"140.9200","2.3475","45.0246"
"140.9400","2.3479","44.9550"
"140.9600","2.3483","44.9553"
"140.9800","2.3486","44.9901"
"141.0000","2.3490","44.9105"
"141.0200","2.3492","44.8984"
"141.0400","2.3495","44.9172"
"141.0600","2.3498","44.9729"
"141.0800","2.3501","44.9695"
"141.1000","2.3506","44.9521"
"141.1200","2.3511","44.9822"
"141.1400","2.3515","45.0156"
"141.1600","2.3519","45.0237"
"141.1800","2.3522","44.9612"
"141.2000","2.3524","44.9462"
"141.2200","2.3526","44.8904"
"141.2400","2.3529","44.8804"
"141.2600","2.3532","44.8844"
"141.2800","2.3535","44.9207"
"141.3000","2.3539","44.9464"
"141.3200","2.3543","44.9795"
"141.3400","2.3547","44.9693"
"141.3600","2.3550","44.9511"
"141.3800","2.3553","44.9489"
"141.4000","2.3556","44.9392"
"141.4200","2.3560","44.9530"
"141.4400","2.3563","44.9723"
"141.4600","2.3567","44.9915"
"141.4800","2.3571","44.9921"
"141.5000","2.3574","44.9216"
"141.5200","2.3577","44.8376"
"141.5400","2.3580","44.9290"
"141.5600","2.3582","44.9832"
"141.5800","2.3585","44.9726"
"141.6000","2.3588","44.9346"
"141.6200","2.3592","44.9385"
"141.6400","2.3596","44.8984"
"141.6600","2.3599","44.8554"
"141.6800","2.3603","44.9238"
"141.7000","2.3606","44.9406"
"141.7200","2.3608","44.9524"
"141.7400","2.3611","44.8704"
"141.7600","2.3614","44.8831"
"141.7800","2.3618","44.9156"
"141.8000","2.3623","44.8821"
"141.8200","2.3628","44.8881"
"141.8400","2.3632","44.8721"
"141.8600","2.3636","44.9967"
"141.8800","2.3638","44.9780"
"141.9000","2.3640","44.9681"
"141.9200","2.3642","44.9681"
"141.9400","2.3645","44.9199"
"141.9600","2.3648","44.9300"
"141.9800","2.3652","44.9309"
"142.0000","2.3656","44.9261"
"142.0200","2.3660","44.9267"
"142.0400","2.3663","44.9116"
"142.0600","2.3666","44.9240"
"142.0800","2.3670","44.9710"
"142.1000","2.3673","44.9266"
"142.1200","2.3677","44.9548"
"142.1400","2.3680","45.0278"
"142.1600","2.3684","44.9120"
"142.1800","2.3688","44.9084"
"142.2000","2.3691","44.9362"
"142.2200","2.3693","44.9325"
"142.2400","2.3696","44.9194"
"142.2600","2.3698","44.8864"
"142.2800","2.3702","44.8846"
"142.3000","2.3705","44.9348"
"142.3200","2.3709","44.9449"
"142.3400","2.3713","44.9504"
"142.3600","2.3716","44.9394"
"142.3800","2.3719","44.9006"
"142.4000","2.3722","44.9383"
"142.4200","2.3725","45.0295"
"142.4400","2.3728","45.0152"
"142.4600","2.3731","44.9854"
"142.4800","2.3735","45.0125"
"142.5000","2.3740","45.0338"
"142.5200","2.3745","44.9869"
"142.5400","2.3748","44.8840"
"142.5600","2.3751","44.9177"
"142.5800","2.3753","44.9345"
"142.6000","2.3756","44.8993"
"142.6200","2.3758","44.8881"
"142.6400","2.3762","44.8530"
"142.6600","2.3765","44.9419"
"142.6800","2.3769","44.9583"
"142.7000","2.3773","44.9737"
"142.7200","2.3776","45.0304"
"142.7400","2.3779","45.0304"
"142.7600","2.3782","44.9674"
"142.7800","2.3786","44.9924"
"142.8000","2.3789","45.0258"
"142.8200","2.3793","45.0110"
"142.8400","2.3797","44.9319"
"142.8600","2.3801","44.9181"
"142.8800","2.3804","44.9540"
"142.9000","2.3807","45.0010"
"142.9200","2.3809","44.9314"
"142.9400","2.3812","44.8607"
"142.9600","2.3815","44.9066"
"142.9800","2.3818","44.9133"
"143.0000","2.3822","44.9143"
"143.0200","2.3826","44.9120"
"143.0400","2.3829","44.9310"
"143.0600","2.3833","44.9509"
"143.0800","2.3836","44.9496"
"143.1000","2.3838","44.8626"
"143.1200","2.3841","44.8061"
"143.1400","2.3844","44.7753"
"143.1600","2.3848","44.7329"
"143.1800","2.3853","44.8395"
"143.2000","2.3858","44.8943"
"143.2200","2.3862","44.9357"
"143.2400","2.3865","44.9441"
"143.2600","2.3867","44.9115"
"143.2800","2.3870","44.9043"
"143.3000","2.3872","44.9350"
"143.3200","2.3875","44.8849"
"143.3400","2.3879","44.8391"
"143.3600","2.3882","44.8192"
"143.3800","2.3886","44.8746"
"143.4000","2.3890","44.8445"
"143.4200","2.3893","44.8681"
"143.4400","2.3896","44.7914"
"143.4600","2.3899","44.7936"
"143.4800","2.3903","44.8385"
"143.5000","2.3907","44.8410"
"143.5200","2.3911","44.8475"
"143.5400","2.3914","44.8243"
"143.5600","2.3918","44.8030"
"143.5800","2.3921","44.8363"
"143.6000","2.3923","44.8602"
"143.6200","2.3926","44.7546"
"143.6400","2.3928","44.7242"
"143.6600","2.3932","44.7535"
"143.6800","2.3935","44.8166"
"143.7000","2.3939","44.7293"
"143.7200","2.3943","44.7257"
"143.7400","2.3946","44.8014"
"143.7600","2.3949","44.7918"
"143.7800","2.3952","44.8055"
"143.8000","2.3955","44.8947"
"143.8200","2.3958","44.8702"
"143.8400","2.3961","44.7899"
"143.8600","2.3966","44.7918"
"143.8800","2.3970","44.7574"
"143.9000","2.3975","44.7813"
"143.9200","2.3978","44.7141"
"143.9400","2.3981","44.7318"
"143.9600","2.3983","44.7369"
"143.9800","2.3986","44.7721"
"144.0000","2.3989","44.7473"
"144.0200","2.3992","44.7122"
"144.0400","2.3996","44.7859"
"144.0600","2.4000","44.7131"
"144.0800","2.4003","44.6935"
"144.1000","2.4006","44.6580"
"144.1200","2.4009","44.6967"
"144.1400","2.4012","44.7576"
"144.1600","2.4016","44.7743"
"144.1800","2.4020","44.7112"
"144.2000","2.4024","44.6697"
"144.2200","2.4028","44.6542"
"144.2400","2.4032","44.6434"
"144.2600","2.4035","44.7406"
"144.2800","2.4037","44.6734"
"144.3000","2.4040","44.6789"
"144.3200","2.4042","44.7760"
"144.3400","2.4045","44.7260"
"144.3600","2.4049","44.6243"
"144.3800","2.4052","44.6961"
"144.4000","2.4056","44.7350"
"144.4200","2.4060","44.6835"
"144.4400","2.4063","44.6503"
"144.4600","2.4065","44.5358"
"144.4800","2.4068","44.4904"
"144.5000","2.4071","44.5888"
"144.5200","2.4074","44.6864"
"144.5400","2.4078","44.7198"
"144.5600","2.4083","44.6359"
"144.5800","2.4088","44.6406"
"144.6000","2.4092","44.5952"
"144.6200","2.4095","44.5879"
"144.6400","2.4097","44.5694"
"144.6600","2.4099","44.5795"
"144.6800","2.4102","44.6471"
"144.7000","2.4105","44.6222"
"144.7200","2.4109","44.6260"
"144.7400","2.4113","44.6454"
"144.7600","2.4117","44.5433"
"144.7800","2.4120","44.5514"
"144.8000","2.4123","44.5694"
"144.8200","2.4126","44.5693"
"144.8400","2.4129","44.5478"
"144.8600","2.4133","44.6519"
"144.8800","2.4137","44.5785"
"144.9000","2.4141","44.5565"
"144.9200","2.4145","44.5022"
"144.9400","2.4148","44.5615"
"144.9600","2.4151","44.5636"
"144.9800","2.4153","44.4780"
"145.0000","2.4156","44.4175"
"145.0200","2.4159","44.4990"
"145.0400","2.4162","44.5922"
"145.0600","2.4166","44.5870"
"145.0800","2.4170","44.4812"
"145.1000","2.4173","44.3604"
"145.1200","2.4177","44.3846"
"145.1400","2.4179","44.3344"
"145.1600","2.4182","44.3814"
"145.1800","2.4184","44.4628"
"145.2000","2.4187","44.4078"
"145.2200","2.4191","44.3587"
"145.2400","2.4196","44.3716"
"145.2600","2.4200","44.5276"
"145.2800","2.4205","44.5614"
"145.3000","2.4208","44.4681"
"145.3200","2.4210","44.4192"
"145.3400","2.4213","44.4716"
"145.3600","2.4215","44.4012"
"145.3800","2.4218","44.4359"
"145.4000","2.4222","44.4808"
"145.4200","2.4225","44.4229"
"145.4400","2.4229","44.4394"
"145.4600","2.4233","44.4445"
"145.4800","2.4236","44.4148"
"145.5000","2.4239","44.3687"
"145.5200","2.4243","44.5118"
"145.5400","2.4246","44.4888"
"145.5600","2.4250","44.4302"
"145.5800","2.4254","44.3609"
"145.6000","2.4258","44.4670"
"145.6200","2.4261","44.4931"
"145.6400","2.4264","44.4863"
"145.6600","2.4267","44.3981"
"145.6800","2.4269","44.3931"
"145.7000","2.4272","44.4188"
"145.7200","2.4275","44.4476"
"145.7400","2.4279","44.4924"
"145.7600","2.4283","44.5373"
"145.7800","2.4286","44.5043"
"145.8000","2.4290","44.4037"
"145.8200","2.4293","44.3949"
"145.8400","2.4295","44.3852"
"145.8600","2.4298","44.3584"
"145.8800","2.4301","44.3062"
"145.9000","2.4304","44.4776"
"145.9200","2.4308","44.4861"
"145.9400","2.4313","44.4597"
"145.9600","2.4318","44.5149"
"145.9800","2.4321","44.4572"
"146.0000","2.4324","44.4144"
"146.0200","2.4326","44.3452"
"146.0400","2.4329","44.4800"
"146.0600","2.4332","44.5090"
"146.0800","2.4335","44.4940"
"146.1000","2.4338","44.4107"
"146.1200","2.4342","44.3653"
"146.1400","2.4346","44.4597"
"146.1600","2.4350","44.4706"
"146.1800","2.4353","44.4658"
"146.2000","2.4356","44.4048"
"146.2200","2.4359","44.3949"
"146.2400","2.4362","44.4699"
"146.2600","2.4366","44.4914"
"146.2800","2.4371","44.3834"
"146.3000","2.4375","44.3804"
"146.3200","2.4378","44.3726"
"146.3400","2.4381","44.4277"
"146.3600","2.4383","44.4621"
"146.3800","2.4386","44.4712"
"146.4000","2.4389","44.3700"
"146.4200","2.4392","44.3627"
"146.4400","2.4396","44.4694"
"146.4600","2.4399","44.5091"
"146.4800","2.4403","44.5317"
"146.5000","2.4406","44.4829"
"146.5200","2.4409","44.3915"
"146.5400","2.4412","44.4661"
"146.5600","2.4414","44.5654"
"146.5800","2.4418","44.5191"
"146.6000","2.4421","44.4469"
"146.6200","2.4426","44.4196"
"146.6400","2.4431","44.4461"
"146.6600","2.4435","44.4776"
"146.6800","2.4438","44.5143"
"146.7000","2.4441","44.5675"
"146.7200","2.4443","44.5426"
"146.7400","2.4445","44.4984"
"146.7600","2.4448","44.4836"
"146.7800","2.4452","44.4452"
"146.8000","2.4455","44.4564"
"146.8200","2.4459","44.4593"
"146.8400","2.4463","44.4831"
"146.8600","2.4467","44.5390"
"146.8800","2.4470","44.5439"
"146.9000","2.4473","44.5661"
"146.9200","2.4476","44.5375"
"146.9400","2.4480","44.4979"
"146.9600","2.4484","44.5247"
"146.9800","2.4488","44.4951"
"147.0000","2.4491","44.4115"
"147.0200","2.4494","44.4415"
"147.0400","2.4497","44.5311"
"147.0600","2.4499","44.5671"
"147.0800","2.4502","44.5430"
"147.1000","2.4505","44.5798"
"147.1200","2.4508","44.5209"
"147.1400","2.4512","44.4549"
"147.1600","2.4516","44.4879"
"147.1800","2.4520","44.4994"
"147.2000","2.4523","44.5576"
"147.2200","2.4526","44.5765"
"147.2400","2.4529","44.5714"
"147.2600","2.4532","44.5551"
"147.2800","2.4535","44.6284"
"147.3000","2.4539","44.6164"
"147.3200","2.4544","44.6340"
"147.3400","2.4548","44.5461"
"147.3600","2.4552","44.5022"
"147.3800","2.4555","44.4693"
"147.4000","2.4557","44.4994"
"147.4200","2.4559","44.5914"
"147.4400","2.4562","44.6650"
"147.4600","2.4565","44.6268"
"147.4800","2.4569","44.5578"
"147.5000","2.4573","44.5285"
"147.5200","2.4576","44.5544"
"147.5400","2.4580","44.5491"
"147.5600","2.4583","44.5087"
"147.5800","2.4586","44.5545"
"147.6000","2.4589","44.5740"
"147.6200","2.4593","44.6511"
"147.6400","2.4597","44.6098"
"147.6600","2.4601","44.5771"
"147.6800","2.4605","44.5080"
"147.7000","2.4608","44.5072"
"147.7200","2.4610","44.5501"
"147.7400","2.4613","44.6562"
"147.7600","2.4615","44.5981"
"147.7800","2.4618","44.5000"
"147.8000","2.4622","44.4894"
"147.8200","2.4625","44.6049"
"147.8400","2.4629","44.6544"
"147.8600","2.4633","44.6116"
"147.8800","2.4636","44.5963"
"147.9000","2.4639","44.6006"
"147.9200","2.4642","44.5945"
"147.9400","2.4645","44.5991"
"147.9600","2.4648","44.5692"
"147.9800","2.4652","44.5500"
"148.0000","2.4656","44.5801"
"148.0200","2.4661","44.5479"
"148.0400","2.4665","44.5712"
"148.0600","2.4668","44.6263"
"148.0800","2.4670","44.6592"
"148.1000","2.4673","44.7650"
"148.1200","2.4675","44.7495"
"148.1400","2.4678","44.6854"
"148.1600","2.4682","44.6649"
"148.1800","2.4685","44.6347"
"148.2000","2.4689","44.6034"
"148.2200","2.4693","44.6492"
"148.2400","2.4696","44.6193"
"148.2600","2.4699","44.6253"
"148.2800","2.4702","44.6836"
"148.3000","2.4706","44.7369"
"148.3200","2.4710","44.6718"
"148.3400","2.4714","44.7251"
"148.3600","2.4718","44.7606"
"148.3800","2.4721","44.7361"
"148.4000","2.4724","44.7217"
"148.4200","2.4726","44.7497"
"148.4400","2.4729","44.6951"
"148.4600","2.4732","44.6277"
"148.4800","2.4735","44.7023"
"148.5000","2.4738","44.7711"
"148.5200","2.4742","44.7895"
"148.5400","2.4746","44.7841"
"148.5600","2.4750","44.7506"
"148.5800","2.4753","44.7440"
"148.6000","2.4756","44.6674"
"148.6200","2.4758","44.6217"
"148.6400","2.4761","44.6716"
"148.6600","2.4765","44.6980"
"148.6800","2.4769","44.7332"
"148.7000","2.4774","44.7178"
"148.7200","2.4778","44.6890"
"148.7400","2.4782","44.6768"
"148.7600","2.4785","44.7766"
"148.7800","2.4787","44.7697"
"148.8000","2.4789","44.7715"
"148.8200","2.4792","44.7119"
"148.8400","2.4795","44.7347"
"148.8600","2.4799","44.7289"
"148.8800","2.4802","44.7299"
"148.9000","2.4806","44.6456"
"148.9200","2.4809","44.7094"
"148.9400","2.4812","44.7343"
"148.9600","2.4815","44.7311"
"148.9800","2.4819","44.7388"
"149.0000","2.4823","44.6970"
"149.0200","2.4827","44.6850"
"149.0400","2.4831","44.7016"
"149.0600","2.4835","44.6900"
"149.0800","2.4838","44.7707"
"149.1000","2.4841","44.7228"
"149.1200","2.4843","44.6455"
"149.1400","2.4846","44.7130"
"149.1600","2.4848","44.7530"
"149.1800","2.4852","44.6598"
"149.2000","2.4856","44.6947"
"149.2200","2.4860","44.7100"
"149.2400","2.4863","44.7669"
"149.2600","2.4866","44.7436"
"149.2800","2.4869","44.7573"
"149.3000","2.4872","44.7578"
"149.3200","2.4875","44.7493"
"149.3400","2.4878","44.7431"
"149.3600","2.4882","44.6386"
"149.3800","2.4886","44.6707"
"149.4000","2.4891","44.6911"
"149.4200","2.4895","44.6940"
"149.4400","2.4899","44.8048"
"149.4600","2.4901","44.7654"
"149.4800","2.4903","44.7301"
"149.5000","2.4905","44.6999"
"149.5200","2.4908","44.7845"
"149.5400","2.4911","44.8272"
"149.5600","2.4915","44.7484"
"149.5800","2.4919","44.6848"
"149.6000","2.4923","44.7332"
"149.6200","2.4926","44.6732"
"149.6400","2.4929","44.6428"
"149.6600","2.4932","44.7148"
"149.6800","2.4936","44.7280"
"149.7000","2.4940","44.7045"
"149.7200","2.4944","44.7329"
"149.7400","2.4948","44.7210"
"149.7600","2.4951","44.7131"
"149.7800","2.4954","44.7312"
"149.8000","2.4956","44.7014"
"149.8200","2.4959","44.7317"
"149.8400","2.4962","44.7440"
"149.8600","2.4965","44.7948"
"149.8800","2.4968","44.7761"
"149.9000","2.4972","44.6952"
"149.9200","2.4976","44.6292"
"149.9400","2.4980","44.6636"
"149.9600","2.4983","44.6276"
"149.9800","2.4986","44.6026"
"150.0000","2.4988","44.7068"
"150.0200","2.4991","44.7995"
"150.0400","2.4995","44.8067"
"150.0600","2.4999","44.7639"
"150.0800","2.5004","44.7838"
"150.1000","2.5009","44.7859"
"150.1200","2.5012","44.6783"
"150.1400","2.5015","44.7273"
"150.1600","2.5017","44.6952"
"150.1800","2.5019","44.6846"
"150.2000","2.5022","44.6539"
"150.2200","2.5025","44.6402"
"150.2400","2.5028","44.6174"
"150.2600","2.5032","44.6281"
"150.2800","2.5036","44.6539"
"150.3000","2.5039","44.5924"
"150.3200","2.5042","44.6126"
"150.3400","2.5046","44.6783"
"150.3600","2.5049","44.7639"
"150.3800","2.5053","44.7170"
"150.4000","2.5057","44.6387"
"150.4200","2.5061","44.6103"
"150.4400","2.5065","44.5731"
"150.4600","2.5068","44.6251"
"150.4800","2.5070","44.6305"
"150.5000","2.5073","44.5646"
"150.5200","2.5075","44.5709"
"150.5400","2.5078","44.5667"
"150.5600","2.5082","44.5206"
"150.5800","2.5085","44.5233"
"150.6000","2.5089","44.5529"
"150.6200","2.5093","44.6196"
"150.6400","2.5096","44.5970"
"150.6600","2.5099","44.6445"
"150.6800","2.5102","44.6638"
"150.7000","2.5104","44.5825"
"150.7200","2.5108","44.5205"
"150.7400","2.5112","44.5514"
"150.7600","2.5116","44.6276"
"150.7800","2.5121","44.6287"
"150.8000","2.5125","44.5744"
"150.8200","2.5128","44.6197"
"150.8400","2.5131","44.6487"
"150.8600","2.5133","44.6459"
"150.8800","2.5135","44.6240"
"150.9000","2.5138","44.5393"
"150.9200","2.5142","44.5655"
"150.9400","2.5145","44.5461"
"150.9600","2.5149","44.5595"
"150.9800","2.5153","44.5370"
"151.0000","2.5156","44.5442"
"151.0200","2.5160","44.6299"
"151.0400","2.5163","44.6968"
"151.0600","2.5166","44.6346"
"151.0800","2.5170","44.5386"
"151.1000","2.5174","44.5155"
"151.1200","2.5178","44.5462"
"151.1400","2.5181","44.5742"
"151.1600","2.5184","44.5981"
"151.1800","2.5186","44.6164"
"151.2000","2.5189","44.6624"
"151.2200","2.5192","44.5848"
"151.2400","2.5195","44.6210"
"151.2600","2.5199","44.5785"
"151.2800","2.5203","44.5300"
"151.3000","2.5206","44.6025"
"151.3200","2.5210","44.7374"
"151.3400","2.5213","44.7278"
"151.3600","2.5215","44.6966"
"151.3800","2.5218","44.6739"
"151.4000","2.5221","44.6575"
"151.4200","2.5225","44.7019"
"151.4400","2.5229","44.6472"
"151.4600","2.5234","44.6180"
"151.4800","2.5239","44.5827"
"151.5000","2.5242","44.6232"
"151.5200","2.5245","44.7114"
"151.5400","2.5247","44.6910"
"151.5600","2.5249","44.6044"
"151.5800","2.5252","44.5546"
"151.6000","2.5255","44.5747"
"151.6200","2.5259","44.5980"
"151.6400","2.5262","44.5830"
"151.6600","2.5266","44.5909"
"151.6800","2.5269","44.4957"
"151.7000","2.5272","44.4393"
"151.7200","2.5275","44.4829"
"151.7400","2.5279","44.5661"
"151.7600","2.5283","44.5775"
"151.7800","2.5287","44.6552"
"151.8000","2.5291","44.5628"
"151.8200","2.5295","44.5876"
"151.8400","2.5298","44.5518"
"151.8600","2.5300","44.6020"
"151.8800","2.5303","44.7183"
"151.9000","2.5305","44.6873"
"151.9200","2.5308","44.5321"
"151.9400","2.5312","44.5444"
"151.9600","2.5316","44.6017"
"151.9800","2.5320","44.5948"
"152.0000","2.5323","44.5311"
"152.0200","2.5327","44.5533"
"152.0400","2.5329","44.5577"
"152.0600","2.5332","44.5858"
"152.0800","2.5335","44.5823"
"152.1000","2.5338","44.5433"
"152.1200","2.5342","44.5867"
"152.1400","2.5347","44.5929"
"152.1600","2.5352","44.5515"
"152.1800","2.5355","44.5556"
"152.2000","2.5358","44.6106"
"152.2200","2.5361","44.6836"
"152.2400","2.5363","44.5971"
"152.2600","2.5365","44.6215"
"152.2800","2.5369","44.6281"
"152.3000","2.5372","44.6051"
"152.3200","2.5376","44.5425"
"152.3400","2.5380","44.5575"
"152.3600","2.5383","44.5382"
"152.3800","2.5386","44.5480"
"152.4000","2.5389","44.5681"
"152.4200","2.5392","44.5631"
"152.4400","2.5396","44.5686"
"152.4600","2.5400","44.5762"
"152.4800","2.5404","44.5536"
"152.5000","2.5408","44.5516"
"152.5200","2.5411","44.6539"
"152.5400","2.5414","44.6711"
"152.5600","2.5416","44.6689"
"152.5800","2.5419","44.6724"
"152.6000","2.5422","44.5979"
"152.6200","2.5425","44.5108"
"152.6400","2.5428","44.5587"
"152.6600","2.5432","44.6456"
"152.6800","2.5436","44.7121"
"152.7000","2.5440","44.7035"
"152.7200","2.5443","44.6182"
"152.7400","2.5446","44.6589"
"152.7600","2.5448","44.7422"
"152.7800","2.5451","44.7396"
"152.8000","2.5455","44.6384"
"152.8200","2.5459","44.5595"
"152.8400","2.5464","44.6313"
"152.8600","2.5468","44.6961"
"152.8800","2.5471","44.7054"
"152.9000","2.5474","44.7187"
"152.9200","2.5476","44.6126"
"152.9400","2.5479","44.5726"
"152.9600","2.5482","44.6570"
"152.9800","2.5485","44.6860"
"153.0000","2.5488","44.6187"
"153.0200","2.5492","44.5896"
"153.0400","2.5496","44.6326"
"153.0600","2.5500","44.7274"
"153.0800","2.5503","44.6713"
"153.1000","2.5506","44.6740"
"153.1200","2.5509","44.6831"
"153.1400","2.5513","44.6750"
"153.1600","2.5517","44.6549"
"153.1800","2.5521","44.6218"
"153.2000","2.5525","44.7131"
"153.2200","2.5527","44.7547"
"153.2400","2.5530","44.7525"
"153.2600","2.5532","44.6924"
"153.2800","2.5535","44.7365"
"153.3000","2.5538","44.6622"
"153.3200","2.5541","44.7072"
"153.3400","2.5545","44.7079"
"153.3600","2.5549","44.6761"
"153.3800","2.5553","44.6869"
"153.4000","2.5556","44.6629"
"153.4200","2.5559","44.7370"
"153.4400","2.5562","44.8173"
"153.4600","2.5564","44.7841"
"153.4800","2.5568","44.6947"
"153.5000","2.5572","44.6590"
"153.5200","2.5577","44.6840"
"153.5400","2.5581","44.6894"
"153.5600","2.5585","44.7206"
"153.5800","2.5588","44.7329"
"153.6000","2.5590","44.7679"
"153.6200","2.5593","44.8326"
"153.6400","2.5595","44.8354"
"153.6600","2.5598","44.7686"
"153.6800","2.5602","44.6829"
"153.7000","2.5606","44.6867"
"153.7200","2.5610","44.7653"
"153.7400","2.5613","44.7694"
"153.7600","2.5616","44.7519"
"153.7800","2.5619","44.7245"
"153.8000","2.5623","44.7507"
"153.8200","2.5626","44.7648"
"153.8400","2.5630","44.7626"
"153.8600","2.5634","44.7681"
"153.8800","2.5638","44.7779"
"153.9000","2.5641","44.7662"
"153.9200","2.5643","44.7031"
"153.9400","2.5646","44.7367"
"153.9600","2.5648","44.7830"
"153.9800","2.5651","44.7353"
"154.0000","2.5654","44.7395"
"154.0200","2.5658","44.7342"
"154.0400","2.5662","44.7608"
"154.0600","2.5666","44.7954"
"154.0800","2.5669","44.7723"
"154.1000","2.5672","44.7947"
"154.1200","2.5675","44.7931"
"154.1400","2.5678","44.7682"
"154.1600","2.5681","44.7237"
"154.1800","2.5685","44.7282"
"154.2000","2.5690","44.6892"
"154.2200","2.5695","44.7192"
"154.2400","2.5699","44.7203"
"154.2600","2.5702","44.7365"
"154.2800","2.5704","44.7130"
"154.3000","2.5706","44.6717"
"154.3200","2.5709","44.6583"
"154.3400","2.5712","44.6482"
"154.3600","2.5715","44.7147"
"154.3800","2.5719","44.7674"
"154.4000","2.5723","44.8350"
"154.4200","2.5727","44.8382"
"154.4400","2.5730","44.7914"
"154.4600","2.5733","44.8636"
"154.4800","2.5736","44.7359"
"154.5000","2.5740","44.7230"
"154.5200","2.5743","44.6935"
"154.5400","2.5747","44.6207"
"154.5600","2.5751","44.6137"
"154.5800","2.5754","44.6769"
"154.6000","2.5757","44.7541"
"154.6200","2.5760","44.7597"
"154.6400","2.5762","44.7245"
"154.6600","2.5765","44.6940"
"154.6800","2.5768","44.6856"
"154.7000","2.5772","44.6863"
"154.7200","2.5776","44.6994"
"154.7400","2.5779","44.7767"
"154.7600","2.5783","44.7611"
"154.7800","2.5786","44.7941"
"154.8000","2.5789","44.8046"
"154.8200","2.5792","44.8101"
"154.8400","2.5795","44.7555"
"154.8600","2.5798","44.7967"
"154.8800","2.5803","44.7199"
"154.9000","2.5808","44.6963"
"154.9200","2.5812","44.7033"
"154.9400","2.5816","44.6936"
"154.9600","2.5818","44.7751"
"154.9800","2.5820","44.8123"
"155.0000","2.5822","44.7926"
"155.0200","2.5825","44.6720"
"155.0400","2.5828","44.6528"
"155.0600","2.5832","44.7651"
"155.0800","2.5836","44.8488"
"155.1000","2.5840","44.8398"
"155.1200","2.5843","44.8021"
"155.1400","2.5847","44.8001"
"155.1600","2.5850","44.7775"
"155.1800","2.5853","44.7391"
"155.2000","2.5857","44.6991"
"155.2200","2.5860","44.7344"
"155.2400","2.5864","44.7660"
"155.2600","2.5868","44.7974"
"155.2800","2.5871","44.7670"
"155.3000","2.5873","44.8176"
"155.3200","2.5876","44.7493"
"155.3400","2.5879","44.6873"
"155.3600","2.5881","44.7024"
"155.3800","2.5885","44.6798"
"155.4000","2.5889","44.6889"
"155.4200","2.5893","44.6797"
"155.4400","2.5896","44.6856"
"155.4600","2.5900","44.8082"
"155.4800","2.5902","44.8048"
"155.5000","2.5905","44.7768"
"155.5200","2.5908","44.7202"
"155.5400","2.5911","44.8090"
"155.5600","2.5915","44.8010"
"155.5800","2.5920","44.7048"
"155.6000","2.5925","44.7570"
"155.6200","2.5929","44.7675"
"155.6400","2.5932","44.7000"
"155.6600","2.5934","44.7341"
"155.6800","2.5936","44.7574"
"155.7000","2.5938","44.7889"
"155.7200","2.5941","44.7660"
"155.7400","2.5945","44.7108"
"155.7600","2.5949","44.6558"
"155.7800","2.5953","44.6950"
"155.8000","2.5957","44.7248"
"155.8200","2.5960","44.7564"
"155.8400","2.5963","44.7863"
"155.8600","2.5967","44.7216"
"155.8800","2.5970","44.6322"
"155.9000","2.5974","44.6664"
"155.9200","2.5977","44.6571"
"155.9400","2.5981","44.6585"
"155.9600","2.5984","44.6381"
"155.9800","2.5987","44.5625"
"156.0000","2.5989","44.6395"
"156.0200","2.5992","44.6795"
"156.0400","2.5995","44.6550"
"156.0600","2.5998","44.6695"
"156.0800","2.6001","44.6830"
"156.1000","2.6005","44.6693"
"156.1200","2.6009","44.6490"
"156.1400","2.6012","44.6787"
"156.1600","2.6015","44.6158"
"156.1800","2.6018","44.5822"
"156.2000","2.6021","44.6441"
"156.2200","2.6024","44.6263"
"156.2400","2.6028","44.5618"
"156.2600","2.6032","44.6298"
"156.2800","2.6037","44.6584"
"156.3000","2.6042","44.6051"
"156.3200","2.6046","44.5716"
"156.3400","2.6048","44.6690"
"156.3600","2.6050","44.6986"
"156.3800","2.6053","44.6684"
"156.4000","2.6055","44.6282"
"156.4200","2.6059","44.5730"
"156.4400","2.6062","44.5871"
"156.4600","2.6066","44.6630"
"156.4800","2.6070","44.6512"
"156.5000","2.6073","44.6338"
"156.5200","2.6076","44.5969"
"156.5400","2.6079","44.6711"
"156.5600","2.6083","44.6539"
"156.5800","2.6086","44.6831"
"156.6000","2.6090","44.6085"
"156.6200","2.6094","44.4867"
"156.6400","2.6097","44.4915"
"156.6600","2.6101","44.6079"
"156.6800","2.6103","44.6578"
"156.7000","2.6106","44.6128"
"156.7200","2.6108","44.5993"
"156.7400","2.6111","44.6491"
"156.7600","2.6115","44.6350"
"156.7800","2.6119","44.6553"
"156.8000","2.6122","44.6038"
"156.8200","2.6126","44.5663"
"156.8400","2.6129","44.5863"
"156.8600","2.6132","44.6007"
"156.8800","2.6135","44.6158"
"156.9000","2.6138","44.5989"
"156.9200","2.6141","44.5361"
"156.9400","2.6145","44.5444"
"156.9600","2.6150","44.6056"
"156.9800","2.6155","44.6147"
"157.0000","2.6159","44.6331"
"157.0200","2.6161","44.6057"
"157.0400","2.6164","44.5820"
"157.0600","2.6166","44.5630"
"157.0800","2.6169","44.5022"
"157.1000","2.6172","44.5442"
"157.1200","2.6175","44.5264"
"157.1400","2.6179","44.5575"
"157.1600","2.6183","44.5769"
"157.1800","2.6186","44.5362"
"157.2000","2.6190","44.5948"
"157.2200","2.6193","44.6128"
"157.2400","2.6196","44.5204"
"157.2600","2.6199","44.4892"
"157.2800","2.6203","44.4958"
"157.3000","2.6207","44.5406"
"157.3200","2.6211","44.6269"
"157.3400","2.6214","44.6358"
"157.3600","2.6217","44.5860"
"157.3800","2.6220","44.5348"
"157.4000","2.6222","44.4852"
"157.4200","2.6225","44.4750"
"157.4400","2.6228","44.5048"
"157.4600","2.6232","44.4910"
"157.4800","2.6236","44.4953"
"157.5000","2.6240","44.5147"
"157.5200","2.6243","44.5215"
"157.5400","2.6246","44.4601"
"157.5600","2.6249","44.5322"
"157.5800","2.6251","44.5365"
"157.6000","2.6254","44.5318"
"157.6200","2.6258","44.5369"
"157.6400","2.6263","44.4469"
"157.6600","2.6267","44.4013"
"157.6800","2.6272","44.3982"
"157.7000","2.6275","44.4322"
"157.7200","2.6277","44.5079"
"157.7400","2.6280","44.4834"
"157.7600","2.6282","44.4677"
"157.7800","2.6285","44.4875"
"157.8000","2.6288","44.5755"
"157.8200","2.6292","44.5348"
"157.8400","2.6296","44.5176"
"157.8600","2.6300","44.4472"
"157.8800","2.6303","44.4426"
"157.9000","2.6306","44.4518"
"157.9200","2.6309","44.4516"
"157.9400","2.6313","44.4422"
"157.9600","2.6317","44.3840"
"157.9800","2.6321","44.3934"
"158.0000","2.6325","44.4892"
"158.0200","2.6328","44.5175"
"158.0400","2.6331","44.5240"
"158.0600","2.6334","44.5488"
"158.0800","2.6336","44.5312"
"158.1000","2.6339","44.5181"
"158.1200","2.6342","44.5195"
"158.1400","2.6345","44.5023"
"158.1600","2.6349","44.5308"
"158.1800","2.6353","44.4903"
"158.2000","2.6356","44.4766"
"158.2200","2.6359","44.4824"
"158.2400","2.6362","44.4981"
"158.2600","2.6365","44.4831"
"158.2800","2.6368","44.4866"
"158.3000","2.6371","44.4901"
"158.3200","2.6375","44.5083"
"158.3400","2.6380","44.5502"
"158.3600","2.6385","44.4660"
"158.3800","2.6388","44.4364"
"158.4000","2.6391","44.4348"
"158.4200","2.6393","44.5008"
"158.4400","2.6396","44.4380"
"158.4600","2.6399","44.4196"
"158.4800","2.6402","44.4682"
"158.5000","2.6406","44.5403"
"158.5200","2.6410","44.4839"
"158.5400","2.6413","44.4711"
"158.5600","2.6417","44.4490"
"158.5800","2.6420","44.4015"
"158.6000","2.6422","44.3452"
"158.6200","2.6426","44.3372"
"158.6400","2.6429","44.3658"
"158.6600","2.6434","44.3971"
"158.6800","2.6438","44.4354"
"158.7000","2.6442","44.4699"
"158.7200","2.6445","44.4480"
"158.7400","2.6447","44.4375"
"158.7600","2.6450","44.3697"
"158.7800","2.6452","44.3841"
"158.8000","2.6455","44.3116"
"158.8200","2.6458","44.2858"
"158.8400","2.6462","44.3374"
"158.8600","2.6466","44.3470"
"158.8800","2.6470","44.3894"
"158.9000","2.6473","44.3610"
"158.9200","2.6476","44.2964"
"158.9400","2.6478","44.3004"
"158.9600","2.6481","44.3489"
"158.9800","2.6484","44.3095"
"159.0000","2.6488","44.3260"
"159.0200","2.6493","44.3626"
"159.0400","2.6498","44.4887"
"159.0410","2.6498","44.4979"
"159.0420","2.6498","44.5063"
"159.0620","2.6502","44.4885"
"159.0820","2.6505","44.4532"
"159.1020","2.6508","44.3779"
"159.1220","2.6510","44.3326"
"159.1420","2.6511","44.1928"
"159.1620","2.6511","44.2226"
"159.1820","2.6511","44.2546"
"159.2020","2.6511","44.2208"
"159.2220","2.6511","44.1773"
"159.2420","2.6511","44.2126"
"159.2620","2.6511","44.3231"
"159.2820","2.6511","44.2934"
"159.3020","2.6511","44.2329"
"159.3220","2.6511","44.1896"
"159.3420","2.6511","44.1984"
"159.3620","2.6510","44.2022"
"159.3820","2.6510","44.2530"
"159.4020","2.6510","44.2458"
"159.4220","2.6510","44.1468"
"159.4420","2.6510","44.0843"
"159.4620","2.6510","44.1833"
"159.4820","2.6510","44.2222"
"159.5020","2.6510","44.1487"
"159.5220","2.6510","44.0550"
"159.5420","2.6510","43.9713"
"159.5620","2.6509","43.9588"
"159.5820","2.6509","43.9360"
"159.6020","2.6509","43.9123"
"159.6220","2.6509","43.9229"
"159.6420","2.6509","43.9314"
"159.6620","2.6509","43.9267"
"159.6820","2.6509","43.9386"
"159.7020","2.6508","43.9490"
"159.7220","2.6508","43.9421"
"159.7420","2.6508","43.8724"
"159.7620","2.6508","43.8800"
"159.7820","2.6508","43.9259"
"159.8020","2.6508","43.8944"
"159.8220","2.6508","43.8586"
"159.8420","2.6508","43.8810"
"159.8620","2.6508","43.8329"
"159.8820","2.6508","43.7835"
"159.9020","2.6508","43.7856"
"159.9220","2.6508","43.7722"
"159.9420","2.6508","43.6967"
"159.9620","2.6508","43.6322"
"159.9820","2.6508","43.6682"
"160.0020","2.6507","43.7353"
"160.0220","2.6507","43.7373"
"160.0420","2.6507","43.6617"
"160.0620","2.6507","43.6453"
"160.0820","2.6507","43.6461"
"160.1020","2.6507","43.6461"
"160.1220","2.6507","43.7142"
"160.1420","2.6507","43.6712"
"160.1620","2.6507","43.5692"
"160.1820","2.6507","43.4339"
"160.2020","2.6507","43.3664"
"160.2220","2.6507","43.4563"
"160.2420","2.6507","43.4825"
"160.2620","2.6507","43.4962"
"160.2820","2.6507","43.4428"
"160.3020","2.6507","43.4033"
"160.3220","2.6507","43.4589"
"160.3420","2.6507","43.4938"
"160.3620","2.6507","43.5574"
"160.3820","2.6507","43.4829"
"160.4020","2.6507","43.3815"
"160.4220","2.6507","43.3502"
"160.4420","2.6507","43.3455"
"160.4620","2.6507","43.3813"
"160.4820","2.6507","43.4307"
"160.5020","2.6507","43.3517"
"160.5220","2.6507","43.2894"
"160.5420","2.6507","43.2665"
"160.5620","2.6507","43.2323"
"160.5820","2.6507","43.2562"
"160.6020","2.6507","43.2576"
"160.6220","2.6507","43.2367"
"160.6420","2.6507","43.2940"
"160.6620","2.6507","43.2351"
"160.6820","2.6507","43.1651"
"160.7020","2.6507","43.1649"
"160.7220","2.6507","43.1891"
"160.7420","2.6507","43.1561"
"160.7620","2.6507","43.1812"
"160.7820","2.6507","43.1586"
"160.8020","2.6507","43.1227"
"160.8220","2.6507","43.1444"
"160.8420","2.6507","43.2096"
"160.8620","2.6507","43.2077"
"160.8820","2.6507","43.1452"
"160.9020","2.6507","43.0912"
"160.9220","2.6507","43.0152"
"160.9420","2.6507","42.9790"
"160.9620","2.6507","43.0313"
"160.9820","2.6507","43.1090"
"161.0020","2.6507","43.0795"
"161.0220","2.6507","43.0046"
"161.0420","2.6507","42.9363"
"161.0620","2.6507","43.0582"
"161.0820","2.6507","43.0454"
"161.1020","2.6507","43.0081"
"161.1220","2.6507","42.9967"
"161.1420","2.6507","43.0203"
"161.1620","2.6507","43.0036"
"161.1820","2.6507","42.9467"
"161.2020","2.6507","42.9348"
"161.2220","2.6507","42.8810"
"161.2420","2.6507","42.8302"
"161.2620","2.6507","42.8668"
"161.2820","2.6507","42.8397"
"161.3020","2.6507","42.9032"
"161.3220","2.6507","43.0299"
"161.3420","2.6507","43.0008"
"161.3620","2.6507","42.9601"
"161.3820","2.6507","42.9694"
"161.4020","2.6507","42.9004"
"161.4220","2.6507","42.8395"
"161.4420","2.6507","42.8044"
"161.4620","2.6507","42.8580"
"161.4820","2.6507","42.8877"
"161.5020","2.6507","42.9162"
"161.5220","2.6507","42.9544"
"161.5420","2.6507","42.9165"
"161.5620","2.6507","42.8608"
"161.5820","2.6507","42.8562"
"161.6020","2.6507","42.8973"
"161.6220","2.6507","42.8531"
"161.6420","2.6507","42.9320"
"161.6620","2.6507","42.9725"
"161.6820","2.6507","42.8173"
"161.7020","2.6507","42.7526"
"161.7220","2.6507","42.7852"
"161.7420","2.6507","42.7412"
"161.7620","2.6507","42.6621"
"161.7820","2.6507","42.6171"
"161.8020","2.6507","42.6174"
"161.8220","2.6507","42.6618"
"161.8420","2.6507","42.6866"
"161.8620","2.6507","42.6770"
"161.8820","2.6507","42.6394"
"161.9020","2.6507","42.6663"
"161.9220","2.6507","42.6118"
"161.9420","2.6507","42.5982"
"161.9620","2.6507","42.5873"
"161.9820","2.6507","42.6050"
"162.0020","2.6507","42.6740"
"162.0220","2.6507","42.6121"
"162.0420","2.6507","42.6596"
"162.0620","2.6507","42.6946"
"162.0820","2.6507","42.7059"
"162.1020","2.6507","42.7101"
"162.1220","2.6507","42.7221"
"162.1420","2.6507","42.7459"
"162.1620","2.6507","42.6628"
"162.1820","2.6507","42.6848"
"162.2020","2.6507","42.6545"
"162.2220","2.6507","42.6660"
"162.2420","2.6507","42.7278"
"162.2620","2.6507","42.7414"
"162.2820","2.6507","42.6308"
"162.3020","2.6507","42.6245"
"162.3220","2.6507","42.6406"
"162.3420","2.6507","42.5933"
"162.3620","2.6507","42.5602"
"162.3820","2.6507","42.6197"
"162.4020","2.6507","42.6369"
"162.4220","2.6507","42.5746"
"162.4420","2.6507","42.5856"
"162.4620","2.6507","42.6144"
"162.4820","2.6507","42.6149"
"162.5020","2.6507","42.5661"
"162.5220","2.6507","42.6614"
"162.5420","2.6507","42.6204"
"162.5620","2.6507","42.6856"
"162.5820","2.6507","42.6240"
"162.6020","2.6507","42.5489"
"162.6220","2.6507","42.5208"
"162.6420","2.6507","42.5118"
"162.6620","2.6507","42.4851"
"162.6820","2.6507","42.5460"
"162.7020","2.6507","42.5060"
"162.7220","2.6507","42.5093"
"162.7420","2.6507","42.4802"
"162.7620","2.6507","42.4440"
"162.7820","2.6507","42.4090"
"162.8020","2.6507","42.4355"
"162.8220","2.6507","42.5105"
"162.8420","2.6507","42.5460"
"162.8620","2.6507","42.5085"
"162.8820","2.6507","42.4944"
"162.9020","2.6507","42.4683"
"162.9220","2.6507","42.5275"
"162.9420","2.6507","42.5122"
"162.9620","2.6507","42.4796"
"162.9820","2.6507","42.4488"
"163.0020","2.6507","42.4805"
"163.0220","2.6507","42.4914"
"163.0420","2.6507","42.3851"
"163.0620","2.6507","42.4838"
"163.0820","2.6507","42.4875"
"163.1020","2.6507","42.4296"
"163.1220","2.6507","42.3172"
"163.1420","2.6507","42.3845"
"163.1620","2.6507","42.4911"
"163.1820","2.6507","42.5079"
"163.2020","2.6507","42.4489"
"163.2220","2.6507","42.4143"
"163.2420","2.6507","42.5071"
"163.2620","2.6507","42.5171"
"163.2820","2.6507","42.4820"
"163.3020","2.6507","42.3770"
"163.3220","2.6507","42.4403"
"163.3420","2.6507","42.5289"
"163.3620","2.6507","42.4739"
"163.3820","2.6507","42.4165"
"163.4020","2.6507","42.4290"
"163.4220","2.6507","42.4243"
"163.4420","2.6507","42.4451"
"163.4620","2.6507","42.4785"
"163.4820","2.6507","42.5363"
"163.5020","2.6507","42.4535"
"163.5220","2.6507","42.3730"
"163.5420","2.6507","42.3057"
"163.5620","2.6507","42.3575"
"163.5820","2.6507","42.3884"
"163.6020","2.6507","42.4592"
"163.6220","2.6507","42.3807"
"163.6420","2.6507","42.4204"
"163.6620","2.6507","42.4265"
"163.6820","2.6507","42.3859"
"163.7020","2.6507","42.3424"
"163.7220","2.6507","42.4435"
"163.7420","2.6507","42.4634"
"163.7620","2.6507","42.4380"
"163.7820","2.6507","42.3803"
"163.8020","2.6507","42.4146"
"163.8220","2.6507","42.3847"
"163.8420","2.6507","42.3720"
"163.8620","2.6507","42.3648"
"163.8820","2.6507","42.3126"
"163.9020","2.6507","42.3385"
"163.9220","2.6507","42.2844"
"163.9420","2.6507","42.2566"
"163.9620","2.6507","42.2735"
"163.9820","2.6507","42.3442"
"164.0020","2.6507","42.3708"
"164.0220","2.6507","42.3570"
"164.0420","2.6507","42.3777"
"164.0620","2.6507","42.3507"
"164.0820","2.6507","42.3938"
"164.1020","2.6507","42.3706"
"164.1220","2.6507","42.3932"
"164.1420","2.6507","42.4241"
"164.1620","2.6507","42.4244"
"164.1820","2.6507","42.4496"
"164.2020","2.6507","42.4049"
"164.2220","2.6507","42.3896"
"164.2420","2.6507","42.4030"
"164.2620","2.6507","42.3195"
"164.2820","2.6507","42.3996"
"164.3020","2.6507","42.4405"
"164.3220","2.6507","42.3867"
"164.3420","2.6507","42.3520"
"164.3620","2.6507","42.2665"
"164.3820","2.6507","42.1296"
"164.4020","2.6507","42.2111"
"164.4220","2.6507","42.2812"
"164.4420","2.6507","42.2435"
"164.4620","2.6507","42.2856"
"164.4820","2.6507","42.2991"
"164.5020","2.6507","42.3407"
"164.5220","2.6507","42.2248"
"164.5420","2.6507","42.2543"
"164.5620","2.6507","42.2880"
"164.5820","2.6507","42.2980"
"164.6020","2.6507","42.3529"
"164.6220","2.6507","42.3392"
"164.6420","2.6507","42.2947"
"164.6620","2.6507","42.2723"
"164.6820","2.6507","42.3513"
"164.7020","2.6507","42.4022"
"164.7220","2.6507","42.3505"
"164.7420","2.6507","42.3030"
"164.7620","2.6507","42.2205"
"164.7820","2.6507","42.2893"
"164.8020","2.6507","42.3306"
"164.8220","2.6507","42.2732"
"164.8420","2.6507","42.3428"
"164.8620","2.6507","42.3870"
"164.8820","2.6507","42.2645"
"164.9020","2.6507","42.2325"
"164.9220","2.6507","42.3305"
"164.9420","2.6507","42.2837"
"164.9620","2.6507","42.2448"
"164.9820","2.6507","42.1801"
"165.0020","2.6507","42.1492"
"165.0220","2.6507","42.2685"
"165.0420","2.6507","42.2556"
"165.0620","2.6507","42.2626"
"165.0820","2.6507","42.2482"
"165.1020","2.6507","42.1882"
"165.1220","2.6507","42.1731"
"165.1420","2.6507","42.2524"
"165.1620","2.6507","42.2651"
"165.1820","2.6507","42.2198"
"165.2020","2.6507","42.2450"
"165.2220","2.6507","42.2506"
"165.2420","2.6507","42.1958"
"165.2620","2.6507","42.2341"
"165.2820","2.6507","42.3189"
"165.3020","2.6507","42.3542"
"165.3220","2.6507","42.3304"
"165.3420","2.6507","42.2732"
"165.3620","2.6507","42.2609"
"165.3820","2.6507","42.3161"
"165.4020","2.6507","42.3155"
"165.4220","2.6507","42.3495"
"165.4420","2.6507","42.4134"
"165.4620","2.6507","42.3926"
"165.4820","2.6507","42.3758"
"165.5020","2.6507","42.3641"
"165.5220","2.6507","42.2606"
"165.5420","2.6507","42.2502"
"165.5620","2.6507","42.2557"
"165.5820","2.6507","42.2718"
"165.6020","2.6507","42.2503"
"165.6220","2.6507","42.2328"
"165.6420","2.6507","42.2139"
"165.6620","2.6507","42.1793"
"165.6820","2.6507","42.2613"
"165.7020","2.6507","42.2583"
"165.7220","2.6507","42.2509"
"165.7420","2.6507","42.2523"
"165.7620","2.6507","42.2383"
"165.7820","2.6507","42.2516"
"165.8020","2.6507","42.3475"
"165.8220","2.6507","42.3353"
"165.8420","2.6507","42.3299"
"165.8620","2.6507","42.2231"
"165.8820","2.6507","42.1336"
"165.9020","2.6507","42.2044"
"165.9220","2.6507","42.2245"
"165.9420","2.6507","42.2403"
"165.9620","2.6507","42.2724"
"165.9820","2.6507","42.1892"
"166.0020","2.6507","42.1989"
"166.0220","2.6507","42.1629"
"166.0420","2.6507","42.1642"
"166.0620","2.6507","42.1999"
"166.0820","2.6507","42.1534"
"166.1020","2.6507","42.1728"
"166.1220","2.6507","42.1770"
"166.1420","2.6507","42.2260"
"166.1620","2.6507","42.1857"
"166.1820","2.6507","42.1118"
"166.2020","2.6507","42.0848"
"166.2220","2.6507","42.1864"
"166.2420","2.6507","42.2644"
"166.2620","2.6507","42.1769"
"166.2820","2.6507","42.1763"
"166.3020","2.6507","42.1846"
"166.3220","2.6507","42.1936"
"166.3420","2.6507","42.2517"
"166.3620","2.6507","42.2081"
"166.3820","2.6507","42.1478"
"166.4020","2.6507","42.1195"
"166.4220","2.6507","42.0745"
"166.4420","2.6507","42.1185"
"166.4620","2.6507","42.1835"
"166.4820","2.6507","42.2182"
"166.5020","2.6507","42.2812"
"166.5220","2.6507","42.1796"
"166.5420","2.6507","42.1371"
"166.5620","2.6507","42.1182"
"166.5820","2.6507","42.1685"
"166.6020","2.6507","42.2118"
"166.6220","2.6507","42.2193"
"166.6420","2.6507","42.1931"
"166.6620","2.6507","42.1421"
"166.6820","2.6507","42.1370"
"166.7020","2.6507","42.1557"
"166.7220","2.6507","42.2012"
"166.7420","2.6507","42.2080"
"166.7620","2.6507","42.1920"
"166.7820","2.6507","42.1520"
"166.8020","2.6507","42.1002"
"166.8220","2.6507","42.1574"
"166.8420","2.6507","42.2530"
"166.8620","2.6507","42.2905"
"166.8820","2.6507","42.2803"
"166.9020","2.6507","42.2278"
"166.9220","2.6507","42.1517"
"166.9420","2.6507","42.1518"
"166.9620","2.6507","42.2270"
"166.9820","2.6507","42.1962"
"167.0020","2.6507","42.0826"
"167.0220","2.6507","42.0588"
"167.0420","2.6507","42.1104"
"167.0620","2.6507","42.1496"
"167.0820","2.6507","42.1119"
"167.1020","2.6507","42.1025"
"167.1220","2.6507","42.1052"
"167.1420","2.6507","42.1584"
"167.1620","2.6507","42.2403"
"167.1820","2.6507","42.2069"
"167.2020","2.6507","42.1418"
"167.2220","2.6507","42.0709"
"167.2420","2.6507","42.0622"
"167.2620","2.6507","42.1494"
"167.2820","2.6507","42.1906"
"167.3020","2.6507","42.2169"
"167.3220","2.6507","42.2437"
"167.3420","2.6507","42.2165"
"167.3620","2.6507","42.1249"
"167.3820","2.6507","42.0941"
"167.4020","2.6507","42.0821"
"167.4220","2.6507","42.0955"
"167.4420","2.6507","42.1006"
"167.4620","2.6507","42.0816"
"167.4820","2.6507","42.0790"
"167.5020","2.6507","42.1027"
"167.5220","2.6507","42.1572"
"167.5420","2.6507","42.2094"
"167.5620","2.6507","42.1694"
"167.5820","2.6507","42.1055"
"167.6020","2.6507","42.1397"
"167.6220","2.6507","42.1845"
"167.6420","2.6507","42.1611"
"167.6620","2.6507","42.1136"
"167.6820","2.6507","42.1501"
"167.7020","2.6507","42.1490"
"167.7220","2.6507","42.1517"
"167.7420","2.6507","42.1626"
"167.7620","2.6507","42.1155"
"167.7820","2.6507","42.1039"
"167.8020","2.6507","42.1118"
"167.8220","2.6507","42.0930"
"167.8420","2.6507","42.0774"
"167.8620","2.6507","42.1114"
"167.8820","2.6507","42.0479"
"167.9020","2.6507","42.0288"
"167.9220","2.6507","41.9921"
"167.9420","2.6507","42.0779"
"167.9620","2.6507","42.0859"
"167.9820","2.6507","42.0483"
"168.0020","2.6507","42.1105"
"168.0220","2.6507","42.1221"
"168.0420","2.6507","42.0761"
"168.0620","2.6507","42.0838"
"168.0820","2.6507","42.0850"
"168.1020","2.6507","42.0879"
"168.1220","2.6507","42.1360"
"168.1420","2.6507","42.1261"
"168.1620","2.6507","42.0366"
"168.1820","2.6507","42.0607"
"168.2020","2.6507","42.0436"
"168.2220","2.6507","42.1089"
"168.2420","2.6507","42.0450"
"168.2620","2.6507","42.0537"
"168.2820","2.6507","42.0977"
"168.3020","2.6507","42.1103"
"168.3220","2.6507","42.1256"
"168.3420","2.6507","42.1197"
"168.3620","2.6507","42.0811"
"168.3820","2.6507","42.0325"
"168.4020","2.6507","42.0410"
"168.4220","2.6507","42.0547"
"168.4420","2.6507","42.0526"
"168.4620","2.6507","42.1123"
"168.4820","2.6507","42.1288"
"168.5020","2.6507","42.1326"
"168.5220","2.6507","42.1224"
"168.5420","2.6507","42.1267"
"168.5620","2.6507","42.1257"
"168.5820","2.6507","42.0521"
"168.6020","2.6507","42.0734"
"168.6220","2.6507","42.1409"
"168.6420","2.6507","42.1578"
"168.6620","2.6507","42.1382"
"168.6820","2.6507","42.1531"
"168.7020","2.6507","42.0884"
"168.7220","2.6507","41.9830"
"168.7420","2.6507","42.0210"
"168.7620","2.6507","42.0421"
"168.7820","2.6507","42.1118"
"168.8020","2.6507","42.1168"
"168.8220","2.6507","42.1153"
"168.8420","2.6507","42.1972"
"168.8620","2.6507","42.1308"
"168.8820","2.6507","42.0657"
"168.9020","2.6507","42.0204"
"168.9220","2.6507","41.9981"
"168.9420","2.6507","42.0113"
"168.9620","2.6507","42.1055"
"168.9820","2.6507","42.1028"
"169.0020","2.6507","42.1065"
"169.0220","2.6507","42.0623"
"169.0420","2.6507","42.1052"
"169.0620","2.6507","42.0158"
"169.0820","2.6507","42.0356"
"169.1020","2.6507","42.0532"
"169.1220","2.6507","42.0397"
"169.1420","2.6507","42.0401"
"169.1620","2.6507","42.0110"
"169.1820","2.6507","41.9522"
"169.2020","2.6507","41.9875"
"169.2220","2.6507","42.0737"
"169.2420","2.6507","42.0776"
"169.2620","2.6507","42.0350"
"169.2820","2.6507","41.9670"
"169.3020","2.6507","42.0499"
"169.3220","2.6507","42.1341"
"169.3420","2.6507","42.1965"
"169.3620","2.6507","42.1336"
"169.3820","2.6507","42.0831"
"169.4020","2.6507","41.9862"
"169.4220","2.6507","42.0110"
"169.4420","2.6507","42.0853"
"169.4620","2.6507","42.0882"
"169.4820","2.6507","42.0376"
"169.5020","2.6507","41.9983"
"169.5220","2.6507","42.0714"
"169.5420","2.6507","42.1320"
"169.5620","2.6507","42.0283"
"169.5820","2.6507","41.9457"
"169.6020","2.6507","42.0703"
"169.6220","2.6507","42.0672"
"169.6420","2.6507","42.0688"
"169.6620","2.6507","42.0884"
"169.6820","2.6507","42.1200"
"169.7020","2.6507","42.1367"
"169.7220","2.6507","42.0793"
"169.7420","2.6507","42.0298"
"169.7620","2.6507","41.9291"
"169.7820","2.6507","41.9025"
"169.8020","2.6507","41.9895"
"169.8220","2.6507","42.0467"
"169.8420","2.6507","42.0913"
"169.8620","2.6507","42.0622"
"169.8820","2.6507","42.0301"
"169.9020","2.6507","42.0262"
"169.9220","2.6507","42.0043"
"169.9420","2.6507","41.8890"
"169.9620","2.6507","41.9014"
"169.9820","2.6507","41.9969"
"170.0020","2.6507","42.1036"
"170.0220","2.6507","42.0583"
"170.0420","2.6507","41.9777"
"170.0620","2.6507","42.0193"
"170.0820","2.6507","42.0107"
"170.1020","2.6507","42.0242"
"170.1220","2.6507","41.9652"
"170.1420","2.6507","41.9993"
"170.1620","2.6507","41.9789"
"170.1820","2.6507","41.9117"
"170.2020","2.6507","41.9686"
"170.2220","2.6507","42.0580"
"170.2420","2.6507","42.1072"
"170.2620","2.6507","42.0422"
"170.2820","2.6507","41.9502"
"170.3020","2.6507","41.9568"
"170.3220","2.6507","41.9496"
"170.3420","2.6507","42.0396"
"170.3620","2.6507","41.9667"
"170.3820","2.6507","41.8887"
"170.4020","2.6507","41.9378"
"170.4220","2.6507","41.8948"
"170.4420","2.6507","41.9945"
"170.4620","2.6507","42.0775"
"170.4820","2.6507","42.0529"
"170.5020","2.6507","41.9891"
"170.5220","2.6507","41.9937"
"170.5420","2.6507","41.9988"
"170.5620","2.6507","41.9879"
"170.5820","2.6507","42.0388"
"170.6020","2.6507","42.1096"
"170.6220","2.6507","42.0707"
"170.6420","2.6507","42.0087"
"170.6620","2.6507","42.0153"
"170.6820","2.6507","41.9923"
"170.7020","2.6507","41.9973"
"170.7220","2.6507","41.9808"
"170.7420","2.6507","41.9231"
"170.7620","2.6507","42.0031"
"170.7820","2.6507","42.0701"
"170.8020","2.6507","42.0274"
"170.8220","2.6507","41.9248"
"170.8420","2.6507","41.9140"
"170.8620","2.6507","42.0671"
"170.8820","2.6507","42.1003"
"170.9020","2.6507","41.9832"
"170.9220","2.6507","41.8465"
"170.9420","2.6507","41.9410"
"170.9620","2.6507","41.9635"
"170.9820","2.6507","41.9959"
"171.0020","2.6507","42.0282"
"171.0220","2.6507","41.9508"
"171.0420","2.6507","41.9487"
"171.0620","2.6507","41.9510"
"171.0820","2.6507","42.0444"
"171.1020","2.6507","42.0098"
"171.1220","2.6507","41.9611"
"171.1420","2.6507","41.9389"
"171.1620","2.6507","41.9482"
"171.1820","2.6507","41.9967"
"171.2020","2.6507","41.9900"
"171.2220","2.6507","41.9999"
"171.2420","2.6507","42.0287"
"171.2620","2.6507","41.9813"
"171.2820","2.6507","41.9558"
"171.3020","2.6507","42.0049"
"171.3220","2.6507","41.9741"
"171.3420","2.6507","41.9732"
"171.3620","2.6507","41.9806"
"171.3820","2.6507","41.9881"
"171.4020","2.6507","42.0115"
"171.4220","2.6507","41.9949"
"171.4420","2.6507","42.0297"
"171.4620","2.6507","42.0080"
"171.4820","2.6507","41.9818"
"171.5020","2.6507","41.9759"
"171.5220","2.6507","41.9803"
"171.5420","2.6507","41.9725"
"171.5620","2.6507","41.9492"
"171.5820","2.6507","41.9993"
"171.6020","2.6507","41.9946"
"171.6220","2.6507","41.9119"
"171.6420","2.6507","41.9364"
"171.6620","2.6507","41.9767"
"171.6820","2.6507","41.9395"
"171.7020","2.6507","41.8969"
"171.7220","2.6507","41.9343"
"171.7420","2.6507","41.9689"
"171.7620","2.6507","42.0545"
"171.7820","2.6507","41.9696"
"171.8020","2.6507","41.9111"
"171.8220","2.6507","41.9765"
"171.8420","2.6507","42.0348"
"171.8620","2.6507","42.0163"
"171.8820","2.6507","41.9731"
"171.9020","2.6507","41.8922"
"171.9220","2.6507","41.9584"
"171.9420","2.6507","41.9245"
"171.9620","2.6507","41.9050"
"171.9820","2.6507","41.9070"
"172.0020","2.6507","41.9512"
"172.0220","2.6507","41.8955"
"172.0420","2.6507","41.8893"
"172.0620","2.6507","41.8801"
"172.0820","2.6507","41.9297"
"172.1020","2.6507","41.9051"
"172.1220","2.6507","41.8597"
"172.1420","2.6507","41.8722"
"172.1620","2.6507","41.9650"
"172.1820","2.6507","41.9600"
"172.2020","2.6507","41.9975"
"172.2220","2.6507","41.9727"
"172.2420","2.6507","41.8945"
"172.2620","2.6507","41.8667"
"172.2820","2.6507","41.9033"
"172.3020","2.6507","41.8935"
"172.3220","2.6507","41.9853"
"172.3420","2.6507","41.9510"
"172.3620","2.6507","41.9104"
"172.3820","2.6507","41.8869"
"172.4020","2.6507","41.8657"
"172.4220","2.6507","41.8616"
"172.4420","2.6507","41.8808"
"172.4620","2.6507","41.9164"
"172.4820","2.6507","41.8781"
"172.5020","2.6507","41.8549"
"172.5220","2.6507","41.8375"
"172.5420","2.6507","41.8560"
"172.5620","2.6507","41.9552"
"172.5820","2.6507","41.9481"
"172.6020","2.6507","41.9378"
"172.6220","2.6507","41.9141"
"172.6420","2.6507","41.8694"
"172.6620","2.6507","41.7978"
"172.6820","2.6507","41.8400"
"172.7020","2.6507","41.9280"
"172.7220","2.6507","41.9528"
"172.7420","2.6507","41.9017"
"172.7620","2.6507","41.9210"
"172.7820","2.6507","41.9202"
"172.8020","2.6507","41.9070"
"172.8220","2.6507","41.9342"
"172.8420","2.6507","42.0161"
"172.8620","2.6507","42.0027"
"172.8820","2.6507","41.9455"
"172.9020","2.6507","41.8980"
"172.9220","2.6507","41.8510"
"172.9420","2.6507","41.8547"
"172.9620","2.6507","41.8945"
"172.9820","2.6507","41.8598"
"173.0020","2.6507","41.8463"
"173.0220","2.6507","41.8502"
"173.0420","2.6507","41.8761"
"173.0620","2.6507","41.8932"
"173.0820","2.6507","41.9361"
"173.1020","2.6507","41.9279"
"173.1220","2.6507","42.0111"
"173.1420","2.6507","42.0382"
"173.1620","2.6507","42.0212"
"173.1820","2.6507","41.9373"
"173.2020","2.6507","41.9497"
"173.2220","2.6507","41.9744"
"173.2420","2.6507","41.9563"
"173.2620","2.6507","41.9120"
"173.2820","2.6507","41.9229"
"173.3020","2.6507","41.9142"
"173.3220","2.6507","41.8841"
"173.3420","2.6507","41.9057"
"173.3620","2.6507","41.9731"
"173.3820","2.6507","41.9934"
"173.4020","2.6507","41.8524"
"173.4220","2.6507","41.8571"
"173.4420","2.6507","41.9266"
"173.4620","2.6507","41.9690"
"173.4820","2.6507","41.8952"
"173.5020","2.6507","41.9209"
"173.5220","2.6507","41.9707"
"173.5420","2.6507","41.9589"
"173.5620","2.6507","41.9009"
"173.5820","2.6507","41.8209"
"173.6020","2.6507","41.7491"
"173.6220","2.6507","41.8374"
"173.6420","2.6507","41.9213"
"173.6620","2.6507","41.9105"
"173.6820","2.6507","41.8737"
"173.7020","2.6507","41.9739"
"173.7220","2.6507","41.9334"
"173.7420","2.6507","41.8648"
"173.7620","2.6507","41.8733"
"173.7820","2.6507","41.9627"
"173.8020","2.6507","41.9963"
"173.8220","2.6507","41.9990"
"173.8420","2.6507","41.8982"
"173.8620","2.6507","41.8938"
"173.8820","2.6507","41.8962"
"173.9020","2.6507","41.8249"
"173.9220","2.6507","41.8187"
"173.9420","2.6507","41.8496"
"173.9620","2.6507","41.8566"
"173.9820","2.6507","41.8583"
"174.0020","2.6507","41.9026"
"174.0220","2.6507","41.8845"
"174.0420","2.6507","41.9361"
"174.0620","2.6507","41.8235"
"174.0820","2.6507","41.8135"
"174.1020","2.6507","41.8338"
"174.1220","2.6507","41.8261"
"174.1420","2.6507","41.8641"
"174.1620","2.6507","41.8382"
"174.1820","2.6507","41.8395"
"174.2020","2.6507","41.8976"
"174.2220","2.6507","41.8835"
"174.2420","2.6507","41.8955"
"174.2620","2.6507","41.8830"
"174.2820","2.6507","41.8683"
"174.3020","2.6507","41.8787"
"174.3220","2.6507","41.8974"
"174.3420","2.6507","41.8718"
"174.3620","2.6507","41.9099"
"174.3820","2.6507","41.8723"
"174.4020","2.6507","41.8705"
"174.4220","2.6507","41.9259"
"174.4420","2.6507","41.8514"
"174.4620","2.6507","41.8997"
"174.4820","2.6507","41.9919"
"174.5020","2.6507","41.9887"
"174.5220","2.6507","41.9809"
"174.5420","2.6507","41.8480"
"174.5620","2.6507","41.8683"
"174.5820","2.6507","41.9297"
"174.6020","2.6507","41.9232"
"174.6220","2.6507","41.8356"
"174.6420","2.6507","41.8803"
"174.6620","2.6507","41.7783"
"174.6820","2.6507","41.8310"
"174.7020","2.6507","41.8901"
"174.7220","2.6507","41.8707"
"174.7420","2.6507","41.8556"
"174.7620","2.6507","41.8545"
"174.7820","2.6507","41.8033"
"174.8020","2.6507","41.7965"
"174.8220","2.6507","41.7831"
"174.8420","2.6507","41.8075"
"174.8620","2.6507","41.7915"
"174.8820","2.6507","41.7628"
"174.9020","2.6507","41.7363"
"174.9220","2.6507","41.7716"
"174.9420","2.6507","41.8128"
"174.9620","2.6507","41.8039"
"174.9820","2.6507","41.8641"
"175.0020","2.6507","41.8994"
"175.0220","2.6507","41.9216"
"175.0420","2.6507","41.8581"
"175.0620","2.6507","41.8200"
"175.0820","2.6507","41.8315"
"175.1020","2.6507","41.7759"
"175.1220","2.6507","41.7538"
"175.1420","2.6507","41.7404"
"175.1620","2.6507","41.7294"
"175.1820","2.6507","41.8049"
"175.2020","2.6507","41.8712"
"175.2220","2.6507","41.8405"
"175.2420","2.6507","41.7557"
"175.2620","2.6507","41.7698"
"175.2820","2.6507","41.8120"
"175.3020","2.6507","41.8349"
"175.3220","2.6507","41.8073"
"175.3420","2.6507","41.7752"
"175.3620","2.6507","41.8022"
"175.3820","2.6507","41.7781"
"175.4020","2.6507","41.7784"
"175.4220","2.6507","41.7690"
"175.4420","2.6507","41.7881"
"175.4620","2.6507","41.8518"
"175.4820","2.6507","41.8329"
"175.5020","2.6507","41.8707"
"175.5220","2.6507","41.7936"
"175.5420","2.6507","41.8185"
"175.5620","2.6507","41.7990"
"175.5820","2.6507","41.7938"
"175.6020","2.6507","41.7481"
"175.6220","2.6507","41.8240"
"175.6420","2.6507","41.8363"
"175.6620","2.6507","41.8834"
"175.6820","2.6507","41.8518"
"175.7020","2.6507","41.8139"
"175.7220","2.6507","41.8394"
"175.7420","2.6507","41.8256"
"175.7620","2.6507","41.8632"
"175.7820","2.6507","41.8563"
"175.8020","2.6507","41.8458"
"175.8220","2.6507","41.8826"
"175.8420","2.6507","41.8650"
"175.8620","2.6507","41.8510"
"175.8820","2.6507","41.8823"
"175.9020","2.6507","41.9196"
"175.9220","2.6507","41.8100"
"175.9420","2.6507","41.7899"
"175.9620","2.6507","41.7894"
"175.9820","2.6507","41.7643"
"176.0020","2.6507","41.7146"
"176.0220","2.6507","41.7060"
"176.0420","2.6507","41.7531"
"176.0620","2.6507","41.8091"
"176.0820","2.6507","41.8140"
"176.1020","2.6507","41.7779"
"176.1220","2.6507","41.7950"
"176.1420","2.6507","41.8601"
"176.1620","2.6507","41.8315"
"176.1820","2.6507","41.8197"
"176.2020","2.6507","41.9216"
"176.2220","2.6507","41.8796"
"176.2420","2.6507","41.8633"
"176.2620","2.6507","41.8853"
"176.2820","2.6507","41.8785"
"176.3020","2.6507","41.9574"
"176.3220","2.6507","41.9830"
"176.3420","2.6507","41.9628"
"176.3620","2.6507","41.8577"
"176.3820","2.6507","41.7664"
"176.4020","2.6507","41.8387"
"176.4220","2.6507","41.9088"
"176.4420","2.6507","41.8657"
"176.4620","2.6507","41.8589"
"176.4820","2.6507","41.8462"
"176.5020","2.6507","41.7801"
"176.5220","2.6507","41.6939"
"176.5420","2.6507","41.7553"
"176.5620","2.6507","41.8413"
"176.5820","2.6507","41.8719"
"176.6020","2.6507","41.9033"
"176.6220","2.6507","41.7732"
"176.6420","2.6507","41.7483"
"176.6510","2.6507","41.7980"
"176.6520","2.6507","41.8016"
"176.6720","2.6507","41.8641"
"176.6920","2.6507","41.8910"
"176.7120","2.6507","41.7645"
"176.7320","2.6507","41.7303"
"176.7520","2.6507","41.8068"
"176.7720","2.6508","41.7621"
"176.7920","2.6509","41.7756"
"176.8120","2.6511","41.7900"
"176.8320","2.6511","41.8608"
"176.8520","2.6511","41.8012"
"176.8720","2.6510","41.7944"
"176.8920","2.6511","41.7728"
"176.9120","2.6512","41.8385"
"176.9320","2.6515","41.9070"
"176.9520","2.6519","41.8345"
"176.9720","2.6525","41.8245"
"176.9920","2.6531","41.8624"
"177.0120","2.6537","41.9249"
"177.0320","2.6542","41.9427"
"177.0520","2.6546","41.8959"
"177.0720","2.6552","41.9306"
"177.0920","2.6557","41.9043"
"177.1120","2.6560","41.9356"
"177.1320","2.6562","42.0025"
"177.1520","2.6562","42.0021"
"177.1720","2.6562","42.0332"
"177.1920","2.6561","41.9523"
"177.2120","2.6559","41.8881"
"177.2320","2.6556","41.9043"
"177.2520","2.6554","41.9379"
"177.2720","2.6552","42.0473"
"177.2920","2.6550","42.0925"
"177.3120","2.6547","41.9979"
"177.3320","2.6544","41.9752"
"177.3520","2.6541","41.9067"
"177.3720","2.6537","41.9351"
"177.3920","2.6534","41.9345"
"177.4120","2.6531","41.9554"
"177.4320","2.6528","41.9010"
"177.4520","2.6525","41.8266"
"177.4720","2.6521","41.8321"
"177.4920","2.6518","41.7705"
"177.5120","2.6514","41.7481"
"177.5320","2.6510","41.7953"
"177.5520","2.6507","41.8418"
"177.5720","2.6503","41.8147"
"177.5920","2.6500","41.7236"
"177.6120","2.6497","41.6454"
"177.6320","2.6493","41.6706"
"177.6520","2.6489","41.7109"
"177.6720","2.6484","41.6884"
"177.6920","2.6480","41.6618"
"177.7120","2.6477","41.6778"
"177.7320","2.6474","41.7405"
"177.7520","2.6472","41.7488"
"177.7720","2.6469","41.7490"
"177.7920","2.6466","41.6954"
"177.8120","2.6463","41.6504"
"177.8320","2.6459","41.6762"
"177.8520","2.6455","41.7284"
"177.8720","2.6451","41.7062"
"177.8920","2.6447","41.6538"
"177.9120","2.6444","41.6634"
"177.9320","2.6441","41.6804"
"177.9520","2.6438","41.6431"
"177.9720","2.6434","41.6109"
"177.9920","2.6430","41.5722"
"178.0120","2.6426","41.5822"
"178.0320","2.6421","41.5653"
"178.0520","2.6417","41.5130"
"178.0720","2.6414","41.5144"
"178.0920","2.6411","41.5102"
"178.1120","2.6408","41.4697"
"178.1320","2.6405","41.4007"
"178.1520","2.6402","41.3892"
"178.1720","2.6399","41.4613"
"178.1920","2.6395","41.5185"
"178.2120","2.6392","41.4194"
"178.2320","2.6389","41.3835"
"178.2520","2.6386","41.4083"
"178.2720","2.6383","41.4123"
"178.2920","2.6380","41.3642"
"178.3120","2.6377","41.3533"
"178.3320","2.6373","41.4285"
"178.3520","2.6368","41.4692"
"178.3720","2.6364","41.4518"
"178.3920","2.6361","41.3790"
"178.4120","2.6358","41.3603"
"178.4320","2.6356","41.4010"
"178.4520","2.6354","41.4120"
"178.4720","2.6351","41.3894"
"178.4920","2.6348","41.3350"
"178.5120","2.6344","41.3390"
"178.5320","2.6340","41.3735"
"178.5520","2.6336","41.2904"
"178.5720","2.6333","41.3389"
"178.5920","2.6330","41.3668"
"178.6120","2.6327","41.2951"
"178.6320","2.6324","41.2695"
"178.6520","2.6321","41.2776"
"178.6720","2.6318","41.2998"
"178.6920","2.6313","41.2888"
"178.7120","2.6309","41.1860"
"178.7320","2.6305","41.1990"
"178.7520","2.6301","41.1392"
"178.7720","2.6298","41.2506"
"178.7920","2.6296","41.3091"
"178.8120","2.6293","41.2646"
"178.8320","2.6290","41.3152"
"178.8520","2.6287","41.3181"
"178.8720","2.6283","41.2008"
"178.8920","2.6280","41.0828"
"178.9120","2.6276","41.1107"
"178.9320","2.6274","41.1249"
"178.9520","2.6271","41.1357"
"178.9720","2.6268","41.0904"
"178.9920","2.6265","41.1035"
"179.0120","2.6261","41.2153"
"179.0320","2.6256","41.1928"
"179.0520","2.6252","41.0838"
"179.0720","2.6248","41.0859"
"179.0920","2.6245","41.0575"
"179.1120","2.6242","41.1418"
"179.1320","2.6240","41.1174"
"179.1520","2.6238","41.0321"
"179.1720","2.6235","40.9847"
"179.1920","2.6231","41.0019"
"179.2120","2.6227","41.0465"
"179.2320","2.6223","40.9550"
"179.2520","2.6220","41.0084"
"179.2720","2.6216","40.9851"
"179.2920","2.6214","40.9777"
"179.3120","2.6211","41.0055"
"179.3320","2.6208","40.9665"
"179.3520","2.6205","40.9299"
"179.3720","2.6201","40.9541"
"179.3920","2.6197","40.9618"
"179.4120","2.6193","40.9111"
"179.4320","2.6189","40.8798"
"179.4520","2.6185","40.9046"
"179.4720","2.6182","40.8966"
"179.4920","2.6180","40.9385"
"179.5120","2.6177","40.9452"
"179.5320","2.6173","40.8628"
"179.5520","2.6170","40.8736"
"179.5720","2.6166","40.8041"
"179.5920","2.6163","40.7784"
"179.6120","2.6160","40.8889"
"179.6320","2.6157","40.8476"
"179.6520","2.6154","40.8485"
"179.6720","2.6151","40.8790"
"179.6920","2.6148","40.8864"
"179.7120","2.6144","40.7983"
"179.7320","2.6139","40.7991"
"179.7520","2.6134","40.8249"
"179.7720","2.6131","40.8739"
"179.7920","2.6129","40.8819"
"179.8120","2.6126","40.7868"
"179.8320","2.6124","40.6941"
"179.8520","2.6121","40.6202"
"179.8720","2.6118","40.6530"
"179.8920","2.6114","40.7349"
"179.9120","2.6111","40.8203"
"179.9320","2.6107","40.7687"
"179.9520","2.6103","40.7591"
"179.9720","2.6100","40.7253"
"179.9920","2.6098","40.7532"
"180.0120","2.6095","40.7230"
"180.0320","2.6092","40.7079"
"180.0520","2.6088","40.6936"
"180.0720","2.6084","40.6645"
"180.0920","2.6080","40.6249"
"180.1120","2.6076","40.6217"
"180.1320","2.6072","40.6311"
"180.1520","2.6069","40.5943"
"180.1720","2.6066","40.6342"
"180.1920","2.6063","40.6072"
"180.2120","2.6060","40.5380"
"180.2320","2.6056","40.5700"
"180.2520","2.6053","40.5730"
"180.2720","2.6049","40.5464"
"180.2920","2.6046","40.5036"
"180.3120","2.6044","40.6055"
"180.3320","2.6041","40.6131"
"180.3520","2.6038","40.5477"
"180.3720","2.6035","40.5340"
"180.3920","2.6031","40.5628"
"180.4120","2.6026","40.5396"
"180.4320","2.6021","40.4299"
"180.4520","2.6017","40.4524"
"180.4720","2.6015","40.4656"
"180.4920","2.6013","40.4397"
"180.5120","2.6010","40.4712"
"180.5320","2.6008","40.5438"
"180.5520","2.6005","40.5451"
"180.5720","2.6001","40.4575"
"180.5920","2.5998","40.4406"
"180.6120","2.5994","40.4739"
"180.6320","2.5990","40.4473"
"180.6520","2.5987","40.4046"
"180.6720","2.5984","40.3736"
"180.6920","2.5981","40.3773"
"180.7120","2.5978","40.3359"
"180.7320","2.5975","40.3758"
"180.7520","2.5971","40.3876"
"180.7720","2.5967","40.3819"
"180.7920","2.5962","40.3973"
"180.8120","2.5958","40.3918"
"180.8320","2.5955","40.3888"
"180.8520","2.5952","40.3544"
"180.8720","2.5949","40.2938"
"180.8920","2.5946","40.2655"
"180.9120","2.5943","40.2799"
"180.9320","2.5939","40.3259"
"180.9520","2.5936","40.3424"
"180.9720","2.5933","40.2985"
"180.9920","2.5930","40.3284"
"181.0120","2.5928","40.3068"
"181.0320","2.5925","40.2532"
"181.0520","2.5922","40.2238"
"181.0720","2.5918","40.2922"
"181.0920","2.5913","40.2672"
"181.1120","2.5909","40.1715"
"181.1320","2.5904","40.0752"
"181.1520","2.5901","40.0812"
"181.1720","2.5898","40.1132"
"181.1920","2.5896","40.1816"
"181.2120","2.5894","40.2149"
"181.2320","2.5891","40.2198"
"181.2520","2.5888","40.2157"
"181.2720","2.5884","40.1385"
"181.2920","2.5880","40.1854"
"181.3120","2.5876","40.1401"
"181.3320","2.5873","40.1268"
"181.3520","2.5870","40.1329"
"181.3720","2.5867","40.1215"
"181.3920","2.5865","40.0952"
"181.4120","2.5861","40.1183"
"181.4320","2.5858","40.1206"
"181.4520","2.5854","40.1896"
"181.4720","2.5850","40.1672"
"181.4920","2.5845","40.0872"
"181.5120","2.5842","40.1173"
"181.5320","2.5839","40.0650"
"181.5520","2.5836","40.0456"
"181.5720","2.5833","39.9712"
"181.5920","2.5830","39.9806"
"181.6120","2.5826","39.9656"
"181.6320","2.5822","39.9964"
"181.6520","2.5819","40.0173"
"181.6720","2.5816","39.9335"
"181.6920","2.5814","39.9345"
"181.7120","2.5811","39.9169"
"181.7320","2.5808","39.8987"
"181.7520","2.5805","39.9403"
"181.7720","2.5800","40.0609"
"181.7920","2.5796","40.0401"
"181.8120","2.5791","39.9414"
"181.8320","2.5787","39.9148"
"181.8520","2.5785","39.8746"
"181.8720","2.5782","39.8385"
"181.8920","2.5780","39.8930"
"181.9120","2.5777","40.0268"
"181.9320","2.5774","39.8801"
"181.9520","2.5771","39.7317"
"181.9720","2.5767","39.7579"
"181.9920","2.5763","39.9069"
"182.0120","2.5760","39.9674"
"182.0320","2.5757","39.9646"
"182.0520","2.5754","39.9436"
"182.0720","2.5751","39.8266"
"182.0920","2.5748","39.8292"
"182.1120","2.5745","39.8300"
"182.1320","2.5741","39.8304"
"182.1520","2.5737","39.7675"
"182.1720","2.5732","39.7573"
"182.1920","2.5729","39.7729"
"182.2120","2.5725","39.8587"
"182.2320","2.5722","39.8951"
"182.2520","2.5720","39.8759"
"182.2720","2.5716","39.7448"
"182.2920","2.5713","39.7742"
"182.3120","2.5709","39.8373"
"182.3320","2.5706","39.8361"
"182.3520","2.5703","39.7702"
"182.3720","2.5700","39.5894"
"182.3920","2.5698","39.5280"
"182.4120","2.5695","39.6424"
"182.4320","2.5692","39.6036"
"182.4520","2.5688","39.6201"
"182.4720","2.5683","39.5755"
"182.4920","2.5678","39.6330"
"182.5120","2.5674","39.6410"
"182.5320","2.5671","39.6098"
"182.5520","2.5669","39.5814"
"182.5720","2.5667","39.6255"
"182.5920","2.5664","39.6301"
"182.6120","2.5661","39.6273"
"182.6320","2.5658","39.6575"
"182.6520","2.5654","39.5697"
"182.6720","2.5650","39.4999"
"182.6920","2.5646","39.5201"
"182.7120","2.5643","39.5831"
"182.7320","2.5640","39.6321"
"182.7520","2.5638","39.5953"
"182.7720","2.5635","39.5308"
"182.7920","2.5632","39.5508"
"182.8120","2.5628","39.5667"
"182.8320","2.5624","39.5262"
"182.8520","2.5619","39.5252"
"182.8720","2.5615","39.5277"
"182.8920","2.5612","39.5266"
"182.9120","2.5609","39.5381"
"182.9320","2.5606","39.6541"
"182.9520","2.5603","39.6452"
"182.9720","2.5600","39.5292"
"182.9920","2.5596","39.4586"
"183.0120","2.5593","39.4051"
"183.0320","2.5589","39.3770"
"183.0520","2.5587","39.4092"
"183.0720","2.5584","39.4306"
"183.0920","2.5581","39.4650"
"183.1120","2.5578","39.4794"
"183.1320","2.5575","39.5264"
"183.1520","2.5570","39.4391"
"183.1720","2.5566","39.3337"
"183.1920","2.5561","39.2868"
"183.2120","2.5557","39.4098"
"183.2320","2.5555","39.4954"
"183.2520","2.5553","39.4605"
"183.2720","2.5551","39.3938"
"183.2920","2.5548","39.4162"
"183.3120","2.5545","39.4088"
"183.3320","2.5541","39.4228"
"183.3520","2.5537","39.4211"
"183.3720","2.5533","39.4611"
"183.3920","2.5530","39.3965"
"183.4120","2.5527","39.3592"
"183.4320","2.5524","39.3098"
"183.4520","2.5521","39.2994"
"183.4720","2.5518","39.2869"
"183.4920","2.5515","39.2622"
"183.5120","2.5511","39.1682"
"183.5320","2.5506","39.1740"
"183.5520","2.5502","39.2232"
"183.5720","2.5498","39.2740"
"183.5920","2.5495","39.3689"
"183.6120","2.5492","39.3715"
"183.6320","2.5490","39.2901"
"183.6520","2.5486","39.2122"
"183.6720","2.5483","39.1713"
"183.6920","2.5479","39.1853"
"183.7120","2.5476","39.1926"
"183.7320","2.5473","39.1585"
"183.7520","2.5470","39.1339"
"183.7720","2.5468","39.2147"
"183.7920","2.5465","39.2410"
"183.8120","2.5462","39.2225"
"183.8320","2.5458","39.1810"
"183.8520","2.5453","39.2691"
"183.8720","2.5448","39.1556"
"183.8920","2.5444","39.1249"
"183.9120","2.5441","39.1009"
"183.9320","2.5439","39.1214"
"183.9520","2.5437","39.1184"
"183.9720","2.5434","39.0767"
"183.9920","2.5431","39.0976"
"184.0120","2.5428","39.1327"
"184.0320","2.5424","39.2111"
"184.0520","2.5420","39.1215"
"184.0720","2.5416","39.0479"
"184.0920","2.5413","39.1003"
"184.1120","2.5410","39.0753"
"184.1320","2.5408","38.9823"
"184.1520","2.5405","39.0069"
"184.1720","2.5402","39.1038"
"184.1920","2.5398","39.1397"
"184.2120","2.5393","39.0570"
"184.2320","2.5389","39.0155"
"184.2520","2.5385","39.0340"
"184.2720","2.5382","38.9644"
"184.2920","2.5379","38.9585"
"184.3120","2.5376","38.9574"
"184.3320","2.5373","38.9196"
"184.3520","2.5370","38.9629"
"184.3720","2.5366","38.9282"
"184.3920","2.5363","38.9541"
"184.4120","2.5359","38.9796"
"184.4320","2.5356","38.9519"
"184.4520","2.5354","38.8675"
"184.4720","2.5351","38.8542"
"184.4920","2.5348","38.9060"
"184.5120","2.5344","38.9652"
"184.5320","2.5340","38.9369"
"184.5520","2.5335","38.8798"
"184.5720","2.5331","38.9541"
"184.5920","2.5327","38.8969"
"184.6120","2.5325","38.8860"
"184.6320","2.5323","38.8695"
"184.6520","2.5321","38.8944"
"184.6720","2.5318","38.8606"
"184.6920","2.5314","38.8298"
"184.7120","2.5311","38.8141"
"184.7320","2.5307","38.7739"
"184.7520","2.5303","38.7389"
"184.7720","2.5299","38.8056"
"184.7920","2.5297","38.7963"
"184.8120","2.5294","38.8373"
"184.8320","2.5291","39.0240"
"184.8520","2.5288","38.9577"
"184.8720","2.5284","38.8765"
"184.8920","2.5280","38.7214"
"184.9120","2.5276","38.6550"
"184.9320","2.5272","38.6592"
"184.9520","2.5268","38.7449"
"184.9720","2.5265","38.7528"
"184.9920","2.5263","38.8037"
"185.0120","2.5260","38.7518"
"185.0320","2.5257","38.6890"
"185.0520","2.5253","38.6095"
"185.0720","2.5250","38.5754"
"185.0920","2.5246","38.5391"
"185.1120","2.5243","38.5812"
"185.1320","2.5241","38.6168"
"185.1520","2.5238","38.6208"
"185.1720","2.5235","38.5852"
"185.1920","2.5231","38.7158"
"185.2120","2.5227","38.7558"
"185.2320","2.5222","38.7879"
"185.2520","2.5217","38.7498"
"185.2720","2.5214","38.7024"
"185.2920","2.5211","38.6357"
"185.3120","2.5209","38.6518"
"185.3320","2.5207","38.6803"
"185.3520","2.5204","38.6539"
"185.3720","2.5201","38.6002"
"185.3920","2.5198","38.5428"
"185.4120","2.5194","38.5454"
"185.4320","2.5190","38.4634"
"185.4520","2.5186","38.4290"
"185.4720","2.5183","38.3847"
"185.4920","2.5180","38.4522"
"185.5120","2.5177","38.5495"
"185.5320","2.5174","38.5011"
"185.5520","2.5171","38.4675"
"185.5720","2.5167","38.4416"
"185.5920","2.5163","38.4765"
"185.6120","2.5159","38.4699"
"185.6320","2.5155","38.4278"
"185.6520","2.5152","38.4272"
"185.6720","2.5149","38.4653"
"185.6920","2.5146","38.4750"
"185.7120","2.5143","38.4908"
"185.7320","2.5140","38.4813"
"185.7520","2.5137","38.4396"
"185.7720","2.5133","38.4843"
"185.7920","2.5130","38.5781"
"185.8120","2.5127","38.4683"
"185.8320","2.5124","38.3938"
"185.8520","2.5122","38.3697"
"185.8720","2.5118","38.3892"
"185.8920","2.5114","38.4421"
"185.9120","2.5109","38.3736"
"185.9320","2.5104","38.3391"
"185.9520","2.5100","38.3584"
"185.9720","2.5098","38.3573"
"185.9920","2.5096","38.4076"
"186.0120","2.5093","38.3707"
"186.0320","2.5091","38.3445"
"186.0520","2.5088","38.3318"
"186.0720","2.5085","38.2961"
"186.0920","2.5081","38.3483"
"186.1120","2.5077","38.2509"
"186.1320","2.5073","38.2554"
"186.1520","2.5069","38.2531"
"186.1720","2.5067","38.2406"
"186.1920","2.5064","38.2456"
"186.2120","2.5061","38.1628"
"186.2320","2.5058","38.1850"
"186.2520","2.5054","38.1791"
"186.2720","2.5050","38.2415"
"186.2920","2.5046","38.2224"
"186.3120","2.5042","38.1910"
"186.3320","2.5038","38.2327"
"186.3520","2.5035","38.2966"
"186.3720","2.5033","38.2910"
"186.3920","2.5030","38.2015"
"186.4120","2.5027","38.1490"
"186.4320","2.5023","38.2148"
"186.4520","2.5020","38.1946"
"186.4720","2.5016","38.1154"
"186.4920","2.5013","38.1193"
"186.5120","2.5011","38.1018"
"186.5320","2.5008","38.1208"
"186.5520","2.5005","38.0732"
"186.5720","2.5001","38.1211"
"186.5920","2.4997","38.1364"
"186.6120","2.4992","38.1588"
"186.6320","2.4988","38.0958"
"186.6520","2.4984","38.0866"
"186.6720","2.4981","38.1062"
"186.6920","2.4979","38.0576"
"186.7120","2.4977","38.0492"
"186.7320","2.4975","38.0670"
"186.7520","2.4971","38.0683"
"186.7720","2.4968","38.0930"
"186.7920","2.4964","38.0505"
"186.8120","2.4960","38.0606"
"186.8320","2.4956","38.1054"
"186.8520","2.4953","38.1894"
"186.8720","2.4950","38.0269"
"186.8920","2.4948","37.9859"
"186.9120","2.4945","38.0005"
"186.9320","2.4941","37.9738"
"186.9520","2.4937","37.9521"
"186.9720","2.4933","37.9161"
"186.9920","2.4929","37.9196"
"187.0120","2.4925","37.9582"
"187.0320","2.4922","37.8573"
"187.0520","2.4919","37.8978"
"187.0720","2.4916","37.9282"
"187.0920","2.4914","37.9522"
"187.1120","2.4910","37.9743"
"187.1320","2.4907","37.9754"
"187.1520","2.4903","37.8769"
"187.1720","2.4900","37.8953"
"187.1920","2.4897","37.8766"
"187.2120","2.4894","37.8742"
"187.2320","2.4891","37.8906"
"187.2520","2.4888","37.8941"
"187.2720","2.4884","37.8056"
"187.2920","2.4880","37.8230"
"187.3120","2.4875","37.8043"
"187.3320","2.4871","37.7580"
"187.3520","2.4868","37.7597"
"187.3720","2.4865","37.8129"
"187.3920","2.4863","37.8787"
"187.4120","2.4861","37.8775"
"187.4320","2.4858","37.8234"
"187.4520","2.4855","37.7556"
"187.4720","2.4851","37.7361"
"187.4920","2.4847","37.7315"
"187.5120","2.4843","37.8545"
"187.5320","2.4839","37.8785"
"187.5520","2.4837","37.7823"
"187.5720","2.4834","37.7742"
"187.5920","2.4831","37.6683"
"187.6120","2.4828","37.6496"
"187.6320","2.4824","37.7074"
"187.6520","2.4820","37.7363"
"187.6720","2.4816","37.7646"
"187.6920","2.4812","37.8571"
"187.7120","2.4808","37.8166"
"187.7320","2.4806","37.7406"
"187.7520","2.4803","37.6733"
"187.7720","2.4800","37.6424"
"187.7920","2.4797","37.6643"
"187.8120","2.4793","37.6534"
"187.8320","2.4790","37.6004"
"187.8520","2.4786","37.6003"
"187.8720","2.4783","37.6762"
"187.8920","2.4781","37.5958"
"187.9120","2.4778","37.5277"
"187.9320","2.4775","37.5694"
"187.9520","2.4771","37.6297"
"187.9720","2.4767","37.5729"
"187.9920","2.4762","37.4594"
"188.0120","2.4758","37.4967"
"188.0320","2.4754","37.5452"
"188.0520","2.4751","37.5598"
"188.0720","2.4749","37.4923"
"188.0920","2.4747","37.4882"
"188.1120","2.4745","37.5311"
"188.1320","2.4741","37.5445"
"188.1520","2.4738","37.4766"
"188.1720","2.4734","37.4838"
"188.1920","2.4730","37.5689"
"188.2120","2.4726","37.6051"
"188.2320","2.4723","37.5475"
"188.2520","2.4720","37.5174"
"188.2720","2.4718","37.4846"
"188.2920","2.4715","37.5450"
"188.3120","2.4711","37.5247"
"188.3320","2.4707","37.5239"
"188.3520","2.4703","37.5232"
"188.3720","2.4699","37.4682"
"188.3920","2.4695","37.4033"
"188.4120","2.4692","37.4049"
"188.4320","2.4689","37.4415"
"188.4520","2.4686","37.4836"
"188.4720","2.4683","37.4345"
"188.4920","2.4680","37.3889"
"188.5120","2.4676","37.3514"
"188.5320","2.4673","37.3227"
"188.5520","2.4670","37.3316"
"188.5720","2.4667","37.4422"
"188.5920","2.4664","37.4864"
"188.6120","2.4661","37.4025"
"188.6320","2.4658","37.3768"
"188.6520","2.4654","37.3501"
"188.6720","2.4650","37.2955"
"188.6920","2.4645","37.2700"
"188.7120","2.4641","37.1985"
"188.7320","2.4638","37.2663"
"188.7520","2.4636","37.3837"
"188.7720","2.4634","37.3902"
"188.7920","2.4631","37.3489"
"188.8120","2.4628","37.2524"
"188.8320","2.4624","37.2575"
"188.8520","2.4620","37.3168"
"188.8720","2.4616","37.3059"
"188.8920","2.4613","37.2593"
"188.9120","2.4609","37.2989"
"188.9320","2.4607","37.3556"
"188.9520","2.4604","37.3190"
"188.9720","2.4601","37.1973"
"188.9920","2.4598","37.1897"
"189.0120","2.4594","37.1668"
"189.0320","2.4590","37.1934"
"189.0520","2.4586","37.1843"
"189.0720","2.4582","37.2059"
"189.0920","2.4578","37.1751"
"189.1120","2.4575","37.1560"
"189.1320","2.4573","37.1487"
"189.1520","2.4570","37.1552"
"189.1720","2.4566","37.1161"
"189.1920","2.4563","37.1339"
"189.2120","2.4559","37.1586"
"189.2320","2.4556","37.2100"
"189.2520","2.4553","37.1533"
"189.2720","2.4550","37.1724"
"189.2920","2.4548","37.1439"
"189.3120","2.4545","37.1064"
"189.3320","2.4541","37.0408"
"189.3520","2.4537","37.0474"
"189.3720","2.4532","37.0056"
"189.3920","2.4527","37.0678"
"189.4120","2.4524","37.0788"
"189.4320","2.4522","37.0732"
"189.4520","2.4519","36.9932"
"189.4720","2.4517","37.0094"
"189.4920","2.4514","37.0674"
"189.5120","2.4511","37.0981"
"189.5320","2.4507","37.0399"
"189.5520","2.4503","37.0186"
"189.5720","2.4499","37.0621"
"189.5920","2.4496","37.0769"
"189.6120","2.4493","37.0476"
"189.6320","2.4490","37.0384"
"189.6520","2.4488","37.0505"
"189.6720","2.4485","37.0519"
"189.6920","2.4481","37.0201"
"189.7120","2.4477","36.9599"
"189.7320","2.4473","36.9608"
"189.7520","2.4469","37.0264"
"189.7720","2.4465","36.9563"
"189.7920","2.4462","36.8763"
"189.8120","2.4459","36.9173"
"189.8320","2.4456","36.9539"
"189.8520","2.4453","36.8667"
"189.8720","2.4450","36.8302"
"189.8920","2.4446","36.7731"
"189.9120","2.4443","36.7416"
"189.9320","2.4440","36.8237"
"189.9520","2.4437","36.9147"
"189.9720","2.4434","36.9289"
"189.9920","2.4431","36.9675"
"190.0120","2.4428","36.9285"
"190.0320","2.4424","36.8001"
"190.0520","2.4420","36.7386"
"190.0720","2.4415","36.7832"
"190.0920","2.4411","36.8404"
"190.1120","2.4408","36.8397"
"190.1320","2.4406","36.7986"
"190.1520","2.4403","36.8088"
"190.1720","2.4401","36.7424"
"190.1920","2.4398","36.7295"
"190.2120","2.4395","36.7609"
"190.2320","2.4391","36.7643"
"190.2520","2.4387","36.8052"
"190.2720","2.4383","36.8428"
"190.2920","2.4380","36.8394"
"190.3120","2.4377","36.7519"
"190.3320","2.4374","36.7717"
"190.3520","2.4371","36.7287"
"190.3720","2.4368","36.7419"
"190.3920","2.4364","36.7212"
"190.4120","2.4360","36.6767"
"190.4320","2.4356","36.6734"
"190.4520","2.4352","36.6372"
"190.4720","2.4349","36.6525"
"190.4920","2.4346","36.6339"
"190.5120","2.4343","36.6480"
"190.5320","2.4340","36.6410"
"190.5520","2.4337","36.6132"
"190.5720","2.4333","36.6369"
"190.5920","2.4330","36.6285"
"190.6120","2.4326","36.6573"
"190.6320","2.4323","36.6878"
"190.6520","2.4321","36.6950"
"190.6720","2.4318","36.6261"
"190.6920","2.4315","36.5910"
"190.7120","2.4311","36.5955"
"190.7320","2.4307","36.5999"
"190.7520","2.4303","36.5214"
"190.7720","2.4298","36.5370"
"190.7920","2.4295","36.6373"
"190.8120","2.4292","36.6374"
"190.8320","2.4290","36.6303"
"190.8520","2.4288","36.6217"
"190.8720","2.4285","36.5197"
"190.8920","2.4281","36.4594"
"190.9120","2.4278","36.4765"
"190.9320","2.4274","36.4951"
"190.9520","2.4270","36.4549"
"190.9720","2.4266","36.4992"
"190.9920","2.4263","36.5539"
"191.0120","2.4260","36.6304"
"191.0320","2.4258","36.5848"
"191.0520","2.4255","36.5334"
"191.0720","2.4251","36.4465"
"191.0920","2.4247","36.3803"
"191.1120","2.4242","36.4040"
"191.1320","2.4238","36.4875"
"191.1520","2.4235","36.4736"
"191.1720","2.4232","36.4233"
"191.1920","2.4229","36.3939"
"191.2120","2.4227","36.4075"
"191.2320","2.4224","36.4222"
"191.2520","2.4220","36.4314"
"191.2720","2.4216","36.4429"
"191.2920","2.4213","36.3931"
"191.3120","2.4210","36.3937"
"191.3320","2.4207","36.3836"
"191.3520","2.4204","36.3275"
"191.3720","2.4201","36.4103"
"191.3920","2.4198","36.4451"
"191.4120","2.4194","36.3809"
"191.4320","2.4190","36.3122"
"191.4520","2.4185","36.3538"
"191.4720","2.4181","36.3490"
"191.4920","2.4178","36.2547"
"191.5120","2.4176","36.2442"
"191.5320","2.4174","36.2964"
"191.5520","2.4171","36.3207"
"191.5720","2.4168","36.3053"
"191.5920","2.4165","36.3388"
"191.6120","2.4161","36.2615"
"191.6320","2.4157","36.2027"
"191.6520","2.4153","36.2302"
"191.6720","2.4150","36.2393"
"191.6920","2.4147","36.2693"
"191.7120","2.4144","36.2791"
"191.7320","2.4141","36.3138"
"191.7520","2.4137","36.3658"
"191.7720","2.4133","36.3150"
"191.7920","2.4129","36.2658"
"191.8120","2.4125","36.2220"
"191.8320","2.4121","36.0563"
"191.8520","2.4118","36.0991"
"191.8720","2.4116","36.1903"
"191.8920","2.4113","36.0931"
"191.9120","2.4110","36.1360"
"191.9320","2.4107","36.1663"
"191.9520","2.4103","36.1430"
"191.9720","2.4099","36.0840"
"191.9920","2.4096","36.1449"
"192.0120","2.4093","36.2560"
"192.0320","2.4090","36.2394"
"192.0520","2.4088","36.1939"
"192.0720","2.4084","36.1736"
"192.0920","2.4081","36.1362"
"192.1120","2.4076","36.1214"
"192.1320","2.4072","36.1261"
"192.1520","2.4068","36.1300"
"192.1720","2.4064","36.1398"
"192.1920","2.4062","36.0904"
"192.2120","2.4060","36.0690"
"192.2320","2.4058","35.9846"
"192.2520","2.4055","35.9010"
"192.2720","2.4051","35.9719"
"192.2920","2.4048","36.0551"
"192.3120","2.4044","36.1039"
"192.3320","2.4040","36.0020"
"192.3520","2.4037","35.9878"
"192.3720","2.4033","36.0921"
"192.3920","2.4031","36.1239"
"192.4120","2.4028","36.1789"
"192.4320","2.4024","36.1561"
"192.4520","2.4021","36.0546"
"192.4720","2.4016","36.0052"
"192.4920","2.4012","35.9472"
"192.5120","2.4008","36.0690"
"192.5320","2.4004","36.1214"
"192.5520","2.4002","36.0287"
"192.5720","2.3999","36.0209"
"192.5920","2.3996","36.0068"
"192.6120","2.3993","35.9431"
"192.6320","2.3990","35.9772"
"192.6520","2.3986","36.0257"
"192.6720","2.3983","36.0047"
"192.6920","2.3980","35.9329"
"192.7120","2.3977","35.8396"
"192.7320","2.3974","35.8779"
"192.7520","2.3971","35.9432"
"192.7720","2.3967","35.9413"
"192.7920","2.3963","35.9559"
"192.8120","2.3959","35.9231"
"192.8320","2.3955","35.8107"
"192.8520","2.3951","35.8625"
"192.8720","2.3948","35.9229"
"192.8920","2.3946","35.8811"
"192.9120","2.3944","35.8320"
"192.9320","2.3941","35.7350"
"192.9520","2.3938","35.8145"
"192.9720","2.3935","35.8769"
"192.9920","2.3931","35.8824"
"193.0120","2.3927","35.8542"
"193.0320","2.3923","35.8211"
"193.0520","2.3920","35.7668"
"193.0720","2.3917","35.7486"
"193.0920","2.3915","35.7846"
"193.1120","2.3912","35.7465"
"193.1320","2.3908","35.7204"
"193.1520","2.3904","35.7515"
"193.1720","2.3900","35.8132"
"193.1920","2.3896","35.8311"
"193.2120","2.3892","35.7437"
"193.2320","2.3889","35.7105"
"193.2520","2.3886","35.7695"
"193.2720","2.3883","35.7456"
"193.2920","2.3880","35.7103"
"193.3120","2.3877","35.6765"
"193.3320","2.3873","35.5627"
"193.3520","2.3870","35.5290"
"193.3720","2.3867","35.5549"
"193.3920","2.3864","35.5920"
"193.4120","2.3861","35.6005"
"193.4320","2.3858","35.5977"
"193.4520","2.3854","35.6693"
"193.4720","2.3851","35.6245"
"193.4920","2.3846","35.5930"
"193.5120","2.3842","35.5865"
"193.5320","2.3838","35.6471"
"193.5520","2.3834","35.5772"
"193.5720","2.3832","35.6102"
"193.5920","2.3830","35.5001"
"193.6120","2.3827","35.5246"
"193.6320","2.3825","35.5003"
"193.6520","2.3821","35.5696"
"193.6720","2.3817","35.6291"
"193.6920","2.3814","35.5873"
"193.7120","2.3810","35.6097"
"193.7320","2.3807","35.6539"
"193.7520","2.3804","35.5258"
"193.7720","2.3801","35.4225"
"193.7920","2.3798","35.4152"
"193.8120","2.3795","35.4816"
"193.8320","2.3791","35.5451"
"193.8520","2.3787","35.5587"
"193.8720","2.3783","35.4945"
"193.8920","2.3779","35.4819"
"193.9120","2.3775","35.4201"
"193.9320","2.3772","35.3583"
"193.9520","2.3769","35.4722"
"193.9720","2.3766","35.4530"
"193.9920","2.3763","35.4668"
"194.0120","2.3760","35.4507"
"194.0320","2.3756","35.4247"
"194.0520","2.3753","35.4498"
"194.0720","2.3750","35.4822"
"194.0920","2.3747","35.4334"
"194.1120","2.3744","35.3691"
"194.1320","2.3741","35.4059"
"194.1520","2.3738","35.4106"
"194.1720","2.3733","35.4441"
"194.1920","2.3729","35.3929"
"194.2120","2.3725","35.3550"
"194.2320","2.3721","35.4137"
"194.2520","2.3718","35.4998"
"194.2720","2.3716","35.4601"
"194.2920","2.3714","35.4813"
"194.3120","2.3711","35.3769"
"194.3320","2.3708","35.3158"
"194.3520","2.3704","35.3701"
"194.3720","2.3700","35.3591"
"194.3920","2.3697","35.2322"
"194.4120","2.3693","35.2101"
"194.4320","2.3690","35.2155"
"194.4520","2.3687","35.2167"
"194.4720","2.3684","35.2466"
"194.4920","2.3681","35.2363"
"194.5120","2.3678","35.2467"
"194.5320","2.3674","35.2799"
"194.5520","2.3670","35.2999"
"194.5720","2.3666","35.3111"
"194.5920","2.3662","35.2380"
"194.6120","2.3659","35.1939"
"194.6320","2.3656","35.1890"
"194.6520","2.3653","35.2175"
"194.6720","2.3650","35.2118"
"194.6920","2.3646","35.2492"
"194.7120","2.3643","35.2206"
"194.7320","2.3639","35.2746"
"194.7520","2.3636","35.2497"
"194.7720","2.3633","35.1231"
"194.7920","2.3631","35.1197"
"194.8120","2.3628","35.1044"
"194.8320","2.3625","35.0628"
"194.8520","2.3621","35.1373"
"194.8720","2.3616","35.1416"
"194.8920","2.3612","35.1712"
"194.9120","2.3608","35.1458"
"194.9320","2.3605","35.1526"
"194.9520","2.3602","35.1388"
"194.9720","2.3600","35.1008"
"194.9920","2.3598","35.0956"
"195.0120","2.3595","35.1206"
"195.0320","2.3591","35.1277"
"195.0520","2.3588","35.1478"
"195.0720","2.3584","35.1170"
"195.0920","2.3580","35.1238"
"195.1120","2.3577","35.1482"
"195.1320","2.3574","35.0890"
"195.1520","2.3571","35.0077"
"195.1720","2.3568","34.9687"
"195.1920","2.3565","34.9593"
"195.2120","2.3561","34.9656"
"195.2320","2.3557","35.0320"
"195.2520","2.3552","35.0967"
"195.2720","2.3548","35.0260"
"195.2920","2.3545","35.0811"
"195.3120","2.3542","35.0468"
"195.3320","2.3539","35.0090"
"195.3520","2.3536","34.9723"
"195.3720","2.3533","35.0237"
"195.3920","2.3529","35.0014"
"195.4120","2.3526","34.9589"
"195.4320","2.3523","34.9987"
"195.4520","2.3520","34.9821"
"195.4720","2.3517","34.9569"
"195.4920","2.3515","34.9567"
"195.5120","2.3512","34.8647"
"195.5320","2.3508","34.8288"
"195.5520","2.3504","34.9008"
"195.5720","2.3499","34.9852"
"195.5920","2.3495","34.9175"
"195.6120","2.3491","34.8796"
"195.6320","2.3488","34.8947"
"195.6520","2.3486","34.8699"
"195.6720","2.3484","34.9138"
"195.6920","2.3481","34.9792"
"195.7120","2.3478","34.9459"
"195.7320","2.3474","34.9071"
"195.7520","2.3470","34.8475"
"195.7720","2.3466","34.7956"
"195.7920","2.3463","34.8214"
"195.8120","2.3460","34.8181"
"195.8320","2.3457","34.8227"
"195.8520","2.3454","34.7639"
"195.8720","2.3451","34.7800"
"195.8920","2.3448","34.8254"
"195.9120","2.3444","34.8069"
"195.9320","2.3440","34.7359"
"195.9520","2.3436","34.7134"
"195.9720","2.3432","34.7800"
"195.9920","2.3429","34.7549"
"196.0120","2.3426","34.7474"
"196.0320","2.3423","34.6844"
"196.0520","2.3420","34.6677"
"196.0720","2.3416","34.7449"
"196.0920","2.3412","34.7760"
"196.1120","2.3409","34.8318"
"196.1320","2.3406","34.8570"
"196.1520","2.3404","34.7732"
"196.1720","2.3401","34.6951"
"196.1920","2.3398","34.6851"
"196.2120","2.3395","34.6776"
"196.2320","2.3391","34.6959"
"196.2520","2.3386","34.7254"
"196.2720","2.3382","34.7396"
"196.2920","2.3378","34.7575"
"196.3120","2.3374","34.6647"
"196.3320","2.3372","34.6775"
"196.3520","2.3370","34.6910"
"196.3720","2.3367","34.7213"
"196.3920","2.3364","34.6812"
"196.4120","2.3361","34.6199"
"196.4320","2.3357","34.5959"
"196.4520","2.3353","34.5689"
"196.4720","2.3350","34.5527"
"196.4920","2.3347","34.5685"
"196.5120","2.3344","34.5376"
"196.5320","2.3341","34.5162"
"196.5520","2.3338","34.5625"
"196.5720","2.3335","34.6240"
"196.5920","2.3331","34.5579"
"196.6120","2.3327","34.4668"
"196.6320","2.3323","34.5052"
"196.6520","2.3319","34.5831"
"196.6720","2.3316","34.6148"
"196.6920","2.3313","34.5472"
"196.7120","2.3310","34.5623"
"196.7320","2.3306","34.5081"
"196.7520","2.3303","34.4840"
"196.7720","2.3299","34.5341"
"196.7920","2.3296","34.5640"
"196.8120","2.3293","34.4838"
"196.8320","2.3290","34.4728"
"196.8520","2.3287","34.5016"
"196.8720","2.3285","34.4796"
"196.8920","2.3281","34.4874"
"196.9120","2.3277","34.5091"
"196.9320","2.3273","34.4095"
"196.9520","2.3269","34.4270"
"196.9720","2.3264","34.4818"
"196.9920","2.3261","34.4975"
"197.0120","2.3258","34.4416"
"197.0320","2.3256","34.4173"
"197.0520","2.3254","34.4513"
"197.0720","2.3251","34.4700"
"197.0920","2.3248","34.4915"
"197.1120","2.3244","34.4520"
"197.1320","2.3240","34.4377"
"197.1520","2.3236","34.4525"
"197.1720","2.3233","34.4905"
"197.1920","2.3230","34.4514"
"197.2120","2.3227","34.2908"
"197.2320","2.3225","34.3061"
"197.2520","2.3221","34.2739"
"197.2720","2.3218","34.2916"
"197.2920","2.3214","34.3909"
"197.3120","2.3209","34.4096"
"197.3320","2.3205","34.3873"
"197.3520","2.3202","34.3455"
"197.3720","2.3199","34.3038"
"197.3920","2.3196","34.3115"
"197.4120","2.3193","34.2841"
"197.4320","2.3190","34.3022"
"197.4520","2.3186","34.3002"
"197.4720","2.3183","34.3396"
"197.4920","2.3179","34.2966"
"197.5120","2.3176","34.3313"
"197.5320","2.3174","34.3403"
"197.5520","2.3171","34.3076"
"197.5720","2.3168","34.2892"
"197.5920","2.3165","34.2065"
"197.6120","2.3161","34.2843"
"197.6320","2.3156","34.2975"
"197.6520","2.3151","34.2853"
"197.6720","2.3148","34.2379"
"197.6920","2.3145","34.1440"
"197.7120","2.3143","34.1298"
"197.7320","2.3140","34.1423"
"197.7520","2.3138","34.1466"
"197.7720","2.3135","34.2472"
"197.7920","2.3131","34.3075"
"197.8120","2.3127","34.1772"
"197.8320","2.3123","34.1436"
"197.8520","2.3120","34.2069"
"197.8720","2.3117","34.1800"
"197.8920","2.3114","34.1588"
"197.9120","2.3111","34.2184"
"197.9320","2.3108","34.1914"
"197.9520","2.3104","34.1637"
"197.9720","2.3101","34.1553"
"197.9920","2.3096","34.0422"
"198.0120","2.3092","34.0130"
"198.0320","2.3088","34.1025"
"198.0520","2.3085","34.1338"
"198.0720","2.3082","34.1596"
"198.0920","2.3079","34.1079"
"198.1120","2.3076","33.9999"
"198.1320","2.3073","33.9786"
"198.1520","2.3069","33.9868"
"198.1720","2.3066","33.9497"
"198.1920","2.3063","33.9749"
"198.2120","2.3060","33.9898"
"198.2320","2.3058","34.0007"
"198.2520","2.3055","34.0040"
"198.2720","2.3052","34.0596"
"198.2920","2.3048","33.9496"
"198.3120","2.3043","33.9393"
"198.3320","2.3039","34.0109"
"198.3520","2.3035","34.0107"
"198.3720","2.3031","33.9811"
"198.3920","2.3029","33.9906"
"198.4120","2.3027","33.9570"
"198.4320","2.3024","33.9589"
"198.4520","2.3021","33.9764"
"198.4720","2.3018","33.9385"
"198.4920","2.3014","33.9321"
"198.5120","2.3010","33.9472"
"198.5320","2.3006","33.9813"
"198.5520","2.3003","33.9728"
"198.5720","2.3000","33.9402"
"198.5920","2.2998","33.8669"
"198.6120","2.2995","33.7941"
"198.6320","2.2992","33.8222"
"198.6520","2.2988","33.8568"
"198.6720","2.2984","33.8401"
"198.6920","2.2979","33.8616"
"198.7120","2.2975","33.9051"
"198.7320","2.2972","33.8815"
"198.7520","2.2969","33.8621"
"198.7720","2.2966","33.8602"
"198.7920","2.2963","33.8798"
"198.8120","2.2960","33.8135"
"198.8320","2.2957","33.8052"
"198.8520","2.2953","33.7198"
"198.8720","2.2950","33.7510"
"198.8920","2.2947","33.8631"
"198.9120","2.2944","33.8666"
"198.9320","2.2941","33.8167"
"198.9520","2.2938","33.9039"
"198.9720","2.2935","33.9041"
"198.9920","2.2930","33.7649"
"199.0120","2.2926","33.7066"
"199.0320","2.2921","33.7792"
"199.0520","2.2918","33.7819"
"199.0720","2.2915","33.7595"
"199.0920","2.2913","33.8098"
"199.1120","2.2910","33.8177"
"199.1320","2.2908","33.8265"
"199.1520","2.2904","33.8300"
"199.1720","2.2901","33.8212"
"199.1920","2.2897","33.7685"
"199.2120","2.2893","33.6371"
"199.2320","2.2890","33.6171"
"199.2520","2.2887","33.6515"
"199.2720","2.2884","33.6752"
"199.2920","2.2881","33.6476"
"199.3120","2.2878","33.5958"
"199.3320","2.2875","33.6748"
"199.3520","2.2870","33.7633"
"199.3720","2.2866","33.6819"
"199.3920","2.2862","33.6125"
"199.4120","2.2858","33.5490"
"199.4320","2.2855","33.6141"
"199.4520","2.2853","33.7021"
"199.4720","2.2850","33.6285"
"199.4920","2.2847","33.4816"
"199.5120","2.2843","33.6413"
"199.5320","2.2840","33.7347"
"199.5520","2.2836","33.6514"
"199.5720","2.2833","33.5214"
"199.5920","2.2830","33.5565"
"199.6120","2.2828","33.5248"
"199.6320","2.2824","33.5663"
"199.6520","2.2821","33.5658"
"199.6720","2.2817","33.5579"
"199.6920","2.2812","33.5081"
"199.7120","2.2808","33.4892"
"199.7320","2.2804","33.5183"
"199.7520","2.2801","33.5708"
"199.7720","2.2799","33.5611"
"199.7920","2.2797","33.4918"
"199.8120","2.2794","33.4849"
"199.8320","2.2791","33.5415"
"199.8520","2.2788","33.5923"
"199.8720","2.2784","33.5416"
"199.8920","2.2780","33.5035"
"199.9120","2.2776","33.5022"
"199.9320","2.2773","33.5049"
"199.9520","2.2770","33.5001"
"199.9720","2.2767","33.5003"
"199.9920","2.2764","33.4364"
"200.0120","2.2761","33.4226"
"200.0320","2.2757","33.5352"
"200.0520","2.2753","33.5172"
"200.0720","2.2749","33.5355"
"200.0920","2.2745","33.4335"
"200.1120","2.2742","33.3282"
"200.1320","2.2739","33.3472"
"200.1520","2.2736","33.3447"
"200.1720","2.2733","33.4667"
"200.1920","2.2730","33.5307"
"200.2120","2.2727","33.4965"
"200.2320","2.2723","33.4709"
"200.2520","2.2720","33.4485"
"200.2720","2.2717","33.4295"
"200.2920","2.2714","33.3982"
"200.3120","2.2711","33.3920"
"200.3320","2.2708","33.3186"
"200.3520","2.2704","33.3335"
"200.3720","2.2700","33.2877"
"200.3920","2.2695","33.2914"
"200.4120","2.2691","33.3032"
"200.4320","2.2688","33.3528"
"200.4520","2.2685","33.3052"
"200.4720","2.2683","33.2380"
"200.4920","2.2681","33.2377"
"200.5120","2.2678","33.2438"
"200.5320","2.2675","33.1629"
"200.5520","2.2671","33.1291"
"200.5720","2.2667","33.1985"
"200.5920","2.2663","33.2257"
"200.6120","2.2659","33.2770"
"200.6320","2.2656","33.2717"
"200.6520","2.2654","33.2818"
"200.6720","2.2651","33.2791"
"200.6920","2.2648","33.2239"
"200.7120","2.2644","33.1947"
"200.7320","2.2640","33.2007"
"200.7520","2.2636","33.2312"
"200.7720","2.2632","33.2643"
"200.7920","2.2628","33.2088"
"200.8120","2.2625","33.1008"
"200.8320","2.2622","33.0577"
"200.8520","2.2619","33.1207"
"200.8720","2.2616","33.1763"
"200.8920","2.2613","33.1797"
"200.9120","2.2609","33.1964"
"200.9320","2.2606","33.1801"
"200.9520","2.2603","33.1930"
"200.9720","2.2600","33.1309"
"200.9920","2.2598","33.1571"
"201.0120","2.2595","33.0965"
"201.0320","2.2591","33.1329"
"201.0520","2.2587","33.2955"
"201.0720","2.2582","33.2301"
"201.0920","2.2578","33.1301"
"201.1120","2.2574","33.0453"
"201.1320","2.2571","33.0634"
"201.1520","2.2569","33.1338"
"201.1720","2.2567","33.1406"
"201.1920","2.2565","33.1055"
"201.2120","2.2562","33.1293"
"201.2320","2.2558","33.1218"
"201.2520","2.2554","33.0805"
"201.2720","2.2550","32.9678"
"201.2920","2.2547","33.0162"
"201.3120","2.2544","33.0876"
"201.3320","2.2541","33.0623"
"201.3520","2.2538","33.0363"
"201.3720","2.2535","33.0055"
"201.3920","2.2532","33.0042"
"201.4120","2.2528","32.9833"
"201.4320","2.2524","32.9499"
"201.4520","2.2520","32.9253"
"201.4720","2.2516","32.8903"
"201.4920","2.2513","32.9287"
"201.5120","2.2510","33.0188"
"201.5320","2.2507","33.0524"
"201.5520","2.2504","33.0900"
"201.5720","2.2501","33.0485"
"201.5920","2.2497","32.9843"
"201.6120","2.2494","32.9865"
"201.6320","2.2490","32.9120"
"201.6520","2.2487","32.9287"
"201.6720","2.2484","32.9662"
"201.6920","2.2482","32.8698"
"201.7120","2.2478","32.8478"
"201.7320","2.2475","32.8724"
"201.7520","2.2470","32.8413"
"201.7720","2.2466","32.9071"
"201.7920","2.2461","32.9153"
"201.8120","2.2458","32.9002"
"201.8320","2.2455","32.8420"
"201.8520","2.2453","32.8497"
"201.8720","2.2451","32.9131"
"201.8920","2.2448","32.9046"
"201.9120","2.2445","32.8018"
"201.9320","2.2441","32.7661"
"201.9520","2.2437","32.8199"
"201.9720","2.2433","32.8214"
"201.9920","2.2429","32.8159"
"202.0120","2.2426","32.8312"
"202.0320","2.2423","32.8324"
"202.0520","2.2421","32.8224"
"202.0720","2.2418","32.7967"
"202.0920","2.2414","32.7638"
"202.1120","2.2410","32.7832"
"202.1320","2.2406","32.7995"
"202.1520","2.2402","32.8282"
"202.1720","2.2398","32.8104"
"202.1920","2.2395","32.7850"
"202.2120","2.2393","32.6862"
"202.2320","2.2390","32.6809"
"202.2520","2.2386","32.7555"
"202.2720","2.2383","32.7699"
"202.2920","2.2379","32.7177"
"202.3120","2.2376","32.6818"
"202.3320","2.2373","32.6839"
"202.3520","2.2370","32.7473"
"202.3720","2.2368","32.7498"
"202.3920","2.2365","32.7197"
"202.4120","2.2361","32.6832"
"202.4320","2.2357","32.7452"
"202.4520","2.2353","32.7569"
"202.4720","2.2348","32.7972"
"202.4920","2.2344","32.7389"
"202.5120","2.2341","32.6326"
"202.5320","2.2339","32.6060"
"202.5520","2.2337","32.5697"
"202.5720","2.2334","32.5925"
"202.5920","2.2331","32.5824"
"202.6120","2.2328","32.6266"
"202.6320","2.2324","32.6427"
"202.6520","2.2320","32.6491"
"202.6720","2.2316","32.6482"
"202.6920","2.2313","32.6541"
"202.7120","2.2310","32.6707"
"202.7320","2.2307","32.6287"
"202.7520","2.2305","32.5797"
"202.7720","2.2301","32.5879"
"202.7920","2.2297","32.5609"
"202.8120","2.2293","32.6174"
"202.8320","2.2289","32.6425"
"202.8520","2.2285","32.5366"
"202.8720","2.2282","32.4639"
"202.8920","2.2279","32.5135"
"202.9120","2.2276","32.4921"
"202.9320","2.2273","32.4809"
"202.9520","2.2270","32.5432"
"202.9720","2.2266","32.5435"
"202.9920","2.2263","32.5062"
"203.0120","2.2260","32.5218"
"203.0320","2.2257","32.4519"
"203.0520","2.2254","32.4969"
"203.0720","2.2251","32.5089"
"203.0920","2.2248","32.5236"
"203.1120","2.2244","32.5113"
"203.1320","2.2240","32.4995"
"203.1520","2.2235","32.4474"
"203.1720","2.2231","32.4128"
"203.1920","2.2228","32.4688"
"203.2120","2.2225","32.4626"
"203.2320","2.2223","32.4977"
"203.2520","2.2221","32.5619"
"203.2720","2.2218","32.4559"
"203.2920","2.2214","32.4300"
"203.3120","2.2210","32.3278"
"203.3320","2.2206","32.3011"
"203.3520","2.2202","32.3644"
"203.3720","2.2199","32.3825"
"203.3920","2.2196","32.4074"
"203.4120","2.2193","32.3569"
"203.4320","2.2191","32.3395"
"203.4520","2.2188","32.3281"
"203.4720","2.2184","32.3626"
"203.4920","2.2180","32.3829"
"203.5120","2.2176","32.3138"
"203.5320","2.2172","32.3353"
"203.5520","2.2168","32.3390"
"203.5720","2.2165","32.3497"
"203.5920","2.2163","32.3303"
"203.6120","2.2160","32.3501"
"203.6320","2.2157","32.3489"
"203.6520","2.2153","32.3616"
"203.6720","2.2150","32.3401"
"203.6920","2.2146","32.4154"
"203.7120","2.2143","32.4174"
"203.7320","2.2140","32.3929"
"203.7520","2.2138","32.2664"
"203.7720","2.2135","32.2668"
"203.7920","2.2131","32.2735"
"203.8120","2.2127","32.2642"
"203.8320","2.2123","32.2362"
"203.8520","2.2118","32.1671"
"203.8720","2.2114","32.1928"
"203.8920","2.2111","32.2335"
"203.9120","2.2109","32.1409"
"203.9320","2.2107","32.1932"
"203.9520","2.2104","32.1519"
"203.9720","2.2101","32.2709"
"203.9920","2.2098","32.2281"
"204.0120","2.2094","32.2195"
"204.0320","2.2090","32.2542"
"204.0520","2.2086","32.1943"
"204.0720","2.2083","32.1737"
"204.0920","2.2080","32.2020"
"204.1120","2.2077","32.2338"
"204.1320","2.2074","32.0953"
"204.1520","2.2071","32.1339"
"204.1720","2.2067","32.1727"
"204.1920","2.2063","32.1511"
"204.2120","2.2059","32.1054"
"204.2320","2.2055","32.1066"
"204.2520","2.2052","32.1295"
"204.2720","2.2049","32.0972"
"204.2920","2.2047","32.0412"
"204.3120","2.2043","32.0144"
"204.3320","2.2040","32.0463"
"204.3520","2.2036","32.0281"
"204.3720","2.2033","32.0390"
"204.3920","2.2030","32.0653"
"204.4120","2.2027","32.0616"
"204.4320","2.2024","32.0298"
"204.4520","2.2021","32.0135"
"204.4720","2.2018","32.0536"
"204.4920","2.2014","32.0819"
"204.5120","2.2010","32.0386"
"204.5320","2.2006","32.0213"
"204.5520","2.2001","31.9667"
"204.5720","2.1998","31.9184"
"204.5920","2.1996","31.9595"
"204.6120","2.1993","32.0002"
"204.6320","2.1991","31.9992"
"204.6520","2.1988","32.0069"
"204.6720","2.1985","31.9662"
"204.6920","2.1981","31.9407"
"204.7120","2.1977","31.9451"
"204.7320","2.1973","31.9779"
"204.7520","2.1970","31.9619"
"204.7720","2.1967","31.9124"
"204.7920","2.1964","31.8903"
"204.8120","2.1961","31.9566"
"204.8320","2.1958","31.9573"
"204.8520","2.1954","31.9128"
"204.8720","2.1950","31.8922"
"204.8920","2.1946","31.9816"
"204.9120","2.1942","31.9092"
"204.9320","2.1939","31.8857"
"204.9520","2.1936","31.9038"
"204.9720","2.1933","31.8812"
"204.9920","2.1930","31.9698"
"205.0120","2.1927","31.8799"
"205.0320","2.1923","31.8355"
"205.0520","2.1919","31.8394"
"205.0720","2.1916","31.8901"
"205.0920","2.1913","31.8843"
"205.1120","2.1910","31.7676"
"205.1320","2.1908","31.8019"
"205.1520","2.1905","31.8060"
"205.1720","2.1901","31.7581"
"205.1920","2.1897","31.7460"
"205.2120","2.1893","31.7000"
"205.2320","2.1888","31.6947"
"205.2520","2.1885","31.8459"
"205.2720","2.1882","31.7903"
"205.2920","2.1880","31.7084"
"205.3120","2.1877","31.7705"
"205.3320","2.1874","31.8252"
"205.3520","2.1871","31.7673"
"205.3720","2.1868","31.8103"
"205.3920","2.1864","31.8088"
"205.4120","2.1860","31.7358"
"205.4320","2.1856","31.7778"
"205.4520","2.1853","31.7328"
"205.4720","2.1850","31.7168"
"205.4920","2.1847","31.6991"
"205.5120","2.1844","31.7727"
"205.5320","2.1841","31.7511"
"205.5520","2.1837","31.8049"
"205.5720","2.1833","31.7516"
"205.5920","2.1829","31.7069"
"205.6120","2.1825","31.6314"
"205.6320","2.1822","31.6542"
"205.6520","2.1819","31.7194"
"205.6720","2.1816","31.7037"
"205.6920","2.1813","31.6940"
"205.7120","2.1810","31.6756"
"205.7320","2.1806","31.5322"
"205.7520","2.1803","31.5398"
"205.7720","2.1800","31.6396"
"205.7920","2.1797","31.7572"
"205.8120","2.1794","31.7013"
"205.8320","2.1791","31.6386"
"205.8520","2.1788","31.6201"
"205.8720","2.1784","31.6012"
"205.8920","2.1780","31.6155"
"205.9120","2.1775","31.6102"
"205.9320","2.1771","31.6373"
"205.9520","2.1768","31.6727"
"205.9720","2.1766","31.7096"
"205.9920","2.1764","31.6343"
"206.0120","2.1761","31.5957"
"206.0320","2.1758","31.6060"
"206.0520","2.1755","31.5535"
"206.0720","2.1751","31.4734"
"206.0920","2.1747","31.4629"
"206.1120","2.1743","31.4733"
"206.1320","2.1740","31.5274"
"206.1520","2.1737","31.4855"
"206.1720","2.1734","31.4804"
"206.1920","2.1731","31.4403"
"206.2120","2.1728","31.4581"
"206.2320","2.1724","31.4618"
"206.2520","2.1720","31.4354"
"206.2720","2.1715","31.4814"
"206.2920","2.1712","31.5125"
"206.3120","2.1709","31.4417"
"206.3320","2.1706","31.4526"
"206.3520","2.1703","31.4779"
"206.3720","2.1700","31.4888"
"206.3920","2.1697","31.4264"
"206.4120","2.1693","31.4624"
"206.4320","2.1690","31.4644"
"206.4520","2.1686","31.4064"
"206.4720","2.1683","31.4040"
"206.4920","2.1680","31.4066"
"206.5120","2.1678","31.3912"
"206.5320","2.1674","31.3404"
"206.5520","2.1671","31.3399"
"206.5720","2.1667","31.3780"
"206.5920","2.1662","31.4159"
"206.6120","2.1658","31.3709"
"206.6320","2.1655","31.3730"
"206.6520","2.1652","31.3539"
"206.6720","2.1650","31.3198"
"206.6920","2.1647","31.3194"
"206.7120","2.1645","31.3902"
"206.7320","2.1641","31.3506"
"206.7520","2.1638","31.2532"
"206.7720","2.1634","31.1519"
"206.7920","2.1630","31.1971"
"206.8120","2.1627","31.2671"
"206.8320","2.1623","31.3481"
"206.8520","2.1620","31.3265"
"206.8720","2.1618","31.3272"
"206.8920","2.1614","31.2781"
"206.9120","2.1611","31.2134"
"206.9320","2.1607","31.1770"
"206.9520","2.1602","31.2136"
"206.9720","2.1598","31.2580"
"206.9920","2.1594","31.1584"
"207.0120","2.1592","31.1295"
"207.0320","2.1589","31.1690"
"207.0520","2.1586","31.2251"
"207.0720","2.1583","31.2004"
"207.0920","2.1580","31.2127"
"207.1120","2.1576","31.0847"
"207.1320","2.1573","31.0797"
"207.1520","2.1570","31.0675"
"207.1720","2.1567","31.1782"
"207.1920","2.1564","31.1604"
"207.2120","2.1561","31.1655"
"207.2320","2.1557","31.2159"
"207.2520","2.1554","31.1331"
"207.2720","2.1549","31.0913"
"207.2920","2.1545","31.0942"
"207.3120","2.1541","31.2334"
"207.3320","2.1538","31.1646"
"207.3520","2.1536","31.1530"
"207.3720","2.1534","31.1811"
"207.3920","2.1531","31.1358"
"207.4120","2.1528","31.1428"
"207.4320","2.1525","31.0952"
"207.4520","2.1521","31.1020"
"207.4720","2.1517","31.0431"
"207.4920","2.1513","31.0084"
"207.5120","2.1510","30.9929"
"207.5320","2.1507","30.9825"
"207.5520","2.1504","31.0706"
"207.5720","2.1501","31.1132"
"207.5920","2.1498","31.0605"
"207.6120","2.1494","31.0193"
"207.6320","2.1490","31.0187"
"207.6520","2.1485","31.0366"
"207.6720","2.1482","31.0248"
"207.6920","2.1478","30.9185"
"207.7120","2.1476","30.9125"
"207.7320","2.1473","30.9467"
"207.7520","2.1470","31.0163"
"207.7720","2.1467","31.0505"
"207.7920","2.1463","31.0627"
"207.8120","2.1460","31.0618"
"207.8320","2.1456","31.0157"
"207.8520","2.1453","31.0167"
"207.8720","2.1451","31.0801"
"207.8920","2.1448","31.0425"
"207.9120","2.1445","31.0049"
"207.9320","2.1441","31.0165"
"207.9520","2.1437","31.0195"
"207.9720","2.1432","31.0297"
"207.9920","2.1428","31.0384"
"208.0120","2.1425","31.0875"
"208.0320","2.1422","30.9953"
"208.0520","2.1420","31.0503"
"208.0720","2.1417","30.9612"
"208.0920","2.1414","30.9688"
"208.1120","2.1411","30.9982"
"208.1320","2.1407","30.9556"
"208.1520","2.1404","30.8768"
"208.1720","2.1400","30.8804"
"208.1920","2.1396","30.8133"
"208.2120","2.1393","30.7874"
"208.2320","2.1391","30.8577"
"208.2520","2.1388","30.8820"
"208.2720","2.1385","30.8817"
"208.2920","2.1381","30.8437"
"208.3120","2.1377","30.8697"
"208.3320","2.1373","30.8511"
"208.3520","2.1369","30.7637"
"208.3720","2.1365","30.6652"
"208.3920","2.1362","30.7450"
"208.4120","2.1359","30.8012"
"208.4320","2.1356","30.8580"
"208.4520","2.1353","30.8450"
"208.4720","2.1350","30.7747"
"208.4920","2.1346","30.6894"
"208.5120","2.1343","30.7175"
"208.5320","2.1340","30.7336"
"208.5520","2.1337","30.7671"
"208.5720","2.1334","30.7772"
"208.5920","2.1331","30.8327"
"208.6120","2.1328","30.8408"
"208.6320","2.1324","30.8353"
"208.6520","2.1319","30.8567"
"208.6720","2.1315","30.8086"
"208.6920","2.1311","30.7262"
"208.7120","2.1308","30.6887"
"208.7320","2.1306","30.7531"
"208.7520","2.1304","30.7232"
"208.7720","2.1301","30.7482"
"208.7920","2.1298","30.7453"
"208.8120","2.1295","30.7036"
"208.8320","2.1291","30.7770"
"208.8520","2.1287","30.8042"
"208.8720","2.1283","30.7451"
"208.8920","2.1280","30.6699"
"208.9120","2.1277","30.6355"
"208.9320","2.1274","30.6565"
"208.9520","2.1271","30.6679"
"208.9720","2.1268","30.6845"
"208.9920","2.1264","30.6665"
"209.0120","2.1260","30.6305"
"209.0320","2.1256","30.5587"
"209.0520","2.1252","30.5260"
"209.0720","2.1249","30.5417"
"209.0920","2.1246","30.5268"
"209.1120","2.1243","30.5951"
"209.1320","2.1240","30.6763"
"209.1520","2.1236","30.5694"
"209.1720","2.1233","30.4980"
"209.1920","2.1229","30.4456"
"209.2120","2.1226","30.5922"
"209.2320","2.1223","30.6079"
"209.2520","2.1221","30.5580"
"209.2720","2.1218","30.5530"
"209.2920","2.1215","30.4932"
"209.3120","2.1211","30.4925"
"209.3320","2.1207","30.4644"
"209.3520","2.1202","30.4523"
"209.3720","2.1198","30.4852"
"209.3920","2.1195","30.4875"
"209.4120","2.1192","30.5093"
"209.4320","2.1190","30.4597"
"209.4520","2.1187","30.4151"
"209.4720","2.1185","30.4020"
"209.4920","2.1181","30.4657"
"209.5120","2.1178","30.4704"
"209.5320","2.1174","30.4087"
"209.5520","2.1170","30.3917"
"209.5720","2.1167","30.5273"
"209.5920","2.1164","30.5509"
"209.6120","2.1161","30.4229"
"209.6320","2.1158","30.4688"
"209.6520","2.1155","30.3898"
"209.6720","2.1151","30.3210"
"209.6920","2.1147","30.3777"
"209.7120","2.1143","30.3609"
"209.7320","2.1138","30.3776"
"209.7520","2.1135","30.3624"
"209.7720","2.1132","30.3175"
"209.7920","2.1129","30.3617"
"209.8120","2.1126","30.3240"
"209.8320","2.1123","30.2955"
"209.8520","2.1119","30.3136"
"209.8720","2.1116","30.3639"
"209.8920","2.1113","30.3330"
"209.9120","2.1110","30.3618"
"209.9320","2.1107","30.3734"
"209.9520","2.1105","30.3555"
"209.9720","2.1102","30.4198"
"209.9920","2.1098","30.3549"
"210.0120","2.1094","30.3454"
"210.0320","2.1089","30.3234"
"210.0520","2.1085","30.2845"
"210.0720","2.1081","30.2540"
"210.0920","2.1078","30.2040"
"210.1120","2.1076","30.2574"
"210.1320","2.1074","30.3201"
"210.1520","2.1071","30.3353"
"210.1720","2.1068","30.2862"
"210.1920","2.1064","30.2241"
"210.2120","2.1060","30.2618"
"210.2320","2.1056","30.2143"
"210.2520","2.1053","30.2054"
"210.2720","2.1050","30.1769"
"210.2920","2.1047","30.2292"
"210.3120","2.1044","30.2275"
"210.3320","2.1041","30.1814"
"210.3520","2.1038","30.1167"
"210.3720","2.1034","30.1270"
"210.3920","2.1030","30.1450"
"210.4120","2.1026","30.1994"
"210.4320","2.1022","30.0810"
"210.4520","2.1019","30.0119"
"210.4720","2.1016","30.1132"
"210.4920","2.1013","30.1340"
"210.5120","2.1009","30.1357"
"210.5320","2.1006","30.1462"
"210.5520","2.1002","30.1768"
"210.5720","2.0999","30.1231"
"210.5920","2.0996","30.1209"
"210.6120","2.0993","30.0484"
"210.6320","2.0991","30.0117"
"210.6520","2.0988","30.0174"
"210.6720","2.0985","29.9983"
"210.6920","2.0981","29.9909"
"210.7120","2.0976","30.0782"
"210.7320","2.0972","30.0680"
"210.7520","2.0967","29.9825"
"210.7720","2.0964","29.9416"
"210.7920","2.0962","29.9972"
"210.8120","2.0960","30.0261"
"210.8320","2.0957","29.9484"
"210.8520","2.0954","29.9618"
"210.8720","2.0951","29.9774"
"210.8920","2.0947","30.0347"
"210.9120","2.0943","30.0877"
"210.9320","2.0940","30.0729"
"210.9520","2.0936","30.0713"
"210.9720","2.0933","30.1186"
"210.9920","2.0931","30.0588"
"211.0120","2.0928","29.9769"
"211.0320","2.0925","29.9718"
"211.0520","2.0921","30.0384"
"211.0720","2.0917","30.0416"
"211.0920","2.0913","29.9672"
"211.1120","2.0909","29.9670"
"211.1320","2.0905","29.9297"
"211.1520","2.0902","29.9544"
"211.1720","2.0899","29.9633"
"211.1920","2.0896","29.9327"
"211.2120","2.0893","29.9364"
"211.2320","2.0889","29.8334"
"211.2520","2.0886","29.7629"
"211.2720","2.0883","29.9214"
"211.2920","2.0880","30.0498"
"211.3120","2.0877","29.9786"
"211.3320","2.0874","29.9100"
"211.3520","2.0871","29.8748"
"211.3720","2.0868","29.9180"
"211.3920","2.0863","29.9091"
"211.4120","2.0859","29.8628"
"211.4320","2.0854","29.8337"
"211.4520","2.0851","29.8935"
"211.4720","2.0848","29.8759"
"211.4920","2.0846","29.8634"
"211.5120","2.0844","29.8516"
"211.5320","2.0841","29.7629"
"211.5520","2.0838","29.7606"
"211.5720","2.0834","29.8026"
"211.5920","2.0830","29.8272"
"211.6120","2.0827","29.8188"
"211.6320","2.0823","29.8319"
"211.6520","2.0820","29.7567"
"211.6720","2.0817","29.7538"
"211.6920","2.0815","29.8244"
"211.7120","2.0811","29.8264"
"211.7320","2.0808","29.8018"
"211.7520","2.0804","29.8088"
"211.7720","2.0800","29.7576"
"211.7920","2.0796","29.6695"
"211.8120","2.0792","29.7715"
"211.8320","2.0789","29.8581"
"211.8520","2.0786","29.7875"
"211.8720","2.0783","29.7200"
"211.8920","2.0780","29.8014"
"211.9120","2.0776","29.8107"
"211.9320","2.0773","29.7549"
"211.9520","2.0769","29.6374"
"211.9720","2.0766","29.5666"
"211.9920","2.0764","29.6102"
"212.0120","2.0761","29.7133"
"212.0320","2.0758","29.7462"
"212.0520","2.0755","29.6708"
"212.0720","2.0751","29.5973"
"212.0920","2.0746","29.5678"
"212.1120","2.0742","29.6162"
"212.1320","2.0738","29.6182"
"212.1520","2.0735","29.5899"
"212.1720","2.0732","29.6057"
"212.1920","2.0730","29.6741"
"212.2120","2.0728","29.6576"
"212.2320","2.0725","29.6944"
"212.2520","2.0721","29.6664"
"212.2720","2.0717","29.6303"
"212.2920","2.0714","29.6836"
"212.3120","2.0710","29.6511"
"212.3320","2.0707","29.6393"
"212.3520","2.0704","29.6336"
"212.3720","2.0701","29.5624"
"212.3920","2.0698","29.6119"
"212.4120","2.0695","29.6392"
"212.4320","2.0691","29.6980"
"212.4520","2.0687","29.6643"
"212.4720","2.0683","29.5647"
"212.4920","2.0679","29.5634"
"212.5120","2.0675","29.5968"
"212.5320","2.0672","29.5280"
"212.5520","2.0670","29.4383"
"212.5720","2.0666","29.3493"
"212.5920","2.0663","29.3448"
"212.6120","2.0660","29.4620"
"212.6320","2.0656","29.5291"
"212.6520","2.0653","29.5734"
"212.6720","2.0650","29.5290"
"212.6920","2.0648","29.4674"
"212.7120","2.0645","29.4600"
"212.7320","2.0642","29.4248"
"212.7520","2.0638","29.3927"
"212.7720","2.0634","29.3588"
"212.7920","2.0629","29.4373"
"212.8120","2.0625","29.3536"
"212.8320","2.0621","29.3857"
"212.8520","2.0619","29.4149"
"212.8720","2.0617","29.5274"
"212.8920","2.0614","29.4579"
"212.9120","2.0611","29.4227"
"212.9320","2.0608","29.4381"
"212.9520","2.0604","29.4123"
"212.9720","2.0600","29.3999"
"212.9920","2.0596","29.4277"
"213.0120","2.0593","29.3720"
"213.0320","2.0590","29.4089"
"213.0520","2.0587","29.4671"
"213.0720","2.0585","29.4289"
"213.0920","2.0582","29.3804"
"213.1120","2.0578","29.4072"
"213.1320","2.0574","29.3771"
"213.1520","2.0569","29.4114"
"213.1720","2.0565","29.3772"
"213.1920","2.0562","29.2554"
"213.2120","2.0559","29.2730"
"213.2320","2.0556","29.2431"
"213.2520","2.0553","29.2392"
"213.2720","2.0550","29.1698"
"213.2920","2.0546","29.1866"
"213.3120","2.0543","29.2093"
"213.3320","2.0539","29.2290"
"213.3520","2.0536","29.2481"
"213.3720","2.0533","29.3282"
"213.3920","2.0531","29.2519"
"213.4120","2.0528","29.2649"
"213.4320","2.0524","29.2869"
"213.4520","2.0520","29.1984"
"213.4720","2.0516","29.1764"
"213.4920","2.0511","29.2135"
"213.5120","2.0507","29.1955"
"213.5320","2.0505","29.1476"
"213.5520","2.0503","29.2877"
"213.5720","2.0500","29.3408"
"213.5920","2.0498","29.2393"
"213.6120","2.0494","29.1900"
"213.6320","2.0491","29.1767"
"213.6520","2.0487","29.1588"
"213.6720","2.0483","29.1315"
"213.6920","2.0479","29.2022"
"213.7120","2.0476","29.2439"
"213.7320","2.0474","29.2605"
"213.7520","2.0471","29.1279"
"213.7720","2.0468","29.1220"
"213.7920","2.0464","29.1472"
"213.8120","2.0460","29.1148"
"213.8320","2.0456","29.1811"
"213.8520","2.0452","29.1876"
"213.8720","2.0448","29.1982"
"213.8920","2.0445","29.2363"
"213.9120","2.0442","29.1619"
"213.9320","2.0440","29.0559"
"213.9520","2.0437","29.0632"
"213.9720","2.0433","29.1177"
"213.9920","2.0430","29.1532"
"214.0120","2.0426","29.0631"
"214.0320","2.0423","29.0415"
"214.0520","2.0420","29.0465"
"214.0720","2.0418","29.0419"
"214.0920","2.0415","29.0257"
"214.1120","2.0411","29.0327"
"214.1320","2.0407","29.0524"
"214.1520","2.0403","28.9414"
"214.1720","2.0398","28.9320"
"214.1920","2.0394","28.9851"
"214.2120","2.0391","29.0758"
"214.2320","2.0389","29.0215"
"214.2520","2.0387","28.9820"
"214.2720","2.0384","28.8859"
"214.2920","2.0381","28.8790"
"214.3120","2.0378","28.9300"
"214.3320","2.0374","28.9870"
"214.3520","2.0370","29.0299"
"214.3720","2.0366","28.9838"
"214.3920","2.0363","29.0043"
"214.4120","2.0360","28.9549"
"214.4320","2.0357","28.9364"
"214.4520","2.0354","28.9532"
"214.4720","2.0351","29.0190"
"214.4920","2.0347","28.9186"
"214.5120","2.0343","28.8782"
"214.5320","2.0339","28.8770"
"214.5520","2.0335","28.8988"
"214.5720","2.0332","28.8319"
"214.5920","2.0329","28.8810"
"214.6120","2.0326","28.9225"
"214.6320","2.0323","28.9545"
"214.6520","2.0320","28.8607"
"214.6720","2.0317","28.7308"
"214.6920","2.0313","28.7428"
"214.7120","2.0310","28.8191"
"214.7320","2.0307","28.8711"
"214.7520","2.0304","28.9348"
"214.7720","2.0301","28.9057"
"214.7920","2.0298","28.9083"
"214.8120","2.0294","28.9056"
"214.8320","2.0290","28.7751"
"214.8520","2.0285","28.7683"
"214.8720","2.0281","28.8365"
"214.8920","2.0277","28.8626"
"214.9120","2.0275","28.8311"
"214.9320","2.0273","28.8160"
"214.9520","2.0271","28.7979"
"214.9720","2.0268","28.7861"
"214.9920","2.0265","28.7811"
"215.0120","2.0261","28.7550"
"215.0320","2.0257","28.7860"
"215.0520","2.0253","28.8123"
"215.0720","2.0249","28.8055"
"215.0920","2.0246","28.7689"
"215.1120","2.0244","28.7297"
"215.1320","2.0241","28.6945"
"215.1520","2.0238","28.7312"
"215.1720","2.0234","28.6888"
"215.1920","2.0231","28.7325"
"215.2120","2.0226","28.6919"
"215.2320","2.0222","28.6526"
"215.2520","2.0219","28.6771"
"215.2720","2.0215","28.7066"
"215.2920","2.0213","28.7856"
"215.3120","2.0210","28.6987"
"215.3320","2.0207","28.6068"
"215.3520","2.0203","28.6053"
"215.3720","2.0200","28.6125"
"215.3920","2.0197","28.6065"
"215.4120","2.0193","28.5330"
"215.4320","2.0191","28.6172"
"215.4520","2.0188","28.6921"
"215.4720","2.0185","28.7082"
"215.4920","2.0182","28.6532"
"215.5120","2.0178","28.6273"
"215.5320","2.0173","28.6612"
"215.5520","2.0168","28.6626"
"215.5720","2.0164","28.6298"
"215.5920","2.0161","28.6013"
"215.6120","2.0159","28.5359"
"215.6320","2.0157","28.5413"
"215.6520","2.0154","28.5520"
"215.6720","2.0151","28.6162"
"215.6920","2.0148","28.5802"
"215.7120","2.0144","28.5958"
"215.7320","2.0140","28.5127"
"215.7520","2.0136","28.4341"
"215.7720","2.0133","28.4084"
"215.7920","2.0130","28.4877"
"215.8120","2.0127","28.6273"
"215.8320","2.0124","28.5298"
"215.8520","2.0121","28.5610"
"215.8720","2.0117","28.5159"
"215.8920","2.0113","28.5061"
"215.9120","2.0109","28.4880"
"215.9320","2.0105","28.5179"
"215.9520","2.0102","28.6021"
"215.9720","2.0099","28.5288"
"215.9920","2.0096","28.4198"
"216.0120","2.0093","28.4594"
"216.0320","2.0090","28.5259"
"216.0520","2.0087","28.5520"
"216.0720","2.0083","28.4473"
"216.0920","2.0080","28.4305"
"216.1120","2.0077","28.4612"
"216.1320","2.0074","28.4050"
"216.1520","2.0071","28.3544"
"216.1720","2.0068","28.2970"
"216.1920","2.0064","28.3140"
"216.2120","2.0060","28.4544"
"216.2320","2.0056","28.4670"
"216.2520","2.0051","28.3312"
"216.2720","2.0048","28.2791"
"216.2920","2.0045","28.3097"
"216.3120","2.0043","28.3660"
"216.3320","2.0041","28.3582"
"216.3520","2.0038","28.3196"
"216.3720","2.0035","28.2574"
"216.3920","2.0031","28.3355"
"216.4120","2.0027","28.4344"
"216.4320","2.0023","28.3667"
"216.4520","2.0019","28.3408"
"216.4720","2.0016","28.2516"
"216.4920","2.0014","28.2186"
"216.5120","2.0011","28.2225"
"216.5320","2.0008","28.3148"
"216.5520","2.0004","28.3520"
"216.5720","2.0000","28.3158"
"216.5920","1.9996","28.2784"
"216.6120","1.9992","28.2451"
"216.6320","1.9988","28.2270"
"216.6520","1.9985","28.2508"
"216.6720","1.9983","28.2172"
"216.6920","1.9980","28.2269"
"216.7120","1.9977","28.2852"
"216.7320","1.9973","28.2467"
"216.7520","1.9970","28.2157"
"216.7720","1.9966","28.2278"
"216.7920","1.9963","28.2081"
"216.8120","1.9960","28.1813"
"216.8320","1.9958","28.1347"
"216.8520","1.9955","28.1133"
"216.8720","1.9952","28.1073"
"216.8920","1.9948","28.2117"
"216.9120","1.9943","28.2269"
"216.9320","1.9939","28.1692"
"216.9520","1.9934","28.1095"
"216.9720","1.9931","28.1218"
"216.9920","1.9929","28.1638"
"217.0120","1.9927","28.1466"
"217.0320","1.9924","28.1246"
"217.0520","1.9921","28.0368"
"217.0720","1.9918","28.0701"
"217.0920","1.9914","28.1192"
"217.1120","1.9910","28.1902"
"217.1320","1.9906","28.1351"
"217.1520","1.9903","28.0251"
"217.1720","1.9900","28.0877"
"217.1920","1.9897","28.0882"
"217.2120","1.9895","28.0267"
"217.2320","1.9891","28.0928"
"217.2520","1.9887","28.1323"
"217.2720","1.9883","28.0781"
"217.2920","1.9879","27.9840"
"217.3120","1.9875","27.9414"
"217.3320","1.9872","27.9066"
"217.3520","1.9869","27.8880"
"217.3720","1.9866","28.0753"
"217.3920","1.9863","28.1123"
"217.4120","1.9860","27.9860"
"217.4320","1.9856","27.9267"
"217.4520","1.9853","27.9567"
"217.4720","1.9849","27.9662"
"217.4920","1.9847","27.9754"
"217.5120","1.9844","27.9536"
"217.5320","1.9841","27.9698"
"217.5520","1.9838","27.9249"
"217.5720","1.9835","27.8954"
"217.5920","1.9830","27.9460"
"217.6120","1.9826","27.9736"
"217.6320","1.9821","27.9949"
"217.6520","1.9818","27.9535"
"217.6720","1.9815","28.0012"
"217.6920","1.9813","27.9530"
"217.7120","1.9811","28.0113"
"217.7320","1.9808","27.9582"
"217.7520","1.9804","27.8629"
"217.7720","1.9801","27.8769"
"217.7920","1.9797","27.9201"
"217.8120","1.9793","27.9295"
"217.8320","1.9789","27.9574"
"217.8520","1.9786","27.9124"
"217.8720","1.9783","27.8530"
"217.8920","1.9781","27.7845"
"217.9120","1.9778","27.8136"
"217.9320","1.9774","27.7344"
"217.9520","1.9770","27.7448"
"217.9720","1.9766","27.7606"
"217.9920","1.9762","27.7478"
"218.0120","1.9758","27.7982"
"218.0320","1.9755","27.8763"
"218.0520","1.9752","27.8278"
"218.0720","1.9750","27.8532"
"218.0920","1.9746","27.8369"
"218.1120","1.9743","27.8278"
"218.1320","1.9740","27.7840"
"218.1520","1.9736","27.7686"
"218.1720","1.9733","27.7974"
"218.1920","1.9730","27.7082"
"218.2120","1.9727","27.6652"
"218.2320","1.9724","27.7489"
"218.2520","1.9721","27.8075"
"218.2720","1.9717","27.7924"
"218.2920","1.9713","27.6757"
"218.3120","1.9708","27.6420"
"218.3320","1.9704","27.6683"
"218.3520","1.9701","27.7478"
"218.3720","1.9699","27.7582"
"218.3920","1.9697","27.6776"
"218.4120","1.9694","27.6906"
"218.4320","1.9691","27.7716"
"218.4520","1.9688","27.8250"
"218.4720","1.9684","27.8754"
"218.4920","1.9680","27.7790"
"218.5120","1.9676","27.6848"
"218.5320","1.9673","27.6693"
"218.5520","1.9670","27.6542"
"218.5720","1.9667","27.6334"
"218.5920","1.9664","27.6505"
"218.6120","1.9661","27.6815"
"218.6320","1.9657","27.6975"
"218.6520","1.9653","27.6992"
"218.6720","1.9649","27.6925"
"218.6920","1.9645","27.6243"
"218.7120","1.9642","27.6002"
"218.7320","1.9639","27.6060"
"218.7520","1.9636","27.5000"
"218.7720","1.9633","27.5918"
"218.7920","1.9630","27.5566"
"218.8120","1.9626","27.5507"
"218.8320","1.9623","27.5772"
"218.8520","1.9619","27.6111"
"218.8720","1.9616","27.5782"
"218.8920","1.9614","27.6144"
"218.9120","1.9611","27.5746"
"218.9320","1.9608","27.6033"
"218.9520","1.9604","27.5361"
"218.9720","1.9600","27.4325"
"218.9920","1.9596","27.4206"
"219.0120","1.9591","27.4663"
"219.0320","1.9588","27.4555"
"219.0520","1.9585","27.3978"
"219.0720","1.9583","27.4651"
"219.0920","1.9581","27.5393"
"219.1120","1.9578","27.5482"
"219.1320","1.9575","27.5808"
"219.1520","1.9571","27.6198"
"219.1720","1.9567","27.6070"
"219.1920","1.9563","27.5535"
"219.2120","1.9560","27.5214"
"219.2320","1.9557","27.5028"
"219.2520","1.9554","27.4998"
"219.2720","1.9551","27.5083"
"219.2920","1.9548","27.3770"
"219.3120","1.9544","27.3668"
"219.3320","1.9540","27.4338"
"219.3520","1.9536","27.4182"
"219.3720","1.9532","27.3938"
"219.3920","1.9528","27.3837"
"219.4120","1.9525","27.3623"
"219.4320","1.9523","27.3239"
"219.4520","1.9520","27.4126"
"219.4720","1.9517","27.3740"
"219.4920","1.9513","27.3509"
"219.5120","1.9510","27.3699"
"219.5320","1.9506","27.3681"
"219.5520","1.9503","27.3465"
"219.5720","1.9500","27.3134"
"219.5920","1.9498","27.3515"
"219.6120","1.9495","27.4404"
"219.6320","1.9491","27.3803"
"219.6520","1.9488","27.3272"
"219.6720","1.9483","27.2945"
"219.6920","1.9479","27.3092"
"219.7120","1.9475","27.4017"
"219.7320","1.9472","27.4808"
"219.7520","1.9469","27.3467"
"219.7720","1.9467","27.2648"
"219.7920","1.9464","27.2775"
"219.8120","1.9461","27.3123"
"219.8320","1.9458","27.3071"
"219.8520","1.9454","27.2240"
"219.8720","1.9450","27.2215"
"219.8920","1.9446","27.2417"
"219.9120","1.9443","27.3023"
"219.9320","1.9440","27.2236"
"219.9520","1.9437","27.3031"
"219.9720","1.9434","27.2555"
"219.9920","1.9431","27.1418"
"220.0120","1.9427","27.2315"
"220.0320","1.9423","27.3050"
"220.0520","1.9419","27.2394"
"220.0720","1.9415","27.2058"
"220.0920","1.9412","27.1068"
"220.1120","1.9409","27.1758"
"220.1320","1.9406","27.2042"
"220.1520","1.9404","27.1179"
"220.1720","1.9400","27.1206"
"220.1920","1.9397","27.1629"
"220.2120","1.9393","27.1675"
"220.2320","1.9390","27.1612"
"220.2520","1.9387","27.1362"
"220.2720","1.9384","27.1495"
"220.2920","1.9381","27.1456"
"220.3120","1.9378","27.0722"
"220.3320","1.9374","26.9902"
"220.3520","1.9370","27.0729"
"220.3720","1.9366","27.1205"
"220.3920","1.9361","26.9846"
"220.4120","1.9358","26.9579"
"220.4320","1.9356","27.1389"
"220.4520","1.9353","27.2121"
"220.4720","1.9351","27.1786"
"220.4920","1.9348","27.1695"
"220.5120","1.9345","27.1715"
"220.5320","1.9341","27.1081"
"220.5520","1.9337","27.1368"
"220.5720","1.9333","27.0505"
"220.5920","1.9330","27.0223"
"220.6120","1.9327","27.0368"
"220.6320","1.9324","27.0836"
"220.6520","1.9321","27.1122"
"220.6720","1.9318","27.1544"
"220.6920","1.9314","27.0994"
"220.7120","1.9310","27.0789"
"220.7320","1.9306","27.0917"
"220.7520","1.9302","27.0889"
"220.7720","1.9298","27.0348"
"220.7920","1.9296","26.9829"
"220.8120","1.9293","26.9869"
"220.8320","1.9290","26.9913"
"220.8520","1.9287","26.9053"
"220.8720","1.9283","26.8786"
"220.8920","1.9280","27.0014"
"220.9120","1.9276","26.9806"
"220.9320","1.9273","26.9031"
"220.9520","1.9270","26.8669"
"220.9720","1.9267","26.8582"
"220.9920","1.9264","26.8712"
"221.0120","1.9261","26.9479"
"221.0320","1.9257","26.9871"
"221.0520","1.9252","26.9434"
"221.0720","1.9248","26.9271"
"221.0920","1.9244","26.9132"
"221.1120","1.9242","26.8890"
"221.1320","1.9239","26.9074"
"221.1520","1.9237","26.9208"
"221.1720","1.9234","26.9609"
"221.1920","1.9231","26.9513"
"221.2120","1.9228","26.8394"
"221.2320","1.9224","26.7663"
"221.2520","1.9220","26.7938"
"221.2720","1.9216","26.8279"
"221.2920","1.9213","26.8054"
"221.3120","1.9210","26.9217"
"221.3320","1.9207","26.8421"
"221.3520","1.9204","26.7986"
"221.3720","1.9201","26.7064"
"221.3920","1.9197","26.7125"
"221.4120","1.9192","26.7801"
"221.4320","1.9188","26.8250"
"221.4520","1.9184","26.8411"
"221.4720","1.9181","26.8509"
"221.4920","1.9179","26.7821"
"221.5120","1.9176","26.7133"
"221.5320","1.9173","26.7302"
"221.5520","1.9170","26.7340"
"221.5720","1.9167","26.7388"
"221.5920","1.9163","26.7851"
"221.6120","1.9160","26.8097"
"221.6320","1.9157","26.8183"
"221.6520","1.9154","26.7847"
"221.6720","1.9151","26.8245"
"221.6920","1.9147","26.8179"
"221.7120","1.9144","26.6940"
"221.7320","1.9140","26.6542"
"221.7520","1.9135","26.6508"
"221.7720","1.9131","26.6197"
"221.7920","1.9128","26.5653"
"221.8120","1.9126","26.6520"
"221.8320","1.9123","26.6555"
"221.8520","1.9121","26.6655"
"221.8720","1.9118","26.7505"
"221.8920","1.9115","26.7364"
"221.9120","1.9111","26.6806"
"221.9320","1.9107","26.5372"
"221.9520","1.9103","26.5729"
"221.9720","1.9100","26.5828"
"221.9920","1.9097","26.5750"
"222.0120","1.9094","26.5946"
"222.0320","1.9091","26.5997"
"222.0520","1.9088","26.5939"
"222.0720","1.9084","26.5816"
"222.0920","1.9080","26.5478"
"222.1120","1.9075","26.5019"
"222.1320","1.9071","26.5674"
"222.1520","1.9068","26.6354"
"222.1720","1.9065","26.5335"
"222.1920","1.9062","26.6238"
"222.2120","1.9060","26.5820"
"222.2320","1.9056","26.4932"
"222.2520","1.9053","26.4897"
"222.2720","1.9049","26.6335"
"222.2920","1.9046","26.6108"
"222.3120","1.9043","26.5843"
"222.3320","1.9040","26.6272"
"222.3520","1.9038","26.5701"
"222.3720","1.9035","26.5716"
"222.3920","1.9031","26.5533"
"222.4120","1.9027","26.6497"
"222.4320","1.9023","26.5817"
"222.4520","1.9018","26.5207"
"222.4720","1.9015","26.5497"
"222.4920","1.9012","26.4809"
"222.5120","1.9010","26.3851"
"222.5320","1.9007","26.3454"
"222.5520","1.9005","26.5072"
"222.5720","1.9001","26.5682"
"222.5920","1.8998","26.5357"
"222.6120","1.8994","26.5050"
"222.6320","1.8990","26.4891"
"222.6520","1.8987","26.3824"
"222.6720","1.8984","26.3894"
"222.6920","1.8981","26.3310"
"222.7120","1.8978","26.3710"
"222.7320","1.8975","26.4412"
"222.7520","1.8971","26.4430"
"222.7720","1.8967","26.3655"
"222.7920","1.8963","26.3020"
"222.8120","1.8959","26.3350"
"222.8320","1.8955","26.3635"
"222.8520","1.8952","26.2803"
"222.8720","1.8949","26.2618"
"222.8920","1.8946","26.4037"
"222.9120","1.8943","26.3867"
"222.9320","1.8940","26.3588"
"222.9520","1.8936","26.2677"
"222.9720","1.8933","26.3580"
"222.9920","1.8930","26.4169"
"223.0120","1.8927","26.3937"
"223.0320","1.8924","26.2656"
"223.0520","1.8921","26.3205"
"223.0720","1.8918","26.3367"
"223.0920","1.8914","26.2799"
"223.1120","1.8910","26.3470"
"223.1320","1.8905","26.2758"
"223.1520","1.8901","26.2962"
"223.1720","1.8898","26.3794"
"223.1920","1.8896","26.3867"
"223.2120","1.8894","26.3364"
"223.2320","1.8891","26.2892"
"223.2520","1.8888","26.2587"
"223.2720","1.8885","26.2594"
"223.2920","1.8881","26.3091"
"223.3120","1.8877","26.3205"
"223.3320","1.8873","26.3190"
"223.3520","1.8870","26.2983"
"223.3720","1.8867","26.1964"
"223.3920","1.8864","26.1595"
"223.4120","1.8861","26.2182"
"223.4320","1.8858","26.3618"
"223.4520","1.8854","26.3295"
"223.4720","1.8850","26.2180"
"223.4920","1.8846","26.0852"
"223.5120","1.8842","26.1048"
"223.5320","1.8839","26.2356"
"223.5520","1.8836","26.2121"
"223.5720","1.8833","26.2286"
"223.5920","1.8830","26.2602"
"223.6120","1.8826","26.2595"
"223.6320","1.8823","26.1991"
"223.6520","1.8819","26.1210"
"223.6720","1.8816","26.0397"
"223.6920","1.8813","26.0699"
"223.7120","1.8811","26.1110"
"223.7320","1.8808","26.1536"
"223.7520","1.8805","26.1589"
"223.7720","1.8801","26.0507"
"223.7920","1.8797","25.9760"
"223.8120","1.8792","26.0728"
"223.8320","1.8788","26.0127"
"223.8520","1.8784","26.0319"
"223.8720","1.8782","26.1021"
"223.8920","1.8780","26.1213"
"223.9120","1.8777","25.9897"
"223.9320","1.8774","26.0543"
"223.9520","1.8771","26.1193"
"223.9720","1.8768","26.1003"
"223.9920","1.8764","26.0821"
"224.0120","1.8760","26.0925"
"224.0320","1.8757","26.0746"
"224.0520","1.8754","25.9871"
"224.0720","1.8751","25.9973"
"224.0920","1.8748","26.0147"
"224.1120","1.8745","25.9431"
"224.1320","1.8741","25.9242"
"224.1520","1.8737","26.0157"
"224.1720","1.8733","26.0463"
"224.1920","1.8729","26.0200"
"224.2120","1.8725","25.9644"
"224.2320","1.8722","26.0229"
"224.2520","1.8719","26.0015"
"224.2720","1.8716","25.9797"
"224.2920","1.8713","25.8860"
"224.3120","1.8710","25.8525"
"224.3320","1.8706","25.8595"
"224.3520","1.8703","25.8505"
"224.3720","1.8700","25.8751"
"224.3920","1.8697","25.9557"
"224.4120","1.8694","25.9923"
"224.4320","1.8692","25.9361"
"224.4520","1.8688","25.8938"
"224.4720","1.8684","25.9175"
"224.4920","1.8680","25.8583"
"224.5120","1.8675","25.7739"
"224.5320","1.8671","25.7542"
"224.5520","1.8668","25.7933"
"224.5720","1.8666","25.8028"
"224.5920","1.8663","25.7657"
"224.6120","1.8661","25.7622"
"224.6320","1.8658","25.8116"
"224.6520","1.8654","25.8875"
"224.6720","1.8650","25.9779"
"224.6920","1.8646","25.9078"
"224.7120","1.8642","25.8126"
"224.7320","1.8639","25.7977"
"224.7520","1.8637","25.7756"
"224.7720","1.8634","25.7471"
"224.7920","1.8631","25.8387"
"224.8120","1.8628","25.9127"
"224.8320","1.8624","25.8927"
"224.8520","1.8620","25.8639"
"224.8720","1.8616","25.7638"
"224.8920","1.8612","25.7671"
"224.9120","1.8608","25.7536"
"224.9320","1.8605","25.7536"
"224.9520","1.8602","25.6953"
"224.9720","1.8599","25.6299"
"224.9920","1.8596","25.6256"
"225.0120","1.8592","25.7197"
"225.0320","1.8589","25.7147"
"225.0520","1.8586","25.7180"
"225.0720","1.8583","25.6968"
"225.0920","1.8581","25.6505"
"225.1120","1.8578","25.6230"
"225.1320","1.8575","25.6517"
"225.1520","1.8571","25.6811"
"225.1720","1.8567","25.6755"
"225.1920","1.8562","25.5722"
"225.2120","1.8558","25.5243"
"225.2320","1.8554","25.5306"
"225.2520","1.8552","25.6146"
"225.2720","1.8550","25.6944"
"225.2920","1.8547","25.6925"
"225.3120","1.8544","25.6706"
"225.3320","1.8541","25.6491"
"225.3520","1.8538","25.6032"
"225.3720","1.8534","25.5949"
"225.3920","1.8530","25.6069"
"225.4120","1.8527","25.6434"
"225.4320","1.8524","25.6543"
"225.4520","1.8521","25.6082"
"225.4720","1.8518","25.5218"
"225.4920","1.8515","25.6049"
"225.5120","1.8511","25.6272"
"225.5320","1.8507","25.5238"
"225.5520","1.8503","25.4163"
"225.5720","1.8499","25.4970"
"225.5920","1.8495","25.5133"
"225.6120","1.8492","25.5507"
"225.6320","1.8489","25.5262"
"225.6520","1.8486","25.5502"
"225.6720","1.8483","25.5296"
"225.6920","1.8479","25.4926"
"225.7120","1.8476","25.4160"
"225.7320","1.8473","25.4335"
"225.7520","1.8470","25.4175"
"225.7720","1.8467","25.5074"
"225.7920","1.8464","25.5207"
"225.8120","1.8461","25.4982"
"225.8320","1.8458","25.5072"
"225.8520","1.8454","25.4971"
"225.8720","1.8449","25.5220"
"225.8920","1.8445","25.5630"
"225.9120","1.8441","25.5238"
"225.9320","1.8438","25.4744"
"225.9520","1.8436","25.4660"
"225.9720","1.8433","25.4504"
"225.9920","1.8431","25.3962"
"226.0120","1.8428","25.5066"
"226.0320","1.8424","25.5550"
"226.0520","1.8420","25.5808"
"226.0720","1.8417","25.5383"
"226.0920","1.8413","25.4605"
"226.1120","1.8410","25.4062"
"226.1320","1.8407","25.3896"
"226.1520","1.8404","25.3201"
"226.1720","1.8402","25.3055"
"226.1920","1.8398","25.4400"
"226.2120","1.8394","25.4231"
"226.2320","1.8390","25.3806"
"226.2520","1.8386","25.3900"
"226.2720","1.8382","25.3817"
"226.2920","1.8379","25.3033"
"226.3120","1.8376","25.3438"
"226.3320","1.8373","25.3283"
"226.3520","1.8370","25.3150"
"226.3720","1.8366","25.3922"
"226.3920","1.8363","25.3394"
"226.4120","1.8359","25.3132"
"226.4320","1.8356","25.2664"
"226.4520","1.8354","25.1982"
"226.4720","1.8351","25.1519"
"226.4920","1.8348","25.1914"
"226.5120","1.8345","25.2988"
"226.5320","1.8341","25.3524"
"226.5520","1.8337","25.3403"
"226.5720","1.8332","25.3161"
"226.5920","1.8328","25.3127"
"226.6120","1.8324","25.2493"
"226.6320","1.8322","25.2538"
"226.6520","1.8320","25.2346"
"226.6720","1.8317","25.2273"
"226.6920","1.8314","25.2166"
"226.7120","1.8311","25.1990"
"226.7320","1.8307","25.2512"
"226.7520","1.8303","25.2478"
"226.7720","1.8300","25.1914"
"226.7920","1.8296","25.1508"
"226.8120","1.8293","25.2028"
"226.8320","1.8291","25.2616"
"226.8520","1.8288","25.2389"
"226.8720","1.8284","25.1444"
"226.8920","1.8281","25.0798"
"226.9120","1.8277","25.1016"
"226.9320","1.8273","25.1831"
"226.9520","1.8269","25.1967"
"226.9720","1.8265","25.1481"
"226.9920","1.8262","25.1330"
"227.0120","1.8259","25.2236"
"227.0320","1.8256","25.1865"
"227.0520","1.8253","25.1350"
"227.0720","1.8249","25.0710"
"227.0920","1.8246","25.1295"
"227.1120","1.8243","25.1134"
"227.1320","1.8240","25.0545"
"227.1520","1.8237","25.0544"
"227.1720","1.8235","24.9938"
"227.1920","1.8231","25.0533"
"227.2120","1.8228","25.1417"
"227.2320","1.8224","25.1710"
"227.2520","1.8219","25.1475"
"227.2720","1.8214","25.1053"
"227.2920","1.8211","25.0617"
"227.3120","1.8208","25.0515"
"227.3320","1.8206","25.0816"
"227.3520","1.8204","25.0855"
"227.3720","1.8201","25.0503"
"227.3920","1.8198","24.9661"
"227.4120","1.8194","24.9220"
"227.4320","1.8190","24.9662"
"227.4520","1.8186","25.0250"
"227.4720","1.8183","25.0286"
"227.4920","1.8180","25.0009"
"227.5120","1.8177","25.0078"
"227.5320","1.8175","24.8812"
"227.5520","1.8172","24.8954"
"227.5720","1.8168","24.8728"
"227.5920","1.8164","24.8572"
"227.6120","1.8160","24.8911"
"227.6320","1.8156","24.8448"
"227.6520","1.8152","24.8744"
"227.6720","1.8149","24.8600"
"227.6920","1.8146","24.8585"
"227.7120","1.8143","24.9225"
"227.7320","1.8140","24.8691"
"227.7520","1.8137","24.8365"
"227.7720","1.8133","24.8479"
"227.7920","1.8129","24.8202"
"227.8120","1.8126","24.8425"
"227.8320","1.8124","24.8981"
"227.8520","1.8121","24.8553"
"227.8720","1.8118","24.7980"
"227.8920","1.8115","24.7746"
"227.9120","1.8111","24.8225"
"227.9320","1.8106","24.8196"
"227.9520","1.8102","24.7909"
"227.9720","1.8098","24.8761"
"227.9920","1.8095","24.8834"
"228.0120","1.8092","24.9004"
"228.0320","1.8090","24.8066"
"228.0520","1.8088","24.8257"
"228.0720","1.8084","24.7971"
"228.0920","1.8081","24.7628"
"228.1120","1.8077","24.7613"
"228.1320","1.8073","24.7338"
"228.1520","1.8070","24.7181"
"228.1720","1.8066","24.7355"
"228.1920","1.8063","24.7210"
"228.2120","1.8061","24.7675"
"228.2320","1.8058","24.8319"
"228.2520","1.8054","24.8313"
"228.2720","1.8051","24.7965"
"228.2920","1.8046","24.7870"
"228.3120","1.8042","24.8024"
"228.3320","1.8038","24.7974"
"228.3520","1.8035","24.7825"
"228.3720","1.8032","24.7723"
"228.3920","1.8030","24.7140"
"228.4120","1.8027","24.6661"
"228.4320","1.8023","24.7380"
"228.4520","1.8020","24.6790"
"228.4720","1.8016","24.6878"
"228.4920","1.8013","24.6961"
"228.5120","1.8010","24.6674"
"228.5320","1.8008","24.5490"
"228.5520","1.8005","24.5441"
"228.5720","1.8001","24.6367"
"228.5920","1.7997","24.5678"
"228.6120","1.7993","24.5992"
"228.6320","1.7988","24.6192"
"228.6520","1.7984","24.6394"
"228.6720","1.7981","24.6571"
"228.6920","1.7978","24.5789"
"228.7120","1.7976","24.5958"
"228.7320","1.7974","24.6691"
"228.7520","1.7971","24.6353"
"228.7720","1.7968","24.5659"
"228.7920","1.7964","24.4957"
"228.8120","1.7960","24.5056"
"228.8320","1.7957","24.4675"
"228.8520","1.7953","24.5418"
"228.8720","1.7950","24.4731"
"228.8920","1.7947","24.4864"
"228.9120","1.7944","24.5670"
"228.9320","1.7941","24.4847"
"228.9520","1.7938","24.5103"
"228.9720","1.7934","24.5661"
"228.9920","1.7929","24.5040"
"229.0120","1.7925","24.3853"
"229.0320","1.7922","24.4581"
"229.0520","1.7919","24.3967"
"229.0720","1.7916","24.4317"
"229.0920","1.7913","24.5123"
"229.1120","1.7910","24.5275"
"229.1320","1.7907","24.5686"
"229.1520","1.7903","24.5426"
"229.1720","1.7900","24.4645"
"229.1920","1.7897","24.5386"
"229.2120","1.7894","24.5506"
"229.2320","1.7891","24.5230"
"229.2520","1.7888","24.4209"
"229.2720","1.7884","24.4262"
"229.2920","1.7880","24.3873"
"229.3120","1.7875","24.3213"
"229.3320","1.7871","24.3882"
"229.3520","1.7867","24.4147"
"229.3720","1.7865","24.4576"
"229.3920","1.7863","24.4553"
"229.4120","1.7860","24.3733"
"229.4320","1.7858","24.3125"
"229.4520","1.7855","24.4024"
"229.4720","1.7851","24.3466"
"229.4920","1.7847","24.2739"
"229.5120","1.7843","24.3360"
"229.5320","1.7839","24.3122"
"229.5520","1.7836","24.3708"
"229.5720","1.7833","24.4079"
"229.5920","1.7831","24.3580"
"229.6120","1.7828","24.3531"
"229.6320","1.7824","24.2700"
"229.6520","1.7820","24.2273"
"229.6720","1.7816","24.2907"
"229.6920","1.7812","24.3397"
"229.7120","1.7808","24.3664"
"229.7320","1.7805","24.3654"
"229.7520","1.7802","24.3196"
"229.7720","1.7800","24.2648"
"229.7920","1.7797","24.2645"
"229.8120","1.7793","24.2626"
"229.8320","1.7790","24.3063"
"229.8520","1.7786","24.2999"
"229.8720","1.7783","24.3351"
"229.8920","1.7780","24.2982"
"229.9120","1.7778","24.2216"
"229.9320","1.7775","24.1687"
"229.9520","1.7772","24.2254"
"229.9720","1.7768","24.2347"
"229.9920","1.7763","24.2668"
"230.0120","1.7759","24.2505"
"230.0320","1.7754","24.2297"
"230.0520","1.7751","24.2208"
"230.0720","1.7748","24.1573"
"230.0920","1.7746","24.1233"
"230.1120","1.7744","24.1235"
"230.1320","1.7741","24.1469"
"230.1520","1.7738","24.2044"
"230.1720","1.7734","24.1246"
"230.1920","1.7730","24.1060"
"230.2120","1.7726","24.2024"
"230.2320","1.7723","24.2058"
"230.2520","1.7720","24.1424"
"230.2720","1.7717","24.1334"
"230.2920","1.7714","24.2269"
"230.3120","1.7711","24.1534"
"230.3320","1.7707","24.0298"
"230.3520","1.7703","24.0099"
"230.3720","1.7699","24.1091"
"230.3920","1.7695","24.0783"
"230.4120","1.7692","23.9854"
"230.4320","1.7689","24.0452"
"230.4520","1.7686","24.0483"
"230.4720","1.7683","24.0620"
"230.4920","1.7680","24.0549"
"230.5120","1.7677","24.1277"
"230.5320","1.7673","24.1514"
"230.5520","1.7670","24.1507"
"230.5720","1.7667","24.0859"
"230.5920","1.7664","24.0061"
"230.6120","1.7661","23.9630"
"230.6320","1.7658","23.9960"
"230.6520","1.7655","24.0765"
"230.6720","1.7651","24.0587"
"230.6920","1.7646","24.0654"
"230.7120","1.7641","24.1126"
"230.7320","1.7638","24.0994"
"230.7520","1.7635","24.0398"
"230.7720","1.7633","24.0438"
"230.7920","1.7630","24.0752"
"230.8120","1.7628","24.0050"
"230.8320","1.7625","23.9966"
"230.8520","1.7621","23.9863"
"230.8720","1.7617","23.9294"
"230.8920","1.7613","23.9793"
"230.9120","1.7610","24.0511"
"230.9320","1.7606","23.8844"
"230.9520","1.7603","23.8243"
"230.9720","1.7601","23.8733"
"230.9920","1.7598","23.9075"
"231.0120","1.7594","23.9191"
"231.0320","1.7591","23.8778"
"231.0520","1.7586","23.8911"
"231.0720","1.7582","23.8908"
"231.0920","1.7579","23.9245"
"231.1120","1.7575","23.9022"
"231.1320","1.7573","23.9273"
"231.1520","1.7570","23.9005"
"231.1720","1.7567","23.9053"
"231.1920","1.7563","23.9525"
"231.2120","1.7560","23.8563"
"231.2320","1.7556","23.8286"
"231.2520","1.7553","23.8577"
"231.2720","1.7550","23.9194"
"231.2920","1.7548","23.9110"
"231.3120","1.7545","23.8325"
"231.3320","1.7542","23.8122"
"231.3520","1.7538","23.8625"
"231.3720","1.7533","23.8205"
"231.3920","1.7529","23.8475"
"231.4120","1.7524","23.8379"
"231.4320","1.7521","23.7566"
"231.4520","1.7519","23.6402"
"231.4720","1.7517","23.6696"
"231.4920","1.7514","23.7212"
"231.5120","1.7511","23.7713"
"231.5320","1.7508","23.7561"
"231.5520","1.7504","23.7626"
"231.5720","1.7500","23.7568"
"231.5920","1.7496","23.7049"
"231.6120","1.7493","23.6700"
"231.6320","1.7490","23.6109"
"231.6520","1.7487","23.6316"
"231.6720","1.7484","23.6813"
"231.6920","1.7481","23.7664"
"231.7120","1.7478","23.7303"
"231.7320","1.7473","23.6625"
"231.7520","1.7469","23.5488"
"231.7720","1.7465","23.5934"
"231.7920","1.7462","23.6893"
"231.8120","1.7459","23.7306"
"231.8320","1.7456","23.7129"
"231.8520","1.7453","23.7646"
"231.8720","1.7450","23.7463"
"231.8920","1.7446","23.7691"
"231.9120","1.7443","23.7900"
"231.9320","1.7439","23.7201"
"231.9520","1.7436","23.6301"
"231.9720","1.7434","23.6166"
"231.9920","1.7431","23.5822"
"232.0120","1.7428","23.6011"
"232.0320","1.7425","23.6311"
"232.0520","1.7420","23.5931"
"232.0720","1.7416","23.4469"
"232.0920","1.7411","23.4894"
"232.1120","1.7408","23.5255"
"232.1320","1.7405","23.5332"
"232.1520","1.7403","23.5117"
"232.1720","1.7400","23.5390"
"232.1920","1.7398","23.5887"
"232.2120","1.7394","23.6016"
"232.2320","1.7391","23.6684"
"232.2520","1.7387","23.6465"
"232.2720","1.7383","23.6273"
"232.2920","1.7379","23.6028"
"232.3120","1.7376","23.5801"
"232.3320","1.7373","23.5943"
"232.3520","1.7371","23.5881"
"232.3720","1.7368","23.5051"
"232.3920","1.7364","23.4671"
"232.4120","1.7360","23.4322"
"232.4320","1.7356","23.4495"
"232.4520","1.7352","23.4104"
"232.4720","1.7348","23.4307"
"232.4920","1.7345","23.4491"
"232.5120","1.7342","23.3845"
"232.5320","1.7339","23.4009"
"232.5520","1.7336","23.4653"
"232.5720","1.7333","23.4503"
"232.5920","1.7330","23.5054"
"232.6120","1.7326","23.5392"
"232.6320","1.7323","23.3860"
"232.6520","1.7320","23.3784"
"232.6720","1.7317","23.3815"
"232.6920","1.7315","23.3739"
"232.7120","1.7311","23.4040"
"232.7320","1.7308","23.3147"
"232.7520","1.7303","23.3203"
"232.7720","1.7298","23.3784"
"232.7920","1.7294","23.3037"
"232.8120","1.7291","23.3778"
"232.8320","1.7289","23.4226"
"232.8520","1.7287","23.3774"
"232.8720","1.7284","23.2800"
"232.8920","1.7281","23.3512"
"232.9120","1.7278","23.3349"
"232.9320","1.7274","23.2853"
"232.9520","1.7270","23.3247"
"232.9720","1.7266","23.3798"
"232.9920","1.7263","23.3652"
"233.0120","1.7260","23.4024"
"233.0320","1.7257","23.4269"
"233.0520","1.7254","23.3805"
"233.0720","1.7251","23.2717"
"233.0920","1.7247","23.3203"
"233.1120","1.7243","23.2972"
"233.1320","1.7239","23.2773"
"233.1520","1.7235","23.2810"
"233.1720","1.7232","23.2084"
"233.1920","1.7229","23.2425"
"233.2120","1.7226","23.2602"
"233.2320","1.7223","23.2521"
"233.2520","1.7220","23.2167"
"233.2720","1.7217","23.2585"
"233.2920","1.7213","23.2571"
"233.3120","1.7210","23.2184"
"233.3320","1.7207","23.1888"
"233.3520","1.7204","23.2417"
"233.3720","1.7201","23.2783"
"233.3920","1.7198","23.2246"
"233.4120","1.7195","23.2845"
"233.4320","1.7191","23.2870"
"233.4520","1.7186","23.3149"
"233.4720","1.7182","23.2710"
"233.4920","1.7178","23.2426"
"233.5120","1.7175","23.1736"
"233.5320","1.7173","23.1291"
"233.5520","1.7171","23.1342"
"233.5720","1.7168","23.1627"
"233.5920","1.7165","23.2047"
"233.6120","1.7161","23.1697"
"233.6320","1.7157","23.0970"
"233.6520","1.7153","23.1138"
"233.6720","1.7150","23.1472"
"233.6920","1.7147","23.1559"
"233.7120","1.7144","23.1534"
"233.7320","1.7141","23.1591"
"233.7520","1.7138","23.2093"
"233.7720","1.7134","23.1216"
"233.7920","1.7130","23.0377"
"233.8120","1.7126","23.0476"
"233.8320","1.7122","23.0429"
"233.8520","1.7118","23.0147"
"233.8720","1.7115","23.0678"
"233.8920","1.7113","23.1340"
"233.9120","1.7110","23.1546"
"233.9320","1.7107","23.0468"
"233.9520","1.7103","22.9975"
"233.9720","1.7100","23.0191"
"233.9920","1.7096","23.0051"
"234.0120","1.7093","22.9869"
"234.0320","1.7090","22.9717"
"234.0520","1.7087","23.0746"
"234.0720","1.7085","23.1241"
"234.0920","1.7081","23.0112"
"234.1120","1.7078","22.9171"
"234.1320","1.7073","22.9590"
"234.1520","1.7069","22.9692"
"234.1720","1.7065","22.9318"
"234.1920","1.7062","22.9330"
"234.2120","1.7059","22.9594"
"234.2320","1.7057","22.9165"
"234.2520","1.7054","22.9532"
"234.2720","1.7051","22.9381"
"234.2920","1.7048","22.9278"
"234.3120","1.7044","22.9679"
"234.3320","1.7040","22.8680"
"234.3520","1.7036","22.8310"
"234.3720","1.7033","22.8426"
"234.3920","1.7030","22.8815"
"234.4120","1.7027","22.8723"
"234.4320","1.7024","22.7734"
"234.4520","1.7021","22.8149"
"234.4720","1.7017","22.8208"
"234.4920","1.7013","22.8179"
"234.5120","1.7009","22.7456"
"234.5320","1.7005","22.8208"
"234.5520","1.7002","22.9069"
"234.5720","1.6999","22.8044"
"234.5920","1.6996","22.7776"
"234.6120","1.6993","22.7978"
"234.6320","1.6990","22.7800"
"234.6520","1.6987","22.8705"
"234.6720","1.6983","22.9447"
"234.6920","1.6980","22.8813"
"234.7120","1.6977","22.8370"
"234.7320","1.6974","22.8107"
"234.7520","1.6971","22.8294"
"234.7720","1.6968","22.8571"
"234.7920","1.6964","22.8052"
"234.8120","1.6960","22.7737"
"234.8320","1.6956","22.7344"
"234.8520","1.6951","22.6969"
"234.8720","1.6948","22.7059"
"234.8920","1.6945","22.7603"
"234.9120","1.6943","22.7758"
"234.9320","1.6941","22.8182"
"234.9520","1.6938","22.7467"
"234.9720","1.6935","22.7127"
"234.9920","1.6931","22.6983"
"235.0120","1.6927","22.7200"
"235.0320","1.6923","22.7280"
"235.0520","1.6920","22.6821"
"235.0720","1.6916","22.7027"
"235.0920","1.6913","22.6752"
"235.1120","1.6911","22.6228"
"235.1320","1.6907","22.7076"
"235.1520","1.6904","22.6857"
"235.1720","1.6900","22.6210"
"235.1920","1.6896","22.5858"
"235.2120","1.6892","22.6726"
"235.2320","1.6888","22.6737"
"235.2520","1.6885","22.6917"
"235.2720","1.6883","22.6838"
"235.2920","1.6880","22.6341"
"235.3120","1.6877","22.6680"
"235.3320","1.6873","22.6536"
"235.3520","1.6870","22.5972"
"235.3720","1.6866","22.5734"
"235.3920","1.6863","22.5810"
"235.4120","1.6860","22.6451"
"235.4320","1.6857","22.6523"
"235.4520","1.6854","22.6804"
"235.4720","1.6851","22.5699"
"235.4920","1.6847","22.5117"
"235.5120","1.6843","22.5477"
"235.5320","1.6838","22.5672"
"235.5520","1.6834","22.5862"
"235.5720","1.6831","22.5182"
"235.5920","1.6829","22.4359"
"235.6120","1.6827","22.4674"
"235.6320","1.6824","22.5459"
"235.6520","1.6821","22.5470"
"235.6720","1.6818","22.5675"
"235.6920","1.6814","22.5502"
"235.7120","1.6810","22.4963"
"235.7320","1.6806","22.4778"
"235.7520","1.6803","22.5047"
"235.7720","1.6800","22.5630"
"235.7920","1.6797","22.5638"
"235.8120","1.6794","22.5769"
"235.8320","1.6791","22.5886"
"235.8520","1.6787","22.5405"
"235.8720","1.6783","22.4934"
"235.8920","1.6778","22.5004"
"235.9120","1.6775","22.4933"
"235.9320","1.6771","22.4530"
"235.9520","1.6769","22.4580"
"235.9720","1.6766","22.5158"
"235.9920","1.6763","22.4331"
"236.0120","1.6760","22.3904"
"236.0320","1.6757","22.4155"
"236.0520","1.6753","22.4317"
"236.0720","1.6750","22.4199"
"236.0920","1.6747","22.4683"
"236.1120","1.6744","22.4442"
"236.1320","1.6741","22.4364"
"236.1520","1.6738","22.3250"
"236.1720","1.6734","22.3298"
"236.1920","1.6730","22.4333"
"236.2120","1.6725","22.4682"
"236.2320","1.6721","22.4148"
"236.2520","1.6718","22.3608"
"236.2720","1.6715","22.2936"
"236.2920","1.6713","22.2619"
"236.3120","1.6711","22.3291"
"236.3320","1.6708","22.3627"
"236.3520","1.6705","22.4194"
"236.3720","1.6701","22.3654"
"236.3920","1.6697","22.2813"
"236.4120","1.6693","22.3126"
"236.4320","1.6690","22.3051"
"236.4520","1.6687","22.2780"
"236.4720","1.6684","22.2589"
"236.4920","1.6681","22.2578"
"236.5120","1.6678","22.2868"
"236.5320","1.6674","22.2473"
"236.5520","1.6670","22.2412"
"236.5720","1.6666","22.2885"
"236.5920","1.6662","22.3175"
"236.6120","1.6658","22.3671"
"236.6320","1.6655","22.3276"
"236.6520","1.6653","22.2443"
"236.6720","1.6650","22.2331"
"236.6920","1.6647","22.2726"
"236.7120","1.6643","22.3685"
"236.7320","1.6640","22.2949"
"236.7520","1.6636","22.1758"
"236.7720","1.6633","22.1369"
"236.7920","1.6630","22.1487"
"236.8120","1.6627","22.1450"
"236.8320","1.6624","22.1577"
"236.8520","1.6621","22.1931"
"236.8720","1.6617","22.1181"
"236.8920","1.6613","22.0240"
"236.9120","1.6608","22.0827"
"236.9320","1.6604","22.1183"
"236.9520","1.6601","22.0974"
"236.9720","1.6599","22.1263"
"236.9920","1.6597","22.1546"
"237.0120","1.6594","22.1735"
"237.0320","1.6591","22.1025"
"237.0520","1.6588","22.1076"
"237.0720","1.6584","22.0726"
"237.0920","1.6580","22.1201"
"237.1120","1.6576","22.0659"
"237.1320","1.6573","22.1466"
"237.1520","1.6570","22.1651"
"237.1720","1.6568","22.1049"
"237.1920","1.6565","22.0863"
"237.2120","1.6561","22.0905"
"237.2320","1.6557","22.0795"
"237.2520","1.6553","21.9815"
"237.2720","1.6549","22.0330"
"237.2920","1.6545","22.0793"
"237.3120","1.6542","22.0759"
"237.3320","1.6539","22.0714"
"237.3520","1.6536","22.0356"
"237.3720","1.6533","22.0231"
"237.3920","1.6530","21.9960"
"237.4120","1.6526","21.9550"
"237.4320","1.6523","22.0367"
"237.4520","1.6520","21.9983"
"237.4720","1.6517","22.0271"
"237.4920","1.6514","22.0476"
"237.5120","1.6511","21.9775"
"237.5320","1.6508","21.9598"
"237.5520","1.6504","22.0307"
"237.5720","1.6500","21.9824"
"237.5920","1.6495","21.9308"
"237.6120","1.6491","21.8941"
"237.6320","1.6488","21.8923"
"237.6520","1.6485","21.8883"
"237.6720","1.6483","21.8975"
"237.6920","1.6481","21.8959"
"237.7120","1.6478","21.9717"
"237.7320","1.6475","21.9815"
"237.7520","1.6471","22.0030"
"237.7720","1.6467","21.9614"
"237.7920","1.6463","21.9304"
"237.8120","1.6460","21.9157"
"237.8320","1.6457","21.9704"
"237.8520","1.6454","21.9040"
"237.8720","1.6451","21.8928"
"237.8920","1.6448","21.8604"
"237.9120","1.6444","21.9227"
"237.9320","1.6440","21.9014"
"237.9520","1.6436","21.8737"
"237.9720","1.6432","21.8430"
"237.9920","1.6429","21.8962"
"238.0120","1.6426","21.8913"
"238.0320","1.6423","21.9393"
"238.0520","1.6420","21.9099"
"238.0720","1.6417","21.8164"
"238.0920","1.6413","21.8821"
"238.1120","1.6409","21.9394"
"238.1320","1.6406","21.8763"
"238.1520","1.6403","21.9014"
"238.1720","1.6401","21.7989"
"238.1920","1.6398","21.7330"
"238.2120","1.6395","21.7605"
"238.2320","1.6391","21.7842"
"238.2520","1.6387","21.7244"
"238.2720","1.6383","21.7262"
"238.2920","1.6378","21.7246"
"238.3120","1.6374","21.7629"
"238.3320","1.6372","21.7030"
"238.3520","1.6369","21.6920"
"238.3720","1.6367","21.6876"
"238.3920","1.6364","21.8113"
"238.4120","1.6361","21.7873"
"238.4320","1.6358","21.7146"
"238.4520","1.6354","21.7153"
"238.4720","1.6350","21.6708"
"238.4920","1.6347","21.6559"
"238.5120","1.6344","21.6585"
"238.5320","1.6341","21.6376"
"238.5520","1.6338","21.6798"
"238.5720","1.6335","21.7322"
"238.5920","1.6332","21.7873"
"238.6120","1.6328","21.6892"
"238.6320","1.6323","21.6095"
"238.6520","1.6319","21.6321"
"238.6720","1.6315","21.6462"
"238.6920","1.6312","21.5865"
"238.7120","1.6309","21.5535"
"238.7320","1.6306","21.5894"
"238.7520","1.6303","21.5963"
"238.7720","1.6300","21.6737"
"238.7920","1.6296","21.7354"
"238.8120","1.6293","21.6242"
"238.8320","1.6290","21.6747"
"238.8520","1.6287","21.6692"
"238.8720","1.6284","21.6159"
"238.8920","1.6281","21.7322"
"238.9120","1.6278","21.6184"
"238.9320","1.6274","21.6177"
"238.9520","1.6270","21.5990"
"238.9720","1.6265","21.5250"
"238.9920","1.6261","21.4760"
"239.0120","1.6258","21.4698"
"239.0320","1.6255","21.4695"
"239.0520","1.6253","21.5044"
"239.0720","1.6251","21.5086"
"239.0920","1.6248","21.5774"
"239.1120","1.6244","21.5009"
"239.1320","1.6241","21.4758"
"239.1520","1.6237","21.4640"
"239.1720","1.6233","21.5240"
"239.1920","1.6230","21.5296"
"239.2120","1.6227","21.4353"
"239.2320","1.6224","21.4542"
"239.2520","1.6221","21.4316"
"239.2720","1.6218","21.4561"
"239.2920","1.6215","21.4600"
"239.3120","1.6210","21.5045"
"239.3320","1.6206","21.5109"
"239.3520","1.6202","21.4929"
"239.3720","1.6199","21.5364"
"239.3920","1.6195","21.4991"
"239.4120","1.6192","21.4212"
"239.4320","1.6189","21.4295"
"239.4520","1.6186","21.4260"
"239.4720","1.6182","21.4339"
"239.4920","1.6179","21.3550"
"239.5120","1.6176","21.4153"
"239.5320","1.6173","21.4285"
"239.5520","1.6170","21.4338"
"239.5720","1.6168","21.4036"
"239.5920","1.6165","21.4488"
"239.6120","1.6161","21.4530"
"239.6320","1.6157","21.4595"
"239.6520","1.6152","21.3943"
"239.6720","1.6148","21.3465"
"239.6920","1.6144","21.3641"
"239.7120","1.6142","21.3517"
"239.7320","1.6139","21.2794"
"239.7520","1.6137","21.2387"
"239.7720","1.6134","21.3043"
"239.7920","1.6131","21.3305"
"239.8120","1.6127","21.3725"
"239.8320","1.6124","21.3218"
"239.8520","1.6120","21.3214"
"239.8720","1.6116","21.2916"
"239.8920","1.6113","21.2889"
"239.9120","1.6111","21.3233"
"239.9320","1.6108","21.3106"
"239.9520","1.6105","21.3338"
"239.9720","1.6101","21.2595"
"239.9920","1.6097","21.2176"
"240.0120","1.6093","21.3108"
"240.0320","1.6089","21.2724"
"240.0520","1.6085","21.1533"
"240.0720","1.6082","21.1824"
"240.0920","1.6079","21.2337"
"240.1120","1.6076","21.2799"
"240.1320","1.6073","21.2412"
"240.1520","1.6069","21.2148"
"240.1720","1.6066","21.2529"
"240.1920","1.6063","21.2579"
"240.2120","1.6060","21.1729"
"240.2320","1.6057","21.1348"
"240.2520","1.6054","21.1662"
"240.2720","1.6051","21.0773"
"240.2920","1.6048","21.0670"
"240.3120","1.6044","21.1151"
"240.3320","1.6040","21.1734"
"240.3520","1.6035","21.1490"
"240.3720","1.6031","21.2070"
"240.3920","1.6028","21.1933"
"240.4120","1.6026","21.1252"
"240.4320","1.6023","21.1139"
"240.4520","1.6021","21.0595"
"240.4720","1.6018","21.0694"
"240.4920","1.6014","21.1290"
"240.5120","1.6011","21.1584"
"240.5320","1.6007","21.1249"
"240.5520","1.6003","21.1526"
"240.5720","1.6000","21.1072"
"240.5920","1.5997","21.0994"
"240.6120","1.5994","20.9539"
"240.6320","1.5992","20.9546"
"240.6520","1.5988","21.1129"
"240.6720","1.5984","21.0545"
"240.6920","1.5980","21.0672"
"240.7120","1.5976","21.0092"
"240.7320","1.5972","21.0482"
"240.7520","1.5969","21.0068"
"240.7720","1.5966","20.9596"
"240.7920","1.5963","21.0181"
"240.8120","1.5960","21.0624"
"240.8320","1.5956","20.9690"
"240.8520","1.5953","20.9528"
"240.8720","1.5949","20.9480"
"240.8920","1.5946","20.9721"
"240.9120","1.5943","20.9747"
"240.9320","1.5941","21.0040"
"240.9520","1.5938","20.9997"
"240.9720","1.5935","21.0227"
"240.9920","1.5931","20.9609"
"241.0120","1.5927","20.9899"
"241.0320","1.5922","21.0186"
"241.0520","1.5918","20.9889"
"241.0720","1.5914","20.9547"
"241.0920","1.5912","20.9427"
"241.1120","1.5910","20.9255"
"241.1320","1.5907","20.8488"
"241.1520","1.5905","20.8672"
"241.1720","1.5901","20.9537"
"241.1920","1.5898","20.8828"
"241.2120","1.5894","20.8075"
"241.2320","1.5890","20.8587"
"241.2520","1.5887","20.8564"
"241.2720","1.5884","20.8307"
"241.2920","1.5881","20.7250"
"241.3120","1.5878","20.7862"
"241.3320","1.5875","20.8054"
"241.3520","1.5871","20.8791"
"241.3720","1.5867","20.8820"
"241.3920","1.5863","20.7701"
"241.4120","1.5859","20.7678"
"241.4320","1.5855","20.7194"
"241.4520","1.5852","20.7839"
"241.4720","1.5849","20.7932"
"241.4920","1.5846","20.8327"
"241.5120","1.5843","20.7277"
"241.5320","1.5840","20.7012"
"241.5520","1.5836","20.7442"
"241.5720","1.5833","20.7607"
"241.5920","1.5830","20.7559"
"241.6120","1.5827","20.7941"
"241.6320","1.5825","20.8131"
"241.6520","1.5822","20.7955"
"241.6720","1.5818","20.7910"
"241.6920","1.5814","20.7880"
"241.7120","1.5809","20.7583"
"241.7320","1.5805","20.6978"
"241.7520","1.5801","20.6987"
"241.7720","1.5798","20.6836"
"241.7920","1.5796","20.7316"
"241.8120","1.5794","20.7046"
"241.8320","1.5791","20.7476"
"241.8520","1.5788","20.6584"
"241.8720","1.5784","20.5790"
"241.8920","1.5780","20.6221"
"241.9120","1.5776","20.6654"
"241.9320","1.5773","20.6316"
"241.9520","1.5770","20.6593"
"241.9720","1.5767","20.7236"
"241.9920","1.5765","20.6573"
"242.0120","1.5762","20.6253"
"242.0320","1.5758","20.6015"
"242.0520","1.5754","20.6531"
"242.0720","1.5750","20.7009"
"242.0920","1.5746","20.7217"
"242.1120","1.5742","20.6601"
"242.1320","1.5739","20.6263"
"242.1520","1.5736","20.5310"
"242.1720","1.5733","20.5057"
"242.1920","1.5730","20.5202"
"242.2120","1.5727","20.5842"
"242.2320","1.5723","20.6751"
"242.2520","1.5719","20.6738"
"242.2720","1.5716","20.5930"
"242.2920","1.5713","20.5407"
"242.3120","1.5711","20.5645"
"242.3320","1.5708","20.5867"
"242.3520","1.5705","20.5845"
"242.3720","1.5701","20.4544"
"242.3920","1.5697","20.4341"
"242.4120","1.5692","20.4832"
"242.4320","1.5688","20.4877"
"242.4520","1.5684","20.5124"
"242.4720","1.5682","20.5386"
"242.4920","1.5680","20.5197"
"242.5120","1.5677","20.6061"
"242.5320","1.5674","20.6101"
"242.5520","1.5671","20.5271"
"242.5720","1.5667","20.5711"
"242.5920","1.5663","20.5134"
"242.6120","1.5660","20.4815"
"242.6320","1.5656","20.5067"
"242.6520","1.5653","20.5041"
"242.6720","1.5651","20.4846"
"242.6920","1.5648","20.4739"
"242.7120","1.5645","20.4445"
"242.7320","1.5641","20.4338"
"242.7520","1.5637","20.4834"
"242.7720","1.5632","20.4956"
"242.7920","1.5628","20.5257"
"242.8120","1.5625","20.5368"
"242.8320","1.5622","20.4549"
"242.8520","1.5619","20.3210"
"242.8720","1.5616","20.2724"
"242.8920","1.5613","20.2941"
"242.9120","1.5610","20.4136"
"242.9320","1.5606","20.4351"
"242.9520","1.5603","20.4323"
"242.9720","1.5600","20.3807"
"242.9920","1.5597","20.3485"
"243.0120","1.5595","20.2941"
"243.0320","1.5591","20.2578"
"243.0520","1.5588","20.2495"
"243.0720","1.5583","20.3294"
"243.0920","1.5578","20.3583"
"243.1120","1.5574","20.3840"
"243.1320","1.5571","20.3662"
"243.1520","1.5568","20.3832"
"243.1720","1.5566","20.2935"
"243.1920","1.5564","20.2816"
"243.2120","1.5561","20.3421"
"243.2320","1.5558","20.3123"
"243.2520","1.5554","20.3329"
"243.2720","1.5550","20.3110"
"243.2920","1.5546","20.3681"
"243.3120","1.5543","20.3360"
"243.3320","1.5540","20.2466"
"243.3520","1.5537","20.1796"
"243.3720","1.5534","20.3005"
"243.3920","1.5531","20.3117"
"243.4120","1.5528","20.2752"
"243.4320","1.5524","20.2017"
"243.4520","1.5519","20.1890"
"243.4720","1.5515","20.1736"
"243.4920","1.5512","20.1522"
"243.5120","1.5508","20.1386"
"243.5320","1.5506","20.1829"
"243.5520","1.5503","20.1951"
"243.5720","1.5500","20.2580"
"243.5920","1.5497","20.3382"
"243.6120","1.5493","20.3090"
"243.6320","1.5490","20.2285"
"243.6520","1.5487","20.1648"
"243.6720","1.5484","20.0691"
"243.6920","1.5481","20.0523"
"243.7120","1.5478","20.0848"
"243.7320","1.5475","20.1436"
"243.7520","1.5470","20.0933"
"243.7720","1.5466","20.1234"
"243.7920","1.5461","20.2180"
"243.8120","1.5457","20.1982"
"243.8320","1.5455","20.0995"
"243.8520","1.5452","20.0428"
"243.8720","1.5450","20.0586"
"243.8920","1.5448","20.1118"
"243.9120","1.5445","20.1174"
"243.9320","1.5441","20.0123"
"243.9520","1.5438","20.0468"
"243.9720","1.5434","20.0525"
"243.9920","1.5430","20.0509"
"244.0120","1.5426","20.0924"
"244.0320","1.5423","20.0925"
"244.0520","1.5421","20.1028"
"244.0720","1.5418","20.1004"
"244.0920","1.5414","20.1107"
"244.1120","1.5411","20.0809"
"244.1320","1.5407","19.9482"
"244.1520","1.5403","19.9185"
"244.1720","1.5399","20.0271"
"244.1920","1.5395","19.9941"
"244.2120","1.5392","19.9999"
"244.2320","1.5390","19.9910"
"244.2520","1.5387","20.0300"
"244.2720","1.5383","20.0279"
"244.2920","1.5380","19.9627"
"244.3120","1.5377","19.9594"
"244.3320","1.5373","19.9375"
"244.3520","1.5370","19.9483"
"244.3720","1.5368","19.9929"
"244.3920","1.5365","20.0275"
"244.4120","1.5362","19.9620"
"244.4320","1.5358","19.9487"
"244.4520","1.5354","19.9418"
"244.4720","1.5349","19.8625"
"244.4920","1.5344","19.8858"
"244.5120","1.5341","19.9145"
"244.5320","1.5338","19.8599"
"244.5520","1.5336","19.8657"
"244.5720","1.5334","19.9250"
"244.5920","1.5331","20.0101"
"244.6120","1.5328","19.9518"
"244.6320","1.5324","19.8866"
"244.6520","1.5321","19.8665"
"244.6720","1.5317","19.8050"
"244.6920","1.5313","19.7751"
"244.7120","1.5310","19.7695"
"244.7320","1.5307","19.8572"
"244.7520","1.5304","19.8582"
"244.7720","1.5301","19.8151"
"244.7920","1.5298","19.7793"
"244.8120","1.5294","19.7742"
"244.8320","1.5290","19.8419"
"244.8520","1.5286","19.8353"
"244.8720","1.5282","19.7734"
"244.8920","1.5279","19.7689"
"244.9120","1.5276","19.8127"
"244.9320","1.5273","19.7347"
"244.9520","1.5270","19.7102"
"244.9720","1.5267","19.7662"
"244.9920","1.5263","19.7700"
"245.0120","1.5260","19.7318"
"245.0320","1.5257","19.7434"
"245.0520","1.5254","19.6935"
"245.0720","1.5251","19.7258"
"245.0920","1.5248","19.7404"
"245.1120","1.5245","19.8295"
"245.1320","1.5241","19.8398"
"245.1520","1.5236","19.7924"
"245.1720","1.5231","19.7317"
"245.1920","1.5227","19.7251"
"245.2120","1.5225","19.7522"
"245.2320","1.5222","19.7821"
"245.2520","1.5220","19.6837"
"245.2720","1.5218","19.6793"
"245.2920","1.5215","19.6813"
"245.3120","1.5211","19.6853"
"245.3320","1.5207","19.7754"
"245.3520","1.5203","19.6896"
"245.3720","1.5200","19.6355"
"245.3920","1.5196","19.6644"
"245.4120","1.5193","19.6469"
"245.4320","1.5191","19.7112"
"245.4520","1.5188","19.7713"
"245.4720","1.5184","19.7008"
"245.4920","1.5181","19.5730"
"245.5120","1.5177","19.6521"
"245.5320","1.5172","19.6776"
"245.5520","1.5168","19.5804"
"245.5720","1.5165","19.5858"
"245.5920","1.5162","19.6590"
"245.6120","1.5159","19.6543"
"245.6320","1.5156","19.6498"
"245.6520","1.5153","19.6443"
"245.6720","1.5150","19.6423"
"245.6920","1.5146","19.6709"
"245.7120","1.5143","19.7003"
"245.7320","1.5140","19.6362"
"245.7520","1.5137","19.5903"
"245.7720","1.5135","19.5943"
"245.7920","1.5131","19.5246"
"245.8120","1.5128","19.4606"
"245.8320","1.5123","19.5407"
"245.8520","1.5119","19.6104"
"245.8720","1.5114","19.5514"
"245.8920","1.5111","19.5107"
"245.9120","1.5108","19.4882"
"245.9320","1.5106","19.4691"
"245.9520","1.5104","19.4783"
"245.9720","1.5101","19.4945"
"245.9920","1.5098","19.4805"
"246.0120","1.5094","19.4334"
"246.0320","1.5090","19.4411"
"246.0520","1.5086","19.5285"
"246.0720","1.5083","19.5714"
"246.0920","1.5080","19.5778"
"246.1120","1.5077","19.4662"
"246.1320","1.5074","19.3782"
"246.1520","1.5071","19.3784"
"246.1720","1.5068","19.4426"
"246.1920","1.5063","19.3878"
"246.2120","1.5059","19.4147"
"246.2320","1.5055","19.4377"
"246.2520","1.5052","19.4516"
"246.2720","1.5049","19.4665"
"246.2920","1.5046","19.5308"
"246.3120","1.5043","19.5327"
"246.3320","1.5040","19.5095"
"246.3520","1.5036","19.4608"
"246.3720","1.5033","19.3681"
"246.3920","1.5029","19.3609"
"246.4120","1.5026","19.3716"
"246.4320","1.5024","19.3514"
"246.4520","1.5021","19.3605"
"246.4720","1.5018","19.4036"
"246.4920","1.5015","19.3621"
"246.5120","1.5011","19.3438"
"246.5320","1.5006","19.3069"
"246.5520","1.5002","19.3347"
"246.5720","1.4998","19.3348"
"246.5920","1.4995","19.3271"
"246.6120","1.4993","19.2778"
"246.6320","1.4990","19.2907"
"246.6520","1.4988","19.2920"
"246.6720","1.4984","19.3353"
"246.6920","1.4981","19.2236"
"246.7120","1.4977","19.2318"
"246.7320","1.4973","19.2204"
"246.7520","1.4969","19.2105"
"246.7720","1.4966","19.2252"
"246.7920","1.4963","19.2625"
"246.8120","1.4961","19.2582"
"246.8320","1.4958","19.2488"
"246.8520","1.4954","19.2432"
"246.8720","1.4951","19.2098"
"246.8920","1.4947","19.2245"
"246.9120","1.4943","19.3245"
"246.9320","1.4939","19.3136"
"246.9520","1.4935","19.2551"
"246.9720","1.4932","19.1040"
"246.9920","1.4930","19.1009"
"247.0120","1.4927","19.1946"
"247.0320","1.4923","19.2153"
"247.0520","1.4920","19.2000"
"247.0720","1.4916","19.1844"
"247.0920","1.4913","19.1851"
"247.1120","1.4910","19.1349"
"247.1320","1.4907","19.1530"
"247.1520","1.4904","19.1926"
"247.1720","1.4901","19.1462"
"247.1920","1.4898","19.1482"
"247.2120","1.4893","19.1702"
"247.2320","1.4889","19.1667"
"247.2520","1.4884","19.1169"
"247.2720","1.4881","19.1307"
"247.2920","1.4879","19.2056"
"247.3120","1.4876","19.2284"
"247.3320","1.4874","19.1546"
"247.3520","1.4871","19.1170"
"247.3720","1.4868","19.0806"
"247.3920","1.4864","19.0990"
"247.4120","1.4860","19.0858"
"247.4320","1.4856","19.0689"
"247.4520","1.4853","19.1441"
"247.4720","1.4850","19.2279"
"247.4920","1.4847","19.2315"
"247.5120","1.4844","19.1748"
"247.5320","1.4841","19.0846"
"247.5520","1.4838","19.0680"
"247.5720","1.4834","19.0539"
"247.5920","1.4830","19.0663"
"247.6120","1.4826","19.0376"
"247.6320","1.4822","19.0111"
"247.6520","1.4819","19.0366"
"247.6720","1.4816","19.0136"
"247.6920","1.4813","19.0298"
"247.7120","1.4810","19.1081"
"247.7320","1.4807","19.0804"
"247.7520","1.4803","19.0444"
"247.7720","1.4800","19.0150"
"247.7920","1.4796","19.0216"
"247.8120","1.4794","18.9685"
"247.8320","1.4791","18.9639"
"247.8520","1.4788","19.0021"
"247.8720","1.4785","19.0686"
"247.8920","1.4781","19.0170"
"247.9120","1.4776","19.0500"
"247.9320","1.4772","19.0448"
"247.9520","1.4768","18.9574"
"247.9720","1.4765","18.9947"
"247.9920","1.4763","18.9389"
"248.0120","1.4760","18.9176"
"248.0320","1.4758","18.9068"
"248.0520","1.4755","18.9605"
"248.0720","1.4751","18.9606"
"248.0920","1.4747","18.9099"
"248.1120","1.4743","18.8799"
"248.1320","1.4740","18.8367"
"248.1520","1.4736","18.8511"
"248.1720","1.4733","18.8146"
"248.1920","1.4731","18.8487"
"248.2120","1.4727","18.7541"
"248.2320","1.4724","18.8027"
"248.2520","1.4720","18.8726"
"248.2720","1.4716","18.9029"
"248.2920","1.4712","18.8812"
"248.3120","1.4708","18.8614"
"248.3320","1.4705","18.8215"
"248.3520","1.4702","18.7300"
"248.3720","1.4699","18.8015"
"248.3920","1.4696","18.8096"
"248.4120","1.4693","18.8594"
"248.4320","1.4689","18.8033"
"248.4520","1.4686","18.8179"
"248.4720","1.4683","18.8393"
"248.4920","1.4680","18.7655"
"248.5120","1.4677","18.7525"
"248.5320","1.4674","18.7521"
"248.5520","1.4671","18.8069"
"248.5720","1.4668","18.8508"
"248.5920","1.4663","18.8223"
"248.6120","1.4659","18.7595"
"248.6320","1.4655","18.7580"
"248.6520","1.4651","18.7455"
"248.6720","1.4649","18.7125"
"248.6920","1.4647","18.7157"
"248.7120","1.4644","18.6871"
"248.7320","1.4641","18.6893"
"248.7520","1.4638","18.7023"
"248.7720","1.4634","18.7096"
"248.7920","1.4630","18.7298"
"248.8120","1.4626","18.6781"
"248.8320","1.4623","18.6991"
"248.8520","1.4620","18.6813"
"248.8720","1.4617","18.5719"
"248.8920","1.4614","18.6000"
"248.9120","1.4611","18.7020"
"248.9320","1.4607","18.7803"
"248.9520","1.4603","18.6938"
"248.9720","1.4599","18.6625"
"248.9920","1.4595","18.6975"
"249.0120","1.4592","18.6654"
"249.0320","1.4589","18.5798"
"249.0520","1.4586","18.5449"
"249.0720","1.4583","18.6054"
"249.0920","1.4580","18.6682"
"249.1120","1.4577","18.6547"
"249.1320","1.4573","18.6235"
"249.1520","1.4570","18.5618"
"249.1720","1.4567","18.5483"
"249.1920","1.4564","18.5327"
"249.2120","1.4561","18.5584"
"249.2320","1.4558","18.5930"
"249.2520","1.4555","18.5537"
"249.2720","1.4551","18.5086"
"249.2920","1.4546","18.4608"
"249.3120","1.4542","18.5328"
"249.3320","1.4538","18.5142"
"249.3520","1.4535","18.4467"
"249.3720","1.4533","18.4364"
"249.3920","1.4531","18.4461"
"249.4120","1.4528","18.4690"
"249.4320","1.4525","18.4711"
"249.4520","1.4521","18.4755"
"249.4720","1.4517","18.5407"
"249.4920","1.4513","18.5441"
"249.5120","1.4510","18.5303"
"249.5320","1.4506","18.5247"
"249.5520","1.4503","18.4790"
"249.5720","1.4501","18.4447"
"249.5920","1.4498","18.4014"
"249.6120","1.4494","18.4518"
"249.6320","1.4490","18.3701"
"249.6520","1.4486","18.4623"
"249.6720","1.4482","18.4113"
"249.6920","1.4478","18.3342"
"249.7120","1.4475","18.3818"
"249.7320","1.4473","18.4529"
"249.7520","1.4470","18.5130"
"249.7720","1.4467","18.4759"
"249.7920","1.4463","18.4604"
"249.8120","1.4460","18.3622"
"249.8320","1.4456","18.3184"
"249.8520","1.4453","18.3137"
"249.8720","1.4450","18.3747"
"249.8920","1.4447","18.3919"
"249.9120","1.4444","18.3438"
"249.9320","1.4441","18.3250"
"249.9520","1.4437","18.4165"
"249.9720","1.4433","18.4165"
"249.9920","1.4428","18.4017"
"250.0120","1.4424","18.3137"
"250.0320","1.4421","18.2509"
"250.0520","1.4419","18.2555"
"250.0720","1.4417","18.1917"
"250.0920","1.4414","18.2372"
"250.1120","1.4411","18.2327"
"250.1320","1.4408","18.2781"
"250.1520","1.4404","18.3260"
"250.1720","1.4400","18.3522"
"250.1920","1.4397","18.3763"
"250.2120","1.4393","18.3160"
"250.2320","1.4390","18.2817"
"250.2520","1.4387","18.2838"
"250.2720","1.4384","18.3006"
"250.2920","1.4381","18.2967"
"250.3120","1.4377","18.1670"
"250.3320","1.4373","18.2392"
"250.3520","1.4369","18.3374"
"250.3720","1.4365","18.3028"
"250.3920","1.4361","18.2396"
"250.4120","1.4359","18.1602"
"250.4320","1.4356","18.2487"
"250.4520","1.4353","18.1907"
"250.4720","1.4350","18.1857"
"250.4920","1.4346","18.2116"
"250.5120","1.4343","18.1915"
"250.5320","1.4339","18.0956"
"250.5520","1.4336","18.1260"
"250.5720","1.4334","18.1312"
"250.5920","1.4331","18.1699"
"250.6120","1.4327","18.1635"
"250.6320","1.4324","18.1658"
"250.6520","1.4320","18.2107"
"250.6720","1.4315","18.1478"
"250.6920","1.4311","18.1327"
"250.7120","1.4308","18.1522"
"250.7320","1.4305","18.1035"
"250.7520","1.4303","18.1721"
"250.7720","1.4301","18.1624"
"250.7920","1.4298","18.0984"
"250.8120","1.4295","18.0438"
"250.8320","1.4291","18.0449"
"250.8520","1.4287","18.0603"
"250.8720","1.4283","18.0981"
"250.8920","1.4280","18.1270"
"250.9120","1.4277","18.1880"
"250.9320","1.4274","18.1869"
"250.9520","1.4271","18.1233"
"250.9720","1.4268","18.0965"
"250.9920","1.4264","18.1090"
"251.0120","1.4260","18.0541"
"251.0320","1.4256","18.0819"
"251.0520","1.4252","18.0616"
"251.0720","1.4248","18.0098"
"251.0920","1.4245","18.0208"
"251.1120","1.4242","17.9925"
"251.1320","1.4240","17.9469"
"251.1520","1.4237","18.0071"
"251.1720","1.4233","17.9804"
"251.1920","1.4230","17.9276"
"251.2120","1.4226","18.0163"
"251.2320","1.4223","18.0446"
"251.2520","1.4220","17.9802"
"251.2720","1.4217","17.9997"
"251.2920","1.4214","17.9877"
"251.3120","1.4211","17.9647"
"251.3320","1.4207","17.9161"
"251.3520","1.4203","17.9768"
"251.3720","1.4198","17.9552"
"251.3920","1.4194","17.9728"
"251.4120","1.4191","17.9558"
"251.4320","1.4189","17.8922"
"251.4520","1.4187","17.8821"
"251.4720","1.4184","17.8950"
"251.4920","1.4181","17.9105"
"251.5120","1.4178","17.8736"
"251.5320","1.4174","17.8988"
"251.5520","1.4170","17.8311"
"251.5720","1.4166","17.8389"
"251.5920","1.4163","17.9157"
"251.6120","1.4160","17.9244"
"251.6320","1.4158","17.7842"
"251.6520","1.4155","17.7658"
"251.6720","1.4151","17.8062"
"251.6920","1.4148","17.7934"
"251.7120","1.4143","17.8285"
"251.7320","1.4139","17.8590"
"251.7520","1.4135","17.8628"
"251.7720","1.4132","17.8365"
"251.7920","1.4129","17.8336"
"251.8120","1.4126","17.8242"
"251.8320","1.4123","17.7819"
"251.8520","1.4120","17.7623"
"251.8720","1.4117","17.7956"
"251.8920","1.4113","17.8520"
"251.9120","1.4110","17.8790"
"251.9320","1.4107","17.8475"
"251.9520","1.4104","17.8364"
"251.9720","1.4101","17.7905"
"251.9920","1.4098","17.7619"
"252.0120","1.4094","17.7854"
"252.0320","1.4090","17.7234"
"252.0520","1.4086","17.7368"
"252.0720","1.4081","17.7124"
"252.0920","1.4078","17.7438"
"252.1120","1.4075","17.7818"
"252.1320","1.4073","17.7733"
"252.1520","1.4071","17.7646"
"252.1720","1.4068","17.7022"
"252.1920","1.4065","17.7139"
"252.2120","1.4061","17.7104"
"252.2320","1.4057","17.7341"
"252.2520","1.4053","17.6523"
"252.2720","1.4050","17.6174"
"252.2920","1.4047","17.6236"
"252.3120","1.4044","17.6525"
"252.3320","1.4041","17.7256"
"252.3520","1.4038","17.7076"
"252.3720","1.4035","17.7127"
"252.3920","1.4031","17.6518"
"252.4120","1.4026","17.6822"
"252.4320","1.4022","17.7271"
"252.4520","1.4019","17.6771"
"252.4720","1.4016","17.5509"
"252.4920","1.4013","17.5594"
"252.5120","1.4010","17.5974"
"252.5320","1.4007","17.5797"
"252.5520","1.4003","17.6003"
"252.5720","1.4000","17.5801"
"252.5920","1.3996","17.6463"
"252.6120","1.3993","17.6536"
"252.6320","1.3990","17.6388"
"252.6520","1.3988","17.5699"
"252.6720","1.3985","17.5141"
"252.6920","1.3981","17.5615"
"252.7120","1.3977","17.5838"
"252.7320","1.3973","17.5834"
"252.7520","1.3968","17.5323"
"252.7720","1.3964","17.4874"
"252.7920","1.3961","17.4930"
"252.8120","1.3959","17.4650"
"252.8320","1.3957","17.4845"
"252.8520","1.3954","17.4656"
"252.8720","1.3951","17.4136"
"252.8920","1.3948","17.4108"
"252.9120","1.3944","17.4521"
"252.9320","1.3940","17.4804"
"252.9520","1.3937","17.4997"
"252.9720","1.3933","17.4574"
"252.9920","1.3930","17.5307"
"253.0120","1.3928","17.5123"
"253.0320","1.3925","17.4249"
"253.0520","1.3922","17.4131"
"253.0720","1.3918","17.3851"
"253.0920","1.3913","17.3694"
"253.1120","1.3909","17.4375"
"253.1320","1.3905","17.4116"
"253.1520","1.3902","17.3923"
"253.1720","1.3899","17.3593"
"253.1920","1.3896","17.3919"
"253.2120","1.3893","17.4531"
"253.2320","1.3890","17.5242"
"253.2520","1.3886","17.4335"
"253.2720","1.3883","17.2943"
"253.2920","1.3880","17.2842"
"253.3120","1.3877","17.3426"
"253.3320","1.3874","17.3309"
"253.3520","1.3871","17.3794"
"253.3720","1.3868","17.3898"
"253.3920","1.3864","17.4117"
"253.4120","1.3860","17.3139"
"253.4320","1.3855","17.3226"
"253.4520","1.3851","17.3162"
"253.4720","1.3848","17.2972"
"253.4920","1.3845","17.2339"
"253.5120","1.3843","17.3042"
"253.5320","1.3840","17.3499"
"253.5520","1.3838","17.3470"
"253.5720","1.3834","17.3364"
"253.5920","1.3831","17.3191"
"253.6120","1.3827","17.2885"
"253.6320","1.3823","17.2956"
"253.6520","1.3820","17.3305"
"253.6720","1.3817","17.3838"
"253.6920","1.3814","17.3268"
"253.7120","1.3811","17.2164"
"253.7320","1.3808","17.1971"
"253.7520","1.3805","17.3161"
"253.7720","1.3801","17.2979"
"253.7920","1.3796","17.3020"
"253.8120","1.3792","17.2982"
"253.8320","1.3788","17.2269"
"253.8520","1.3785","17.1560"
"253.8720","1.3782","17.2327"
"253.8920","1.3779","17.1663"
"253.9120","1.3776","17.2112"
"253.9320","1.3773","17.2719"
"253.9520","1.3769","17.2498"
"253.9720","1.3766","17.1112"
"253.9920","1.3763","17.0706"
"254.0120","1.3760","17.1595"
"254.0320","1.3757","17.2296"
"254.0520","1.3755","17.2010"
"254.0720","1.3751","17.2230"
"254.0920","1.3747","17.1344"
"254.1120","1.3743","17.2018"
"254.1320","1.3738","17.1871"
"254.1520","1.3734","17.1171"
"254.1720","1.3731","17.1082"
"254.1920","1.3729","17.1514"
"254.2120","1.3727","17.1327"
"254.2320","1.3724","17.1782"
"254.2520","1.3721","17.1616"
"254.2720","1.3717","17.1533"
"254.2920","1.3714","17.1170"
"254.3120","1.3710","17.1913"
"254.3320","1.3706","17.2190"
"254.3520","1.3703","17.1185"
"254.3720","1.3700","17.1116"
"254.3920","1.3698","17.1399"
"254.4120","1.3695","17.0583"
"254.4320","1.3691","17.0284"
"254.4520","1.3687","17.0644"
"254.4720","1.3683","17.0281"
"254.4920","1.3679","17.0295"
"254.5120","1.3675","16.9045"
"254.5320","1.3672","16.9118"
"254.5520","1.3669","16.9670"
"254.5720","1.3666","17.0591"
"254.5920","1.3663","17.1341"
"254.6120","1.3660","17.0219"
"254.6320","1.3656","17.0271"
"254.6520","1.3653","17.0854"
"254.6720","1.3650","17.1471"
"254.6920","1.3647","17.0683"
"254.7120","1.3644","17.0287"
"254.7320","1.3641","16.9215"
"254.7520","1.3638","16.9485"
"254.7720","1.3634","16.9122"
"254.7920","1.3630","16.9740"
"254.8120","1.3625","17.0198"
"254.8320","1.3621","16.9903"
"254.8520","1.3618","16.9625"
"254.8720","1.3615","16.9155"
"254.8920","1.3613","16.8522"
"254.9120","1.3611","16.9621"
"254.9320","1.3608","17.0147"
"254.9520","1.3604","16.9284"
"254.9720","1.3601","16.8448"
"254.9920","1.3597","16.8218"
"255.0120","1.3593","16.8610"
"255.0320","1.3590","16.8388"
"255.0520","1.3587","16.7958"
"255.0720","1.3584","16.8028"
"255.0920","1.3581","16.8392"
"255.1120","1.3578","16.8443"
"255.1320","1.3574","16.9165"
"255.1520","1.3570","16.9099"
"255.1720","1.3566","16.8736"
"255.1920","1.3562","16.8260"
"255.2120","1.3559","16.8446"
"255.2320","1.3556","16.8294"
"255.2520","1.3553","16.8398"
"255.2720","1.3550","16.9056"
"255.2920","1.3546","16.8794"
"255.3120","1.3543","16.8136"
"255.3320","1.3539","16.7856"
"255.3520","1.3536","16.8020"
"255.3720","1.3533","16.8863"
"255.3920","1.3531","16.8538"
"255.4120","1.3528","16.8324"
"255.4320","1.3525","16.7627"
"255.4520","1.3521","16.7218"
"255.4720","1.3517","16.7173"
"255.4920","1.3512","16.7139"
"255.5120","1.3508","16.7530"
"255.5320","1.3504","16.8593"
"255.5520","1.3502","16.8294"
"255.5720","1.3500","16.7300"
"255.5920","1.3497","16.6786"
"255.6120","1.3494","16.6947"
"255.6320","1.3491","16.7157"
"255.6520","1.3488","16.7438"
"255.6720","1.3484","16.7324"
"255.6920","1.3480","16.7165"
"255.7120","1.3477","16.6705"
"255.7320","1.3473","16.6899"
"255.7520","1.3471","16.6457"
"255.7720","1.3468","16.6519"
"255.7920","1.3465","16.6437"
"255.8120","1.3461","16.6961"
"255.8320","1.3457","16.6384"
"255.8520","1.3453","16.6503"
"255.8720","1.3449","16.6544"
"255.8920","1.3445","16.6820"
"255.9120","1.3442","16.7120"
"255.9320","1.3439","16.7090"
"255.9520","1.3436","16.6970"
"255.9720","1.3433","16.6203"
"255.9920","1.3430","16.6395"
"256.0120","1.3426","16.7222"
"256.0320","1.3423","16.6850"
"256.0520","1.3420","16.5947"
"256.0720","1.3417","16.5063"
"256.0920","1.3414","16.6031"
"256.1120","1.3411","16.6586"
"256.1320","1.3408","16.6983"
"256.1520","1.3404","16.5797"
"256.1720","1.3400","16.5157"
"256.1920","1.3395","16.4296"
"256.2120","1.3391","16.4742"
"256.2320","1.3388","16.5893"
"256.2520","1.3386","16.6112"
"256.2720","1.3383","16.4934"
"256.2920","1.3381","16.5642"
"256.3120","1.3378","16.5334"
"256.3320","1.3374","16.4357"
"256.3520","1.3370","16.3869"
"256.3720","1.3366","16.4197"
"256.3920","1.3363","16.4854"
"256.4120","1.3360","16.4781"
"256.4320","1.3357","16.4821"
"256.4520","1.3354","16.5192"
"256.4720","1.3352","16.4135"
"256.4920","1.3348","16.4846"
"256.5120","1.3344","16.5034"
"256.5320","1.3340","16.5238"
"256.5520","1.3336","16.5139"
"256.5720","1.3332","16.5011"
"256.5920","1.3328","16.4658"
"256.6120","1.3326","16.4433"
"256.6320","1.3323","16.5307"
"256.6520","1.3320","16.5081"
"256.6720","1.3316","16.3994"
"256.6920","1.3313","16.3968"
"256.7120","1.3309","16.4123"
"256.7320","1.3306","16.4096"
"256.7520","1.3303","16.4090"
"256.7720","1.3301","16.4248"
"256.7920","1.3298","16.4140"
"256.8120","1.3295","16.3985"
"256.8320","1.3291","16.4068"
"256.8520","1.3287","16.3638"
"256.8720","1.3282","16.4174"
"256.8920","1.3278","16.3652"
"256.9120","1.3274","16.2510"
"256.9320","1.3272","16.2838"
"256.9520","1.3270","16.3443"
"256.9720","1.3267","16.3986"
"256.9920","1.3264","16.3483"
"257.0120","1.3261","16.3000"
"257.0320","1.3257","16.2915"
"257.0520","1.3253","16.3266"
"257.0720","1.3250","16.2974"
"257.0920","1.3246","16.3512"
"257.1120","1.3243","16.3572"
"257.1320","1.3240","16.2803"
"257.1520","1.3238","16.3203"
"257.1720","1.3234","16.2910"
"257.1920","1.3231","16.2290"
"257.2120","1.3227","16.2529"
"257.2320","1.3222","16.2661"
"257.2520","1.3218","16.2552"
"257.2720","1.3215","16.2325"
"257.2920","1.3212","16.2423"
"257.3120","1.3209","16.2481"
"257.3320","1.3206","16.2276"
"257.3520","1.3203","16.2022"
"257.3720","1.3200","16.2684"
"257.3920","1.3196","16.2692"
"257.4120","1.3193","16.2479"
"257.4320","1.3190","16.1946"
"257.4520","1.3187","16.2304"
"257.4720","1.3184","16.2079"
"257.4920","1.3181","16.1428"
"257.5120","1.3178","16.1098"
"257.5320","1.3173","16.1004"
"257.5520","1.3169","16.1316"
"257.5720","1.3164","16.1583"
"257.5920","1.3160","16.2009"
"257.6120","1.3158","16.2827"
"257.6320","1.3156","16.2217"
"257.6520","1.3154","16.0995"
"257.6720","1.3151","16.1375"
"257.6920","1.3148","16.0554"
"257.7120","1.3144","16.0646"
"257.7320","1.3141","16.1096"
"257.7520","1.3137","16.0932"
"257.7720","1.3133","16.1361"
"257.7920","1.3130","16.1834"
"257.8120","1.3127","16.1532"
"257.8320","1.3124","16.0885"
"257.8520","1.3121","16.0672"
"257.8720","1.3118","16.0930"
"257.8920","1.3114","16.1137"
"257.9120","1.3110","16.0907"
"257.9320","1.3105","16.0188"
"257.9520","1.3102","15.9755"
"257.9720","1.3098","16.1014"
"257.9920","1.3096","16.1305"
"258.0120","1.3093","16.0509"
"258.0320","1.3090","16.0472"
"258.0520","1.3087","16.0919"
"258.0720","1.3083","16.0866"
"258.0920","1.3080","16.0692"
"258.1120","1.3077","16.0499"
"258.1320","1.3074","16.0443"
"258.1520","1.3071","16.0934"
"258.1720","1.3068","16.0981"
"258.1920","1.3065","15.9731"
"258.2120","1.3061","15.9197"
"258.2320","1.3056","15.9237"
"258.2520","1.3051","16.0098"
"258.2720","1.3047","16.0615"
"258.2920","1.3044","15.9094"
"258.3120","1.3042","15.8528"
"258.3320","1.3040","15.8885"
"258.3520","1.3038","15.9105"
"258.3720","1.3035","15.9748"
"258.3920","1.3031","15.9837"
"258.4120","1.3028","15.9085"
"258.4320","1.3024","15.9377"
"258.4520","1.3020","15.9612"
"258.4720","1.3016","15.9301"
"258.4920","1.3013","15.8434"
"258.5120","1.3010","15.8281"
"258.5320","1.3008","15.7820"
"258.5520","1.3004","15.8683"
"258.5720","1.3001","15.8821"
"258.5920","1.2997","15.8430"
"258.6120","1.2993","15.8969"
"258.6320","1.2989","15.8991"
"258.6520","1.2985","15.8610"
"258.6720","1.2982","15.8311"
"258.6920","1.2979","15.7908"
"258.7120","1.2977","15.8475"
"258.7320","1.2973","15.8989"
"258.7520","1.2970","15.8331"
"258.7720","1.2967","15.8240"
"258.7920","1.2963","15.8093"
"258.8120","1.2960","15.8294"
"258.8320","1.2957","15.8545"
"258.8520","1.2955","15.8045"
"258.8720","1.2952","15.8080"
"258.8920","1.2948","15.7155"
"258.9120","1.2944","15.6954"
"258.9320","1.2939","15.7192"
"258.9520","1.2935","15.7424"
"258.9720","1.2931","15.6967"
"258.9920","1.2928","15.6732"
"259.0120","1.2926","15.6758"
"259.0320","1.2924","15.6982"
"259.0520","1.2921","15.7494"
"259.0720","1.2918","15.7580"
"259.0920","1.2914","15.7419"
"259.1120","1.2910","15.7069"
"259.1320","1.2906","15.7510"
"259.1520","1.2903","15.7216"
"259.1720","1.2900","15.7653"
"259.1920","1.2897","15.7879"
"259.2120","1.2894","15.8054"
"259.2320","1.2891","15.7372"
"259.2520","1.2888","15.6995"
"259.2720","1.2884","15.7445"
"259.2920","1.2880","15.7633"
"259.3120","1.2876","15.7253"
"259.3320","1.2872","15.6869"
"259.3520","1.2869","15.6035"
"259.3720","1.2866","15.5687"
"259.3920","1.2863","15.6017"
"259.4120","1.2860","15.6517"
"259.4320","1.2857","15.6980"
"259.4520","1.2853","15.7584"
"259.4720","1.2850","15.7717"
"259.4920","1.2846","15.6581"
"259.5120","1.2843","15.6039"
"259.5320","1.2841","15.5541"
"259.5520","1.2838","15.5577"
"259.5720","1.2835","15.6433"
"259.5920","1.2831","15.5996"
"259.6120","1.2826","15.6185"
"259.6320","1.2822","15.6215"
"259.6520","1.2817","15.5973"
"259.6720","1.2814","15.5708"
"259.6920","1.2812","15.5408"
"259.7120","1.2810","15.5081"
"259.7320","1.2808","15.5412"
"259.7520","1.2805","15.5788"
"259.7720","1.2801","15.5586"
"259.7920","1.2798","15.4616"
"259.8120","1.2794","15.5694"
"259.8320","1.2790","15.5189"
"259.8520","1.2786","15.4929"
"259.8720","1.2783","15.5279"
"259.8920","1.2781","15.5641"
"259.9120","1.2778","15.5387"
"259.9320","1.2774","15.5177"
"259.9520","1.2771","15.5769"
"259.9720","1.2767","15.4926"
"259.9920","1.2763","15.5208"
"260.0120","1.2759","15.5108"
"260.0320","1.2755","15.5004"
"260.0520","1.2752","15.4226"
"260.0720","1.2750","15.4527"
"260.0920","1.2747","15.5061"
"260.1120","1.2743","15.4280"
"260.1320","1.2740","15.3716"
"260.1520","1.2736","15.4057"
"260.1720","1.2733","15.5148"
"260.1920","1.2730","15.5472"
"260.2120","1.2727","15.4213"
"260.2320","1.2725","15.4075"
"260.2520","1.2722","15.4432"
"260.2720","1.2718","15.4041"
"260.2920","1.2714","15.4248"
"260.3120","1.2709","15.4614"
"260.3320","1.2705","15.4233"
"260.3520","1.2701","15.3474"
"260.3720","1.2698","15.2697"
"260.3920","1.2696","15.2686"
"260.4120","1.2694","15.3225"
"260.4320","1.2691","15.3801"
"260.4520","1.2688","15.3934"
"260.4720","1.2685","15.3845"
"260.4920","1.2681","15.3681"
"260.5120","1.2677","15.3615"
"260.5320","1.2673","15.4069"
"260.5520","1.2670","15.3716"
"260.5720","1.2667","15.3905"
"260.5920","1.2664","15.3446"
"260.6120","1.2661","15.3203"
"260.6320","1.2658","15.3782"
"260.6520","1.2654","15.4172"
"260.6720","1.2650","15.3260"
"260.6920","1.2645","15.3114"
"260.7120","1.2642","15.3612"
"260.7320","1.2639","15.4041"
"260.7520","1.2636","15.3700"
"260.7720","1.2633","15.3721"
"260.7920","1.2630","15.3119"
"260.8120","1.2626","15.2907"
"260.8320","1.2623","15.2808"
"260.8520","1.2619","15.2257"
"260.8720","1.2616","15.3421"
"260.8920","1.2614","15.2761"
"260.9120","1.2611","15.2515"
"260.9320","1.2608","15.2511"
"260.9520","1.2605","15.2620"
"260.9720","1.2601","15.3235"
"260.9920","1.2597","15.2360"
"261.0120","1.2592","15.1865"
"261.0320","1.2588","15.2181"
"261.0520","1.2585","15.1977"
"261.0720","1.2582","15.1701"
"261.0920","1.2580","15.1903"
"261.1120","1.2577","15.1450"
"261.1320","1.2574","15.2725"
"261.1520","1.2571","15.2653"
"261.1720","1.2567","15.1576"
"261.1920","1.2563","15.0847"
"261.2120","1.2559","15.1039"
"261.2320","1.2556","15.0739"
"261.2520","1.2553","15.1250"
"261.2720","1.2550","15.1555"
"261.2920","1.2547","15.1778"
"261.3120","1.2544","15.1625"
"261.3320","1.2540","15.1660"
"261.3520","1.2536","15.1257"
"261.3720","1.2532","15.0858"
"261.3920","1.2528","15.0256"
"261.4120","1.2525","15.0266"
"261.4320","1.2522","15.0374"
"261.4520","1.2519","15.0215"
"261.4720","1.2516","15.0501"
"261.4920","1.2513","15.0663"
"261.5120","1.2510","15.0380"
"261.5320","1.2506","15.0023"
"261.5520","1.2503","15.0880"
"261.5720","1.2500","15.1307"
"261.5920","1.2497","15.0373"
"261.6120","1.2494","15.0522"
"261.6320","1.2491","15.0338"
"261.6520","1.2488","14.9932"
"261.6720","1.2484","14.9265"
"261.6920","1.2479","15.0179"
"261.7120","1.2474","15.0318"
"261.7320","1.2471","15.0444"
"261.7520","1.2468","14.9647"
"261.7720","1.2466","14.9867"
"261.7920","1.2464","14.9779"
"261.8120","1.2461","14.9801"
"261.8320","1.2458","15.0090"
"261.8520","1.2454","15.0294"
"261.8720","1.2450","15.0039"
"261.8920","1.2446","14.9941"
"261.9120","1.2443","14.9230"
"261.9320","1.2440","14.9341"
"261.9520","1.2437","14.9898"
"261.9720","1.2434","14.9716"
"261.9920","1.2431","14.9238"
"262.0120","1.2427","14.8563"
"262.0320","1.2424","14.8900"
"262.0520","1.2419","14.8834"
"262.0720","1.2415","14.8677"
"262.0920","1.2412","14.8760"
"262.1120","1.2409","14.8763"
"262.1320","1.2406","14.8671"
"262.1520","1.2403","14.8956"
"262.1720","1.2400","14.9354"
"262.1920","1.2397","14.9575"
"262.2120","1.2393","14.9144"
"262.2320","1.2389","14.8374"
"262.2520","1.2386","14.8309"
"262.2720","1.2383","14.8263"
"262.2920","1.2381","14.7965"
"262.3120","1.2378","14.6862"
"262.3320","1.2375","14.6978"
"262.3520","1.2371","14.7444"
"262.3720","1.2366","14.8053"
"262.3920","1.2362","14.7901"
"262.4120","1.2358","14.7951"
"262.4320","1.2355","14.8034"
"262.4520","1.2352","14.7490"
"262.4720","1.2350","14.7441"
"262.4920","1.2348","14.8109"
"262.5120","1.2345","14.8310"
"262.5320","1.2341","14.8133"
"262.5520","1.2337","14.7401"
"262.5720","1.2334","14.7133"
"262.5920","1.2330","14.6807"
"262.6120","1.2326","14.7197"
"262.6320","1.2323","14.7561"
"262.6520","1.2321","14.7646"
"262.6720","1.2318","14.7977"
"262.6920","1.2314","14.6990"
"262.7120","1.2311","14.7300"
"262.7320","1.2307","14.7795"
"262.7520","1.2303","14.7137"
"262.7720","1.2299","14.6432"
"262.7920","1.2295","14.7410"
"262.8120","1.2292","14.7355"
"262.8320","1.2289","14.7273"
"262.8520","1.2286","14.6547"
"262.8720","1.2283","14.7285"
"262.8920","1.2280","14.7989"
"262.9120","1.2276","14.7605"
"262.9320","1.2273","14.7250"
"262.9520","1.2270","14.7012"
"262.9720","1.2267","14.6600"
"262.9920","1.2264","14.5828"
"263.0120","1.2261","14.6439"
"263.0320","1.2258","14.7678"
"263.0520","1.2254","14.7442"
"263.0720","1.2249","14.7539"
"263.0920","1.2245","14.6427"
"263.1120","1.2241","14.6122"
"263.1320","1.2239","14.5918"
"263.1520","1.2236","14.6282"
"263.1720","1.2234","14.6029"
"263.1920","1.2231","14.5295"
"263.2120","1.2228","14.5172"
"263.2320","1.2224","14.5067"
"263.2520","1.2220","14.5227"
"263.2720","1.2217","14.5091"
"263.2920","1.2213","14.5719"
"263.3120","1.2210","14.5941"
"263.3320","1.2207","14.5382"
"263.3520","1.2204","14.5530"
"263.3720","1.2201","14.5991"
"263.3920","1.2197","14.5761"
"263.4120","1.2193","14.5694"
"263.4320","1.2189","14.5470"
"263.4520","1.2185","14.4323"
"263.4720","1.2182","14.4223"
"263.4920","1.2179","14.4372"
"263.5120","1.2176","14.4271"
"263.5320","1.2173","14.4331"
"263.5520","1.2170","14.5237"
"263.5720","1.2167","14.5410"
"263.5920","1.2163","14.5165"
"263.6120","1.2160","14.4434"
"263.6320","1.2156","14.5036"
"263.6520","1.2154","14.4309"
"263.6720","1.2151","14.3833"
"263.6920","1.2148","14.4473"
"263.7120","1.2145","14.4834"
"263.7320","1.2141","14.5535"
"263.7520","1.2137","14.5510"
"263.7720","1.2132","14.4855"
"263.7920","1.2128","14.4474"
"263.8120","1.2125","14.3897"
"263.8320","1.2123","14.2946"
"263.8520","1.2120","14.3907"
"263.8720","1.2118","14.4118"
"263.8920","1.2115","14.3689"
"263.9120","1.2111","14.2825"
"263.9320","1.2107","14.3093"
"263.9520","1.2103","14.3503"
"263.9720","1.2099","14.4417"
"263.9920","1.2096","14.4564"
"264.0120","1.2093","14.3635"
"264.0320","1.2090","14.3489"
"264.0520","1.2087","14.3568"
"264.0720","1.2084","14.3221"
"264.0920","1.2080","14.3414"
"264.1120","1.2076","14.2686"
"264.1320","1.2072","14.2961"
"264.1520","1.2068","14.2999"
"264.1720","1.2065","14.2432"
"264.1920","1.2062","14.2933"
"264.2120","1.2060","14.3395"
"264.2320","1.2057","14.3220"
"264.2520","1.2053","14.2899"
"264.2720","1.2050","14.2595"
"264.2920","1.2046","14.1154"
"264.3120","1.2043","14.0828"
"264.3320","1.2040","14.1692"
"264.3520","1.2037","14.1712"
"264.3720","1.2034","14.2499"
"264.3920","1.2031","14.2293"
"264.4120","1.2027","14.1557"
"264.4320","1.2023","14.1705"
"264.4520","1.2019","14.2058"
"264.4720","1.2014","14.1869"
"264.4920","1.2011","14.1985"
"264.5120","1.2009","14.1428"
"264.5320","1.2007","14.1655"
"264.5520","1.2004","14.1584"
"264.5720","1.2001","14.1734"
"264.5920","1.1998","14.2147"
"264.6120","1.1994","14.2090"
"264.6320","1.1990","14.1796"
"264.6520","1.1987","14.1282"
"264.6720","1.1983","14.2125"
"264.6920","1.1980","14.1837"
"264.7120","1.1977","14.1001"
"264.7320","1.1974","14.0813"
"264.7520","1.1971","14.1630"
"264.7720","1.1967","14.1848"
"264.7920","1.1963","14.1115"
"264.8120","1.1959","14.0602"
"264.8320","1.1955","13.9946"
"264.8520","1.1951","14.0047"
"264.8720","1.1948","14.0670"
"264.8920","1.1946","14.1923"
"264.9120","1.1943","14.1410"
"264.9320","1.1940","14.0827"
"264.9520","1.1936","14.0607"
"264.9720","1.1933","13.9767"
"264.9920","1.1929","14.0173"
"265.0120","1.1926","14.1210"
"265.0320","1.1923","14.1514"
"265.0520","1.1920","14.1143"
"265.0720","1.1917","14.0755"
"265.0920","1.1914","14.0979"
"265.1120","1.1910","14.0542"
"265.1320","1.1906","14.0872"
"265.1520","1.1901","14.1337"
"265.1720","1.1898","14.1030"
"265.1920","1.1895","14.0521"
"265.2120","1.1893","14.0756"
"265.2320","1.1891","14.0594"
"265.2520","1.1888","13.9698"
"265.2720","1.1885","13.9822"
"265.2920","1.1881","14.0338"
"265.3120","1.1877","14.0337"
"265.3320","1.1874","14.0378"
"265.3520","1.1870","14.0419"
"265.3720","1.1867","14.0296"
"265.3920","1.1864","13.9748"
"265.4120","1.1861","14.0406"
"265.4320","1.1858","13.9612"
"265.4520","1.1855","13.9092"
"265.4720","1.1851","13.9125"
"265.4920","1.1846","13.9335"
"265.5120","1.1842","13.9901"
"265.5320","1.1838","13.9891"
"265.5520","1.1835","13.9085"
"265.5720","1.1832","13.9140"
"265.5920","1.1829","13.9434"
"265.6120","1.1827","13.8649"
"265.6320","1.1823","13.8347"
"265.6520","1.1820","13.8479"
"265.6720","1.1816","13.8930"
"265.6920","1.1813","13.8251"
"265.7120","1.1810","13.8154"
"265.7320","1.1807","13.9218"
"265.7520","1.1805","13.9634"
"265.7720","1.1801","13.8638"
"265.7920","1.1798","13.8061"
"265.8120","1.1793","13.8130"
"265.8320","1.1789","13.8595"
"265.8520","1.1785","13.7900"
"265.8720","1.1781","13.7834"
"265.8920","1.1779","13.7867"
"265.9120","1.1777","13.8597"
"265.9320","1.1774","13.8094"
"265.9520","1.1771","13.7510"
"265.9720","1.1768","13.8289"
"265.9920","1.1764","13.8635"
"266.0120","1.1760","13.8448"
"266.0320","1.1756","13.7295"
"266.0520","1.1753","13.7078"
"266.0720","1.1750","13.7533"
"266.0920","1.1747","13.7092"
"266.1120","1.1745","13.6693"
"266.1320","1.1741","13.7033"
"266.1520","1.1738","13.7429"
"266.1720","1.1734","13.7505"
"266.1920","1.1729","13.7219"
"266.2120","1.1726","13.7802"
"266.2320","1.1722","13.8789"
"266.2520","1.1719","13.7899"
"266.2720","1.1716","13.8038"
"266.2920","1.1713","13.7302"
"266.3120","1.1710","13.6853"
"266.3320","1.1707","13.6914"
"266.3520","1.1703","13.7600"
"266.3720","1.1700","13.7125"
"266.3920","1.1697","13.5996"
"266.4120","1.1694","13.7138"
"266.4320","1.1691","13.6235"
"266.4520","1.1688","13.5744"
"266.4720","1.1684","13.5849"
"266.4920","1.1680","13.6679"
"266.5120","1.1676","13.6947"
"266.5320","1.1671","13.6612"
"266.5520","1.1668","13.6094"
"266.5720","1.1665","13.6547"
"266.5920","1.1663","13.5996"
"266.6120","1.1660","13.5040"
"266.6320","1.1658","13.5271"
"266.6520","1.1654","13.6317"
"266.6720","1.1651","13.6027"
"266.6920","1.1647","13.5521"
"266.7120","1.1643","13.5726"
"266.7320","1.1640","13.5956"
"266.7520","1.1637","13.6294"
"266.7720","1.1634","13.6707"
"266.7920","1.1631","13.5947"
"266.8120","1.1628","13.4679"
"266.8320","1.1625","13.5691"
"266.8520","1.1621","13.6151"
"266.8720","1.1617","13.5757"
"266.8920","1.1612","13.5496"
"266.9120","1.1609","13.5192"
"266.9320","1.1606","13.5068"
"266.9520","1.1603","13.5009"
"266.9720","1.1600","13.5238"
"266.9920","1.1597","13.5329"
"267.0120","1.1593","13.5821"
"267.0320","1.1590","13.5354"
"267.0520","1.1586","13.4730"
"267.0720","1.1583","13.4886"
"267.0920","1.1580","13.4937"
"267.1120","1.1577","13.4793"
"267.1320","1.1574","13.3892"
"267.1520","1.1571","13.3496"
"267.1720","1.1567","13.4248"
"267.1920","1.1563","13.4329"
"267.2120","1.1558","13.3407"
"267.2320","1.1554","13.4116"
"267.2520","1.1551","13.4556"
"267.2720","1.1549","13.4451"
"267.2920","1.1547","13.4510"
"267.3120","1.1544","13.4182"
"267.3320","1.1541","13.4144"
"267.3520","1.1538","13.3547"
"267.3720","1.1534","13.3576"
"267.3920","1.1530","13.3463"
"267.4120","1.1527","13.3463"
"267.4320","1.1523","13.2921"
"267.4520","1.1520","13.2828"
"267.4720","1.1518","13.2877"
"267.4920","1.1515","13.3442"
"267.5120","1.1512","13.3459"
"267.5320","1.1508","13.3072"
"267.5520","1.1504","13.2866"
"267.5720","1.1499","13.3887"
"267.5920","1.1495","13.3794"
"267.6120","1.1491","13.3457"
"267.6320","1.1488","13.3498"
"267.6520","1.1485","13.3240"
"267.6720","1.1482","13.2488"
"267.6920","1.1479","13.2516"
"267.7120","1.1476","13.2896"
"267.7320","1.1472","13.2747"
"267.7520","1.1469","13.3102"
"267.7720","1.1467","13.2807"
"267.7920","1.1464","13.2880"
"267.8120","1.1461","13.2933"
"267.8320","1.1458","13.2995"
"267.8520","1.1455","13.2455"
"267.8720","1.1450","13.1936"
"267.8920","1.1446","13.1739"
"267.9120","1.1441","13.1354"
"267.9320","1.1438","13.2207"
"267.9520","1.1435","13.2083"
"267.9720","1.1433","13.2303"
"267.9920","1.1430","13.2938"
"268.0120","1.1428","13.2131"
"268.0320","1.1424","13.2435"
"268.0520","1.1421","13.2286"
"268.0720","1.1417","13.2070"
"268.0920","1.1413","13.2105"
"268.1120","1.1410","13.2188"
"268.1320","1.1407","13.1918"
"268.1520","1.1404","13.1987"
"268.1720","1.1401","13.2390"
"268.1920","1.1398","13.1795"
"268.2120","1.1395","13.1638"
"268.2320","1.1391","13.1671"
"268.2520","1.1386","13.1643"
"268.2720","1.1382","13.2127"
"268.2920","1.1379","13.2302"
"268.3120","1.1375","13.1357"
"268.3320","1.1373","13.1677"
"268.3520","1.1370","13.1346"
"268.3720","1.1366","13.1249"
"268.3920","1.1363","13.1084"
"268.4120","1.1359","13.1066"
"268.4320","1.1356","13.0561"
"268.4520","1.1353","12.9887"
"268.4720","1.1350","13.1671"
"268.4920","1.1347","13.1912"
"268.5120","1.1345","13.1858"
"268.5320","1.1341","13.1605"
"268.5520","1.1337","13.1238"
"268.5720","1.1333","13.1200"
"268.5920","1.1328","13.0200"
"268.6120","1.1324","13.0049"
"268.6320","1.1321","13.0175"
"268.6520","1.1319","12.9976"
"268.6720","1.1317","13.1098"
"268.6920","1.1314","13.0655"
"268.7120","1.1311","13.0446"
"268.7320","1.1307","13.0257"
"268.7520","1.1303","13.0666"
"268.7720","1.1300","13.0506"
"268.7920","1.1296","13.0711"
"268.8120","1.1293","13.0049"
"268.8320","1.1290","12.9620"
"268.8520","1.1287","13.0398"
"268.8720","1.1285","12.9706"
"268.8920","1.1281","12.9023"
"268.9120","1.1278","12.9231"
"268.9320","1.1274","12.9876"
"268.9520","1.1269","13.0162"
"268.9720","1.1266","12.9713"
"268.9920","1.1262","12.9924"
"269.0120","1.1259","13.0534"
"269.0320","1.1256","13.0176"
"269.0520","1.1253","12.9527"
"269.0720","1.1250","12.9304"
"269.0920","1.1246","12.9640"
"269.1120","1.1243","12.9176"
"269.1320","1.1240","12.8869"
"269.1520","1.1237","12.9372"
"269.1720","1.1234","12.9804"
"269.1920","1.1231","12.9421"
"269.2120","1.1228","12.8515"
"269.2320","1.1224","12.7694"
"269.2520","1.1220","12.7702"
"269.2720","1.1215","12.8217"
"269.2920","1.1211","12.8640"
"269.3120","1.1207","12.8707"
"269.3320","1.1205","12.7680"
"269.3520","1.1203","12.8804"
"269.3720","1.1200","12.9198"
"269.3920","1.1198","12.8487"
"269.4120","1.1194","12.8014"
"269.4320","1.1191","12.9050"
"269.4520","1.1187","12.9251"
"269.4720","1.1183","12.9393"
"269.4920","1.1180","12.9028"
"269.5120","1.1177","12.8849"
"269.5320","1.1174","12.8370"
"269.5520","1.1171","12.7651"
"269.5720","1.1168","12.8492"
"269.5920","1.1164","12.8571"
"269.6120","1.1160","12.8143"
"269.6320","1.1156","12.7358"
"269.6520","1.1152","12.7205"
"269.6720","1.1149","12.8087"
"269.6920","1.1145","12.8960"
"269.7120","1.1142","12.9040"
"269.7320","1.1139","12.8640"
"269.7520","1.1136","12.8914"
"269.7720","1.1133","12.8229"
"269.7920","1.1129","12.7396"
"269.8120","1.1126","12.7591"
"269.8320","1.1123","12.7541"
"269.8520","1.1120","12.6923"
"269.8720","1.1118","12.6836"
"269.8920","1.1115","12.6618"
"269.9120","1.1111","12.6239"
"269.9320","1.1107","12.6466"
"269.9520","1.1103","12.6827"
"269.9720","1.1098","12.7033"
"269.9920","1.1094","12.7050"
"270.0120","1.1092","12.6734"
"270.0320","1.1089","12.7001"
"270.0520","1.1087","12.6458"
"270.0720","1.1084","12.6562"
"270.0920","1.1081","12.6257"
"270.1120","1.1078","12.6869"
"270.1320","1.1074","12.6635"
"270.1520","1.1070","12.6782"
"270.1720","1.1067","12.6742"
"270.1920","1.1063","12.6481"
"270.2120","1.1060","12.6729"
"270.2320","1.1058","12.6299"
"270.2520","1.1055","12.5608"
"270.2720","1.1051","12.5823"
"270.2920","1.1047","12.6734"
"270.3120","1.1043","12.7089"
"270.3320","1.1039","12.6577"
"270.3520","1.1035","12.5951"
"270.3720","1.1032","12.5416"
"270.3920","1.1029","12.6021"
"270.4120","1.1026","12.6173"
"270.4320","1.1023","12.6217"
"270.4520","1.1020","12.5763"
"270.4720","1.1016","12.5273"
"270.4920","1.1013","12.5981"
"270.5120","1.1010","12.5821"
"270.5320","1.1007","12.5894"
"270.5520","1.1004","12.6772"
"270.5720","1.1001","12.5684"
"270.5920","1.0998","12.4632"
"270.6120","1.0994","12.4844"
"270.6320","1.0990","12.5240"
"270.6520","1.0985","12.5062"
"270.6720","1.0981","12.5208"
"270.6920","1.0978","12.5406"
"270.7120","1.0976","12.5197"
"270.7320","1.0973","12.5004"
"270.7520","1.0971","12.4283"
"270.7720","1.0968","12.4404"
"270.7920","1.0964","12.4668"
"270.8120","1.0961","12.4458"
"270.8320","1.0957","12.4022"
"270.8520","1.0953","12.4082"
"270.8720","1.0950","12.4121"
"270.8920","1.0947","12.4708"
"270.9120","1.0944","12.4753"
"270.9320","1.0941","12.4354"
"270.9520","1.0938","12.3395"
"270.9720","1.0935","12.3126"
"270.9920","1.0931","12.3962"
"271.0120","1.0926","12.4126"
"271.0320","1.0922","12.4384"
"271.0520","1.0919","12.3744"
"271.0720","1.0916","12.3331"
"271.0920","1.0913","12.4179"
"271.1120","1.0910","12.4801"
"271.1320","1.0907","12.4730"
"271.1520","1.0903","12.3800"
"271.1720","1.0900","12.3362"
"271.1920","1.0896","12.3757"
"271.2120","1.0893","12.3966"
"271.2320","1.0890","12.4011"
"271.2520","1.0888","12.3664"
"271.2720","1.0885","12.2855"
"271.2920","1.0881","12.3545"
"271.3120","1.0877","12.3309"
"271.3320","1.0873","12.2650"
"271.3520","1.0868","12.2718"
"271.3720","1.0864","12.3259"
"271.3920","1.0862","12.3050"
"271.4120","1.0859","12.3512"
"271.4320","1.0857","12.3431"
"271.4520","1.0854","12.2697"
"271.4720","1.0851","12.2792"
"271.4920","1.0847","12.1960"
"271.5120","1.0843","12.2095"
"271.5320","1.0840","12.2041"
"271.5520","1.0836","12.1890"
"271.5720","1.0833","12.1499"
"271.5920","1.0830","12.2367"
"271.6120","1.0828","12.2581"
"271.6320","1.0825","12.2031"
"271.6520","1.0821","12.2709"
"271.6720","1.0817","12.2837"
"271.6920","1.0813","12.2580"
"271.7120","1.0809","12.2367"
"271.7320","1.0805","12.2492"
"271.7520","1.0802","12.2423"
"271.7720","1.0799","12.1743"
"271.7920","1.0796","12.0696"
"271.8120","1.0793","12.1329"
"271.8320","1.0790","12.1758"
"271.8520","1.0786","12.2545"
"271.8720","1.0783","12.2830"
"271.8920","1.0780","12.2303"
"271.9120","1.0777","12.2186"
"271.9320","1.0774","12.1759"
"271.9520","1.0771","12.1332"
"271.9720","1.0768","12.1008"
"271.9920","1.0764","12.1419"
"272.0120","1.0759","12.0901"
"272.0320","1.0754","12.0703"
"272.0520","1.0750","12.0410"
"272.0720","1.0748","12.0569"
"272.0920","1.0745","12.0788"
"272.1120","1.0743","12.1285"
"272.1320","1.0741","12.1358"
"272.1520","1.0738","12.0436"
"272.1720","1.0734","12.0202"
"272.1920","1.0731","12.1024"
"272.2120","1.0727","12.0879"
"272.2320","1.0723","12.0499"
"272.2520","1.0720","12.0439"
"272.2720","1.0717","12.0402"
"272.2920","1.0714","11.9875"
"272.3120","1.0711","11.9996"
"272.3320","1.0708","12.0047"
"272.3520","1.0704","11.9621"
"272.3720","1.0700","11.9423"
"272.3920","1.0695","11.9458"
"272.4120","1.0692","11.9820"
"272.4320","1.0688","11.9932"
"272.4520","1.0685","12.1060"
"272.4720","1.0683","12.1493"
"272.4920","1.0680","12.1382"
"272.5120","1.0676","12.0654"
"272.5320","1.0673","12.0168"
"272.5520","1.0670","12.0105"
"272.5720","1.0666","12.0054"
"272.5920","1.0663","12.0049"
"272.6120","1.0661","12.0195"
"272.6320","1.0658","12.0061"
"272.6520","1.0655","11.9203"
"272.6720","1.0651","11.9387"
"272.6920","1.0647","11.9460"
"272.7120","1.0642","12.0006"
"272.7320","1.0637","11.9815"
"272.7520","1.0634","11.9366"
"272.7720","1.0632","11.9555"
"272.7920","1.0630","11.9389"
"272.8120","1.0628","11.9374"
"272.8320","1.0625","11.9178"
"272.8520","1.0621","11.9606"
"272.8720","1.0618","11.9063"
"272.8920","1.0614","11.8438"
"272.9120","1.0610","11.8954"
"272.9320","1.0606","11.8736"
"272.9520","1.0603","11.8878"
"272.9720","1.0600","11.8651"
"272.9920","1.0597","11.8525"
"273.0120","1.0594","11.8657"
"273.0320","1.0591","11.8960"
"273.0520","1.0587","11.9373"
"273.0720","1.0583","11.8157"
"273.0920","1.0579","11.7749"
"273.1120","1.0575","11.7644"
"273.1320","1.0572","11.8807"
"273.1520","1.0569","11.8742"
"273.1720","1.0567","11.7041"
"273.1920","1.0563","11.6458"
"273.2120","1.0560","11.6745"
"273.2320","1.0557","11.7601"
"273.2520","1.0553","11.7480"
"273.2720","1.0550","11.7790"
"273.2920","1.0547","11.8026"
"273.3120","1.0545","11.7405"
"273.3320","1.0542","11.6933"
"273.3520","1.0538","11.7536"
"273.3720","1.0534","11.7472"
"273.3920","1.0530","11.7867"
"273.4120","1.0525","11.7873"
"273.4320","1.0521","11.7665"
"273.4520","1.0518","11.7029"
"273.4720","1.0516","11.6404"
"273.4920","1.0513","11.6372"
"273.5120","1.0511","11.7339"
"273.5320","1.0508","11.7272"
"273.5520","1.0504","11.7425"
"273.5720","1.0500","11.7552"
"273.5920","1.0497","11.7541"
"273.6120","1.0493","11.6877"
"273.6320","1.0490","11.5857"
"273.6520","1.0487","11.5884"
"273.6720","1.0484","11.5577"
"273.6920","1.0481","11.5917"
"273.7120","1.0478","11.6406"
"273.7320","1.0474","11.6751"
"273.7520","1.0470","11.7781"
"273.7720","1.0466","11.7620"
"273.7920","1.0462","11.7795"
"273.8120","1.0459","11.7352"
"273.8320","1.0456","11.6521"
"273.8520","1.0453","11.6079"
"273.8720","1.0450","11.6244"
"273.8920","1.0447","11.5850"
"273.9120","1.0443","11.5859"
"273.9320","1.0440","11.5956"
"273.9520","1.0437","11.6047"
"273.9720","1.0434","11.5671"
"273.9920","1.0431","11.5881"
"274.0120","1.0428","11.6203"
"274.0320","1.0425","11.6173"
"274.0520","1.0421","11.6206"
"274.0720","1.0417","11.6324"
"274.0920","1.0412","11.6368"
"274.1120","1.0408","11.6076"
"274.1320","1.0404","11.5948"
"274.1520","1.0402","11.5875"
"274.1720","1.0400","11.6655"
"274.1920","1.0398","11.6655"
"274.2120","1.0395","11.5641"
"274.2320","1.0391","11.4842"
"274.2520","1.0388","11.5537"
"274.2720","1.0384","11.5840"
"274.2920","1.0380","11.5825"
"274.3120","1.0376","11.5638"
"274.3320","1.0373","11.4994"
"274.3520","1.0370","11.5395"
"274.3720","1.0368","11.5150"
"274.3920","1.0365","11.4647"
"274.4120","1.0361","11.4682"
"274.4320","1.0357","11.5240"
"274.4520","1.0353","11.5165"
"274.4720","1.0349","11.6194"
"274.4920","1.0345","11.6052"
"274.5120","1.0342","11.5580"
"274.5320","1.0339","11.4652"
"274.5520","1.0336","11.4493"
"274.5720","1.0333","11.5254"
"274.5920","1.0330","11.4962"
"274.6120","1.0326","11.5499"
"274.6320","1.0323","11.4449"
"274.6520","1.0320","11.4108"
"274.6720","1.0317","11.4180"
"274.6920","1.0314","11.4778"
"274.7120","1.0312","11.4795"
"274.7320","1.0308","11.4976"
"274.7520","1.0304","11.5267"
"274.7720","1.0300","11.4792"
"274.7920","1.0295","11.3841"
"274.8120","1.0291","11.3806"
"274.8320","1.0288","11.3536"
"274.8520","1.0286","11.3801"
"274.8720","1.0284","11.3855"
"274.8920","1.0281","11.3507"
"274.9120","1.0278","11.3347"
"274.9320","1.0275","11.2919"
"274.9520","1.0271","11.3241"
"274.9720","1.0267","11.3586"
"274.9920","1.0263","11.3781"
"275.0120","1.0260","11.3779"
"275.0320","1.0257","11.3290"
"275.0520","1.0254","11.2587"
"275.0720","1.0251","11.2788"
"275.0920","1.0248","11.2620"
"275.1120","1.0244","11.2646"
"275.1320","1.0240","11.2735"
"275.1520","1.0235","11.2630"
"275.1720","1.0231","11.2557"
"275.1920","1.0228","11.2438"
"275.2120","1.0225","11.2700"
"275.2320","1.0223","11.3329"
"275.2520","1.0220","11.2905"
"275.2720","1.0216","11.2529"
"275.2920","1.0213","11.2433"
"275.3120","1.0209","11.2623"
"275.3320","1.0206","11.2449"
"275.3520","1.0203","11.2768"
"275.3720","1.0201","11.2771"
"275.3920","1.0198","11.2515"
"275.4120","1.0195","11.2433"
"275.4320","1.0191","11.2724"
"275.4520","1.0187","11.2597"
"275.4720","1.0182","11.0803"
"275.4920","1.0178","11.0986"
"275.5120","1.0175","11.0938"
"275.5320","1.0172","11.1672"
"275.5520","1.0170","11.3135"
"275.5720","1.0167","11.2529"
"275.5920","1.0164","11.1840"
"275.6120","1.0161","11.1159"
"275.6320","1.0157","11.1027"
"275.6520","1.0153","11.1161"
"275.6720","1.0149","11.1080"
"275.6920","1.0146","11.0437"
"275.7120","1.0143","11.0585"
"275.7320","1.0140","11.1981"
"275.7520","1.0137","11.2244"
"275.7720","1.0134","11.1358"
"275.7920","1.0131","11.1366"
"275.8120","1.0127","11.1922"
"275.8320","1.0123","11.2325"
"275.8520","1.0119","11.2197"
"275.8720","1.0115","11.1939"
"275.8920","1.0112","11.1217"
"275.9120","1.0109","11.0712"
"275.9320","1.0106","11.0419"
"275.9520","1.0103","11.0876"
"275.9720","1.0100","11.0609"
"275.9920","1.0096","11.1178"
"276.0120","1.0093","11.1579"
"276.0320","1.0090","11.0836"
"276.0520","1.0087","11.0887"
"276.0720","1.0084","11.0444"
"276.0920","1.0081","10.9980"
"276.1120","1.0078","11.0045"
"276.1320","1.0074","11.0108"
"276.1520","1.0070","11.0459"
"276.1720","1.0065","11.0139"
"276.1920","1.0061","11.0335"
"276.2120","1.0058","10.9939"
"276.2320","1.0056","11.0617"
"276.2520","1.0054","11.0532"
"276.2720","1.0051","11.0007"
"276.2920","1.0048","10.9413"
"276.3120","1.0044","10.9686"
"276.3320","1.0040","11.0138"
"276.3520","1.0037","10.9911"
"276.3720","1.0033","10.9414"
"276.3920","1.0030","10.8818"
"276.4120","1.0027","10.9047"
"276.4320","1.0024","10.9516"
"276.4520","1.0021","10.9522"
"276.4720","1.0018","10.9250"
"276.4920","1.0014","10.9233"
"276.5120","1.0010","10.9011"
"276.5320","1.0006","10.9003"
"276.5520","1.0002","10.9199"
"276.5720","0.9999","10.8797"
"276.5920","0.9996","10.8681"
"276.6120","0.9993","10.9544"
"276.6320","0.9990","10.9855"
"276.6520","0.9987","10.9378"
"276.6720","0.9983","10.8063"
"276.6920","0.9980","10.7808"
"276.7120","0.9976","10.8196"
"276.7320","0.9973","10.8013"
"276.7520","0.9971","10.9030"
"276.7720","0.9968","10.9443"
"276.7920","0.9965","10.8785"
"276.8120","0.9961","10.8739"
"276.8320","0.9957","10.8693"
"276.8520","0.9952","10.8331"
"276.8720","0.9948","10.8596"
"276.8920","0.9945","10.8532"
"276.9120","0.9942","10.8413"
"276.9320","0.9940","10.8680"
"276.9520","0.9938","10.8253"
"276.9720","0.9935","10.8441"
"276.9920","0.9931","10.8565"
"277.0120","0.9928","10.8426"
"277.0320","0.9924","10.7864"
"277.0520","0.9920","10.8318"
"277.0720","0.9917","10.8670"
"277.0920","0.9914","10.7976"
"277.1120","0.9911","10.7969"
"277.1320","0.9908","10.7855"
"277.1520","0.9905","10.7531"
"277.1720","0.9901","10.7551"
"277.1920","0.9897","10.7097"
"277.2120","0.9893","10.7056"
"277.2320","0.9889","10.7278"
"277.2520","0.9885","10.7029"
"277.2720","0.9882","10.6904"
"277.2920","0.9879","10.7069"
"277.3120","0.9876","10.7066"
"277.3320","0.9873","10.6475"
"277.3520","0.9870","10.7088"
"277.3720","0.9866","10.7983"
"277.3920","0.9863","10.6867"
"277.4120","0.9860","10.6241"
"277.4320","0.9857","10.6876"
"277.4520","0.9854","10.7537"
"277.4720","0.9851","10.7354"
"277.4920","0.9848","10.7357"
"277.5120","0.9844","10.6539"
"277.5320","0.9840","10.6228"
"277.5520","0.9835","10.6448"
"277.5720","0.9831","10.5434"
"277.5920","0.9829","10.5917"
"277.6120","0.9826","10.6637"
"277.6320","0.9824","10.7300"
"277.6520","0.9821","10.6925"
"277.6720","0.9818","10.6401"
"277.6920","0.9814","10.6284"
"277.7120","0.9811","10.6259"
"277.7320","0.9807","10.5642"
"277.7520","0.9803","10.5972"
"277.7720","0.9800","10.6349"
"277.7920","0.9797","10.6165"
"277.8120","0.9794","10.5101"
"277.8320","0.9791","10.5847"
"277.8520","0.9787","10.6058"
"277.8720","0.9783","10.6637"
"277.8920","0.9779","10.6435"
"277.9120","0.9775","10.5577"
"277.9320","0.9772","10.5029"
"277.9520","0.9769","10.4673"
"277.9720","0.9766","10.5336"
"277.9920","0.9763","10.4953"
"278.0120","0.9760","10.5061"
"278.0320","0.9757","10.4933"
"278.0520","0.9753","10.5090"
"278.0720","0.9750","10.5133"
"278.0920","0.9746","10.5306"
"278.1120","0.9743","10.4536"
"278.1320","0.9741","10.4404"
"278.1520","0.9738","10.4555"
"278.1720","0.9735","10.4725"
"278.1920","0.9731","10.4758"
"278.2120","0.9727","10.5158"
"278.2320","0.9722","10.4990"
"278.2520","0.9718","10.5114"
"278.2720","0.9715","10.4738"
"278.2920","0.9712","10.3987"
"278.3120","0.9710","10.3900"
"278.3320","0.9708","10.3816"
"278.3520","0.9705","10.4334"
"278.3720","0.9701","10.4653"
"278.3920","0.9697","10.3983"
"278.4120","0.9693","10.4431"
"278.4320","0.9689","10.5088"
"278.4520","0.9686","10.4545"
"278.4720","0.9683","10.4709"
"278.4920","0.9680","10.4917"
"278.5120","0.9677","10.4606"
"278.5320","0.9674","10.3558"
"278.5520","0.9670","10.3269"
"278.5720","0.9666","10.4068"
"278.5920","0.9662","10.4146"
"278.6120","0.9658","10.4031"
"278.6320","0.9655","10.3580"
"278.6520","0.9652","10.3611"
"278.6720","0.9650","10.3534"
"278.6920","0.9647","10.2861"
"278.7120","0.9643","10.2150"
"278.7320","0.9640","10.2215"
"278.7520","0.9636","10.2654"
"278.7720","0.9633","10.3021"
"278.7920","0.9630","10.2925"
"278.8120","0.9627","10.2867"
"278.8320","0.9624","10.2981"
"278.8520","0.9621","10.2434"
"278.8720","0.9618","10.2122"
"278.8920","0.9613","10.2649"
"278.9120","0.9609","10.3158"
"278.9320","0.9605","10.2767"
"278.9520","0.9601","10.2425"
"278.9720","0.9598","10.2558"
"278.9920","0.9596","10.2759"
"279.0120","0.9594","10.2714"
"279.0320","0.9591","10.2244"
"279.0520","0.9588","10.2608"
"279.0720","0.9584","10.2495"
"279.0920","0.9581","10.1970"
"279.1120","0.9577","10.1972"
"279.1320","0.9573","10.2147"
"279.1520","0.9570","10.2154"
"279.1720","0.9567","10.2279"
"279.1920","0.9564","10.2468"
"279.2120","0.9561","10.2227"
"279.2320","0.9558","10.1576"
"279.2520","0.9553","10.1709"
"279.2720","0.9549","10.2411"
"279.2920","0.9545","10.1762"
"279.3120","0.9541","10.1463"
"279.3320","0.9538","10.0562"
"279.3520","0.9536","10.1262"
"279.3720","0.9533","10.1929"
"279.3920","0.9530","10.1995"
"279.4120","0.9527","10.2041"
"279.4320","0.9523","10.1382"
"279.4520","0.9519","10.1290"
"279.4720","0.9516","10.1241"
"279.4920","0.9513","10.0979"
"279.5120","0.9511","10.1079"
"279.5320","0.9508","10.1637"
"279.5520","0.9504","10.1144"
"279.5720","0.9500","10.0881"
"279.5920","0.9496","10.1306"
"279.6120","0.9492","10.0600"
"279.6320","0.9488","9.9836"
"279.6520","0.9485","10.0951"
"279.6720","0.9482","10.0839"
"279.6920","0.9480","10.0268"
"279.7120","0.9478","9.9760"
"279.7320","0.9475","10.0033"
"279.7520","0.9471","10.0414"
"279.7720","0.9468","10.0590"
"279.7920","0.9464","10.0262"
"279.8120","0.9460","10.0386"
"279.8320","0.9457","9.9899"
"279.8520","0.9454","10.0035"
"279.8720","0.9451","10.0006"
"279.8920","0.9448","9.9602"
"279.9120","0.9445","9.9997"
"279.9320","0.9441","10.0110"
"279.9520","0.9436","10.0025"
"279.9720","0.9432","10.0764"
"279.9920","0.9428","10.0741"
"280.0120","0.9425","10.0374"
"280.0320","0.9422","9.9610"
"280.0520","0.9419","9.9416"
"280.0720","0.9416","10.0068"
"280.0920","0.9413","10.0435"
"280.1120","0.9410","9.9682"
"280.1320","0.9406","10.0110"
"280.1520","0.9403","10.0251"
"280.1720","0.9400","9.9007"
"280.1920","0.9397","9.8918"
"280.2120","0.9394","9.8630"
"280.2320","0.9391","9.8148"
"280.2520","0.9388","9.7929"
"280.2720","0.9383","9.9055"
"280.2920","0.9379","9.8682"
"280.3120","0.9375","9.8827"
"280.3320","0.9371","9.8335"
"280.3520","0.9369","9.8316"
"280.3720","0.9366","9.8287"
"280.3920","0.9364","9.8403"
"280.4120","0.9361","9.8095"
"280.4320","0.9358","9.8666"
"280.4520","0.9354","9.8311"
"280.4720","0.9350","9.8390"
"280.4920","0.9346","9.8671"
"280.5120","0.9343","9.8877"
"280.5320","0.9340","9.8266"
"280.5520","0.9337","9.7929"
"280.5720","0.9334","9.7642"
"280.5920","0.9331","9.7876"
"280.6120","0.9328","9.7934"
"280.6320","0.9324","9.7753"
"280.6520","0.9319","9.8143"
"280.6720","0.9315","9.8084"
"280.6920","0.9312","9.7685"
"280.7120","0.9309","9.8426"
"280.7320","0.9306","9.8689"
"280.7520","0.9303","9.8396"
"280.7720","0.9300","9.7964"
"280.7920","0.9297","9.7315"
"280.8120","0.9293","9.6946"
"280.8320","0.9290","9.7715"
"280.8520","0.9286","9.7654"
"280.8720","0.9284","9.7587"
"280.8920","0.9281","9.7518"
"280.9120","0.9278","9.8148"
"280.9320","0.9274","9.7956"
"280.9520","0.9270","9.7152"
"280.9720","0.9266","9.6974"
"280.9920","0.9261","9.5734"
"281.0120","0.9258","9.5937"
"281.0320","0.9255","9.5940"
"281.0520","0.9252","9.6923"
"281.0720","0.9250","9.8047"
"281.0920","0.9248","9.7127"
"281.1120","0.9245","9.6940"
"281.1320","0.9241","9.6641"
"281.1520","0.9237","9.6752"
"281.1720","0.9233","9.6926"
"281.1920","0.9230","9.6492"
"281.2120","0.9227","9.6715"
"281.2320","0.9224","9.7208"
"281.2520","0.9221","9.6704"
"281.2720","0.9218","9.5699"
"281.2920","0.9215","9.5831"
"281.3120","0.9211","9.6446"
"281.3320","0.9207","9.6394"
"281.3520","0.9203","9.6340"
"281.3720","0.9199","9.6401"
"281.3920","0.9195","9.6105"
"281.4120","0.9192","9.6207"
"281.4320","0.9190","9.5879"
"281.4520","0.9187","9.5474"
"281.4720","0.9183","9.5515"
"281.4920","0.9180","9.5089"
"281.5120","0.9176","9.5325"
"281.5320","0.9173","9.6619"
"281.5520","0.9170","9.6484"
"281.5720","0.9167","9.5798"
"281.5920","0.9165","9.5919"
"281.6120","0.9161","9.5251"
"281.6320","0.9158","9.5267"
"281.6520","0.9153","9.5346"
"281.6720","0.9149","9.5788"
"281.6920","0.9144","9.5903"
"281.7120","0.9141","9.4936"
"281.7320","0.9139","9.4853"
"281.7520","0.9136","9.4818"
"281.7720","0.9134","9.4752"
"281.7920","0.9131","9.4690"
"281.8120","0.9128","9.4622"
"281.8320","0.9124","9.5037"
"281.8520","0.9121","9.4734"
"281.8720","0.9117","9.4432"
"281.8920","0.9113","9.5402"
"281.9120","0.9110","9.5532"
"281.9320","0.9108","9.5440"
"281.9520","0.9105","9.4962"
"281.9720","0.9102","9.4931"
"281.9920","0.9098","9.4804"
"282.0120","0.9094","9.4871"
"282.0320","0.9090","9.4300"
"282.0520","0.9085","9.3100"
"282.0720","0.9082","9.2381"
"282.0920","0.9078","9.3976"
"282.1120","0.9076","9.4445"
"282.1320","0.9073","9.4124"
"282.1520","0.9070","9.4052"
"282.1720","0.9066","9.3794"
"282.1920","0.9063","9.3417"
"282.2120","0.9059","9.3296"
"282.2320","0.9057","9.3055"
"282.2520","0.9054","9.3237"
"282.2720","0.9051","9.2756"
"282.2920","0.9048","9.2991"
"282.3120","0.9045","9.3389"
"282.3320","0.9041","9.3314"
"282.3520","0.9036","9.3585"
"282.3720","0.9031","9.3665"
"282.3920","0.9028","9.3958"
"282.4120","0.9025","9.3628"
"282.4320","0.9023","9.3536"
"282.4520","0.9020","9.3604"
"282.4720","0.9018","9.3432"
"282.4920","0.9014","9.3381"
"282.5120","0.9011","9.3896"
"282.5320","0.9007","9.3408"
"282.5520","0.9003","9.3575"
"282.5720","0.9000","9.3388"
"282.5920","0.8996","9.2998"
"282.6120","0.8994","9.3126"
"282.6320","0.8991","9.2293"
"282.6520","0.8988","9.2626"
"282.6720","0.8985","9.2750"
"282.6920","0.8981","9.2901"
"282.7120","0.8977","9.3378"
"282.7320","0.8972","9.2989"
"282.7520","0.8969","9.2909"
"282.7720","0.8965","9.3348"
"282.7920","0.8962","9.3288"
"282.8120","0.8959","9.3162"
"282.8320","0.8956","9.3229"
"282.8520","0.8953","9.2712"
"282.8720","0.8949","9.2314"
"282.8920","0.8946","9.2598"
"282.9120","0.8943","9.2707"
"282.9320","0.8940","9.2496"
"282.9520","0.8937","9.2162"
"282.9720","0.8935","9.2166"
"282.9920","0.8931","9.2142"
"283.0120","0.8928","9.2207"
"283.0320","0.8923","9.1487"
"283.0520","0.8919","9.1433"
"283.0720","0.8914","9.1376"
"283.0920","0.8911","9.1179"
"283.1120","0.8909","9.1522"
"283.1320","0.8906","9.1484"
"283.1520","0.8904","9.1662"
"283.1720","0.8901","9.1862"
"283.1920","0.8897","9.1468"
"283.2120","0.8894","9.1357"
"283.2320","0.8890","9.1307"
"283.2520","0.8886","9.1392"
"283.2720","0.8883","9.0598"
"283.2920","0.8880","9.0485"
"283.3120","0.8877","9.1330"
"283.3320","0.8874","9.1388"
"283.3520","0.8871","9.1092"
"283.3720","0.8868","9.0629"
"283.3920","0.8864","9.0628"
"283.4120","0.8860","9.0386"
"283.4320","0.8856","9.0438"
"283.4520","0.8852","9.0710"
"283.4720","0.8849","9.1094"
"283.4920","0.8846","9.1840"
"283.5120","0.8843","9.1879"
"283.5320","0.8840","9.0539"
"283.5520","0.8836","9.0115"
"283.5720","0.8833","9.0306"
"283.5920","0.8829","9.0235"
"283.6120","0.8827","9.0276"
"283.6320","0.8824","9.0246"
"283.6520","0.8821","9.0088"
"283.6720","0.8818","9.0233"
"283.6920","0.8814","8.9784"
"283.7120","0.8810","9.0369"
"283.7320","0.8806","9.0225"
"283.7520","0.8801","9.0289"
"283.7720","0.8797","8.9458"
"283.7920","0.8795","8.9207"
"283.8120","0.8792","8.9547"
"283.8320","0.8790","9.0164"
"283.8520","0.8788","9.0072"
"283.8720","0.8784","9.0222"
"283.8920","0.8781","9.0081"
"283.9120","0.8777","8.9161"
"283.9320","0.8773","8.9209"
"283.9520","0.8770","8.8998"
"283.9720","0.8767","8.8642"
"283.9920","0.8764","8.9695"
"284.0120","0.8761","8.9453"
"284.0320","0.8758","8.8342"
"284.0520","0.8755","8.9519"
"284.0720","0.8751","9.0023"
"284.0920","0.8747","8.9084"
"284.1120","0.8743","8.8937"
"284.1320","0.8739","8.9309"
"284.1520","0.8736","8.8982"
"284.1720","0.8733","8.8855"
"284.1920","0.8730","8.8421"
"284.2120","0.8727","8.7754"
"284.2320","0.8723","8.8286"
"284.2520","0.8719","8.9240"
"284.2720","0.8716","8.8438"
"284.2920","0.8713","8.8348"
"284.3120","0.8710","8.7500"
"284.3320","0.8708","8.6792"
"284.3520","0.8705","8.7380"
"284.3720","0.8701","8.8614"
"284.3920","0.8697","8.9106"
"284.4120","0.8693","8.8999"
"284.4320","0.8688","8.7642"
"284.4520","0.8684","8.7380"
"284.4720","0.8681","8.7000"
"284.4920","0.8679","8.7167"
"284.5120","0.8677","8.7254"
"284.5320","0.8674","8.7094"
"284.5520","0.8671","8.7168"
"284.5720","0.8668","8.7058"
"284.5920","0.8664","8.6939"
"284.6120","0.8660","8.6785"
"284.6320","0.8656","8.7512"
"284.6520","0.8653","8.6681"
"284.6720","0.8650","8.6830"
"284.6920","0.8647","8.6130"
"284.7120","0.8645","8.6437"
"284.7320","0.8641","8.6745"
"284.7520","0.8638","8.8162"
"284.7720","0.8634","8.8757"
"284.7920","0.8629","8.8747"
"284.8120","0.8625","8.7730"
"284.8320","0.8622","8.6912"
"284.8520","0.8619","8.6541"
"284.8720","0.8616","8.7225"
"284.8920","0.8613","8.6559"
"284.9120","0.8610","8.6201"
"284.9320","0.8606","8.6732"
"284.9520","0.8603","8.7389"
"284.9720","0.8600","8.7162"
"284.9920","0.8597","8.6557"
"285.0120","0.8594","8.5988"
"285.0320","0.8591","8.6280"
"285.0520","0.8588","8.6564"
"285.0720","0.8584","8.5733"
"285.0920","0.8580","8.5847"
"285.1120","0.8576","8.5405"
"285.1320","0.8571","8.5357"
"285.1520","0.8568","8.5463"
"285.1720","0.8565","8.6173"
"285.1920","0.8563","8.6416"
"285.2120","0.8561","8.6031"
"285.2320","0.8558","8.5364"
"285.2520","0.8554","8.5330"
"285.2720","0.8551","8.6189"
"285.2920","0.8547","8.5890"
"285.3120","0.8543","8.5800"
"285.3320","0.8540","8.5861"
"285.3520","0.8537","8.5501"
"285.3720","0.8534","8.4910"
"285.3920","0.8531","8.5121"
"285.4120","0.8528","8.5740"
"285.4320","0.8525","8.5496"
"285.4520","0.8521","8.5217"
"285.4720","0.8516","8.5181"
"285.4920","0.8512","8.5275"
"285.5120","0.8508","8.5586"
"285.5320","0.8505","8.5232"
"285.5520","0.8503","8.4642"
"285.5720","0.8500","8.4468"
"285.5920","0.8497","8.4614"
"285.6120","0.8493","8.5389"
"285.6320","0.8489","8.5411"
"285.6520","0.8486","8.5188"
"285.6720","0.8483","8.4250"
"285.6920","0.8480","8.4754"
"285.7120","0.8478","8.4350"
"285.7320","0.8475","8.4391"
"285.7520","0.8471","8.4293"
"285.7720","0.8467","8.4183"
"285.7920","0.8463","8.4014"
"285.8120","0.8458","8.4409"
"285.8320","0.8454","8.4883"
"285.8520","0.8451","8.3866"
"285.8720","0.8449","8.3608"
"285.8920","0.8447","8.4002"
"285.9120","0.8444","8.4837"
"285.9320","0.8441","8.4484"
"285.9520","0.8437","8.4738"
"285.9720","0.8433","8.4138"
"285.9920","0.8430","8.3705"
"286.0120","0.8426","8.4435"
"286.0320","0.8423","8.4233"
"286.0520","0.8420","8.4530"
"286.0720","0.8417","8.4275"
"286.0920","0.8414","8.4123"
"286.1120","0.8411","8.4018"
"286.1320","0.8407","8.3460"
"286.1520","0.8403","8.3613"
"286.1720","0.8399","8.3806"
"286.1920","0.8395","8.3566"
"286.2120","0.8392","8.3866"
"286.2320","0.8389","8.3228"
"286.2520","0.8386","8.3511"
"286.2720","0.8383","8.3422"
"286.2920","0.8380","8.3139"
"286.3120","0.8376","8.3167"
"286.3320","0.8373","8.2575"
"286.3520","0.8370","8.2301"
"286.3720","0.8367","8.2271"
"286.3920","0.8364","8.3351"
"286.4120","0.8361","8.3808"
"286.4320","0.8358","8.3797"
"286.4520","0.8354","8.3223"
"286.4720","0.8349","8.3317"
"286.4920","0.8345","8.2572"
"286.5120","0.8340","8.1856"
"286.5320","0.8337","8.2357"
"286.5520","0.8335","8.2457"
"286.5720","0.8333","8.2471"
"286.5920","0.8331","8.1663"
"286.6120","0.8328","8.1375"
"286.6320","0.8324","8.1889"
"286.6520","0.8321","8.2441"
"286.6720","0.8317","8.2349"
"286.6920","0.8313","8.2293"
"286.7120","0.8310","8.2474"
"286.7320","0.8307","8.2420"
"286.7520","0.8304","8.1394"
"286.7720","0.8301","8.1344"
"286.7920","0.8298","8.1035"
"286.8120","0.8294","8.1100"
"286.8320","0.8290","8.1393"
"286.8520","0.8286","8.1650"
"286.8720","0.8282","8.1767"
"286.8920","0.8278","8.1309"
"286.9120","0.8275","8.1238"
"286.9320","0.8273","8.1069"
"286.9520","0.8270","8.0681"
"286.9720","0.8267","8.0898"
"286.9920","0.8263","8.1828"
"287.0120","0.8260","8.1672"
"287.0320","0.8256","8.0891"
"287.0520","0.8253","8.0773"
"287.0720","0.8251","8.0866"
"287.0920","0.8248","8.0424"
"287.1120","0.8245","8.0642"
"287.1320","0.8241","8.0460"
"287.1520","0.8237","8.0855"
"287.1720","0.8232","7.9901"
"287.1920","0.8228","7.9753"
"287.2120","0.8224","7.9833"
"287.2320","0.8222","7.9987"
"287.2520","0.8220","8.0166"
"287.2720","0.8217","7.9956"
"287.2920","0.8215","7.9763"
"287.3120","0.8212","8.0280"
"287.3320","0.8208","8.0726"
"287.3520","0.8204","8.1160"
"287.3720","0.8200","8.0557"
"287.3920","0.8196","8.0472"
"287.4120","0.8193","7.9872"
"287.4320","0.8190","7.9468"
"287.4520","0.8187","7.9576"
"287.4720","0.8184","7.9807"
"287.4920","0.8181","7.8651"
"287.5120","0.8177","7.8821"
"287.5320","0.8173","7.9569"
"287.5520","0.8169","7.9764"
"287.5720","0.8165","7.9471"
"287.5920","0.8162","7.9220"
"287.6120","0.8159","7.9466"
"287.6320","0.8156","7.8861"
"287.6520","0.8153","7.8239"
"287.6720","0.8150","7.9443"
"287.6920","0.8147","8.0269"
"287.7120","0.8143","7.9174"
"287.7320","0.8140","7.8307"
"287.7520","0.8137","7.7910"
"287.7720","0.8134","7.8509"
"287.7920","0.8132","7.8780"
"287.8120","0.8128","7.9741"
"287.8320","0.8124","8.0251"
"287.8520","0.8120","7.8996"
"287.8720","0.8115","7.8331"
"287.8920","0.8111","7.8275"
"287.9120","0.8108","7.8408"
"287.9320","0.8105","7.8734"
"287.9520","0.8103","7.9072"
"287.9720","0.8101","7.8753"
"287.9920","0.8098","7.8699"
"288.0120","0.8095","7.7893"
"288.0320","0.8091","7.7884"
"288.0520","0.8087","7.7608"
"288.0720","0.8083","7.8406"
"288.0920","0.8080","7.8330"
"288.1120","0.8077","7.8221"
"288.1320","0.8074","7.8318"
"288.1520","0.8071","7.8000"
"288.1720","0.8068","7.7032"
"288.1920","0.8064","7.7431"
"288.2120","0.8060","7.8059"
"288.2320","0.8056","7.8975"
"288.2520","0.8052","7.8665"
"288.2720","0.8049","7.8112"
"288.2920","0.8046","7.7604"
"288.3120","0.8043","7.7703"
"288.3320","0.8040","7.8124"
"288.3520","0.8037","7.7978"
"288.3720","0.8033","7.7490"
"288.3920","0.8030","7.8019"
"288.4120","0.8026","7.8160"
"288.4320","0.8023","7.7682"
"288.4520","0.8021","7.7583"
"288.4720","0.8018","7.7573"
"288.4920","0.8015","7.6818"
"288.5120","0.8011","7.6663"
"288.5320","0.8007","7.6745"
"288.5520","0.8002","7.6890"
"288.5720","0.7998","7.6918"
"288.5920","0.7994","7.7361"
"288.6120","0.7992","7.7096"
"288.6320","0.7989","7.7217"
"288.6520","0.7987","7.7404"
"288.6720","0.7984","7.7904"
"288.6920","0.7981","7.7627"
"288.7120","0.7978","7.6657"
"288.7320","0.7974","7.5915"
"288.7520","0.7970","7.6476"
"288.7720","0.7966","7.6908"
"288.7920","0.7963","7.6496"
"288.8120","0.7960","7.6471"
"288.8320","0.7957","7.6148"
"288.8520","0.7954","7.6376"
"288.8720","0.7951","7.6461"
"288.8920","0.7947","7.6569"
"288.9120","0.7943","7.6322"
"288.9320","0.7939","7.5437"
"288.9520","0.7935","7.5270"
"288.9720","0.7932","7.5515"
"288.9920","0.7929","7.5874"
"289.0120","0.7926","7.6548"
"289.0320","0.7923","7.7126"
"289.0520","0.7920","7.6731"
"289.0720","0.7916","7.6430"
"289.0920","0.7913","7.5326"
"289.1120","0.7910","7.5153"
"289.1320","0.7907","7.5592"
"289.1520","0.7904","7.4832"
"289.1720","0.7901","7.4695"
"289.1920","0.7898","7.4749"
"289.2120","0.7894","7.5066"
"289.2320","0.7890","7.5482"
"289.2520","0.7885","7.4971"
"289.2720","0.7881","7.5034"
"289.2920","0.7878","7.5383"
"289.3120","0.7875","7.4917"
"289.3320","0.7873","7.4729"
"289.3520","0.7871","7.5195"
"289.3720","0.7868","7.4224"
"289.3920","0.7865","7.3812"
"289.4120","0.7861","7.4027"
"289.4320","0.7857","7.4898"
"289.4520","0.7853","7.4727"
"289.4720","0.7850","7.3738"
"289.4920","0.7847","7.3950"
"289.5120","0.7844","7.3684"
"289.5320","0.7841","7.4602"
"289.5520","0.7838","7.4530"
"289.5720","0.7834","7.4626"
"289.5920","0.7830","7.4387"
"289.6120","0.7826","7.3819"
"289.6320","0.7822","7.4134"
"289.6520","0.7818","7.4216"
"289.6720","0.7816","7.3960"
"289.6920","0.7813","7.2774"
"289.7120","0.7810","7.2637"
"289.7320","0.7806","7.2550"
"289.7520","0.7803","7.3347"
"289.7720","0.7799","7.3626"
"289.7920","0.7796","7.3672"
"289.8120","0.7793","7.3730"
"289.8320","0.7791","7.2935"
"289.8520","0.7788","7.2554"
"289.8720","0.7785","7.3502"
"289.8920","0.7781","7.4368"
"289.9120","0.7777","7.3636"
"289.9320","0.7772","7.3595"
"289.9520","0.7768","7.2555"
"289.9720","0.7764","7.2751"
"289.9920","0.7762","7.3579"
"290.0120","0.7760","7.3578"
"290.0320","0.7757","7.3790"
"290.0520","0.7754","7.3319"
"290.0720","0.7751","7.2512"
"290.0920","0.7747","7.1632"
"290.1120","0.7743","7.2369"
"290.1320","0.7739","7.2218"
"290.1520","0.7736","7.2237"
"290.1720","0.7733","7.2653"
"290.1920","0.7730","7.3298"
"290.2120","0.7727","7.2575"
"290.2320","0.7724","7.2406"
"290.2520","0.7721","7.2124"
"290.2720","0.7717","7.2027"
"290.2920","0.7713","7.2296"
"290.3120","0.7709","7.2014"
"290.3320","0.7705","7.1119"
"290.3520","0.7702","7.1982"
"290.3720","0.7699","7.2819"
"290.3920","0.7696","7.2327"
"290.4120","0.7693","7.1763"
"290.4320","0.7690","7.0998"
"290.4520","0.7686","7.1096"
"290.4720","0.7683","7.1985"
"290.4920","0.7680","7.2207"
"290.5120","0.7677","7.2227"
"290.5320","0.7674","7.2141"
"290.5520","0.7671","7.2059"
"290.5720","0.7668","7.1212"
"290.5920","0.7664","7.1603"
"290.6120","0.7660","7.1032"
"290.6320","0.7655","7.1363"
"290.6520","0.7651","7.1577"
"290.6720","0.7648","7.1610"
"290.6920","0.7646","7.1432"
"290.7120","0.7643","7.1239"
"290.7320","0.7641","7.1436"
"290.7520","0.7638","7.1582"
"290.7720","0.7634","7.1941"
"290.7920","0.7630","7.1023"
"290.8120","0.7626","7.0754"
"290.8320","0.7623","6.9966"
"290.8520","0.7619","7.0266"
"290.8720","0.7617","6.9968"
"290.8920","0.7614","6.9712"
"290.9120","0.7611","7.0956"
"290.9320","0.7608","7.1336"
"290.9520","0.7604","7.0801"
"290.9720","0.7600","7.1310"
"290.9920","0.7596","7.1273"
"291.0120","0.7592","7.1250"
"291.0320","0.7589","7.1659"
"291.0520","0.7586","7.0490"
"291.0720","0.7583","6.9668"
"291.0920","0.7580","7.0046"
"291.1120","0.7577","7.0385"
"291.1320","0.7573","7.0878"
"291.1520","0.7570","7.0565"
"291.1720","0.7566","7.0494"
"291.1920","0.7563","7.0110"
"291.2120","0.7561","6.9123"
"291.2320","0.7558","6.8388"
"291.2520","0.7555","6.8372"
"291.2720","0.7551","6.9049"
"291.2920","0.7547","6.9669"
"291.3120","0.7542","7.0063"
"291.3320","0.7538","7.0064"
"291.3520","0.7535","7.0304"
"291.3720","0.7532","7.0776"
"291.3920","0.7530","6.9833"
"291.4120","0.7527","6.8909"
"291.4320","0.7525","6.8252"
"291.4520","0.7521","6.7681"
"291.4720","0.7518","6.8153"
"291.4920","0.7514","6.9027"
"291.5120","0.7510","6.8698"
"291.5320","0.7506","6.8370"
"291.5520","0.7503","6.8663"
"291.5720","0.7500","6.8295"
"291.5920","0.7497","6.7723"
"291.6120","0.7494","6.7886"
"291.6320","0.7491","6.8504"
"291.6520","0.7487","6.8378"
"291.6720","0.7483","6.7837"
"291.6920","0.7479","6.8635"
"291.7120","0.7475","6.8267"
"291.7320","0.7472","6.8823"
"291.7520","0.7469","6.9513"
"291.7720","0.7466","6.8957"
"291.7920","0.7463","6.8180"
"291.8120","0.7460","6.8776"
"291.8320","0.7456","6.8970"
"291.8520","0.7453","6.8041"
"291.8720","0.7450","6.8593"
"291.8920","0.7447","6.8731"
"291.9120","0.7444","6.8206"
"291.9320","0.7441","6.8603"
"291.9520","0.7438","6.7985"
"291.9720","0.7434","6.7809"
"291.9920","0.7430","6.8138"
"292.0120","0.7425","6.7731"
"292.0320","0.7421","6.7566"
"292.0520","0.7418","6.7654"
"292.0720","0.7416","6.8234"
"292.0920","0.7414","6.7696"
"292.1120","0.7411","6.7474"
"292.1320","0.7408","6.8063"
"292.1520","0.7405","6.7266"
"292.1720","0.7401","6.6917"
"292.1920","0.7397","6.7019"
"292.2120","0.7393","6.6281"
"292.2320","0.7390","6.6666"
"292.2520","0.7387","6.6827"
"292.2720","0.7384","6.6916"
"292.2920","0.7381","6.7346"
"292.3120","0.7378","6.7834"
"292.3320","0.7374","6.7621"
"292.3520","0.7370","6.7295"
"292.3720","0.7366","6.6639"
"292.3920","0.7362","6.6215"
"292.4120","0.7359","6.6813"
"292.4320","0.7356","6.6964"
"292.4520","0.7353","6.7096"
"292.4720","0.7350","6.6815"
"292.4920","0.7347","6.6364"
"292.5120","0.7343","6.5795"
"292.5320","0.7340","6.5317"
"292.5520","0.7336","6.5374"
"292.5720","0.7333","6.5032"
"292.5920","0.7331","6.5627"
"292.6120","0.7328","6.5871"
"292.6320","0.7325","6.6366"
"292.6520","0.7321","6.6282"
"292.6720","0.7317","6.5639"
"292.6920","0.7312","6.5249"
"292.7120","0.7308","6.5211"
"292.7320","0.7305","6.5898"
"292.7520","0.7302","6.6310"
"292.7720","0.7300","6.6952"
"292.7920","0.7298","6.6977"
"292.8120","0.7295","6.6179"
"292.8320","0.7292","6.5848"
"292.8520","0.7288","6.5736"
"292.8720","0.7284","6.5762"
"292.8920","0.7280","6.4899"
"292.9120","0.7276","6.5193"
"292.9320","0.7273","6.4671"
"292.9520","0.7270","6.4497"
"292.9720","0.7268","6.5164"
"292.9920","0.7264","6.4917"
"293.0120","0.7261","6.4822"
"293.0320","0.7257","6.3721"
"293.0520","0.7252","6.4543"
"293.0720","0.7248","6.5110"
"293.0920","0.7245","6.4842"
"293.1120","0.7242","6.4861"
"293.1320","0.7239","6.4975"
"293.1520","0.7237","6.4417"
"293.1720","0.7233","6.3849"
"293.1920","0.7230","6.4299"
"293.2120","0.7226","6.4002"
"293.2320","0.7223","6.4176"
"293.2520","0.7220","6.4580"
"293.2720","0.7217","6.5137"
"293.2920","0.7214","6.4713"
"293.3120","0.7211","6.4979"
"293.3320","0.7208","6.4343"
"293.3520","0.7204","6.4194"
"293.3720","0.7199","6.3997"
"293.3920","0.7195","6.3895"
"293.4120","0.7191","6.3443"
"293.4320","0.7188","6.3448"
"293.4520","0.7186","6.4502"
"293.4720","0.7184","6.5008"
"293.4920","0.7181","6.4848"
"293.5120","0.7178","6.4216"
"293.5320","0.7174","6.3728"
"293.5520","0.7170","6.3741"
"293.5720","0.7167","6.3360"
"293.5920","0.7163","6.3960"
"293.6120","0.7160","6.4064"
"293.6320","0.7157","6.3615"
"293.6520","0.7154","6.3809"
"293.6720","0.7151","6.3773"
"293.6920","0.7147","6.3711"
"293.7120","0.7143","6.3725"
"293.7320","0.7139","6.3783"
"293.7520","0.7135","6.3902"
"293.7720","0.7131","6.2862"
"293.7920","0.7128","6.2682"
"293.8120","0.7125","6.3437"
"293.8320","0.7123","6.3313"
"293.8520","0.7120","6.2308"
"293.8720","0.7117","6.1636"
"293.8920","0.7113","6.2294"
"293.9120","0.7110","6.2561"
"293.9320","0.7106","6.2174"
"293.9520","0.7103","6.1811"
"293.9720","0.7100","6.2154"
"293.9920","0.7097","6.2085"
"294.0120","0.7094","6.2141"
"294.0320","0.7090","6.3186"
"294.0520","0.7086","6.2896"
"294.0720","0.7082","6.1984"
"294.0920","0.7078","6.2087"
"294.1120","0.7074","6.2043"
"294.1320","0.7072","6.2237"
"294.1520","0.7070","6.2282"
"294.1720","0.7067","6.1738"
"294.1920","0.7065","6.1861"
"294.2120","0.7061","6.1896"
"294.2320","0.7058","6.1812"
"294.2520","0.7054","6.2527"
"294.2720","0.7050","6.2552"
"294.2920","0.7047","6.2068"
"294.3120","0.7044","6.1908"
"294.3320","0.7041","6.2539"
"294.3520","0.7038","6.1984"
"294.3720","0.7034","6.1536"
"294.3920","0.7031","6.1047"
"294.4120","0.7026","6.0348"
"294.4320","0.7022","6.0354"
"294.4520","0.7018","6.0680"
"294.4720","0.7015","6.1355"
"294.4920","0.7012","6.1677"
"294.5120","0.7009","6.1139"
"294.5320","0.7006","6.0452"
"294.5520","0.7003","6.1153"
"294.5720","0.7000","6.1274"
"294.5920","0.6996","6.1480"
"294.6120","0.6993","6.0946"
"294.6320","0.6990","6.0576"
"294.6520","0.6987","6.0482"
"294.6720","0.6984","6.1752"
"294.6920","0.6981","6.1543"
"294.7120","0.6978","6.0649"
"294.7320","0.6974","6.0221"
"294.7520","0.6969","6.0147"
"294.7720","0.6965","6.0568"
"294.7920","0.6961","6.0089"
"294.8120","0.6958","6.0453"
"294.8320","0.6956","6.0808"
"294.8520","0.6954","6.0616"
"294.8720","0.6951","6.1115"
"294.8920","0.6948","6.1215"
"294.9120","0.6944","6.0449"
"294.9320","0.6940","5.9919"
"294.9520","0.6937","5.9800"
"294.9720","0.6933","6.0422"
"294.9920","0.6930","6.0511"
"295.0120","0.6927","6.0104"
"295.0320","0.6924","6.0839"
"295.0520","0.6921","6.1121"
"295.0720","0.6918","6.0480"
"295.0920","0.6914","5.9106"
"295.1120","0.6910","5.8546"
"295.1320","0.6906","5.8693"
"295.1520","0.6902","5.8285"
"295.1720","0.6899","5.9235"
"295.1920","0.6896","5.9676"
"295.2120","0.6893","5.9931"
"295.2320","0.6890","5.9830"
"295.2520","0.6887","5.9910"
"295.2720","0.6883","5.9803"
"295.2920","0.6880","5.9207"
"295.3120","0.6876","5.9117"
"295.3320","0.6874","5.8785"
"295.3520","0.6871","5.8928"
"295.3720","0.6868","5.9004"
"295.3920","0.6864","5.9063"
"295.4120","0.6861","5.9178"
"295.4320","0.6856","5.9571"
"295.4520","0.6852","5.9016"
"295.4720","0.6848","5.7506"
"295.4920","0.6845","5.7718"
"295.5120","0.6842","5.8516"
"295.5320","0.6840","5.8465"
"295.5520","0.6838","5.8670"
"295.5720","0.6835","5.7848"
"295.5920","0.6831","5.7716"
"295.6120","0.6827","5.8553"
"295.6320","0.6824","5.8970"
"295.6520","0.6820","5.8749"
"295.6720","0.6817","5.8081"
"295.6920","0.6814","5.7613"
"295.7120","0.6811","5.7639"
"295.7320","0.6808","5.7711"
"295.7520","0.6805","5.7925"
"295.7720","0.6801","5.7893"
"295.7920","0.6797","5.7421"
"295.8120","0.6793","5.7390"
"295.8320","0.6789","5.7146"
"295.8520","0.6785","5.7243"
"295.8720","0.6782","5.7402"
"295.8920","0.6779","5.7841"
"295.9120","0.6776","5.7790"
"295.9320","0.6773","5.7770"
"295.9520","0.6770","5.6752"
"295.9720","0.6766","5.6858"
"295.9920","0.6763","5.6911"
"296.0120","0.6760","5.7237"
"296.0320","0.6757","5.7102"
"296.0520","0.6754","5.7191"
"296.0720","0.6751","5.6848"
"296.0920","0.6748","5.6738"
"296.1120","0.6744","5.6833"
"296.1320","0.6739","5.6939"
"296.1520","0.6734","5.6475"
"296.1720","0.6731","5.6041"
"296.1920","0.6728","5.5830"
"296.2120","0.6726","5.5762"
"296.2320","0.6724","5.5813"
"296.2520","0.6721","5.5730"
"296.2720","0.6718","5.5978"
"296.2920","0.6714","5.5371"
"296.3120","0.6711","5.6015"
"296.3320","0.6707","5.6241"
"296.3520","0.6703","5.6077"
"296.3720","0.6700","5.5078"
"296.3920","0.6697","5.5301"
"296.4120","0.6695","5.5999"
"296.4320","0.6692","5.5885"
"296.4520","0.6688","5.6319"
"296.4720","0.6684","5.5776"
"296.4920","0.6680","5.5822"
"296.5120","0.6675","5.5721"
"296.5320","0.6672","5.4840"
"296.5520","0.6668","5.5686"
"296.5720","0.6665","5.5413"
"296.5920","0.6663","5.5734"
"296.6120","0.6659","5.6003"
"296.6320","0.6656","5.5572"
"296.6520","0.6653","5.5758"
"296.6720","0.6649","5.6300"
"296.6920","0.6646","5.5486"
"296.7120","0.6644","5.5408"
"296.7320","0.6641","5.5304"
"296.7520","0.6638","5.5668"
"296.7720","0.6635","5.5344"
"296.7920","0.6631","5.5173"
"296.8120","0.6626","5.4485"
"296.8320","0.6622","5.4687"
"296.8520","0.6618","5.4947"
"296.8720","0.6615","5.5168"
"296.8920","0.6612","5.4854"
"296.9120","0.6610","5.4626"
"296.9320","0.6607","5.4516"
"296.9520","0.6604","5.4432"
"296.9720","0.6601","5.4094"
"296.9920","0.6597","5.4366"
"297.0120","0.6593","5.4071"
"297.0320","0.6590","5.4519"
"297.0520","0.6586","5.4619"
"297.0720","0.6583","5.3971"
"297.0920","0.6581","5.3699"
"297.1120","0.6578","5.3361"
"297.1320","0.6575","5.4170"
"297.1520","0.6571","5.4529"
"297.1720","0.6567","5.4423"
"297.1920","0.6563","5.3917"
"297.2120","0.6559","5.3790"
"297.2320","0.6555","5.3472"
"297.2520","0.6552","5.3211"
"297.2720","0.6549","5.3193"
"297.2920","0.6546","5.3510"
"297.3120","0.6543","5.3640"
"297.3320","0.6539","5.3908"
"297.3520","0.6536","5.4029"
"297.3720","0.6532","5.4579"
"297.3920","0.6530","5.3509"
"297.4120","0.6527","5.3276"
"297.4320","0.6524","5.2907"
"297.4520","0.6521","5.3198"
"297.4720","0.6518","5.2998"
"297.4920","0.6514","5.2308"
"297.5120","0.6509","5.2512"
"297.5320","0.6504","5.2894"
"297.5520","0.6501","5.3338"
"297.5720","0.6498","5.3694"
"297.5920","0.6496","5.3970"
"297.6120","0.6494","5.3295"
"297.6320","0.6491","5.1898"
"297.6520","0.6488","5.1584"
"297.6720","0.6484","5.2186"
"297.6920","0.6480","5.1983"
"297.7120","0.6476","5.2669"
"297.7320","0.6473","5.2337"
"297.7520","0.6470","5.2561"
"297.7720","0.6467","5.2123"
"297.7920","0.6464","5.2435"
"297.8120","0.6461","5.2477"
"297.8320","0.6458","5.3323"
"297.8520","0.6454","5.3205"
"297.8720","0.6450","5.3270"
"297.8920","0.6446","5.2966"
"297.9120","0.6442","5.2186"
"297.9320","0.6439","5.1424"
"297.9520","0.6436","5.1109"
"297.9720","0.6433","5.1692"
"297.9920","0.6430","5.1892"
"298.0120","0.6426","5.1960"
"298.0320","0.6423","5.1923"
"298.0520","0.6419","5.1508"
"298.0720","0.6417","5.1075"
"298.0920","0.6414","5.0761"
"298.1120","0.6411","5.0836"
"298.1320","0.6408","5.1461"
"298.1520","0.6404","5.1872"
"298.1720","0.6400","5.1021"
"298.1920","0.6396","5.1064"
"298.2120","0.6391","5.0719"
"298.2320","0.6388","5.1368"
"298.2520","0.6385","5.0911"
"298.2720","0.6382","5.0964"
"298.2920","0.6380","5.1240"
"298.3120","0.6378","5.1111"
"298.3320","0.6374","5.0410"
"298.3520","0.6371","5.0719"
"298.3720","0.6367","5.0466"
"298.3920","0.6363","4.9479"
"298.4120","0.6360","4.9536"
"298.4320","0.6357","5.0722"
"298.4520","0.6354","5.1858"
"298.4720","0.6351","5.1476"
"298.4920","0.6348","5.0867"
"298.5120","0.6345","5.0913"
"298.5320","0.6341","5.1258"
"298.5520","0.6337","5.0245"
"298.5720","0.6333","5.0041"
"298.5920","0.6329","4.9823"
"298.6120","0.6325","5.0044"
"298.6320","0.6323","5.0662"
"298.6520","0.6320","5.1000"
"298.6720","0.6316","5.0502"
"298.6920","0.6313","4.9830"
"298.7120","0.6309","4.9954"
"298.7320","0.6306","5.0555"
"298.7520","0.6303","5.0558"
"298.7720","0.6300","5.0152"
"298.7920","0.6297","4.8958"
"298.8120","0.6295","4.9481"
"298.8320","0.6291","5.0089"
"298.8520","0.6288","5.0272"
"298.8720","0.6283","4.9799"
"298.8920","0.6279","4.9644"
"298.9120","0.6274","4.9264"
"298.9320","0.6271","4.8735"
"298.9520","0.6269","4.8829"
"298.9720","0.6266","4.8516"
"298.9920","0.6264","4.8647"
"299.0120","0.6261","4.9086"
"299.0320","0.6258","4.8115"
"299.0520","0.6254","4.7614"
"299.0720","0.6250","4.8898"
"299.0920","0.6246","4.8710"
"299.1120","0.6243","4.8818"
"299.1320","0.6240","4.8419"
"299.1520","0.6237","4.8410"
"299.1720","0.6234","4.9050"
"299.1920","0.6231","4.8623"
"299.2120","0.6228","4.8380"
"299.2320","0.6224","4.7082"
"299.2520","0.6219","4.7850"
"299.2720","0.6215","4.7761"
"299.2920","0.6212","4.7649"
"299.3120","0.6209","4.8587"
"299.3320","0.6206","4.8179"
"299.3520","0.6203","4.8330"
"299.3720","0.6200","4.8960"
"299.3920","0.6196","4.8118"
"299.4120","0.6193","4.7441"
"299.4320","0.6190","4.7267"
"299.4520","0.6187","4.8162"
"299.4720","0.6184","4.8536"
"299.4920","0.6181","4.7825"
"299.5120","0.6178","4.7353"
"299.5320","0.6175","4.7182"
"299.5520","0.6170","4.6570"
"299.5720","0.6166","4.7027"
"299.5920","0.6162","4.6598"
"299.6120","0.6158","4.7742"
"299.6320","0.6155","4.7662"
"299.6520","0.6153","4.7940"
"299.6720","0.6150","4.7540"
"299.6920","0.6148","4.7781"
"299.7120","0.6144","4.8126"
"299.7320","0.6141","4.7802"
"299.7520","0.6137","4.7430"
"299.7720","0.6133","4.7463"
"299.7920","0.6130","4.7837"
"299.8120","0.6127","4.8160"
"299.8320","0.6124","4.8143"
"299.8520","0.6121","4.7938"
"299.8720","0.6118","4.7268"
"299.8920","0.6115","4.7172"
"299.9120","0.6111","4.7043"
"299.9320","0.6106","4.6737"
"299.9520","0.6102","4.7772"
"299.9720","0.6098","4.8019"
"299.9920","0.6095","4.9165"
"300.0120","0.6093","5.0273"
"300.0320","0.6090","5.0971"
"300.0520","0.6087","5.0933"
"300.0720","0.6083","5.0686"
"300.0920","0.6080","5.1017"
"300.1120","0.6076","5.0243"
"300.1320","0.6073","5.0201"
"300.1520","0.6070","5.0433"
"300.1720","0.6068","5.1167"
"300.1920","0.6065","5.1119"
"300.2120","0.6062","5.1249"
"300.2320","0.6058","5.0318"
"300.2520","0.6053","5.0638"
"300.2720","0.6049","5.0305"
"300.2920","0.6044","5.0890"
"300.3120","0.6041","5.1325"
"300.3320","0.6039","5.0552"
"300.3520","0.6037","5.0124"
"300.3720","0.6034","5.0478"
"300.3920","0.6031","4.9771"
"300.4120","0.6028","4.9613"
"300.4320","0.6024","5.0099"
"300.4520","0.6020","4.9631"
"300.4720","0.6016","4.9163"
"300.4920","0.6013","4.9776"
"300.5120","0.6010","5.0360"
"300.5320","0.6007","4.9005"
"300.5520","0.6005","4.9207"
"300.5720","0.6001","4.9122"
"300.5920","0.5997","4.8656"
"300.6120","0.5993","4.9620"
"300.6320","0.5989","4.9710"
"300.6520","0.5985","4.9628"
"300.6720","0.5982","4.9267"
"300.6920","0.5979","4.9517"
"300.7120","0.5976","4.9868"
"300.7320","0.5973","4.9918"
"300.7520","0.5970","4.9723"
"300.7720","0.5966","5.0231"
"300.7920","0.5963","5.0118"
"300.8120","0.5960","5.0451"
"300.8320","0.5957","5.0280"
"300.8520","0.5954","4.9719"
"300.8720","0.5951","4.9481"
"300.8920","0.5948","4.9641"
"300.9120","0.5944","5.0429"
"300.9320","0.5940","5.0291"
"300.9520","0.5935","4.9592"
"300.9720","0.5931","4.8923"
"300.9920","0.5927","4.9603"
"301.0120","0.5925","4.9925"
"301.0320","0.5923","4.9556"
"301.0520","0.5921","4.9767"
"301.0720","0.5918","4.9443"
"301.0920","0.5914","4.9728"
"301.1120","0.5911","5.0426"
"301.1320","0.5907","5.0413"
"301.1520","0.5903","5.0505"
"301.1720","0.5899","5.0003"
"301.1920","0.5896","4.9497"
"301.2120","0.5894","4.9259"
"301.2320","0.5891","4.9137"
"301.2520","0.5888","4.9560"
"301.2720","0.5884","5.0111"
"301.2920","0.5880","4.9903"
"301.3120","0.5876","4.9659"
"301.3320","0.5872","4.9543"
"301.3520","0.5868","4.9557"
"301.3720","0.5865","4.9288"
"301.3920","0.5862","4.8824"
"301.4120","0.5860","4.9114"
"301.4320","0.5857","4.9277"
"301.4520","0.5853","5.0079"
"301.4720","0.5850","4.9660"
"301.4920","0.5846","4.9920"
"301.5120","0.5843","5.0004"
"301.5320","0.5840","5.0056"
"301.5520","0.5838","5.0185"
"301.5720","0.5835","5.0683"
"301.5920","0.5831","4.9754"
"301.6120","0.5827","4.8933"
"301.6320","0.5822","4.8941"
"301.6520","0.5818","4.8857"
"301.6720","0.5814","4.9690"
"301.6920","0.5811","4.9441"
"301.7120","0.5809","4.9506"
"301.7320","0.5807","4.9907"
"301.7520","0.5804","5.0480"
"301.7720","0.5801","5.0113"
"301.7920","0.5798","4.9422"
"301.8120","0.5794","4.9995"
"301.8320","0.5790","5.0134"
"301.8520","0.5786","5.0171"
"301.8720","0.5783","5.0162"
"301.8920","0.5780","5.0086"
"301.9120","0.5777","4.8906"
"301.9320","0.5774","4.8830"
"301.9520","0.5771","4.8489"
"301.9720","0.5767","4.9043"
"301.9920","0.5763","4.9538"
"302.0120","0.5759","4.9432"
"302.0320","0.5755","4.9326"
"302.0520","0.5752","4.9567"
"302.0720","0.5749","4.9586"
"302.0920","0.5746","4.9674"
"302.1120","0.5743","4.9238"
"302.1320","0.5740","4.9571"
"302.1520","0.5737","5.0135"
"302.1720","0.5733","5.0252"
"302.1920","0.5730","4.9622"
"302.2120","0.5727","4.9564"
"302.2320","0.5724","4.9592"
"302.2520","0.5721","4.9743"
"302.2720","0.5718","4.8610"
"302.2920","0.5714","4.8403"
"302.3120","0.5710","4.9142"
"302.3320","0.5705","4.8961"
"302.3520","0.5701","4.8436"
"302.3720","0.5698","4.8812"
"302.3920","0.5695","4.9818"
"302.4120","0.5693","5.0005"
"302.4320","0.5691","4.9667"
"302.4520","0.5688","4.9740"
"302.4720","0.5685","4.9486"
"302.4920","0.5681","4.8894"
"302.5120","0.5677","4.8294"
"302.5320","0.5673","4.8160"
"302.5520","0.5670","4.8903"
"302.5720","0.5667","4.9017"
"302.5920","0.5664","4.9051"
"302.6120","0.5661","4.8674"
"302.6320","0.5658","4.8320"
"302.6520","0.5654","4.8673"
"302.6720","0.5650","4.9229"
"302.6920","0.5646","4.8497"
"302.7120","0.5642","4.7845"
"302.7320","0.5639","4.7426"
"302.7520","0.5636","4.8760"
"302.7720","0.5633","4.9118"
"302.7920","0.5630","4.8936"
"302.8120","0.5627","4.8341"
"302.8320","0.5624","4.8049"
"302.8520","0.5620","4.8650"
"302.8720","0.5617","4.9575"
"302.8920","0.5613","4.9670"
"302.9120","0.5611","4.8854"
"302.9320","0.5608","4.8822"
"302.9520","0.5605","4.7989"
"302.9720","0.5601","4.7458"
"302.9920","0.5597","4.7880"
"303.0120","0.5593","4.8310"
"303.0320","0.5588","4.7622"
"303.0520","0.5584","4.7987"
"303.0720","0.5581","4.8449"
"303.0920","0.5579","4.8484"
"303.1120","0.5577","4.8641"
"303.1320","0.5574","4.8157"
"303.1520","0.5571","4.8004"
"303.1720","0.5568","4.7798"
"303.1920","0.5564","4.7656"
"303.2120","0.5560","4.8134"
"303.2320","0.5556","4.8393"
"303.2520","0.5553","4.8237"
"303.2720","0.5550","4.8589"
"303.2920","0.5547","4.7776"
"303.3120","0.5544","4.7802"
"303.3320","0.5541","4.8861"
"303.3520","0.5537","4.9212"
"303.3720","0.5533","4.9225"
"303.3920","0.5529","4.7985"
"303.4120","0.5525","4.7766"
"303.4320","0.5522","4.7943"
"303.4520","0.5519","4.7546"
"303.4720","0.5516","4.7524"
"303.4920","0.5513","4.7946"
"303.5120","0.5510","4.7295"
"303.5320","0.5506","4.7426"
"303.5520","0.5503","4.7605"
"303.5720","0.5500","4.7576"
"303.5920","0.5497","4.8178"
"303.6120","0.5494","4.8630"
"303.6320","0.5492","4.8022"
"303.6520","0.5488","4.7805"
"303.6720","0.5485","4.7707"
"303.6920","0.5480","4.7575"
"303.7120","0.5475","4.7941"
"303.7320","0.5471","4.7468"
"303.7520","0.5468","4.7582"
"303.7720","0.5465","4.6879"
"303.7920","0.5463","4.6682"
"303.8120","0.5461","4.6879"
"303.8320","0.5458","4.7885"
"303.8520","0.5455","4.8064"
"303.8720","0.5451","4.7600"
"303.8920","0.5447","4.8271"
"303.9120","0.5443","4.8270"
"303.9320","0.5439","4.8292"
"303.9520","0.5436","4.7928"
"303.9720","0.5434","4.8448"
"303.9920","0.5431","4.8293"
"304.0120","0.5428","4.7642"
"304.0320","0.5424","4.7660"
"304.0520","0.5420","4.7374"
"304.0720","0.5416","4.6634"
"304.0920","0.5412","4.6368"
"304.1120","0.5408","4.7504"
"304.1320","0.5405","4.7518"
"304.1520","0.5402","4.7421"
"304.1720","0.5400","4.7666"
"304.1920","0.5396","4.7531"
"304.2120","0.5393","4.8165"
"304.2320","0.5389","4.7736"
"304.2520","0.5386","4.7495"
"304.2720","0.5383","4.7695"
"304.2920","0.5380","4.7699"
"304.3120","0.5378","4.7249"
"304.3320","0.5375","4.7288"
"304.3520","0.5371","4.7198"
"304.3720","0.5367","4.7708"
"304.3920","0.5363","4.7501"
"304.4120","0.5358","4.7020"
"304.4320","0.5354","4.7263"
"304.4520","0.5352","4.6912"
"304.4720","0.5349","4.6682"
"304.4920","0.5347","4.6442"
"304.5120","0.5344","4.6753"
"304.5320","0.5341","4.6828"
"304.5520","0.5337","4.7232"
"304.5720","0.5333","4.6978"
"304.5920","0.5330","4.7105"
"304.6120","0.5326","4.8010"
"304.6320","0.5323","4.8372"
"304.6520","0.5320","4.7579"
"304.6720","0.5317","4.7050"
"304.6920","0.5314","4.7226"
"304.7120","0.5311","4.7693"
"304.7320","0.5307","4.6967"
"304.7520","0.5303","4.6294"
"304.7720","0.5299","4.6022"
"304.7920","0.5295","4.5753"
"304.8120","0.5292","4.6181"
"304.8320","0.5289","4.7421"
"304.8520","0.5286","4.7986"
"304.8720","0.5283","4.6990"
"304.8920","0.5280","4.7036"
"304.9120","0.5276","4.7539"
"304.9320","0.5273","4.7208"
"304.9520","0.5269","4.6614"
"304.9720","0.5267","4.6236"
"304.9920","0.5264","4.6701"
"305.0120","0.5261","4.7128"
"305.0320","0.5258","4.7141"
"305.0520","0.5254","4.7082"
"305.0720","0.5250","4.7034"
"305.0920","0.5245","4.6788"
"305.1120","0.5241","4.6526"
"305.1320","0.5238","4.5896"
"305.1520","0.5235","4.5459"
"305.1720","0.5233","4.5578"
"305.1920","0.5231","4.6313"
"305.2120","0.5228","4.6245"
"305.2320","0.5224","4.5793"
"305.2520","0.5221","4.5565"
"305.2720","0.5217","4.5035"
"305.2920","0.5213","4.5168"
"305.3120","0.5210","4.6179"
"305.3320","0.5207","4.6108"
"305.3520","0.5204","4.4728"
"305.3720","0.5201","4.5187"
"305.3920","0.5198","4.4392"
"305.4120","0.5194","4.5301"
"305.4320","0.5190","4.5562"
"305.4520","0.5186","4.5442"
"305.4720","0.5182","4.5672"
"305.4920","0.5178","4.5979"
"305.5120","0.5176","4.4705"
"305.5320","0.5173","4.4729"
"305.5520","0.5170","4.4620"
"305.5720","0.5167","4.5099"
"305.5920","0.5163","4.4878"
"305.6120","0.5160","4.4429"
"305.6320","0.5156","4.4119"
"305.6520","0.5153","4.5405"
"305.6720","0.5150","4.5567"
"305.6920","0.5148","4.4492"
"305.7120","0.5145","4.4421"
"305.7320","0.5141","4.4506"
"305.7520","0.5137","4.4305"
"305.7720","0.5133","4.3740"
"305.7920","0.5128","4.3093"
"305.8120","0.5125","4.3045"
"305.8320","0.5122","4.4267"
"305.8520","0.5120","4.4001"
"305.8720","0.5117","4.3826"
"305.8920","0.5114","4.3982"
"305.9120","0.5111","4.4261"
"305.9320","0.5108","4.4854"
"305.9520","0.5104","4.4770"
"305.9720","0.5100","4.4062"
"305.9920","0.5096","4.4389"
"306.0120","0.5093","4.3656"
"306.0320","0.5090","4.2819"
"306.0520","0.5087","4.3203"
"306.0720","0.5084","4.3931"
"306.0920","0.5081","4.3864"
"306.1120","0.5077","4.3898"
"306.1320","0.5073","4.3710"
"306.1520","0.5069","4.3949"
"306.1720","0.5065","4.4022"
"306.1920","0.5062","4.3412"
"306.2120","0.5059","4.2990"
"306.2320","0.5056","4.3139"
"306.2520","0.5053","4.3543"
"306.2720","0.5050","4.3427"
"306.2920","0.5046","4.3246"
"306.3120","0.5043","4.3504"
"306.3320","0.5040","4.3185"
"306.3520","0.5037","4.2560"
"306.3720","0.5034","4.2584"
"306.3920","0.5031","4.2870"
"306.4120","0.5028","4.3349"
"306.4320","0.5024","4.3468"
"306.4520","0.5020","4.2800"
"306.4720","0.5016","4.2409"
"306.4920","0.5011","4.1994"
"306.5120","0.5008","4.2568"
"306.5320","0.5006","4.2433"
"306.5520","0.5003","4.1932"
"306.5720","0.5001","4.1393"
"306.5920","0.4998","4.1825"
"306.6120","0.4995","4.2219"
"306.6320","0.4991","4.2583"
"306.6520","0.4987","4.1913"
"306.6720","0.4983","4.2026"
"306.6920","0.4980","4.1767"
"306.7120","0.4977","4.1752"
"306.7320","0.4974","4.1963"
"306.7520","0.4971","4.2170"
"306.7720","0.4968","4.1895"
"306.7920","0.4964","4.2337"
"306.8120","0.4960","4.2894"
"306.8320","0.4956","4.2605"
"306.8520","0.4952","4.1994"
"306.8720","0.4948","4.1535"
"306.8920","0.4946","4.1986"
"306.9120","0.4943","4.2138"
"306.9320","0.4940","4.2573"
"306.9520","0.4937","4.2099"
"306.9720","0.4933","4.1761"
"306.9920","0.4930","4.1468"
"307.0120","0.4926","4.1519"
"307.0320","0.4923","4.2315"
"307.0520","0.4920","4.2117"
"307.0720","0.4918","4.1827"
"307.0920","0.4915","4.1536"
"307.1120","0.4911","4.1131"
"307.1320","0.4907","4.1661"
"307.1520","0.4903","4.2636"
"307.1720","0.4898","4.2084"
"307.1920","0.4895","4.1048"
"307.2120","0.4892","4.1091"
"307.2320","0.4890","4.1104"
"307.2520","0.4887","4.1217"
"307.2720","0.4885","4.1212"
"307.2920","0.4882","4.1696"
"307.3120","0.4878","4.2357"
"307.3320","0.4874","4.2127"
"307.3520","0.4870","4.1758"
"307.3720","0.4866","4.1228"
"307.3920","0.4863","4.1816"
"307.4120","0.4860","4.2132"
"307.4320","0.4857","4.1770"
"307.4520","0.4854","4.1505"
"307.4720","0.4851","4.0471"
"307.4920","0.4847","4.0553"
"307.5120","0.4842","4.0910"
"307.5320","0.4838","4.0506"
"307.5520","0.4835","4.0707"
"307.5720","0.4832","4.1672"
"307.5920","0.4829","4.2006"
"307.6120","0.4826","4.1642"
"307.6320","0.4823","4.1430"
"307.6520","0.4820","4.1648"
"307.6720","0.4816","4.1470"
"307.6920","0.4813","4.1345"
"307.7120","0.4810","4.1070"
"307.7320","0.4807","4.1650"
"307.7520","0.4804","4.1168"
"307.7720","0.4801","4.1597"
"307.7920","0.4798","4.2292"
"307.8120","0.4794","4.1810"
"307.8320","0.4790","4.1890"
"307.8520","0.4785","4.1660"
"307.8720","0.4781","4.1147"
"307.8920","0.4778","4.0949"
"307.9120","0.4776","4.0667"
"307.9320","0.4774","4.0634"
"307.9520","0.4771","4.1972"
"307.9720","0.4768","4.1795"
"307.9920","0.4765","4.1369"
"308.0120","0.4761","4.1633"
"308.0320","0.4757","4.2028"
"308.0520","0.4753","4.1770"
"308.0720","0.4750","4.1692"
"308.0920","0.4747","4.1322"
"308.1120","0.4744","4.1292"
"308.1320","0.4741","4.1937"
"308.1520","0.4738","4.1747"
"308.1720","0.4734","4.1081"
"308.1920","0.4729","4.1743"
"308.2120","0.4725","4.1418"
"308.2320","0.4721","4.1280"
"308.2520","0.4718","4.1397"
"308.2720","0.4715","4.1415"
"308.2920","0.4713","4.1451"
"308.3120","0.4710","4.1314"
"308.3320","0.4707","4.0960"
"308.3520","0.4703","4.1049"
"308.3720","0.4700","4.1050"
"308.3920","0.4696","4.1457"
"308.4120","0.4693","4.1795"
"308.4320","0.4690","4.1746"
"308.4520","0.4687","4.1513"
"308.4720","0.4684","4.1617"
"308.4920","0.4681","4.1760"
"308.5120","0.4677","4.1462"
"308.5320","0.4672","4.1925"
"308.5520","0.4668","4.1355"
"308.5720","0.4665","4.1598"
"308.5920","0.4662","4.1505"
"308.6120","0.4660","4.1453"
"308.6320","0.4658","4.0879"
"308.6520","0.4655","4.0510"
"308.6720","0.4651","4.0554"
"308.6920","0.4648","4.0481"
"308.7120","0.4644","4.0853"
"308.7320","0.4640","4.1196"
"308.7520","0.4637","4.1731"
"308.7720","0.4634","4.1015"
"308.7920","0.4631","4.0584"
"308.8120","0.4628","4.0740"
"308.8320","0.4625","4.0682"
"308.8520","0.4621","4.0743"
"308.8720","0.4617","4.0876"
"308.8920","0.4612","4.1062"
"308.9120","0.4608","4.0595"
"308.9320","0.4605","4.0132"
"308.9520","0.4602","4.0743"
"308.9720","0.4599","4.1466"
"308.9920","0.4596","4.1186"
"309.0120","0.4593","4.0972"
"309.0320","0.4590","4.1081"
"309.0520","0.4586","4.0469"
"309.0720","0.4583","4.0946"
"309.0920","0.4580","4.0945"
"309.1120","0.4577","4.1294"
"309.1320","0.4574","4.1065"
"309.1520","0.4571","4.1269"
"309.1720","0.4568","4.0899"
"309.1920","0.4564","4.1376"
"309.2120","0.4560","4.1193"
"309.2320","0.4555","4.0690"
"309.2520","0.4551","4.1047"
"309.2720","0.4548","4.1038"
"309.2920","0.4546","4.0260"
"309.3120","0.4544","4.0633"
"309.3320","0.4541","4.1503"
"309.3520","0.4538","4.2208"
"309.3720","0.4534","4.1128"
"309.3920","0.4531","3.9723"
"309.4120","0.4527","3.9345"
"309.4320","0.4523","3.9253"
"309.4520","0.4520","3.9228"
"309.4720","0.4517","4.0323"
"309.4920","0.4514","4.0136"
"309.5120","0.4512","3.9971"
"309.5320","0.4508","3.9204"
"309.5520","0.4504","3.9510"
"309.5720","0.4500","4.0400"
"309.5920","0.4496","4.0737"
"309.6120","0.4492","3.9704"
"309.6320","0.4489","3.8775"
"309.6520","0.4486","3.9105"
"309.6720","0.4483","3.9659"
"309.6920","0.4480","3.9893"
"309.7120","0.4476","3.9439"
"309.7320","0.4473","3.9214"
"309.7520","0.4469","3.9534"
"309.7720","0.4466","3.9681"
"309.7920","0.4463","3.9751"
"309.8120","0.4460","3.9606"
"309.8320","0.4458","3.9205"
"309.8520","0.4454","3.8616"
"309.8720","0.4451","3.9024"
"309.8920","0.4446","3.8694"
"309.9120","0.4442","3.8255"
"309.9320","0.4437","3.9025"
"309.9520","0.4434","3.9542"
"309.9720","0.4432","3.9296"
"309.9920","0.4430","3.9351"
"310.0120","0.4427","3.8988"
"310.0320","0.4424","3.8875"
"310.0520","0.4421","3.8590"
"310.0720","0.4417","3.8591"
"310.0920","0.4414","3.8318"
"310.1120","0.4410","3.8559"
"310.1320","0.4406","3.8529"
"310.1520","0.4403","3.8773"
"310.1720","0.4401","3.9874"
"310.1920","0.4398","3.9501"
"310.2120","0.4395","3.8788"
"310.2320","0.4391","3.8824"
"310.2520","0.4387","3.8236"
"310.2720","0.4383","3.8672"
"310.2920","0.4379","3.8451"
"310.3120","0.4375","3.8003"
"310.3320","0.4372","3.7812"
"310.3520","0.4369","3.7943"
"310.3720","0.4366","3.7660"
"310.3920","0.4363","3.8006"
"310.4120","0.4360","3.7997"
"310.4320","0.4356","3.8521"
"310.4520","0.4353","3.8157"
"310.4720","0.4350","3.7768"
"310.4920","0.4347","3.7753"
"310.5120","0.4344","3.7290"
"310.5320","0.4341","3.7622"
"310.5520","0.4338","3.7852"
"310.5720","0.4334","3.7467"
"310.5920","0.4329","3.7518"
"310.6120","0.4325","3.8287"
"310.6320","0.4321","3.8724"
"310.6520","0.4318","3.7741"
"310.6720","0.4316","3.7713"
"310.6920","0.4314","3.6738"
"310.7120","0.4311","3.6220"
"310.7320","0.4308","3.6048"
"310.7520","0.4304","3.6638"
"310.7720","0.4301","3.6970"
"310.7920","0.4297","3.7171"
"310.8120","0.4293","3.7725"
"310.8320","0.4290","3.6907"
"310.8520","0.4287","3.6464"
"310.8720","0.4284","3.6575"
"310.8920","0.4281","3.7258"
"310.9120","0.4278","3.7287"
"310.9320","0.4274","3.6819"
"310.9520","0.4270","3.6277"
"310.9720","0.4265","3.5564"
"310.9920","0.4262","3.6115"
"311.0120","0.4258","3.6349"
"311.0320","0.4256","3.6435"
"311.0520","0.4253","3.6967"
"311.0720","0.4250","3.6987"
"311.0920","0.4246","3.6598"
"311.1120","0.4243","3.6096"
"311.1320","0.4239","3.5138"
"311.1520","0.4236","3.5129"
"311.1720","0.4234","3.6077"
"311.1920","0.4231","3.7144"
"311.2120","0.4228","3.6288"
"311.2320","0.4225","3.5300"
"311.2520","0.4221","3.5320"
"311.2720","0.4217","3.5105"
"311.2920","0.4212","3.5595"
"311.3120","0.4208","3.4972"
"311.3320","0.4204","3.4748"
"311.3520","0.4202","3.5527"
"311.3720","0.4200","3.5273"
"311.3920","0.4197","3.4831"
"311.4120","0.4194","3.5002"
"311.4320","0.4191","3.5679"
"311.4520","0.4187","3.5598"
"311.4720","0.4183","3.5059"
"311.4920","0.4180","3.4665"
"311.5120","0.4176","3.5648"
"311.5320","0.4173","3.5904"
"311.5520","0.4171","3.5148"
"311.5720","0.4168","3.5928"
"311.5920","0.4165","3.5872"
"311.6120","0.4161","3.5302"
"311.6320","0.4157","3.4952"
"311.6520","0.4153","3.4952"
"311.6720","0.4149","3.3978"
"311.6920","0.4145","3.3643"
"311.7120","0.4142","3.4147"
"311.7320","0.4139","3.4513"
"311.7520","0.4136","3.5112"
"311.7720","0.4133","3.5178"
"311.7920","0.4129","3.5459"
"311.8120","0.4126","3.5115"
"311.8320","0.4122","3.4031"
"311.8520","0.4120","3.4114"
"311.8720","0.4117","3.4119"
"311.8920","0.4114","3.3514"
"311.9120","0.4111","3.3116"
"311.9320","0.4108","3.3131"
"311.9520","0.4104","3.3430"
"311.9720","0.4099","3.4002"
"311.9920","0.4095","3.4218"
"312.0120","0.4091","3.3905"
"312.0320","0.4088","3.3077"
"312.0520","0.4086","3.3056"
"312.0720","0.4084","3.3118"
"312.0920","0.4081","3.3705"
"312.1120","0.4078","3.3611"
"312.1320","0.4074","3.3719"
"312.1520","0.4070","3.3066"
"312.1720","0.4067","3.2005"
"312.1920","0.4063","3.2412"
"312.2120","0.4060","3.3302"
"312.2320","0.4057","3.3160"
"312.2520","0.4054","3.2561"
"312.2720","0.4051","3.2565"
"312.2920","0.4048","3.2560"
"312.3120","0.4044","3.2538"
"312.3320","0.4040","3.3282"
"312.3520","0.4036","3.3606"
"312.3720","0.4032","3.3441"
"312.3920","0.4029","3.2773"
"312.4120","0.4026","3.2224"
"312.4320","0.4023","3.2039"
"312.4520","0.4020","3.2678"
"312.4720","0.4016","3.3210"
"312.4920","0.4013","3.2697"
"312.5120","0.4009","3.2640"
"312.5320","0.4006","3.3074"
"312.5520","0.4004","3.3246"
"312.5720","0.4001","3.2812"
"312.5920","0.3998","3.2707"
"312.6120","0.3995","3.1724"
"312.6320","0.3991","3.1416"
"312.6520","0.3986","3.1499"
"312.6720","0.3982","3.2209"
"312.6920","0.3978","3.1924"
"312.7120","0.3974","3.1451"
"312.7320","0.3972","3.1122"
"312.7520","0.3970","3.0973"
"312.7720","0.3967","3.1049"
"312.7920","0.3964","3.1646"
"312.8120","0.3961","3.1316"
"312.8320","0.3957","3.1413"
"312.8520","0.3953","3.1305"
"312.8720","0.3950","3.1666"
"312.8920","0.3947","3.1678"
"312.9120","0.3944","3.1468"
"312.9320","0.3941","3.1208"
"312.9520","0.3938","3.1601"
"312.9720","0.3935","3.1811"
"312.9920","0.3931","3.1403"
"313.0120","0.3927","3.0649"
"313.0320","0.3923","3.0022"
"313.0520","0.3919","2.9227"
"313.0720","0.3915","3.0268"
"313.0920","0.3912","3.0164"
"313.1120","0.3909","3.0677"
"313.1320","0.3906","3.0624"
"313.1520","0.3903","3.0765"
"313.1720","0.3899","3.0754"
"313.1920","0.3896","3.0726"
"313.2120","0.3893","3.1007"
"313.2320","0.3890","3.0796"
"313.2520","0.3887","3.0410"
"313.2720","0.3884","3.0759"
"313.2920","0.3881","3.1445"
"313.3120","0.3878","3.0728"
"313.3320","0.3873","3.0473"
"313.3520","0.3869","2.9757"
"313.3720","0.3864","2.9754"
"313.3920","0.3861","2.9141"
"313.4120","0.3858","2.8691"
"313.4320","0.3856","2.9096"
"313.4520","0.3854","2.9994"
"313.4720","0.3851","2.9887"
"313.4920","0.3848","2.9492"
"313.5120","0.3844","2.9020"
"313.5320","0.3840","2.9420"
"313.5520","0.3837","2.9729"
"313.5720","0.3833","3.0491"
"313.5920","0.3830","3.0453"
"313.6120","0.3827","2.9288"
"313.6320","0.3824","2.9285"
"313.6520","0.3821","2.9417"
"313.6720","0.3818","2.9556"
"313.6920","0.3814","3.0009"
"313.7120","0.3810","2.9567"
"313.7320","0.3806","2.8735"
"313.7520","0.3802","2.8920"
"313.7720","0.3799","2.9408"
"313.7920","0.3796","2.9467"
"313.8120","0.3793","2.9486"
"313.8320","0.3790","2.9597"
"313.8520","0.3786","2.9332"
"313.8720","0.3783","2.8649"
"313.8920","0.3779","2.8391"
"313.9120","0.3776","2.8161"
"313.9320","0.3774","2.8165"
"313.9520","0.3771","2.8484"
"313.9720","0.3768","2.9887"
"313.9920","0.3765","2.8844"
"314.0120","0.3761","2.7904"
"314.0320","0.3756","2.7899"
"314.0520","0.3752","2.7609"
"314.0720","0.3748","2.8189"
"314.0920","0.3745","2.8703"
"314.1120","0.3743","2.8642"
"314.1320","0.3740","2.7674"
"314.1520","0.3738","2.7999"
"314.1720","0.3734","2.8168"
"314.1920","0.3731","2.8106"
"314.2120","0.3727","2.7669"
"314.2320","0.3723","2.8773"
"314.2520","0.3720","2.9226"
"314.2720","0.3717","2.9040"
"314.2920","0.3714","2.8640"
"314.3120","0.3711","2.7416"
"314.3320","0.3708","2.6932"
"314.3520","0.3705","2.6340"
"314.3720","0.3701","2.6946"
"314.3920","0.3697","2.7207"
"314.4120","0.3692","2.6897"
"314.4320","0.3689","2.6998"
"314.4520","0.3685","2.6864"
"314.4720","0.3683","2.7483"
"314.4920","0.3680","2.8096"
"314.5120","0.3677","2.7422"
"314.5320","0.3673","2.6707"
"314.5520","0.3670","2.6863"
"314.5720","0.3666","2.6888"
"314.5920","0.3663","2.6810"
"314.6120","0.3660","2.6908"
"314.6320","0.3657","2.6538"
"314.6520","0.3655","2.6548"
"314.6720","0.3651","2.5838"
"314.6920","0.3648","2.5754"
"314.7120","0.3643","2.6353"
"314.7320","0.3639","2.7244"
"314.7520","0.3634","2.7545"
"314.7720","0.3631","2.6628"
"314.7920","0.3629","2.7031"
"314.8120","0.3626","2.6720"
"314.8320","0.3624","2.6255"
"314.8520","0.3621","2.5493"
"314.8720","0.3618","2.5944"
"314.8920","0.3614","2.7008"
"314.9120","0.3610","2.6813"
"314.9320","0.3606","2.6337"
"314.9520","0.3603","2.6367"
"314.9720","0.3600","2.6037"
"314.9920","0.3597","2.6115"
"315.0120","0.3594","2.6510"
"315.0320","0.3591","2.6362"
"315.0520","0.3587","2.6441"
"315.0720","0.3583","2.6729"
"315.0920","0.3579","2.6564"
"315.1120","0.3575","2.6461"
"315.1320","0.3572","2.5618"
"315.1520","0.3569","2.5428"
"315.1720","0.3566","2.5580"
"315.1920","0.3563","2.6209"
"315.2120","0.3560","2.5820"
"315.2320","0.3556","2.5059"
"315.2520","0.3553","2.5767"
"315.2720","0.3550","2.6509"
"315.2920","0.3547","2.6185"
"315.3120","0.3544","2.4842"
"315.3320","0.3541","2.4204"
"315.3520","0.3538","2.4654"
"315.3720","0.3534","2.5047"
"315.3920","0.3530","2.5449"
"315.4120","0.3525","2.5552"
"315.4320","0.3521","2.5451"
"315.4520","0.3517","2.5141"
"315.4720","0.3515","2.4722"
"315.4920","0.3513","2.4423"
"315.5120","0.3510","2.4475"
"315.5320","0.3508","2.4772"
"315.5520","0.3505","2.4831"
"315.5720","0.3501","2.5237"
"315.5920","0.3497","2.4932"
"315.6120","0.3493","2.5589"
"315.6320","0.3489","2.4970"
"315.6520","0.3486","2.4167"
"315.6720","0.3484","2.5133"
"315.6920","0.3481","2.4981"
"315.7120","0.3478","2.3807"
"315.7320","0.3474","2.3491"
"315.7520","0.3470","2.3650"
"315.7720","0.3466","2.4218"
"315.7920","0.3462","2.3850"
"315.8120","0.3458","2.3233"
"315.8320","0.3455","2.3013"
"315.8520","0.3452","2.3204"
"315.8720","0.3450","2.3206"
"315.8920","0.3447","2.3759"
"315.9120","0.3443","2.3998"
"315.9320","0.3440","2.3993"
"315.9520","0.3436","2.4725"
"315.9720","0.3433","2.4908"
"315.9920","0.3430","2.4086"
"316.0120","0.3428","2.4229"
"316.0320","0.3425","2.3959"
"316.0520","0.3421","2.3346"
"316.0720","0.3417","2.3019"
"316.0920","0.3413","2.3583"
"316.1120","0.3408","2.3187"
"316.1320","0.3404","2.2908"
"316.1520","0.3401","2.3384"
"316.1720","0.3399","2.3614"
"316.1920","0.3397","2.3805"
"316.2120","0.3394","2.3384"
"316.2320","0.3391","2.2603"
"316.2520","0.3388","2.3152"
"316.2720","0.3384","2.3620"
"316.2920","0.3380","2.3649"
"316.3120","0.3376","2.2499"
"316.3320","0.3373","2.2389"
"316.3520","0.3370","2.3519"
"316.3720","0.3367","2.3299"
"316.3920","0.3364","2.2544"
"316.4120","0.3361","2.3000"
"316.4320","0.3357","2.3441"
"316.4520","0.3353","2.2818"
"316.4720","0.3349","2.2653"
"316.4920","0.3345","2.2314"
"316.5120","0.3342","2.2152"
"316.5320","0.3339","2.2608"
"316.5520","0.3336","2.2315"
"316.5720","0.3333","2.1625"
"316.5920","0.3330","2.1557"
"316.6120","0.3327","2.1536"
"316.6320","0.3323","2.2165"
"316.6520","0.3320","2.2510"
"316.6720","0.3317","2.3019"
"316.6920","0.3314","2.2937"
"316.7120","0.3312","2.2353"
"316.7320","0.3308","2.1836"
"316.7520","0.3305","2.1703"
"316.7720","0.3301","2.1498"
"316.7920","0.3296","2.1672"
"316.8120","0.3291","2.1811"
"316.8320","0.3287","2.1670"
"316.8520","0.3285","2.1304"
"316.8720","0.3283","2.1262"
"316.8920","0.3281","2.1414"
"316.9120","0.3278","2.1256"
"316.9320","0.3275","2.1494"
"316.9520","0.3271","2.1201"
"316.9720","0.3267","2.1550"
"316.9920","0.3263","2.1421"
"317.0120","0.3260","2.1561"
"317.0320","0.3256","2.1535"
"317.0520","0.3254","2.1433"
"317.0720","0.3251","2.1497"
"317.0920","0.3248","2.1828"
"317.1120","0.3244","2.1979"
"317.1320","0.3240","2.1682"
"317.1520","0.3236","2.0415"
"317.1720","0.3232","2.0327"
"317.1920","0.3229","2.0909"
"317.2120","0.3225","2.1248"
"317.2320","0.3223","2.1196"
"317.2520","0.3220","2.1870"
"317.2720","0.3217","2.1610"
"317.2920","0.3213","2.0876"
"317.3120","0.3210","2.0907"
"317.3320","0.3206","2.0733"
"317.3520","0.3203","2.0766"
"317.3720","0.3200","2.0303"
"317.3920","0.3197","2.0352"
"317.4120","0.3195","1.9866"
"317.4320","0.3191","2.0006"
"317.4520","0.3187","1.9505"
"317.4720","0.3183","1.9583"
"317.4920","0.3178","2.0350"
"317.5120","0.3174","1.9477"
"317.5320","0.3171","1.9174"
"317.5520","0.3169","1.9557"
"317.5720","0.3167","1.9582"
"317.5920","0.3164","1.9131"
"317.6120","0.3161","1.8409"
"317.6320","0.3158","1.9600"
"317.6520","0.3154","1.9985"
"317.6720","0.3150","1.9559"
"317.6920","0.3146","1.9694"
"317.7120","0.3143","1.9629"
"317.7320","0.3140","1.8616"
"317.7520","0.3137","1.8664"
"317.7720","0.3134","1.8619"
"317.7920","0.3131","1.9223"
"317.8120","0.3127","1.9511"
"317.8320","0.3123","1.9480"
"317.8520","0.3119","1.9232"
"317.8720","0.3115","1.9692"
"317.8920","0.3112","1.9962"
"317.9120","0.3109","1.9845"
"317.9320","0.3106","1.9900"
"317.9520","0.3103","1.8847"
"317.9720","0.3100","1.8455"
"317.9920","0.3096","1.8916"
"318.0120","0.3093","1.8971"
"318.0320","0.3090","1.8158"
"318.0520","0.3087","1.7728"
"318.0720","0.3084","1.7594"
"318.0920","0.3081","1.8162"
"318.1120","0.3078","1.8093"
"318.1320","0.3075","1.8331"
"318.1520","0.3070","1.8581"
"318.1720","0.3066","1.8607"
"318.1920","0.3061","1.8149"
"318.2120","0.3057","1.8416"
"318.2320","0.3055","1.8527"
"318.2520","0.3053","1.8069"
"318.2720","0.3051","1.7534"
"318.2920","0.3048","1.7708"
"318.3120","0.3045","1.8169"
"318.3320","0.3041","1.8096"
"318.3520","0.3037","1.7794"
"318.3720","0.3033","1.8114"
"318.3920","0.3029","1.7709"
"318.4120","0.3026","1.8160"
"318.4320","0.3024","1.7727"
"318.4520","0.3021","1.7627"
"318.4720","0.3018","1.7403"
"318.4920","0.3014","1.6862"
"318.5120","0.3010","1.6898"
"318.5320","0.3006","1.7299"
"318.5520","0.3002","1.7419"
"318.5720","0.2999","1.7764"
"318.5920","0.2995","1.8244"
"318.6120","0.2993","1.8117"
"318.6320","0.2990","1.7563"
"318.6520","0.2986","1.7433"
"318.6720","0.2983","1.7454"
"318.6920","0.2979","1.7739"
"318.7120","0.2976","1.6292"
"318.7320","0.2973","1.5923"
"318.7520","0.2970","1.6931"
"318.7720","0.2967","1.6734"
"318.7920","0.2965","1.6385"
"318.8120","0.2961","1.6292"
"318.8320","0.2957","1.6390"
"318.8520","0.2953","1.6260"
"318.8720","0.2948","1.6003"
"318.8920","0.2944","1.6156"
"318.9120","0.2941","1.6619"
"318.9320","0.2939","1.6789"
"318.9520","0.2937","1.6215"
"318.9720","0.2934","1.5737"
"318.9920","0.2931","1.6520"
"319.0120","0.2928","1.6586"
"319.0320","0.2924","1.6882"
"319.0520","0.2920","1.7489"
"319.0720","0.2916","1.7143"
"319.0920","0.2913","1.6528"
"319.1120","0.2910","1.5557"
"319.1320","0.2907","1.6035"
"319.1520","0.2904","1.6391"
"319.1720","0.2901","1.6393"
"319.1920","0.2897","1.5957"
"319.2120","0.2893","1.5093"
"319.2320","0.2889","1.5035"
"319.2520","0.2885","1.4712"
"319.2720","0.2882","1.4545"
"319.2920","0.2879","1.5533"
"319.3120","0.2876","1.6109"
"319.3320","0.2873","1.6187"
"319.3520","0.2870","1.5722"
"319.3720","0.2866","1.6228"
"319.3920","0.2863","1.5963"
"319.4120","0.2859","1.5613"
"319.4320","0.2856","1.4707"
"319.4520","0.2854","1.5151"
"319.4720","0.2851","1.5875"
"319.4920","0.2848","1.5839"
"319.5120","0.2844","1.5246"
"319.5320","0.2840","1.5283"
"319.5520","0.2835","1.4815"
"319.5720","0.2831","1.5244"
"319.5920","0.2828","1.5487"
"319.6120","0.2825","1.5063"
"319.6320","0.2823","1.4825"
"319.6520","0.2821","1.4077"
"319.6720","0.2818","1.4416"
"319.6920","0.2814","1.4220"
"319.7120","0.2811","1.4453"
"319.7320","0.2807","1.3900"
"319.7520","0.2803","1.3944"
"319.7720","0.2799","1.3876"
"319.7920","0.2796","1.3898"
"319.8120","0.2794","1.3582"
"319.8320","0.2791","1.3591"
"319.8520","0.2788","1.4427"
"319.8720","0.2784","1.4183"
"319.8920","0.2780","1.4180"
"319.9120","0.2776","1.4090"
"319.9320","0.2772","1.3769"
"319.9520","0.2768","1.2869"
"319.9720","0.2765","1.2894"
"319.9920","0.2763","1.3645"
"320.0120","0.2760","1.3969"
"320.0320","0.2757","1.4238"
"320.0520","0.2753","1.4313"
"320.0720","0.2750","1.4151"
"320.0920","0.2746","1.3442"
"320.1120","0.2743","1.3266"
"320.1320","0.2740","1.4425"
"320.1520","0.2738","1.4691"
"320.1720","0.2735","1.3603"
"320.1920","0.2731","1.3016"
"320.2120","0.2727","1.3548"
"320.2320","0.2723","1.2563"
"320.2520","0.2718","1.1995"
"320.2720","0.2714","1.2943"
"320.2920","0.2712","1.3593"
"320.3120","0.2709","1.3287"
"320.3320","0.2707","1.3255"
"320.3520","0.2704","1.3198"
"320.3720","0.2701","1.2980"
"320.3920","0.2698","1.2952"
"320.4120","0.2694","1.2475"
"320.4320","0.2690","1.2693"
"320.4520","0.2686","1.3128"
"320.4720","0.2683","1.2982"
"320.4920","0.2680","1.2607"
"320.5120","0.2677","1.2311"
"320.5320","0.2674","1.3012"
"320.5520","0.2671","1.3042"
"320.5720","0.2667","1.1986"
"320.5920","0.2663","1.2714"
"320.6120","0.2659","1.3015"
"320.6320","0.2655","1.2619"
"320.6520","0.2652","1.1581"
"320.6720","0.2649","1.1652"
"320.6920","0.2646","1.2281"
"320.7120","0.2643","1.2217"
"320.7320","0.2640","1.1592"
"320.7520","0.2637","1.0886"
"320.7720","0.2633","1.0236"
"320.7920","0.2630","1.0863"
"320.8120","0.2627","1.1704"
"320.8320","0.2624","1.2562"
"320.8520","0.2621","1.2504"
"320.8720","0.2618","1.2244"
"320.8920","0.2614","1.1538"
"320.9120","0.2610","1.1141"
"320.9320","0.2606","1.1555"
"320.9520","0.2602","1.1718"
"320.9720","0.2598","1.1617"
"320.9920","0.2596","1.1133"
"321.0120","0.2593","1.0488"
"321.0320","0.2591","1.1513"
"321.0520","0.2588","1.0805"
"321.0720","0.2585","1.1130"
"321.0920","0.2581","1.1166"
"321.1120","0.2577","1.1422"
"321.1320","0.2573","1.2589"
"321.1520","0.2570","1.1809"
"321.1720","0.2567","1.1011"
"321.1920","0.2564","1.1313"
"321.2120","0.2561","1.0266"
"321.2320","0.2558","0.9890"
"321.2520","0.2554","1.0807"
"321.2720","0.2550","1.1058"
"321.2920","0.2546","1.0597"
"321.3120","0.2542","1.0108"
"321.3320","0.2538","0.9966"
"321.3520","0.2535","1.0211"
"321.3720","0.2533","0.9862"
"321.3920","0.2530","0.9983"
"321.4120","0.2527","1.0215"
"321.4320","0.2523","1.0240"
"321.4520","0.2520","1.0023"
"321.4720","0.2516","1.0401"
"321.4920","0.2513","1.0214"
"321.5120","0.2510","0.9992"
"321.5320","0.2508","0.9774"
"321.5520","0.2505","0.9625"
"321.5720","0.2501","0.9670"
"321.5920","0.2497","1.0471"
"321.6120","0.2493","1.0011"
"321.6320","0.2489","1.0044"
"321.6520","0.2485","0.9246"
"321.6720","0.2482","0.8893"
"321.6920","0.2480","0.8596"
"321.7120","0.2477","0.9300"
"321.7320","0.2475","0.9337"
"321.7520","0.2472","0.8704"
"321.7720","0.2468","0.8969"
"321.7920","0.2464","0.8806"
"321.8120","0.2460","0.8846"
"321.8320","0.2456","0.7977"
"321.8520","0.2453","0.8330"
"321.8720","0.2450","0.9327"
"321.8920","0.2447","0.9026"
"321.9120","0.2444","0.8444"
"321.9320","0.2441","0.8952"
"321.9520","0.2437","0.8649"
"321.9720","0.2433","0.9094"
"321.9920","0.2429","0.9506"
"322.0120","0.2425","0.8985"
"322.0320","0.2422","0.8083"
"322.0520","0.2419","0.8165"
"322.0720","0.2416","0.8402"
"322.0920","0.2413","0.8545"
"322.1120","0.2410","0.8368"
"322.1320","0.2406","0.8235"
"322.1520","0.2403","0.7157"
"322.1720","0.2400","0.6966"
"322.1920","0.2397","0.7850"
"322.2120","0.2394","0.8274"
"322.2320","0.2391","0.7756"
"322.2520","0.2388","0.7393"
"322.2720","0.2384","0.7713"
"322.2920","0.2380","0.7000"
"322.3120","0.2375","0.6879"
"322.3320","0.2371","0.6614"
"322.3520","0.2368","0.7379"
"322.3720","0.2366","0.8050"
"322.3920","0.2363","0.7844"
"322.4120","0.2361","0.7424"
"322.4320","0.2358","0.8558"
"322.4520","0.2355","0.8801"
"322.4720","0.2351","0.8473"
"322.4920","0.2347","0.7428"
"322.5120","0.2343","0.6586"
"322.5320","0.2340","0.6291"
"322.5520","0.2337","0.6968"
"322.5720","0.2334","0.7326"
"322.5920","0.2331","0.7685"
"322.6120","0.2328","0.7018"
"322.6320","0.2324","0.6470"
"322.6520","0.2320","0.6683"
"322.6720","0.2315","0.6506"
"322.6920","0.2311","0.6052"
"322.7120","0.2308","0.7189"
"322.7320","0.2305","0.7003"
"322.7520","0.2302","0.6785"
"322.7720","0.2300","0.7091"
"322.7920","0.2297","0.6465"
"322.8120","0.2293","0.6375"
"322.8320","0.2290","0.6777"
"322.8520","0.2286","0.7110"
"322.8720","0.2283","0.6244"
"322.8920","0.2280","0.5581"
"322.9120","0.2277","0.6296"
"322.9320","0.2274","0.6289"
"322.9520","0.2271","0.6438"
"322.9720","0.2267","0.6487"
"322.9920","0.2262","0.6241"
"323.0120","0.2258","0.5981"
"323.0320","0.2254","0.5544"
"323.0520","0.2252","0.6104"
"323.0720","0.2249","0.6579"
"323.0920","0.2247","0.6422"
"323.1120","0.2245","0.6692"
"323.1320","0.2241","0.6114"
"323.1520","0.2238","0.5695"
"323.1720","0.2234","0.5593"
"323.1920","0.2230","0.6303"
"323.2120","0.2226","0.6087"
"323.2320","0.2223","0.4601"
"323.2520","0.2220","0.4746"
"323.2720","0.2218","0.5183"
"323.2920","0.2214","0.5620"
"323.3120","0.2211","0.5989"
"323.3320","0.2207","0.5390"
"323.3520","0.2203","0.5167"
"323.3720","0.2198","0.5668"
"323.3920","0.2195","0.5709"
"323.4120","0.2192","0.5142"
"323.4320","0.2189","0.5030"
"323.4520","0.2186","0.4474"
"323.4720","0.2183","0.4798"
"323.4920","0.2180","0.4730"
"323.5120","0.2176","0.5435"
"323.5320","0.2173","0.4271"
"323.5520","0.2170","0.4058"
"323.5720","0.2167","0.4474"
"323.5920","0.2164","0.5375"
"323.6120","0.2161","0.4900"
"323.6320","0.2158","0.4062"
"323.6520","0.2154","0.4215"
"323.6720","0.2150","0.4710"
"323.6920","0.2145","0.5266"
"323.7120","0.2141","0.4666"
"323.7320","0.2138","0.4782"
"323.7520","0.2136","0.4837"
"323.7720","0.2133","0.5298"
"323.7920","0.2131","0.4329"
"323.8120","0.2128","0.4730"
"323.8320","0.2124","0.4842"
"323.8520","0.2121","0.4899"
"323.8720","0.2117","0.4982"
"323.8920","0.2113","0.4122"
"323.9120","0.2110","0.3427"
"323.9320","0.2107","0.4600"
"323.9520","0.2104","0.4597"
"323.9720","0.2101","0.4515"
"323.9920","0.2098","0.4106"
"324.0120","0.2094","0.3836"
"324.0320","0.2090","0.3837"
"324.0520","0.2086","0.3769"
"324.0720","0.2082","0.3534"
"324.0920","0.2079","0.3970"
"324.1120","0.2076","0.4658"
"324.1320","0.2073","0.3839"
"324.1520","0.2070","0.3890"
"324.1720","0.2067","0.4523"
"324.1920","0.2063","0.4286"
"324.2120","0.2060","0.3572"
"324.2320","0.2056","0.3757"
"324.2520","0.2053","0.3156"
"324.2720","0.2051","0.3780"
"324.2920","0.2048","0.3738"
"324.3120","0.2045","0.3280"
"324.3320","0.2041","0.2997"
"324.3520","0.2037","0.3596"
"324.3720","0.2033","0.3058"
"324.3920","0.2028","0.2799"
"324.4120","0.2025","0.3360"
"324.4320","0.2022","0.3038"
"324.4520","0.2020","0.2807"
"324.4720","0.2017","0.3200"
"324.4920","0.2015","0.2964"
"324.5120","0.2011","0.2078"
"324.5320","0.2008","0.2158"
"324.5520","0.2004","0.2601"
"324.5720","0.2000","0.2558"
"324.5920","0.1997","0.2798"
"324.6120","0.1993","0.2285"
"324.6320","0.1991","0.2098"
"324.6520","0.1988","0.2657"
"324.6720","0.1985","0.3052"
"324.6920","0.1981","0.3294"
"324.7120","0.1977","0.2636"
"324.7320","0.1973","0.2632"
"324.7520","0.1969","0.2289"
"324.7720","0.1965","0.1859"
"324.7920","0.1962","0.2565"
"324.8120","0.1959","0.2343"
"324.8320","0.1956","0.2621"
"324.8520","0.1953","0.2376"
"324.8720","0.1950","0.2387"
"324.8920","0.1946","0.2430"
"324.9120","0.1943","0.1461"
"324.9320","0.1940","0.0906"
"324.9520","0.1937","0.2288"
"324.9720","0.1934","0.3103"
"324.9920","0.1931","0.2797"
"325.0120","0.1928","0.2568"
"325.0320","0.1924","0.1478"
"325.0520","0.1920","0.1124"
"325.0720","0.1915","0.1004"
"325.0920","0.1911","0.1757"
"325.1120","0.1908","0.1262"
"325.1320","0.1906","0.1196"
"325.1520","0.1903","0.1552"
"325.1720","0.1901","0.1039"
"325.1920","0.1898","0.1426"
"325.2120","0.1894","0.2347"
"325.2320","0.1891","0.1827"
"325.2520","0.1887","0.0944"
"325.2720","0.1883","0.0516"
"325.2920","0.1880","0.1032"
"325.3120","0.1877","0.1139"
"325.3320","0.1874","0.1093"
"325.3520","0.1872","0.0498"
"325.3720","0.1868","-0.0063"
"325.3920","0.1864","0.0360"
"325.4120","0.1860","0.1303"
"325.4320","0.1856","0.0679"
"325.4520","0.1852","0.0754"
"325.4720","0.1848","0.0235"
"325.4920","0.1845","-0.0105"
"325.5120","0.1842","0.0117"
"325.5320","0.1839","0.0418"
"325.5520","0.1836","0.0237"
"325.5720","0.1833","0.0698"
"325.5920","0.1829","0.0724"
"325.6120","0.1826","0.0016"
"325.6320","0.1823","-0.0212"
"325.6520","0.1821","-0.0603"
"325.6720","0.1818","0.0264"
"325.6920","0.1815","0.0160"
"325.7120","0.1811","-0.0039"
"325.7320","0.1807","-0.0523"
"325.7520","0.1802","-0.0382"
"325.7720","0.1798","-0.0109"
"325.7920","0.1794","-0.0334"
"325.8120","0.1792","-0.1002"
"325.8320","0.1789","-0.1433"
"325.8520","0.1787","-0.1366"
"325.8720","0.1784","-0.1503"
"325.8920","0.1781","-0.0756"
"325.9120","0.1777","-0.0166"
"325.9320","0.1773","-0.0226"
"325.9520","0.1770","-0.1648"
"325.9720","0.1766","-0.1617"
"325.9920","0.1763","-0.1083"
"326.0120","0.1761","-0.0509"
"326.0320","0.1758","-0.0252"
"326.0520","0.1755","-0.0964"
"326.0720","0.1751","-0.1147"
"326.0920","0.1747","-0.1306"
"326.1120","0.1743","-0.1342"
"326.1320","0.1739","-0.1214"
"326.1520","0.1735","-0.1180"
"326.1720","0.1732","-0.0474"
"326.1920","0.1729","-0.0707"
"326.2120","0.1726","-0.1017"
"326.2320","0.1723","-0.1673"
"326.2520","0.1719","-0.0661"
"326.2720","0.1716","-0.0224"
"326.2920","0.1712","-0.0940"
"326.3120","0.1709","-0.2116"
"326.3320","0.1707","-0.1760"
"326.3520","0.1704","-0.0964"
"326.3720","0.1701","-0.1457"
"326.3920","0.1698","-0.2076"
"326.4120","0.1694","-0.2209"
"326.4320","0.1689","-0.1674"
"326.4520","0.1685","-0.1669"
"326.4720","0.1681","-0.1970"
"326.4920","0.1678","-0.2149"
"326.5120","0.1676","-0.2473"
"326.5320","0.1673","-0.1591"
"326.5520","0.1671","-0.1389"
"326.5720","0.1668","-0.2274"
"326.5920","0.1664","-0.2596"
"326.6120","0.1660","-0.1610"
"326.6320","0.1657","-0.1173"
"326.6520","0.1653","-0.1788"
"326.6720","0.1650","-0.2118"
"326.6920","0.1647","-0.1963"
"326.7120","0.1644","-0.2149"
"326.7320","0.1641","-0.2470"
"326.7520","0.1638","-0.2136"
"326.7720","0.1634","-0.1905"
"326.7920","0.1630","-0.2629"
"326.8120","0.1626","-0.3207"
"326.8320","0.1622","-0.2852"
"326.8520","0.1619","-0.2605"
"326.8720","0.1616","-0.2390"
"326.8920","0.1613","-0.2920"
"326.9120","0.1610","-0.1890"
"326.9320","0.1606","-0.2295"
"326.9520","0.1603","-0.1452"
"326.9720","0.1599","-0.1577"
"326.9920","0.1596","-0.2029"
"327.0120","0.1594","-0.2757"
"327.0320","0.1591","-0.3241"
"327.0520","0.1588","-0.3104"
"327.0720","0.1584","-0.3120"
"327.0920","0.1581","-0.2719"
"327.1120","0.1576","-0.2605"
"327.1320","0.1572","-0.2821"
"327.1520","0.1568","-0.2712"
"327.1720","0.1564","-0.3031"
"327.1920","0.1562","-0.3676"
"327.2120","0.1560","-0.4246"
"327.2320","0.1557","-0.4180"
"327.2520","0.1554","-0.3531"
"327.2720","0.1551","-0.2715"
"327.2920","0.1547","-0.2141"
"327.3120","0.1543","-0.2619"
"327.3320","0.1540","-0.3453"
"327.3520","0.1537","-0.3479"
"327.3720","0.1534","-0.3579"
"327.3920","0.1531","-0.3207"
"327.4120","0.1528","-0.2352"
"327.4320","0.1525","-0.3113"
"327.4520","0.1521","-0.4186"
"327.4720","0.1517","-0.4016"
"327.4920","0.1513","-0.3589"
"327.5120","0.1509","-0.4378"
"327.5320","0.1505","-0.4803"
"327.5520","0.1502","-0.4158"
"327.5720","0.1499","-0.3802"
"327.5920","0.1496","-0.2923"
"327.6120","0.1493","-0.3381"
"327.6320","0.1490","-0.3786"
"327.6520","0.1486","-0.4431"
"327.6720","0.1483","-0.4547"
"327.6920","0.1480","-0.3670"
"327.7120","0.1477","-0.3741"
"327.7320","0.1474","-0.3772"
"327.7520","0.1471","-0.4055"
"327.7720","0.1468","-0.4660"
"327.7920","0.1464","-0.4514"
"327.8120","0.1459","-0.4371"
"327.8320","0.1455","-0.4253"
"327.8520","0.1451","-0.4512"
"327.8720","0.1448","-0.4139"
"327.8920","0.1446","-0.4657"
"327.9120","0.1444","-0.4069"
"327.9320","0.1441","-0.4268"
"327.9520","0.1438","-0.4707"
"327.9720","0.1434","-0.4538"
"327.9920","0.1430","-0.4154"
"328.0120","0.1427","-0.4057"
"328.0320","0.1423","-0.4297"
"328.0520","0.1420","-0.4852"
"328.0720","0.1417","-0.4338"
"328.0920","0.1414","-0.3449"
"328.1120","0.1411","-0.3259"
"328.1320","0.1408","-0.3877"
"328.1520","0.1404","-0.4175"
"328.1720","0.1400","-0.4155"
"328.1920","0.1396","-0.4904"
"328.2120","0.1392","-0.4703"
"328.2320","0.1389","-0.4737"
"328.2520","0.1386","-0.5278"
"328.2720","0.1383","-0.4809"
"328.2920","0.1380","-0.4027"
"328.3120","0.1376","-0.4580"
"328.3320","0.1373","-0.4920"
"328.3520","0.1369","-0.4664"
"328.3720","0.1366","-0.4786"
"328.3920","0.1364","-0.5099"
"328.4120","0.1361","-0.6325"
"328.4320","0.1358","-0.5875"
"328.4520","0.1355","-0.4855"
"328.4720","0.1351","-0.4754"
"328.4920","0.1346","-0.4446"
"328.5120","0.1342","-0.4968"
"328.5320","0.1338","-0.4586"
"328.5520","0.1335","-0.5072"
"328.5720","0.1332","-0.5072"
"328.5920","0.1330","-0.5153"
"328.6120","0.1327","-0.5101"
"328.6320","0.1324","-0.4769"
"328.6520","0.1321","-0.4645"
"328.6720","0.1317","-0.4142"
"328.6920","0.1313","-0.4900"
"328.7120","0.1310","-0.5219"
"328.7320","0.1306","-0.5590"
"328.7520","0.1304","-0.5684"
"328.7720","0.1301","-0.5731"
"328.7920","0.1298","-0.5949"
"328.8120","0.1295","-0.5414"
"328.8320","0.1291","-0.5171"
"328.8520","0.1287","-0.4622"
"328.8720","0.1282","-0.4353"
"328.8920","0.1279","-0.4985"
"328.9120","0.1275","-0.4946"
"328.9320","0.1272","-0.5955"
"328.9520","0.1270","-0.6035"
"328.9720","0.1267","-0.5435"
"328.9920","0.1263","-0.4921"
"329.0120","0.1260","-0.4449"
"329.0320","0.1256","-0.5127"
"329.0360","0.1255","-0.5339"

