Time,Displacement,Force
(s),(mm),(N)
"0.0000","0.0000","-0.0060"
"0.0200","0.0000","0.0706"
"0.0400","0.0000","0.1469"
"0.0600","0.0001","0.1341"
"0.0800","0.0002","-0.0318"
"0.1000","0.0004","-0.0222"
"0.1200","0.0005","0.1225"
"0.1400","0.0004","0.0611"
"0.1600","0.0005","-0.0739"
"0.1800","0.0006","-0.0238"
"0.2000","0.0008","0.0169"
"0.2200","0.0012","0.0413"
"0.2400","0.0016","0.1426"
"0.2600","0.0021","0.1311"
"0.2800","0.0026","0.0890"
"0.3000","0.0030","0.1399"
"0.3200","0.0036","0.1348"
"0.3400","0.0041","0.1198"
"0.3600","0.0045","0.1559"
"0.3800","0.0049","0.1566"
"0.4000","0.0051","0.0886"
"0.4200","0.0055","0.1514"
"0.4400","0.0058","0.1726"
"0.4600","0.0062","0.2229"
"0.4800","0.0066","0.2321"
"0.5000","0.0071","0.2394"
"0.5200","0.0074","0.2961"
"0.5400","0.0077","0.2844"
"0.5600","0.0081","0.2812"
"0.5800","0.0085","0.2738"
"0.6000","0.0089","0.2149"
"0.6200","0.0094","0.2491"
"0.6400","0.0098","0.2993"
"0.6600","0.0102","0.2961"
"0.6800","0.0104","0.2732"
"0.7000","0.0107","0.3412"
"0.7200","0.0109","0.3211"
"0.7400","0.0112","0.3724"
"0.7600","0.0115","0.4805"
"0.7800","0.0119","0.4311"
"0.8000","0.0123","0.2714"
"0.8200","0.0127","0.2679"
"0.8400","0.0130","0.3622"
"0.8600","0.0132","0.4987"
"0.8800","0.0135","0.4805"
"0.9000","0.0137","0.4908"
"0.9200","0.0140","0.4410"
"0.9400","0.0144","0.4269"
"0.9600","0.0148","0.4552"
"0.9800","0.0153","0.5026"
"1.0000","0.0157","0.4730"
"1.0200","0.0160","0.4809"
"1.0400","0.0163","0.5701"
"1.0600","0.0165","0.4991"
"1.0800","0.0167","0.4196"
"1.1000","0.0170","0.4900"
"1.1200","0.0174","0.5286"
"1.1400","0.0177","0.6230"
"1.1600","0.0181","0.5728"
"1.1800","0.0185","0.5951"
"1.2000","0.0188","0.6541"
"1.2200","0.0191","0.6364"
"1.2400","0.0195","0.6466"
"1.2600","0.0198","0.6783"
"1.2800","0.0202","0.5911"
"1.3000","0.0206","0.6084"
"1.3200","0.0210","0.6135"
"1.3400","0.0213","0.5922"
"1.3600","0.0216","0.5883"
"1.3800","0.0219","0.7048"
"1.4000","0.0221","0.7096"
"1.4200","0.0224","0.6721"
"1.4400","0.0227","0.7415"
"1.4600","0.0231","0.7064"
"1.4800","0.0235","0.6991"
"1.5000","0.0239","0.6761"
"1.5200","0.0242","0.6746"
"1.5400","0.0245","0.6995"
"1.5600","0.0248","0.7773"
"1.5800","0.0250","0.7324"
"1.6000","0.0253","0.7146"
"1.6200","0.0257","0.7797"
"1.6400","0.0261","0.7902"
"1.6600","0.0265","0.7501"
"1.6800","0.0270","0.7892"
"1.7000","0.0274","0.7630"
"1.7200","0.0277","0.8790"
"1.7400","0.0279","0.8039"
"1.7600","0.0281","0.7657"
"1.7800","0.0284","0.7163"
"1.8000","0.0287","0.7743"
"1.8200","0.0290","0.7938"
"1.8400","0.0294","0.8193"
"1.8600","0.0298","0.8662"
"1.8800","0.0302","0.8501"
"1.9000","0.0305","0.8428"
"1.9200","0.0308","0.9280"
"1.9400","0.0311","0.8831"
"1.9600","0.0315","0.8208"
"1.9800","0.0319","0.8607"
"2.0000","0.0323","0.9072"
"2.0200","0.0327","1.0055"
"2.0400","0.0330","1.0109"
"2.0600","0.0333","0.9503"
"2.0800","0.0335","0.9321"
"2.1000","0.0338","0.9109"
"2.1200","0.0340","0.8995"
"2.1400","0.0344","0.9703"
"2.1600","0.0348","1.0050"
"2.1800","0.0352","0.9755"
"2.2000","0.0355","0.9767"
"2.2200","0.0359","1.0816"
"2.2400","0.0362","1.0647"
"2.2600","0.0364","1.0404"
"2.2800","0.0367","1.0759"
"2.3000","0.0370","1.0907"
"2.3200","0.0374","1.1223"
"2.3400","0.0378","1.1201"
"2.3600","0.0383","1.1340"
"2.3800","0.0387","1.0591"
"2.4000","0.0390","1.0723"
"2.4200","0.0392","1.1115"
"2.4400","0.0395","1.1306"
"2.4600","0.0397","1.1272"
"2.4800","0.0400","1.1189"
"2.5000","0.0403","1.1550"
"2.5200","0.0407","1.1411"
"2.5400","0.0411","1.0730"
"2.5600","0.0415","1.0239"
"2.5800","0.0418","1.1345"
"2.6000","0.0421","1.2507"
"2.6200","0.0424","1.2676"
"2.6400","0.0428","1.1800"
"2.6600","0.0432","1.1635"
"2.6800","0.0436","1.2156"
"2.7000","0.0440","1.3076"
"2.7200","0.0443","1.3500"
"2.7400","0.0446","1.3349"
"2.7600","0.0448","1.2574"
"2.7800","0.0451","1.2607"
"2.8000","0.0453","1.3723"
"2.8200","0.0456","1.4082"
"2.8400","0.0460","1.3552"
"2.8600","0.0464","1.3267"
"2.8800","0.0468","1.3208"
"2.9000","0.0472","1.3246"
"2.9200","0.0475","1.3178"
"2.9400","0.0477","1.3925"
"2.9600","0.0480","1.3382"
"2.9800","0.0483","1.3205"
"3.0000","0.0487","1.3511"
"3.0200","0.0491","1.4381"
"3.0400","0.0496","1.4557"
"3.0600","0.0501","1.4889"
"3.0800","0.0504","1.5684"
"3.1000","0.0507","1.5269"
"3.1200","0.0509","1.4682"
"3.1400","0.0511","1.5160"
"3.1600","0.0514","1.5617"
"3.1800","0.0517","1.5264"
"3.2000","0.0521","1.4927"
"3.2200","0.0524","1.5421"
"3.2400","0.0528","1.6497"
"3.2600","0.0532","1.6171"
"3.2800","0.0535","1.4998"
"3.3000","0.0538","1.5411"
"3.3200","0.0541","1.5973"
"3.3400","0.0545","1.5873"
"3.3600","0.0549","1.5982"
"3.3800","0.0553","1.6223"
"3.4000","0.0557","1.6131"
"3.4200","0.0560","1.5926"
"3.4400","0.0563","1.5888"
"3.4600","0.0565","1.6264"
"3.4800","0.0567","1.7465"
"3.5000","0.0570","1.7299"
"3.5200","0.0574","1.7076"
"3.5400","0.0577","1.6901"
"3.5600","0.0581","1.6865"
"3.5800","0.0585","1.8104"
"3.6000","0.0588","1.7582"
"3.6200","0.0591","1.6498"
"3.6400","0.0594","1.6903"
"3.6600","0.0597","1.8009"
"3.6800","0.0600","1.8719"
"3.7000","0.0604","1.8336"
"3.7200","0.0608","1.8818"
"3.7400","0.0613","1.8407"
"3.7600","0.0617","1.7788"
"3.7800","0.0620","1.7264"
"3.8000","0.0622","1.7752"
"3.8200","0.0625","1.8927"
"3.8400","0.0627","1.9250"
"3.8600","0.0630","1.8802"
"3.8800","0.0633","1.8876"
"3.9000","0.0637","1.8916"
"3.9200","0.0640","1.9138"
"3.9400","0.0644","1.9068"
"3.9600","0.0648","1.8852"
"3.9800","0.0651","1.9452"
"4.0000","0.0654","1.8940"
"4.0200","0.0658","1.9146"
"4.0400","0.0661","1.9682"
"4.0600","0.0666","1.9802"
"4.0800","0.0670","2.0160"
"4.1000","0.0673","2.0207"
"4.1200","0.0676","2.0294"
"4.1400","0.0679","2.0269"
"4.1600","0.0681","1.9096"
"4.1800","0.0684","1.9195"
"4.2000","0.0687","1.9343"
"4.2200","0.0691","1.9062"
"4.2400","0.0695","1.9174"
"4.2600","0.0698","1.9982"
"4.2800","0.0702","2.0601"
"4.3000","0.0705","2.0431"
"4.3200","0.0708","2.0742"
"4.3400","0.0710","2.0551"
"4.3600","0.0713","2.0842"
"4.3800","0.0717","2.0627"
"4.4000","0.0721","2.0650"
"4.4200","0.0726","2.1257"
"4.4400","0.0731","2.2255"
"4.4600","0.0734","2.2094"
"4.4800","0.0737","2.1653"
"4.5000","0.0739","2.1476"
"4.5200","0.0741","2.2252"
"4.5400","0.0744","2.2313"
"4.5600","0.0747","2.2786"
"4.5800","0.0750","2.2488"
"4.6000","0.0754","2.2014"
"4.6200","0.0758","2.2419"
"4.6400","0.0761","2.2266"
"4.6600","0.0764","2.2750"
"4.6800","0.0767","2.3203"
"4.7000","0.0771","2.3697"
"4.7200","0.0774","2.3813"
"4.7400","0.0779","2.3185"
"4.7600","0.0783","2.3188"
"4.7800","0.0786","2.3510"
"4.8000","0.0789","2.3101"
"4.8200","0.0792","2.3382"
"4.8400","0.0794","2.3657"
"4.8600","0.0797","2.3851"
"4.8800","0.0800","2.3835"
"4.9000","0.0803","2.3580"
"4.9200","0.0807","2.3937"
"4.9400","0.0811","2.4685"
"4.9600","0.0815","2.4346"
"4.9800","0.0818","2.4483"
"5.0000","0.0821","2.4945"
"5.0200","0.0824","2.4378"
"5.0400","0.0827","2.4803"
"5.0600","0.0830","2.5173"
"5.0800","0.0834","2.5147"
"5.1000","0.0839","2.4841"
"5.1200","0.0843","2.4748"
"5.1400","0.0848","2.4896"
"5.1600","0.0851","2.5719"
"5.1800","0.0853","2.6558"
"5.2000","0.0855","2.6089"
"5.2200","0.0858","2.5574"
"5.2400","0.0861","2.5701"
"5.2600","0.0864","2.5494"
"5.2800","0.0868","2.6000"
"5.3000","0.0871","2.6384"
"5.3200","0.0875","2.6488"
"5.3400","0.0878","2.6930"
"5.3600","0.0881","2.6921"
"5.3800","0.0885","2.6592"
"5.4000","0.0888","2.6328"
"5.4200","0.0892","2.5755"
"5.4400","0.0896","2.6080"
"5.4600","0.0900","2.6382"
"5.4800","0.0903","2.7030"
"5.5000","0.0906","2.7857"
"5.5200","0.0908","2.7728"
"5.5400","0.0911","2.7824"
"5.5600","0.0913","2.8044"
"5.5800","0.0917","2.7554"
"5.6000","0.0920","2.7555"
"5.6200","0.0924","2.7755"
"5.6400","0.0928","2.7755"
"5.6600","0.0931","2.7265"
"5.6800","0.0934","2.7767"
"5.7000","0.0937","2.8162"
"5.7200","0.0940","2.8320"
"5.7400","0.0943","2.8492"
"5.7600","0.0946","2.8018"
"5.7800","0.0951","2.8215"
"5.8000","0.0956","2.8917"
"5.8200","0.0960","2.8525"
"5.8400","0.0964","2.8283"
"5.8600","0.0967","2.8670"
"5.8800","0.0969","2.9957"
"5.9000","0.0971","2.9524"
"5.9200","0.0974","2.9631"
"5.9400","0.0977","3.0475"
"5.9600","0.0981","3.0265"
"5.9800","0.0984","2.9768"
"6.0000","0.0988","2.9653"
"6.0200","0.0992","2.9969"
"6.0400","0.0995","2.9017"
"6.0600","0.0998","2.9452"
"6.0800","0.1002","2.9831"
"6.1000","0.1005","2.9659"
"6.1200","0.1010","3.0107"
"6.1400","0.1014","3.0623"
"6.1600","0.1017","3.0634"
"6.1800","0.1020","3.1017"
"6.2000","0.1023","3.0989"
"6.2200","0.1025","3.1075"
"6.2400","0.1027","3.1208"
"6.2600","0.1031","3.0888"
"6.2800","0.1034","3.0858"
"6.3000","0.1038","3.1010"
"6.3200","0.1042","3.1422"
"6.3400","0.1046","3.2008"
"6.3600","0.1049","3.1888"
"6.3800","0.1051","3.1400"
"6.4000","0.1054","3.1194"
"6.4200","0.1057","3.1432"
"6.4400","0.1060","3.1180"
"6.4600","0.1064","3.1451"
"6.4800","0.1068","3.2270"
"6.5000","0.1073","3.2450"
"6.5200","0.1077","3.2509"
"6.5400","0.1080","3.3553"
"6.5600","0.1082","3.2974"
"6.5800","0.1085","3.2177"
"6.6000","0.1087","3.1643"
"6.6200","0.1090","3.2331"
"6.6400","0.1093","3.2912"
"6.6600","0.1097","3.3516"
"6.6800","0.1101","3.4067"
"6.7000","0.1104","3.3995"
"6.7200","0.1108","3.3512"
"6.7400","0.1111","3.3158"
"6.7600","0.1114","3.3646"
"6.7800","0.1117","3.3568"
"6.8000","0.1121","3.3764"
"6.8200","0.1126","3.4597"
"6.8400","0.1130","3.4030"
"6.8600","0.1133","3.3921"
"6.8800","0.1136","3.4154"
"6.9000","0.1138","3.5058"
"6.9200","0.1141","3.4955"
"6.9400","0.1144","3.4270"
"6.9600","0.1147","3.4905"
"6.9800","0.1150","3.4243"
"7.0000","0.1154","3.4299"
"7.0200","0.1158","3.4215"
"7.0400","0.1162","3.4273"
"7.0600","0.1165","3.4859"
"7.0800","0.1168","3.4984"
"7.1000","0.1171","3.5964"
"7.1200","0.1174","3.6232"
"7.1400","0.1177","3.5652"
"7.1600","0.1182","3.5855"
"7.1800","0.1187","3.5134"
"7.2000","0.1191","3.6042"
"7.2200","0.1194","3.6595"
"7.2400","0.1196","3.6879"
"7.2600","0.1199","3.6241"
"7.2800","0.1201","3.6060"
"7.3000","0.1204","3.6658"
"7.3200","0.1207","3.5701"
"7.3400","0.1211","3.4941"
"7.3600","0.1214","3.5514"
"7.3800","0.1218","3.6495"
"7.4000","0.1222","3.6809"
"7.4200","0.1225","3.6105"
"7.4400","0.1228","3.5855"
"7.4600","0.1231","3.6311"
"7.4800","0.1235","3.7043"
"7.5000","0.1239","3.6779"
"7.5200","0.1243","3.6215"
"7.5400","0.1246","3.6665"
"7.5600","0.1249","3.7332"
"7.5800","0.1252","3.7144"
"7.6000","0.1254","3.7324"
"7.6200","0.1257","3.7094"
"7.6400","0.1260","3.7226"
"7.6600","0.1263","3.8246"
"7.6800","0.1267","3.7525"
"7.7000","0.1271","3.7994"
"7.7200","0.1275","3.8272"
"7.7400","0.1278","3.7766"
"7.7600","0.1281","3.8025"
"7.7800","0.1284","3.8514"
"7.8000","0.1287","3.8076"
"7.8200","0.1290","3.7596"
"7.8400","0.1294","3.8534"
"7.8600","0.1299","3.9424"
"7.8800","0.1303","4.0275"
"7.9000","0.1307","3.9809"
"7.9200","0.1310","3.9222"
"7.9400","0.1313","3.8574"
"7.9600","0.1315","3.8848"
"7.9800","0.1317","3.9426"
"8.0000","0.1321","3.8823"
"8.0200","0.1324","3.7825"
"8.0400","0.1328","3.7983"
"8.0600","0.1331","3.8748"
"8.0800","0.1335","3.9340"
"8.1000","0.1338","4.0199"
"8.1200","0.1341","3.9773"
"8.1400","0.1344","3.9254"
"8.1600","0.1348","3.9956"
"8.1800","0.1352","4.0007"
"8.2000","0.1356","4.0607"
"8.2200","0.1359","4.1004"
"8.2400","0.1363","4.0321"
"8.2600","0.1365","4.0480"
"8.2800","0.1368","4.0509"
"8.3000","0.1370","4.1072"
"8.3200","0.1373","4.1153"
"8.3400","0.1376","4.1171"
"8.3600","0.1380","4.1255"
"8.3800","0.1384","4.1692"
"8.4000","0.1388","4.1779"
"8.4200","0.1391","4.1113"
"8.4400","0.1394","4.1104"
"8.4600","0.1397","4.1195"
"8.4800","0.1400","4.1202"
"8.5000","0.1403","4.0675"
"8.5200","0.1407","4.0817"
"8.5400","0.1411","4.1679"
"8.5600","0.1416","4.2586"
"8.5800","0.1420","4.2419"
"8.6000","0.1423","4.2249"
"8.6200","0.1426","4.2124"
"8.6400","0.1428","4.2080"
"8.6600","0.1430","4.2427"
"8.6800","0.1433","4.2212"
"8.7000","0.1437","4.1735"
"8.7200","0.1441","4.2073"
"8.7400","0.1445","4.3035"
"8.7600","0.1449","4.2978"
"8.7800","0.1452","4.3280"
"8.8000","0.1455","4.3668"
"8.8200","0.1458","4.3151"
"8.8400","0.1462","4.2444"
"8.8600","0.1466","4.2503"
"8.8800","0.1470","4.2301"
"8.9000","0.1474","4.2388"
"8.9200","0.1477","4.2694"
"8.9400","0.1480","4.1977"
"8.9600","0.1482","4.1434"
"8.9800","0.1485","4.1726"
"9.0000","0.1488","4.2212"
"9.0200","0.1491","4.2352"
"9.0400","0.1494","4.1672"
"9.0600","0.1498","4.2118"
"9.0800","0.1502","4.2661"
"9.1000","0.1505","4.3072"
"9.1200","0.1508","4.2689"
"9.1400","0.1511","4.1805"
"9.1600","0.1514","4.1447"
"9.1800","0.1517","4.1840"
"9.2000","0.1520","4.2291"
"9.2200","0.1525","4.3041"
"9.2400","0.1530","4.2797"
"9.2600","0.1534","4.2844"
"9.2800","0.1537","4.3773"
"9.3000","0.1540","4.3335"
"9.3200","0.1542","4.3242"
"9.3400","0.1544","4.2184"
"9.3600","0.1547","4.2153"
"9.3800","0.1550","4.3455"
"9.4000","0.1554","4.4554"
"9.4200","0.1558","4.3826"
"9.4400","0.1562","4.3573"
"9.4600","0.1565","4.2904"
"9.4800","0.1569","4.3434"
"9.5000","0.1572","4.3593"
"9.5200","0.1575","4.3336"
"9.5400","0.1578","4.4273"
"9.5600","0.1582","4.4561"
"9.5800","0.1586","4.4692"
"9.6000","0.1590","4.3591"
"9.6200","0.1593","4.3687"
"9.6400","0.1595","4.4390"
"9.6600","0.1598","4.4764"
"9.6800","0.1600","4.4759"
"9.7000","0.1603","4.4278"
"9.7200","0.1607","4.4830"
"9.7400","0.1610","4.5215"
"9.7600","0.1614","4.5067"
"9.7800","0.1618","4.5367"
"9.8000","0.1621","4.5835"
"9.8200","0.1624","4.5379"
"9.8400","0.1627","4.5103"
"9.8600","0.1630","4.5494"
"9.8800","0.1633","4.6623"
"9.9000","0.1637","4.6436"
"9.9200","0.1642","4.5934"
"9.9400","0.1647","4.6111"
"9.9600","0.1651","4.6753"
"9.9800","0.1654","4.7008"
"10.0000","0.1656","4.7167"
"10.0200","0.1658","4.6897"
"10.0400","0.1661","4.6351"
"10.0600","0.1663","4.6303"
"10.0800","0.1667","4.6656"
"10.1000","0.1671","4.6717"
"10.1200","0.1675","4.6582"
"10.1400","0.1679","4.6434"
"10.1600","0.1682","4.6849"
"10.1800","0.1685","4.7527"
"10.2000","0.1688","4.7945"
"10.2200","0.1691","4.7568"
"10.2400","0.1695","4.6714"
"10.2600","0.1699","4.6973"
"10.2800","0.1703","4.7404"
"10.3000","0.1706","4.7448"
"10.3200","0.1709","4.7318"
"10.3400","0.1712","4.7444"
"10.3600","0.1714","4.7918"
"10.3800","0.1717","4.7596"
"10.4000","0.1720","4.7828"
"10.4200","0.1723","4.7636"
"10.4400","0.1727","4.7280"
"10.4600","0.1731","4.8010"
"10.4800","0.1735","4.7219"
"10.5000","0.1738","4.6709"
"10.5200","0.1740","4.7593"
"10.5400","0.1743","4.8692"
"10.5600","0.1746","4.9498"
"10.5800","0.1750","4.8590"
"10.6000","0.1754","4.8468"
"10.6200","0.1759","4.8109"
"10.6400","0.1764","4.7921"
"10.6600","0.1768","4.7863"
"10.6800","0.1770","4.7903"
"10.7000","0.1772","4.7905"
"10.7200","0.1775","4.8403"
"10.7400","0.1777","4.8604"
"10.7600","0.1780","4.9198"
"10.7800","0.1784","4.8925"
"10.8000","0.1788","4.7865"
"10.8200","0.1792","4.8984"
"10.8400","0.1795","4.7936"
"10.8600","0.1798","4.8615"
"10.8800","0.1801","4.9391"
"10.9000","0.1805","4.8770"
"10.9200","0.1808","4.8803"
"10.9400","0.1812","4.8646"
"10.9600","0.1816","4.8735"
"10.9800","0.1820","4.8076"
"11.0000","0.1823","4.8362"
"11.0200","0.1825","4.8881"
"11.0400","0.1828","4.9608"
"11.0600","0.1831","4.9998"
"11.0800","0.1834","4.9404"
"11.1000","0.1837","4.9284"
"11.1200","0.1841","4.9366"
"11.1400","0.1845","4.9795"
"11.1600","0.1848","4.9743"
"11.1800","0.1851","4.9490"
"11.2000","0.1854","4.9181"
"11.2200","0.1857","4.9013"
"11.2400","0.1859","4.9002"
"11.2600","0.1863","4.9085"
"11.2800","0.1867","4.8782"
"11.3000","0.1871","4.8360"
"11.3200","0.1876","4.8908"
"11.3400","0.1880","4.9086"
"11.3600","0.1883","4.9399"
"11.3800","0.1885","4.9989"
"11.4000","0.1888","4.9309"
"11.4200","0.1890","4.9047"
"11.4400","0.1893","4.9536"
"11.4600","0.1896","4.8601"
"11.4800","0.1900","4.8250"
"11.5000","0.1904","4.8931"
"11.5200","0.1908","4.9504"
"11.5400","0.1911","4.9137"
"11.5600","0.1914","4.9392"
"11.5800","0.1917","4.9080"
"11.6000","0.1921","4.9594"
"11.6200","0.1925","5.0046"
"11.6400","0.1929","4.9253"
"11.6600","0.1934","4.9164"
"11.6800","0.1937","4.9086"
"11.7000","0.1940","5.0139"
"11.7200","0.1942","5.0603"
"11.7400","0.1945","5.1284"
"11.7600","0.1948","5.0879"
"11.7800","0.1951","4.9441"
"11.8000","0.1955","4.9060"
"11.8200","0.1959","4.9450"
"11.8400","0.1962","4.9533"
"11.8600","0.1966","4.9068"
"11.8800","0.1968","4.8867"
"11.9000","0.1971","4.9189"
"11.9200","0.1974","4.9582"
"11.9400","0.1977","4.9901"
"11.9600","0.1981","4.8961"
"11.9800","0.1985","4.9333"
"12.0000","0.1989","4.9684"
"12.0200","0.1994","5.0067"
"12.0400","0.1997","5.0605"
"12.0600","0.1999","5.1289"
"12.0800","0.2001","5.0444"
"12.1000","0.2004","5.0048"
"12.1200","0.2007","5.0025"
"12.1400","0.2010","5.0037"
"12.1600","0.2014","4.9733"
"12.1800","0.2018","5.0273"
"12.2000","0.2021","5.0108"
"12.2200","0.2025","5.0276"
"12.2400","0.2028","4.9850"
"12.2600","0.2031","4.9970"
"12.2800","0.2034","5.0192"
"12.3000","0.2038","5.0098"
"12.3200","0.2042","5.0556"
"12.3400","0.2047","5.0864"
"12.3600","0.2050","4.9922"
"12.3800","0.2053","5.0757"
"12.4000","0.2055","5.1404"
"12.4200","0.2058","5.0865"
"12.4400","0.2061","5.0169"
"12.4600","0.2064","4.9299"
"12.4800","0.2067","4.9113"
"12.5000","0.2071","5.0161"
"12.5200","0.2075","5.0943"
"12.5400","0.2078","5.0439"
"12.5600","0.2081","5.0457"
"12.5800","0.2084","5.0617"
"12.6000","0.2087","5.0691"
"12.6200","0.2090","5.0488"
"12.6400","0.2093","4.9887"
"12.6600","0.2097","4.9935"
"12.6800","0.2102","5.0188"
"12.7000","0.2107","5.0048"
"12.7200","0.2110","5.0605"
"12.7400","0.2113","5.1776"
"12.7600","0.2115","5.2010"
"12.7800","0.2118","5.1546"
"12.8000","0.2121","5.1113"
"12.8200","0.2124","5.1354"
"12.8400","0.2127","5.1121"
"12.8600","0.2131","5.0068"
"12.8800","0.2135","5.0796"
"12.9000","0.2138","5.1479"
"12.9200","0.2141","5.2167"
"12.9400","0.2144","5.1700"
"12.9600","0.2148","5.0851"
"12.9800","0.2151","5.1296"
"13.0000","0.2155","5.0991"
"13.0200","0.2160","5.1739"
"13.0400","0.2164","5.1735"
"13.0600","0.2167","5.0719"
"13.0800","0.2169","5.0131"
"13.1000","0.2172","5.0410"
"13.1200","0.2174","5.1460"
"13.1400","0.2177","5.1279"
"13.1600","0.2180","5.1028"
"13.1800","0.2184","5.0710"
"13.2000","0.2188","5.1464"
"13.2200","0.2192","5.1317"
"13.2400","0.2195","5.0933"
"13.2600","0.2198","5.0969"
"13.2800","0.2200","5.1292"
"13.3000","0.2203","5.0335"
"13.3200","0.2206","5.0454"
"13.3400","0.2210","5.0920"
"13.3600","0.2215","5.1596"
"13.3800","0.2220","5.1453"
"13.4000","0.2224","5.1508"
"13.4200","0.2227","5.1860"
"13.4400","0.2229","5.1287"
"13.4600","0.2232","5.1069"
"13.4800","0.2234","5.2057"
"13.5000","0.2237","5.1670"
"13.5200","0.2241","5.0901"
"13.5400","0.2244","5.0998"
"13.5600","0.2248","5.2013"
"13.5800","0.2252","5.1615"
"13.6000","0.2255","5.0697"
"13.6200","0.2258","5.0863"
"13.6400","0.2261","5.1074"
"13.6600","0.2264","5.1113"
"13.6800","0.2268","5.1258"
"13.7000","0.2272","5.1771"
"13.7200","0.2276","5.1988"
"13.7400","0.2280","5.1010"
"13.7600","0.2283","5.1391"
"13.7800","0.2285","5.2261"
"13.8000","0.2288","5.1443"
"13.8200","0.2291","5.0587"
"13.8400","0.2294","5.0402"
"13.8600","0.2297","5.0905"
"13.8800","0.2301","5.0853"
"13.9000","0.2305","5.0502"
"13.9200","0.2308","5.0687"
"13.9400","0.2311","5.1563"
"13.9600","0.2314","5.1930"
"13.9800","0.2317","5.1067"
"14.0000","0.2319","5.1509"
"14.0200","0.2323","5.1221"
"14.0400","0.2327","5.0128"
"14.0600","0.2332","5.1110"
"14.0800","0.2336","5.1834"
"14.1000","0.2340","5.1483"
"14.1200","0.2343","5.2103"
"14.1400","0.2345","5.1969"
"14.1600","0.2347","5.1296"
"14.1800","0.2350","5.0980"
"14.2000","0.2354","5.1358"
"14.2200","0.2357","5.0602"
"14.2400","0.2361","5.0559"
"14.2600","0.2365","5.1327"
"14.2800","0.2369","5.1416"
"14.3000","0.2372","5.1080"
"14.3200","0.2375","5.1175"
"14.3400","0.2378","5.0710"
"14.3600","0.2382","5.0937"
"14.3800","0.2386","5.1225"
"14.4000","0.2390","5.1761"
"14.4200","0.2394","5.2143"
"14.4400","0.2397","5.2677"
"14.4600","0.2399","5.2343"
"14.4800","0.2402","5.0774"
"14.5000","0.2404","5.0634"
"14.5200","0.2407","5.1577"
"14.5400","0.2411","5.2377"
"14.5600","0.2414","5.2282"
"14.5800","0.2418","5.1911"
"14.6000","0.2422","5.2058"
"14.6200","0.2425","5.2169"
"14.6400","0.2427","5.2024"
"14.6600","0.2430","5.2583"
"14.6800","0.2433","5.2148"
"14.7000","0.2436","5.1198"
"14.7200","0.2440","5.1022"
"14.7400","0.2444","5.2021"
"14.7600","0.2449","5.2429"
"14.7800","0.2453","5.1592"
"14.8000","0.2456","5.0895"
"14.8200","0.2459","5.1596"
"14.8400","0.2461","5.1683"
"14.8600","0.2464","5.1439"
"14.8800","0.2467","5.1019"
"14.9000","0.2470","5.1130"
"14.9200","0.2474","5.1160"
"14.9400","0.2478","5.1594"
"14.9600","0.2482","5.1354"
"14.9800","0.2485","5.1194"
"15.0000","0.2488","5.0758"
"15.0200","0.2491","5.0086"
"15.0400","0.2495","5.0712"
"15.0600","0.2498","5.0806"
"15.0800","0.2503","5.1362"
"15.1000","0.2507","5.2150"
"15.1200","0.2510","5.3132"
"15.1400","0.2513","5.2095"
"15.1600","0.2515","5.1481"
"15.1800","0.2518","5.1842"
"15.2000","0.2521","5.1905"
"15.2200","0.2524","5.1354"
"15.2400","0.2527","5.1048"
"15.2600","0.2531","5.0647"
"15.2800","0.2535","5.1500"
"15.3000","0.2539","5.2026"
"15.3200","0.2541","5.1839"
"15.3400","0.2544","5.2083"
"15.3600","0.2547","5.2892"
"15.3800","0.2550","5.2522"
"15.4000","0.2553","5.1706"
"15.4200","0.2557","5.2240"
"15.4400","0.2562","5.2746"
"15.4600","0.2567","5.2370"
"15.4800","0.2570","5.2487"
"15.5000","0.2573","5.2127"
"15.5200","0.2575","5.1863"
"15.5400","0.2577","5.1975"
"15.5600","0.2580","5.1355"
"15.5800","0.2583","5.0610"
"15.6000","0.2587","5.0474"
"15.6200","0.2591","5.0908"
"15.6400","0.2595","5.1007"
"15.6600","0.2598","5.0282"
"15.6800","0.2601","5.0879"
"15.7000","0.2604","5.1769"
"15.7200","0.2608","5.1903"
"15.7400","0.2611","5.1644"
"15.7600","0.2616","5.1206"
"15.7800","0.2620","5.1543"
"15.8000","0.2623","5.1453"
"15.8200","0.2626","5.1752"
"15.8400","0.2629","5.1473"
"15.8600","0.2631","5.1329"
"15.8800","0.2634","5.2087"
"15.9000","0.2637","5.2275"
"15.9200","0.2640","5.0956"
"15.9400","0.2644","5.0961"
"15.9600","0.2648","5.1325"
"15.9800","0.2652","5.1314"
"16.0000","0.2655","5.1100"
"16.0200","0.2658","5.2297"
"16.0400","0.2661","5.2187"
"16.0600","0.2664","5.1467"
"16.0800","0.2667","5.1231"
"16.1000","0.2671","5.1106"
"16.1200","0.2675","5.0697"
"16.1400","0.2680","5.0552"
"16.1600","0.2684","5.0748"
"16.1800","0.2687","5.0487"
"16.2000","0.2689","5.0798"
"16.2200","0.2691","5.0835"
"16.2400","0.2694","5.0979"
"16.2600","0.2697","5.1467"
"16.2800","0.2700","4.9993"
"16.3000","0.2704","5.0409"
"16.3200","0.2708","5.1476"
"16.3400","0.2711","5.1156"
"16.3600","0.2715","5.0736"
"16.3800","0.2718","5.0639"
"16.4000","0.2721","5.0561"
"16.4200","0.2724","5.0840"
"16.4400","0.2728","5.1862"
"16.4600","0.2733","5.1907"
"16.4800","0.2737","5.1917"
"16.5000","0.2740","5.1592"
"16.5200","0.2743","5.0819"
"16.5400","0.2745","5.0328"
"16.5600","0.2748","5.1196"
"16.5800","0.2750","5.1402"
"16.6000","0.2754","5.1587"
"16.6200","0.2757","5.1813"
"16.6400","0.2761","5.2351"
"16.6600","0.2765","5.2386"
"16.6800","0.2769","5.1823"
"16.7000","0.2772","5.1819"
"16.7200","0.2774","5.1694"
"16.7400","0.2777","5.2111"
"16.7600","0.2780","5.3112"
"16.7800","0.2784","5.2631"
"16.8000","0.2788","5.1742"
"16.8200","0.2793","5.0905"
"16.8400","0.2797","5.0476"
"16.8600","0.2800","5.1637"
"16.8800","0.2803","5.2367"
"16.9000","0.2805","5.2413"
"16.9200","0.2808","5.2742"
"16.9400","0.2810","5.2235"
"16.9600","0.2814","5.1664"
"16.9800","0.2817","5.1481"
"17.0000","0.2821","5.2211"
"17.0200","0.2825","5.2554"
"17.0400","0.2828","5.2845"
"17.0600","0.2832","5.2575"
"17.0800","0.2835","5.2375"
"17.1000","0.2838","5.2133"
"17.1200","0.2842","5.2449"
"17.1400","0.2846","5.2612"
"17.1600","0.2850","5.3014"
"17.1800","0.2854","5.3142"
"17.2000","0.2856","5.3961"
"17.2200","0.2859","5.3515"
"17.2400","0.2861","5.2864"
"17.2600","0.2864","5.3322"
"17.2800","0.2867","5.3702"
"17.3000","0.2871","5.4784"
"17.3200","0.2874","5.3673"
"17.3400","0.2878","5.3594"
"17.3600","0.2882","5.2904"
"17.3800","0.2885","5.2740"
"17.4000","0.2888","5.3418"
"17.4200","0.2891","5.3414"
"17.4400","0.2894","5.3386"
"17.4600","0.2897","5.3480"
"17.4800","0.2901","5.4241"
"17.5000","0.2906","5.4047"
"17.5200","0.2911","5.4617"
"17.5400","0.2914","5.4938"
"17.5600","0.2917","5.4561"
"17.5800","0.2919","5.4035"
"17.6000","0.2921","5.3757"
"17.6200","0.2924","5.4310"
"17.6400","0.2927","5.4188"
"17.6600","0.2930","5.5015"
"17.6800","0.2934","5.4554"
"17.7000","0.2938","5.3098"
"17.7200","0.2941","5.3380"
"17.7400","0.2944","5.4359"
"17.7600","0.2947","5.3581"
"17.7800","0.2950","5.3552"
"17.8000","0.2954","5.4784"
"17.8200","0.2958","5.5017"
"17.8400","0.2962","5.5165"
"17.8600","0.2966","5.5635"
"17.8800","0.2970","5.5983"
"17.9000","0.2972","5.4885"
"17.9200","0.2975","5.5097"
"17.9400","0.2977","5.5212"
"17.9600","0.2980","5.5394"
"17.9800","0.2983","5.6607"
"18.0000","0.2987","5.6224"
"18.0200","0.2991","5.6344"
"18.0400","0.2994","5.6058"
"18.0600","0.2998","5.5525"
"18.0800","0.3001","5.5971"
"18.1000","0.3004","5.5868"
"18.1200","0.3006","5.6148"
"18.1400","0.3009","5.6116"
"18.1600","0.3013","5.6565"
"18.1800","0.3018","5.7538"
"18.2000","0.3022","5.7484"
"18.2200","0.3027","5.5781"
"18.2400","0.3030","5.5362"
"18.2600","0.3033","5.6372"
"18.2800","0.3035","5.6847"
"18.3000","0.3037","5.6762"
"18.3200","0.3040","5.6390"
"18.3400","0.3043","5.6644"
"18.3600","0.3047","5.7219"
"18.3800","0.3051","5.7129"
"18.4000","0.3055","5.7127"
"18.4200","0.3058","5.7258"
"18.4400","0.3061","5.6843"
"18.4600","0.3064","5.7220"
"18.4800","0.3068","5.7071"
"18.5000","0.3072","5.8095"
"18.5200","0.3076","5.7299"
"18.5400","0.3080","5.6984"
"18.5600","0.3084","5.7155"
"18.5800","0.3086","5.7575"
"18.6000","0.3089","5.8452"
"18.6200","0.3091","5.8866"
"18.6400","0.3094","5.7992"
"18.6600","0.3097","5.7742"
"18.6800","0.3100","5.8679"
"18.7000","0.3104","5.9726"
"18.7200","0.3108","5.9916"
"18.7400","0.3112","5.9126"
"18.7600","0.3115","5.8334"
"18.7800","0.3117","5.8626"
"18.8000","0.3120","5.8976"
"18.8200","0.3123","5.9464"
"18.8400","0.3126","5.9354"
"18.8600","0.3131","5.9185"
"18.8800","0.3135","5.9368"
"18.9000","0.3140","5.9489"
"18.9200","0.3144","5.8968"
"18.9400","0.3147","5.9188"
"18.9600","0.3149","5.9012"
"18.9800","0.3151","5.8867"
"19.0000","0.3154","5.8233"
"19.0200","0.3157","5.8444"
"19.0400","0.3160","5.9404"
"19.0600","0.3164","5.9849"
"19.0800","0.3168","6.0553"
"19.1000","0.3171","6.0054"
"19.1200","0.3174","5.9914"
"19.1400","0.3177","5.9497"
"19.1600","0.3181","6.0265"
"19.1800","0.3184","6.0626"
"19.2000","0.3189","6.0984"
"19.2200","0.3193","6.0481"
"19.2400","0.3197","5.9512"
"19.2600","0.3200","5.9624"
"19.2800","0.3202","5.9395"
"19.3000","0.3205","6.0084"
"19.3200","0.3207","6.1002"
"19.3400","0.3210","6.1156"
"19.3600","0.3214","6.1333"
"19.3800","0.3217","6.0777"
"19.4000","0.3221","6.0376"
"19.4200","0.3225","6.0632"
"19.4400","0.3228","6.0174"
"19.4600","0.3231","6.0038"
"19.4800","0.3234","6.0519"
"19.5000","0.3237","6.1153"
"19.5200","0.3240","6.1911"
"19.5400","0.3243","6.1638"
"19.5600","0.3248","6.1998"
"19.5800","0.3253","6.2143"
"19.6000","0.3257","6.1530"
"19.6200","0.3261","6.0896"
"19.6400","0.3263","6.0827"
"19.6600","0.3265","6.1834"
"19.6800","0.3268","6.2542"
"19.7000","0.3270","6.2189"
"19.7200","0.3274","6.2068"
"19.7400","0.3277","6.1269"
"19.7600","0.3281","6.1280"
"19.7800","0.3285","6.1964"
"19.8000","0.3288","6.2483"
"19.8200","0.3292","6.3278"
"19.8400","0.3295","6.3329"
"19.8600","0.3298","6.3381"
"19.8800","0.3302","6.2529"
"19.9000","0.3306","6.2481"
"19.9200","0.3310","6.2565"
"19.9400","0.3313","6.3114"
"19.9600","0.3316","6.3149"
"19.9800","0.3319","6.2812"
"20.0000","0.3321","6.2604"
"20.0200","0.3324","6.3409"
"20.0400","0.3327","6.3587"
"20.0600","0.3330","6.3854"
"20.0800","0.3334","6.3648"
"20.1000","0.3338","6.3505"
"20.1200","0.3342","6.3403"
"20.1400","0.3345","6.3609"
"20.1600","0.3348","6.3752"
"20.1800","0.3350","6.4064"
"20.2000","0.3353","6.3769"
"20.2200","0.3357","6.3958"
"20.2400","0.3361","6.3941"
"20.2600","0.3366","6.3304"
"20.2800","0.3370","6.3424"
"20.3000","0.3374","6.3884"
"20.3200","0.3377","6.3655"
"20.3400","0.3380","6.3776"
"20.3600","0.3382","6.3849"
"20.3800","0.3384","6.3699"
"20.4000","0.3387","6.3553"
"20.4200","0.3391","6.2833"
"20.4400","0.3394","6.3715"
"20.4600","0.3398","6.4364"
"20.4800","0.3401","6.4820"
"20.5000","0.3405","6.4105"
"20.5200","0.3408","6.4135"
"20.5400","0.3411","6.4968"
"20.5600","0.3415","6.5364"
"20.5800","0.3419","6.5030"
"20.6000","0.3423","6.4947"
"20.6200","0.3427","6.4769"
"20.6400","0.3430","6.4854"
"20.6600","0.3433","6.5598"
"20.6800","0.3435","6.5532"
"20.7000","0.3437","6.4070"
"20.7200","0.3440","6.4351"
"20.7400","0.3444","6.5286"
"20.7600","0.3447","6.5339"
"20.7800","0.3451","6.5133"
"20.8000","0.3455","6.5286"
"20.8200","0.3459","6.5939"
"20.8400","0.3461","6.6544"
"20.8600","0.3464","6.6877"
"20.8800","0.3467","6.6549"
"20.9000","0.3470","6.6476"
"20.9200","0.3474","6.5321"
"20.9400","0.3478","6.5144"
"20.9600","0.3483","6.5732"
"20.9800","0.3487","6.6372"
"21.0000","0.3490","6.6156"
"21.0200","0.3493","6.6163"
"21.0400","0.3495","6.6829"
"21.0600","0.3497","6.6749"
"21.0800","0.3500","6.6613"
"21.1000","0.3504","6.6357"
"21.1200","0.3507","6.5865"
"21.1400","0.3511","6.5937"
"21.1600","0.3515","6.5723"
"21.1800","0.3518","6.5646"
"21.2000","0.3521","6.6597"
"21.2200","0.3524","6.6962"
"21.2400","0.3528","6.6330"
"21.2600","0.3532","6.6627"
"21.2800","0.3536","6.6769"
"21.3000","0.3540","6.7507"
"21.3200","0.3543","6.7523"
"21.3400","0.3546","6.7332"
"21.3600","0.3548","6.7107"
"21.3800","0.3551","6.7598"
"21.4000","0.3554","6.8314"
"21.4200","0.3557","6.7777"
"21.4400","0.3560","6.7653"
"21.4600","0.3564","6.8266"
"21.4800","0.3568","6.8702"
"21.5000","0.3572","6.8108"
"21.5200","0.3575","6.7717"
"21.5400","0.3578","6.8361"
"21.5600","0.3580","6.8093"
"21.5800","0.3583","6.7891"
"21.6000","0.3587","6.8388"
"21.6200","0.3591","6.8421"
"21.6400","0.3596","6.9386"
"21.6600","0.3600","6.9997"
"21.6800","0.3604","6.9358"
"21.7000","0.3606","6.9643"
"21.7200","0.3609","6.8882"
"21.7400","0.3611","6.8706"
"21.7600","0.3614","6.8942"
"21.7800","0.3617","6.8752"
"21.8000","0.3620","6.8544"
"21.8200","0.3624","6.9004"
"21.8400","0.3628","6.9745"
"21.8600","0.3632","6.9668"
"21.8800","0.3635","6.9426"
"21.9000","0.3638","7.0251"
"21.9200","0.3641","6.9817"
"21.9400","0.3645","7.0153"
"21.9600","0.3649","7.0126"
"21.9800","0.3653","7.0422"
"22.0000","0.3656","7.0951"
"22.0200","0.3659","7.0814"
"22.0400","0.3662","6.9929"
"22.0600","0.3665","6.9415"
"22.0800","0.3667","7.0318"
"22.1000","0.3670","7.1134"
"22.1200","0.3673","7.0646"
"22.1400","0.3677","7.0319"
"22.1600","0.3681","7.0854"
"22.1800","0.3685","7.0453"
"22.2000","0.3688","7.0438"
"22.2200","0.3691","7.0605"
"22.2400","0.3694","7.0489"
"22.2600","0.3697","7.1063"
"22.2800","0.3700","7.0457"
"22.3000","0.3704","7.0942"
"22.3200","0.3708","7.1383"
"22.3400","0.3713","7.1241"
"22.3600","0.3717","7.0244"
"22.3800","0.3720","7.0594"
"22.4000","0.3723","7.0908"
"22.4200","0.3725","6.9783"
"22.4400","0.3728","7.0316"
"22.4600","0.3731","7.0923"
"22.4800","0.3734","7.1145"
"22.5000","0.3738","7.1255"
"22.5200","0.3741","7.1541"
"22.5400","0.3745","7.2087"
"22.5600","0.3748","7.1361"
"22.5800","0.3751","7.1555"
"22.6000","0.3755","7.1673"
"22.6200","0.3758","7.2432"
"22.6400","0.3762","7.2369"
"22.6600","0.3766","7.2362"
"22.6800","0.3770","7.2010"
"22.7000","0.3773","7.1825"
"22.7200","0.3776","7.2499"
"22.7400","0.3778","7.2316"
"22.7600","0.3781","7.1578"
"22.7800","0.3783","7.2048"
"22.8000","0.3786","7.2260"
"22.8200","0.3790","7.2355"
"22.8400","0.3794","7.2646"
"22.8600","0.3798","7.2737"
"22.8800","0.3801","7.2803"
"22.9000","0.3805","7.3360"
"22.9200","0.3807","7.3223"
"22.9400","0.3810","7.2173"
"22.9600","0.3813","7.1831"
"22.9800","0.3817","7.2573"
"23.0000","0.3821","7.2618"
"23.0200","0.3826","7.3334"
"23.0400","0.3831","7.3524"
"23.0600","0.3834","7.3193"
"23.0800","0.3836","7.2764"
"23.1000","0.3839","7.3501"
"23.1200","0.3841","7.2984"
"23.1400","0.3844","7.2367"
"23.1600","0.3847","7.2195"
"23.1800","0.3851","7.3373"
"23.2000","0.3855","7.4561"
"23.2200","0.3859","7.4442"
"23.2400","0.3862","7.3979"
"23.2600","0.3865","7.4807"
"23.2800","0.3868","7.4256"
"23.3000","0.3872","7.4426"
"23.3200","0.3875","7.5120"
"23.3400","0.3879","7.5412"
"23.3600","0.3883","7.5063"
"23.3800","0.3887","7.4367"
"23.4000","0.3890","7.4415"
"23.4200","0.3893","7.4842"
"23.4400","0.3895","7.5226"
"23.4600","0.3898","7.5098"
"23.4800","0.3901","7.4730"
"23.5000","0.3904","7.4381"
"23.5200","0.3908","7.5051"
"23.5400","0.3912","7.5433"
"23.5600","0.3915","7.5782"
"23.5800","0.3918","7.6363"
"23.6000","0.3921","7.5516"
"23.6200","0.3924","7.5609"
"23.6400","0.3927","7.6566"
"23.6600","0.3930","7.6727"
"23.6800","0.3934","7.6753"
"23.7000","0.3939","7.6647"
"23.7200","0.3944","7.6135"
"23.7400","0.3947","7.6303"
"23.7600","0.3950","7.6839"
"23.7800","0.3952","7.6956"
"23.8000","0.3954","7.6629"
"23.8200","0.3957","7.6130"
"23.8400","0.3960","7.6533"
"23.8600","0.3963","7.6994"
"23.8800","0.3967","7.6752"
"23.9000","0.3971","7.6767"
"23.9200","0.3975","7.7202"
"23.9400","0.3979","7.7193"
"23.9600","0.3982","7.7022"
"23.9800","0.3985","7.6643"
"24.0000","0.3988","7.7296"
"24.0200","0.3992","7.7617"
"24.0400","0.3996","7.7370"
"24.0600","0.3999","7.7273"
"24.0800","0.4002","7.7122"
"24.1000","0.4005","7.6747"
"24.1200","0.4007","7.7268"
"24.1400","0.4010","7.7127"
"24.1600","0.4013","7.7459"
"24.1800","0.4016","7.7679"
"24.2000","0.4019","7.8078"
"24.2200","0.4023","7.8151"
"24.2400","0.4027","7.8207"
"24.2600","0.4031","7.7487"
"24.2800","0.4034","7.7385"
"24.3000","0.4036","7.7687"
"24.3200","0.4039","7.8543"
"24.3400","0.4042","7.8417"
"24.3600","0.4046","7.8458"
"24.3800","0.4051","7.8162"
"24.4000","0.4055","7.8595"
"24.4200","0.4060","7.7981"
"24.4400","0.4064","7.8190"
"24.4600","0.4066","7.8720"
"24.4800","0.4069","7.8289"
"24.5000","0.4071","7.8691"
"24.5200","0.4074","7.9356"
"24.5400","0.4077","7.9369"
"24.5600","0.4081","7.9487"
"24.5800","0.4086","7.8685"
"24.6000","0.4090","7.8979"
"24.6200","0.4093","7.9293"
"24.6400","0.4096","7.9479"
"24.6600","0.4099","7.9324"
"24.6800","0.4102","8.0483"
"24.7000","0.4106","8.0659"
"24.7200","0.4110","8.0373"
"24.7400","0.4114","7.9774"
"24.7600","0.4117","7.9179"
"24.7800","0.4120","8.0156"
"24.8000","0.4122","8.0575"
"24.8200","0.4125","8.0263"
"24.8400","0.4127","8.0176"
"24.8600","0.4130","8.0423"
"24.8800","0.4134","7.9689"
"24.9000","0.4137","7.9783"
"24.9200","0.4141","8.0449"
"24.9400","0.4145","8.0812"
"24.9600","0.4148","8.1170"
"24.9800","0.4151","8.1144"
"25.0000","0.4153","8.1186"
"25.0200","0.4156","8.1292"
"25.0400","0.4160","8.1034"
"25.0600","0.4164","8.0968"
"25.0800","0.4169","8.1683"
"25.1000","0.4174","8.1760"
"25.1200","0.4178","8.1694"
"25.1400","0.4180","8.2008"
"25.1600","0.4183","8.1345"
"25.1800","0.4185","8.1126"
"25.2000","0.4187","8.1767"
"25.2200","0.4190","8.2362"
"25.2400","0.4194","8.1555"
"25.2600","0.4198","8.1951"
"25.2800","0.4202","8.2780"
"25.3000","0.4205","8.3134"
"25.3200","0.4208","8.3273"
"25.3400","0.4212","8.3211"
"25.3600","0.4215","8.2696"
"25.3800","0.4218","8.2138"
"25.4000","0.4222","8.2054"
"25.4200","0.4226","8.2478"
"25.4400","0.4230","8.3225"
"25.4600","0.4233","8.3747"
"25.4800","0.4236","8.4194"
"25.5000","0.4238","8.4018"
"25.5200","0.4241","8.3350"
"25.5400","0.4244","8.3411"
"25.5600","0.4247","8.3360"
"25.5800","0.4251","8.3859"
"25.6000","0.4255","8.4206"
"25.6200","0.4258","8.3666"
"25.6400","0.4261","8.3881"
"25.6600","0.4264","8.4098"
"25.6800","0.4267","8.3904"
"25.7000","0.4270","8.4311"
"25.7200","0.4273","8.3726"
"25.7400","0.4277","8.3658"
"25.7600","0.4281","8.4109"
"25.7800","0.4286","8.5273"
"25.8000","0.4290","8.5241"
"25.8200","0.4294","8.4879"
"25.8400","0.4296","8.5518"
"25.8600","0.4298","8.5618"
"25.8800","0.4301","8.4484"
"25.9000","0.4304","8.4940"
"25.9200","0.4307","8.4792"
"25.9400","0.4311","8.4785"
"25.9600","0.4315","8.5515"
"25.9800","0.4318","8.5094"
"26.0000","0.4322","8.5153"
"26.0200","0.4325","8.5675"
"26.0400","0.4328","8.5859"
"26.0600","0.4331","8.6566"
"26.0800","0.4335","8.5953"
"26.1000","0.4339","8.6342"
"26.1200","0.4343","8.5919"
"26.1400","0.4347","8.5653"
"26.1600","0.4349","8.6143"
"26.1800","0.4352","8.6728"
"26.2000","0.4354","8.7275"
"26.2200","0.4357","8.6370"
"26.2400","0.4360","8.6506"
"26.2600","0.4364","8.7001"
"26.2800","0.4367","8.6904"
"26.3000","0.4371","8.6864"
"26.3200","0.4375","8.6849"
"26.3400","0.4378","8.6047"
"26.3600","0.4380","8.6247"
"26.3800","0.4383","8.6297"
"26.4000","0.4386","8.7342"
"26.4200","0.4390","8.8164"
"26.4400","0.4394","8.8456"
"26.4600","0.4399","8.7817"
"26.4800","0.4403","8.6871"
"26.5000","0.4407","8.6350"
"26.5200","0.4409","8.6923"
"26.5400","0.4412","8.8564"
"26.5600","0.4414","8.8021"
"26.5800","0.4417","8.6780"
"26.6000","0.4420","8.7262"
"26.6200","0.4424","8.7946"
"26.6400","0.4428","8.8665"
"26.6600","0.4431","8.8941"
"26.6800","0.4435","8.8061"
"26.7000","0.4438","8.8042"
"26.7200","0.4441","8.8506"
"26.7400","0.4444","8.9213"
"26.7600","0.4448","8.9354"
"26.7800","0.4452","8.9458"
"26.8000","0.4456","9.0030"
"26.8200","0.4460","8.9044"
"26.8400","0.4463","8.8897"
"26.8600","0.4466","8.9407"
"26.8800","0.4468","8.9605"
"26.9000","0.4471","8.9898"
"26.9200","0.4474","8.9870"
"26.9400","0.4477","8.9760"
"26.9600","0.4481","8.9618"
"26.9800","0.4485","8.9005"
"27.0000","0.4488","8.9648"
"27.0200","0.4492","9.0086"
"27.0400","0.4494","8.9952"
"27.0600","0.4497","8.9858"
"27.0800","0.4500","9.0327"
"27.1000","0.4503","9.0678"
"27.1200","0.4507","9.0425"
"27.1400","0.4512","9.0191"
"27.1600","0.4517","8.9430"
"27.1800","0.4521","8.9746"
"27.2000","0.4524","8.9659"
"27.2200","0.4526","9.0133"
"27.2400","0.4528","9.0565"
"27.2600","0.4531","9.1160"
"27.2800","0.4534","9.1259"
"27.3000","0.4538","9.1884"
"27.3200","0.4541","9.1626"
"27.3400","0.4545","9.1791"
"27.3600","0.4548","9.1840"
"27.3800","0.4552","9.2889"
"27.4000","0.4555","9.2645"
"27.4200","0.4558","9.2250"
"27.4400","0.4561","9.2301"
"27.4600","0.4565","9.2275"
"27.4800","0.4569","9.2070"
"27.5000","0.4573","9.2314"
"27.5200","0.4577","9.3025"
"27.5400","0.4580","9.2739"
"27.5600","0.4582","9.3018"
"27.5800","0.4584","9.3279"
"27.6000","0.4587","9.2568"
"27.6200","0.4590","9.1734"
"27.6400","0.4594","9.1840"
"27.6600","0.4598","9.3132"
"27.6800","0.4601","9.3596"
"27.7000","0.4605","9.3234"
"27.7200","0.4608","9.2759"
"27.7400","0.4610","9.3474"
"27.7600","0.4613","9.3922"
"27.7800","0.4616","9.3913"
"27.8000","0.4620","9.3701"
"27.8200","0.4624","9.3097"
"27.8400","0.4629","9.3130"
"27.8600","0.4633","9.3668"
"27.8800","0.4637","9.3399"
"27.9000","0.4640","9.3459"
"27.9200","0.4642","9.4573"
"27.9400","0.4644","9.4462"
"27.9600","0.4647","9.4774"
"27.9800","0.4651","9.4376"
"28.0000","0.4654","9.5433"
"28.0200","0.4658","9.5479"
"28.0400","0.4662","9.4806"
"28.0600","0.4665","9.5303"
"28.0800","0.4668","9.5632"
"28.1000","0.4671","9.5636"
"28.1200","0.4675","9.5435"
"28.1400","0.4678","9.5128"
"28.1600","0.4682","9.5219"
"28.1800","0.4686","9.5214"
"28.2000","0.4690","9.5473"
"28.2200","0.4693","9.5581"
"28.2400","0.4696","9.5513"
"28.2600","0.4698","9.5247"
"28.2800","0.4701","9.5608"
"28.3000","0.4704","9.5537"
"28.3200","0.4707","9.6221"
"28.3400","0.4711","9.5622"
"28.3600","0.4715","9.5405"
"28.3800","0.4719","9.6366"
"28.4000","0.4722","9.6633"
"28.4200","0.4724","9.7118"
"28.4400","0.4727","9.6702"
"28.4600","0.4730","9.6063"
"28.4800","0.4733","9.6345"
"28.5000","0.4737","9.6560"
"28.5200","0.4741","9.6473"
"28.5400","0.4746","9.7419"
"28.5600","0.4750","9.6584"
"28.5800","0.4753","9.7251"
"28.6000","0.4755","9.7184"
"28.6200","0.4758","9.8031"
"28.6400","0.4760","9.7649"
"28.6600","0.4764","9.8076"
"28.6800","0.4767","9.7653"
"28.7000","0.4771","9.8149"
"28.7200","0.4775","9.7557"
"28.7400","0.4778","9.7818"
"28.7600","0.4782","9.7966"
"28.7800","0.4785","9.7603"
"28.8000","0.4788","9.6656"
"28.8200","0.4791","9.7361"
"28.8400","0.4795","9.8544"
"28.8600","0.4799","9.8727"
"28.8800","0.4803","9.8062"
"28.9000","0.4807","9.8417"
"28.9200","0.4809","9.9166"
"28.9400","0.4812","9.8556"
"28.9600","0.4814","9.8875"
"28.9800","0.4817","9.9273"
"29.0000","0.4821","9.9951"
"29.0200","0.4824","9.9460"
"29.0400","0.4828","9.9658"
"29.0600","0.4832","10.0365"
"29.0800","0.4835","9.9365"
"29.1000","0.4838","9.9132"
"29.1200","0.4841","10.0547"
"29.1400","0.4843","9.9980"
"29.1600","0.4846","9.9413"
"29.1800","0.4850","9.8919"
"29.2000","0.4854","9.9694"
"29.2200","0.4859","9.9891"
"29.2400","0.4863","10.1094"
"29.2600","0.4867","10.0446"
"29.2800","0.4869","10.0346"
"29.3000","0.4871","10.0598"
"29.3200","0.4874","10.0452"
"29.3400","0.4877","9.9966"
"29.3600","0.4880","10.0907"
"29.3800","0.4884","10.0932"
"29.4000","0.4888","10.1061"
"29.4200","0.4891","10.0909"
"29.4400","0.4895","10.0258"
"29.4600","0.4898","10.0410"
"29.4800","0.4901","10.1024"
"29.5000","0.4904","10.1264"
"29.5200","0.4908","10.1123"
"29.5400","0.4912","10.1473"
"29.5600","0.4916","10.0802"
"29.5800","0.4920","10.0737"
"29.6000","0.4923","10.1106"
"29.6200","0.4925","10.1725"
"29.6400","0.4928","10.1507"
"29.6600","0.4931","10.1438"
"29.6800","0.4934","10.2240"
"29.7000","0.4937","10.2258"
"29.7200","0.4941","10.1539"
"29.7400","0.4945","10.2052"
"29.7600","0.4949","10.2808"
"29.7800","0.4952","10.2423"
"29.8000","0.4954","10.2007"
"29.8200","0.4957","10.2087"
"29.8400","0.4960","10.2847"
"29.8600","0.4963","10.2758"
"29.8800","0.4967","10.2877"
"29.9000","0.4972","10.2919"
"29.9200","0.4976","10.2838"
"29.9400","0.4980","10.3249"
"29.9600","0.4983","10.3405"
"29.9800","0.4985","10.3344"
"30.0000","0.4988","10.3317"
"30.0200","0.4990","10.2650"
"30.0400","0.4993","10.2907"
"30.0600","0.4997","10.3373"
"30.0800","0.5001","10.4094"
"30.1000","0.5005","10.4634"
"30.1200","0.5009","10.4485"
"30.1400","0.5012","10.4707"
"30.1600","0.5015","10.5183"
"30.1800","0.5018","10.4416"
"30.2000","0.5022","10.4041"
"30.2200","0.5026","10.3922"
"30.2400","0.5030","10.4341"
"30.2600","0.5033","10.5614"
"30.2800","0.5037","10.5317"
"30.3000","0.5039","10.4973"
"30.3200","0.5042","10.4554"
"30.3400","0.5044","10.4034"
"30.3600","0.5047","10.4812"
"30.3800","0.5050","10.5164"
"30.4000","0.5054","10.5351"
"30.4200","0.5058","10.5258"
"30.4400","0.5062","10.5421"
"30.4600","0.5065","10.5445"
"30.4800","0.5068","10.5727"
"30.5000","0.5071","10.5788"
"30.5200","0.5074","10.6317"
"30.5400","0.5077","10.6485"
"30.5600","0.5080","10.6191"
"30.5800","0.5085","10.6016"
"30.6000","0.5089","10.6444"
"30.6200","0.5094","10.6504"
"30.6400","0.5097","10.6975"
"30.6600","0.5100","10.6924"
"30.6800","0.5102","10.6296"
"30.7000","0.5104","10.7110"
"30.7200","0.5107","10.6651"
"30.7400","0.5110","10.6685"
"30.7600","0.5114","10.7251"
"30.7800","0.5118","10.7023"
"30.8000","0.5122","10.6635"
"30.8200","0.5125","10.6013"
"30.8400","0.5128","10.6683"
"30.8600","0.5131","10.7410"
"30.8800","0.5135","10.7161"
"30.9000","0.5139","10.7209"
"30.9200","0.5143","10.8266"
"30.9400","0.5147","10.9063"
"30.9600","0.5150","10.8895"
"30.9800","0.5153","10.8176"
"31.0000","0.5155","10.7815"
"31.0200","0.5158","10.8694"
"31.0400","0.5161","10.8561"
"31.0600","0.5164","10.8335"
"31.0800","0.5167","10.8314"
"31.1000","0.5171","10.7699"
"31.1200","0.5175","10.7734"
"31.1400","0.5179","10.7505"
"31.1600","0.5182","10.7156"
"31.1800","0.5185","10.7478"
"31.2000","0.5187","10.8000"
"31.2200","0.5190","10.8922"
"31.2400","0.5194","10.9326"
"31.2600","0.5198","10.9053"
"31.2800","0.5203","10.9412"
"31.3000","0.5207","10.9216"
"31.3200","0.5210","10.8813"
"31.3400","0.5213","10.8384"
"31.3600","0.5215","10.8523"
"31.3800","0.5218","10.8946"
"31.4000","0.5220","10.9333"
"31.4200","0.5224","10.9860"
"31.4400","0.5227","10.9995"
"31.4600","0.5231","10.9659"
"31.4800","0.5235","11.0019"
"31.5000","0.5238","11.0180"
"31.5200","0.5241","10.9374"
"31.5400","0.5245","10.9293"
"31.5600","0.5248","11.0740"
"31.5800","0.5252","11.1289"
"31.6000","0.5256","11.0588"
"31.6200","0.5260","11.0643"
"31.6400","0.5263","11.0315"
"31.6600","0.5266","11.0634"
"31.6800","0.5269","11.0588"
"31.7000","0.5271","11.0989"
"31.7200","0.5274","11.0977"
"31.7400","0.5277","11.0349"
"31.7600","0.5280","10.9858"
"31.7800","0.5284","11.0870"
"31.8000","0.5288","11.1418"
"31.8200","0.5292","11.1836"
"31.8400","0.5295","11.1383"
"31.8600","0.5298","11.1957"
"31.8800","0.5300","11.1915"
"31.9000","0.5303","11.2115"
"31.9200","0.5307","11.2711"
"31.9400","0.5311","11.2462"
"31.9600","0.5315","11.1833"
"31.9800","0.5320","11.0716"
"32.0000","0.5324","11.1075"
"32.0200","0.5327","11.1982"
"32.0400","0.5329","11.2068"
"32.0600","0.5331","11.1824"
"32.0800","0.5334","11.1781"
"32.1000","0.5337","11.1267"
"32.1200","0.5340","11.1798"
"32.1400","0.5344","11.2750"
"32.1600","0.5347","11.3021"
"32.1800","0.5351","11.2845"
"32.2000","0.5354","11.2998"
"32.2200","0.5357","11.1883"
"32.2400","0.5360","11.1768"
"32.2600","0.5364","11.2170"
"32.2800","0.5368","11.2787"
"32.3000","0.5372","11.3071"
"32.3200","0.5376","11.2944"
"32.3400","0.5380","11.3766"
"32.3600","0.5383","11.3780"
"32.3800","0.5385","11.3046"
"32.4000","0.5388","11.3912"
"32.4200","0.5390","11.4326"
"32.4400","0.5393","11.4059"
"32.4600","0.5397","11.3935"
"32.4800","0.5401","11.3749"
"32.5000","0.5405","11.3449"
"32.5200","0.5408","11.3316"
"32.5400","0.5411","11.3633"
"32.5600","0.5414","11.4039"
"32.5800","0.5417","11.4402"
"32.6000","0.5420","11.4538"
"32.6200","0.5423","11.4367"
"32.6400","0.5428","11.5126"
"32.6600","0.5432","11.4889"
"32.6800","0.5437","11.3992"
"32.7000","0.5441","11.3886"
"32.7200","0.5443","11.5433"
"32.7400","0.5446","11.6012"
"32.7600","0.5448","11.5757"
"32.7800","0.5451","11.5298"
"32.8000","0.5454","11.5944"
"32.8200","0.5457","11.5557"
"32.8400","0.5461","11.5989"
"32.8600","0.5465","11.5608"
"32.8800","0.5468","11.5420"
"32.9000","0.5471","11.5897"
"32.9200","0.5474","11.6271"
"32.9400","0.5478","11.6104"
"32.9600","0.5481","11.6121"
"32.9800","0.5486","11.6207"
"33.0000","0.5490","11.6603"
"33.0200","0.5494","11.6345"
"33.0400","0.5497","11.5981"
"33.0600","0.5499","11.6172"
"33.0800","0.5501","11.6913"
"33.1000","0.5504","11.7954"
"33.1200","0.5507","11.7879"
"33.1400","0.5510","11.7311"
"33.1600","0.5514","11.6972"
"33.1800","0.5518","11.6954"
"33.2000","0.5522","11.6321"
"33.2200","0.5525","11.6412"
"33.2400","0.5528","11.6678"
"33.2600","0.5530","11.7285"
"33.2800","0.5533","11.7667"
"33.3000","0.5537","11.7748"
"33.3200","0.5541","11.7887"
"33.3400","0.5545","11.7909"
"33.3600","0.5550","11.7387"
"33.3800","0.5554","11.7440"
"33.4000","0.5557","11.8069"
"33.4200","0.5559","11.8429"
"33.4400","0.5561","11.8551"
"33.4600","0.5564","11.8972"
"33.4800","0.5567","11.8725"
"33.5000","0.5570","11.9399"
"33.5200","0.5574","11.9468"
"33.5400","0.5578","11.9034"
"33.5600","0.5581","11.9116"
"33.5800","0.5585","11.9275"
"33.6000","0.5588","12.0166"
"33.6200","0.5591","11.9984"
"33.6400","0.5594","11.9726"
"33.6600","0.5598","11.9383"
"33.6800","0.5603","11.8945"
"33.7000","0.5607","11.8162"
"33.7200","0.5610","11.8512"
"33.7400","0.5613","11.9154"
"33.7600","0.5615","12.0038"
"33.7800","0.5618","12.0463"
"33.8000","0.5620","12.0325"
"33.8200","0.5623","12.0641"
"33.8400","0.5627","12.0488"
"33.8600","0.5631","12.0628"
"33.8800","0.5635","12.0196"
"33.9000","0.5638","11.9736"
"33.9200","0.5641","12.0012"
"33.9400","0.5644","11.9828"
"33.9600","0.5647","12.0934"
"33.9800","0.5650","12.2112"
"34.0000","0.5653","12.2303"
"34.0200","0.5658","12.2038"
"34.0400","0.5662","12.1489"
"34.0600","0.5667","12.0673"
"34.0800","0.5671","11.9741"
"34.1000","0.5673","12.0378"
"34.1200","0.5676","12.1260"
"34.1400","0.5678","12.2001"
"34.1600","0.5680","12.1959"
"34.1800","0.5683","12.2031"
"34.2000","0.5687","12.2107"
"34.2200","0.5691","12.2656"
"34.2400","0.5695","12.2581"
"34.2600","0.5698","12.2457"
"34.2800","0.5701","12.2512"
"34.3000","0.5704","12.2652"
"34.3200","0.5708","12.3294"
"34.3400","0.5712","12.3783"
"34.3600","0.5716","12.4096"
"34.3800","0.5720","12.3488"
"34.4000","0.5724","12.2750"
"34.4200","0.5726","12.3066"
"34.4400","0.5729","12.3418"
"34.4600","0.5731","12.3227"
"34.4800","0.5734","12.3215"
"34.5000","0.5737","12.2757"
"34.5200","0.5740","12.2191"
"34.5400","0.5744","12.3341"
"34.5600","0.5748","12.4340"
"34.5800","0.5752","12.4526"
"34.6000","0.5755","12.4130"
"34.6200","0.5758","12.4087"
"34.6400","0.5761","12.3347"
"34.6600","0.5763","12.3603"
"34.6800","0.5767","12.3961"
"34.7000","0.5771","12.3890"
"34.7200","0.5775","12.3782"
"34.7400","0.5780","12.4363"
"34.7600","0.5784","12.4948"
"34.7800","0.5787","12.4780"
"34.8000","0.5790","12.4546"
"34.8200","0.5792","12.5296"
"34.8400","0.5794","12.5376"
"34.8600","0.5797","12.5318"
"34.8800","0.5800","12.5862"
"34.9000","0.5804","12.5561"
"34.9200","0.5808","12.5784"
"34.9400","0.5811","12.4748"
"34.9600","0.5815","12.5073"
"34.9800","0.5818","12.6345"
"35.0000","0.5821","12.6057"
"35.0200","0.5824","12.6321"
"35.0400","0.5828","12.6677"
"35.0600","0.5833","12.6509"
"35.0800","0.5837","12.6623"
"35.1000","0.5840","12.6499"
"35.1200","0.5843","12.6387"
"35.1400","0.5845","12.6589"
"35.1600","0.5847","12.6750"
"35.1800","0.5850","12.6319"
"35.2000","0.5853","12.6360"
"35.2200","0.5857","12.7605"
"35.2400","0.5861","12.7433"
"35.2600","0.5865","12.7635"
"35.2800","0.5868","12.8107"
"35.3000","0.5871","12.7938"
"35.3200","0.5874","12.7395"
"35.3400","0.5877","12.6905"
"35.3600","0.5880","12.7063"
"35.3800","0.5883","12.7928"
"35.4000","0.5888","12.8778"
"35.4200","0.5892","12.8294"
"35.4400","0.5897","12.8115"
"35.4600","0.5900","12.7998"
"35.4800","0.5903","12.8301"
"35.5000","0.5905","12.8499"
"35.5200","0.5908","12.8562"
"35.5400","0.5910","12.9166"
"35.5600","0.5914","12.8131"
"35.5800","0.5917","12.8035"
"35.6000","0.5921","12.8516"
"35.6200","0.5925","12.9672"
"35.6400","0.5928","12.9479"
"35.6600","0.5932","12.8619"
"35.6800","0.5935","12.8657"
"35.7000","0.5938","12.9677"
"35.7200","0.5942","12.9719"
"35.7400","0.5946","12.9802"
"35.7600","0.5950","12.9406"
"35.7800","0.5954","12.9287"
"35.8000","0.5956","12.9564"
"35.8200","0.5959","12.9937"
"35.8400","0.5961","12.9710"
"35.8600","0.5964","12.9711"
"35.8800","0.5967","12.9522"
"35.9000","0.5970","12.9611"
"35.9200","0.5974","12.9584"
"35.9400","0.5978","12.9385"
"35.9600","0.5982","12.9472"
"35.9800","0.5985","13.0270"
"36.0000","0.5988","13.1504"
"36.0200","0.5990","13.0497"
"36.0400","0.5993","13.0489"
"36.0600","0.5997","13.1274"
"36.0800","0.6001","13.1621"
"36.1000","0.6005","13.1853"
"36.1200","0.6010","13.1745"
"36.1400","0.6014","13.1114"
"36.1600","0.6016","13.0878"
"36.1800","0.6019","13.0655"
"36.2000","0.6021","13.0889"
"36.2200","0.6024","13.1533"
"36.2400","0.6027","13.1641"
"36.2600","0.6030","13.1692"
"36.2800","0.6034","13.1301"
"36.3000","0.6038","13.1452"
"36.3200","0.6042","13.1901"
"36.3400","0.6045","13.2371"
"36.3600","0.6048","13.2463"
"36.3800","0.6051","13.2492"
"36.4000","0.6055","13.1914"
"36.4200","0.6059","13.2514"
"36.4400","0.6063","13.2223"
"36.4600","0.6067","13.2181"
"36.4800","0.6070","13.2169"
"36.5000","0.6072","13.2578"
"36.5200","0.6075","13.3232"
"36.5400","0.6077","13.3328"
"36.5600","0.6080","13.2310"
"36.5800","0.6083","13.2735"
"36.6000","0.6087","13.3099"
"36.6200","0.6091","13.2904"
"36.6400","0.6095","13.2694"
"36.6600","0.6098","13.3947"
"36.6800","0.6101","13.4635"
"36.7000","0.6104","13.4442"
"36.7200","0.6107","13.3108"
"36.7400","0.6110","13.3301"
"36.7600","0.6114","13.3271"
"36.7800","0.6118","13.2828"
"36.8000","0.6123","13.4115"
"36.8200","0.6127","13.5148"
"36.8400","0.6130","13.4397"
"36.8600","0.6133","13.3669"
"36.8800","0.6135","13.3195"
"36.9000","0.6138","13.3558"
"36.9200","0.6140","13.4249"
"36.9400","0.6144","13.4684"
"36.9600","0.6147","13.4843"
"36.9800","0.6151","13.4980"
"37.0000","0.6155","13.5343"
"37.0200","0.6158","13.5200"
"37.0400","0.6161","13.5365"
"37.0600","0.6165","13.4877"
"37.0800","0.6168","13.5134"
"37.1000","0.6172","13.4996"
"37.1200","0.6176","13.5122"
"37.1400","0.6180","13.5742"
"37.1600","0.6183","13.5387"
"37.1800","0.6186","13.6061"
"37.2000","0.6188","13.6776"
"37.2200","0.6191","13.6981"
"37.2400","0.6193","13.6439"
"37.2600","0.6196","13.6185"
"37.2800","0.6200","13.6038"
"37.3000","0.6204","13.6634"
"37.3200","0.6208","13.5953"
"37.3400","0.6211","13.6985"
"37.3600","0.6215","13.7113"
"37.3800","0.6217","13.7010"
"37.4000","0.6220","13.7642"
"37.4200","0.6223","13.6060"
"37.4400","0.6227","13.6716"
"37.4600","0.6231","13.7439"
"37.4800","0.6236","13.7747"
"37.5000","0.6240","13.7834"
"37.5200","0.6244","13.7523"
"37.5400","0.6247","13.7222"
"37.5600","0.6249","13.7558"
"37.5800","0.6251","13.7591"
"37.6000","0.6254","13.8153"
"37.6200","0.6257","13.8570"
"37.6400","0.6261","13.8293"
"37.6600","0.6264","13.8758"
"37.6800","0.6268","13.8974"
"37.7000","0.6272","13.8416"
"37.7200","0.6275","13.8713"
"37.7400","0.6278","13.8205"
"37.7600","0.6281","13.7623"
"37.7800","0.6285","13.8211"
"37.8000","0.6289","13.8124"
"37.8200","0.6293","13.8434"
"37.8400","0.6296","13.9178"
"37.8600","0.6300","13.9834"
"37.8800","0.6302","13.9962"
"37.9000","0.6305","13.9914"
"37.9200","0.6307","13.9689"
"37.9400","0.6310","13.9955"
"37.9600","0.6314","13.9853"
"37.9800","0.6317","13.9966"
"38.0000","0.6321","14.0071"
"38.0200","0.6325","13.9781"
"38.0400","0.6328","14.0360"
"38.0600","0.6331","14.1467"
"38.0800","0.6334","14.0775"
"38.1000","0.6337","13.9978"
"38.1200","0.6340","13.9543"
"38.1400","0.6344","13.9712"
"38.1600","0.6349","13.9982"
"38.1800","0.6354","14.0290"
"38.2000","0.6358","14.0655"
"38.2200","0.6361","14.0736"
"38.2400","0.6363","14.0705"
"38.2600","0.6365","14.1345"
"38.2800","0.6367","14.1541"
"38.3000","0.6370","14.1589"
"38.3200","0.6374","14.1176"
"38.3400","0.6378","14.1295"
"38.3600","0.6381","14.1157"
"38.3800","0.6385","14.1683"
"38.4000","0.6389","14.1660"
"38.4200","0.6392","14.2550"
"38.4400","0.6395","14.2667"
"38.4600","0.6398","14.2894"
"38.4800","0.6402","14.2696"
"38.5000","0.6406","14.2196"
"38.5200","0.6410","14.3028"
"38.5400","0.6413","14.3734"
"38.5600","0.6416","14.4202"
"38.5800","0.6418","14.3342"
"38.6000","0.6421","14.2787"
"38.6200","0.6423","14.2843"
"38.6400","0.6427","14.3165"
"38.6600","0.6430","14.2753"
"38.6800","0.6434","14.2527"
"38.7000","0.6438","14.2823"
"38.7200","0.6442","14.2761"
"38.7400","0.6445","14.3535"
"38.7600","0.6447","14.3903"
"38.7800","0.6450","14.4377"
"38.8000","0.6453","14.3596"
"38.8200","0.6457","14.3389"
"38.8400","0.6461","14.3471"
"38.8600","0.6466","14.3756"
"38.8800","0.6471","14.3964"
"38.9000","0.6474","14.4095"
"38.9200","0.6477","14.3893"
"38.9400","0.6479","14.3638"
"38.9600","0.6481","14.3186"
"38.9800","0.6484","14.4265"
"39.0000","0.6487","14.5328"
"39.0200","0.6491","14.5729"
"39.0400","0.6495","14.5626"
"39.0600","0.6499","14.5428"
"39.0800","0.6502","14.6093"
"39.1000","0.6506","14.5963"
"39.1200","0.6509","14.4333"
"39.1400","0.6512","14.4847"
"39.1600","0.6515","14.5701"
"39.1800","0.6519","14.5731"
"39.2000","0.6523","14.5785"
"39.2200","0.6526","14.5609"
"39.2400","0.6529","14.5261"
"39.2600","0.6532","14.5593"
"39.2800","0.6535","14.5577"
"39.3000","0.6537","14.6378"
"39.3200","0.6540","14.6397"
"39.3400","0.6543","14.5653"
"39.3600","0.6547","14.5449"
"39.3800","0.6551","14.5512"
"39.4000","0.6555","14.6005"
"39.4200","0.6558","14.6882"
"39.4400","0.6561","14.6615"
"39.4600","0.6563","14.6183"
"39.4800","0.6566","14.6523"
"39.5000","0.6570","14.6495"
"39.5200","0.6574","14.7584"
"39.5400","0.6579","14.7946"
"39.5600","0.6583","14.7915"
"39.5800","0.6588","14.7708"
"39.6000","0.6591","14.7091"
"39.6200","0.6593","14.6746"
"39.6400","0.6595","14.7100"
"39.6600","0.6597","14.7461"
"39.6800","0.6600","14.7167"
"39.7000","0.6604","14.7177"
"39.7200","0.6608","14.8204"
"39.7400","0.6611","14.8254"
"39.7600","0.6615","14.7406"
"39.7800","0.6618","14.8156"
"39.8000","0.6622","14.8329"
"39.8200","0.6625","14.8811"
"39.8400","0.6628","14.9021"
"39.8600","0.6632","14.8932"
"39.8800","0.6636","14.9325"
"39.9000","0.6639","14.9064"
"39.9200","0.6643","14.9301"
"39.9400","0.6646","14.9877"
"39.9600","0.6648","14.9512"
"39.9800","0.6651","14.9505"
"40.0000","0.6654","15.0067"
"40.0200","0.6657","15.0293"
"40.0400","0.6660","15.0328"
"40.0600","0.6664","14.9773"
"40.0800","0.6668","14.8716"
"40.1000","0.6671","14.9386"
"40.1200","0.6674","14.9885"
"40.1400","0.6677","14.9905"
"40.1600","0.6680","14.9877"
"40.1800","0.6683","15.0045"
"40.2000","0.6687","14.9681"
"40.2200","0.6691","15.0247"
"40.2400","0.6696","15.0967"
"40.2600","0.6700","15.1478"
"40.2800","0.6704","15.0325"
"40.3000","0.6706","15.0247"
"40.3200","0.6708","15.0844"
"40.3400","0.6711","15.0871"
"40.3600","0.6714","15.0348"
"40.3800","0.6717","15.1029"
"40.4000","0.6720","15.2749"
"40.4200","0.6724","15.3184"
"40.4400","0.6728","15.2518"
"40.4600","0.6731","15.1431"
"40.4800","0.6735","15.1594"
"40.5000","0.6738","15.1423"
"40.5200","0.6741","15.1565"
"40.5400","0.6745","15.1862"
"40.5600","0.6749","15.1092"
"40.5800","0.6753","15.1685"
"40.6000","0.6756","15.2431"
"40.6200","0.6760","15.1784"
"40.6400","0.6762","15.1842"
"40.6600","0.6765","15.1559"
"40.6800","0.6767","15.2617"
"40.7000","0.6770","15.2524"
"40.7200","0.6774","15.2178"
"40.7400","0.6777","15.2829"
"40.7600","0.6781","15.3632"
"40.7800","0.6785","15.3513"
"40.8000","0.6788","15.2875"
"40.8200","0.6791","15.3155"
"40.8400","0.6793","15.4402"
"40.8600","0.6796","15.3861"
"40.8800","0.6800","15.2698"
"40.9000","0.6804","15.2946"
"40.9200","0.6809","15.2784"
"40.9400","0.6813","15.3138"
"40.9600","0.6817","15.3387"
"40.9800","0.6820","15.3621"
"41.0000","0.6822","15.4130"
"41.0200","0.6825","15.4476"
"41.0400","0.6827","15.4222"
"41.0600","0.6830","15.4181"
"41.0800","0.6834","15.4681"
"41.1000","0.6838","15.4688"
"41.1200","0.6842","15.4414"
"41.1400","0.6845","15.4408"
"41.1600","0.6848","15.4008"
"41.1800","0.6851","15.4704"
"41.2000","0.6855","15.4975"
"41.2200","0.6858","15.4868"
"41.2400","0.6862","15.5722"
"41.2600","0.6867","15.5556"
"41.2800","0.6870","15.4478"
"41.3000","0.6873","15.4323"
"41.3200","0.6876","15.5054"
"41.3400","0.6878","15.5129"
"41.3600","0.6881","15.5255"
"41.3800","0.6884","15.5652"
"41.4000","0.6887","15.5876"
"41.4200","0.6891","15.6311"
"41.4400","0.6895","15.6609"
"41.4600","0.6898","15.6445"
"41.4800","0.6902","15.5805"
"41.5000","0.6904","15.6194"
"41.5200","0.6907","15.6412"
"41.5400","0.6910","15.6412"
"41.5600","0.6913","15.7393"
"41.5800","0.6917","15.7355"
"41.6000","0.6921","15.6773"
"41.6200","0.6926","15.7020"
"41.6400","0.6930","15.7064"
"41.6600","0.6933","15.7824"
"41.6800","0.6936","15.7517"
"41.7000","0.6938","15.7374"
"41.7200","0.6941","15.7383"
"41.7400","0.6944","15.7950"
"41.7600","0.6947","15.7790"
"41.7800","0.6951","15.8007"
"41.8000","0.6955","15.8395"
"41.8200","0.6958","15.7880"
"41.8400","0.6962","15.7805"
"41.8600","0.6965","15.7899"
"41.8800","0.6968","15.7826"
"41.9000","0.6971","15.8129"
"41.9200","0.6975","15.8978"
"41.9400","0.6979","15.8930"
"41.9600","0.6983","15.8944"
"41.9800","0.6987","15.9660"
"42.0000","0.6990","15.8881"
"42.0200","0.6992","15.9144"
"42.0400","0.6995","15.9930"
"42.0600","0.6997","15.9098"
"42.0800","0.7000","15.8931"
"42.1000","0.7004","15.9319"
"42.1200","0.7007","15.8766"
"42.1400","0.7011","15.8907"
"42.1600","0.7015","15.9790"
"42.1800","0.7018","16.0307"
"42.2000","0.7020","16.0123"
"42.2200","0.7023","15.8989"
"42.2400","0.7026","15.8568"
"42.2600","0.7030","15.9980"
"42.2800","0.7034","16.0722"
"42.3000","0.7039","16.0850"
"42.3200","0.7043","16.0769"
"42.3400","0.7047","16.0284"
"42.3600","0.7050","16.0264"
"42.3800","0.7052","16.0716"
"42.4000","0.7055","16.1008"
"42.4200","0.7057","16.1173"
"42.4400","0.7061","16.1643"
"42.4600","0.7064","16.1593"
"42.4800","0.7068","16.1521"
"42.5000","0.7072","16.0511"
"42.5200","0.7075","16.0694"
"42.5400","0.7078","16.1660"
"42.5600","0.7081","16.1493"
"42.5800","0.7084","16.1245"
"42.6000","0.7088","16.1571"
"42.6200","0.7092","16.1999"
"42.6400","0.7096","16.2026"
"42.6600","0.7100","16.2272"
"42.6800","0.7103","16.2028"
"42.7000","0.7106","16.1895"
"42.7200","0.7108","16.2633"
"42.7400","0.7111","16.3124"
"42.7600","0.7114","16.2703"
"42.7800","0.7117","16.2957"
"42.8000","0.7121","16.3592"
"42.8200","0.7125","16.3437"
"42.8400","0.7129","16.2679"
"42.8600","0.7132","16.2621"
"42.8800","0.7134","16.3668"
"42.9000","0.7137","16.4485"
"42.9200","0.7140","16.4077"
"42.9400","0.7143","16.3554"
"42.9600","0.7147","16.4104"
"42.9800","0.7151","16.3703"
"43.0000","0.7156","16.3977"
"43.0200","0.7160","16.3666"
"43.0400","0.7163","16.3411"
"43.0600","0.7165","16.2245"
"43.0800","0.7168","16.2579"
"43.1000","0.7170","16.2919"
"43.1200","0.7173","16.3580"
"43.1400","0.7177","16.4144"
"43.1600","0.7181","16.4236"
"43.1800","0.7185","16.4267"
"43.2000","0.7188","16.5530"
"43.2200","0.7192","16.5395"
"43.2400","0.7195","16.4752"
"43.2600","0.7198","16.4917"
"43.2800","0.7201","16.5746"
"43.3000","0.7205","16.5268"
"43.3200","0.7209","16.5608"
"43.3400","0.7213","16.5485"
"43.3600","0.7217","16.5881"
"43.3800","0.7220","16.5945"
"43.4000","0.7222","16.5100"
"43.4200","0.7225","16.5836"
"43.4400","0.7227","16.5616"
"43.4600","0.7231","16.5607"
"43.4800","0.7234","16.6517"
"43.5000","0.7238","16.6671"
"43.5200","0.7242","16.6514"
"43.5400","0.7245","16.6644"
"43.5600","0.7248","16.6808"
"43.5800","0.7251","16.7090"
"43.6000","0.7253","16.6551"
"43.6200","0.7256","16.6679"
"43.6400","0.7260","16.7504"
"43.6600","0.7264","16.7139"
"43.6800","0.7269","16.7368"
"43.7000","0.7273","16.6319"
"43.7200","0.7277","16.6356"
"43.7400","0.7279","16.6660"
"43.7600","0.7282","16.7012"
"43.7800","0.7284","16.8108"
"43.8000","0.7287","16.8255"
"43.8200","0.7290","16.7485"
"43.8400","0.7294","16.7136"
"43.8600","0.7298","16.7873"
"43.8800","0.7302","16.7849"
"43.9000","0.7305","16.8313"
"43.9200","0.7308","16.8438"
"43.9400","0.7311","16.8497"
"43.9600","0.7314","16.8025"
"43.9800","0.7318","16.8189"
"44.0000","0.7322","16.7727"
"44.0200","0.7326","16.7753"
"44.0400","0.7330","16.8408"
"44.0600","0.7333","16.8601"
"44.0800","0.7336","16.8384"
"44.1000","0.7338","16.8945"
"44.1200","0.7341","16.9373"
"44.1400","0.7344","16.9315"
"44.1600","0.7347","16.8689"
"44.1800","0.7351","16.8338"
"44.2000","0.7355","16.9084"
"44.2200","0.7359","16.9495"
"44.2400","0.7362","16.9062"
"44.2600","0.7364","16.8977"
"44.2800","0.7367","16.9062"
"44.3000","0.7370","16.9700"
"44.3200","0.7373","17.0278"
"44.3400","0.7377","17.0537"
"44.3600","0.7381","17.0654"
"44.3800","0.7386","17.0736"
"44.4000","0.7390","17.0770"
"44.4200","0.7393","17.0789"
"44.4400","0.7396","17.1105"
"44.4600","0.7398","17.1698"
"44.4800","0.7401","17.1571"
"44.5000","0.7404","17.1070"
"44.5200","0.7407","17.0950"
"44.5400","0.7411","17.0747"
"44.5600","0.7415","17.0327"
"44.5800","0.7418","17.0162"
"44.6000","0.7422","17.0235"
"44.6200","0.7425","17.1254"
"44.6400","0.7428","17.1802"
"44.6600","0.7431","17.1747"
"44.6800","0.7435","17.1773"
"44.7000","0.7439","17.2076"
"44.7200","0.7443","17.2592"
"44.7400","0.7447","17.2241"
"44.7600","0.7449","17.2136"
"44.7800","0.7452","17.1882"
"44.8000","0.7454","17.1729"
"44.8200","0.7457","17.1854"
"44.8400","0.7460","17.2006"
"44.8600","0.7464","17.1969"
"44.8800","0.7468","17.2084"
"44.9000","0.7472","17.2163"
"44.9200","0.7475","17.2904"
"44.9400","0.7478","17.3485"
"44.9600","0.7481","17.3604"
"44.9800","0.7484","17.3182"
"45.0000","0.7487","17.3357"
"45.0200","0.7490","17.2863"
"45.0400","0.7495","17.2832"
"45.0600","0.7499","17.3510"
"45.0800","0.7504","17.3547"
"45.1000","0.7507","17.3322"
"45.1200","0.7510","17.3997"
"45.1400","0.7512","17.4504"
"45.1600","0.7514","17.4509"
"45.1800","0.7517","17.4391"
"45.2000","0.7520","17.4346"
"45.2200","0.7524","17.3978"
"45.2400","0.7528","17.4307"
"45.2600","0.7532","17.3845"
"45.2800","0.7535","17.3461"
"45.3000","0.7538","17.4582"
"45.3200","0.7541","17.5417"
"45.3400","0.7544","17.5901"
"45.3600","0.7548","17.5537"
"45.3800","0.7552","17.5246"
"45.4000","0.7557","17.5775"
"45.4200","0.7560","17.5896"
"45.4400","0.7563","17.5565"
"45.4600","0.7565","17.4738"
"45.4800","0.7568","17.5481"
"45.5000","0.7571","17.5310"
"45.5200","0.7574","17.5365"
"45.5400","0.7577","17.6178"
"45.5600","0.7581","17.6000"
"45.5800","0.7585","17.5577"
"45.6000","0.7589","17.5643"
"45.6200","0.7592","17.6022"
"45.6400","0.7595","17.6124"
"45.6600","0.7597","17.6114"
"45.6800","0.7600","17.6284"
"45.7000","0.7603","17.6431"
"45.7200","0.7607","17.6715"
"45.7400","0.7612","17.6449"
"45.7600","0.7616","17.6707"
"45.7800","0.7620","17.6759"
"45.8000","0.7623","17.6597"
"45.8200","0.7625","17.7294"
"45.8400","0.7628","17.6573"
"45.8600","0.7630","17.6138"
"45.8800","0.7633","17.7153"
"45.9000","0.7637","17.8087"
"45.9200","0.7641","17.7834"
"45.9400","0.7645","17.8243"
"45.9600","0.7648","17.7809"
"45.9800","0.7651","17.7775"
"46.0000","0.7654","17.7922"
"46.0200","0.7658","17.7750"
"46.0400","0.7661","17.7924"
"46.0600","0.7665","17.7821"
"46.0800","0.7669","17.8428"
"46.1000","0.7673","17.8208"
"46.1200","0.7677","17.7804"
"46.1400","0.7679","17.8268"
"46.1600","0.7682","17.8157"
"46.1800","0.7684","17.8269"
"46.2000","0.7687","17.8639"
"46.2200","0.7690","17.8985"
"46.2400","0.7694","17.9354"
"46.2600","0.7698","17.8673"
"46.2800","0.7702","17.8635"
"46.3000","0.7705","17.9977"
"46.3200","0.7708","17.9759"
"46.3400","0.7711","18.0053"
"46.3600","0.7713","18.0001"
"46.3800","0.7717","17.9354"
"46.4000","0.7721","17.8717"
"46.4200","0.7725","17.7991"
"46.4400","0.7730","17.8657"
"46.4600","0.7734","17.9828"
"46.4800","0.7737","18.0819"
"46.5000","0.7740","18.0266"
"46.5200","0.7742","17.9719"
"46.5400","0.7744","18.0132"
"46.5600","0.7747","18.0248"
"46.5800","0.7750","18.0803"
"46.6000","0.7754","18.1172"
"46.6200","0.7757","18.1007"
"46.6400","0.7761","18.1160"
"46.6600","0.7764","18.1504"
"46.6800","0.7767","18.0787"
"46.7000","0.7771","18.0308"
"46.7200","0.7774","18.1181"
"46.7400","0.7778","18.1704"
"46.7600","0.7782","18.2620"
"46.7800","0.7787","18.2727"
"46.8000","0.7790","18.1673"
"46.8200","0.7793","18.1074"
"46.8400","0.7796","18.1847"
"46.8600","0.7798","18.1778"
"46.8800","0.7801","18.1327"
"46.9000","0.7804","18.1639"
"46.9200","0.7807","18.2243"
"46.9400","0.7811","18.2549"
"46.9600","0.7815","18.2531"
"46.9800","0.7818","18.2790"
"47.0000","0.7822","18.2458"
"47.0200","0.7824","18.1943"
"47.0400","0.7827","18.1804"
"47.0600","0.7830","18.2170"
"47.0800","0.7833","18.3246"
"47.1000","0.7838","18.3319"
"47.1200","0.7842","18.3894"
"47.1400","0.7847","18.4784"
"47.1600","0.7851","18.4825"
"47.1800","0.7854","18.3763"
"47.2000","0.7856","18.3305"
"47.2200","0.7858","18.3049"
"47.2400","0.7861","18.4055"
"47.2600","0.7864","18.4710"
"47.2800","0.7867","18.4917"
"47.3000","0.7871","18.4286"
"47.3200","0.7875","18.4111"
"47.3400","0.7878","18.4385"
"47.3600","0.7882","18.5379"
"47.3800","0.7885","18.5044"
"47.4000","0.7888","18.4950"
"47.4200","0.7892","18.4237"
"47.4400","0.7896","18.4288"
"47.4600","0.7900","18.4590"
"47.4800","0.7904","18.4689"
"47.5000","0.7907","18.4459"
"47.5200","0.7909","18.4807"
"47.5400","0.7912","18.4856"
"47.5600","0.7914","18.5673"
"47.5800","0.7917","18.6203"
"47.6000","0.7920","18.5870"
"47.6200","0.7924","18.5449"
"47.6400","0.7928","18.6167"
"47.6600","0.7931","18.5884"
"47.6800","0.7935","18.5317"
"47.7000","0.7938","18.4925"
"47.7200","0.7940","18.4387"
"47.7400","0.7943","18.4895"
"47.7600","0.7946","18.6063"
"47.7800","0.7950","18.7359"
"47.8000","0.7954","18.6707"
"47.8200","0.7959","18.6207"
"47.8400","0.7964","18.5991"
"47.8600","0.7967","18.6666"
"47.8800","0.7969","18.6844"
"47.9000","0.7971","18.7886"
"47.9200","0.7974","18.8155"
"47.9400","0.7977","18.7497"
"47.9600","0.7980","18.6096"
"47.9800","0.7983","18.5944"
"48.0000","0.7987","18.6808"
"48.0200","0.7991","18.7375"
"48.0400","0.7994","18.8046"
"48.0600","0.7997","18.7723"
"48.0800","0.8000","18.8673"
"48.1000","0.8004","18.9089"
"48.1200","0.8007","18.8486"
"48.1400","0.8012","18.8559"
"48.1600","0.8016","18.8642"
"48.1800","0.8019","18.8100"
"48.2000","0.8022","18.8200"
"48.2200","0.8025","18.7949"
"48.2400","0.8027","18.8296"
"48.2600","0.8030","18.8866"
"48.2800","0.8033","18.8710"
"48.3000","0.8037","18.8300"
"48.3200","0.8041","18.8835"
"48.3400","0.8045","18.9750"
"48.3600","0.8048","19.0625"
"48.3800","0.8052","19.0472"
"48.4000","0.8054","18.8993"
"48.4200","0.8057","18.9273"
"48.4400","0.8060","18.9729"
"48.4600","0.8064","18.9738"
"48.4800","0.8068","18.9365"
"48.5000","0.8073","19.0268"
"48.5200","0.8077","18.9998"
"48.5400","0.8081","19.0778"
"48.5600","0.8084","19.0942"
"48.5800","0.8086","19.1214"
"48.6000","0.8088","19.0396"
"48.6200","0.8091","19.0006"
"48.6400","0.8094","18.9648"
"48.6600","0.8097","18.9687"
"48.6800","0.8101","19.0940"
"48.7000","0.8105","19.0855"
"48.7200","0.8109","19.0497"
"48.7400","0.8112","19.1291"
"48.7600","0.8115","19.1399"
"48.7800","0.8118","19.1559"
"48.8000","0.8122","19.2079"
"48.8200","0.8126","19.1866"
"48.8400","0.8130","19.0760"
"48.8600","0.8134","19.1259"
"48.8800","0.8137","19.2460"
"48.9000","0.8139","19.2592"
"48.9200","0.8142","19.2443"
"48.9400","0.8144","19.2400"
"48.9600","0.8147","19.2301"
"48.9800","0.8150","19.2981"
"49.0000","0.8154","19.3393"
"49.0200","0.8158","19.3728"
"49.0400","0.8162","19.2952"
"49.0600","0.8165","19.2704"
"49.0800","0.8168","19.2783"
"49.1000","0.8171","19.3426"
"49.1200","0.8173","19.3133"
"49.1400","0.8177","19.2626"
"49.1600","0.8180","19.3357"
"49.1800","0.8185","19.3476"
"49.2000","0.8190","19.4175"
"49.2200","0.8194","19.4197"
"49.2400","0.8198","19.4206"
"49.2600","0.8200","19.3881"
"49.2800","0.8202","19.3477"
"49.3000","0.8205","19.3390"
"49.3200","0.8207","19.3900"
"49.3400","0.8210","19.5167"
"49.3600","0.8214","19.4892"
"49.3800","0.8218","19.4758"
"49.4000","0.8221","19.5108"
"49.4200","0.8225","19.5307"
"49.4400","0.8228","19.5891"
"49.4600","0.8231","19.6147"
"49.4800","0.8235","19.5966"
"49.5000","0.8238","19.4725"
"49.5200","0.8243","19.4635"
"49.5400","0.8247","19.3929"
"49.5600","0.8250","19.4917"
"49.5800","0.8253","19.4632"
"49.6000","0.8255","19.4858"
"49.6200","0.8258","19.5392"
"49.6400","0.8260","19.5374"
"49.6600","0.8263","19.5740"
"49.6800","0.8267","19.6298"
"49.7000","0.8271","19.6322"
"49.7200","0.8275","19.5675"
"49.7400","0.8279","19.5512"
"49.7600","0.8282","19.5968"
"49.7800","0.8284","19.6224"
"49.8000","0.8287","19.6459"
"49.8200","0.8290","19.6904"
"49.8400","0.8293","19.8421"
"49.8600","0.8298","19.7841"
"49.8800","0.8302","19.7136"
"49.9000","0.8307","19.6979"
"49.9200","0.8311","19.7362"
"49.9400","0.8313","19.7610"
"49.9600","0.8316","19.7997"
"49.9800","0.8318","19.6911"
"50.0000","0.8321","19.6912"
"50.0200","0.8324","19.7369"
"50.0400","0.8327","19.7450"
"50.0600","0.8331","19.7622"
"50.0800","0.8335","19.7525"
"50.1000","0.8338","19.7951"
"50.1200","0.8341","19.7494"
"50.1400","0.8345","19.8011"
"50.1600","0.8348","19.8659"
"50.1800","0.8351","19.8674"
"50.2000","0.8355","19.8765"
"50.2200","0.8359","19.8330"
"50.2400","0.8363","19.9298"
"50.2600","0.8366","19.8982"
"50.2800","0.8369","19.8784"
"50.3000","0.8371","19.9083"
"50.3200","0.8374","19.9323"
"50.3400","0.8377","19.9683"
"50.3600","0.8380","19.9717"
"50.3800","0.8383","19.8999"
"50.4000","0.8387","19.9868"
"50.4200","0.8391","20.0152"
"50.4400","0.8395","19.9466"
"50.4600","0.8398","19.9366"
"50.4800","0.8400","20.0078"
"50.5000","0.8403","20.0178"
"50.5200","0.8407","20.0503"
"50.5400","0.8410","20.1196"
"50.5600","0.8415","20.1204"
"50.5800","0.8419","20.2040"
"50.6000","0.8424","20.1798"
"50.6200","0.8427","20.1022"
"50.6400","0.8429","20.1209"
"50.6600","0.8431","20.1173"
"50.6800","0.8434","20.1337"
"50.7000","0.8437","20.2199"
"50.7200","0.8440","20.1729"
"50.7400","0.8444","20.1183"
"50.7600","0.8448","20.1255"
"50.7800","0.8452","20.1359"
"50.8000","0.8455","20.1013"
"50.8200","0.8458","20.1311"
"50.8400","0.8461","20.1419"
"50.8600","0.8465","20.2774"
"50.8800","0.8469","20.2731"
"50.9000","0.8473","20.1992"
"50.9200","0.8477","20.1907"
"50.9400","0.8480","20.2132"
"50.9600","0.8483","20.2463"
"50.9800","0.8485","20.3151"
"51.0000","0.8488","20.2862"
"51.0200","0.8490","20.3027"
"51.0400","0.8493","20.2716"
"51.0600","0.8497","20.2194"
"51.0800","0.8501","20.2307"
"51.1000","0.8505","20.2572"
"51.1200","0.8508","20.1474"
"51.1400","0.8511","20.2584"
"51.1600","0.8514","20.3268"
"51.1800","0.8517","20.3974"
"51.2000","0.8520","20.3555"
"51.2200","0.8524","20.2852"
"51.2400","0.8528","20.3266"
"51.2600","0.8532","20.3333"
"51.2800","0.8537","20.3506"
"51.3000","0.8540","20.3547"
"51.3200","0.8543","20.3909"
"51.3400","0.8545","20.5155"
"51.3600","0.8548","20.5197"
"51.3800","0.8550","20.4583"
"51.4000","0.8554","20.4225"
"51.4200","0.8557","20.4848"
"51.4400","0.8561","20.4873"
"51.4600","0.8565","20.4532"
"51.4800","0.8568","20.5219"
"51.5000","0.8571","20.5650"
"51.5200","0.8574","20.5092"
"51.5400","0.8578","20.4835"
"51.5600","0.8581","20.4519"
"51.5800","0.8585","20.4941"
"51.6000","0.8589","20.4932"
"51.6200","0.8593","20.4351"
"51.6400","0.8596","20.4564"
"51.6600","0.8598","20.5396"
"51.6800","0.8601","20.6795"
"51.7000","0.8604","20.7473"
"51.7200","0.8607","20.6902"
"51.7400","0.8610","20.6508"
"51.7600","0.8614","20.6412"
"51.7800","0.8618","20.6352"
"51.8000","0.8621","20.6257"
"51.8200","0.8625","20.6314"
"51.8400","0.8628","20.7101"
"51.8600","0.8631","20.7101"
"51.8800","0.8633","20.7219"
"51.9000","0.8637","20.8064"
"51.9200","0.8641","20.7532"
"51.9400","0.8646","20.7507"
"51.9600","0.8651","20.8284"
"51.9800","0.8654","20.8123"
"52.0000","0.8657","20.7471"
"52.0200","0.8659","20.7603"
"52.0400","0.8661","20.7735"
"52.0600","0.8664","20.7965"
"52.0800","0.8667","20.8972"
"52.1000","0.8671","20.8573"
"52.1200","0.8674","20.8790"
"52.1400","0.8678","20.7682"
"52.1600","0.8682","20.7891"
"52.1800","0.8685","20.8920"
"52.2000","0.8688","20.9565"
"52.2200","0.8691","20.8506"
"52.2400","0.8695","20.8336"
"52.2600","0.8699","20.9013"
"52.2800","0.8703","20.9781"
"52.3000","0.8707","20.9317"
"52.3200","0.8710","20.9108"
"52.3400","0.8712","20.8853"
"52.3600","0.8715","20.9549"
"52.3800","0.8717","20.9417"
"52.4000","0.8720","20.9812"
"52.4200","0.8724","20.9643"
"52.4400","0.8727","21.0129"
"52.4600","0.8731","21.0696"
"52.4800","0.8735","21.1081"
"52.5000","0.8738","21.0345"
"52.5200","0.8741","21.0271"
"52.5400","0.8744","21.0283"
"52.5600","0.8747","20.9547"
"52.5800","0.8750","21.0173"
"52.6000","0.8754","21.1215"
"52.6200","0.8759","21.1417"
"52.6400","0.8763","21.0688"
"52.6600","0.8767","21.1227"
"52.6800","0.8770","21.1438"
"52.7000","0.8773","21.1215"
"52.7200","0.8775","21.0632"
"52.7400","0.8777","21.0851"
"52.7600","0.8780","21.0373"
"52.7800","0.8783","21.1644"
"52.8000","0.8787","21.2055"
"52.8200","0.8791","21.2590"
"52.8400","0.8795","21.2864"
"52.8600","0.8799","21.1982"
"52.8800","0.8802","21.2132"
"52.9000","0.8805","21.2739"
"52.9200","0.8808","21.2064"
"52.9400","0.8812","21.2364"
"52.9600","0.8816","21.3228"
"52.9800","0.8820","21.3102"
"53.0000","0.8823","21.2409"
"53.0200","0.8826","21.2479"
"53.0400","0.8828","21.2702"
"53.0600","0.8831","21.2782"
"53.0800","0.8834","21.2801"
"53.1000","0.8837","21.2973"
"53.1200","0.8840","21.4344"
"53.1400","0.8844","21.4053"
"53.1600","0.8848","21.4059"
"53.1800","0.8852","21.3470"
"53.2000","0.8855","21.3838"
"53.2200","0.8857","21.4027"
"53.2400","0.8860","21.3399"
"53.2600","0.8863","21.3183"
"53.2800","0.8867","21.3297"
"53.3000","0.8871","21.3464"
"53.3200","0.8876","21.4538"
"53.3400","0.8880","21.5847"
"53.3600","0.8884","21.5342"
"53.3800","0.8887","21.4468"
"53.4000","0.8889","21.5462"
"53.4200","0.8891","21.5135"
"53.4400","0.8894","21.5511"
"53.4600","0.8897","21.5869"
"53.4800","0.8900","21.5077"
"53.5000","0.8904","21.5495"
"53.5200","0.8909","21.5280"
"53.5400","0.8912","21.5511"
"53.5600","0.8916","21.5637"
"53.5800","0.8919","21.5588"
"53.6000","0.8922","21.5765"
"53.6200","0.8925","21.5910"
"53.6400","0.8929","21.6286"
"53.6600","0.8933","21.6418"
"53.6800","0.8936","21.6517"
"53.7000","0.8939","21.6632"
"53.7200","0.8942","21.6675"
"53.7400","0.8945","21.6932"
"53.7600","0.8947","21.6377"
"53.7800","0.8950","21.5875"
"53.8000","0.8953","21.6698"
"53.8200","0.8957","21.7018"
"53.8400","0.8961","21.6683"
"53.8600","0.8965","21.6725"
"53.8800","0.8968","21.6560"
"53.9000","0.8971","21.6935"
"53.9200","0.8973","21.7020"
"53.9400","0.8976","21.6745"
"53.9600","0.8980","21.7218"
"53.9800","0.8984","21.8008"
"54.0000","0.8988","21.8075"
"54.0200","0.8993","21.8171"
"54.0400","0.8997","21.8185"
"54.0600","0.9001","21.8253"
"54.0800","0.9003","21.8797"
"54.1000","0.9005","21.9022"
"54.1200","0.9008","21.9467"
"54.1400","0.9010","21.8506"
"54.1600","0.9014","21.8488"
"54.1800","0.9017","21.9346"
"54.2000","0.9021","21.9492"
"54.2200","0.9025","21.9172"
"54.2400","0.9028","21.9360"
"54.2600","0.9031","21.9825"
"54.2800","0.9034","22.0062"
"54.3000","0.9038","21.9169"
"54.3200","0.9041","21.9174"
"54.3400","0.9045","21.9176"
"54.3600","0.9049","21.9497"
"54.3800","0.9053","21.9914"
"54.4000","0.9056","21.9599"
"54.4200","0.9058","22.0009"
"54.4400","0.9061","22.0549"
"54.4600","0.9064","21.9990"
"54.4800","0.9067","21.9612"
"54.5000","0.9070","21.9998"
"54.5200","0.9074","21.9574"
"54.5400","0.9078","21.9280"
"54.5600","0.9081","21.9582"
"54.5800","0.9085","21.9929"
"54.6000","0.9087","22.0342"
"54.6200","0.9090","22.0619"
"54.6400","0.9093","22.0683"
"54.6600","0.9097","22.1656"
"54.6800","0.9101","22.1265"
"54.7000","0.9106","22.1783"
"54.7200","0.9110","22.2283"
"54.7400","0.9114","22.1995"
"54.7600","0.9117","22.1871"
"54.7800","0.9119","22.1910"
"54.8000","0.9121","22.1841"
"54.8200","0.9124","22.1375"
"54.8400","0.9127","22.1164"
"54.8600","0.9131","22.1452"
"54.8800","0.9134","22.2317"
"54.9000","0.9138","22.2759"
"54.9200","0.9142","22.2584"
"54.9400","0.9145","22.2243"
"54.9600","0.9148","22.2141"
"54.9800","0.9151","22.1941"
"55.0000","0.9155","22.2878"
"55.0200","0.9159","22.3693"
"55.0400","0.9163","22.3816"
"55.0600","0.9167","22.3159"
"55.0800","0.9170","22.2987"
"55.1000","0.9172","22.3960"
"55.1200","0.9175","22.3263"
"55.1400","0.9177","22.3026"
"55.1600","0.9180","22.2927"
"55.1800","0.9184","22.2703"
"55.2000","0.9187","22.3148"
"55.2200","0.9191","22.3686"
"55.2400","0.9195","22.4233"
"55.2600","0.9198","22.4194"
"55.2800","0.9201","22.4687"
"55.3000","0.9204","22.4300"
"55.3200","0.9206","22.4991"
"55.3400","0.9210","22.5174"
"55.3600","0.9214","22.4848"
"55.3800","0.9218","22.4172"
"55.4000","0.9223","22.4318"
"55.4200","0.9227","22.4945"
"55.4400","0.9230","22.5214"
"55.4600","0.9232","22.6147"
"55.4800","0.9235","22.5717"
"55.5000","0.9237","22.5330"
"55.5200","0.9240","22.5501"
"55.5400","0.9244","22.5122"
"55.5600","0.9248","22.5475"
"55.5800","0.9252","22.5655"
"55.6000","0.9255","22.5628"
"55.6200","0.9258","22.5673"
"55.6400","0.9261","22.5645"
"55.6600","0.9264","22.5146"
"55.6800","0.9268","22.5982"
"55.7000","0.9272","22.6139"
"55.7200","0.9276","22.5989"
"55.7400","0.9280","22.5442"
"55.7600","0.9283","22.5864"
"55.7800","0.9286","22.7481"
"55.8000","0.9288","22.7711"
"55.8200","0.9291","22.7493"
"55.8400","0.9294","22.6841"
"55.8600","0.9297","22.6962"
"55.8800","0.9301","22.7925"
"55.9000","0.9304","22.8253"
"55.9200","0.9308","22.8122"
"55.9400","0.9311","22.8037"
"55.9600","0.9314","22.8003"
"55.9800","0.9317","22.7307"
"56.0000","0.9320","22.6980"
"56.0200","0.9323","22.7758"
"56.0400","0.9326","22.8521"
"56.0600","0.9331","22.8859"
"56.0800","0.9335","22.8970"
"56.1000","0.9340","22.9053"
"56.1200","0.9343","22.8398"
"56.1400","0.9346","22.7998"
"56.1600","0.9348","22.8920"
"56.1800","0.9351","22.9206"
"56.2000","0.9354","22.8713"
"56.2200","0.9357","22.8909"
"56.2400","0.9361","22.8887"
"56.2600","0.9365","22.9264"
"56.2800","0.9369","22.9512"
"56.3000","0.9372","22.8986"
"56.3200","0.9375","22.9142"
"56.3400","0.9378","22.9877"
"56.3600","0.9381","22.9937"
"56.3800","0.9385","22.9434"
"56.4000","0.9389","23.0077"
"56.4200","0.9393","23.1455"
"56.4400","0.9397","23.1170"
"56.4600","0.9400","23.0273"
"56.4800","0.9402","23.0489"
"56.5000","0.9405","23.0016"
"56.5200","0.9407","23.0271"
"56.5400","0.9410","23.0195"
"56.5600","0.9414","23.0617"
"56.5800","0.9418","23.0490"
"56.6000","0.9421","23.0128"
"56.6200","0.9425","23.0421"
"56.6400","0.9428","23.0579"
"56.6600","0.9431","23.0493"
"56.6800","0.9433","23.1433"
"56.7000","0.9436","23.2187"
"56.7200","0.9440","23.1951"
"56.7400","0.9444","23.1481"
"56.7600","0.9449","23.1086"
"56.7800","0.9453","23.1517"
"56.8000","0.9457","23.2104"
"56.8200","0.9460","23.1766"
"56.8400","0.9463","23.1832"
"56.8600","0.9465","23.2070"
"56.8800","0.9468","23.2599"
"56.9000","0.9471","23.3352"
"56.9200","0.9474","23.3003"
"56.9400","0.9478","23.2903"
"56.9600","0.9482","23.2681"
"56.9800","0.9485","23.2656"
"57.0000","0.9488","23.2666"
"57.0200","0.9491","23.2654"
"57.0400","0.9494","23.3044"
"57.0600","0.9498","23.4013"
"57.0800","0.9502","23.3411"
"57.1000","0.9506","23.4205"
"57.1200","0.9510","23.4272"
"57.1400","0.9513","23.4345"
"57.1600","0.9516","23.4353"
"57.1800","0.9518","23.3762"
"57.2000","0.9521","23.3192"
"57.2200","0.9524","23.3241"
"57.2400","0.9527","23.4282"
"57.2600","0.9531","23.4430"
"57.2800","0.9535","23.4918"
"57.3000","0.9539","23.4137"
"57.3200","0.9542","23.4007"
"57.3400","0.9545","23.4198"
"57.3600","0.9547","23.4586"
"57.3800","0.9550","23.5603"
"57.4000","0.9553","23.5499"
"57.4200","0.9557","23.6064"
"57.4400","0.9561","23.6067"
"57.4600","0.9566","23.6109"
"57.4800","0.9570","23.6110"
"57.5000","0.9573","23.6347"
"57.5200","0.9576","23.5764"
"57.5400","0.9578","23.5256"
"57.5600","0.9580","23.5873"
"57.5800","0.9583","23.6166"
"57.6000","0.9587","23.5965"
"57.6200","0.9591","23.6112"
"57.6400","0.9595","23.5791"
"57.6600","0.9598","23.6429"
"57.6800","0.9602","23.5911"
"57.7000","0.9605","23.6225"
"57.7200","0.9608","23.6528"
"57.7400","0.9611","23.6936"
"57.7600","0.9615","23.7734"
"57.7800","0.9619","23.7704"
"57.8000","0.9623","23.7620"
"57.8200","0.9627","23.8007"
"57.8400","0.9630","23.7946"
"57.8600","0.9632","23.7312"
"57.8800","0.9635","23.7223"
"57.9000","0.9638","23.7161"
"57.9200","0.9641","23.7507"
"57.9400","0.9644","23.7595"
"57.9600","0.9648","23.7449"
"57.9800","0.9652","23.7711"
"58.0000","0.9655","23.8052"
"58.0200","0.9658","23.8031"
"58.0400","0.9661","23.8735"
"58.0600","0.9663","23.8818"
"58.0800","0.9666","23.8550"
"58.1000","0.9670","23.8411"
"58.1200","0.9674","23.8939"
"58.1400","0.9678","23.9124"
"58.1600","0.9683","23.8132"
"58.1800","0.9687","23.8020"
"58.2000","0.9689","23.8854"
"58.2200","0.9692","23.9314"
"58.2400","0.9694","23.9503"
"58.2600","0.9697","23.9276"
"58.2800","0.9700","23.9346"
"58.3000","0.9704","24.0013"
"58.3200","0.9707","24.0641"
"58.3400","0.9711","24.0752"
"58.3600","0.9715","24.0393"
"58.3800","0.9718","24.0799"
"58.4000","0.9721","24.0851"
"58.4200","0.9725","24.0568"
"58.4400","0.9728","24.0997"
"58.4600","0.9732","24.1414"
"58.4800","0.9736","24.1346"
"58.5000","0.9740","24.0363"
"58.5200","0.9743","24.1063"
"58.5400","0.9746","24.0569"
"58.5600","0.9748","24.0754"
"58.5800","0.9751","24.0923"
"58.6000","0.9754","24.1684"
"58.6200","0.9757","24.2078"
"58.6400","0.9761","24.1902"
"58.6600","0.9765","24.1374"
"58.6800","0.9768","24.1785"
"58.7000","0.9772","24.1567"
"58.7200","0.9774","24.0940"
"58.7400","0.9777","24.1220"
"58.7600","0.9780","24.1832"
"58.7800","0.9783","24.2382"
"58.8000","0.9787","24.2484"
"58.8200","0.9791","24.2671"
"58.8400","0.9795","24.2577"
"58.8600","0.9800","24.3041"
"58.8800","0.9803","24.2512"
"58.9000","0.9806","24.2871"
"58.9200","0.9808","24.2882"
"58.9400","0.9811","24.2871"
"58.9600","0.9814","24.2664"
"58.9800","0.9817","24.2584"
"59.0000","0.9821","24.3804"
"59.0200","0.9825","24.3991"
"59.0400","0.9828","24.3899"
"59.0600","0.9831","24.3714"
"59.0800","0.9834","24.3305"
"59.1000","0.9838","24.3446"
"59.1200","0.9841","24.3386"
"59.1400","0.9845","24.3937"
"59.1600","0.9849","24.3929"
"59.1800","0.9853","24.4648"
"59.2000","0.9857","24.4991"
"59.2200","0.9859","24.5174"
"59.2400","0.9862","24.5096"
"59.2600","0.9864","24.4452"
"59.2800","0.9867","24.4367"
"59.3000","0.9870","24.4870"
"59.3200","0.9873","24.5274"
"59.3400","0.9877","24.5090"
"59.3600","0.9881","24.4589"
"59.3800","0.9885","24.4937"
"59.4000","0.9888","24.5491"
"59.4200","0.9891","24.5141"
"59.4400","0.9894","24.5757"
"59.4600","0.9897","24.6135"
"59.4800","0.9901","24.5477"
"59.5000","0.9905","24.4612"
"59.5200","0.9910","24.4849"
"59.5400","0.9914","24.5377"
"59.5600","0.9917","24.6338"
"59.5800","0.9920","24.6279"
"59.6000","0.9922","24.6247"
"59.6200","0.9925","24.5659"
"59.6400","0.9927","24.6496"
"59.6600","0.9930","24.7287"
"59.6800","0.9934","24.6599"
"59.7000","0.9938","24.6580"
"59.7200","0.9942","24.6400"
"59.7400","0.9945","24.6565"
"59.7600","0.9948","24.7348"
"59.7800","0.9951","24.7649"
"59.8000","0.9954","24.7625"
"59.8200","0.9958","24.6890"
"59.8400","0.9962","24.7374"
"59.8600","0.9966","24.8506"
"59.8800","0.9970","24.7760"
"59.9000","0.9973","24.7284"
"59.9200","0.9976","24.7465"
"59.9400","0.9978","24.7052"
"59.9600","0.9981","24.8174"
"59.9800","0.9984","24.7819"
"60.0000","0.9987","24.8038"
"60.0200","0.9991","24.8623"
"60.0400","0.9995","24.8493"
"60.0600","0.9999","24.8349"
"60.0800","1.0002","24.9117"
"60.1000","1.0005","24.9329"
"60.1200","1.0007","24.8716"
"60.1400","1.0010","24.9503"
"60.1600","1.0013","24.9179"
"60.1800","1.0017","24.8655"
"60.2000","1.0022","24.9052"
"60.2200","1.0026","24.8852"
"60.2400","1.0030","24.9488"
"60.2600","1.0033","25.0153"
"60.2800","1.0036","24.9702"
"60.3000","1.0038","24.9679"
"60.3200","1.0041","24.9911"
"60.3400","1.0044","25.0436"
"60.3600","1.0047","25.1281"
"60.3800","1.0051","25.1640"
"60.4000","1.0055","25.1795"
"60.4200","1.0058","25.1628"
"60.4400","1.0061","25.1078"
"60.4600","1.0065","25.0874"
"60.4800","1.0068","25.1280"
"60.5000","1.0071","25.1093"
"60.5200","1.0075","25.1699"
"60.5400","1.0080","25.1356"
"60.5600","1.0084","25.1106"
"60.5800","1.0087","25.1237"
"60.6000","1.0090","25.0947"
"60.6200","1.0092","25.0955"
"60.6400","1.0094","25.2151"
"60.6600","1.0097","25.2005"
"60.6800","1.0100","25.1706"
"60.7000","1.0104","25.2074"
"60.7200","1.0108","25.2863"
"60.7400","1.0112","25.2872"
"60.7600","1.0115","25.2606"
"60.7800","1.0118","25.2712"
"60.8000","1.0121","25.1894"
"60.8200","1.0124","25.1207"
"60.8400","1.0127","25.1588"
"60.8600","1.0130","25.2378"
"60.8800","1.0135","25.2534"
"60.9000","1.0139","25.3265"
"60.9200","1.0144","25.3879"
"60.9400","1.0147","25.3478"
"60.9600","1.0150","25.3909"
"60.9800","1.0152","25.3501"
"61.0000","1.0154","25.3096"
"61.0200","1.0157","25.3186"
"61.0400","1.0160","25.3483"
"61.0600","1.0164","25.3815"
"61.0800","1.0168","25.3708"
"61.1000","1.0171","25.3880"
"61.1200","1.0175","25.3916"
"61.1400","1.0178","25.4276"
"61.1600","1.0181","25.4740"
"61.1800","1.0184","25.4570"
"61.2000","1.0188","25.4470"
"61.2200","1.0192","25.5020"
"61.2400","1.0196","25.4437"
"61.2600","1.0200","25.4733"
"61.2800","1.0203","25.4624"
"61.3000","1.0206","25.4705"
"61.3200","1.0208","25.5247"
"61.3400","1.0211","25.5572"
"61.3600","1.0213","25.4823"
"61.3800","1.0217","25.5161"
"61.4000","1.0221","25.5821"
"61.4200","1.0225","25.5506"
"61.4400","1.0228","25.5870"
"61.4600","1.0232","25.5912"
"61.4800","1.0234","25.5858"
"61.5000","1.0237","25.6188"
"61.5200","1.0240","25.6192"
"61.5400","1.0243","25.5811"
"61.5600","1.0247","25.6017"
"61.5800","1.0252","25.6735"
"61.6000","1.0257","25.6549"
"61.6200","1.0261","25.6435"
"61.6400","1.0264","25.6834"
"61.6600","1.0266","25.7435"
"61.6800","1.0268","25.6728"
"61.7000","1.0271","25.5971"
"61.7200","1.0273","25.6613"
"61.7400","1.0277","25.7442"
"61.7600","1.0280","25.7114"
"61.7800","1.0284","25.7092"
"61.8000","1.0288","25.7208"
"61.8200","1.0291","25.7281"
"61.8400","1.0294","25.7464"
"61.8600","1.0297","25.7922"
"61.8800","1.0301","25.8170"
"61.9000","1.0305","25.8363"
"61.9200","1.0309","25.8084"
"61.9400","1.0313","25.9284"
"61.9600","1.0316","25.9061"
"61.9800","1.0319","25.7716"
"62.0000","1.0322","25.7975"
"62.0200","1.0324","25.8830"
"62.0400","1.0327","25.8809"
"62.0600","1.0330","25.8861"
"62.0800","1.0334","25.8898"
"62.1000","1.0338","25.9368"
"62.1200","1.0342","25.8538"
"62.1400","1.0345","25.7842"
"62.1600","1.0348","25.8984"
"62.1800","1.0351","25.9912"
"62.2000","1.0354","26.0051"
"62.2200","1.0357","26.0110"
"62.2400","1.0360","25.9199"
"62.2600","1.0364","25.9728"
"62.2800","1.0369","26.0140"
"62.3000","1.0374","25.9832"
"62.3200","1.0377","25.9796"
"62.3400","1.0380","26.0074"
"62.3600","1.0382","26.0175"
"62.3800","1.0384","26.0753"
"62.4000","1.0387","26.0509"
"62.4200","1.0390","26.0680"
"62.4400","1.0393","26.0703"
"62.4600","1.0397","26.1438"
"62.4800","1.0401","26.1946"
"62.5000","1.0405","26.2187"
"62.5200","1.0408","26.1200"
"62.5400","1.0411","26.0934"
"62.5600","1.0414","26.1652"
"62.5800","1.0418","26.2469"
"62.6000","1.0422","26.2026"
"62.6200","1.0426","26.1628"
"62.6400","1.0430","26.2148"
"62.6600","1.0433","26.2287"
"62.6800","1.0436","26.1580"
"62.7000","1.0438","26.2331"
"62.7200","1.0441","26.2998"
"62.7400","1.0444","26.2537"
"62.7600","1.0447","26.2523"
"62.7800","1.0451","26.2430"
"62.8000","1.0455","26.1545"
"62.8200","1.0459","26.2589"
"62.8400","1.0462","26.2667"
"62.8600","1.0465","26.2811"
"62.8800","1.0467","26.3899"
"62.9000","1.0470","26.4114"
"62.9200","1.0473","26.3651"
"62.9400","1.0477","26.3322"
"62.9600","1.0482","26.4029"
"62.9800","1.0487","26.4000"
"63.0000","1.0491","26.3783"
"63.0200","1.0494","26.4787"
"63.0400","1.0496","26.5120"
"63.0600","1.0498","26.4682"
"63.0800","1.0501","26.4364"
"63.1000","1.0504","26.4044"
"63.1200","1.0507","26.4014"
"63.1400","1.0511","26.4712"
"63.1600","1.0515","26.4432"
"63.1800","1.0518","26.4840"
"63.2000","1.0522","26.6142"
"63.2200","1.0525","26.5168"
"63.2400","1.0528","26.4997"
"63.2600","1.0532","26.5053"
"63.2800","1.0536","26.5552"
"63.3000","1.0540","26.5017"
"63.3200","1.0544","26.5108"
"63.3400","1.0547","26.6089"
"63.3600","1.0549","26.6027"
"63.3800","1.0552","26.5189"
"63.4000","1.0554","26.5025"
"63.4200","1.0557","26.5942"
"63.4400","1.0560","26.5864"
"63.4600","1.0564","26.5339"
"63.4800","1.0568","26.5549"
"63.5000","1.0572","26.5919"
"63.5200","1.0575","26.6376"
"63.5400","1.0578","26.6052"
"63.5600","1.0581","26.7209"
"63.5800","1.0583","26.7244"
"63.6000","1.0586","26.6795"
"63.6200","1.0590","26.6230"
"63.6400","1.0595","26.5475"
"63.6600","1.0599","26.7201"
"63.6800","1.0604","26.8085"
"63.7000","1.0608","26.8370"
"63.7200","1.0610","26.7575"
"63.7400","1.0613","26.7190"
"63.7600","1.0615","26.7432"
"63.7800","1.0618","26.7355"
"63.8000","1.0621","26.7044"
"63.8200","1.0624","26.7569"
"63.8400","1.0628","26.7965"
"63.8600","1.0631","26.7450"
"63.8800","1.0635","26.7172"
"63.9000","1.0638","26.8109"
"63.9200","1.0641","26.8178"
"63.9400","1.0644","26.8197"
"63.9600","1.0648","26.8714"
"63.9800","1.0652","26.8119"
"64.0000","1.0656","26.7661"
"64.0200","1.0660","26.8379"
"64.0400","1.0663","26.9521"
"64.0600","1.0665","26.9298"
"64.0800","1.0668","26.9158"
"64.1000","1.0670","26.9105"
"64.1200","1.0673","26.9426"
"64.1400","1.0677","26.9966"
"64.1600","1.0681","26.9994"
"64.1800","1.0685","26.9687"
"64.2000","1.0688","26.9414"
"64.2200","1.0692","26.8944"
"64.2400","1.0694","26.9051"
"64.2600","1.0697","27.0131"
"64.2800","1.0700","26.9238"
"64.3000","1.0703","26.9425"
"64.3200","1.0708","26.9792"
"64.3400","1.0712","27.0511"
"64.3600","1.0717","27.0774"
"64.3800","1.0721","27.0707"
"64.4000","1.0724","27.0845"
"64.4200","1.0726","27.2077"
"64.4400","1.0728","27.2392"
"64.4600","1.0731","27.2289"
"64.4800","1.0734","27.1251"
"64.5000","1.0737","27.1165"
"64.5200","1.0741","27.1970"
"64.5400","1.0745","27.2009"
"64.5600","1.0748","27.1436"
"64.5800","1.0751","27.1650"
"64.6000","1.0754","27.1833"
"64.6200","1.0758","27.2043"
"64.6400","1.0761","27.1833"
"64.6600","1.0765","27.1586"
"64.6800","1.0769","27.2863"
"64.7000","1.0773","27.2867"
"64.7200","1.0776","27.1999"
"64.7400","1.0779","27.1868"
"64.7600","1.0781","27.2206"
"64.7800","1.0784","27.2089"
"64.8000","1.0787","27.2819"
"64.8200","1.0790","27.3451"
"64.8400","1.0794","27.4085"
"64.8600","1.0798","27.4509"
"64.8800","1.0802","27.4107"
"64.9000","1.0805","27.3922"
"64.9200","1.0808","27.4131"
"64.9400","1.0811","27.4397"
"64.9600","1.0814","27.4682"
"64.9800","1.0817","27.4331"
"65.0000","1.0820","27.3978"
"65.0200","1.0825","27.3335"
"65.0400","1.0829","27.3391"
"65.0600","1.0834","27.4360"
"65.0800","1.0837","27.4599"
"65.1000","1.0840","27.4739"
"65.1200","1.0842","27.5183"
"65.1400","1.0844","27.5434"
"65.1600","1.0847","27.5227"
"65.1800","1.0850","27.5120"
"65.2000","1.0854","27.4833"
"65.2200","1.0858","27.4146"
"65.2400","1.0862","27.4923"
"65.2600","1.0865","27.5975"
"65.2800","1.0868","27.5894"
"65.3000","1.0871","27.5791"
"65.3200","1.0875","27.5580"
"65.3400","1.0879","27.5874"
"65.3600","1.0883","27.6555"
"65.3800","1.0887","27.6595"
"65.4000","1.0890","27.5892"
"65.4200","1.0893","27.6477"
"65.4400","1.0895","27.7018"
"65.4600","1.0898","27.7167"
"65.4800","1.0900","27.6704"
"65.5000","1.0903","27.6165"
"65.5200","1.0907","27.6049"
"65.5400","1.0910","27.6383"
"65.5600","1.0914","27.6928"
"65.5800","1.0918","27.6839"
"65.6000","1.0921","27.6703"
"65.6200","1.0924","27.7092"
"65.6400","1.0927","27.7542"
"65.6600","1.0930","27.7501"
"65.6800","1.0933","27.7326"
"65.7000","1.0937","27.7773"
"65.7200","1.0942","27.8177"
"65.7400","1.0947","27.8213"
"65.7600","1.0950","27.8788"
"65.7800","1.0953","27.8866"
"65.8000","1.0956","27.8059"
"65.8200","1.0958","27.7711"
"65.8400","1.0961","27.8305"
"65.8600","1.0964","27.8552"
"65.8800","1.0967","27.9204"
"65.9000","1.0971","27.9679"
"65.9200","1.0975","27.8971"
"65.9400","1.0978","27.9426"
"65.9600","1.0981","27.9476"
"65.9800","1.0985","27.9185"
"66.0000","1.0988","27.9928"
"66.0200","1.0991","28.0304"
"66.0400","1.0995","27.9717"
"66.0600","1.0999","27.9185"
"66.0800","1.1003","27.8801"
"66.1000","1.1006","27.9048"
"66.1200","1.1009","27.9446"
"66.1400","1.1011","27.9789"
"66.1600","1.1014","28.0421"
"66.1800","1.1017","28.1441"
"66.2000","1.1020","28.1392"
"66.2200","1.1024","28.1203"
"66.2400","1.1028","28.0918"
"66.2600","1.1031","28.0103"
"66.2800","1.1035","28.0296"
"66.3000","1.1038","28.0689"
"66.3200","1.1041","28.0316"
"66.3400","1.1043","28.0732"
"66.3600","1.1047","28.0829"
"66.3800","1.1051","28.1012"
"66.4000","1.1055","28.2027"
"66.4200","1.1060","28.2086"
"66.4400","1.1064","28.2093"
"66.4600","1.1067","28.1976"
"66.4800","1.1069","28.1693"
"66.5000","1.1071","28.1963"
"66.5200","1.1074","28.2402"
"66.5400","1.1077","28.1902"
"66.5600","1.1080","28.1708"
"66.5800","1.1084","28.2692"
"66.6000","1.1088","28.2199"
"66.6200","1.1092","28.2616"
"66.6400","1.1095","28.2651"
"66.6600","1.1098","28.2537"
"66.6800","1.1101","28.2926"
"66.7000","1.1105","28.3007"
"66.7200","1.1109","28.3672"
"66.7400","1.1113","28.3690"
"66.7600","1.1116","28.4389"
"66.7800","1.1120","28.4606"
"66.8000","1.1123","28.4406"
"66.8200","1.1125","28.4180"
"66.8400","1.1128","28.4331"
"66.8600","1.1130","28.3828"
"66.8800","1.1134","28.3652"
"66.9000","1.1137","28.3800"
"66.9200","1.1141","28.3460"
"66.9400","1.1145","28.3469"
"66.9600","1.1149","28.3080"
"66.9800","1.1152","28.3863"
"67.0000","1.1154","28.3652"
"67.0200","1.1157","28.4081"
"67.0400","1.1160","28.4231"
"67.0600","1.1164","28.4017"
"67.0800","1.1168","28.4402"
"67.1000","1.1173","28.5710"
"67.1200","1.1177","28.5715"
"67.1400","1.1181","28.5357"
"67.1600","1.1183","28.5651"
"67.1800","1.1185","28.5831"
"67.2000","1.1187","28.6188"
"67.2200","1.1190","28.6325"
"67.2400","1.1193","28.5808"
"67.2600","1.1197","28.6213"
"67.2800","1.1201","28.6751"
"67.3000","1.1205","28.6451"
"67.3200","1.1209","28.6313"
"67.3400","1.1212","28.7211"
"67.3600","1.1215","28.7603"
"67.3800","1.1218","28.6684"
"67.4000","1.1222","28.6673"
"67.4200","1.1225","28.7026"
"67.4400","1.1229","28.7807"
"67.4600","1.1233","28.7644"
"67.4800","1.1236","28.7655"
"67.5000","1.1239","28.7543"
"67.5200","1.1241","28.7187"
"67.5400","1.1244","28.7749"
"67.5600","1.1247","28.7979"
"67.5800","1.1250","28.7807"
"67.6000","1.1254","28.7987"
"67.6200","1.1258","28.7831"
"67.6400","1.1262","28.7718"
"67.6600","1.1265","28.7622"
"67.6800","1.1267","28.8275"
"67.7000","1.1270","28.8877"
"67.7200","1.1273","28.9064"
"67.7400","1.1276","28.9251"
"67.7600","1.1281","28.9529"
"67.7800","1.1286","28.9513"
"67.8000","1.1290","28.9377"
"67.8200","1.1294","28.9272"
"67.8400","1.1297","28.9600"
"67.8600","1.1299","28.9261"
"67.8800","1.1301","28.8661"
"67.9000","1.1304","28.8378"
"67.9200","1.1307","28.9520"
"67.9400","1.1310","28.9872"
"67.9600","1.1314","28.9272"
"67.9800","1.1319","28.8972"
"68.0000","1.1322","28.8617"
"68.0200","1.1326","28.9393"
"68.0400","1.1329","28.9928"
"68.0600","1.1332","29.0165"
"68.0800","1.1335","29.0511"
"68.1000","1.1339","29.0532"
"68.1200","1.1343","29.1298"
"68.1400","1.1346","29.1780"
"68.1600","1.1350","29.1718"
"68.1800","1.1352","29.0216"
"68.2000","1.1355","29.0334"
"68.2200","1.1357","29.0565"
"68.2400","1.1360","29.1127"
"68.2600","1.1363","29.1162"
"68.2800","1.1367","29.1349"
"68.3000","1.1371","29.1455"
"68.3200","1.1375","29.1192"
"68.3400","1.1378","29.0935"
"68.3600","1.1381","29.0520"
"68.3800","1.1384","29.1788"
"68.4000","1.1386","29.2756"
"68.4200","1.1390","29.2735"
"68.4400","1.1393","29.2117"
"68.4600","1.1398","29.1276"
"68.4800","1.1403","29.1383"
"68.5000","1.1407","29.1520"
"68.5200","1.1411","29.2452"
"68.5400","1.1413","29.3148"
"68.5600","1.1416","29.3071"
"68.5800","1.1418","29.2320"
"68.6000","1.1420","29.2212"
"68.6200","1.1424","29.1841"
"68.6400","1.1427","29.1343"
"68.6600","1.1431","29.2460"
"68.6800","1.1435","29.3625"
"68.7000","1.1438","29.3492"
"68.7200","1.1442","29.3466"
"68.7400","1.1445","29.4135"
"68.7600","1.1448","29.3993"
"68.7800","1.1452","29.4273"
"68.8000","1.1455","29.4612"
"68.8200","1.1459","29.3884"
"68.8400","1.1463","29.3821"
"68.8600","1.1466","29.4474"
"68.8800","1.1469","29.4205"
"68.9000","1.1471","29.4262"
"68.9200","1.1474","29.4298"
"68.9400","1.1477","29.3884"
"68.9600","1.1480","29.3488"
"68.9800","1.1484","29.4182"
"69.0000","1.1488","29.4397"
"69.0200","1.1491","29.4762"
"69.0400","1.1495","29.4651"
"69.0600","1.1497","29.5083"
"69.0800","1.1500","29.4800"
"69.1000","1.1503","29.5209"
"69.1200","1.1507","29.5185"
"69.1400","1.1511","29.5352"
"69.1600","1.1515","29.5753"
"69.1800","1.1520","29.5762"
"69.2000","1.1524","29.5855"
"69.2200","1.1527","29.6462"
"69.2400","1.1529","29.6148"
"69.2600","1.1531","29.6741"
"69.2800","1.1534","29.6664"
"69.3000","1.1537","29.6856"
"69.3200","1.1540","29.6258"
"69.3400","1.1544","29.6691"
"69.3600","1.1548","29.7049"
"69.3800","1.1551","29.7465"
"69.4000","1.1555","29.7397"
"69.4200","1.1558","29.5899"
"69.4400","1.1561","29.5444"
"69.4600","1.1564","29.6074"
"69.4800","1.1568","29.7550"
"69.5000","1.1572","29.7618"
"69.5200","1.1576","29.7381"
"69.5400","1.1580","29.6892"
"69.5600","1.1582","29.7599"
"69.5800","1.1585","29.8125"
"69.6000","1.1587","29.8405"
"69.6200","1.1590","29.7908"
"69.6400","1.1594","29.8028"
"69.6600","1.1597","29.8723"
"69.6800","1.1601","29.8417"
"69.7000","1.1605","29.8626"
"69.7200","1.1608","29.8959"
"69.7400","1.1611","29.9137"
"69.7600","1.1614","29.8089"
"69.7800","1.1616","29.8076"
"69.8000","1.1620","29.7833"
"69.8200","1.1623","29.8687"
"69.8400","1.1628","29.8893"
"69.8600","1.1633","29.8988"
"69.8800","1.1637","29.8840"
"69.9000","1.1640","29.8978"
"69.9200","1.1643","29.9595"
"69.9400","1.1645","30.0576"
"69.9600","1.1647","30.0839"
"69.9800","1.1650","29.9727"
"70.0000","1.1654","30.0449"
"70.0200","1.1657","30.0909"
"70.0400","1.1661","30.0897"
"70.0600","1.1665","30.0358"
"70.0800","1.1668","29.9103"
"70.1000","1.1671","29.9485"
"70.1200","1.1674","30.1351"
"70.1400","1.1678","30.2180"
"70.1600","1.1682","30.1731"
"70.1800","1.1686","30.1314"
"70.2000","1.1690","30.1428"
"70.2200","1.1694","30.0699"
"70.2400","1.1696","30.0541"
"70.2600","1.1699","30.0786"
"70.2800","1.1701","30.0322"
"70.3000","1.1704","30.0403"
"70.3200","1.1707","30.1160"
"70.3400","1.1711","30.1535"
"70.3600","1.1714","30.1565"
"70.3800","1.1718","30.1634"
"70.4000","1.1721","30.1441"
"70.4200","1.1724","30.1920"
"70.4400","1.1727","30.1919"
"70.4600","1.1730","30.2179"
"70.4800","1.1733","30.2165"
"70.5000","1.1737","30.2579"
"70.5200","1.1741","30.2713"
"70.5400","1.1745","30.2522"
"70.5600","1.1750","30.3287"
"70.5800","1.1754","30.3787"
"70.6000","1.1756","30.4154"
"70.6200","1.1759","30.3041"
"70.6400","1.1761","30.2021"
"70.6600","1.1764","30.2337"
"70.6800","1.1767","30.2820"
"70.7000","1.1771","30.3311"
"70.7200","1.1775","30.2833"
"70.7400","1.1779","30.2713"
"70.7600","1.1782","30.2422"
"70.7800","1.1785","30.3215"
"70.8000","1.1788","30.3900"
"70.8200","1.1791","30.3983"
"70.8400","1.1795","30.3962"
"70.8600","1.1799","30.4387"
"70.8800","1.1803","30.4090"
"70.9000","1.1807","30.4106"
"70.9200","1.1810","30.5252"
"70.9400","1.1813","30.4347"
"70.9600","1.1815","30.4401"
"70.9800","1.1818","30.4854"
"71.0000","1.1821","30.4749"
"71.0200","1.1824","30.5201"
"71.0400","1.1828","30.5336"
"71.0600","1.1832","30.5032"
"71.0800","1.1835","30.5016"
"71.1000","1.1838","30.4592"
"71.1200","1.1841","30.5444"
"71.1400","1.1844","30.5743"
"71.1600","1.1847","30.5675"
"71.1800","1.1850","30.5219"
"71.2000","1.1854","30.5680"
"71.2200","1.1858","30.6362"
"71.2400","1.1863","30.5557"
"71.2600","1.1867","30.5495"
"71.2800","1.1870","30.6269"
"71.3000","1.1873","30.7020"
"71.3200","1.1875","30.7186"
"71.3400","1.1878","30.6738"
"71.3600","1.1881","30.6104"
"71.3800","1.1884","30.6764"
"71.4000","1.1888","30.6918"
"71.4200","1.1892","30.6885"
"71.4400","1.1895","30.7436"
"71.4600","1.1898","30.7779"
"71.4800","1.1901","30.7654"
"71.5000","1.1904","30.7388"
"71.5200","1.1907","30.7965"
"71.5400","1.1911","30.8580"
"71.5600","1.1916","30.8142"
"71.5800","1.1920","30.7534"
"71.6000","1.1923","30.8608"
"71.6200","1.1926","30.8435"
"71.6400","1.1928","30.8316"
"71.6600","1.1931","30.8549"
"71.6800","1.1934","30.9218"
"71.7000","1.1937","30.9957"
"71.7200","1.1941","31.0182"
"71.7400","1.1945","30.9585"
"71.7600","1.1948","30.9023"
"71.7800","1.1952","30.9199"
"71.8000","1.1955","30.9274"
"71.8200","1.1957","30.9306"
"71.8400","1.1960","30.8762"
"71.8600","1.1963","30.9647"
"71.8800","1.1966","30.9537"
"71.9000","1.1970","30.9724"
"71.9200","1.1975","30.9921"
"71.9400","1.1979","30.9624"
"71.9600","1.1983","30.9545"
"71.9800","1.1985","31.0252"
"72.0000","1.1988","31.0168"
"72.0200","1.1990","31.0953"
"72.0400","1.1993","31.1085"
"72.0600","1.1996","31.0776"
"72.0800","1.2000","31.0417"
"72.1000","1.2004","31.0149"
"72.1200","1.2008","31.0854"
"72.1400","1.2012","31.1759"
"72.1600","1.2015","31.1235"
"72.1800","1.2018","31.0977"
"72.2000","1.2021","31.1591"
"72.2200","1.2025","31.1880"
"72.2400","1.2029","31.1624"
"72.2600","1.2033","31.1349"
"72.2800","1.2037","31.1860"
"72.3000","1.2040","31.2571"
"72.3200","1.2043","31.2137"
"72.3400","1.2045","31.1770"
"72.3600","1.2048","31.1747"
"72.3800","1.2051","31.2581"
"72.4000","1.2054","31.2549"
"72.4200","1.2058","31.2851"
"72.4400","1.2062","31.2491"
"72.4600","1.2065","31.2952"
"72.4800","1.2068","31.1983"
"72.5000","1.2071","31.2522"
"72.5200","1.2074","31.3217"
"72.5400","1.2077","31.3416"
"72.5600","1.2080","31.4206"
"72.5800","1.2084","31.4294"
"72.6000","1.2088","31.3778"
"72.6200","1.2093","31.4044"
"72.6400","1.2097","31.3181"
"72.6600","1.2100","31.2601"
"72.6800","1.2102","31.3827"
"72.7000","1.2104","31.4519"
"72.7200","1.2107","31.4198"
"72.7400","1.2110","31.4013"
"72.7600","1.2113","31.3502"
"72.7800","1.2117","31.3680"
"72.8000","1.2121","31.3677"
"72.8200","1.2125","31.4283"
"72.8400","1.2128","31.4134"
"72.8600","1.2131","31.3809"
"72.8800","1.2134","31.4330"
"72.9000","1.2138","31.5202"
"72.9200","1.2142","31.5493"
"72.9400","1.2146","31.5591"
"72.9600","1.2150","31.5479"
"72.9800","1.2153","31.5774"
"73.0000","1.2156","31.5475"
"73.0200","1.2158","31.4675"
"73.0400","1.2161","31.5451"
"73.0600","1.2164","31.5241"
"73.0800","1.2167","31.5242"
"73.1000","1.2171","31.5540"
"73.1200","1.2175","31.5146"
"73.1400","1.2179","31.6062"
"73.1600","1.2182","31.6413"
"73.1800","1.2185","31.6900"
"73.2000","1.2187","31.5962"
"73.2200","1.2190","31.6053"
"73.2400","1.2193","31.5553"
"73.2600","1.2196","31.5731"
"73.2800","1.2201","31.6857"
"73.3000","1.2205","31.7623"
"73.3200","1.2210","31.8441"
"73.3400","1.2213","31.8107"
"73.3600","1.2216","31.7368"
"73.3800","1.2218","31.6957"
"73.4000","1.2221","31.7381"
"73.4200","1.2224","31.7665"
"73.4400","1.2227","31.6667"
"73.4600","1.2230","31.7102"
"73.4800","1.2234","31.7758"
"73.5000","1.2238","31.8593"
"73.5200","1.2242","31.7740"
"73.5400","1.2245","31.7609"
"73.5600","1.2248","31.8152"
"73.5800","1.2251","31.8370"
"73.6000","1.2255","31.8827"
"73.6200","1.2259","31.8940"
"73.6400","1.2263","31.8449"
"73.6600","1.2267","31.8416"
"73.6800","1.2270","31.9247"
"73.7000","1.2272","31.9504"
"73.7200","1.2275","31.9219"
"73.7400","1.2277","32.0200"
"73.7600","1.2280","32.0966"
"73.7800","1.2284","32.0223"
"73.8000","1.2287","31.9392"
"73.8200","1.2292","31.9127"
"73.8400","1.2295","31.9633"
"73.8600","1.2299","31.9736"
"73.8800","1.2301","32.0001"
"73.9000","1.2304","32.0397"
"73.9200","1.2307","32.0498"
"73.9400","1.2310","32.0719"
"73.9600","1.2314","32.1019"
"73.9800","1.2319","32.0960"
"74.0000","1.2323","32.0640"
"74.0200","1.2327","32.0676"
"74.0400","1.2330","31.9811"
"74.0600","1.2333","32.0286"
"74.0800","1.2335","32.0858"
"74.1000","1.2337","32.2315"
"74.1200","1.2340","32.1729"
"74.1400","1.2344","32.0420"
"74.1600","1.2348","31.9977"
"74.1800","1.2352","32.0905"
"74.2000","1.2355","32.1955"
"74.2200","1.2358","32.2116"
"74.2400","1.2361","32.1864"
"74.2600","1.2364","32.1703"
"74.2800","1.2368","32.1897"
"74.3000","1.2372","32.2240"
"74.3200","1.2376","32.2676"
"74.3400","1.2380","32.3120"
"74.3600","1.2383","32.3026"
"74.3800","1.2386","32.2779"
"74.4000","1.2388","32.2787"
"74.4200","1.2391","32.3345"
"74.4400","1.2394","32.3318"
"74.4600","1.2397","32.3201"
"74.4800","1.2401","32.3029"
"74.5000","1.2405","32.2547"
"74.5200","1.2409","32.2638"
"74.5400","1.2412","32.2905"
"74.5600","1.2415","32.3619"
"74.5800","1.2418","32.3195"
"74.6000","1.2420","32.3009"
"74.6200","1.2423","32.3318"
"74.6400","1.2427","32.3458"
"74.6600","1.2432","32.4158"
"74.6800","1.2436","32.3997"
"74.7000","1.2441","32.4015"
"74.7200","1.2444","32.4293"
"74.7400","1.2446","32.4234"
"74.7600","1.2448","32.4332"
"74.7800","1.2451","32.4519"
"74.8000","1.2454","32.4818"
"74.8200","1.2457","32.3796"
"74.8400","1.2461","32.4335"
"74.8600","1.2465","32.4805"
"74.8800","1.2468","32.4157"
"74.9000","1.2471","32.4286"
"74.9200","1.2475","32.4555"
"74.9400","1.2478","32.4908"
"74.9600","1.2481","32.5928"
"74.9800","1.2485","32.6062"
"75.0000","1.2489","32.5636"
"75.0200","1.2493","32.5724"
"75.0400","1.2497","32.5505"
"75.0600","1.2500","32.5300"
"75.0800","1.2502","32.5695"
"75.1000","1.2504","32.5755"
"75.1200","1.2507","32.6209"
"75.1400","1.2510","32.5960"
"75.1600","1.2514","32.6289"
"75.1800","1.2518","32.6179"
"75.2000","1.2522","32.6256"
"75.2200","1.2525","32.6492"
"75.2400","1.2528","32.7179"
"75.2600","1.2531","32.7127"
"75.2800","1.2533","32.6849"
"75.3000","1.2536","32.6411"
"75.3200","1.2540","32.7147"
"75.3400","1.2544","32.7400"
"75.3600","1.2549","32.7804"
"75.3800","1.2553","32.7448"
"75.4000","1.2557","32.8298"
"75.4200","1.2560","32.9138"
"75.4400","1.2562","32.8799"
"75.4600","1.2564","32.7121"
"75.4800","1.2567","32.6617"
"75.5000","1.2570","32.7863"
"75.5200","1.2574","32.8250"
"75.5400","1.2577","32.8204"
"75.5600","1.2581","32.9191"
"75.5800","1.2585","32.9360"
"75.6000","1.2588","32.8486"
"75.6200","1.2591","32.8879"
"75.6400","1.2594","32.9754"
"75.6600","1.2598","33.0051"
"75.6800","1.2602","32.9552"
"75.7000","1.2606","32.9417"
"75.7200","1.2610","33.0211"
"75.7400","1.2613","32.9894"
"75.7600","1.2616","32.9634"
"75.7800","1.2618","32.9424"
"75.8000","1.2621","32.9569"
"75.8200","1.2624","33.0099"
"75.8400","1.2627","32.9351"
"75.8600","1.2631","32.8687"
"75.8800","1.2635","32.8624"
"75.9000","1.2638","32.9004"
"75.9200","1.2642","32.9283"
"75.9400","1.2645","33.0114"
"75.9600","1.2647","33.0535"
"75.9800","1.2650","33.0594"
"76.0000","1.2653","33.0851"
"76.0200","1.2657","33.0983"
"76.0400","1.2661","33.1802"
"76.0600","1.2666","33.1523"
"76.0800","1.2670","33.0910"
"76.1000","1.2674","33.0941"
"76.1200","1.2676","33.1439"
"76.1400","1.2679","33.1246"
"76.1600","1.2681","33.2301"
"76.1800","1.2684","33.2909"
"76.2000","1.2687","33.3302"
"76.2200","1.2690","33.2799"
"76.2400","1.2694","33.2249"
"76.2600","1.2698","33.2111"
"76.2800","1.2701","33.1857"
"76.3000","1.2704","33.2257"
"76.3200","1.2708","33.2488"
"76.3400","1.2711","33.2427"
"76.3600","1.2715","33.2532"
"76.3800","1.2719","33.2123"
"76.4000","1.2723","33.1652"
"76.4200","1.2727","33.1840"
"76.4400","1.2730","33.3025"
"76.4600","1.2732","33.3228"
"76.4800","1.2734","33.3498"
"76.5000","1.2737","33.3873"
"76.5200","1.2740","33.3927"
"76.5400","1.2744","33.4258"
"76.5600","1.2747","33.4004"
"76.5800","1.2751","33.2791"
"76.6000","1.2755","33.3595"
"76.6200","1.2758","33.3693"
"76.6400","1.2761","33.3739"
"76.6600","1.2764","33.3982"
"76.6800","1.2767","33.4813"
"76.7000","1.2770","33.4570"
"76.7200","1.2774","33.4254"
"76.7400","1.2779","33.5327"
"76.7600","1.2784","33.5455"
"76.7800","1.2788","33.4603"
"76.8000","1.2790","33.4543"
"76.8200","1.2792","33.5001"
"76.8400","1.2795","33.6121"
"76.8600","1.2797","33.6095"
"76.8800","1.2800","33.5180"
"76.9000","1.2804","33.4631"
"76.9200","1.2807","33.5643"
"76.9400","1.2811","33.5498"
"76.9600","1.2815","33.5828"
"76.9800","1.2818","33.5661"
"77.0000","1.2821","33.5996"
"77.0200","1.2824","33.5852"
"77.0400","1.2828","33.6563"
"77.0600","1.2832","33.6630"
"77.0800","1.2836","33.6735"
"77.1000","1.2840","33.7092"
"77.1200","1.2843","33.6969"
"77.1400","1.2846","33.7099"
"77.1600","1.2848","33.6878"
"77.1800","1.2851","33.6856"
"77.2000","1.2854","33.6426"
"77.2200","1.2857","33.7795"
"77.2400","1.2861","33.7753"
"77.2600","1.2865","33.7466"
"77.2800","1.2868","33.7746"
"77.3000","1.2872","33.8380"
"77.3200","1.2875","33.8518"
"77.3400","1.2877","33.8129"
"77.3600","1.2880","33.8071"
"77.3800","1.2883","33.8606"
"77.4000","1.2887","33.8441"
"77.4200","1.2891","33.8410"
"77.4400","1.2896","33.8553"
"77.4600","1.2901","33.8537"
"77.4800","1.2904","33.8849"
"77.5000","1.2906","33.9244"
"77.5200","1.2908","33.8768"
"77.5400","1.2911","33.8719"
"77.5600","1.2913","33.8958"
"77.5800","1.2917","33.8655"
"77.6000","1.2920","33.8890"
"77.6200","1.2924","33.9265"
"77.6400","1.2928","33.8527"
"77.6600","1.2931","33.8703"
"77.6800","1.2935","33.9048"
"77.7000","1.2938","33.9114"
"77.7200","1.2941","33.9900"
"77.7400","1.2945","33.9557"
"77.7600","1.2949","34.0498"
"77.7800","1.2953","34.0065"
"77.8000","1.2957","34.0076"
"77.8200","1.2960","34.0405"
"77.8400","1.2962","34.0248"
"77.8600","1.2964","33.9845"
"77.8800","1.2967","33.9761"
"77.9000","1.2970","33.9637"
"77.9200","1.2974","34.0316"
"77.9400","1.2978","34.0922"
"77.9600","1.2982","34.0700"
"77.9800","1.2985","34.1120"
"78.0000","1.2988","34.1583"
"78.0200","1.2991","34.2013"
"78.0400","1.2993","34.2368"
"78.0600","1.2996","34.2416"
"78.0800","1.3000","34.2291"
"78.1000","1.3004","34.2182"
"78.1200","1.3009","34.2200"
"78.1400","1.3014","34.1468"
"78.1600","1.3018","34.2404"
"78.1800","1.3020","34.2264"
"78.2000","1.3023","34.1901"
"78.2200","1.3025","34.1811"
"78.2400","1.3027","34.1868"
"78.2600","1.3030","34.2120"
"78.2800","1.3034","34.2746"
"78.3000","1.3038","34.2926"
"78.3200","1.3041","34.2397"
"78.3400","1.3045","34.2039"
"78.3600","1.3048","34.1741"
"78.3800","1.3051","34.2625"
"78.4000","1.3054","34.3552"
"78.4200","1.3058","34.4055"
"78.4400","1.3062","34.4240"
"78.4600","1.3066","34.4236"
"78.4800","1.3070","34.4269"
"78.5000","1.3073","34.4139"
"78.5200","1.3076","34.3473"
"78.5400","1.3078","34.3465"
"78.5600","1.3080","34.3831"
"78.5800","1.3083","34.3944"
"78.6000","1.3087","34.3885"
"78.6200","1.3091","34.3712"
"78.6400","1.3095","34.4100"
"78.6600","1.3099","34.4276"
"78.6800","1.3102","34.4032"
"78.7000","1.3105","34.4753"
"78.7200","1.3107","34.4831"
"78.7400","1.3110","34.5447"
"78.7600","1.3113","34.4928"
"78.7800","1.3117","34.5327"
"78.8000","1.3122","34.4758"
"78.8200","1.3127","34.4804"
"78.8400","1.3131","34.4571"
"78.8600","1.3134","34.4754"
"78.8800","1.3136","34.5652"
"78.9000","1.3138","34.5988"
"78.9200","1.3141","34.6584"
"78.9400","1.3144","34.5705"
"78.9600","1.3147","34.6188"
"78.9800","1.3151","34.7228"
"79.0000","1.3155","34.7322"
"79.0200","1.3158","34.6935"
"79.0400","1.3162","34.6928"
"79.0600","1.3165","34.6665"
"79.0800","1.3168","34.5662"
"79.1000","1.3171","34.6107"
"79.1200","1.3175","34.6998"
"79.1400","1.3179","34.7465"
"79.1600","1.3183","34.7389"
"79.1800","1.3186","34.6981"
"79.2000","1.3189","34.7909"
"79.2200","1.3192","34.8196"
"79.2400","1.3194","34.7887"
"79.2600","1.3197","34.8154"
"79.2800","1.3200","34.8660"
"79.3000","1.3204","34.8254"
"79.3200","1.3208","34.6918"
"79.3400","1.3212","34.6970"
"79.3600","1.3215","34.7298"
"79.3800","1.3218","34.8026"
"79.4000","1.3221","34.7735"
"79.4200","1.3224","34.7561"
"79.4400","1.3227","34.8579"
"79.4600","1.3231","34.8506"
"79.4800","1.3235","34.9304"
"79.5000","1.3239","34.9641"
"79.5200","1.3244","34.8951"
"79.5400","1.3247","34.9957"
"79.5600","1.3250","35.0449"
"79.5800","1.3252","35.0065"
"79.6000","1.3254","34.9187"
"79.6200","1.3257","34.9611"
"79.6400","1.3260","34.9673"
"79.6600","1.3264","34.9093"
"79.6800","1.3268","34.8691"
"79.7000","1.3271","34.8501"
"79.7200","1.3275","34.9323"
"79.7400","1.3278","34.9982"
"79.7600","1.3281","35.1468"
"79.7800","1.3285","35.1348"
"79.8000","1.3288","35.0752"
"79.8200","1.3292","34.9801"
"79.8400","1.3296","34.9893"
"79.8600","1.3300","35.0928"
"79.8800","1.3303","35.1775"
"79.9000","1.3305","35.1246"
"79.9200","1.3308","35.0800"
"79.9400","1.3310","35.0548"
"79.9600","1.3313","35.1339"
"79.9800","1.3317","35.1305"
"80.0000","1.3320","35.1292"
"80.0200","1.3324","35.0952"
"80.0400","1.3328","35.1667"
"80.0600","1.3331","35.2169"
"80.0800","1.3334","35.1569"
"80.1000","1.3337","35.2009"
"80.1200","1.3340","35.2373"
"80.1400","1.3343","35.2552"
"80.1600","1.3347","35.3056"
"80.1800","1.3352","35.3513"
"80.2000","1.3356","35.3355"
"80.2200","1.3360","35.4168"
"80.2400","1.3363","35.3887"
"80.2600","1.3366","35.3276"
"80.2800","1.3368","35.3097"
"80.3000","1.3371","35.2909"
"80.3200","1.3374","35.3038"
"80.3400","1.3377","35.2977"
"80.3600","1.3381","35.2599"
"80.3800","1.3385","35.2802"
"80.4000","1.3388","35.3732"
"80.4200","1.3392","35.4081"
"80.4400","1.3395","35.3453"
"80.4600","1.3398","35.3188"
"80.4800","1.3402","35.3583"
"80.5000","1.3405","35.3467"
"80.5200","1.3409","35.4235"
"80.5400","1.3413","35.4576"
"80.5600","1.3416","35.4677"
"80.5800","1.3419","35.3721"
"80.6000","1.3421","35.4397"
"80.6200","1.3424","35.4575"
"80.6400","1.3427","35.4576"
"80.6600","1.3430","35.4811"
"80.6800","1.3433","35.5055"
"80.7000","1.3437","35.5553"
"80.7200","1.3441","35.5534"
"80.7400","1.3445","35.5339"
"80.7600","1.3448","35.5672"
"80.7800","1.3451","35.4919"
"80.8000","1.3453","35.4906"
"80.8200","1.3457","35.5360"
"80.8400","1.3460","35.5839"
"80.8600","1.3465","35.5495"
"80.8800","1.3470","35.5876"
"80.9000","1.3474","35.6536"
"80.9200","1.3477","35.6923"
"80.9400","1.3479","35.7220"
"80.9600","1.3482","35.7428"
"80.9800","1.3484","35.6711"
"81.0000","1.3487","35.6894"
"81.0200","1.3490","35.7959"
"81.0400","1.3494","35.7849"
"81.0600","1.3498","35.7559"
"81.0800","1.3502","35.7310"
"81.1000","1.3505","35.6853"
"81.1200","1.3508","35.7274"
"81.1400","1.3511","35.7106"
"81.1600","1.3515","35.7129"
"81.1800","1.3518","35.7407"
"81.2000","1.3522","35.7783"
"81.2200","1.3526","35.8217"
"81.2400","1.3530","35.8427"
"81.2600","1.3533","35.8330"
"81.2800","1.3535","35.9345"
"81.3000","1.3538","35.8789"
"81.3200","1.3540","35.8089"
"81.3400","1.3544","35.8521"
"81.3600","1.3547","35.8290"
"81.3800","1.3551","35.8745"
"81.4000","1.3555","35.8292"
"81.4200","1.3558","35.8661"
"81.4400","1.3562","36.0001"
"81.4600","1.3564","35.9778"
"81.4800","1.3567","35.9011"
"81.5000","1.3570","35.8414"
"81.5200","1.3574","35.9075"
"81.5400","1.3578","35.9258"
"81.5600","1.3583","35.9624"
"81.5800","1.3587","35.9313"
"81.6000","1.3591","36.0404"
"81.6200","1.3593","36.0890"
"81.6400","1.3596","36.0571"
"81.6600","1.3598","36.0518"
"81.6800","1.3600","36.0175"
"81.7000","1.3604","35.9168"
"81.7200","1.3607","35.9329"
"81.7400","1.3611","36.0935"
"81.7600","1.3615","36.1315"
"81.7800","1.3619","36.1131"
"81.8000","1.3622","36.0715"
"81.8200","1.3625","36.0549"
"81.8400","1.3628","36.0495"
"81.8600","1.3632","36.0953"
"81.8800","1.3636","36.1907"
"81.9000","1.3639","36.2698"
"81.9200","1.3643","36.1771"
"81.9400","1.3646","36.1784"
"81.9600","1.3649","36.2247"
"81.9800","1.3651","36.2690"
"82.0000","1.3654","36.3369"
"82.0200","1.3657","36.3048"
"82.0400","1.3660","36.2331"
"82.0600","1.3664","36.3098"
"82.0800","1.3668","36.2852"
"82.1000","1.3672","36.2568"
"82.1200","1.3675","36.2924"
"82.1400","1.3678","36.2887"
"82.1600","1.3680","36.2120"
"82.1800","1.3683","36.2562"
"82.2000","1.3687","36.3071"
"82.2200","1.3691","36.2741"
"82.2400","1.3695","36.2225"
"82.2600","1.3700","36.3620"
"82.2800","1.3704","36.3898"
"82.3000","1.3707","36.3856"
"82.3200","1.3709","36.4452"
"82.3400","1.3712","36.4271"
"82.3600","1.3714","36.3618"
"82.3800","1.3717","36.3587"
"82.4000","1.3720","36.3252"
"82.4200","1.3724","36.3222"
"82.4400","1.3728","36.3593"
"82.4600","1.3732","36.4436"
"82.4800","1.3735","36.4062"
"82.5000","1.3739","36.4463"
"82.5200","1.3742","36.4394"
"82.5400","1.3745","36.4852"
"82.5600","1.3749","36.4863"
"82.5800","1.3752","36.4509"
"82.6000","1.3756","36.4342"
"82.6200","1.3759","36.4111"
"82.6400","1.3762","36.4123"
"82.6600","1.3765","36.5157"
"82.6800","1.3768","36.6920"
"82.7000","1.3770","36.7420"
"82.7200","1.3773","36.6620"
"82.7400","1.3777","36.5779"
"82.7600","1.3781","36.5060"
"82.7800","1.3784","36.6169"
"82.8000","1.3788","36.6639"
"82.8200","1.3791","36.6383"
"82.8400","1.3794","36.6539"
"82.8600","1.3796","36.6717"
"82.8800","1.3799","36.7053"
"82.9000","1.3803","36.7069"
"82.9200","1.3807","36.6778"
"82.9400","1.3812","36.7084"
"82.9600","1.3817","36.8012"
"82.9800","1.3821","36.7640"
"83.0000","1.3823","36.7646"
"83.0200","1.3826","36.7369"
"83.0400","1.3828","36.8249"
"83.0600","1.3830","36.8453"
"83.0800","1.3834","36.7627"
"83.1000","1.3837","36.7854"
"83.1200","1.3841","36.7731"
"83.1400","1.3845","36.8524"
"83.1600","1.3848","36.8349"
"83.1800","1.3852","36.8107"
"83.2000","1.3855","36.8058"
"83.2200","1.3858","36.7650"
"83.2400","1.3861","36.7623"
"83.2600","1.3865","36.8638"
"83.2800","1.3869","37.0147"
"83.3000","1.3873","37.0204"
"83.3200","1.3876","36.9064"
"83.3400","1.3879","36.9000"
"83.3600","1.3881","36.9431"
"83.3800","1.3884","36.9215"
"83.4000","1.3887","36.9203"
"83.4200","1.3890","36.9763"
"83.4400","1.3894","36.9726"
"83.4600","1.3898","36.9483"
"83.4800","1.3902","37.0307"
"83.5000","1.3905","37.0424"
"83.5200","1.3908","36.9637"
"83.5400","1.3910","36.9310"
"83.5600","1.3913","36.9635"
"83.5800","1.3917","37.0110"
"83.6000","1.3920","37.0288"
"83.6200","1.3925","37.0633"
"83.6400","1.3930","37.0044"
"83.6600","1.3934","36.9962"
"83.6800","1.3937","36.9848"
"83.7000","1.3939","36.9839"
"83.7200","1.3941","37.1112"
"83.7400","1.3944","37.1934"
"83.7600","1.3947","37.1397"
"83.7800","1.3950","37.0596"
"83.8000","1.3954","37.0387"
"83.8200","1.3958","37.0782"
"83.8400","1.3961","37.1722"
"83.8600","1.3965","37.2011"
"83.8800","1.3968","37.1916"
"83.9000","1.3971","37.1657"
"83.9200","1.3974","37.0870"
"83.9400","1.3978","37.0844"
"83.9600","1.3982","37.2011"
"83.9800","1.3986","37.3066"
"84.0000","1.3990","37.3035"
"84.0200","1.3993","37.2405"
"84.0400","1.3995","37.2447"
"84.0600","1.3998","37.2217"
"84.0800","1.4000","37.1947"
"84.1000","1.4004","37.2856"
"84.1200","1.4007","37.3392"
"84.1400","1.4011","37.3329"
"84.1600","1.4015","37.2805"
"84.1800","1.4018","37.2615"
"84.2000","1.4021","37.2033"
"84.2200","1.4024","37.2216"
"84.2400","1.4027","37.3172"
"84.2600","1.4030","37.4264"
"84.2800","1.4033","37.4172"
"84.3000","1.4038","37.3683"
"84.3200","1.4043","37.2796"
"84.3400","1.4047","37.3485"
"84.3600","1.4050","37.4366"
"84.3800","1.4053","37.4883"
"84.4000","1.4055","37.4609"
"84.4200","1.4058","37.4245"
"84.4400","1.4060","37.3944"
"84.4600","1.4064","37.3960"
"84.4800","1.4067","37.4978"
"84.5000","1.4071","37.4601"
"84.5200","1.4075","37.3500"
"84.5400","1.4078","37.4797"
"84.5600","1.4081","37.5651"
"84.5800","1.4084","37.5965"
"84.6000","1.4088","37.5399"
"84.6200","1.4092","37.5197"
"84.6400","1.4096","37.5253"
"84.6600","1.4100","37.6116"
"84.6800","1.4104","37.6679"
"84.7000","1.4106","37.7324"
"84.7200","1.4109","37.6634"
"84.7400","1.4111","37.7066"
"84.7600","1.4114","37.5955"
"84.7800","1.4117","37.5635"
"84.8000","1.4121","37.6685"
"84.8200","1.4124","37.6740"
"84.8400","1.4128","37.6684"
"84.8600","1.4132","37.6973"
"84.8800","1.4135","37.7144"
"84.9000","1.4138","37.7671"
"84.9200","1.4140","37.8265"
"84.9400","1.4143","37.8279"
"84.9600","1.4147","37.7290"
"84.9800","1.4151","37.7334"
"85.0000","1.4155","37.7749"
"85.0200","1.4160","37.8701"
"85.0400","1.4164","37.8629"
"85.0600","1.4167","37.8593"
"85.0800","1.4169","37.8876"
"85.1000","1.4171","37.8266"
"85.1200","1.4174","37.8084"
"85.1400","1.4177","37.8126"
"85.1600","1.4181","37.8332"
"85.1800","1.4185","37.9091"
"85.2000","1.4188","37.9513"
"85.2200","1.4192","37.9226"
"85.2400","1.4195","37.9709"
"85.2600","1.4198","37.9312"
"85.2800","1.4201","37.9031"
"85.3000","1.4205","37.8041"
"85.3200","1.4209","37.7701"
"85.3400","1.4213","37.8067"
"85.3600","1.4217","37.8903"
"85.3800","1.4220","37.9332"
"85.4000","1.4223","37.9808"
"85.4200","1.4225","38.0293"
"85.4400","1.4228","37.9870"
"85.4600","1.4230","38.0424"
"85.4800","1.4234","38.0690"
"85.5000","1.4237","38.0271"
"85.5200","1.4241","38.0599"
"85.5400","1.4245","38.0275"
"85.5600","1.4248","38.0692"
"85.5800","1.4251","38.0881"
"85.6000","1.4254","38.0706"
"85.6200","1.4256","38.0933"
"85.6400","1.4259","38.1715"
"85.6600","1.4263","38.1577"
"85.6800","1.4268","38.1718"
"85.7000","1.4273","38.1596"
"85.7200","1.4277","38.0963"
"85.7400","1.4280","38.1148"
"85.7600","1.4283","38.1912"
"85.7800","1.4285","38.2253"
"85.8000","1.4288","38.1555"
"85.8200","1.4291","38.1661"
"85.8400","1.4294","38.2418"
"85.8600","1.4298","38.2446"
"85.8800","1.4302","38.1786"
"85.9000","1.4305","38.2237"
"85.9200","1.4308","38.2645"
"85.9400","1.4311","38.2361"
"85.9600","1.4314","38.2062"
"85.9800","1.4318","38.2844"
"86.0000","1.4321","38.2914"
"86.0200","1.4326","38.2790"
"86.0400","1.4330","38.3107"
"86.0600","1.4333","38.4525"
"86.0800","1.4336","38.4553"
"86.1000","1.4339","38.3650"
"86.1200","1.4341","38.3821"
"86.1400","1.4344","38.4151"
"86.1600","1.4347","38.4011"
"86.1800","1.4351","38.3168"
"86.2000","1.4355","38.3165"
"86.2200","1.4358","38.3158"
"86.2400","1.4362","38.3480"
"86.2600","1.4365","38.3953"
"86.2800","1.4367","38.4076"
"86.3000","1.4370","38.4337"
"86.3200","1.4373","38.4439"
"86.3400","1.4376","38.4662"
"86.3600","1.4380","38.4982"
"86.3800","1.4385","38.4982"
"86.4000","1.4389","38.4973"
"86.4200","1.4393","38.5180"
"86.4400","1.4396","38.6126"
"86.4600","1.4398","38.5507"
"86.4800","1.4401","38.5323"
"86.5000","1.4404","38.5547"
"86.5200","1.4407","38.4671"
"86.5400","1.4410","38.5522"
"86.5600","1.4414","38.5716"
"86.5800","1.4418","38.5366"
"86.6000","1.4422","38.4985"
"86.6200","1.4425","38.5451"
"86.6400","1.4428","38.5154"
"86.6600","1.4431","38.5648"
"86.6800","1.4435","38.6566"
"86.7000","1.4439","38.6651"
"86.7200","1.4443","38.6715"
"86.7400","1.4447","38.6599"
"86.7600","1.4450","38.7542"
"86.7800","1.4453","38.7202"
"86.8000","1.4455","38.6962"
"86.8200","1.4458","38.6696"
"86.8400","1.4461","38.6969"
"86.8600","1.4464","38.7268"
"86.8800","1.4468","38.6985"
"86.9000","1.4472","38.7429"
"86.9200","1.4475","38.7362"
"86.9400","1.4478","38.7656"
"86.9600","1.4481","38.8071"
"86.9800","1.4484","38.8079"
"87.0000","1.4487","38.8112"
"87.0200","1.4490","38.8193"
"87.0400","1.4494","38.8269"
"87.0600","1.4498","38.8929"
"87.0800","1.4503","38.9334"
"87.1000","1.4507","38.9452"
"87.1200","1.4510","38.8606"
"87.1400","1.4512","38.8598"
"87.1600","1.4515","38.8908"
"87.1800","1.4517","38.9505"
"87.2000","1.4520","38.9777"
"87.2200","1.4524","38.9218"
"87.2400","1.4527","38.9007"
"87.2600","1.4531","38.8825"
"87.2800","1.4535","38.8423"
"87.3000","1.4538","38.8641"
"87.3200","1.4541","38.8475"
"87.3400","1.4544","38.8925"
"87.3600","1.4548","38.9314"
"87.3800","1.4552","38.9839"
"87.4000","1.4556","39.0844"
"87.4200","1.4560","39.0841"
"87.4400","1.4563","39.1212"
"87.4600","1.4566","39.1115"
"87.4800","1.4569","39.0143"
"87.5000","1.4571","38.9823"
"87.5200","1.4574","38.9725"
"87.5400","1.4577","39.0410"
"87.5600","1.4581","39.1144"
"87.5800","1.4585","39.0392"
"87.6000","1.4588","38.9965"
"87.6200","1.4592","39.0091"
"87.6400","1.4595","39.1920"
"87.6600","1.4597","39.2720"
"87.6800","1.4600","39.1526"
"87.7000","1.4603","39.1138"
"87.7200","1.4606","39.1348"
"87.7400","1.4610","39.1983"
"87.7600","1.4615","39.3080"
"87.7800","1.4620","39.1533"
"87.8000","1.4623","39.2149"
"87.8200","1.4626","39.3087"
"87.8400","1.4628","39.3713"
"87.8600","1.4631","39.3375"
"87.8800","1.4634","39.2222"
"87.9000","1.4637","39.2581"
"87.9200","1.4640","39.3030"
"87.9400","1.4644","39.3450"
"87.9600","1.4648","39.3142"
"87.9800","1.4652","39.2916"
"88.0000","1.4655","39.2698"
"88.0200","1.4658","39.3174"
"88.0400","1.4661","39.3693"
"88.0600","1.4665","39.3876"
"88.0800","1.4669","39.3554"
"88.1000","1.4673","39.4417"
"88.1200","1.4677","39.4840"
"88.1400","1.4680","39.4383"
"88.1600","1.4682","39.3790"
"88.1800","1.4685","39.4129"
"88.2000","1.4687","39.3419"
"88.2200","1.4690","39.4263"
"88.2400","1.4693","39.3654"
"88.2600","1.4697","39.3462"
"88.2800","1.4701","39.4135"
"88.3000","1.4705","39.4224"
"88.3200","1.4709","39.4890"
"88.3400","1.4711","39.5028"
"88.3600","1.4714","39.4695"
"88.3800","1.4717","39.4705"
"88.4000","1.4720","39.5100"
"88.4200","1.4724","39.4406"
"88.4400","1.4728","39.3257"
"88.4600","1.4733","39.4690"
"88.4800","1.4737","39.6283"
"88.5000","1.4740","39.6960"
"88.5200","1.4743","39.6732"
"88.5400","1.4745","39.6150"
"88.5600","1.4747","39.6239"
"88.5800","1.4750","39.6382"
"88.6000","1.4754","39.6722"
"88.6200","1.4758","39.7379"
"88.6400","1.4762","39.7145"
"88.6600","1.4765","39.7698"
"88.6800","1.4768","39.7218"
"88.7000","1.4771","39.6160"
"88.7200","1.4774","39.6395"
"88.7400","1.4778","39.7202"
"88.7600","1.4782","39.7520"
"88.7800","1.4786","39.7244"
"88.8000","1.4790","39.6793"
"88.8200","1.4793","39.6446"
"88.8400","1.4796","39.7042"
"88.8600","1.4798","39.7846"
"88.8800","1.4801","39.7265"
"88.9000","1.4804","39.7178"
"88.9200","1.4807","39.7466"
"88.9400","1.4811","39.8011"
"88.9600","1.4815","39.8229"
"88.9800","1.4819","39.8155"
"89.0000","1.4822","39.8021"
"89.0200","1.4825","39.8537"
"89.0400","1.4828","39.9206"
"89.0600","1.4830","39.8494"
"89.0800","1.4833","39.8687"
"89.1000","1.4837","39.9291"
"89.1200","1.4841","39.9379"
"89.1400","1.4846","39.9313"
"89.1600","1.4850","39.9696"
"89.1800","1.4854","40.0769"
"89.2000","1.4856","40.0867"
"89.2200","1.4858","39.9681"
"89.2400","1.4861","39.9747"
"89.2600","1.4864","39.9353"
"89.2800","1.4867","39.9409"
"89.3000","1.4870","39.9895"
"89.3200","1.4874","40.0808"
"89.3400","1.4878","40.0268"
"89.3600","1.4881","40.1020"
"89.3800","1.4884","40.0974"
"89.4000","1.4888","40.1434"
"89.4200","1.4891","40.1731"
"89.4400","1.4895","40.1106"
"89.4600","1.4899","40.0115"
"89.4800","1.4903","39.9877"
"89.5000","1.4907","40.0275"
"89.5200","1.4910","40.1381"
"89.5400","1.4912","40.0960"
"89.5600","1.4915","40.1524"
"89.5800","1.4917","40.1634"
"89.6000","1.4920","40.1704"
"89.6200","1.4924","40.1322"
"89.6400","1.4928","40.1995"
"89.6600","1.4932","40.2139"
"89.6800","1.4935","40.1583"
"89.7000","1.4938","40.1490"
"89.7200","1.4941","40.2644"
"89.7400","1.4944","40.3466"
"89.7600","1.4947","40.3057"
"89.7800","1.4950","40.2418"
"89.8000","1.4954","40.2075"
"89.8200","1.4959","40.2788"
"89.8400","1.4963","40.2703"
"89.8600","1.4967","40.3278"
"89.8800","1.4970","40.3470"
"89.9000","1.4972","40.3195"
"89.9200","1.4975","40.3825"
"89.9400","1.4977","40.4336"
"89.9600","1.4980","40.4415"
"89.9800","1.4983","40.3723"
"90.0000","1.4987","40.3287"
"90.0200","1.4991","40.2587"
"90.0400","1.4995","40.1940"
"90.0600","1.4998","40.2620"
"90.0800","1.5001","40.2918"
"90.1000","1.5004","40.3188"
"90.1200","1.5008","40.3470"
"90.1400","1.5012","40.3705"
"90.1600","1.5016","40.4672"
"90.1800","1.5020","40.5246"
"90.2000","1.5024","40.4580"
"90.2200","1.5026","40.4551"
"90.2400","1.5029","40.4722"
"90.2600","1.5031","40.4529"
"90.2800","1.5034","40.4745"
"90.3000","1.5037","40.5261"
"90.3200","1.5041","40.5624"
"90.3400","1.5045","40.6131"
"90.3600","1.5048","40.5458"
"90.3800","1.5052","40.5732"
"90.4000","1.5055","40.5470"
"90.4200","1.5057","40.5289"
"90.4400","1.5060","40.5466"
"90.4600","1.5063","40.6274"
"90.4800","1.5067","40.6904"
"90.5000","1.5071","40.7428"
"90.5200","1.5076","40.7559"
"90.5400","1.5080","40.7055"
"90.5600","1.5084","40.7331"
"90.5800","1.5086","40.6962"
"90.6000","1.5089","40.6646"
"90.6200","1.5091","40.6782"
"90.6400","1.5094","40.7126"
"90.6600","1.5097","40.7541"
"90.6800","1.5100","40.7768"
"90.7000","1.5104","40.7579"
"90.7200","1.5108","40.6720"
"90.7400","1.5111","40.6989"
"90.7600","1.5114","40.7263"
"90.7800","1.5118","40.7022"
"90.8000","1.5121","40.7189"
"90.8200","1.5125","40.8219"
"90.8400","1.5129","40.9047"
"90.8600","1.5133","40.8904"
"90.8800","1.5137","40.7890"
"90.9000","1.5140","40.7683"
"90.9200","1.5142","40.8201"
"90.9400","1.5144","40.8807"
"90.9600","1.5147","40.9153"
"90.9800","1.5150","40.9582"
"91.0000","1.5153","40.9196"
"91.0200","1.5157","40.8597"
"91.0400","1.5161","40.8983"
"91.0600","1.5165","40.9075"
"91.0800","1.5168","40.9052"
"91.1000","1.5171","40.9749"
"91.1200","1.5174","40.9897"
"91.1400","1.5177","40.9374"
"91.1600","1.5180","40.9766"
"91.1800","1.5184","40.9905"
"91.2000","1.5189","40.9280"
"91.2200","1.5193","40.9386"
"91.2400","1.5197","41.0573"
"91.2600","1.5200","41.0861"
"91.2800","1.5202","41.0844"
"91.3000","1.5205","41.0765"
"91.3200","1.5207","41.1032"
"91.3400","1.5210","41.1209"
"91.3600","1.5213","41.0466"
"91.3800","1.5217","41.0482"
"91.4000","1.5221","41.0752"
"91.4200","1.5225","41.1274"
"91.4400","1.5228","41.1080"
"91.4600","1.5231","41.1879"
"91.4800","1.5234","41.1840"
"91.5000","1.5238","41.1764"
"91.5200","1.5242","41.1865"
"91.5400","1.5246","41.1821"
"91.5600","1.5250","41.1465"
"91.5800","1.5253","41.2158"
"91.6000","1.5256","41.2674"
"91.6200","1.5258","41.2506"
"91.6400","1.5261","41.1927"
"91.6600","1.5264","41.1876"
"91.6800","1.5267","41.1570"
"91.7000","1.5271","41.2181"
"91.7200","1.5275","41.3472"
"91.7400","1.5278","41.3954"
"91.7600","1.5282","41.3051"
"91.7800","1.5285","41.2635"
"91.8000","1.5287","41.2631"
"91.8200","1.5290","41.3852"
"91.8400","1.5293","41.3549"
"91.8600","1.5297","41.2840"
"91.8800","1.5301","41.3314"
"91.9000","1.5306","41.4268"
"91.9200","1.5311","41.4328"
"91.9400","1.5314","41.3991"
"91.9600","1.5317","41.4165"
"91.9800","1.5319","41.3988"
"92.0000","1.5321","41.4109"
"92.0200","1.5324","41.3945"
"92.0400","1.5327","41.3743"
"92.0600","1.5331","41.3763"
"92.0800","1.5334","41.4098"
"92.1000","1.5338","41.4062"
"92.1200","1.5342","41.4953"
"92.1400","1.5345","41.5464"
"92.1600","1.5348","41.5617"
"92.1800","1.5351","41.4961"
"92.2000","1.5355","41.5023"
"92.2200","1.5359","41.5533"
"92.2400","1.5363","41.5692"
"92.2600","1.5367","41.5097"
"92.2800","1.5370","41.4868"
"92.3000","1.5372","41.5444"
"92.3200","1.5375","41.5248"
"92.3400","1.5377","41.5479"
"92.3600","1.5380","41.5753"
"92.3800","1.5384","41.5976"
"92.4000","1.5388","41.5847"
"92.4200","1.5392","41.6041"
"92.4400","1.5395","41.6256"
"92.4600","1.5398","41.6678"
"92.4800","1.5401","41.7756"
"92.5000","1.5404","41.6945"
"92.5200","1.5407","41.6991"
"92.5400","1.5410","41.7150"
"92.5600","1.5414","41.7438"
"92.5800","1.5419","41.7794"
"92.6000","1.5424","41.8437"
"92.6200","1.5427","41.7705"
"92.6400","1.5430","41.8499"
"92.6600","1.5433","41.8014"
"92.6800","1.5435","41.7689"
"92.7000","1.5438","41.8559"
"92.7200","1.5440","41.8363"
"92.7400","1.5444","41.7633"
"92.7600","1.5448","41.7700"
"92.7800","1.5451","41.7961"
"92.8000","1.5455","41.8160"
"92.8200","1.5458","41.8664"
"92.8400","1.5461","41.8827"
"92.8600","1.5465","41.9049"
"92.8800","1.5468","41.8978"
"92.9000","1.5472","41.9089"
"92.9200","1.5476","41.8561"
"92.9400","1.5480","41.8467"
"92.9600","1.5483","41.8898"
"92.9800","1.5486","41.9623"
"93.0000","1.5488","41.9451"
"93.0200","1.5491","41.9247"
"93.0400","1.5494","41.9306"
"93.0600","1.5497","41.9117"
"93.0800","1.5501","41.9836"
"93.1000","1.5505","41.9437"
"93.1200","1.5509","42.0186"
"93.1400","1.5512","42.0404"
"93.1600","1.5515","42.0757"
"93.1800","1.5517","42.0666"
"93.2000","1.5520","42.0654"
"93.2200","1.5523","42.1488"
"93.2400","1.5527","42.0638"
"93.2600","1.5531","42.0276"
"93.2800","1.5536","42.1144"
"93.3000","1.5540","42.1825"
"93.3200","1.5544","42.1483"
"93.3400","1.5546","42.1414"
"93.3600","1.5549","42.0425"
"93.3800","1.5551","42.0416"
"93.4000","1.5554","42.0724"
"93.4200","1.5557","42.1005"
"93.4400","1.5561","42.0837"
"93.4600","1.5565","42.1024"
"93.4800","1.5568","42.1700"
"93.5000","1.5571","42.2478"
"93.5200","1.5575","42.2389"
"93.5400","1.5578","42.2165"
"93.5600","1.5581","42.2389"
"93.5800","1.5585","42.2351"
"93.6000","1.5589","42.2481"
"93.6200","1.5593","42.3337"
"93.6400","1.5596","42.3327"
"93.6600","1.5599","42.3145"
"93.6800","1.5602","42.3245"
"93.7000","1.5604","42.3351"
"93.7200","1.5607","42.3131"
"93.7400","1.5610","42.3158"
"93.7600","1.5613","42.2758"
"93.7800","1.5617","42.3338"
"93.8000","1.5621","42.4051"
"93.8200","1.5625","42.3678"
"93.8400","1.5628","42.3425"
"93.8600","1.5631","42.3652"
"93.8800","1.5634","42.4100"
"93.9000","1.5637","42.4649"
"93.9200","1.5640","42.4995"
"93.9400","1.5644","42.3831"
"93.9600","1.5649","42.4584"
"93.9800","1.5653","42.4751"
"94.0000","1.5657","42.4989"
"94.0200","1.5660","42.4572"
"94.0400","1.5662","42.4372"
"94.0600","1.5664","42.4304"
"94.0800","1.5667","42.4403"
"94.1000","1.5670","42.4929"
"94.1200","1.5674","42.5251"
"94.1400","1.5677","42.4920"
"94.1600","1.5681","42.4464"
"94.1800","1.5685","42.4644"
"94.2000","1.5688","42.5162"
"94.2200","1.5691","42.5333"
"94.2400","1.5695","42.6191"
"94.2600","1.5698","42.6297"
"94.2800","1.5702","42.6488"
"94.3000","1.5706","42.6296"
"94.3200","1.5710","42.6104"
"94.3400","1.5713","42.5791"
"94.3600","1.5715","42.6703"
"94.3800","1.5718","42.6450"
"94.4000","1.5721","42.6854"
"94.4200","1.5723","42.7131"
"94.4400","1.5727","42.7740"
"94.4600","1.5730","42.7792"
"94.4800","1.5734","42.8665"
"94.5000","1.5738","42.7699"
"94.5200","1.5741","42.6809"
"94.5400","1.5744","42.7103"
"94.5600","1.5747","42.7427"
"94.5800","1.5750","42.7241"
"94.6000","1.5753","42.7656"
"94.6200","1.5757","42.8322"
"94.6400","1.5762","42.7805"
"94.6600","1.5766","42.6965"
"94.6800","1.5770","42.7642"
"94.7000","1.5774","42.8554"
"94.7200","1.5776","42.8736"
"94.7400","1.5778","42.8876"
"94.7600","1.5781","42.9431"
"94.7800","1.5784","42.9526"
"94.8000","1.5787","42.8988"
"94.8200","1.5791","42.9000"
"94.8400","1.5795","42.8657"
"94.8600","1.5798","42.9269"
"94.8800","1.5802","42.8574"
"94.9000","1.5805","42.9012"
"94.9200","1.5808","42.9977"
"94.9400","1.5812","43.0296"
"94.9600","1.5815","43.0099"
"94.9800","1.5819","43.0218"
"95.0000","1.5823","43.0040"
"95.0200","1.5827","42.9649"
"95.0400","1.5829","42.9533"
"95.0600","1.5832","42.9985"
"95.0800","1.5834","43.0334"
"95.1000","1.5837","43.0592"
"95.1200","1.5840","43.0633"
"95.1400","1.5843","43.0851"
"95.1600","1.5847","43.0956"
"95.1800","1.5851","43.0631"
"95.2000","1.5855","43.1081"
"95.2200","1.5858","43.1780"
"95.2400","1.5861","43.1781"
"95.2600","1.5864","43.1622"
"95.2800","1.5867","43.1991"
"95.3000","1.5870","43.1875"
"95.3200","1.5875","43.0928"
"95.3400","1.5879","43.1349"
"95.3600","1.5884","43.1226"
"95.3800","1.5887","43.1552"
"95.4000","1.5890","43.1685"
"95.4200","1.5892","43.1582"
"95.4400","1.5894","43.1973"
"95.4600","1.5897","43.2315"
"95.4800","1.5900","43.2687"
"95.5000","1.5904","43.2586"
"95.5200","1.5908","43.2942"
"95.5400","1.5912","43.3428"
"95.5600","1.5915","43.2921"
"95.5800","1.5918","43.2508"
"95.6000","1.5921","43.2939"
"95.6200","1.5925","43.2829"
"95.6400","1.5928","43.2811"
"95.6600","1.5932","43.2399"
"95.6800","1.5936","43.3104"
"95.7000","1.5940","43.2952"
"95.7200","1.5943","43.2713"
"95.7400","1.5945","43.3571"
"95.7600","1.5948","43.4059"
"95.7800","1.5950","43.3812"
"95.8000","1.5953","43.3977"
"95.8200","1.5957","43.3774"
"95.8400","1.5960","43.3675"
"95.8600","1.5964","43.4273"
"95.8800","1.5968","43.4633"
"95.9000","1.5971","43.4264"
"95.9200","1.5974","43.4263"
"95.9400","1.5977","43.5077"
"95.9600","1.5980","43.5238"
"95.9800","1.5983","43.5239"
"96.0000","1.5987","43.5347"
"96.0200","1.5992","43.5512"
"96.0400","1.5997","43.5611"
"96.0600","1.6001","43.6318"
"96.0800","1.6004","43.6390"
"96.1000","1.6006","43.6380"
"96.1200","1.6008","43.6224"
"96.1400","1.6010","43.6121"
"96.1600","1.6013","43.5110"
"96.1800","1.6017","43.5166"
"96.2000","1.6021","43.6269"
"96.2200","1.6025","43.6432"
"96.2400","1.6029","43.6188"
"96.2600","1.6032","43.7026"
"96.2800","1.6035","43.7178"
"96.3000","1.6038","43.6495"
"96.3200","1.6042","43.6530"
"96.3400","1.6045","43.6964"
"96.3600","1.6049","43.7302"
"96.3800","1.6053","43.7062"
"96.4000","1.6056","43.7484"
"96.4200","1.6059","43.7506"
"96.4400","1.6061","43.8203"
"96.4600","1.6064","43.7722"
"96.4800","1.6067","43.7790"
"96.5000","1.6070","43.7258"
"96.5200","1.6074","43.6924"
"96.5400","1.6078","43.7866"
"96.5600","1.6082","43.8720"
"96.5800","1.6085","43.8637"
"96.6000","1.6088","43.8538"
"96.6200","1.6091","43.8574"
"96.6400","1.6093","43.8739"
"96.6600","1.6096","43.8535"
"96.6800","1.6100","43.8808"
"96.7000","1.6105","43.9134"
"96.7200","1.6110","43.9720"
"96.7400","1.6114","43.9519"
"96.7600","1.6117","43.9208"
"96.7800","1.6120","43.9058"
"96.8000","1.6122","43.9995"
"96.8200","1.6124","43.9831"
"96.8400","1.6127","43.9869"
"96.8600","1.6130","43.9651"
"96.8800","1.6134","43.9234"
"96.9000","1.6138","43.9571"
"96.9200","1.6142","44.0402"
"96.9400","1.6145","43.9818"
"96.9600","1.6149","43.9494"
"96.9800","1.6152","44.0105"
"97.0000","1.6155","44.0440"
"97.0200","1.6158","44.0178"
"97.0400","1.6162","44.0134"
"97.0600","1.6166","44.0308"
"97.0800","1.6170","44.0017"
"97.1000","1.6173","44.0344"
"97.1200","1.6175","44.0501"
"97.1400","1.6178","44.0172"
"97.1600","1.6180","44.0400"
"97.1800","1.6183","44.0563"
"97.2000","1.6187","44.0595"
"97.2200","1.6191","44.0127"
"97.2400","1.6194","44.1456"
"97.2600","1.6198","44.2279"
"97.2800","1.6201","44.2988"
"97.3000","1.6204","44.2910"
"97.3200","1.6207","44.1902"
"97.3400","1.6209","44.1434"
"97.3600","1.6213","44.1598"
"97.3800","1.6217","44.2370"
"97.4000","1.6222","44.2594"
"97.4200","1.6227","44.3243"
"97.4400","1.6231","44.3437"
"97.4600","1.6234","44.3375"
"97.4800","1.6236","44.3108"
"97.5000","1.6238","44.2919"
"97.5200","1.6241","44.2980"
"97.5400","1.6244","44.2894"
"97.5600","1.6247","44.2816"
"97.5800","1.6251","44.3381"
"97.6000","1.6255","44.3857"
"97.6200","1.6258","44.4198"
"97.6400","1.6262","44.3695"
"97.6600","1.6265","44.3469"
"97.6800","1.6268","44.3112"
"97.7000","1.6271","44.3942"
"97.7200","1.6275","44.3495"
"97.7400","1.6279","44.3720"
"97.7600","1.6283","44.3302"
"97.7800","1.6286","44.4519"
"97.8000","1.6289","44.5107"
"97.8200","1.6291","44.4287"
"97.8400","1.6294","44.5256"
"97.8600","1.6297","44.5151"
"97.8800","1.6300","44.4968"
"97.9000","1.6304","44.5427"
"97.9200","1.6308","44.5041"
"97.9400","1.6312","44.5190"
"97.9600","1.6315","44.4559"
"97.9800","1.6318","44.4178"
"98.0000","1.6320","44.4876"
"98.0200","1.6323","44.5796"
"98.0400","1.6326","44.5964"
"98.0600","1.6330","44.6126"
"98.0800","1.6334","44.6117"
"98.1000","1.6339","44.5955"
"98.1200","1.6344","44.6285"
"98.1400","1.6347","44.6362"
"98.1600","1.6349","44.6730"
"98.1800","1.6352","44.7423"
"98.2000","1.6354","44.6598"
"98.2200","1.6357","44.5775"
"98.2400","1.6360","44.5366"
"98.2600","1.6364","44.6265"
"98.2800","1.6368","44.6669"
"98.3000","1.6372","44.7173"
"98.3200","1.6375","44.8152"
"98.3400","1.6378","44.7598"
"98.3600","1.6381","44.7827"
"98.3800","1.6385","44.7991"
"98.4000","1.6388","44.7731"
"98.4200","1.6392","44.7913"
"98.4400","1.6396","44.7496"
"98.4600","1.6400","44.7222"
"98.4800","1.6403","44.7685"
"98.5000","1.6405","44.8014"
"98.5200","1.6408","44.7113"
"98.5400","1.6411","44.8216"
"98.5600","1.6414","44.7834"
"98.5800","1.6417","44.7529"
"98.6000","1.6421","44.8227"
"98.6200","1.6425","44.7952"
"98.6400","1.6428","44.7172"
"98.6600","1.6431","44.7819"
"98.6800","1.6434","44.8565"
"98.7000","1.6437","44.8456"
"98.7200","1.6440","44.9005"
"98.7400","1.6443","44.8851"
"98.7600","1.6447","44.8665"
"98.7800","1.6452","44.9321"
"98.8000","1.6457","45.0291"
"98.8200","1.6460","44.9903"
"98.8400","1.6463","45.0140"
"98.8600","1.6465","44.9135"
"98.8800","1.6468","44.9752"
"98.9000","1.6470","45.0318"
"98.9200","1.6474","45.0503"
"98.9400","1.6477","45.0322"
"98.9600","1.6481","45.0652"
"98.9800","1.6485","45.1075"
"99.0000","1.6488","45.0743"
"99.0200","1.6491","45.0237"
"99.0400","1.6495","45.0014"
"99.0600","1.6498","45.0822"
"99.0800","1.6502","45.0935"
"99.1000","1.6506","45.1347"
"99.1200","1.6510","45.1086"
"99.1400","1.6513","45.1796"
"99.1600","1.6516","45.1311"
"99.1800","1.6519","45.1215"
"99.2000","1.6521","45.1887"
"99.2200","1.6524","45.2197"
"99.2400","1.6527","45.2106"
"99.2600","1.6531","45.1243"
"99.2800","1.6534","45.1250"
"99.3000","1.6538","45.1336"
"99.3200","1.6542","45.1585"
"99.3400","1.6545","45.2390"
"99.3600","1.6548","45.2272"
"99.3800","1.6550","45.2990"
"99.4000","1.6553","45.2196"
"99.4200","1.6557","45.2402"
"99.4400","1.6560","45.2929"
"99.4600","1.6565","45.2674"
"99.4800","1.6570","45.2530"
"99.5000","1.6574","45.3850"
"99.5200","1.6577","45.3178"
"99.5400","1.6579","45.2702"
"99.5600","1.6581","45.3083"
"99.5800","1.6584","45.3091"
"99.6000","1.6587","45.3516"
"99.6200","1.6591","45.4252"
"99.6400","1.6594","45.4074"
"99.6600","1.6598","45.3551"
"99.6800","1.6602","45.4292"
"99.7000","1.6605","45.4712"
"99.7200","1.6608","45.5303"
"99.7400","1.6611","45.5083"
"99.7600","1.6615","45.4892"
"99.7800","1.6619","45.5424"
"99.8000","1.6623","45.5927"
"99.8200","1.6627","45.5435"
"99.8400","1.6630","45.5338"
"99.8600","1.6633","45.5824"
"99.8800","1.6635","45.5886"
"99.9000","1.6638","45.5353"
"99.9200","1.6641","45.5703"
"99.9400","1.6644","45.6479"
"99.9600","1.6647","45.6501"
"99.9800","1.6651","45.5778"
"100.0000","1.6655","45.5630"
"100.0200","1.6658","45.6096"
"100.0400","1.6661","45.6511"
"100.0600","1.6664","45.5956"
"100.0800","1.6667","45.6184"
"100.1000","1.6670","45.6558"
"100.1200","1.6673","45.6775"
"100.1400","1.6678","45.6232"
"100.1600","1.6682","45.5538"
"100.1800","1.6687","45.5884"
"100.2000","1.6690","45.6505"
"100.2200","1.6693","45.6698"
"100.2400","1.6695","45.7345"
"100.2600","1.6698","45.7809"
"100.2800","1.6701","45.7560"
"100.3000","1.6704","45.7450"
"100.3200","1.6708","45.7293"
"100.3400","1.6712","45.7145"
"100.3600","1.6715","45.7599"
"100.3800","1.6718","45.7696"
"100.4000","1.6721","45.7122"
"100.4200","1.6724","45.6913"
"100.4400","1.6728","45.7327"
"100.4600","1.6731","45.7740"
"100.4800","1.6736","45.8414"
"100.5000","1.6740","45.7941"
"100.5200","1.6743","45.7823"
"100.5400","1.6747","45.8941"
"100.5600","1.6749","45.9341"
"100.5800","1.6752","45.8972"
"100.6000","1.6754","45.8574"
"100.6200","1.6757","45.9213"
"100.6400","1.6761","45.9605"
"100.6600","1.6765","45.9933"
"100.6800","1.6768","45.9388"
"100.7000","1.6772","45.9405"
"100.7200","1.6775","46.0068"
"100.7400","1.6778","45.9618"
"100.7600","1.6780","45.9215"
"100.7800","1.6783","45.9507"
"100.8000","1.6786","46.0195"
"100.8200","1.6790","46.0053"
"100.8400","1.6795","46.0455"
"100.8600","1.6799","46.0159"
"100.8800","1.6803","45.9950"
"100.9000","1.6806","46.0102"
"100.9200","1.6809","46.0525"
"100.9400","1.6811","46.0495"
"100.9600","1.6814","46.0231"
"100.9800","1.6817","46.0300"
"101.0000","1.6821","46.0161"
"101.0200","1.6824","46.0663"
"101.0400","1.6828","46.1199"
"101.0600","1.6832","46.1843"
"101.0800","1.6835","46.1606"
"101.1000","1.6838","46.1440"
"101.1200","1.6841","46.2142"
"101.1400","1.6845","46.2184"
"101.1600","1.6849","46.1733"
"101.1800","1.6853","46.1537"
"101.2000","1.6857","46.2003"
"101.2200","1.6860","46.2202"
"101.2400","1.6863","46.3003"
"101.2600","1.6865","46.3316"
"101.2800","1.6868","46.3379"
"101.3000","1.6871","46.2799"
"101.3200","1.6874","46.2999"
"101.3400","1.6877","46.2479"
"101.3600","1.6881","46.2359"
"101.3800","1.6885","46.1974"
"101.4000","1.6888","46.2412"
"101.4200","1.6891","46.2499"
"101.4400","1.6894","46.3069"
"101.4600","1.6896","46.4181"
"101.4800","1.6900","46.3967"
"101.5000","1.6903","46.3623"
"101.5200","1.6908","46.3565"
"101.5400","1.6912","46.3783"
"101.5600","1.6916","46.4538"
"101.5800","1.6920","46.4504"
"101.6000","1.6923","46.4395"
"101.6200","1.6925","46.4442"
"101.6400","1.6927","46.4190"
"101.6600","1.6930","46.3423"
"101.6800","1.6933","46.3803"
"101.7000","1.6937","46.4563"
"101.7200","1.6941","46.5116"
"101.7400","1.6945","46.4656"
"101.7600","1.6948","46.4650"
"101.7800","1.6951","46.4998"
"101.8000","1.6954","46.5561"
"101.8200","1.6958","46.5524"
"101.8400","1.6961","46.6025"
"101.8600","1.6966","46.4795"
"101.8800","1.6970","46.4304"
"101.9000","1.6973","46.4746"
"101.9200","1.6976","46.5222"
"101.9400","1.6979","46.6057"
"101.9600","1.6981","46.6701"
"101.9800","1.6984","46.6133"
"102.0000","1.6987","46.5983"
"102.0200","1.6990","46.5078"
"102.0400","1.6994","46.4954"
"102.0600","1.6998","46.5409"
"102.0800","1.7002","46.6380"
"102.1000","1.7005","46.6409"
"102.1200","1.7008","46.6246"
"102.1400","1.7010","46.5784"
"102.1600","1.7013","46.5974"
"102.1800","1.7016","46.6111"
"102.2000","1.7020","46.6462"
"102.2200","1.7025","46.6900"
"102.2400","1.7030","46.6105"
"102.2600","1.7033","46.6450"
"102.2800","1.7036","46.6635"
"102.3000","1.7039","46.7343"
"102.3200","1.7041","46.7392"
"102.3400","1.7044","46.6936"
"102.3600","1.7047","46.8011"
"102.3800","1.7050","46.8091"
"102.4000","1.7054","46.7364"
"102.4200","1.7058","46.7169"
"102.4400","1.7062","46.7935"
"102.4600","1.7065","46.8485"
"102.4800","1.7068","46.8375"
"102.5000","1.7071","46.7652"
"102.5200","1.7075","46.7863"
"102.5400","1.7079","46.8452"
"102.5600","1.7083","46.8637"
"102.5800","1.7087","46.8692"
"102.6000","1.7090","46.8706"
"102.6200","1.7093","46.8640"
"102.6400","1.7095","46.9189"
"102.6600","1.7097","46.9405"
"102.6800","1.7100","46.9006"
"102.7000","1.7103","46.9564"
"102.7200","1.7107","46.9342"
"102.7400","1.7111","46.9039"
"102.7600","1.7115","46.8918"
"102.7800","1.7119","46.9868"
"102.8000","1.7122","47.0794"
"102.8200","1.7124","47.0633"
"102.8400","1.7127","47.0690"
"102.8600","1.7130","47.0246"
"102.8800","1.7134","47.0760"
"102.9000","1.7138","47.0829"
"102.9200","1.7143","47.0696"
"102.9400","1.7147","46.9862"
"102.9600","1.7150","47.0482"
"102.9800","1.7153","47.1954"
"103.0000","1.7155","47.2320"
"103.0200","1.7158","47.0802"
"103.0400","1.7160","47.0384"
"103.0600","1.7164","47.0991"
"103.0800","1.7167","47.1471"
"103.1000","1.7171","47.1023"
"103.1200","1.7175","47.0835"
"103.1400","1.7178","47.1362"
"103.1600","1.7181","47.1423"
"103.1800","1.7184","47.2305"
"103.2000","1.7188","47.2259"
"103.2200","1.7192","47.2549"
"103.2400","1.7196","47.2352"
"103.2600","1.7200","47.2727"
"103.2800","1.7204","47.1783"
"103.3000","1.7206","47.1539"
"103.3200","1.7209","47.1883"
"103.3400","1.7211","47.2523"
"103.3600","1.7214","47.2735"
"103.3800","1.7217","47.3186"
"103.4000","1.7220","47.3121"
"103.4200","1.7224","47.2850"
"103.4400","1.7228","47.3525"
"103.4600","1.7232","47.4173"
"103.4800","1.7235","47.3744"
"103.5000","1.7238","47.3487"
"103.5200","1.7240","47.3926"
"103.5400","1.7243","47.3801"
"103.5600","1.7247","47.3420"
"103.5800","1.7251","47.3767"
"103.6000","1.7256","47.4095"
"103.6200","1.7260","47.4940"
"103.6400","1.7264","47.5063"
"103.6600","1.7266","47.4938"
"103.6800","1.7269","47.4739"
"103.7000","1.7271","47.4615"
"103.7200","1.7274","47.4629"
"103.7400","1.7277","47.5034"
"103.7600","1.7280","47.4355"
"103.7800","1.7284","47.4641"
"103.8000","1.7288","47.5648"
"103.8200","1.7292","47.5972"
"103.8400","1.7295","47.5995"
"103.8600","1.7298","47.5866"
"103.8800","1.7301","47.6028"
"103.9000","1.7305","47.6180"
"103.9200","1.7309","47.5541"
"103.9400","1.7313","47.5168"
"103.9600","1.7317","47.5902"
"103.9800","1.7320","47.5459"
"104.0000","1.7322","47.6240"
"104.0200","1.7325","47.6909"
"104.0400","1.7327","47.6369"
"104.0600","1.7330","47.6204"
"104.0800","1.7334","47.6540"
"104.1000","1.7337","47.6124"
"104.1200","1.7341","47.5473"
"104.1400","1.7345","47.6532"
"104.1600","1.7348","47.6912"
"104.1800","1.7351","47.7428"
"104.2000","1.7354","47.7576"
"104.2200","1.7357","47.7585"
"104.2400","1.7360","47.7816"
"104.2600","1.7364","47.7305"
"104.2800","1.7368","47.6964"
"104.3000","1.7373","47.7653"
"104.3200","1.7377","47.8270"
"104.3400","1.7380","47.8728"
"104.3600","1.7383","47.8520"
"104.3800","1.7385","47.7850"
"104.4000","1.7387","47.6849"
"104.4200","1.7390","47.7147"
"104.4400","1.7393","47.7787"
"104.4600","1.7397","47.9017"
"104.4800","1.7401","48.0197"
"104.5000","1.7404","47.9858"
"104.5200","1.7408","47.9285"
"104.5400","1.7411","47.9643"
"104.5600","1.7414","47.9289"
"104.5800","1.7418","47.9373"
"104.6000","1.7422","47.8983"
"104.6200","1.7426","47.8392"
"104.6400","1.7430","47.9217"
"104.6600","1.7433","47.9607"
"104.6800","1.7436","47.9839"
"104.7000","1.7439","47.9487"
"104.7200","1.7441","47.9470"
"104.7400","1.7444","47.9562"
"104.7600","1.7447","47.9829"
"104.7800","1.7450","47.9805"
"104.8000","1.7454","47.9945"
"104.8200","1.7458","47.9726"
"104.8400","1.7462","47.9305"
"104.8600","1.7465","47.9971"
"104.8800","1.7467","48.1143"
"104.9000","1.7470","48.1482"
"104.9200","1.7473","48.0943"
"104.9400","1.7477","47.9583"
"104.9600","1.7481","47.9945"
"104.9800","1.7485","48.0995"
"105.0000","1.7490","48.1126"
"105.0200","1.7494","48.0784"
"105.0400","1.7497","48.0994"
"105.0600","1.7499","48.1632"
"105.0800","1.7501","48.1162"
"105.1000","1.7504","48.1020"
"105.1200","1.7507","48.1818"
"105.1400","1.7510","48.1828"
"105.1600","1.7514","48.1491"
"105.1800","1.7518","48.1590"
"105.2000","1.7521","48.2444"
"105.2200","1.7524","48.2152"
"105.2400","1.7527","48.2494"
"105.2600","1.7531","48.2659"
"105.2800","1.7534","48.2484"
"105.3000","1.7539","48.2487"
"105.3200","1.7543","48.3357"
"105.3400","1.7547","48.3552"
"105.3600","1.7550","48.3325"
"105.3800","1.7552","48.3100"
"105.4000","1.7555","48.3551"
"105.4200","1.7557","48.3903"
"105.4400","1.7560","48.4457"
"105.4600","1.7564","48.4022"
"105.4800","1.7567","48.3841"
"105.5000","1.7571","48.3776"
"105.5200","1.7575","48.3625"
"105.5400","1.7578","48.3812"
"105.5600","1.7581","48.3973"
"105.5800","1.7584","48.4954"
"105.6000","1.7587","48.5398"
"105.6200","1.7590","48.4964"
"105.6400","1.7594","48.4530"
"105.6600","1.7598","48.4661"
"105.6800","1.7603","48.4761"
"105.7000","1.7607","48.4213"
"105.7200","1.7610","48.5311"
"105.7400","1.7613","48.5365"
"105.7600","1.7615","48.5615"
"105.7800","1.7617","48.5796"
"105.8000","1.7620","48.5094"
"105.8200","1.7623","48.3668"
"105.8400","1.7627","48.3295"
"105.8600","1.7631","48.4296"
"105.8800","1.7635","48.5326"
"105.9000","1.7638","48.6308"
"105.9200","1.7641","48.6271"
"105.9400","1.7644","48.6087"
"105.9600","1.7648","48.5715"
"105.9800","1.7652","48.6173"
"106.0000","1.7656","48.6025"
"106.0200","1.7660","48.6589"
"106.0400","1.7663","48.7098"
"106.0600","1.7666","48.6994"
"106.0800","1.7668","48.6549"
"106.1000","1.7671","48.6125"
"106.1200","1.7674","48.6425"
"106.1400","1.7677","48.6448"
"106.1600","1.7680","48.6169"
"106.1800","1.7684","48.7641"
"106.2000","1.7688","48.8377"
"106.2200","1.7692","48.8067"
"106.2400","1.7695","48.7864"
"106.2600","1.7698","48.8201"
"106.2800","1.7700","48.7657"
"106.3000","1.7703","48.7881"
"106.3200","1.7707","48.8039"
"106.3400","1.7711","48.7124"
"106.3600","1.7716","48.8072"
"106.3800","1.7720","48.8487"
"106.4000","1.7724","48.8208"
"106.4200","1.7727","48.8159"
"106.4400","1.7729","48.8944"
"106.4600","1.7731","48.8512"
"106.4800","1.7734","48.7678"
"106.5000","1.7737","48.7926"
"106.5200","1.7740","48.8926"
"106.5400","1.7744","48.9363"
"106.5600","1.7748","48.9209"
"106.5800","1.7752","48.9340"
"106.6000","1.7755","48.9554"
"106.6200","1.7758","48.9384"
"106.6400","1.7761","48.9736"
"106.6600","1.7765","48.9731"
"106.6800","1.7769","48.9463"
"106.7000","1.7773","48.9965"
"106.7200","1.7777","49.0279"
"106.7400","1.7780","49.0131"
"106.7600","1.7782","49.0316"
"106.7800","1.7785","49.0649"
"106.8000","1.7787","49.0730"
"106.8200","1.7790","49.0842"
"106.8400","1.7793","49.0365"
"106.8600","1.7797","49.0241"
"106.8800","1.7801","49.0821"
"106.9000","1.7805","49.1075"
"106.9200","1.7808","49.0851"
"106.9400","1.7811","49.0823"
"106.9600","1.7814","49.1178"
"106.9800","1.7816","49.0679"
"107.0000","1.7820","49.0812"
"107.0200","1.7824","49.1266"
"107.0400","1.7828","49.1745"
"107.0600","1.7833","49.2094"
"107.0800","1.7838","49.2729"
"107.1000","1.7841","49.2049"
"107.1200","1.7843","49.1829"
"107.1400","1.7845","49.1880"
"107.1600","1.7848","49.2777"
"107.1800","1.7850","49.2813"
"107.2000","1.7854","49.3094"
"107.2200","1.7857","49.3975"
"107.2400","1.7861","49.3829"
"107.2600","1.7865","49.3597"
"107.2800","1.7868","49.2570"
"107.3000","1.7871","49.2840"
"107.3200","1.7874","49.2718"
"107.3400","1.7878","49.2344"
"107.3600","1.7882","49.3251"
"107.3800","1.7886","49.4271"
"107.4000","1.7890","49.4220"
"107.4200","1.7893","49.4093"
"107.4400","1.7896","49.3489"
"107.4600","1.7898","49.3183"
"107.4800","1.7901","49.3711"
"107.5000","1.7904","49.3601"
"107.5200","1.7907","49.4026"
"107.5400","1.7911","49.4407"
"107.5600","1.7915","49.3518"
"107.5800","1.7918","49.3220"
"107.6000","1.7922","49.4666"
"107.6200","1.7925","49.5682"
"107.6400","1.7928","49.4937"
"107.6600","1.7930","49.4398"
"107.6800","1.7933","49.4931"
"107.7000","1.7937","49.4709"
"107.7200","1.7941","49.4708"
"107.7400","1.7946","49.5288"
"107.7600","1.7950","49.5316"
"107.7800","1.7954","49.5572"
"107.8000","1.7956","49.5642"
"107.8200","1.7959","49.5305"
"107.8400","1.7961","49.5641"
"107.8600","1.7964","49.4798"
"107.8800","1.7967","49.5748"
"107.9000","1.7971","49.6833"
"107.9200","1.7974","49.6975"
"107.9400","1.7978","49.7119"
"107.9600","1.7982","49.7373"
"107.9800","1.7985","49.7110"
"108.0000","1.7988","49.6735"
"108.0200","1.7991","49.6660"
"108.0400","1.7995","49.6255"
"108.0600","1.7999","49.6824"
"108.0800","1.8003","49.7241"
"108.1000","1.8007","49.7862"
"108.1200","1.8010","49.7688"
"108.1400","1.8012","49.7940"
"108.1600","1.8015","49.7894"
"108.1800","1.8017","49.7416"
"108.2000","1.8020","49.7036"
"108.2200","1.8023","49.7118"
"108.2400","1.8027","49.7790"
"108.2600","1.8031","49.7815"
"108.2800","1.8035","49.8695"
"108.3000","1.8038","49.9250"
"108.3200","1.8041","49.8385"
"108.3400","1.8044","49.8430"
"108.3600","1.8047","49.8356"
"108.3800","1.8050","49.9073"
"108.4000","1.8054","49.9254"
"108.4200","1.8059","49.9999"
"108.4400","1.8063","49.9852"
"108.4600","1.8067","49.8875"
"108.4800","1.8070","49.8602"
"108.5000","1.8072","49.9110"
"108.5200","1.8075","49.9491"
"108.5400","1.8077","49.8905"
"108.5600","1.8080","49.8727"
"108.5800","1.8084","49.9010"
"108.6000","1.8087","49.9691"
"108.6200","1.8091","50.0267"
"108.6400","1.8095","50.0399"
"108.6600","1.8098","49.9687"
"108.6800","1.8101","49.9332"
"108.7000","1.8105","50.0439"
"108.7200","1.8108","50.0893"
"108.7400","1.8112","50.0759"
"108.7600","1.8116","50.0684"
"108.7800","1.8120","50.0337"
"108.8000","1.8123","49.9848"
"108.8200","1.8126","49.9790"
"108.8400","1.8128","49.9839"
"108.8600","1.8131","50.0473"
"108.8800","1.8134","50.0791"
"108.9000","1.8137","50.0837"
"108.9200","1.8140","50.1672"
"108.9400","1.8144","50.2274"
"108.9600","1.8148","50.1918"
"108.9800","1.8152","50.2094"
"109.0000","1.8155","50.2069"
"109.0200","1.8157","50.1731"
"109.0400","1.8160","50.1284"
"109.0600","1.8163","50.1527"
"109.0800","1.8167","50.2234"
"109.1000","1.8171","50.2738"
"109.1200","1.8176","50.3103"
"109.1400","1.8180","50.3111"
"109.1600","1.8184","50.3321"
"109.1800","1.8186","50.3297"
"109.2000","1.8189","50.2732"
"109.2200","1.8191","50.3013"
"109.2400","1.8194","50.3262"
"109.2600","1.8197","50.3670"
"109.2800","1.8201","50.4092"
"109.3000","1.8204","50.3556"
"109.3200","1.8208","50.2537"
"109.3400","1.8212","50.2967"
"109.3600","1.8215","50.4020"
"109.3800","1.8218","50.3679"
"109.4000","1.8221","50.3334"
"109.4200","1.8225","50.2950"
"109.4400","1.8229","50.3272"
"109.4600","1.8233","50.3807"
"109.4800","1.8236","50.4343"
"109.5000","1.8239","50.4801"
"109.5200","1.8242","50.4384"
"109.5400","1.8244","50.4830"
"109.5600","1.8247","50.5038"
"109.5800","1.8250","50.4062"
"109.6000","1.8253","50.4091"
"109.6200","1.8257","50.5241"
"109.6400","1.8261","50.5977"
"109.6600","1.8265","50.5404"
"109.6800","1.8268","50.4980"
"109.7000","1.8271","50.5248"
"109.7200","1.8274","50.5799"
"109.7400","1.8276","50.5735"
"109.7600","1.8280","50.6790"
"109.7800","1.8284","50.6699"
"109.8000","1.8289","50.6126"
"109.8200","1.8294","50.6925"
"109.8400","1.8297","50.5681"
"109.8600","1.8300","50.5788"
"109.8800","1.8302","50.6751"
"109.9000","1.8304","50.6569"
"109.9200","1.8307","50.6627"
"109.9400","1.8310","50.7020"
"109.9600","1.8314","50.7159"
"109.9800","1.8318","50.6775"
"110.0000","1.8322","50.6801"
"110.0200","1.8325","50.6813"
"110.0400","1.8329","50.6697"
"110.0600","1.8332","50.6512"
"110.0800","1.8335","50.7646"
"110.1000","1.8338","50.7616"
"110.1200","1.8342","50.7331"
"110.1400","1.8346","50.7763"
"110.1600","1.8350","50.8304"
"110.1800","1.8353","50.8224"
"110.2000","1.8356","50.7649"
"110.2200","1.8358","50.7966"
"110.2400","1.8361","50.8457"
"110.2600","1.8364","50.8354"
"110.2800","1.8367","50.8237"
"110.3000","1.8371","50.7830"
"110.3200","1.8375","50.8069"
"110.3400","1.8378","50.7774"
"110.3600","1.8382","50.8747"
"110.3800","1.8385","50.9060"
"110.4000","1.8387","50.8912"
"110.4200","1.8390","50.9089"
"110.4400","1.8393","50.9128"
"110.4600","1.8397","51.0093"
"110.4800","1.8402","50.9566"
"110.5000","1.8407","50.9612"
"110.5200","1.8411","50.9233"
"110.5400","1.8414","50.9218"
"110.5600","1.8416","50.9863"
"110.5800","1.8418","51.0370"
"110.6000","1.8421","50.9813"
"110.6200","1.8424","50.9686"
"110.6400","1.8427","50.9808"
"110.6600","1.8431","51.0033"
"110.6800","1.8435","51.0382"
"110.7000","1.8439","51.0186"
"110.7200","1.8442","51.0120"
"110.7400","1.8445","51.1118"
"110.7600","1.8448","51.0505"
"110.7800","1.8452","51.1131"
"110.8000","1.8455","51.2028"
"110.8200","1.8459","51.1331"
"110.8400","1.8463","51.1377"
"110.8600","1.8466","51.1380"
"110.8800","1.8469","51.1211"
"110.9000","1.8472","51.1045"
"110.9200","1.8474","51.1398"
"110.9400","1.8477","51.1562"
"110.9600","1.8480","51.1053"
"110.9800","1.8484","51.1247"
"111.0000","1.8487","51.1174"
"111.0200","1.8491","51.1500"
"111.0400","1.8495","51.2368"
"111.0600","1.8498","51.3405"
"111.0800","1.8501","51.2539"
"111.1000","1.8503","51.2172"
"111.1200","1.8506","51.1779"
"111.1400","1.8510","51.3359"
"111.1600","1.8515","51.4192"
"111.1800","1.8520","51.4038"
"111.2000","1.8524","51.3031"
"111.2200","1.8527","51.3463"
"111.2400","1.8530","51.3618"
"111.2600","1.8532","51.3428"
"111.2800","1.8534","51.3060"
"111.3000","1.8537","51.2592"
"111.3200","1.8540","51.3230"
"111.3400","1.8544","51.4208"
"111.3600","1.8548","51.4245"
"111.3800","1.8552","51.3740"
"111.4000","1.8556","51.4212"
"111.4200","1.8559","51.4569"
"111.4400","1.8562","51.4577"
"111.4600","1.8565","51.4464"
"111.4800","1.8568","51.5260"
"111.5000","1.8572","51.5624"
"111.5200","1.8576","51.5913"
"111.5400","1.8580","51.5479"
"111.5600","1.8583","51.5437"
"111.5800","1.8585","51.4909"
"111.6000","1.8588","51.5828"
"111.6200","1.8590","51.5207"
"111.6400","1.8593","51.4857"
"111.6600","1.8597","51.5506"
"111.6800","1.8600","51.6671"
"111.7000","1.8604","51.5627"
"111.7200","1.8608","51.5628"
"111.7400","1.8611","51.6189"
"111.7600","1.8614","51.6305"
"111.7800","1.8617","51.5523"
"111.8000","1.8619","51.5513"
"111.8200","1.8623","51.5785"
"111.8400","1.8627","51.5751"
"111.8600","1.8632","51.6113"
"111.8800","1.8636","51.7105"
"111.9000","1.8641","51.7091"
"111.9200","1.8644","51.6775"
"111.9400","1.8646","51.6942"
"111.9600","1.8648","51.6748"
"111.9800","1.8651","51.6489"
"112.0000","1.8654","51.6868"
"112.0200","1.8657","51.7699"
"112.0400","1.8661","51.8611"
"112.0600","1.8665","51.7879"
"112.0800","1.8668","51.6948"
"112.1000","1.8672","51.6627"
"112.1200","1.8675","51.7016"
"112.1400","1.8678","51.6982"
"112.1600","1.8681","51.7019"
"112.1800","1.8685","51.7423"
"112.2000","1.8689","51.7526"
"112.2200","1.8693","51.7993"
"112.2400","1.8696","51.8655"
"112.2600","1.8699","51.8532"
"112.2800","1.8702","51.8133"
"112.3000","1.8704","51.8443"
"112.3200","1.8707","51.8888"
"112.3400","1.8710","51.9004"
"112.3600","1.8714","51.9173"
"112.3800","1.8718","51.9065"
"112.4000","1.8722","51.8890"
"112.4200","1.8725","51.8840"
"112.4400","1.8728","51.9116"
"112.4600","1.8731","51.8631"
"112.4800","1.8733","51.8852"
"112.5000","1.8736","51.9767"
"112.5200","1.8740","51.9662"
"112.5400","1.8744","51.8851"
"112.5600","1.8749","51.8813"
"112.5800","1.8754","51.9659"
"112.6000","1.8757","52.0396"
"112.6200","1.8760","52.1196"
"112.6400","1.8762","52.0825"
"112.6600","1.8764","52.0175"
"112.6800","1.8767","52.0136"
"112.7000","1.8770","52.0663"
"112.7200","1.8774","52.0371"
"112.7400","1.8778","52.0245"
"112.7600","1.8782","52.0532"
"112.7800","1.8785","52.0839"
"112.8000","1.8788","52.0912"
"112.8200","1.8791","52.1847"
"112.8400","1.8795","52.1462"
"112.8600","1.8798","52.1404"
"112.8800","1.8802","52.1660"
"112.9000","1.8806","52.1896"
"112.9200","1.8810","52.1328"
"112.9400","1.8813","52.1196"
"112.9600","1.8816","52.1154"
"112.9800","1.8818","52.1225"
"113.0000","1.8821","52.1664"
"113.0200","1.8824","52.1168"
"113.0400","1.8827","52.1818"
"113.0600","1.8831","52.2608"
"113.0800","1.8834","52.2846"
"113.1000","1.8838","52.2443"
"113.1200","1.8841","52.2544"
"113.1400","1.8844","52.2439"
"113.1600","1.8847","52.3062"
"113.1800","1.8850","52.2599"
"113.2000","1.8853","52.3164"
"113.2200","1.8857","52.3611"
"113.2400","1.8862","52.3527"
"113.2600","1.8866","52.3147"
"113.2800","1.8870","52.3903"
"113.3000","1.8873","52.4125"
"113.3200","1.8876","52.3287"
"113.3400","1.8878","52.3930"
"113.3600","1.8880","52.3851"
"113.3800","1.8884","52.3063"
"113.4000","1.8887","52.3296"
"113.4200","1.8891","52.3782"
"113.4400","1.8895","52.3697"
"113.4600","1.8899","52.4388"
"113.4800","1.8902","52.4947"
"113.5000","1.8905","52.5142"
"113.5200","1.8908","52.5393"
"113.5400","1.8911","52.4641"
"113.5600","1.8915","52.4313"
"113.5800","1.8920","52.4046"
"113.6000","1.8923","52.4091"
"113.6200","1.8927","52.5613"
"113.6400","1.8929","52.5760"
"113.6600","1.8932","52.6289"
"113.6800","1.8934","52.6517"
"113.7000","1.8937","52.5636"
"113.7200","1.8940","52.5559"
"113.7400","1.8944","52.5639"
"113.7600","1.8948","52.6458"
"113.7800","1.8951","52.5931"
"113.8000","1.8955","52.5556"
"113.8200","1.8958","52.5955"
"113.8400","1.8960","52.6222"
"113.8600","1.8963","52.6801"
"113.8800","1.8966","52.6569"
"113.9000","1.8970","52.5767"
"113.9200","1.8975","52.6532"
"113.9400","1.8979","52.6828"
"113.9600","1.8984","52.6453"
"113.9800","1.8987","52.6789"
"114.0000","1.8989","52.7524"
"114.0200","1.8992","52.8119"
"114.0400","1.8994","52.8124"
"114.0600","1.8997","52.7842"
"114.0800","1.9001","52.7145"
"114.1000","1.9004","52.7431"
"114.1200","1.9008","52.6975"
"114.1400","1.9012","52.7442"
"114.1600","1.9015","52.7408"
"114.1800","1.9018","52.7884"
"114.2000","1.9021","52.8845"
"114.2200","1.9025","52.9201"
"114.2400","1.9028","52.8628"
"114.2600","1.9033","52.8953"
"114.2800","1.9037","52.8811"
"114.3000","1.9041","52.9473"
"114.3200","1.9043","52.9441"
"114.3400","1.9046","52.9226"
"114.3600","1.9048","52.8630"
"114.3800","1.9051","52.9239"
"114.4000","1.9054","52.8998"
"114.4200","1.9057","52.8717"
"114.4400","1.9061","52.8977"
"114.4600","1.9065","52.9233"
"114.4800","1.9068","52.9053"
"114.5000","1.9071","52.9147"
"114.5200","1.9074","52.9110"
"114.5400","1.9077","53.0230"
"114.5600","1.9080","53.0234"
"114.5800","1.9083","53.0332"
"114.6000","1.9087","53.0360"
"114.6200","1.9092","53.0108"
"114.6400","1.9097","52.9726"
"114.6600","1.9100","53.0350"
"114.6800","1.9103","53.1121"
"114.7000","1.9105","53.1145"
"114.7200","1.9108","53.0579"
"114.7400","1.9111","52.9891"
"114.7600","1.9114","53.0079"
"114.7800","1.9117","52.9987"
"114.8000","1.9121","53.0285"
"114.8200","1.9125","53.1101"
"114.8400","1.9128","53.1540"
"114.8600","1.9131","53.1594"
"114.8800","1.9134","53.1680"
"114.9000","1.9138","53.2013"
"114.9200","1.9141","53.1143"
"114.9400","1.9145","53.1007"
"114.9600","1.9149","53.2023"
"114.9800","1.9153","53.1598"
"115.0000","1.9156","53.1418"
"115.0200","1.9159","53.0794"
"115.0400","1.9161","53.1178"
"115.0600","1.9164","53.1846"
"115.0800","1.9167","53.1574"
"115.1000","1.9171","53.1622"
"115.1200","1.9174","53.2308"
"115.1400","1.9178","53.2395"
"115.1600","1.9182","53.2368"
"115.1800","1.9185","53.2370"
"115.2000","1.9188","53.2391"
"115.2200","1.9190","53.3092"
"115.2400","1.9193","53.3348"
"115.2600","1.9196","53.3353"
"115.2800","1.9200","53.3851"
"115.3000","1.9204","53.3995"
"115.3200","1.9209","53.3620"
"115.3400","1.9213","53.4127"
"115.3600","1.9216","53.4112"
"115.3800","1.9219","53.3732"
"115.4000","1.9221","53.3951"
"115.4200","1.9224","53.4241"
"115.4400","1.9227","53.4404"
"115.4600","1.9230","53.4749"
"115.4800","1.9234","53.4806"
"115.5000","1.9238","53.3955"
"115.5200","1.9242","53.4450"
"115.5400","1.9245","53.4781"
"115.5600","1.9248","53.5151"
"115.5800","1.9251","53.5480"
"115.6000","1.9254","53.5236"
"115.6200","1.9258","53.4766"
"115.6400","1.9262","53.5098"
"115.6600","1.9267","53.5688"
"115.6800","1.9270","53.6297"
"115.7000","1.9273","53.5669"
"115.7200","1.9275","53.4996"
"115.7400","1.9278","53.4915"
"115.7600","1.9281","53.5643"
"115.7800","1.9284","53.6554"
"115.8000","1.9287","53.6644"
"115.8200","1.9291","53.6055"
"115.8400","1.9295","53.6259"
"115.8600","1.9298","53.5854"
"115.8800","1.9301","53.5329"
"115.9000","1.9304","53.5221"
"115.9200","1.9307","53.5398"
"115.9400","1.9310","53.6070"
"115.9600","1.9313","53.6119"
"115.9800","1.9317","53.6390"
"116.0000","1.9322","53.6546"
"116.0200","1.9326","53.6375"
"116.0400","1.9330","53.6683"
"116.0600","1.9333","53.7362"
"116.0800","1.9335","53.8262"
"116.1000","1.9337","53.8366"
"116.1200","1.9340","53.8153"
"116.1400","1.9343","53.7256"
"116.1600","1.9347","53.6786"
"116.1800","1.9351","53.7238"
"116.2000","1.9355","53.8069"
"116.2200","1.9359","53.8715"
"116.2400","1.9362","53.8627"
"116.2600","1.9365","53.7947"
"116.2800","1.9368","53.8338"
"116.3000","1.9371","53.8500"
"116.3200","1.9375","53.8369"
"116.3400","1.9380","53.8400"
"116.3600","1.9383","53.9156"
"116.3800","1.9386","53.9042"
"116.4000","1.9389","53.9194"
"116.4200","1.9391","53.9040"
"116.4400","1.9394","53.8253"
"116.4600","1.9397","53.8889"
"116.4800","1.9400","54.0216"
"116.5000","1.9404","53.9358"
"116.5200","1.9408","53.8569"
"116.5400","1.9412","53.8651"
"116.5600","1.9415","53.8996"
"116.5800","1.9418","53.9809"
"116.6000","1.9420","54.0293"
"116.6200","1.9423","54.0168"
"116.6400","1.9426","53.9608"
"116.6600","1.9430","54.0131"
"116.6800","1.9435","54.0888"
"116.7000","1.9439","54.1572"
"116.7200","1.9444","54.1287"
"116.7400","1.9447","54.0628"
"116.7600","1.9449","54.0809"
"116.7800","1.9451","54.0275"
"116.8000","1.9454","54.1103"
"116.8200","1.9457","54.1079"
"116.8400","1.9460","54.1294"
"116.8600","1.9464","54.1563"
"116.8800","1.9468","54.1352"
"116.9000","1.9472","54.0918"
"116.9200","1.9475","54.2485"
"116.9400","1.9478","54.2210"
"116.9600","1.9481","54.2155"
"116.9800","1.9485","54.1964"
"117.0000","1.9489","54.1909"
"117.0200","1.9493","54.2120"
"117.0400","1.9497","54.2562"
"117.0600","1.9500","54.2495"
"117.0800","1.9503","54.2802"
"117.1000","1.9505","54.2991"
"117.1200","1.9508","54.3019"
"117.1400","1.9510","54.2684"
"117.1600","1.9513","54.2844"
"117.1800","1.9517","54.3271"
"117.2000","1.9521","54.3247"
"117.2200","1.9525","54.2736"
"117.2400","1.9529","54.2128"
"117.2600","1.9532","54.2231"
"117.2800","1.9534","54.3464"
"117.3000","1.9537","54.4059"
"117.3200","1.9540","54.3107"
"117.3400","1.9544","54.2372"
"117.3600","1.9548","54.2735"
"117.3800","1.9552","54.4187"
"117.4000","1.9557","54.4697"
"117.4200","1.9560","54.4656"
"117.4400","1.9563","54.4326"
"117.4600","1.9565","54.3900"
"117.4800","1.9568","54.3523"
"117.5000","1.9570","54.3821"
"117.5200","1.9574","54.4693"
"117.5400","1.9577","54.4329"
"117.5600","1.9581","54.4620"
"117.5800","1.9585","54.5086"
"117.6000","1.9588","54.5427"
"117.6200","1.9591","54.5266"
"117.6400","1.9594","54.5377"
"117.6600","1.9598","54.5647"
"117.6800","1.9602","54.5972"
"117.7000","1.9606","54.5475"
"117.7200","1.9610","54.6074"
"117.7400","1.9613","54.5694"
"117.7600","1.9616","54.6026"
"117.7800","1.9619","54.6349"
"117.8000","1.9621","54.5829"
"117.8200","1.9624","54.5697"
"117.8400","1.9627","54.5892"
"117.8600","1.9630","54.6790"
"117.8800","1.9634","54.5709"
"117.9000","1.9638","54.5196"
"117.9200","1.9642","54.5640"
"117.9400","1.9645","54.6280"
"117.9600","1.9648","54.6849"
"117.9800","1.9650","54.7146"
"118.0000","1.9653","54.7544"
"118.0200","1.9657","54.7832"
"118.0400","1.9661","54.7850"
"118.0600","1.9665","54.8327"
"118.0800","1.9670","54.7670"
"118.1000","1.9674","54.8346"
"118.1200","1.9677","54.9310"
"118.1400","1.9679","54.8784"
"118.1600","1.9681","54.7398"
"118.1800","1.9684","54.6616"
"118.2000","1.9687","54.7713"
"118.2200","1.9690","54.8041"
"118.2400","1.9694","54.8204"
"118.2600","1.9698","54.9426"
"118.2800","1.9702","54.9038"
"118.3000","1.9705","54.8796"
"118.3200","1.9708","54.8485"
"118.3400","1.9711","54.8934"
"118.3600","1.9715","54.8541"
"118.3800","1.9719","54.9389"
"118.4000","1.9723","54.8898"
"118.4200","1.9727","54.9088"
"118.4400","1.9730","54.9011"
"118.4600","1.9733","54.8825"
"118.4800","1.9735","54.8553"
"118.5000","1.9737","54.9086"
"118.5200","1.9740","54.8531"
"118.5400","1.9744","54.9174"
"118.5600","1.9747","54.9405"
"118.5800","1.9751","54.9347"
"118.6000","1.9755","54.9872"
"118.6200","1.9759","55.0368"
"118.6400","1.9761","55.0255"
"118.6600","1.9764","55.0163"
"118.6800","1.9767","55.0054"
"118.7000","1.9770","55.0822"
"118.7200","1.9774","55.0352"
"118.7400","1.9778","55.0269"
"118.7600","1.9783","55.0456"
"118.7800","1.9787","55.0566"
"118.8000","1.9791","55.1076"
"118.8200","1.9793","55.1112"
"118.8400","1.9795","55.0304"
"118.8600","1.9798","54.9973"
"118.8800","1.9800","55.1420"
"118.9000","1.9804","55.2286"
"118.9200","1.9807","55.1405"
"118.9400","1.9811","55.0882"
"118.9600","1.9815","55.0759"
"118.9800","1.9818","55.1582"
"119.0000","1.9821","55.2427"
"119.0200","1.9824","55.2327"
"119.0400","1.9828","55.2155"
"119.0600","1.9831","55.2293"
"119.0800","1.9836","55.2424"
"119.1000","1.9840","55.2669"
"119.1200","1.9843","55.3129"
"119.1400","1.9846","55.2968"
"119.1600","1.9849","55.3004"
"119.1800","1.9851","55.2811"
"119.2000","1.9854","55.2437"
"119.2200","1.9857","55.2198"
"119.2400","1.9860","55.2487"
"119.2600","1.9864","55.2857"
"119.2800","1.9868","55.3303"
"119.3000","1.9872","55.3516"
"119.3200","1.9875","55.3923"
"119.3400","1.9878","55.4656"
"119.3600","1.9880","55.3946"
"119.3800","1.9883","55.3745"
"119.4000","1.9887","55.3320"
"119.4200","1.9891","55.2622"
"119.4400","1.9895","55.2733"
"119.4600","1.9900","55.3050"
"119.4800","1.9904","55.3533"
"119.5000","1.9907","55.4538"
"119.5200","1.9909","55.4631"
"119.5400","1.9911","55.3996"
"119.5600","1.9914","55.3491"
"119.5800","1.9917","55.4082"
"119.6000","1.9920","55.4384"
"119.6200","1.9924","55.4204"
"119.6400","1.9928","55.4715"
"119.6600","1.9931","55.5657"
"119.6800","1.9934","55.5413"
"119.7000","1.9937","55.4989"
"119.7200","1.9941","55.4412"
"119.7400","1.9944","55.5500"
"119.7600","1.9948","55.5812"
"119.7800","1.9952","55.5558"
"119.8000","1.9956","55.5559"
"119.8200","1.9960","55.5437"
"119.8400","1.9962","55.5744"
"119.8600","1.9965","55.5382"
"119.8800","1.9967","55.5280"
"119.9000","1.9970","55.5166"
"119.9200","1.9973","55.6035"
"119.9400","1.9977","55.6224"
"119.9600","1.9981","55.6282"
"119.9800","1.9985","55.6314"
"120.0000","1.9988","55.6045"
"120.0200","1.9991","55.6703"
"120.0400","1.9994","55.6712"
"120.0600","1.9997","55.7048"
"120.0800","2.0000","55.7863"
"120.1000","2.0004","55.8067"
"120.1200","2.0008","55.7767"
"120.1400","2.0013","55.7332"
"120.1600","2.0017","55.7181"
"120.1800","2.0021","55.7003"
"120.2000","2.0023","55.7655"
"120.2200","2.0025","55.8715"
"120.2400","2.0027","55.8362"
"120.2600","2.0030","55.7649"
"120.2800","2.0033","55.7762"
"120.3000","2.0037","55.8036"
"120.3200","2.0041","55.8475"
"120.3400","2.0045","55.8658"
"120.3600","2.0048","55.8129"
"120.3800","2.0051","55.7939"
"120.4000","2.0054","55.7866"
"120.4200","2.0058","55.8346"
"120.4400","2.0061","55.8801"
"120.4600","2.0066","55.8844"
"120.4800","2.0070","55.8877"
"120.5000","2.0074","55.9023"
"120.5200","2.0076","55.9207"
"120.5400","2.0079","55.9946"
"120.5600","2.0081","55.9904"
"120.5800","2.0084","55.9611"
"120.6000","2.0087","55.8976"
"120.6200","2.0090","55.9541"
"120.6400","2.0094","55.9984"
"120.6600","2.0098","55.9961"
"120.6800","2.0102","56.0099"
"120.7000","2.0105","56.0456"
"120.7200","2.0108","56.0396"
"120.7400","2.0110","56.0380"
"120.7600","2.0113","55.9738"
"120.7800","2.0116","55.9131"
"120.8000","2.0121","55.9509"
"120.8200","2.0125","56.0314"
"120.8400","2.0130","56.0400"
"120.8600","2.0134","56.0272"
"120.8800","2.0137","56.0734"
"120.9000","2.0139","56.1291"
"120.9200","2.0141","56.1429"
"120.9400","2.0144","56.1960"
"120.9600","2.0147","56.1782"
"120.9800","2.0150","56.1082"
"121.0000","2.0154","56.1301"
"121.0200","2.0158","56.1170"
"121.0400","2.0162","56.1409"
"121.0600","2.0165","56.2123"
"121.0800","2.0168","56.1933"
"121.1000","2.0171","56.1442"
"121.1200","2.0175","56.1509"
"121.1400","2.0179","56.1276"
"121.1600","2.0183","56.2875"
"121.1800","2.0187","56.3156"
"121.2000","2.0190","56.2792"
"121.2200","2.0192","56.2283"
"121.2400","2.0195","56.2224"
"121.2600","2.0197","56.2253"
"121.2800","2.0200","56.2284"
"121.3000","2.0203","56.2580"
"121.3200","2.0207","56.1953"
"121.3400","2.0211","56.1882"
"121.3600","2.0215","56.2593"
"121.3800","2.0218","56.3215"
"121.4000","2.0221","56.2956"
"121.4200","2.0224","56.3034"
"121.4400","2.0227","56.3046"
"121.4600","2.0230","56.2970"
"121.4800","2.0234","56.1357"
"121.5000","2.0238","52.6598"
"121.5200","2.0243","49.8731"
"121.5400","2.0248","48.9034"
"121.5600","2.0251","48.8566"
"121.5800","2.0253","48.9747"
"121.6000","2.0256","48.9791"
"121.6200","2.0258","48.9362"
"121.6400","2.0261","48.8545"
"121.6600","2.0264","48.7999"
"121.6800","2.0267","48.8012"
"121.7000","2.0271","48.8374"
"121.7200","2.0275","48.8334"
"121.7400","2.0278","48.7748"
"121.7600","2.0281","48.7320"
"121.7800","2.0284","48.8079"
"121.8000","2.0288","48.7315"
"121.8200","2.0292","48.6604"
"121.8400","2.0296","48.6350"
"121.8600","2.0300","48.6544"
"121.8800","2.0303","48.5988"
"121.9000","2.0306","48.5287"
"121.9200","2.0309","48.5377"
"121.9400","2.0311","48.5270"
"121.9600","2.0314","48.5046"
"121.9800","2.0317","48.4091"
"122.0000","2.0320","48.3551"
"122.0200","2.0324","48.3787"
"122.0400","2.0328","48.4605"
"122.0600","2.0332","48.4101"
"122.0800","2.0335","48.3500"
"122.1000","2.0338","48.3229"
"122.1200","2.0340","48.3075"
"122.1400","2.0343","48.2360"
"122.1600","2.0347","48.2931"
"122.1800","2.0351","48.2753"
"122.2000","2.0356","48.1875"
"122.2200","2.0360","48.1195"
"122.2400","2.0364","48.1641"
"122.2600","2.0367","48.1972"
"122.2800","2.0369","48.1526"
"122.3000","2.0371","48.1200"
"122.3200","2.0374","48.1934"
"122.3400","2.0377","48.2108"
"122.3600","2.0381","48.1720"
"122.3800","2.0384","48.1565"
"122.4000","2.0388","48.1930"
"122.4200","2.0392","48.2099"
"122.4400","2.0395","48.1487"
"122.4600","2.0398","48.0116"
"122.4800","2.0401","47.9915"
"122.5000","2.0405","48.1279"
"122.5200","2.0409","48.0798"
"122.5400","2.0413","48.0363"
"122.5600","2.0416","48.1053"
"122.5800","2.0420","48.0381"
"122.6000","2.0422","47.9870"
"122.6200","2.0425","47.9979"
"122.6400","2.0427","48.0459"
"122.6600","2.0430","48.1340"
"122.6800","2.0433","48.0750"
"122.7000","2.0437","48.0253"
"122.7200","2.0441","47.9617"
"122.7400","2.0445","48.0014"
"122.7600","2.0448","48.0716"
"122.7800","2.0451","48.0030"
"122.8000","2.0454","47.8941"
"122.8200","2.0457","47.9419"
"122.8400","2.0460","47.9487"
"122.8600","2.0464","47.8894"
"122.8800","2.0468","47.9239"
"122.9000","2.0473","47.8781"
"122.9200","2.0477","47.8448"
"122.9400","2.0480","47.8130"
"122.9600","2.0482","47.8208"
"122.9800","2.0485","47.8312"
"123.0000","2.0487","47.8270"
"123.0200","2.0490","47.8152"
"123.0400","2.0493","47.8976"
"123.0600","2.0497","47.9425"
"123.0800","2.0501","47.9456"
"123.1000","2.0505","47.8734"
"123.1200","2.0508","47.8151"
"123.1400","2.0511","47.7962"
"123.1600","2.0515","47.8033"
"123.1800","2.0518","47.8124"
"123.2000","2.0522","47.8030"
"123.2200","2.0526","47.7570"
"123.2400","2.0530","47.7196"
"123.2600","2.0533","47.7543"
"123.2800","2.0536","47.7696"
"123.3000","2.0538","47.7578"
"123.3200","2.0541","47.7246"
"123.3400","2.0544","47.7148"
"123.3600","2.0547","47.7562"
"123.3800","2.0550","47.8142"
"123.4000","2.0554","47.8338"
"123.4200","2.0558","47.7830"
"123.4400","2.0562","47.6784"
"123.4600","2.0565","47.7229"
"123.4800","2.0567","47.7500"
"123.5000","2.0570","47.7442"
"123.5200","2.0573","47.8206"
"123.5400","2.0577","47.8265"
"123.5600","2.0581","47.8653"
"123.5800","2.0585","47.7963"
"123.6000","2.0590","47.7415"
"123.6200","2.0594","47.6710"
"123.6400","2.0596","47.5757"
"123.6600","2.0599","47.6409"
"123.6800","2.0601","47.7320"
"123.7000","2.0604","47.7839"
"123.7200","2.0607","47.7496"
"123.7400","2.0611","47.6594"
"123.7600","2.0614","47.6146"
"123.7800","2.0618","47.6127"
"123.8000","2.0622","47.6097"
"123.8200","2.0625","47.5711"
"123.8400","2.0628","47.5734"
"123.8600","2.0631","47.6437"
"123.8800","2.0635","47.6075"
"123.9000","2.0639","47.5876"
"123.9200","2.0643","47.6094"
"123.9400","2.0646","47.5865"
"123.9600","2.0649","47.6613"
"123.9800","2.0652","47.6808"
"124.0000","2.0654","47.6402"
"124.0200","2.0657","47.6302"
"124.0400","2.0660","47.6217"
"124.0600","2.0663","47.6063"
"124.0800","2.0667","47.6166"
"124.1000","2.0671","47.6588"
"124.1200","2.0675","47.6874"
"124.1400","2.0678","47.7557"
"124.1600","2.0681","47.7382"
"124.1800","2.0684","47.7107"
"124.2000","2.0687","47.7240"
"124.2200","2.0690","47.6551"
"124.2400","2.0694","47.5975"
"124.2600","2.0699","47.5681"
"124.2800","2.0704","47.6165"
"124.3000","2.0707","47.6630"
"124.3200","2.0710","47.6622"
"124.3400","2.0712","47.6613"
"124.3600","2.0715","47.6992"
"124.3800","2.0717","47.6534"
"124.4000","2.0720","47.6574"
"124.4200","2.0724","47.6774"
"124.4400","2.0728","47.5785"
"124.4600","2.0732","47.5936"
"124.4800","2.0736","47.6733"
"124.5000","2.0739","47.7099"
"124.5200","2.0742","47.6246"
"124.5400","2.0745","47.6356"
"124.5600","2.0748","47.7729"
"124.5800","2.0752","47.8133"
"124.6000","2.0756","47.7711"
"124.6200","2.0760","47.6614"
"124.6400","2.0763","47.5982"
"124.6600","2.0766","47.5640"
"124.6800","2.0768","47.6312"
"124.7000","2.0771","47.6842"
"124.7200","2.0774","47.7273"
"124.7400","2.0777","47.7234"
"124.7600","2.0781","47.7184"
"124.7800","2.0784","47.6049"
"124.8000","2.0788","47.6723"
"124.8200","2.0792","47.6476"
"124.8400","2.0795","47.6211"
"124.8600","2.0797","47.6441"
"124.8800","2.0800","47.6369"
"124.9000","2.0803","47.7231"
"124.9200","2.0807","47.8552"
"124.9400","2.0812","47.8324"
"124.9600","2.0817","47.6867"
"124.9800","2.0821","47.6598"
"125.0000","2.0824","47.6840"
"125.0200","2.0826","47.7075"
"125.0400","2.0828","47.7143"
"125.0600","2.0831","47.7202"
"125.0800","2.0834","47.6896"
"125.1000","2.0837","47.6961"
"125.1200","2.0841","47.7819"
"125.1400","2.0845","47.8449"
"125.1600","2.0849","47.7933"
"125.1800","2.0852","47.8031"
"125.2000","2.0855","47.7584"
"125.2200","2.0859","47.7050"
"125.2400","2.0862","47.6985"
"125.2600","2.0865","47.6812"
"125.2800","2.0869","47.7400"
"125.3000","2.0873","47.7678"
"125.3200","2.0876","47.7583"
"125.3400","2.0879","47.7540"
"125.3600","2.0882","47.7843"
"125.3800","2.0884","47.8053"
"125.4000","2.0887","47.7653"
"125.4200","2.0890","47.7813"
"125.4400","2.0893","47.7305"
"125.4600","2.0897","47.7779"
"125.4800","2.0901","47.8083"
"125.5000","2.0905","47.8050"
"125.5200","2.0908","47.8311"
"125.5400","2.0911","47.9101"
"125.5600","2.0913","47.8624"
"125.5800","2.0916","47.8300"
"125.6000","2.0920","47.8494"
"125.6200","2.0924","47.8403"
"125.6400","2.0929","47.8821"
"125.6600","2.0934","47.8105"
"125.6800","2.0938","47.8434"
"125.7000","2.0940","47.8877"
"125.7200","2.0942","47.8433"
"125.7400","2.0945","47.8481"
"125.7600","2.0947","47.8743"
"125.7800","2.0950","47.9245"
"125.8000","2.0954","47.8966"
"125.8200","2.0958","47.8969"
"125.8400","2.0962","47.8567"
"125.8600","2.0966","47.8777"
"125.8800","2.0969","47.9242"
"125.9000","2.0972","47.9199"
"125.9200","2.0975","47.8859"
"125.9400","2.0978","47.8982"
"125.9600","2.0982","47.9104"
"125.9800","2.0986","47.8270"
"126.0000","2.0990","47.8475"
"126.0200","2.0993","47.8984"
"126.0400","2.0996","47.9381"
"126.0600","2.0998","47.9143"
"126.0800","2.1001","47.9198"
"126.1000","2.1003","47.9455"
"126.1200","2.1007","47.9036"
"126.1400","2.1010","47.8548"
"126.1600","2.1014","47.9177"
"126.1800","2.1018","47.9291"
"126.2000","2.1021","47.9430"
"126.2200","2.1024","47.9010"
"126.2400","2.1027","47.9264"
"126.2600","2.1030","48.0072"
"126.2800","2.1033","47.9498"
"126.3000","2.1037","47.9533"
"126.3200","2.1041","47.9996"
"126.3400","2.1046","47.9794"
"126.3600","2.1051","48.0063"
"126.3800","2.1054","48.0649"
"126.4000","2.1056","48.0677"
"126.4200","2.1058","48.0486"
"126.4400","2.1061","48.0721"
"126.4600","2.1064","48.0593"
"126.4800","2.1067","47.9406"
"126.5000","2.1071","47.9987"
"126.5200","2.1075","48.0152"
"126.5400","2.1078","47.9809"
"126.5600","2.1082","47.9728"
"126.5800","2.1085","47.9529"
"126.6000","2.1088","48.0324"
"126.6200","2.1091","48.0421"
"126.6400","2.1095","48.0872"
"126.6600","2.1099","48.0915"
"126.6800","2.1103","48.0527"
"126.7000","2.1106","48.0870"
"126.7200","2.1109","48.0878"
"126.7400","2.1112","48.0458"
"126.7600","2.1114","48.0708"
"126.7800","2.1117","48.0640"
"126.8000","2.1120","48.0255"
"126.8200","2.1124","48.1132"
"126.8400","2.1128","48.1373"
"126.8600","2.1131","48.1159"
"126.8800","2.1135","48.0680"
"126.9000","2.1138","48.0802"
"126.9200","2.1141","48.0710"
"126.9400","2.1144","48.0863"
"126.9600","2.1146","48.1209"
"126.9800","2.1150","48.0174"
"127.0000","2.1154","48.1208"
"127.0200","2.1159","48.1179"
"127.0400","2.1163","48.1459"
"127.0600","2.1167","48.1147"
"127.0800","2.1170","48.0795"
"127.1000","2.1172","48.0275"
"127.1200","2.1174","48.0194"
"127.1400","2.1177","48.0954"
"127.1600","2.1180","48.1012"
"127.1800","2.1184","48.0619"
"127.2000","2.1188","48.0931"
"127.2200","2.1191","48.0561"
"127.2400","2.1195","48.1065"
"127.2600","2.1198","48.0992"
"127.2800","2.1201","48.1235"
"127.3000","2.1205","48.1394"
"127.3200","2.1208","48.1710"
"127.3400","2.1212","48.2245"
"127.3600","2.1216","48.3083"
"127.3800","2.1220","48.2658"
"127.4000","2.1223","48.2422"
"127.4200","2.1226","48.2719"
"127.4400","2.1228","48.2575"
"127.4600","2.1231","48.1602"
"127.4800","2.1234","48.1458"
"127.5000","2.1237","48.1405"
"127.5200","2.1241","48.1602"
"127.5400","2.1244","48.1511"
"127.5600","2.1248","48.0922"
"127.5800","2.1251","48.0792"
"127.6000","2.1254","48.1251"
"127.6200","2.1257","48.1441"
"127.6400","2.1260","48.1626"
"127.6600","2.1263","48.2554"
"127.6800","2.1267","48.2387"
"127.7000","2.1272","48.2328"
"127.7200","2.1276","48.1530"
"127.7400","2.1280","48.0974"
"127.7600","2.1284","48.0514"
"127.7800","2.1286","48.0977"
"127.8000","2.1288","48.1420"
"127.8200","2.1291","48.1306"
"127.8400","2.1294","48.0376"
"127.8600","2.1297","47.9386"
"127.8800","2.1301","48.1224"
"127.9000","2.1305","48.2128"
"127.9200","2.1309","48.2692"
"127.9400","2.1312","48.1713"
"127.9600","2.1315","48.1130"
"127.9800","2.1318","48.0652"
"128.0000","2.1321","48.0950"
"128.0200","2.1325","48.1765"
"128.0400","2.1329","48.1745"
"128.0600","2.1333","48.2038"
"128.0800","2.1337","48.1156"
"128.1000","2.1339","48.1231"
"128.1200","2.1342","48.1377"
"128.1400","2.1344","48.1419"
"128.1600","2.1347","48.1704"
"128.1800","2.1350","48.1864"
"128.2000","2.1354","48.0707"
"128.2200","2.1358","48.0864"
"128.2400","2.1362","48.1453"
"128.2600","2.1365","48.1234"
"128.2800","2.1368","48.1447"
"128.3000","2.1371","48.1526"
"128.3200","2.1373","48.1244"
"128.3400","2.1376","48.2018"
"128.3600","2.1380","48.2289"
"128.3800","2.1384","48.1357"
"128.4000","2.1389","48.0655"
"128.4200","2.1393","48.1658"
"128.4400","2.1397","48.2620"
"128.4600","2.1399","48.1902"
"128.4800","2.1402","48.1976"
"128.5000","2.1404","48.1644"
"128.5200","2.1407","48.1952"
"128.5400","2.1411","48.2712"
"128.5600","2.1414","48.2408"
"128.5800","2.1418","48.2176"
"128.6000","2.1422","48.1887"
"128.6200","2.1425","48.1930"
"128.6400","2.1428","48.1488"
"128.6600","2.1431","48.1651"
"128.6800","2.1434","48.2356"
"128.7000","2.1438","48.2405"
"128.7200","2.1442","48.1867"
"128.7400","2.1447","48.2706"
"128.7600","2.1450","48.3389"
"128.7800","2.1453","48.2414"
"128.8000","2.1456","48.1077"
"128.8200","2.1458","48.0587"
"128.8400","2.1461","48.1153"
"128.8600","2.1464","48.1298"
"128.8800","2.1467","48.0897"
"128.9000","2.1471","48.1318"
"128.9200","2.1475","48.1236"
"128.9400","2.1478","48.2065"
"128.9600","2.1481","48.1796"
"128.9800","2.1484","48.1871"
"129.0000","2.1487","48.2042"
"129.0200","2.1489","48.2485"
"129.0400","2.1493","48.2599"
"129.0600","2.1497","48.2513"
"129.0800","2.1502","48.3105"
"129.1000","2.1506","48.3521"
"129.1200","2.1510","48.2655"
"129.1400","2.1513","48.2663"
"129.1600","2.1516","48.3031"
"129.1800","2.1518","48.3159"
"129.2000","2.1521","48.2806"
"129.2200","2.1524","48.2803"
"129.2400","2.1527","48.2052"
"129.2600","2.1531","48.1357"
"129.2800","2.1535","48.2045"
"129.3000","2.1539","48.2850"
"129.3200","2.1542","48.2751"
"129.3400","2.1545","48.2501"
"129.3600","2.1548","48.2168"
"129.3800","2.1551","48.1641"
"129.4000","2.1555","48.2387"
"129.4200","2.1559","48.3585"
"129.4400","2.1563","48.3114"
"129.4600","2.1567","48.2128"
"129.4800","2.1569","48.2318"
"129.5000","2.1572","48.2422"
"129.5200","2.1574","48.3934"
"129.5400","2.1577","48.2748"
"129.5600","2.1581","48.3016"
"129.5800","2.1584","48.3279"
"129.6000","2.1588","48.2969"
"129.6200","2.1592","48.1847"
"129.6400","2.1595","48.1992"
"129.6600","2.1598","48.2887"
"129.6800","2.1601","48.2886"
"129.7000","2.1603","48.2202"
"129.7200","2.1606","48.2561"
"129.7400","2.1610","48.2884"
"129.7600","2.1614","48.3055"
"129.7800","2.1619","48.2987"
"129.8000","2.1623","48.2520"
"129.8200","2.1627","48.2536"
"129.8400","2.1629","48.2983"
"129.8600","2.1631","48.2642"
"129.8800","2.1634","48.2524"
"129.9000","2.1637","48.2342"
"129.9200","2.1640","48.2456"
"129.9400","2.1644","48.2754"
"129.9600","2.1648","48.3201"
"129.9800","2.1652","48.3651"
"130.0000","2.1655","48.3152"
"130.0200","2.1658","48.3152"
"130.0400","2.1661","48.2861"
"130.0600","2.1665","48.2527"
"130.0800","2.1668","48.2134"
"130.1000","2.1672","48.2493"
"130.1200","2.1676","48.2723"
"130.1400","2.1680","48.2831"
"130.1600","2.1683","48.3007"
"130.1800","2.1686","48.3178"
"130.2000","2.1688","48.2796"
"130.2200","2.1691","48.3203"
"130.2400","2.1694","48.3138"
"130.2600","2.1697","48.2944"
"130.2800","2.1701","48.3025"
"130.3000","2.1705","48.2341"
"130.3200","2.1708","48.2171"
"130.3400","2.1711","48.1921"
"130.3600","2.1714","48.2031"
"130.3800","2.1717","48.2221"
"130.4000","2.1720","48.1373"
"130.4200","2.1723","48.1546"
"130.4400","2.1727","48.1891"
"130.4600","2.1732","48.2034"
"130.4800","2.1736","48.1426"
"130.5000","2.1740","48.1823"
"130.5200","2.1743","48.1551"
"130.5400","2.1745","48.0838"
"130.5600","2.1748","48.1154"
"130.5800","2.1750","48.1740"
"130.6000","2.1753","48.1078"
"130.6200","2.1757","48.1058"
"130.6400","2.1761","48.0817"
"130.6600","2.1765","48.1902"
"130.6800","2.1769","48.1956"
"130.7000","2.1772","48.1660"
"130.7200","2.1775","48.1123"
"130.7400","2.1778","48.1173"
"130.7600","2.1781","48.1041"
"130.7800","2.1785","48.0824"
"130.8000","2.1789","48.0628"
"130.8200","2.1793","48.0515"
"130.8400","2.1796","48.0182"
"130.8600","2.1799","47.9950"
"130.8800","2.1802","48.0204"
"130.9000","2.1804","48.0620"
"130.9200","2.1807","48.1949"
"130.9400","2.1810","48.1815"
"130.9600","2.1814","48.1676"
"130.9800","2.1818","48.1276"
"131.0000","2.1822","48.1449"
"131.0200","2.1825","48.1847"
"131.0400","2.1828","48.1798"
"131.0600","2.1830","48.1951"
"131.0800","2.1833","48.1206"
"131.1000","2.1836","48.0711"
"131.1200","2.1840","48.0692"
"131.1400","2.1844","48.0994"
"131.1600","2.1849","48.1345"
"131.1800","2.1853","48.1993"
"131.2000","2.1857","48.2001"
"131.2200","2.1859","48.0953"
"131.2400","2.1861","48.0431"
"131.2600","2.1864","48.0683"
"131.2800","2.1867","47.9932"
"131.3000","2.1870","48.0614"
"131.3200","2.1874","48.1716"
"131.3400","2.1878","48.2688"
"131.3600","2.1882","48.2451"
"131.3800","2.1885","48.1142"
"131.4000","2.1888","48.0346"
"131.4200","2.1891","48.0377"
"131.4400","2.1894","48.0856"
"131.4600","2.1898","48.0725"
"131.4800","2.1902","48.1532"
"131.5000","2.1907","48.1949"
"131.5200","2.1910","48.1831"
"131.5400","2.1913","48.1202"
"131.5600","2.1915","48.1276"
"131.5800","2.1918","48.1575"
"131.6000","2.1920","48.1536"
"131.6200","2.1923","48.1856"
"131.6400","2.1927","48.1668"
"131.6600","2.1931","48.1044"
"131.6800","2.1935","48.1072"
"131.7000","2.1939","47.9938"
"131.7200","2.1942","47.9701"
"131.7400","2.1945","47.9959"
"131.7600","2.1947","48.1142"
"131.7800","2.1950","48.1012"
"131.8000","2.1954","48.0884"
"131.8200","2.1958","48.0601"
"131.8400","2.1962","48.0740"
"131.8600","2.1967","47.9939"
"131.8800","2.1970","48.0004"
"131.9000","2.1973","48.0665"
"131.9200","2.1976","48.1920"
"131.9400","2.1978","48.2466"
"131.9600","2.1980","48.1980"
"131.9800","2.1984","48.1253"
"132.0000","2.1987","48.1245"
"132.0200","2.1991","48.0909"
"132.0400","2.1995","48.1286"
"132.0600","2.1998","48.1610"
"132.0800","2.2002","48.1235"
"132.1000","2.2004","48.1451"
"132.1200","2.2008","48.1433"
"132.1400","2.2011","48.1624"
"132.1600","2.2016","48.1363"
"132.1800","2.2020","48.1089"
"132.2000","2.2024","48.1250"
"132.2200","2.2027","48.1983"
"132.2400","2.2029","48.2782"
"132.2600","2.2031","48.1660"
"132.2800","2.2034","48.1577"
"132.3000","2.2037","48.1760"
"132.3200","2.2041","48.1946"
"132.3400","2.2044","48.1518"
"132.3600","2.2048","48.1558"
"132.3800","2.2052","48.1286"
"132.4000","2.2055","48.1899"
"132.4200","2.2058","48.1832"
"132.4400","2.2061","48.1155"
"132.4600","2.2063","48.1406"
"132.4800","2.2067","48.1930"
"132.5000","2.2070","48.0917"
"132.5200","2.2075","48.1366"
"132.5400","2.2080","48.0847"
"132.5600","2.2084","48.1245"
"132.5800","2.2087","48.2107"
"132.6000","2.2089","48.2046"
"132.6200","2.2091","48.1299"
"132.6400","2.2094","48.1572"
"132.6600","2.2097","48.1632"
"132.6800","2.2100","48.1617"
"132.7000","2.2104","48.2217"
"132.7200","2.2108","48.1341"
"132.7400","2.2112","48.1411"
"132.7600","2.2115","48.1118"
"132.7800","2.2118","48.0985"
"132.8000","2.2121","48.1124"
"132.8200","2.2125","48.1835"
"132.8400","2.2129","48.2187"
"132.8600","2.2133","48.1795"
"132.8800","2.2137","48.2214"
"132.9000","2.2140","48.3016"
"132.9200","2.2143","48.2646"
"132.9400","2.2145","48.2521"
"132.9600","2.2148","48.1455"
"132.9800","2.2150","48.0753"
"133.0000","2.2154","48.0638"
"133.0200","2.2157","48.1122"
"133.0400","2.2161","48.1065"
"133.0600","2.2165","48.1133"
"133.0800","2.2169","48.0952"
"133.1000","2.2172","48.0619"
"133.1200","2.2174","48.0620"
"133.1400","2.2177","48.1110"
"133.1600","2.2180","48.2187"
"133.1800","2.2184","48.2553"
"133.2000","2.2188","48.2548"
"133.2200","2.2193","48.2610"
"133.2400","2.2197","48.2067"
"133.2600","2.2200","48.1227"
"133.2800","2.2203","48.0670"
"133.3000","2.2205","48.0877"
"133.3200","2.2208","48.0896"
"133.3400","2.2210","48.0907"
"133.3600","2.2214","48.1357"
"133.3800","2.2217","48.1331"
"133.4000","2.2221","48.1319"
"133.4200","2.2225","48.1252"
"133.4400","2.2228","48.0415"
"133.4600","2.2231","48.0433"
"133.4800","2.2234","48.0459"
"133.5000","2.2237","48.1191"
"133.5200","2.2241","48.1587"
"133.5400","2.2245","48.1901"
"133.5600","2.2250","48.1478"
"133.5800","2.2253","48.1411"
"133.6000","2.2256","48.1469"
"133.6200","2.2259","48.1688"
"133.6400","2.2261","48.1817"
"133.6600","2.2264","48.1376"
"133.6800","2.2267","48.1035"
"133.7000","2.2270","48.0361"
"133.7200","2.2274","48.1464"
"133.7400","2.2278","48.1860"
"133.7600","2.2282","48.1761"
"133.7800","2.2285","48.2118"
"133.8000","2.2288","48.2034"
"133.8200","2.2290","48.2005"
"133.8400","2.2293","48.1366"
"133.8600","2.2296","48.1265"
"133.8800","2.2300","48.0710"
"133.9000","2.2305","48.0536"
"133.9200","2.2310","48.1291"
"133.9400","2.2314","48.1894"
"133.9600","2.2317","48.2556"
"133.9800","2.2319","48.2167"
"134.0000","2.2322","48.1237"
"134.0200","2.2324","48.1045"
"134.0400","2.2327","48.1187"
"134.0600","2.2330","48.1907"
"134.0800","2.2334","48.1713"
"134.1000","2.2337","48.1649"
"134.1200","2.2341","48.0962"
"134.1400","2.2344","48.0888"
"134.1600","2.2348","48.1156"
"134.1800","2.2351","48.1945"
"134.2000","2.2354","48.1985"
"134.2200","2.2358","48.1907"
"134.2400","2.2362","48.2129"
"134.2600","2.2367","48.2001"
"134.2800","2.2370","48.1731"
"134.3000","2.2373","48.2505"
"134.3200","2.2375","48.1987"
"134.3400","2.2378","48.2036"
"134.3600","2.2380","48.1266"
"134.3800","2.2383","48.1419"
"134.4000","2.2387","48.1722"
"134.4200","2.2391","48.1381"
"134.4400","2.2395","48.1686"
"134.4600","2.2398","48.3059"
"134.4800","2.2401","48.2758"
"134.5000","2.2404","48.2126"
"134.5200","2.2407","48.1043"
"134.5400","2.2410","48.1096"
"134.5600","2.2413","48.1890"
"134.5800","2.2418","48.2716"
"134.6000","2.2422","48.3545"
"134.6200","2.2427","48.2547"
"134.6400","2.2431","48.2244"
"134.6600","2.2433","48.2192"
"134.6800","2.2435","48.2633"
"134.7000","2.2438","48.2779"
"134.7200","2.2440","48.2128"
"134.7400","2.2443","48.1648"
"134.7600","2.2447","48.1380"
"134.7800","2.2451","48.1888"
"134.8000","2.2454","48.1926"
"134.8200","2.2458","48.1512"
"134.8400","2.2461","48.1961"
"134.8600","2.2464","48.2324"
"134.8800","2.2468","48.2093"
"134.9000","2.2471","48.2320"
"134.9200","2.2476","48.2191"
"134.9400","2.2480","48.2715"
"134.9600","2.2484","48.2063"
"134.9800","2.2487","48.1539"
"135.0000","2.2489","48.1222"
"135.0200","2.2491","48.0874"
"135.0400","2.2494","48.1054"
"135.0600","2.2497","48.1942"
"135.0800","2.2500","48.2804"
"135.1000","2.2504","48.2347"
"135.1200","2.2508","48.2771"
"135.1400","2.2512","48.1806"
"135.1600","2.2515","48.2273"
"135.1800","2.2518","48.2321"
"135.2000","2.2521","48.2233"
"135.2200","2.2523","48.2599"
"135.2400","2.2527","48.2178"
"135.2600","2.2531","48.1917"
"135.2800","2.2535","48.2157"
"135.3000","2.2540","48.3023"
"135.3200","2.2544","48.3399"
"135.3400","2.2547","48.3652"
"135.3600","2.2550","48.3437"
"135.3800","2.2552","48.2726"
"135.4000","2.2554","48.2825"
"135.4200","2.2557","48.2901"
"135.4400","2.2560","48.3658"
"135.4600","2.2564","48.3267"
"135.4800","2.2568","48.3466"
"135.5000","2.2572","48.4321"
"135.5200","2.2575","48.3494"
"135.5400","2.2578","48.2825"
"135.5600","2.2581","48.2638"
"135.5800","2.2585","48.2882"
"135.6000","2.2589","48.3496"
"135.6200","2.2593","48.4249"
"135.6400","2.2597","48.3839"
"135.6600","2.2600","48.3655"
"135.6800","2.2603","48.3594"
"135.7000","2.2605","48.3612"
"135.7200","2.2608","48.3438"
"135.7400","2.2610","48.3619"
"135.7600","2.2613","48.3687"
"135.7800","2.2617","48.3573"
"135.8000","2.2621","48.4136"
"135.8200","2.2625","48.3673"
"135.8400","2.2628","48.3882"
"135.8600","2.2631","48.4436"
"135.8800","2.2634","48.3930"
"135.9000","2.2637","48.3981"
"135.9200","2.2640","48.3207"
"135.9400","2.2643","48.3028"
"135.9600","2.2648","48.2057"
"135.9800","2.2653","48.1992"
"136.0000","2.2657","48.3239"
"136.0200","2.2661","48.3752"
"136.0400","2.2664","48.3958"
"136.0600","2.2666","48.3393"
"136.0800","2.2668","48.3171"
"136.1000","2.2671","48.2912"
"136.1200","2.2674","48.2496"
"136.1400","2.2677","48.3120"
"136.1600","2.2681","48.3036"
"136.1800","2.2685","48.3146"
"136.2000","2.2688","48.2738"
"136.2200","2.2691","48.3351"
"136.2400","2.2694","48.4082"
"136.2600","2.2698","48.3547"
"136.2800","2.2702","48.3027"
"136.3000","2.2706","48.3025"
"136.3200","2.2710","48.3453"
"136.3400","2.2713","48.2909"
"136.3600","2.2716","48.2724"
"136.3800","2.2719","48.2462"
"136.4000","2.2721","48.3489"
"136.4200","2.2724","48.3302"
"136.4400","2.2727","48.3046"
"136.4600","2.2730","48.3470"
"136.4800","2.2734","48.3274"
"136.5000","2.2738","48.2328"
"136.5200","2.2742","48.2154"
"136.5400","2.2745","48.2480"
"136.5600","2.2748","48.1821"
"136.5800","2.2750","48.1895"
"136.6000","2.2753","48.3526"
"136.6200","2.2757","48.3360"
"136.6400","2.2761","48.2948"
"136.6600","2.2765","48.2836"
"136.6800","2.2770","48.2904"
"136.7000","2.2774","48.2926"
"136.7200","2.2777","48.2442"
"136.7400","2.2779","48.2542"
"136.7600","2.2782","48.2141"
"136.7800","2.2784","48.2240"
"136.8000","2.2787","48.2307"
"136.8200","2.2791","48.2304"
"136.8400","2.2794","48.2106"
"136.8600","2.2798","48.2227"
"136.8800","2.2802","48.2638"
"136.9000","2.2805","48.1946"
"136.9200","2.2808","48.2592"
"136.9400","2.2811","48.2633"
"136.9600","2.2815","48.3188"
"136.9800","2.2818","48.3562"
"137.0000","2.2822","48.3367"
"137.0200","2.2826","48.2795"
"137.0400","2.2830","48.2628"
"137.0600","2.2832","48.2737"
"137.0800","2.2835","48.2365"
"137.1000","2.2837","48.2123"
"137.1200","2.2840","48.2135"
"137.1400","2.2843","48.3160"
"137.1600","2.2847","48.3403"
"137.1800","2.2851","48.3468"
"137.2000","2.2855","48.2883"
"137.2200","2.2858","48.2698"
"137.2400","2.2861","48.3042"
"137.2600","2.2864","48.2789"
"137.2800","2.2867","48.3062"
"137.3000","2.2870","48.3361"
"137.3200","2.2874","48.2591"
"137.3400","2.2878","48.3513"
"137.3600","2.2883","48.4360"
"137.3800","2.2887","48.4075"
"137.4000","2.2890","48.3841"
"137.4200","2.2893","48.3611"
"137.4400","2.2895","48.3461"
"137.4600","2.2897","48.3273"
"137.4800","2.2900","48.3505"
"137.5000","2.2903","48.3577"
"137.5200","2.2907","48.3945"
"137.5400","2.2911","48.3800"
"137.5600","2.2915","48.3333"
"137.5800","2.2918","48.3434"
"137.6000","2.2921","48.4064"
"137.6200","2.2925","48.4645"
"137.6400","2.2928","48.3759"
"137.6600","2.2932","48.3236"
"137.6800","2.2936","48.2790"
"137.7000","2.2939","48.2452"
"137.7200","2.2943","48.2634"
"137.7400","2.2946","48.3058"
"137.7600","2.2949","48.3635"
"137.7800","2.2951","48.3920"
"137.8000","2.2954","48.3421"
"137.8200","2.2957","48.3255"
"137.8400","2.2960","48.3661"
"137.8600","2.2964","48.3999"
"137.8800","2.2968","48.3248"
"137.9000","2.2972","48.2950"
"137.9200","2.2975","48.3656"
"137.9400","2.2978","48.3403"
"137.9600","2.2981","48.3533"
"137.9800","2.2983","48.4047"
"138.0000","2.2987","48.3799"
"138.0200","2.2991","48.3772"
"138.0400","2.2995","48.4336"
"138.0600","2.3000","48.4169"
"138.0800","2.3004","48.4403"
"138.1000","2.3007","48.3233"
"138.1200","2.3009","48.3073"
"138.1400","2.3011","48.3702"
"138.1600","2.3014","48.3327"
"138.1800","2.3017","48.3743"
"138.2000","2.3021","48.4307"
"138.2200","2.3024","48.4298"
"138.2400","2.3028","48.3321"
"138.2600","2.3032","48.2928"
"138.2800","2.3035","48.4028"
"138.3000","2.3038","48.4268"
"138.3200","2.3041","48.3955"
"138.3400","2.3045","48.3842"
"138.3600","2.3049","48.4305"
"138.3800","2.3053","48.3838"
"138.4000","2.3056","48.3633"
"138.4200","2.3060","48.3964"
"138.4400","2.3062","48.3694"
"138.4600","2.3065","48.3670"
"138.4800","2.3067","48.3383"
"138.5000","2.3070","48.3158"
"138.5200","2.3073","48.3291"
"138.5400","2.3077","48.3796"
"138.5600","2.3081","48.3343"
"138.5800","2.3085","48.3805"
"138.6000","2.3088","48.4195"
"138.6200","2.3091","48.3220"
"138.6400","2.3094","48.2528"
"138.6600","2.3097","48.2846"
"138.6800","2.3100","48.2738"
"138.7000","2.3104","48.2259"
"138.7200","2.3108","48.1961"
"138.7400","2.3113","48.1810"
"138.7600","2.3117","48.2481"
"138.7800","2.3120","48.2561"
"138.8000","2.3123","48.2184"
"138.8200","2.3125","48.2413"
"138.8400","2.3127","48.2146"
"138.8600","2.3130","48.2565"
"138.8800","2.3134","48.2489"
"138.9000","2.3137","48.3009"
"138.9200","2.3141","48.2334"
"138.9400","2.3145","48.1242"
"138.9600","2.3149","48.1505"
"138.9800","2.3152","48.1379"
"139.0000","2.3155","48.1171"
"139.0200","2.3158","48.2026"
"139.0400","2.3162","48.1398"
"139.0600","2.3166","48.0521"
"139.0800","2.3170","48.1148"
"139.1000","2.3173","48.1161"
"139.1200","2.3176","48.1244"
"139.1400","2.3178","48.0942"
"139.1600","2.3181","48.0321"
"139.1800","2.3184","48.0370"
"139.2000","2.3187","48.0691"
"139.2200","2.3190","48.0746"
"139.2400","2.3194","47.9945"
"139.2600","2.3198","48.0014"
"139.2800","2.3202","47.9921"
"139.3000","2.3205","48.0123"
"139.3200","2.3208","48.0345"
"139.3400","2.3210","47.9487"
"139.3600","2.3213","47.9411"
"139.3800","2.3217","47.9768"
"139.4000","2.3221","47.8985"
"139.4200","2.3226","47.7977"
"139.4400","2.3231","47.8365"
"139.4600","2.3234","47.8724"
"139.4800","2.3237","47.8650"
"139.5000","2.3239","47.9079"
"139.5200","2.3241","47.8556"
"139.5400","2.3244","47.8384"
"139.5600","2.3247","47.8098"
"139.5800","2.3250","47.8296"
"139.6000","2.3254","47.8270"
"139.6200","2.3258","47.7959"
"139.6400","2.3262","47.7402"
"139.6600","2.3265","47.7419"
"139.6800","2.3268","47.7287"
"139.7000","2.3272","47.7341"
"139.7200","2.3275","47.7687"
"139.7400","2.3279","47.7557"
"139.7600","2.3283","47.7503"
"139.7800","2.3286","47.6871"
"139.8000","2.3289","47.6587"
"139.8200","2.3292","47.5726"
"139.8400","2.3294","47.5736"
"139.8600","2.3297","47.5980"
"139.8800","2.3300","47.6003"
"139.9000","2.3303","47.6107"
"139.9200","2.3307","47.6149"
"139.9400","2.3311","47.6169"
"139.9600","2.3315","47.6028"
"139.9800","2.3318","47.5792"
"140.0000","2.3321","47.5706"
"140.0200","2.3324","47.5402"
"140.0400","2.3326","47.4553"
"140.0600","2.3330","47.3814"
"140.0800","2.3334","47.4238"
"140.1000","2.3339","47.4513"
"140.1200","2.3344","47.3970"
"140.1400","2.3348","47.3660"
"140.1600","2.3351","47.3410"
"140.1800","2.3353","47.3595"
"140.2000","2.3355","47.3761"
"140.2200","2.3357","47.3363"
"140.2400","2.3360","47.2905"
"140.2600","2.3364","47.2737"
"140.2800","2.3368","47.1586"
"140.3000","2.3372","47.1553"
"140.3200","2.3376","47.2228"
"140.3400","2.3379","47.1688"
"140.3600","2.3382","47.1747"
"140.3800","2.3385","47.2602"
"140.4000","2.3388","47.2306"
"140.4200","2.3392","47.2093"
"140.4400","2.3396","47.1330"
"140.4600","2.3400","47.0692"
"140.4800","2.3403","47.1535"
"140.5000","2.3406","47.1018"
"140.5200","2.3408","47.0045"
"140.5400","2.3411","47.0144"
"140.5600","2.3414","47.1168"
"140.5800","2.3417","47.1251"
"140.6000","2.3420","47.1405"
"140.6200","2.3424","47.0526"
"140.6400","2.3428","47.0344"
"140.6600","2.3431","47.0271"
"140.6800","2.3434","47.0183"
"140.7000","2.3437","47.0649"
"140.7200","2.3440","47.0616"
"140.7400","2.3443","46.9755"
"140.7600","2.3447","46.9542"
"140.7800","2.3451","46.8906"
"140.8000","2.3456","46.9360"
"140.8200","2.3461","46.9001"
"140.8400","2.3464","46.8857"
"140.8600","2.3467","46.9723"
"140.8800","2.3469","46.9410"
"140.9000","2.3471","46.8454"
"140.9200","2.3474","46.7867"
"140.9400","2.3477","46.8077"
"140.9600","2.3481","46.8038"
"140.9800","2.3485","46.7983"
"141.0000","2.3488","46.8141"
"141.0200","2.3492","46.8190"
"141.0400","2.3495","46.8371"
"141.0600","2.3498","46.8198"
"141.0800","2.3501","46.8155"
"141.1000","2.3505","46.8734"
"141.1200","2.3509","46.7450"
"141.1400","2.3513","46.7524"
"141.1600","2.3516","46.7133"
"141.1800","2.3519","46.6935"
"141.2000","2.3522","46.7043"
"141.2200","2.3525","46.7231"
"141.2400","2.3527","46.7363"
"141.2600","2.3530","46.7929"
"141.2800","2.3534","46.8126"
"141.3000","2.3537","46.7735"
"141.3200","2.3541","46.7050"
"141.3400","2.3545","46.6417"
"141.3600","2.3548","46.6037"
"141.3800","2.3551","46.6221"
"141.4000","2.3553","46.7434"
"141.4200","2.3556","46.7714"
"141.4400","2.3560","46.7001"
"141.4600","2.3564","46.7540"
"141.4800","2.3568","46.6816"
"141.5000","2.3573","46.5881"
"141.5200","2.3577","46.5970"
"141.5400","2.3580","46.7048"
"141.5600","2.3582","46.7600"
"141.5800","2.3585","46.6498"
"141.6000","2.3587","46.5708"
"141.6200","2.3590","46.6506"
"141.6400","2.3594","46.7450"
"141.6600","2.3597","46.6316"
"141.6800","2.3601","46.5923"
"141.7000","2.3605","46.5994"
"141.7200","2.3608","46.5898"
"141.7400","2.3611","46.5470"
"141.7600","2.3614","46.5372"
"141.7800","2.3618","46.5582"
"141.8000","2.3622","46.6245"
"141.8200","2.3626","46.6151"
"141.8400","2.3630","46.6250"
"141.8600","2.3633","46.5597"
"141.8800","2.3636","46.5485"
"141.9000","2.3638","46.6001"
"141.9200","2.3641","46.6402"
"141.9400","2.3644","46.6223"
"141.9600","2.3647","46.5683"
"141.9800","2.3650","46.5297"
"142.0000","2.3654","46.5772"
"142.0200","2.3658","46.5132"
"142.0400","2.3661","46.4042"
"142.0600","2.3664","46.5402"
"142.0800","2.3667","46.5713"
"142.1000","2.3670","46.5483"
"142.1200","2.3673","46.5091"
"142.1400","2.3677","46.5096"
"142.1600","2.3681","46.4699"
"142.1800","2.3686","46.4667"
"142.2000","2.3690","46.4944"
"142.2200","2.3694","46.4422"
"142.2400","2.3696","46.4161"
"142.2600","2.3698","46.4105"
"142.2800","2.3701","46.3676"
"142.3000","2.3704","46.3411"
"142.3200","2.3707","46.3152"
"142.3400","2.3711","46.3378"
"142.3600","2.3715","46.3599"
"142.3800","2.3719","46.3636"
"142.4000","2.3722","46.3610"
"142.4200","2.3725","46.3107"
"142.4400","2.3728","46.2861"
"142.4600","2.3731","46.2508"
"142.4800","2.3735","46.2642"
"142.5000","2.3739","46.2773"
"142.5200","2.3743","46.2708"
"142.5400","2.3747","46.2332"
"142.5600","2.3750","46.1811"
"142.5800","2.3752","46.1658"
"142.6000","2.3755","46.0884"
"142.6200","2.3757","46.1072"
"142.6400","2.3760","46.1905"
"142.6600","2.3764","46.2144"
"142.6800","2.3768","46.1783"
"142.7000","2.3772","46.1587"
"142.7200","2.3775","46.0944"
"142.7400","2.3778","46.0758"
"142.7600","2.3781","46.2044"
"142.7800","2.3784","46.2701"
"142.8000","2.3787","46.1966"
"142.8200","2.3790","46.0338"
"142.8400","2.3794","46.0113"
"142.8600","2.3799","46.0205"
"142.8800","2.3803","46.0506"
"142.9000","2.3807","46.0731"
"142.9200","2.3810","46.1092"
"142.9400","2.3812","46.1280"
"142.9600","2.3814","46.1892"
"142.9800","2.3817","46.1518"
"143.0000","2.3820","46.0617"
"143.0200","2.3824","46.0149"
"143.0400","2.3828","46.1031"
"143.0600","2.3832","46.0520"
"143.0800","2.3835","45.9725"
"143.1000","2.3838","46.0642"
"143.1200","2.3841","46.0200"
"143.1400","2.3844","46.0253"
"143.1600","2.3848","45.9735"
"143.1800","2.3852","46.0265"
"143.2000","2.3857","46.0730"
"143.2200","2.3860","46.0466"
"143.2400","2.3864","46.0385"
"143.2600","2.3866","46.0731"
"143.2800","2.3869","46.0810"
"143.3000","2.3871","46.0535"
"143.3200","2.3874","46.0334"
"143.3400","2.3877","46.0220"
"143.3600","2.3881","45.9499"
"143.3800","2.3885","45.9562"
"143.4000","2.3888","45.9485"
"143.4200","2.3892","45.9652"
"143.4400","2.3894","45.9744"
"143.4600","2.3897","45.9222"
"143.4800","2.3900","45.8721"
"143.5000","2.3903","45.8883"
"143.5200","2.3907","45.9294"
"143.5400","2.3911","45.9149"
"143.5600","2.3916","45.9321"
"143.5800","2.3920","45.9291"
"143.6000","2.3923","45.9794"
"143.6200","2.3926","45.9400"
"143.6400","2.3928","45.8610"
"143.6600","2.3931","45.8829"
"143.6800","2.3934","45.9826"
"143.7000","2.3937","45.9737"
"143.7200","2.3941","45.8931"
"143.7400","2.3945","45.8872"
"143.7600","2.3949","45.8523"
"143.7800","2.3952","45.8150"
"143.8000","2.3955","45.8217"
"143.8200","2.3958","45.8122"
"143.8400","2.3961","45.7759"
"143.8600","2.3965","45.7352"
"143.8800","2.3969","45.7689"
"143.9000","2.3973","45.7754"
"143.9200","2.3977","45.7777"
"143.9400","2.3980","45.7475"
"143.9600","2.3982","45.7031"
"143.9800","2.3984","45.6334"
"144.0000","2.3987","45.5580"
"144.0200","2.3991","45.5854"
"144.0400","2.3994","45.6536"
"144.0600","2.3998","45.5451"
"144.0800","2.4002","45.5391"
"144.1000","2.4005","45.5083"
"144.1200","2.4008","45.5343"
"144.1400","2.4011","45.5097"
"144.1600","2.4013","45.4198"
"144.1800","2.4016","45.3868"
"144.2000","2.4020","45.4110"
"144.2200","2.4024","45.4012"
"144.2400","2.4029","45.2969"
"144.2600","2.4033","45.2862"
"144.2800","2.4037","45.2386"
"144.3000","2.4039","45.2556"
"144.3200","2.4042","45.2601"
"144.3400","2.4044","45.3141"
"144.3600","2.4047","45.2387"
"144.3800","2.4050","45.2827"
"144.4000","2.4054","45.2118"
"144.4200","2.4058","45.2157"
"144.4400","2.4062","45.2740"
"144.4600","2.4065","45.2768"
"144.4800","2.4068","45.2314"
"144.5000","2.4071","45.1140"
"144.5200","2.4074","45.1083"
"144.5400","2.4078","45.1091"
"144.5600","2.4082","45.1150"
"144.5800","2.4086","45.1000"
"144.6000","2.4090","45.1171"
"144.6200","2.4093","45.1241"
"144.6400","2.4096","45.1300"
"144.6600","2.4098","45.0930"
"144.6800","2.4101","45.0475"
"144.7000","2.4104","45.0289"
"144.7200","2.4107","45.0394"
"144.7400","2.4111","45.0002"
"144.7600","2.4115","45.0518"
"144.7800","2.4118","45.1178"
"144.8000","2.4121","45.1100"
"144.8200","2.4124","45.0056"
"144.8360","2.4126","44.9310"
"144.8370","2.4127","44.9326"
"144.8570","2.4129","45.0213"
"144.8770","2.4132","45.0503"
"144.8970","2.4136","44.9729"
"144.9170","2.4139","44.9988"
"144.9370","2.4140","45.0329"
"144.9570","2.4141","45.0207"
"144.9770","2.4141","45.0606"
"144.9970","2.4141","44.9989"
"145.0170","2.4140","45.0272"
"145.0370","2.4140","44.9826"
"145.0570","2.4140","44.9261"
"145.0770","2.4140","44.8992"
"145.0970","2.4140","44.9086"
"145.1170","2.4140","44.9126"
"145.1370","2.4140","44.9254"
"145.1570","2.4140","44.9259"
"145.1770","2.4140","44.8625"
"145.1970","2.4140","44.8472"
"145.2170","2.4139","44.9436"
"145.2370","2.4139","44.9129"
"145.2570","2.4139","44.8433"
"145.2770","2.4139","44.8561"
"145.2970","2.4138","44.8587"
"145.3170","2.4138","44.8435"
"145.3370","2.4138","44.8471"
"145.3570","2.4138","44.7392"
"145.3770","2.4137","44.6414"
"145.3970","2.4137","44.6605"
"145.4170","2.4137","44.7687"
"145.4370","2.4137","44.7605"
"145.4570","2.4137","44.6655"
"145.4770","2.4137","44.5957"
"145.4970","2.4137","44.5991"
"145.5170","2.4136","44.6585"
"145.5370","2.4136","44.6787"
"145.5570","2.4136","44.7282"
"145.5770","2.4136","44.6464"
"145.5970","2.4136","44.5526"
"145.6170","2.4136","44.6358"
"145.6370","2.4136","44.6751"
"145.6570","2.4135","44.7147"
"145.6770","2.4135","44.6979"
"145.6970","2.4135","44.6235"
"145.7170","2.4135","44.6072"
"145.7370","2.4135","44.5380"
"145.7570","2.4135","44.5129"
"145.7770","2.4135","44.5650"
"145.7970","2.4135","44.5613"
"145.8170","2.4135","44.5538"
"145.8370","2.4135","44.6043"
"145.8570","2.4135","44.5754"
"145.8770","2.4135","44.5377"
"145.8970","2.4135","44.5610"
"145.9170","2.4135","44.5945"
"145.9370","2.4135","44.5637"
"145.9570","2.4135","44.5007"
"145.9770","2.4135","44.5310"
"145.9970","2.4135","44.5765"
"146.0170","2.4135","44.5891"
"146.0370","2.4135","44.5716"
"146.0570","2.4135","44.5946"
"146.0770","2.4135","44.5330"
"146.0970","2.4135","44.5144"
"146.1170","2.4135","44.5511"
"146.1370","2.4135","44.5616"
"146.1570","2.4135","44.5052"
"146.1770","2.4135","44.4488"
"146.1970","2.4135","44.4268"
"146.2170","2.4135","44.4647"
"146.2370","2.4135","44.4539"
"146.2570","2.4135","44.3600"
"146.2770","2.4135","44.3512"
"146.2970","2.4135","44.3259"
"146.3170","2.4135","44.3600"
"146.3370","2.4135","44.3992"
"146.3570","2.4135","44.4588"
"146.3770","2.4135","44.4725"
"146.3970","2.4135","44.4630"
"146.4170","2.4135","44.4364"
"146.4370","2.4135","44.3751"
"146.4570","2.4135","44.4129"
"146.4770","2.4135","44.4221"
"146.4970","2.4135","44.3727"
"146.5170","2.4135","44.2596"
"146.5370","2.4135","44.2608"
"146.5570","2.4135","44.2687"
"146.5770","2.4135","44.3073"
"146.5970","2.4135","44.3594"
"146.6170","2.4135","44.3097"
"146.6370","2.4135","44.3349"
"146.6570","2.4135","44.3694"
"146.6770","2.4135","44.3165"
"146.6970","2.4135","44.2984"
"146.7170","2.4135","44.2899"
"146.7370","2.4135","44.3361"
"146.7570","2.4135","44.3892"
"146.7770","2.4135","44.3366"
"146.7970","2.4135","44.2458"
"146.8170","2.4135","44.2178"
"146.8370","2.4135","44.2241"
"146.8570","2.4135","44.2338"
"146.8770","2.4135","44.2204"
"146.8970","2.4135","44.2620"
"146.9170","2.4135","44.2944"
"146.9370","2.4135","44.2402"
"146.9570","2.4135","44.1504"
"146.9770","2.4135","44.2174"
"146.9970","2.4135","44.2651"
"147.0170","2.4135","44.1634"
"147.0370","2.4135","44.1030"
"147.0570","2.4135","44.0982"
"147.0770","2.4135","44.0942"
"147.0970","2.4135","44.1301"
"147.1170","2.4135","44.1923"
"147.1370","2.4135","44.2343"
"147.1570","2.4135","44.1823"
"147.1770","2.4135","44.2063"
"147.1970","2.4135","44.1731"
"147.2170","2.4135","44.1787"
"147.2370","2.4135","44.1769"
"147.2570","2.4135","44.1596"
"147.2770","2.4135","44.0740"
"147.2970","2.4135","44.0463"
"147.3170","2.4135","44.0525"
"147.3370","2.4135","44.0418"
"147.3570","2.4135","44.1330"
"147.3770","2.4135","44.1394"
"147.3970","2.4135","44.0645"
"147.4170","2.4135","44.0293"
"147.4370","2.4135","44.0786"
"147.4570","2.4135","44.1279"
"147.4770","2.4135","44.0575"
"147.4970","2.4135","44.0267"
"147.5170","2.4135","43.9973"
"147.5370","2.4135","43.9889"
"147.5570","2.4135","44.0313"
"147.5770","2.4135","44.0388"
"147.5970","2.4135","43.9928"
"147.6170","2.4135","43.9882"
"147.6370","2.4135","43.9937"
"147.6570","2.4135","44.0664"
"147.6770","2.4135","44.0681"
"147.6970","2.4135","44.1128"
"147.7170","2.4135","44.0357"
"147.7370","2.4135","44.0027"
"147.7570","2.4135","44.1162"
"147.7770","2.4135","44.0927"
"147.7970","2.4135","44.0088"
"147.8170","2.4135","43.9368"
"147.8370","2.4135","43.9463"
"147.8570","2.4135","43.9171"
"147.8770","2.4135","43.9306"
"147.8970","2.4135","43.9122"
"147.9170","2.4135","43.8840"
"147.9370","2.4135","43.9810"
"147.9570","2.4135","43.9451"
"147.9770","2.4135","43.9141"
"147.9970","2.4135","43.7860"
"148.0170","2.4135","43.8023"
"148.0370","2.4135","43.8496"
"148.0570","2.4135","43.9721"
"148.0770","2.4135","43.8664"
"148.0970","2.4135","43.8260"
"148.1170","2.4135","43.8138"
"148.1370","2.4135","43.8146"
"148.1570","2.4135","43.8539"
"148.1770","2.4135","43.8987"
"148.1970","2.4135","43.9348"
"148.2170","2.4135","43.9359"
"148.2370","2.4135","43.8846"
"148.2570","2.4135","43.9177"
"148.2770","2.4135","43.8860"
"148.2970","2.4135","43.8814"
"148.3170","2.4135","43.8198"
"148.3370","2.4135","43.7666"
"148.3570","2.4135","43.7505"
"148.3770","2.4135","43.7582"
"148.3970","2.4135","43.8695"
"148.4170","2.4135","43.8467"
"148.4370","2.4135","43.8151"
"148.4570","2.4135","43.7696"
"148.4770","2.4135","43.7756"
"148.4970","2.4135","43.7698"
"148.5170","2.4135","43.8393"
"148.5370","2.4135","43.8623"
"148.5570","2.4135","43.7790"
"148.5770","2.4135","43.7611"
"148.5970","2.4135","43.7838"
"148.6170","2.4135","43.7576"
"148.6370","2.4135","43.8481"
"148.6570","2.4135","43.8383"
"148.6770","2.4135","43.8089"
"148.6970","2.4135","43.7391"
"148.7170","2.4135","43.7021"
"148.7370","2.4135","43.7071"
"148.7570","2.4135","43.7118"
"148.7770","2.4135","43.7399"
"148.7970","2.4135","43.8091"
"148.8170","2.4135","43.8381"
"148.8370","2.4135","43.7838"
"148.8570","2.4135","43.7762"
"148.8770","2.4135","43.7499"
"148.8970","2.4135","43.7096"
"148.9170","2.4135","43.6944"
"148.9370","2.4135","43.7721"
"148.9570","2.4135","43.8589"
"148.9770","2.4135","43.7336"
"148.9970","2.4135","43.6147"
"149.0170","2.4135","43.5698"
"149.0370","2.4135","43.6779"
"149.0570","2.4135","43.7849"
"149.0770","2.4135","43.7724"
"149.0970","2.4135","43.7037"
"149.1170","2.4135","43.6920"
"149.1370","2.4135","43.6385"
"149.1570","2.4135","43.6542"
"149.1770","2.4135","43.6657"
"149.1970","2.4135","43.6871"
"149.2170","2.4135","43.6421"
"149.2370","2.4135","43.6448"
"149.2570","2.4135","43.6570"
"149.2770","2.4135","43.7095"
"149.2970","2.4135","43.5636"
"149.3170","2.4135","43.5725"
"149.3370","2.4135","43.5985"
"149.3570","2.4135","43.6097"
"149.3770","2.4135","43.7071"
"149.3970","2.4135","43.7215"
"149.4170","2.4135","43.6499"
"149.4370","2.4135","43.5779"
"149.4570","2.4135","43.6244"
"149.4770","2.4135","43.6167"
"149.4970","2.4135","43.5918"
"149.5170","2.4135","43.7234"
"149.5370","2.4135","43.7423"
"149.5570","2.4135","43.7308"
"149.5770","2.4135","43.6872"
"149.5970","2.4135","43.6804"
"149.6170","2.4135","43.6325"
"149.6370","2.4135","43.5150"
"149.6570","2.4135","43.5619"
"149.6770","2.4135","43.5076"
"149.6970","2.4135","43.5114"
"149.7170","2.4135","43.5699"
"149.7370","2.4135","43.6841"
"149.7570","2.4135","43.6658"
"149.7770","2.4135","43.5592"
"149.7970","2.4135","43.5906"
"149.8170","2.4135","43.5792"
"149.8370","2.4135","43.5947"
"149.8570","2.4135","43.5394"
"149.8770","2.4135","43.5269"
"149.8970","2.4135","43.5686"
"149.9170","2.4135","43.6518"
"149.9370","2.4135","43.6347"
"149.9570","2.4135","43.5181"
"149.9770","2.4135","43.4685"
"149.9970","2.4135","43.5236"
"150.0170","2.4135","43.5545"
"150.0370","2.4135","43.5306"
"150.0570","2.4135","43.5773"
"150.0770","2.4135","43.6056"
"150.0970","2.4135","43.5904"
"150.1170","2.4135","43.6234"
"150.1370","2.4135","43.6892"
"150.1570","2.4135","43.6141"
"150.1770","2.4135","43.5768"
"150.1970","2.4135","43.5403"
"150.2170","2.4135","43.5665"
"150.2370","2.4135","43.5653"
"150.2570","2.4135","43.5630"
"150.2770","2.4135","43.5854"
"150.2970","2.4135","43.6426"
"150.3170","2.4135","43.5666"
"150.3370","2.4135","43.5947"
"150.3570","2.4135","43.6691"
"150.3770","2.4135","43.6901"
"150.3970","2.4135","43.5643"
"150.4170","2.4135","43.4844"
"150.4370","2.4135","43.5968"
"150.4570","2.4135","43.5403"
"150.4770","2.4135","43.5481"
"150.4970","2.4135","43.5769"
"150.5170","2.4135","43.4642"
"150.5370","2.4135","43.5195"
"150.5570","2.4135","43.5072"
"150.5770","2.4135","43.5271"
"150.5970","2.4135","43.5725"
"150.6170","2.4135","43.5273"
"150.6370","2.4135","43.5426"
"150.6570","2.4135","43.5108"
"150.6770","2.4135","43.5177"
"150.6970","2.4135","43.4945"
"150.7170","2.4135","43.4767"
"150.7370","2.4135","43.4527"
"150.7570","2.4135","43.5482"
"150.7770","2.4135","43.5953"
"150.7970","2.4135","43.5443"
"150.8170","2.4135","43.5114"
"150.8370","2.4135","43.5235"
"150.8570","2.4135","43.6234"
"150.8770","2.4135","43.6061"
"150.8970","2.4135","43.5005"
"150.9170","2.4135","43.5622"
"150.9370","2.4135","43.5241"
"150.9570","2.4135","43.4905"
"150.9770","2.4135","43.4278"
"150.9970","2.4135","43.3959"
"151.0170","2.4135","43.4983"
"151.0370","2.4135","43.4767"
"151.0570","2.4135","43.5639"
"151.0770","2.4135","43.6062"
"151.0970","2.4135","43.5718"
"151.1170","2.4135","43.4904"
"151.1370","2.4135","43.4014"
"151.1570","2.4135","43.4045"
"151.1770","2.4135","43.3712"
"151.1970","2.4135","43.5107"
"151.2170","2.4135","43.5294"
"151.2370","2.4135","43.5137"
"151.2570","2.4135","43.4618"
"151.2770","2.4135","43.4946"
"151.2970","2.4135","43.5269"
"151.3170","2.4135","43.5639"
"151.3370","2.4135","43.6093"
"151.3570","2.4135","43.5808"
"151.3770","2.4135","43.5521"
"151.3970","2.4135","43.5548"
"151.4170","2.4135","43.5544"
"151.4370","2.4135","43.5219"
"151.4570","2.4135","43.5249"
"151.4770","2.4135","43.4738"
"151.4970","2.4135","43.4186"
"151.5170","2.4135","43.3979"
"151.5370","2.4135","43.4761"
"151.5570","2.4135","43.5011"
"151.5770","2.4135","43.4871"
"151.5970","2.4135","43.4239"
"151.6170","2.4135","43.4311"
"151.6370","2.4135","43.4771"
"151.6570","2.4135","43.5005"
"151.6770","2.4135","43.4827"
"151.6970","2.4135","43.4940"
"151.7170","2.4135","43.4815"
"151.7370","2.4135","43.4594"
"151.7570","2.4135","43.4171"
"151.7770","2.4135","43.4358"
"151.7970","2.4135","43.5512"
"151.8170","2.4135","43.4872"
"151.8370","2.4135","43.3934"
"151.8570","2.4135","43.3733"
"151.8770","2.4135","43.4158"
"151.8970","2.4135","43.4539"
"151.9170","2.4135","43.4494"
"151.9370","2.4135","43.3621"
"151.9570","2.4135","43.3815"
"151.9770","2.4135","43.4007"
"151.9970","2.4135","43.3597"
"152.0170","2.4135","43.3660"
"152.0370","2.4135","43.4942"
"152.0570","2.4135","43.4061"
"152.0770","2.4135","43.3755"
"152.0970","2.4135","43.4156"
"152.1170","2.4135","43.3778"
"152.1370","2.4135","43.3928"
"152.1570","2.4135","43.4443"
"152.1770","2.4135","43.4728"
"152.1970","2.4135","43.4609"
"152.2170","2.4135","43.3616"
"152.2370","2.4135","43.3368"
"152.2570","2.4135","43.3104"
"152.2770","2.4135","43.3178"
"152.2970","2.4135","43.4126"
"152.3170","2.4135","43.4081"
"152.3370","2.4135","43.4384"
"152.3570","2.4135","43.4156"
"152.3770","2.4135","43.4489"
"152.3970","2.4135","43.5000"
"152.4170","2.4135","43.4401"
"152.4370","2.4135","43.4094"
"152.4570","2.4135","43.3596"
"152.4770","2.4135","43.3547"
"152.4970","2.4135","43.3320"
"152.5170","2.4135","43.4102"
"152.5370","2.4135","43.4161"
"152.5570","2.4135","43.3502"
"152.5770","2.4135","43.4061"
"152.5970","2.4135","43.3752"
"152.6170","2.4135","43.3953"
"152.6370","2.4135","43.4347"
"152.6570","2.4135","43.4129"
"152.6770","2.4135","43.3551"
"152.6970","2.4135","43.2620"
"152.7170","2.4135","43.2761"
"152.7370","2.4135","43.2937"
"152.7570","2.4135","43.3786"
"152.7770","2.4135","43.4590"
"152.7970","2.4135","43.3784"
"152.8170","2.4135","43.4170"
"152.8370","2.4135","43.4311"
"152.8570","2.4135","43.4070"
"152.8770","2.4135","43.4676"
"152.8970","2.4135","43.3949"
"152.9170","2.4135","43.3950"
"152.9370","2.4135","43.3366"
"152.9570","2.4135","43.2665"
"152.9770","2.4135","43.2805"
"152.9970","2.4135","43.3032"
"153.0170","2.4135","43.3195"
"153.0370","2.4135","43.2742"
"153.0570","2.4135","43.3328"
"153.0770","2.4135","43.3643"
"153.0970","2.4135","43.3714"
"153.1170","2.4135","43.3212"
"153.1370","2.4135","43.2753"
"153.1570","2.4135","43.2859"
"153.1770","2.4135","43.3799"
"153.1970","2.4135","43.3826"
"153.2170","2.4135","43.3616"
"153.2370","2.4135","43.3296"
"153.2570","2.4135","43.3839"
"153.2770","2.4135","43.3836"
"153.2970","2.4135","43.4056"
"153.3170","2.4135","43.3496"
"153.3370","2.4135","43.2678"
"153.3570","2.4135","43.2847"
"153.3770","2.4135","43.2905"
"153.3970","2.4135","43.3336"
"153.4170","2.4135","43.3025"
"153.4370","2.4135","43.2608"
"153.4570","2.4135","43.2636"
"153.4770","2.4135","43.2167"
"153.4970","2.4135","43.2425"
"153.5170","2.4135","43.2679"
"153.5370","2.4135","43.2934"
"153.5570","2.4135","43.2965"
"153.5770","2.4135","43.2524"
"153.5970","2.4135","43.3100"
"153.6170","2.4135","43.3044"
"153.6370","2.4135","43.3204"
"153.6570","2.4135","43.2803"
"153.6770","2.4135","43.2353"
"153.6970","2.4135","43.3060"
"153.7170","2.4135","43.3812"
"153.7370","2.4135","43.3980"
"153.7570","2.4135","43.3649"
"153.7770","2.4135","43.3566"
"153.7970","2.4135","43.2757"
"153.8170","2.4135","43.2789"
"153.8370","2.4135","43.2000"
"153.8570","2.4135","43.2354"
"153.8770","2.4135","43.2371"
"153.8970","2.4135","43.2259"
"153.9170","2.4135","43.2860"
"153.9370","2.4135","43.2127"
"153.9570","2.4135","43.2564"
"153.9770","2.4135","43.3726"
"153.9970","2.4135","43.3006"
"154.0170","2.4135","43.2076"
"154.0370","2.4135","43.1809"
"154.0570","2.4135","43.1923"
"154.0770","2.4135","43.3286"
"154.0970","2.4135","43.3400"
"154.1170","2.4135","43.3109"
"154.1370","2.4135","43.2834"
"154.1570","2.4135","43.2499"
"154.1770","2.4135","43.2664"
"154.1970","2.4135","43.2508"
"154.2170","2.4135","43.2265"
"154.2370","2.4135","43.2415"
"154.2570","2.4135","43.2135"
"154.2770","2.4135","43.2823"
"154.2970","2.4135","43.3201"
"154.3170","2.4135","43.3255"
"154.3370","2.4135","43.3024"
"154.3570","2.4135","43.3269"
"154.3770","2.4135","43.2765"
"154.3970","2.4135","43.2429"
"154.4170","2.4135","43.1966"
"154.4370","2.4135","43.2271"
"154.4570","2.4135","43.2281"
"154.4770","2.4135","43.2617"
"154.4970","2.4135","43.2914"
"154.5170","2.4135","43.3196"
"154.5370","2.4135","43.2798"
"154.5570","2.4135","43.2622"
"154.5770","2.4135","43.3508"
"154.5970","2.4135","43.3989"
"154.6170","2.4135","43.2348"
"154.6370","2.4135","43.2281"
"154.6570","2.4135","43.2813"
"154.6770","2.4135","43.2282"
"154.6970","2.4135","43.1676"
"154.7170","2.4135","43.1820"
"154.7370","2.4135","43.2547"
"154.7570","2.4135","43.3166"
"154.7770","2.4135","43.3275"
"154.7970","2.4135","43.2167"
"154.8170","2.4135","43.2358"
"154.8370","2.4135","43.3152"
"154.8570","2.4135","43.2218"
"154.8770","2.4135","43.1674"
"154.8970","2.4135","43.1629"
"154.9170","2.4135","43.1585"
"154.9370","2.4135","43.1805"
"154.9570","2.4135","43.1574"
"154.9770","2.4135","43.1690"
"154.9970","2.4135","43.1810"
"155.0170","2.4135","43.1770"
"155.0370","2.4135","43.1536"
"155.0570","2.4135","43.1194"
"155.0770","2.4135","43.2386"
"155.0970","2.4135","43.3104"
"155.1170","2.4135","43.2460"
"155.1370","2.4135","43.2041"
"155.1570","2.4135","43.2246"
"155.1770","2.4135","43.2335"
"155.1970","2.4135","43.2021"
"155.2170","2.4135","43.2240"
"155.2370","2.4135","43.2654"
"155.2570","2.4135","43.1290"
"155.2770","2.4135","43.1085"
"155.2970","2.4135","43.1755"
"155.3170","2.4135","43.2131"
"155.3370","2.4135","43.2146"
"155.3570","2.4135","43.1354"
"155.3770","2.4135","43.2449"
"155.3970","2.4135","43.1882"
"155.4170","2.4135","43.1673"
"155.4370","2.4135","43.1136"
"155.4570","2.4135","43.1424"
"155.4770","2.4135","43.1745"
"155.4970","2.4135","43.1819"
"155.5170","2.4135","43.2490"
"155.5370","2.4135","43.2313"
"155.5570","2.4135","43.2240"
"155.5770","2.4135","43.2407"
"155.5970","2.4135","43.2056"
"155.6170","2.4135","43.1735"
"155.6370","2.4135","43.1995"
"155.6570","2.4135","43.2098"
"155.6770","2.4135","43.1900"
"155.6970","2.4135","43.2043"
"155.7170","2.4135","43.2118"
"155.7370","2.4135","43.2422"
"155.7570","2.4135","43.1640"
"155.7770","2.4135","43.1853"
"155.7970","2.4135","43.2350"
"155.8170","2.4135","43.1942"
"155.8370","2.4135","43.2808"
"155.8570","2.4135","43.3081"
"155.8770","2.4135","43.2348"
"155.8970","2.4135","43.1837"
"155.9170","2.4135","43.1576"
"155.9370","2.4135","43.1711"
"155.9570","2.4135","43.2280"
"155.9770","2.4135","43.2096"
"155.9970","2.4135","43.1729"
"156.0170","2.4135","43.1812"
"156.0370","2.4135","43.1479"
"156.0570","2.4135","43.1404"
"156.0770","2.4135","43.2170"
"156.0970","2.4135","43.1812"
"156.1170","2.4135","43.1258"
"156.1370","2.4135","43.0960"
"156.1570","2.4135","43.1196"
"156.1770","2.4135","43.1380"
"156.1970","2.4135","43.1467"
"156.2170","2.4135","43.1877"
"156.2370","2.4135","43.1955"
"156.2570","2.4135","43.2191"
"156.2770","2.4135","43.1724"
"156.2970","2.4135","43.1633"
"156.3170","2.4135","43.1664"
"156.3370","2.4135","43.2433"
"156.3570","2.4135","43.2731"
"156.3770","2.4135","43.2997"
"156.3970","2.4135","43.2760"
"156.4170","2.4135","43.2126"
"156.4370","2.4135","43.1714"
"156.4570","2.4135","43.2063"
"156.4770","2.4135","43.2270"
"156.4970","2.4135","43.1792"
"156.5170","2.4135","43.1536"
"156.5370","2.4135","43.1841"
"156.5570","2.4135","43.2205"
"156.5770","2.4135","43.2473"
"156.5970","2.4135","43.1221"
"156.6170","2.4135","43.0223"
"156.6370","2.4135","43.1248"
"156.6570","2.4135","43.1846"
"156.6770","2.4135","43.1615"
"156.6970","2.4135","43.1598"
"156.7170","2.4135","43.1433"
"156.7370","2.4135","43.0586"
"156.7570","2.4135","43.0752"
"156.7770","2.4135","43.0156"
"156.7970","2.4135","43.0648"
"156.8170","2.4135","43.1255"
"156.8370","2.4135","43.1431"
"156.8570","2.4135","43.2116"
"156.8770","2.4135","43.2264"
"156.8970","2.4135","43.1774"
"156.9170","2.4135","43.1942"
"156.9370","2.4135","43.1588"
"156.9570","2.4135","43.0893"
"156.9770","2.4135","43.0800"
"156.9970","2.4135","43.1204"
"157.0170","2.4135","43.1333"
"157.0370","2.4135","43.1033"
"157.0570","2.4135","43.0760"
"157.0770","2.4135","43.0670"
"157.0970","2.4135","42.9988"
"157.1170","2.4135","43.0714"
"157.1370","2.4135","43.0880"
"157.1570","2.4135","43.2092"
"157.1770","2.4135","43.1251"
"157.1970","2.4135","43.1247"
"157.2170","2.4135","43.1179"
"157.2370","2.4135","43.0900"
"157.2570","2.4135","43.1612"
"157.2770","2.4135","43.2203"
"157.2970","2.4135","43.2609"
"157.3170","2.4135","43.1816"
"157.3370","2.4135","43.0795"
"157.3570","2.4135","43.1700"
"157.3770","2.4135","43.1826"
"157.3970","2.4135","43.0907"
"157.4170","2.4135","43.0963"
"157.4370","2.4135","43.1321"
"157.4570","2.4135","43.0331"
"157.4770","2.4135","43.0283"
"157.4970","2.4135","43.1385"
"157.5170","2.4135","43.1962"
"157.5370","2.4135","43.1179"
"157.5570","2.4135","43.0485"
"157.5770","2.4135","43.0291"
"157.5970","2.4135","43.0914"
"157.6170","2.4135","43.0515"
"157.6370","2.4135","43.0116"
"157.6570","2.4135","43.0708"
"157.6770","2.4135","43.0602"
"157.6970","2.4135","43.0590"
"157.7170","2.4135","43.0438"
"157.7370","2.4135","43.0806"
"157.7570","2.4135","43.0393"
"157.7770","2.4135","43.0481"
"157.7970","2.4135","43.1153"
"157.8170","2.4135","43.1346"
"157.8370","2.4135","43.1247"
"157.8570","2.4135","43.1604"
"157.8770","2.4135","43.1429"
"157.8970","2.4135","43.0851"
"157.9170","2.4135","43.1156"
"157.9370","2.4135","43.1298"
"157.9570","2.4135","43.0263"
"157.9770","2.4135","43.0340"
"157.9970","2.4135","43.1372"
"158.0170","2.4135","43.1390"
"158.0370","2.4135","43.1326"
"158.0570","2.4135","43.0635"
"158.0770","2.4135","43.0636"
"158.0970","2.4135","43.1542"
"158.1170","2.4135","43.1156"
"158.1370","2.4135","43.0842"
"158.1570","2.4135","42.9880"
"158.1770","2.4135","42.9485"
"158.1970","2.4135","43.0038"
"158.2170","2.4135","43.0592"
"158.2370","2.4135","43.0721"
"158.2570","2.4135","43.1067"
"158.2770","2.4135","43.2141"
"158.2970","2.4135","43.1480"
"158.3170","2.4135","43.1161"
"158.3370","2.4135","43.1548"
"158.3570","2.4135","43.1335"
"158.3770","2.4135","43.1295"
"158.3970","2.4135","43.1525"
"158.4170","2.4135","43.1345"
"158.4370","2.4135","43.1175"
"158.4570","2.4135","43.0999"
"158.4770","2.4135","43.0891"
"158.4970","2.4135","43.1185"
"158.5170","2.4135","43.1628"
"158.5370","2.4135","43.1250"
"158.5570","2.4135","43.1392"
"158.5770","2.4135","43.1000"
"158.5970","2.4135","43.1071"
"158.6170","2.4135","43.0064"
"158.6370","2.4135","43.0497"
"158.6570","2.4135","43.1943"
"158.6770","2.4135","43.2358"
"158.6970","2.4135","43.0817"
"158.7170","2.4135","43.0056"
"158.7370","2.4135","42.9793"
"158.7570","2.4135","43.0310"
"158.7770","2.4135","43.0118"
"158.7970","2.4135","43.0105"
"158.8170","2.4135","43.0510"
"158.8370","2.4135","43.1171"
"158.8570","2.4135","43.0953"
"158.8770","2.4135","43.1590"
"158.8970","2.4135","43.1567"
"158.9170","2.4135","43.0675"
"158.9370","2.4135","43.0524"
"158.9570","2.4135","43.1081"
"158.9770","2.4135","43.0102"
"158.9970","2.4135","43.0220"
"159.0170","2.4135","43.0768"
"159.0370","2.4135","43.0303"
"159.0570","2.4135","43.0121"
"159.0770","2.4135","43.0539"
"159.0970","2.4135","43.1144"
"159.1170","2.4135","43.0524"
"159.1370","2.4135","43.0511"
"159.1570","2.4135","43.0342"
"159.1770","2.4135","43.0697"
"159.1970","2.4135","43.0778"
"159.2170","2.4135","43.0933"
"159.2370","2.4135","43.1017"
"159.2570","2.4135","43.1123"
"159.2770","2.4135","43.0444"
"159.2970","2.4135","42.9961"
"159.3170","2.4135","42.9993"
"159.3370","2.4135","43.0465"
"159.3570","2.4135","43.0475"
"159.3770","2.4135","43.0433"
"159.3970","2.4135","43.0395"
"159.4170","2.4135","43.0381"
"159.4370","2.4135","43.0334"
"159.4570","2.4135","43.0873"
"159.4770","2.4135","43.1517"
"159.4970","2.4135","43.1611"
"159.5170","2.4135","43.0198"
"159.5370","2.4135","42.9849"
"159.5570","2.4135","43.0984"
"159.5770","2.4135","43.1285"
"159.5970","2.4135","43.1027"
"159.6170","2.4135","43.0631"
"159.6260","2.4135","43.0335"
"159.6270","2.4135","43.0343"
"159.6470","2.4135","43.0059"
"159.6670","2.4135","43.0917"
"159.6870","2.4135","43.1365"
"159.7070","2.4135","43.1080"
"159.7270","2.4136","43.0515"
"159.7470","2.4137","43.0239"
"159.7670","2.4138","43.0490"
"159.7870","2.4140","43.0401"
"159.8070","2.4140","43.0810"
"159.8270","2.4139","43.0587"
"159.8470","2.4139","43.1068"
"159.8670","2.4140","43.0859"
"159.8870","2.4142","43.0361"
"159.9070","2.4146","43.0567"
"159.9270","2.4151","43.0926"
"159.9470","2.4156","43.2039"
"159.9670","2.4161","43.2156"
"159.9870","2.4166","43.1847"
"160.0070","2.4171","43.1131"
"160.0270","2.4177","43.0256"
"160.0470","2.4181","43.1939"
"160.0670","2.4185","43.3571"
"160.0870","2.4189","43.2896"
"160.1070","2.4193","43.1906"
"160.1270","2.4197","43.1915"
"160.1470","2.4201","43.1985"
"160.1670","2.4204","43.1791"
"160.1870","2.4205","43.2090"
"160.2070","2.4205","43.2490"
"160.2270","2.4204","43.2263"
"160.2470","2.4202","43.2807"
"160.2670","2.4200","43.3014"
"160.2870","2.4197","43.2894"
"160.3070","2.4193","43.2714"
"160.3270","2.4191","43.1888"
"160.3470","2.4189","43.0826"
"160.3670","2.4186","43.1061"
"160.3870","2.4183","43.2065"
"160.4070","2.4180","43.3055"
"160.4270","2.4177","43.1967"
"160.4470","2.4175","43.1757"
"160.4670","2.4171","43.1390"
"160.4870","2.4168","43.1631"
"160.5070","2.4164","43.0792"
"160.5270","2.4160","43.0861"
"160.5470","2.4157","42.9854"
"160.5670","2.4154","43.0025"
"160.5870","2.4151","43.0067"
"160.6070","2.4148","43.1549"
"160.6270","2.4145","43.1239"
"160.6470","2.4141","43.0770"
"160.6670","2.4137","43.0065"
"160.6870","2.4132","42.9976"
"160.7070","2.4128","42.9237"
"160.7270","2.4124","42.9723"
"160.7470","2.4121","42.9386"
"160.7670","2.4118","42.9500"
"160.7870","2.4116","43.0387"
"160.8070","2.4113","43.0164"
"160.8270","2.4109","43.0490"
"160.8470","2.4105","42.9695"
"160.8670","2.4101","42.9230"
"160.8870","2.4097","42.9403"
"160.9070","2.4094","42.9064"
"160.9270","2.4091","42.9700"
"160.9470","2.4088","42.9634"
"160.9670","2.4085","42.9203"
"160.9870","2.4081","42.8762"
"161.0070","2.4077","42.8438"
"161.0270","2.4073","42.8837"
"161.0470","2.4068","42.8241"
"161.0670","2.4065","42.8212"
"161.0870","2.4062","42.7685"
"161.1070","2.4059","42.7977"
"161.1270","2.4056","42.8205"
"161.1470","2.4053","42.8126"
"161.1670","2.4049","42.7559"
"161.1870","2.4046","42.6713"
"161.2070","2.4042","42.6920"
"161.2270","2.4039","42.7236"
"161.2470","2.4036","42.7070"
"161.2670","2.4034","42.6847"
"161.2870","2.4031","42.7002"
"161.3070","2.4027","42.7189"
"161.3270","2.4023","42.7478"
"161.3470","2.4019","42.7478"
"161.3670","2.4014","42.6779"
"161.3870","2.4010","42.6735"
"161.4070","2.4008","42.6584"
"161.4270","2.4006","42.6535"
"161.4470","2.4003","42.6217"
"161.4670","2.4001","42.5979"
"161.4870","2.3998","42.6177"
"161.5070","2.3995","42.6453"
"161.5270","2.3991","42.6160"
"161.5470","2.3986","42.6076"
"161.5670","2.3982","42.5763"
"161.5870","2.3979","42.5867"
"161.6070","2.3976","42.6174"
"161.6270","2.3974","42.6557"
"161.6470","2.3971","42.5745"
"161.6670","2.3967","42.5430"
"161.6870","2.3964","42.4661"
"161.7070","2.3959","42.4996"
"161.7270","2.3955","42.5262"
"161.7470","2.3951","42.5387"
"161.7670","2.3948","42.5444"
"161.7870","2.3946","42.4309"
"161.8070","2.3943","42.3535"
"161.8270","2.3940","42.3665"
"161.8470","2.3937","42.3589"
"161.8670","2.3933","42.3383"
"161.8870","2.3930","42.3745"
"161.9070","2.3926","42.4311"
"161.9270","2.3923","42.4214"
"161.9470","2.3921","42.4953"
"161.9670","2.3918","42.3937"
"161.9870","2.3915","42.3510"
"162.0070","2.3911","42.3317"
"162.0270","2.3907","42.3032"
"162.0470","2.3902","42.3072"
"162.0670","2.3898","42.4462"
"162.0870","2.3895","42.4582"
"162.1070","2.3892","42.3524"
"162.1270","2.3890","42.3244"
"162.1470","2.3888","42.3525"
"162.1670","2.3885","42.3883"
"162.1870","2.3882","42.4034"
"162.2070","2.3878","42.4093"
"162.2270","2.3874","42.3316"
"162.2470","2.3870","42.2559"
"162.2670","2.3866","42.2415"
"162.2870","2.3863","42.2162"
"162.3070","2.3861","42.1646"
"162.3270","2.3858","42.1733"
"162.3470","2.3855","42.2010"
"162.3670","2.3851","42.2279"
"162.3870","2.3847","42.2372"
"162.4070","2.3842","42.1662"
"162.4270","2.3838","42.1088"
"162.4470","2.3834","42.2050"
"162.4670","2.3832","42.2170"
"162.4870","2.3829","42.2137"
"162.5070","2.3827","42.1689"
"162.5270","2.3824","42.0552"
"162.5470","2.3820","42.0508"
"162.5670","2.3817","42.0085"
"162.5870","2.3813","42.0579"
"162.6070","2.3810","42.1585"
"162.6270","2.3807","42.2041"
"162.6470","2.3804","42.1581"
"162.6670","2.3801","42.0918"
"162.6870","2.3798","42.1761"
"162.7070","2.3794","42.1467"
"162.7270","2.3789","42.0211"
"162.7470","2.3785","41.9753"
"162.7670","2.3781","42.0175"
"162.7870","2.3778","42.0264"
"162.8070","2.3776","42.0005"
"162.8270","2.3774","41.9770"
"162.8470","2.3771","41.9509"
"162.8670","2.3768","41.8965"
"162.8870","2.3765","41.9443"
"162.9070","2.3761","42.0103"
"162.9270","2.3757","42.0105"
"162.9470","2.3753","41.9652"
"162.9670","2.3750","41.9171"
"162.9870","2.3747","41.9187"
"163.0070","2.3744","41.8868"
"163.0270","2.3741","41.8568"
"163.0470","2.3738","41.8901"
"163.0670","2.3734","41.8667"
"163.0870","2.3730","41.8321"
"163.1070","2.3725","41.8374"
"163.1270","2.3722","41.8930"
"163.1470","2.3718","41.8846"
"163.1670","2.3716","41.8651"
"163.1870","2.3713","41.8763"
"163.2070","2.3710","41.9195"
"163.2270","2.3707","41.8652"
"163.2470","2.3703","41.8380"
"163.2670","2.3700","41.8708"
"163.2870","2.3696","41.7842"
"163.3070","2.3693","41.7100"
"163.3270","2.3691","41.6903"
"163.3470","2.3688","41.8355"
"163.3670","2.3685","41.8861"
"163.3870","2.3681","41.8336"
"163.4070","2.3677","41.7930"
"163.4270","2.3672","41.6856"
"163.4470","2.3668","41.7244"
"163.4670","2.3664","41.6688"
"163.4870","2.3662","41.6469"
"163.5070","2.3660","41.6725"
"163.5270","2.3657","41.6982"
"163.5470","2.3655","41.7814"
"163.5670","2.3651","41.7296"
"163.5870","2.3647","41.6417"
"163.6070","2.3644","41.6695"
"163.6270","2.3640","41.6770"
"163.6470","2.3637","41.6923"
"163.6670","2.3634","41.7257"
"163.6870","2.3631","41.6487"
"163.7070","2.3628","41.6495"
"163.7270","2.3625","41.5875"
"163.7470","2.3621","41.6400"
"163.7670","2.3617","41.6116"
"163.7870","2.3613","41.5739"
"163.8070","2.3609","41.5528"
"163.8270","2.3605","41.5826"
"163.8470","2.3602","41.6698"
"163.8670","2.3599","41.5818"
"163.8870","2.3597","41.5008"
"163.9070","2.3593","41.4788"
"163.9270","2.3590","41.5071"
"163.9470","2.3587","41.5567"
"163.9670","2.3583","41.5687"
"163.9870","2.3580","41.5737"
"164.0070","2.3577","41.5880"
"164.0270","2.3574","41.5516"
"164.0470","2.3571","41.4621"
"164.0670","2.3568","41.4874"
"164.0870","2.3564","41.5601"
"164.1070","2.3559","41.5383"
"164.1270","2.3555","41.4771"
"164.1470","2.3551","41.4717"
"164.1670","2.3548","41.4322"
"164.1870","2.3546","41.4635"
"164.2070","2.3544","41.4986"
"164.2270","2.3541","41.4274"
"164.2470","2.3538","41.3467"
"164.2670","2.3535","41.3441"
"164.2870","2.3531","41.3598"
"164.3070","2.3527","41.3807"
"164.3270","2.3523","41.3895"
"164.3470","2.3520","41.3528"
"164.3670","2.3517","41.3485"
"164.3870","2.3514","41.4050"
"164.4070","2.3512","41.4204"
"164.4270","2.3508","41.3984"
"164.4470","2.3504","41.3393"
"164.4670","2.3500","41.2668"
"164.4870","2.3496","41.2674"
"164.5070","2.3492","41.2610"
"164.5270","2.3489","41.3164"
"164.5470","2.3486","41.2792"
"164.5670","2.3483","41.2457"
"164.5870","2.3480","41.2683"
"164.6070","2.3476","41.2032"
"164.6270","2.3473","41.2581"
"164.6470","2.3469","41.2689"
"164.6670","2.3466","41.1989"
"164.6870","2.3464","41.1322"
"164.7070","2.3461","41.0871"
"164.7270","2.3458","41.1324"
"164.7470","2.3455","41.1778"
"164.7670","2.3451","41.1732"
"164.7870","2.3447","41.1798"
"164.8070","2.3442","41.2455"
"164.8270","2.3438","41.1887"
"164.8470","2.3434","41.1636"
"164.8670","2.3432","41.1741"
"164.8870","2.3430","41.1216"
"164.9070","2.3427","41.0785"
"164.9270","2.3425","41.1268"
"164.9470","2.3421","41.0714"
"164.9670","2.3418","41.1377"
"164.9870","2.3414","41.1385"
"165.0070","2.3410","41.1076"
"165.0270","2.3407","41.0682"
"165.0470","2.3404","41.0607"
"165.0670","2.3401","41.0436"
"165.0870","2.3398","41.0238"
"165.1070","2.3395","41.0435"
"165.1270","2.3391","41.0190"
"165.1470","2.3387","41.0232"
"165.1670","2.3383","41.0503"
"165.1870","2.3378","41.0640"
"165.2070","2.3375","41.0022"
"165.2270","2.3372","40.9446"
"165.2470","2.3369","40.9215"
"165.2670","2.3366","40.9500"
"165.2870","2.3363","40.9257"
"165.3070","2.3360","40.8870"
"165.3270","2.3356","40.9158"
"165.3470","2.3353","40.9656"
"165.3670","2.3350","40.9550"
"165.3870","2.3347","40.9515"
"165.4070","2.3345","40.9836"
"165.4270","2.3342","40.9571"
"165.4470","2.3338","40.9089"
"165.4670","2.3334","40.9475"
"165.4870","2.3329","40.9430"
"165.5070","2.3324","40.9156"
"165.5270","2.3321","40.9525"
"165.5470","2.3318","40.9070"
"165.5670","2.3316","40.8734"
"165.5870","2.3314","40.8607"
"165.6070","2.3311","40.8546"
"165.6270","2.3308","40.8133"
"165.6470","2.3304","40.8031"
"165.6670","2.3300","40.7690"
"165.6870","2.3296","40.7120"
"165.7070","2.3293","40.7425"
"165.7270","2.3290","40.8210"
"165.7470","2.3287","40.7982"
"165.7670","2.3285","40.7360"
"165.7870","2.3282","40.7334"
"165.8070","2.3278","40.8258"
"165.8270","2.3274","40.7783"
"165.8470","2.3270","40.7746"
"165.8670","2.3266","40.8032"
"165.8870","2.3262","40.7305"
"165.9070","2.3259","40.7210"
"165.9270","2.3256","40.7597"
"165.9470","2.3253","40.7072"
"165.9670","2.3250","40.6282"
"165.9870","2.3246","40.6549"
"166.0070","2.3243","40.6288"
"166.0270","2.3239","40.5853"
"166.0470","2.3236","40.5718"
"166.0670","2.3234","40.6436"
"166.0870","2.3231","40.6070"
"166.1070","2.3228","40.5414"
"166.1270","2.3225","40.5674"
"166.1470","2.3221","40.5337"
"166.1670","2.3217","40.5160"
"166.1870","2.3212","40.5621"
"166.2070","2.3208","40.5933"
"166.2270","2.3204","40.5761"
"166.2470","2.3202","40.5540"
"166.2670","2.3200","40.5390"
"166.2870","2.3197","40.5527"
"166.3070","2.3194","40.5643"
"166.3270","2.3191","40.5048"
"166.3470","2.3187","40.4506"
"166.3670","2.3183","40.4322"
"166.3870","2.3180","40.4846"
"166.4070","2.3177","40.6063"
"166.4270","2.3174","40.5408"
"166.4470","2.3171","40.4663"
"166.4670","2.3168","40.4823"
"166.4870","2.3165","40.4715"
"166.5070","2.3161","40.4508"
"166.5270","2.3157","40.5083"
"166.5470","2.3153","40.5373"
"166.5670","2.3149","40.4729"
"166.5870","2.3145","40.4259"
"166.6070","2.3142","40.4123"
"166.6270","2.3140","40.3994"
"166.6470","2.3136","40.4405"
"166.6670","2.3133","40.4959"
"166.6870","2.3129","40.3985"
"166.7070","2.3126","40.4333"
"166.7270","2.3123","40.3472"
"166.7470","2.3120","40.2744"
"166.7670","2.3118","40.2648"
"166.7870","2.3115","40.2932"
"166.8070","2.3112","40.3625"
"166.8270","2.3108","40.3207"
"166.8470","2.3104","40.3223"
"166.8670","2.3099","40.2747"
"166.8870","2.3094","40.2574"
"166.9070","2.3091","40.2279"
"166.9270","2.3088","40.2502"
"166.9470","2.3086","40.1900"
"166.9670","2.3084","40.2548"
"166.9870","2.3081","40.2648"
"167.0070","2.3078","40.2729"
"167.0270","2.3074","40.2440"
"167.0470","2.3070","40.2901"
"167.0670","2.3067","40.2041"
"167.0870","2.3063","40.1669"
"167.1070","2.3060","40.2066"
"167.1270","2.3057","40.2240"
"167.1470","2.3055","40.1637"
"167.1670","2.3052","40.1260"
"167.1870","2.3048","40.1023"
"167.2070","2.3044","40.0971"
"167.2270","2.3040","40.0937"
"167.2470","2.3035","40.1257"
"167.2670","2.3032","40.1499"
"167.2870","2.3029","40.0507"
"167.3070","2.3026","40.0301"
"167.3270","2.3023","40.1836"
"167.3470","2.3020","40.1786"
"167.3670","2.3016","40.1335"
"167.3870","2.3013","40.1283"
"167.4070","2.3009","40.1065"
"167.4270","2.3006","40.0079"
"167.4470","2.3004","40.0646"
"167.4670","2.3001","40.1124"
"167.4870","2.2998","40.1498"
"167.5070","2.2995","40.0771"
"167.5270","2.2991","40.0219"
"167.5470","2.2986","39.9903"
"167.5670","2.2981","40.0374"
"167.5870","2.2977","39.9959"
"167.6070","2.2974","39.9994"
"167.6270","2.2972","39.9680"
"167.6470","2.2970","39.9465"
"167.6670","2.2968","39.9568"
"167.6870","2.2965","39.9115"
"167.7070","2.2961","39.9109"
"167.7270","2.2957","39.8956"
"167.7470","2.2953","39.8822"
"167.7670","2.2950","39.9636"
"167.7870","2.2947","39.9800"
"167.8070","2.2944","39.8986"
"167.8270","2.2941","39.8878"
"167.8470","2.2938","39.8576"
"167.8670","2.2935","39.9610"
"167.8870","2.2931","39.9221"
"167.9070","2.2927","39.9172"
"167.9270","2.2922","39.8995"
"167.9470","2.2918","39.8365"
"167.9670","2.2915","39.7621"
"167.9870","2.2912","39.7591"
"168.0070","2.2910","39.8421"
"168.0270","2.2907","39.8755"
"168.0470","2.2903","39.8553"
"168.0670","2.2900","39.8581"
"168.0870","2.2896","39.8284"
"168.1070","2.2893","39.7485"
"168.1270","2.2890","39.7268"
"168.1470","2.2888","39.6424"
"168.1670","2.2885","39.6115"
"168.1870","2.2882","39.7022"
"168.2070","2.2878","39.7211"
"168.2270","2.2874","39.7719"
"168.2470","2.2869","39.6871"
"168.2670","2.2865","39.6548"
"168.2870","2.2861","39.7342"
"168.3070","2.2859","39.7243"
"168.3270","2.2857","39.7442"
"168.3470","2.2854","39.7702"
"168.3670","2.2851","39.7211"
"168.3870","2.2848","39.6546"
"168.4070","2.2844","39.5471"
"168.4270","2.2840","39.5779"
"168.4470","2.2836","39.5600"
"168.4670","2.2833","39.6325"
"168.4870","2.2830","39.7491"
"168.5070","2.2828","39.7547"
"168.5270","2.2825","39.7871"
"168.5470","2.2822","39.6629"
"168.5670","2.2818","39.5989"
"168.5870","2.2814","39.5850"
"168.6070","2.2810","39.6043"
"168.6270","2.2806","39.6108"
"168.6470","2.2802","39.6685"
"168.6670","2.2799","39.5911"
"168.6870","2.2796","39.5696"
"168.7070","2.2794","39.5633"
"168.7270","2.2790","39.5539"
"168.7470","2.2787","39.5668"
"168.7670","2.2783","39.5681"
"168.7870","2.2780","39.5884"
"168.8070","2.2777","39.5560"
"168.8270","2.2774","39.5385"
"168.8470","2.2771","39.5238"
"168.8670","2.2768","39.4654"
"168.8870","2.2765","39.4412"
"168.9070","2.2761","39.4962"
"168.9270","2.2756","39.5109"
"168.9470","2.2751","39.4567"
"168.9670","2.2747","39.4136"
"168.9870","2.2745","39.4600"
"169.0070","2.2743","39.5390"
"169.0270","2.2740","39.5410"
"169.0470","2.2738","39.5160"
"169.0670","2.2735","39.4159"
"169.0870","2.2731","39.3299"
"169.1070","2.2727","39.3914"
"169.1270","2.2723","39.3725"
"169.1470","2.2720","39.4194"
"169.1670","2.2717","39.3603"
"169.1870","2.2714","39.4019"
"169.2070","2.2711","39.3821"
"169.2270","2.2708","39.3158"
"169.2470","2.2705","39.2520"
"169.2670","2.2701","39.2418"
"169.2870","2.2696","39.3122"
"169.3070","2.2692","39.3073"
"169.3270","2.2688","39.2980"
"169.3470","2.2685","39.2706"
"169.3670","2.2682","39.3299"
"169.3870","2.2680","39.2695"
"169.4070","2.2677","39.2050"
"169.4270","2.2673","39.2697"
"169.4470","2.2670","39.2605"
"169.4670","2.2666","39.3137"
"169.4870","2.2663","39.2836"
"169.5070","2.2660","39.2831"
"169.5270","2.2658","39.3125"
"169.5470","2.2655","39.3222"
"169.5670","2.2651","39.2519"
"169.5870","2.2647","39.2143"
"169.6070","2.2643","39.1912"
"169.6270","2.2638","39.1445"
"169.6470","2.2634","39.1209"
"169.6670","2.2631","39.1025"
"169.6870","2.2629","39.1591"
"169.7070","2.2627","39.1757"
"169.7270","2.2624","39.1246"
"169.7470","2.2621","39.0985"
"169.7670","2.2618","39.0981"
"169.7870","2.2614","39.1150"
"169.8070","2.2610","39.1146"
"169.8270","2.2606","39.0351"
"169.8470","2.2603","39.0119"
"169.8670","2.2600","39.0511"
"169.8870","2.2597","39.0855"
"169.9070","2.2594","39.1053"
"169.9270","2.2591","39.0801"
"169.9470","2.2588","39.0168"
"169.9670","2.2583","38.9400"
"169.9870","2.2579","38.9552"
"170.0070","2.2575","39.0757"
"170.0270","2.2571","39.0962"
"170.0470","2.2569","39.0447"
"170.0670","2.2566","39.0586"
"170.0870","2.2563","39.0268"
"170.1070","2.2560","38.9358"
"170.1270","2.2557","38.9646"
"170.1470","2.2553","39.0069"
"170.1670","2.2550","38.9702"
"170.1870","2.2547","38.9088"
"170.2070","2.2544","38.8996"
"170.2270","2.2542","38.9194"
"170.2470","2.2538","38.9627"
"170.2670","2.2535","38.8792"
"170.2870","2.2530","38.8428"
"170.3070","2.2525","38.8968"
"170.3270","2.2521","38.9189"
"170.3470","2.2517","38.9486"
"170.3670","2.2515","38.9026"
"170.3870","2.2513","38.8557"
"170.4070","2.2511","38.8991"
"170.4270","2.2508","39.0219"
"170.4470","2.2505","38.9698"
"170.4670","2.2501","38.8581"
"170.4870","2.2497","38.8347"
"170.5070","2.2493","38.7927"
"170.5270","2.2489","38.8445"
"170.5470","2.2486","38.8037"
"170.5670","2.2484","38.7962"
"170.5870","2.2481","38.8776"
"170.6070","2.2478","38.8405"
"170.6270","2.2474","38.7552"
"170.6470","2.2471","38.7379"
"170.6670","2.2466","38.7462"
"170.6870","2.2462","38.7441"
"170.7070","2.2458","38.7547"
"170.7270","2.2455","38.7962"
"170.7470","2.2453","38.8429"
"170.7670","2.2450","38.9037"
"170.7870","2.2447","38.7155"
"170.8070","2.2444","38.6601"
"170.8270","2.2440","38.6371"
"170.8470","2.2437","38.7146"
"170.8670","2.2434","38.7799"
"170.8870","2.2431","38.7485"
"170.9070","2.2428","38.6594"
"170.9270","2.2425","38.6765"
"170.9470","2.2422","38.7323"
"170.9670","2.2418","38.7711"
"170.9870","2.2413","38.8828"
"171.0070","2.2408","38.7942"
"171.0270","2.2404","38.5866"
"171.0470","2.2401","38.4992"
"171.0670","2.2399","38.5697"
"171.0870","2.2397","38.6123"
"171.1070","2.2394","38.5771"
"171.1270","2.2391","38.6009"
"171.1470","2.2388","38.5868"
"171.1670","2.2384","38.5833"
"171.1870","2.2380","38.5725"
"171.2070","2.2376","38.6352"
"171.2270","2.2373","38.7309"
"171.2470","2.2370","38.7194"
"171.2670","2.2368","38.6715"
"171.2870","2.2365","38.6907"
"171.3070","2.2361","38.6171"
"171.3270","2.2358","38.5679"
"171.3470","2.2353","38.5683"
"171.3670","2.2349","38.5640"
"171.3870","2.2345","38.5180"
"171.4070","2.2342","38.4791"
"171.4270","2.2339","38.5096"
"171.4470","2.2336","38.5719"
"171.4670","2.2334","38.5193"
"171.4870","2.2330","38.4486"
"171.5070","2.2327","38.4788"
"171.5270","2.2323","38.5071"
"171.5470","2.2320","38.5106"
"171.5670","2.2317","38.5600"
"171.5870","2.2314","38.5576"
"171.6070","2.2311","38.5209"
"171.6270","2.2308","38.4929"
"171.6470","2.2305","38.4688"
"171.6670","2.2300","38.4135"
"171.6870","2.2296","38.3530"
"171.7070","2.2291","38.3324"
"171.7270","2.2288","38.3449"
"171.7470","2.2285","38.3472"
"171.7670","2.2283","38.3735"
"171.7870","2.2281","38.4133"
"171.8070","2.2278","38.4301"
"171.8270","2.2275","38.4088"
"171.8470","2.2271","38.3996"
"171.8670","2.2267","38.3531"
"171.8870","2.2263","38.3945"
"171.9070","2.2260","38.3067"
"171.9270","2.2257","38.2705"
"171.9470","2.2254","38.2929"
"171.9670","2.2251","38.3343"
"171.9870","2.2248","38.2768"
"172.0070","2.2245","38.2491"
"172.0270","2.2241","38.2906"
"172.0470","2.2236","38.2611"
"172.0670","2.2232","38.3351"
"172.0870","2.2229","38.3211"
"172.1070","2.2226","38.3366"
"172.1270","2.2223","38.3456"
"172.1470","2.2220","38.2368"
"172.1670","2.2217","38.1999"
"172.1870","2.2213","38.2081"
"172.2070","2.2210","38.1662"
"172.2270","2.2206","38.2026"
"172.2470","2.2203","38.1720"
"172.2670","2.2200","38.1542"
"172.2870","2.2198","38.2300"
"172.3070","2.2195","38.2516"
"172.3270","2.2192","38.1317"
"172.3470","2.2188","38.1149"
"172.3670","2.2183","38.1732"
"172.3870","2.2178","38.2135"
"172.4070","2.2174","38.1512"
"172.4270","2.2171","38.1045"
"172.4470","2.2169","38.0817"
"172.4670","2.2167","38.0990"
"172.4870","2.2164","38.1024"
"172.5070","2.2161","38.1094"
"172.5270","2.2158","38.0997"
"172.5470","2.2154","38.0001"
"172.5670","2.2150","38.0393"
"172.5870","2.2146","38.0320"
"172.6070","2.2143","38.1039"
"172.6270","2.2140","38.0970"
"172.6470","2.2137","38.0509"
"172.6670","2.2135","38.0400"
"172.6870","2.2131","38.0644"
"172.7070","2.2127","38.0515"
"172.7270","2.2123","38.0739"
"172.7470","2.2119","38.0248"
"172.7670","2.2115","38.0528"
"172.7870","2.2112","38.0321"
"172.8070","2.2109","38.0598"
"172.8270","2.2106","38.0897"
"172.8470","2.2103","38.1169"
"172.8670","2.2100","38.0227"
"172.8870","2.2096","37.9777"
"172.9070","2.2093","38.0445"
"172.9270","2.2089","38.0528"
"172.9470","2.2087","37.9277"
"172.9670","2.2084","37.8686"
"172.9870","2.2081","37.9251"
"173.0070","2.2078","37.9875"
"173.0270","2.2075","38.0018"
"173.0470","2.2070","38.0006"
"173.0670","2.2066","37.9036"
"173.0870","2.2061","37.8876"
"173.1070","2.2058","37.9114"
"173.1270","2.2055","37.8710"
"173.1470","2.2053","37.9059"
"173.1670","2.2051","37.9166"
"173.1870","2.2048","37.8722"
"173.2070","2.2045","37.8476"
"173.2270","2.2041","37.7842"
"173.2470","2.2037","37.7931"
"173.2670","2.2033","37.8222"
"173.2870","2.2029","37.8941"
"173.3070","2.2026","37.8640"
"173.3270","2.2023","37.8238"
"173.3470","2.2021","37.8469"
"173.3670","2.2018","37.8659"
"173.3870","2.2014","37.9023"
"173.4070","2.2010","37.8435"
"173.4270","2.2006","37.7387"
"173.4470","2.2002","37.7105"
"173.4670","2.1999","37.7435"
"173.4870","2.1995","37.6398"
"173.5070","2.1993","37.5403"
"173.5270","2.1990","37.7365"
"173.5470","2.1987","37.7944"
"173.5670","2.1983","37.7565"
"173.5870","2.1980","37.7546"
"173.6070","2.1976","37.7042"
"173.6270","2.1973","37.6206"
"173.6470","2.1970","37.6091"
"173.6670","2.1968","37.6618"
"173.6870","2.1965","37.6852"
"173.7070","2.1961","37.7668"
"173.7270","2.1958","37.7587"
"173.7470","2.1953","37.6263"
"173.7670","2.1948","37.6283"
"173.7870","2.1944","37.6008"
"173.8070","2.1941","37.6032"
"173.8270","2.1939","37.5919"
"173.8470","2.1937","37.5177"
"173.8670","2.1934","37.6217"
"173.8870","2.1931","37.6677"
"173.9070","2.1928","37.6894"
"173.9270","2.1924","37.6610"
"173.9470","2.1920","37.6459"
"173.9670","2.1916","37.5157"
"173.9870","2.1913","37.5676"
"174.0070","2.1910","37.6753"
"174.0270","2.1908","37.6111"
"174.0470","2.1905","37.5714"
"174.0670","2.1901","37.4861"
"174.0870","2.1897","37.5050"
"174.1070","2.1893","37.4989"
"174.1270","2.1889","37.5047"
"174.1470","2.1885","37.5013"
"174.1670","2.1882","37.5247"
"174.1870","2.1879","37.5472"
"174.2070","2.1877","37.4948"
"174.2270","2.1873","37.4320"
"174.2470","2.1867","37.4275"
"174.2670","2.1849","37.3912"
"174.2870","2.1823","37.4193"
"174.3070","2.1799","37.3653"
"174.3270","2.1773","37.2483"
"174.3470","2.1739","37.1286"
"174.3670","2.1699","37.1530"
"174.3870","2.1659","37.0220"
"174.4070","2.1620","36.9208"
"174.4270","2.1585","36.9105"
"174.4470","2.1552","36.8418"
"174.4670","2.1519","36.7463"
"174.4870","2.1485","36.6114"
"174.5070","2.1452","36.5031"
"174.5270","2.1419","36.4957"
"174.5470","2.1385","36.4295"
"174.5670","2.1352","36.3134"
"174.5870","2.1318","36.2657"
"174.6070","2.1285","36.1328"
"174.6270","2.1251","36.0026"
"174.6470","2.1218","35.9557"
"174.6670","2.1185","35.9162"
"174.6870","2.1151","35.8609"
"174.7070","2.1118","35.7992"
"174.7270","2.1085","35.7285"
"174.7470","2.1052","35.6962"
"174.7670","2.1019","35.7359"
"174.7870","2.0986","35.7017"
"174.8070","2.0953","35.6203"
"174.8270","2.0919","35.3968"
"174.8470","2.0885","35.1804"
"174.8670","2.0852","35.1065"
"174.8870","2.0818","35.1688"
"174.9070","2.0785","35.2360"
"174.9270","2.0751","35.1468"
"174.9470","2.0717","35.0259"
"174.9670","2.0684","35.0032"
"174.9870","2.0650","34.8618"
"175.0070","2.0618","34.7994"
"175.0270","2.0585","34.7020"
"175.0470","2.0552","34.6660"
"175.0670","2.0519","34.6383"
"175.0870","2.0486","34.5556"
"175.1070","2.0452","34.4996"
"175.1270","2.0419","34.4437"
"175.1470","2.0386","34.4004"
"175.1670","2.0352","34.3074"
"175.1870","2.0319","34.1538"
"175.2070","2.0285","34.0805"
"175.2270","2.0251","34.0471"
"175.2470","2.0217","34.1104"
"175.2670","2.0182","34.0276"
"175.2870","2.0149","33.9270"
"175.3070","2.0118","33.8741"
"175.3270","2.0087","33.7863"
"175.3470","2.0054","33.6847"
"175.3670","2.0020","33.5540"
"175.3870","1.9985","33.4664"
"175.4070","1.9950","33.3958"
"175.4270","1.9917","33.3375"
"175.4470","1.9884","33.3370"
"175.4670","1.9852","33.2623"
"175.4870","1.9819","33.2443"
"175.5070","1.9786","33.0973"
"175.5270","1.9752","33.0639"
"175.5470","1.9719","33.0113"
"175.5670","1.9685","32.9872"
"175.5870","1.9651","32.8782"
"175.6070","1.9618","32.8353"
"175.6270","1.9584","32.6942"
"175.6470","1.9551","32.6724"
"175.6670","1.9518","32.5417"
"175.6870","1.9484","32.4677"
"175.7070","1.9451","32.4382"
"175.7270","1.9418","32.4546"
"175.7470","1.9384","32.3100"
"175.7670","1.9351","32.1360"
"175.7870","1.9318","32.1202"
"175.8070","1.9284","32.0732"
"175.8270","1.9252","32.0040"
"175.8470","1.9219","31.8668"
"175.8670","1.9186","31.8304"
"175.8870","1.9153","31.8095"
"175.9070","1.9119","31.7385"
"175.9270","1.9086","31.6282"
"175.9470","1.9052","31.5527"
"175.9670","1.9018","31.4959"
"175.9870","1.8984","31.4147"
"176.0070","1.8950","31.3745"
"176.0270","1.8916","31.3534"
"176.0470","1.8884","31.3366"
"176.0670","1.8851","31.2727"
"176.0870","1.8819","31.1891"
"176.1070","1.8786","31.0769"
"176.1270","1.8753","31.0085"
"176.1470","1.8719","30.9806"
"176.1670","1.8686","30.9513"
"176.1870","1.8652","30.8542"
"176.2070","1.8619","30.7303"
"176.2270","1.8586","30.6499"
"176.2470","1.8552","30.5783"
"176.2670","1.8519","30.4717"
"176.2870","1.8485","30.3703"
"176.3070","1.8452","30.3447"
"176.3270","1.8418","30.2574"
"176.3470","1.8384","30.1906"
"176.3670","1.8350","30.1094"
"176.3870","1.8317","30.0972"
"176.4070","1.8284","30.0663"
"176.4270","1.8251","29.9332"
"176.4470","1.8219","29.8926"
"176.4670","1.8186","29.8053"
"176.4870","1.8152","29.6584"
"176.5070","1.8119","29.5833"
"176.5270","1.8085","29.5599"
"176.5470","1.8052","29.5939"
"176.5670","1.8018","29.4200"
"176.5870","1.7985","29.3348"
"176.6070","1.7952","29.3471"
"176.6270","1.7918","29.2870"
"176.6470","1.7885","29.1666"
"176.6670","1.7852","29.1734"
"176.6870","1.7819","29.1236"
"176.7070","1.7785","29.0527"
"176.7270","1.7752","28.9915"
"176.7470","1.7718","28.8737"
"176.7670","1.7684","28.8387"
"176.7870","1.7651","28.8295"
"176.8070","1.7618","28.7588"
"176.8270","1.7585","28.6352"
"176.8470","1.7551","28.4750"
"176.8670","1.7518","28.4444"
"176.8870","1.7485","28.3766"
"176.9070","1.7452","28.2939"
"176.9270","1.7419","28.2679"
"176.9470","1.7386","28.1713"
"176.9670","1.7353","28.1108"
"176.9870","1.7319","28.0944"
"177.0070","1.7286","27.9585"
"177.0270","1.7252","27.9253"
"177.0470","1.7218","27.8227"
"177.0670","1.7184","27.7243"
"177.0870","1.7150","27.6884"
"177.1070","1.7117","27.6321"
"177.1270","1.7083","27.5883"
"177.1470","1.7050","27.6035"
"177.1670","1.7018","27.5621"
"177.1870","1.6985","27.4700"
"177.2070","1.6952","27.3930"
"177.2270","1.6919","27.2601"
"177.2470","1.6886","27.2007"
"177.2670","1.6852","27.1011"
"177.2870","1.6819","27.0342"
"177.3070","1.6786","27.0130"
"177.3270","1.6752","26.9134"
"177.3470","1.6719","26.8784"
"177.3670","1.6685","26.8262"
"177.3870","1.6651","26.6753"
"177.4070","1.6617","26.6082"
"177.4270","1.6584","26.6134"
"177.4470","1.6551","26.5783"
"177.4670","1.6517","26.4875"
"177.4870","1.6484","26.3797"
"177.5070","1.6452","26.3108"
"177.5270","1.6418","26.2737"
"177.5470","1.6385","26.2418"
"177.5670","1.6352","26.1022"
"177.5870","1.6319","26.0022"
"177.6070","1.6285","25.9735"
"177.6270","1.6251","25.8383"
"177.6470","1.6217","25.7509"
"177.6670","1.6184","25.7020"
"177.6870","1.6152","25.6780"
"177.7070","1.6120","25.6773"
"177.7270","1.6087","25.6789"
"177.7470","1.6053","25.5678"
"177.7670","1.6019","25.5635"
"177.7870","1.5984","25.4935"
"177.8070","1.5950","25.3701"
"177.8270","1.5917","25.2906"
"177.8470","1.5884","25.2673"
"177.8670","1.5851","25.1694"
"177.8870","1.5818","25.0520"
"177.9070","1.5785","25.0093"
"177.9270","1.5752","24.8564"
"177.9470","1.5718","24.7954"
"177.9670","1.5685","24.7597"
"177.9870","1.5652","24.7769"
"178.0070","1.5619","24.7785"
"178.0270","1.5586","24.6278"
"178.0470","1.5553","24.5094"
"178.0670","1.5519","24.4589"
"178.0870","1.5486","24.4071"
"178.1070","1.5452","24.3194"
"178.1270","1.5418","24.2069"
"178.1470","1.5384","24.0679"
"178.1670","1.5351","24.0598"
"178.1870","1.5317","24.1025"
"178.2070","1.5284","23.9759"
"178.2270","1.5251","23.9688"
"178.2470","1.5218","23.8862"
"178.2670","1.5185","23.8320"
"178.2870","1.5152","23.7428"
"178.3070","1.5119","23.7029"
"178.3270","1.5086","23.6265"
"178.3470","1.5052","23.4873"
"178.3670","1.5018","23.4581"
"178.3870","1.4985","23.4971"
"178.4070","1.4952","23.4240"
"178.4270","1.4918","23.3220"
"178.4470","1.4885","23.2349"
"178.4670","1.4852","23.1303"
"178.4870","1.4818","23.0383"
"178.5070","1.4785","23.0812"
"178.5270","1.4751","23.0450"
"178.5470","1.4717","22.8737"
"178.5670","1.4684","22.7454"
"178.5870","1.4651","22.6584"
"178.6070","1.4618","22.6422"
"178.6270","1.4585","22.6426"
"178.6470","1.4552","22.6167"
"178.6670","1.4518","22.5501"
"178.6870","1.4485","22.3711"
"178.7070","1.4451","22.3453"
"178.7270","1.4418","22.3363"
"178.7470","1.4385","22.2751"
"178.7670","1.4352","22.1626"
"178.7870","1.4319","22.0751"
"178.8070","1.4286","22.0078"
"178.8270","1.4252","21.9343"
"178.8470","1.4218","21.8411"
"178.8670","1.4185","21.7696"
"178.8870","1.4151","21.7150"
"178.9070","1.4118","21.6434"
"178.9270","1.4084","21.5212"
"178.9470","1.4051","21.5146"
"178.9670","1.4017","21.4993"
"178.9870","1.3984","21.3922"
"179.0070","1.3951","21.3546"
"179.0270","1.3918","21.3392"
"179.0470","1.3886","21.2362"
"179.0670","1.3853","21.2074"
"179.0870","1.3820","21.1370"
"179.1070","1.3786","21.0687"
"179.1270","1.3753","21.0181"
"179.1470","1.3720","20.9331"
"179.1670","1.3686","20.8333"
"179.1870","1.3652","20.7941"
"179.2070","1.3618","20.7437"
"179.2270","1.3584","20.6180"
"179.2470","1.3550","20.5235"
"179.2670","1.3517","20.4418"
"179.2870","1.3484","20.4865"
"179.3070","1.3451","20.4990"
"179.3270","1.3418","20.4618"
"179.3470","1.3385","20.4054"
"179.3670","1.3352","20.3093"
"179.3870","1.3319","20.1315"
"179.4070","1.3286","19.9866"
"179.4270","1.3252","19.9703"
"179.4470","1.3219","19.8757"
"179.4670","1.3185","19.9049"
"179.4870","1.3151","19.8800"
"179.5070","1.3118","19.8185"
"179.5270","1.3085","19.7566"
"179.5470","1.3051","19.6345"
"179.5670","1.3018","19.5738"
"179.5870","1.2984","19.5737"
"179.6070","1.2951","19.5779"
"179.6270","1.2917","19.4676"
"179.6470","1.2884","19.3605"
"179.6670","1.2851","19.3054"
"179.6870","1.2818","19.2318"
"179.7070","1.2785","19.1713"
"179.7270","1.2752","19.0952"
"179.7470","1.2718","19.0842"
"179.7670","1.2685","19.0184"
"179.7870","1.2652","18.8998"
"179.8070","1.2618","18.8618"
"179.8270","1.2585","18.7709"
"179.8470","1.2552","18.7151"
"179.8670","1.2519","18.6923"
"179.8870","1.2486","18.5802"
"179.9070","1.2452","18.5721"
"179.9270","1.2419","18.5123"
"179.9470","1.2385","18.4639"
"179.9670","1.2351","18.3460"
"179.9870","1.2317","18.2411"
"180.0070","1.2283","18.1352"
"180.0270","1.2250","18.0865"
"180.0470","1.2216","18.0323"
"180.0670","1.2184","17.9451"
"180.0870","1.2152","17.9498"
"180.1070","1.2119","17.8745"
"180.1270","1.2086","17.8322"
"180.1470","1.2052","17.7506"
"180.1670","1.2018","17.6677"
"180.1870","1.1985","17.5968"
"180.2070","1.1952","17.5039"
"180.2270","1.1919","17.5008"
"180.2470","1.1886","17.4211"
"180.2670","1.1852","17.3353"
"180.2870","1.1818","17.3042"
"180.3070","1.1785","17.2080"
"180.3270","1.1751","17.1488"
"180.3470","1.1717","17.1583"
"180.3670","1.1683","17.1148"
"180.3870","1.1650","16.9543"
"180.4070","1.1618","16.8505"
"180.4270","1.1585","16.8322"
"180.4470","1.1552","16.7862"
"180.4670","1.1519","16.7385"
"180.4870","1.1486","16.7017"
"180.5070","1.1453","16.6229"
"180.5270","1.1419","16.5438"
"180.5470","1.1386","16.4870"
"180.5670","1.1352","16.4029"
"180.5870","1.1319","16.3877"
"180.6070","1.1285","16.3752"
"180.6270","1.1251","16.2862"
"180.6470","1.1218","16.1413"
"180.6670","1.1185","16.0492"
"180.6870","1.1151","16.0774"
"180.7070","1.1118","16.0188"
"180.7270","1.1084","15.8926"
"180.7470","1.1051","15.7933"
"180.7670","1.1018","15.7843"
"180.7870","1.0984","15.8315"
"180.8070","1.0952","15.7307"
"180.8270","1.0918","15.6816"
"180.8470","1.0885","15.6036"
"180.8670","1.0852","15.4688"
"180.8870","1.0819","15.4121"
"180.9070","1.0785","15.4294"
"180.9270","1.0752","15.3967"
"180.9470","1.0719","15.2812"
"180.9670","1.0685","15.2114"
"180.9870","1.0652","15.1037"
"181.0070","1.0618","15.0621"
"181.0270","1.0585","15.0145"
"181.0470","1.0551","15.0227"
"181.0670","1.0518","14.9549"
"181.0870","1.0484","14.8600"
"181.1070","1.0450","14.8536"
"181.1270","1.0417","14.7812"
"181.1470","1.0384","14.7152"
"181.1670","1.0351","14.6247"
"181.1870","1.0318","14.5145"
"181.2070","1.0285","14.4508"
"181.2270","1.0252","14.3727"
"181.2470","1.0219","14.2980"
"181.2670","1.0186","14.2653"
"181.2870","1.0152","14.1868"
"181.3070","1.0119","14.1360"
"181.3270","1.0086","14.1127"
"181.3470","1.0052","14.1076"
"181.3670","1.0018","14.0118"
"181.3870","0.9984","14.0330"
"181.4070","0.9950","13.9581"
"181.4270","0.9917","13.8715"
"181.4470","0.9884","13.7538"
"181.4670","0.9851","13.7255"
"181.4870","0.9818","13.5651"
"181.5070","0.9785","13.4717"
"181.5270","0.9752","13.4248"
"181.5470","0.9719","13.3766"
"181.5670","0.9686","13.3173"
"181.5870","0.9652","13.2624"
"181.6070","0.9619","13.1867"
"181.6270","0.9585","13.1052"
"181.6470","0.9552","13.1267"
"181.6670","0.9519","13.1109"
"181.6870","0.9486","13.0377"
"181.7070","0.9452","12.9667"
"181.7270","0.9418","12.8769"
"181.7470","0.9385","12.8308"
"181.7670","0.9351","12.7358"
"181.7870","0.9318","12.6722"
"181.8070","0.9284","12.6180"
"181.8270","0.9251","12.5535"
"181.8470","0.9218","12.5286"
"181.8670","0.9185","12.4875"
"181.8870","0.9151","12.4201"
"181.9070","0.9118","12.3528"
"181.9270","0.9085","12.2769"
"181.9470","0.9052","12.2923"
"181.9670","0.9019","12.2293"
"181.9870","0.8986","12.2033"
"182.0070","0.8952","12.1089"
"182.0270","0.8919","12.0168"
"182.0470","0.8886","11.9543"
"182.0670","0.8852","11.8821"
"182.0870","0.8818","11.7931"
"182.1070","0.8785","11.6811"
"182.1270","0.8751","11.6421"
"182.1470","0.8718","11.6542"
"182.1670","0.8684","11.6226"
"182.1870","0.8651","11.5798"
"182.2070","0.8618","11.4530"
"182.2270","0.8584","11.3693"
"182.2470","0.8551","11.3162"
"182.2670","0.8518","11.2350"
"182.2870","0.8485","11.1865"
"182.3070","0.8452","11.1118"
"182.3270","0.8419","11.1141"
"182.3470","0.8386","11.0254"
"182.3670","0.8352","10.9925"
"182.3870","0.8319","10.9467"
"182.4070","0.8285","10.8168"
"182.4270","0.8252","10.7480"
"182.4470","0.8219","10.7384"
"182.4670","0.8185","10.6853"
"182.4870","0.8151","10.6159"
"182.5070","0.8117","10.5156"
"182.5270","0.8083","10.4782"
"182.5470","0.8050","10.4339"
"182.5670","0.8017","10.3688"
"182.5870","0.7985","10.4025"
"182.6070","0.7952","10.2645"
"182.6270","0.7919","10.2112"
"182.6470","0.7886","10.1810"
"182.6670","0.7852","10.0878"
"182.6870","0.7819","10.1157"
"182.7070","0.7785","10.0118"
"182.7270","0.7752","9.9187"
"182.7470","0.7718","9.8970"
"182.7670","0.7685","9.7978"
"182.7870","0.7652","9.6640"
"182.8070","0.7619","9.6172"
"182.8270","0.7585","9.6359"
"182.8470","0.7552","9.6026"
"182.8670","0.7518","9.4876"
"182.8870","0.7484","9.3816"
"182.9070","0.7451","9.3169"
"182.9270","0.7417","9.2525"
"182.9470","0.7384","9.2451"
"182.9670","0.7351","9.1905"
"182.9870","0.7318","9.1582"
"183.0070","0.7285","9.0825"
"183.0270","0.7252","9.0280"
"183.0470","0.7219","8.9760"
"183.0670","0.7186","8.9179"
"183.0870","0.7152","8.8471"
"183.1070","0.7119","8.7938"
"183.1270","0.7086","8.7709"
"183.1470","0.7052","8.7233"
"183.1670","0.7018","8.6423"
"183.1870","0.6985","8.5357"
"183.2070","0.6951","8.4938"
"183.2270","0.6918","8.4789"
"183.2470","0.6884","8.4072"
"183.2670","0.6851","8.2839"
"183.2870","0.6818","8.2563"
"183.3070","0.6784","8.2493"
"183.3270","0.6751","8.1515"
"183.3470","0.6718","8.1266"
"183.3670","0.6685","8.0721"
"183.3870","0.6652","7.9284"
"183.4070","0.6619","7.8717"
"183.4270","0.6586","7.7882"
"183.4470","0.6552","7.7158"
"183.4670","0.6519","7.7441"
"183.4870","0.6485","7.7463"
"183.5070","0.6452","7.6858"
"183.5270","0.6418","7.4987"
"183.5470","0.6385","7.3433"
"183.5670","0.6351","7.3751"
"183.5870","0.6318","7.4020"
"183.6070","0.6284","7.3157"
"183.6270","0.6251","7.3361"
"183.6470","0.6218","7.2443"
"183.6670","0.6185","7.1944"
"183.6870","0.6152","7.1926"
"183.7070","0.6119","7.0703"
"183.7270","0.6085","6.9901"
"183.7470","0.6052","6.8997"
"183.7670","0.6018","6.7824"
"183.7870","0.5985","6.8089"
"183.8070","0.5952","6.8659"
"183.8270","0.5919","6.7997"
"183.8470","0.5886","6.7252"
"183.8670","0.5852","6.6548"
"183.8870","0.5819","6.6363"
"183.9070","0.5786","6.6096"
"183.9270","0.5752","6.4903"
"183.9470","0.5718","6.3864"
"183.9670","0.5684","6.2892"
"183.9870","0.5651","6.2726"
"184.0070","0.5617","6.2344"
"184.0270","0.5584","6.1565"
"184.0470","0.5551","6.1886"
"184.0670","0.5518","6.0912"
"184.0870","0.5485","5.9451"
"184.1070","0.5452","5.9127"
"184.1270","0.5418","5.8624"
"184.1470","0.5385","5.8034"
"184.1670","0.5352","5.6899"
"184.1870","0.5319","5.6724"
"184.2070","0.5286","5.5831"
"184.2270","0.5252","5.5544"
"184.2470","0.5219","5.6033"
"184.2670","0.5185","5.5633"
"184.2870","0.5151","5.4334"
"184.3070","0.5117","5.4135"
"184.3270","0.5084","5.3831"
"184.3470","0.5050","5.2996"
"184.3670","0.5017","5.3620"
"184.3870","0.4984","5.3250"
"184.4070","0.4951","5.2261"
"184.4270","0.4918","5.1850"
"184.4470","0.4885","5.1654"
"184.4670","0.4852","5.0840"
"184.4870","0.4819","4.9825"
"184.5070","0.4786","5.0313"
"184.5270","0.4752","4.9051"
"184.5470","0.4719","4.8646"
"184.5670","0.4685","4.8606"
"184.5870","0.4652","4.8061"
"184.6070","0.4618","4.8096"
"184.6270","0.4584","4.8121"
"184.6470","0.4551","4.8467"
"184.6670","0.4517","4.7657"
"184.6870","0.4484","4.7632"
"184.7070","0.4451","4.8469"
"184.7270","0.4418","4.8227"
"184.7470","0.4385","4.6598"
"184.7670","0.4351","4.6391"
"184.7870","0.4318","4.6734"
"184.8070","0.4285","4.6479"
"184.8270","0.4252","4.6658"
"184.8470","0.4219","4.6378"
"184.8670","0.4186","4.6873"
"184.8870","0.4152","4.6662"
"184.9070","0.4118","4.6790"
"184.9270","0.4085","4.7075"
"184.9470","0.4052","4.6639"
"184.9670","0.4021","4.5940"
"184.9870","0.4001","4.6541"
"185.0070","0.3996","4.6980"
"185.0270","0.3996","4.6983"
"185.0470","0.3997","4.6677"
"185.0670","0.3998","4.6533"
"185.0870","0.3998","4.6055"
"185.1070","0.3998","4.5718"
"185.1270","0.3998","4.6170"
"185.1470","0.3997","4.6142"
"185.1670","0.3997","4.5917"
"185.1870","0.3995","4.6148"
"185.2070","0.3991","4.6676"
"185.2270","0.3986","4.7385"
"185.2470","0.3981","4.6622"
"185.2670","0.3975","4.6481"
"185.2870","0.3971","4.6064"
"185.3070","0.3967","4.6438"
"185.3270","0.3964","4.6702"
"185.3470","0.3961","4.6876"
"185.3670","0.3957","4.7356"
"185.3870","0.3954","4.7165"
"185.4070","0.3951","4.6291"
"185.4270","0.3948","4.5774"
"185.4470","0.3945","4.5361"
"185.4670","0.3942","4.5532"
"185.4870","0.3939","4.6506"
"185.5070","0.3935","4.6324"
"185.5270","0.3931","4.6427"
"185.5470","0.3926","4.6154"
"185.5670","0.3922","4.6274"
"185.5870","0.3919","4.7023"
"185.6070","0.3916","4.6858"
"185.6270","0.3914","4.6836"
"185.6470","0.3912","4.6482"
"185.6670","0.3909","4.5864"
"185.6870","0.3905","4.5948"
"185.7070","0.3901","4.5607"
"185.7270","0.3897","4.5261"
"185.7470","0.3894","4.4924"
"185.7670","0.3891","4.6035"
"185.7870","0.3888","4.5939"
"185.8070","0.3885","4.4980"
"185.8270","0.3882","4.5766"
"185.8470","0.3879","4.5991"
"185.8670","0.3875","4.6512"
"185.8870","0.3871","4.6512"
"185.9070","0.3867","4.5503"
"185.9270","0.3863","4.5137"
"185.9470","0.3859","4.6004"
"185.9670","0.3856","4.5839"
"185.9870","0.3853","4.5886"
"186.0070","0.3850","4.6585"
"186.0270","0.3847","4.6412"
"186.0470","0.3843","4.5536"
"186.0670","0.3840","4.5336"
"186.0870","0.3837","4.6476"
"186.1070","0.3834","4.6742"
"186.1270","0.3831","4.5874"
"186.1470","0.3829","4.5453"
"186.1670","0.3825","4.4822"
"186.1870","0.3822","4.5445"
"186.2070","0.3817","4.6248"
"186.2270","0.3813","4.6600"
"186.2470","0.3808","4.6563"
"186.2670","0.3805","4.5420"
"186.2870","0.3802","4.5659"
"186.3070","0.3800","4.5971"
"186.3270","0.3798","4.6110"
"186.3470","0.3795","4.5542"
"186.3670","0.3792","4.5509"
"186.3870","0.3788","4.5704"
"186.4070","0.3784","4.5595"
"186.4270","0.3780","4.5531"
"186.4470","0.3777","4.5642"
"186.4670","0.3774","4.5294"
"186.4870","0.3771","4.5627"
"186.5070","0.3769","4.5549"
"186.5270","0.3766","4.4840"
"186.5470","0.3762","4.5850"
"186.5670","0.3758","4.5433"
"186.5870","0.3754","4.5046"
"186.6070","0.3749","4.5265"
"186.6270","0.3746","4.5455"
"186.6470","0.3743","4.5719"
"186.6670","0.3740","4.5669"
"186.6870","0.3737","4.5540"
"186.7070","0.3734","4.4685"
"186.7270","0.3730","4.4953"
"186.7470","0.3727","4.4846"
"186.7670","0.3723","4.4682"
"186.7870","0.3720","4.4582"
"186.8070","0.3718","4.5019"
"186.8270","0.3715","4.5702"
"186.8470","0.3712","4.6022"
"186.8670","0.3709","4.4883"
"186.8870","0.3705","4.4453"
"186.9070","0.3700","4.5239"
"186.9270","0.3695","4.4888"
"186.9470","0.3691","4.4918"
"186.9670","0.3689","4.5468"
"186.9870","0.3687","4.5476"
"187.0070","0.3684","4.4946"
"187.0270","0.3682","4.4174"
"187.0470","0.3679","4.4282"
"187.0670","0.3675","4.4812"
"187.0870","0.3671","4.4227"
"187.1070","0.3667","4.3505"
"187.1270","0.3664","4.3988"
"187.1470","0.3661","4.5526"
"187.1670","0.3658","4.5402"
"187.1870","0.3655","4.4686"
"187.2070","0.3652","4.3923"
"187.2270","0.3649","4.4283"
"187.2470","0.3645","4.4399"
"187.2670","0.3641","4.4279"
"187.2870","0.3636","4.4416"
"187.3070","0.3632","4.3818"
"187.3270","0.3629","4.3762"
"187.3470","0.3626","4.3979"
"187.3670","0.3623","4.3449"
"187.3870","0.3620","4.2559"
"187.4070","0.3617","4.2690"
"187.4270","0.3613","4.2797"
"187.4470","0.3610","4.3649"
"187.4670","0.3607","4.3969"
"187.4870","0.3604","4.4795"
"187.5070","0.3602","4.4336"
"187.5270","0.3599","4.3751"
"187.5470","0.3596","4.2494"
"187.5670","0.3592","4.2710"
"187.5870","0.3587","4.3532"
"187.6070","0.3583","4.3372"
"187.6270","0.3578","4.3626"
"187.6470","0.3575","4.3606"
"187.6670","0.3573","4.3670"
"187.6870","0.3571","4.3288"
"187.7070","0.3568","4.3498"
"187.7270","0.3565","4.3262"
"187.7470","0.3562","4.2685"
"187.7670","0.3558","4.2370"
"187.7870","0.3554","4.3450"
"187.8070","0.3550","4.4090"
"187.8270","0.3547","4.4445"
"187.8470","0.3544","4.4418"
"187.8670","0.3542","4.4283"
"187.8870","0.3539","4.3566"
"187.9070","0.3536","4.3235"
"187.9270","0.3532","4.3380"
"187.9470","0.3528","4.3497"
"187.9670","0.3523","4.2899"
"187.9870","0.3519","4.2861"
"188.0070","0.3516","4.3026"
"188.0270","0.3513","4.2528"
"188.0470","0.3510","4.2321"
"188.0670","0.3507","4.3041"
"188.0870","0.3504","4.3604"
"188.1070","0.3500","4.3482"
"188.1270","0.3497","4.3481"
"188.1470","0.3493","4.2904"
"188.1670","0.3490","4.2871"
"188.1870","0.3488","4.3113"
"188.2070","0.3485","4.3357"
"188.2270","0.3482","4.2770"
"188.2470","0.3478","4.3168"
"188.2670","0.3474","4.2883"
"188.2870","0.3470","4.3343"
"188.3070","0.3465","4.3785"
"188.3270","0.3462","4.3542"
"188.3470","0.3459","4.3848"
"188.3670","0.3457","4.3380"
"188.3870","0.3454","4.2522"
"188.4070","0.3452","4.2165"
"188.4270","0.3448","4.2401"
"188.4470","0.3445","4.2843"
"188.4670","0.3441","4.2796"
"188.4870","0.3437","4.2459"
"188.5070","0.3433","4.2266"
"188.5270","0.3430","4.1728"
"188.5470","0.3428","4.2378"
"188.5670","0.3425","4.2821"
"188.5870","0.3422","4.2009"
"188.6070","0.3418","4.1292"
"188.6270","0.3414","4.1828"
"188.6470","0.3410","4.1639"
"188.6670","0.3406","4.1675"
"188.6870","0.3402","4.1670"
"188.7070","0.3399","4.1719"
"188.7270","0.3396","4.1902"
"188.7470","0.3394","4.2621"
"188.7670","0.3391","4.1962"
"188.7870","0.3387","4.1215"
"188.8070","0.3384","4.1372"
"188.8270","0.3380","4.2122"
"188.8470","0.3377","4.1257"
"188.8670","0.3374","4.1007"
"188.8870","0.3372","4.0535"
"188.9070","0.3369","4.0246"
"188.9270","0.3365","4.0827"
"188.9470","0.3361","4.0935"
"188.9670","0.3356","4.1042"
"188.9870","0.3352","4.1580"
"189.0070","0.3348","4.2026"
"189.0270","0.3345","4.1361"
"189.0470","0.3343","4.1355"
"189.0670","0.3341","4.0512"
"189.0870","0.3338","4.0068"
"189.1070","0.3335","4.0009"
"189.1270","0.3332","4.0983"
"189.1470","0.3328","4.0912"
"189.1670","0.3324","3.9811"
"189.1870","0.3320","3.9519"
"189.2070","0.3317","3.9530"
"189.2270","0.3314","4.0030"
"189.2470","0.3311","3.9945"
"189.2670","0.3308","4.0314"
"189.2870","0.3305","4.0798"
"189.3070","0.3301","4.0454"
"189.3270","0.3297","3.9450"
"189.3470","0.3293","3.9983"
"189.3670","0.3289","4.0386"
"189.3870","0.3285","4.0162"
"189.4070","0.3283","3.9367"
"189.4270","0.3280","3.8613"
"189.4470","0.3277","3.9374"
"189.4670","0.3274","3.9840"
"189.4870","0.3270","4.0536"
"189.5070","0.3267","3.9948"
"189.5270","0.3264","3.9691"
"189.5470","0.3261","3.9362"
"189.5670","0.3258","3.9784"
"189.5870","0.3255","4.0474"
"189.6070","0.3252","3.9940"
"189.6270","0.3248","3.8588"
"189.6470","0.3244","3.8508"
"189.6670","0.3239","3.8533"
"189.6870","0.3234","3.9300"
"189.7070","0.3231","3.9539"
"189.7270","0.3229","3.9809"
"189.7470","0.3227","3.9906"
"189.7670","0.3225","3.8748"
"189.7870","0.3222","3.8846"
"189.8070","0.3219","3.9428"
"189.8270","0.3215","3.9713"
"189.8470","0.3211","3.9528"
"189.8670","0.3207","3.8833"
"189.8870","0.3204","3.7773"
"189.9070","0.3200","3.7226"
"189.9270","0.3198","3.7502"
"189.9470","0.3195","3.8379"
"189.9670","0.3192","3.8210"
"189.9870","0.3188","3.8837"
"190.0070","0.3184","3.8284"
"190.0270","0.3180","3.8619"
"190.0470","0.3176","3.8191"
"190.0670","0.3172","3.7807"
"190.0870","0.3169","3.7481"
"190.1070","0.3167","3.8240"
"190.1270","0.3164","3.8584"
"190.1470","0.3161","3.7980"
"190.1670","0.3157","3.7714"
"190.1870","0.3154","3.7659"
"190.2070","0.3150","3.8761"
"190.2270","0.3147","3.8441"
"190.2470","0.3145","3.7927"
"190.2670","0.3142","3.7894"
"190.2870","0.3139","3.7829"
"190.3070","0.3135","3.7593"
"190.3270","0.3131","3.7634"
"190.3470","0.3127","3.7662"
"190.3670","0.3122","3.6433"
"190.3870","0.3118","3.6527"
"190.4070","0.3115","3.6461"
"190.4270","0.3113","3.7196"
"190.4470","0.3111","3.8304"
"190.4670","0.3108","3.8340"
"190.4870","0.3105","3.7842"
"190.5070","0.3102","3.7102"
"190.5270","0.3098","3.7193"
"190.5470","0.3094","3.6953"
"190.5670","0.3090","3.7373"
"190.5870","0.3087","3.7330"
"190.6070","0.3084","3.7324"
"190.6270","0.3081","3.6656"
"190.6470","0.3079","3.5709"
"190.6670","0.3075","3.6784"
"190.6870","0.3071","3.6595"
"190.7070","0.3067","3.5984"
"190.7270","0.3063","3.6078"
"190.7470","0.3059","3.5860"
"190.7670","0.3056","3.6142"
"190.7870","0.3053","3.6623"
"190.8070","0.3050","3.5741"
"190.8270","0.3047","3.5579"
"190.8470","0.3044","3.6018"
"190.8670","0.3041","3.6115"
"190.8870","0.3037","3.5585"
"190.9070","0.3034","3.5909"
"190.9270","0.3031","3.6165"
"190.9470","0.3028","3.5992"
"190.9670","0.3025","3.5921"
"190.9870","0.3022","3.5407"
"191.0070","0.3019","3.5608"
"191.0270","0.3014","3.5684"
"191.0470","0.3010","3.5127"
"191.0670","0.3005","3.4884"
"191.0870","0.3002","3.5954"
"191.1070","0.2999","3.5656"
"191.1270","0.2997","3.5508"
"191.1470","0.2995","3.5739"
"191.1670","0.2992","3.5847"
"191.1870","0.2989","3.5464"
"191.2070","0.2985","3.5733"
"191.2270","0.2981","3.5350"
"191.2470","0.2977","3.4972"
"191.2670","0.2974","3.5581"
"191.2870","0.2970","3.5895"
"191.3070","0.2968","3.5616"
"191.3270","0.2965","3.4763"
"191.3470","0.2962","3.5650"
"191.3670","0.2958","3.6241"
"191.3870","0.2954","3.5163"
"191.4070","0.2950","3.4218"
"191.4270","0.2946","3.4430"
"191.4470","0.2942","3.4686"
"191.4670","0.2939","3.5159"
"191.4870","0.2937","3.4928"
"191.5070","0.2934","3.4375"
"191.5270","0.2931","3.4668"
"191.5470","0.2927","3.4706"
"191.5670","0.2924","3.3870"
"191.5870","0.2920","3.3981"
"191.6070","0.2917","3.3951"
"191.6270","0.2914","3.4429"
"191.6470","0.2912","3.4474"
"191.6670","0.2909","3.4268"
"191.6870","0.2905","3.3632"
"191.7070","0.2901","3.3442"
"191.7270","0.2897","3.3628"
"191.7470","0.2892","3.3295"
"191.7670","0.2888","3.2844"
"191.7870","0.2885","3.3412"
"191.8070","0.2883","3.3904"
"191.8270","0.2881","3.3988"
"191.8470","0.2878","3.3306"
"191.8670","0.2875","3.3213"
"191.8870","0.2872","3.3604"
"191.9070","0.2868","3.3365"
"191.9270","0.2864","3.2734"
"191.9470","0.2860","3.3543"
"191.9670","0.2857","3.3232"
"191.9870","0.2854","3.2869"
"192.0070","0.2851","3.2382"
"192.0270","0.2848","3.1931"
"192.0470","0.2845","3.3053"
"192.0670","0.2841","3.3572"
"192.0870","0.2837","3.3205"
"192.1070","0.2833","3.2741"
"192.1270","0.2829","3.2094"
"192.1470","0.2826","3.1935"
"192.1670","0.2823","3.2008"
"192.1870","0.2820","3.1958"
"192.2070","0.2817","3.2402"
"192.2270","0.2814","3.2304"
"192.2470","0.2810","3.2233"
"192.2670","0.2806","3.1949"
"192.2870","0.2803","3.2250"
"192.3070","0.2800","3.2066"
"192.3270","0.2798","3.1749"
"192.3470","0.2795","3.1477"
"192.3670","0.2792","3.1008"
"192.3870","0.2788","3.0613"
"192.4070","0.2784","3.1769"
"192.4270","0.2779","3.2087"
"192.4470","0.2775","3.1333"
"192.4670","0.2772","3.1602"
"192.4870","0.2769","3.1065"
"192.5070","0.2767","3.2125"
"192.5270","0.2765","3.2178"
"192.5470","0.2762","3.1315"
"192.5670","0.2758","3.1107"
"192.5870","0.2754","3.0520"
"192.6070","0.2750","3.1325"
"192.6270","0.2747","3.1496"
"192.6470","0.2743","3.1031"
"192.6670","0.2740","3.0425"
"192.6870","0.2738","3.0191"
"192.7070","0.2735","3.0498"
"192.7270","0.2732","3.0305"
"192.7470","0.2728","3.0415"
"192.7670","0.2724","2.9986"
"192.7870","0.2720","2.9831"
"192.8070","0.2716","3.0502"
"192.8270","0.2713","3.1013"
"192.8470","0.2709","3.0298"
"192.8670","0.2707","3.0742"
"192.8870","0.2704","3.0797"
"192.9070","0.2700","3.0908"
"192.9270","0.2697","3.0705"
"192.9470","0.2693","3.0429"
"192.9670","0.2690","3.0644"
"192.9870","0.2687","3.0494"
"193.0070","0.2684","3.0195"
"193.0270","0.2681","3.0427"
"193.0470","0.2679","3.0067"
"193.0670","0.2675","2.9813"
"193.0870","0.2671","2.9779"
"193.1070","0.2667","2.9409"
"193.1270","0.2662","2.9290"
"193.1470","0.2658","2.9013"
"193.1670","0.2656","2.8766"
"193.1870","0.2653","2.9135"
"193.2070","0.2651","2.8777"
"193.2270","0.2648","2.8423"
"193.2470","0.2645","2.8256"
"193.2670","0.2642","2.8997"
"193.2870","0.2638","3.0360"
"193.3070","0.2634","3.0405"
"193.3270","0.2630","2.9464"
"193.3470","0.2627","2.8989"
"193.3670","0.2624","2.8413"
"193.3870","0.2621","2.7931"
"193.4070","0.2618","2.9087"
"193.4270","0.2615","2.9755"
"193.4470","0.2611","3.0066"
"193.4670","0.2607","2.9483"
"193.4870","0.2603","2.8919"
"193.5070","0.2599","2.9305"
"193.5270","0.2596","2.9103"
"193.5470","0.2593","2.9462"
"193.5670","0.2590","2.9251"
"193.5870","0.2587","2.9291"
"193.6070","0.2584","2.8939"
"193.6270","0.2580","2.8651"
"193.6470","0.2577","2.8174"
"193.6670","0.2573","2.8218"
"193.6870","0.2571","2.9062"
"193.7070","0.2568","2.7981"
"193.7270","0.2565","2.7374"
"193.7470","0.2562","2.7839"
"193.7670","0.2558","2.8207"
"193.7870","0.2554","2.8458"
"193.8070","0.2549","2.8392"
"193.8270","0.2545","2.7569"
"193.8470","0.2542","2.8403"
"193.8670","0.2539","2.7907"
"193.8870","0.2537","2.8370"
"193.9070","0.2535","2.8309"
"193.9270","0.2532","2.7970"
"193.9470","0.2528","2.7589"
"193.9670","0.2525","2.6856"
"193.9870","0.2521","2.6976"
"194.0070","0.2517","2.7249"
"194.0270","0.2514","2.7910"
"194.0470","0.2511","2.7138"
"194.0670","0.2508","2.7244"
"194.0870","0.2505","2.7433"
"194.1070","0.2502","2.6835"
"194.1270","0.2498","2.6721"
"194.1470","0.2494","2.6589"
"194.1670","0.2490","2.7061"
"194.1870","0.2486","2.6673"
"194.2070","0.2483","2.5895"
"194.2270","0.2480","2.5745"
"194.2470","0.2477","2.6047"
"194.2670","0.2474","2.6579"
"194.2870","0.2471","2.6296"
"194.3070","0.2467","2.6015"
"194.3270","0.2464","2.6045"
"194.3470","0.2460","2.6527"
"194.3670","0.2457","2.6497"
"194.3870","0.2454","2.6361"
"194.4070","0.2452","2.5907"
"194.4270","0.2449","2.6016"
"194.4470","0.2445","2.6408"
"194.4670","0.2441","2.5546"
"194.4870","0.2437","2.4911"
"194.5070","0.2432","2.5961"
"194.5270","0.2429","2.6723"
"194.5470","0.2426","2.6028"
"194.5670","0.2424","2.5221"
"194.5870","0.2421","2.5244"
"194.6070","0.2419","2.5870"
"194.6270","0.2415","2.6000"
"194.6470","0.2412","2.5819"
"194.6670","0.2408","2.5913"
"194.6870","0.2404","2.5336"
"194.7070","0.2400","2.5922"
"194.7270","0.2397","2.5627"
"194.7470","0.2394","2.4541"
"194.7670","0.2391","2.5620"
"194.7870","0.2388","2.6140"
"194.8070","0.2385","2.6136"
"194.8270","0.2381","2.4767"
"194.8470","0.2377","2.3959"
"194.8670","0.2373","2.4389"
"194.8870","0.2369","2.4233"
"194.9070","0.2366","2.4891"
"194.9270","0.2363","2.4974"
"194.9470","0.2360","2.5039"
"194.9670","0.2357","2.4464"
"194.9870","0.2354","2.4160"
"195.0070","0.2350","2.4036"
"195.0270","0.2347","2.3246"
"195.0470","0.2344","2.3416"
"195.0670","0.2341","2.3473"
"195.0870","0.2338","2.3184"
"195.1070","0.2335","2.3785"
"195.1270","0.2332","2.3784"
"195.1470","0.2328","2.3664"
"195.1670","0.2324","2.4074"
"195.1870","0.2319","2.4159"
"195.2070","0.2315","2.3748"
"195.2270","0.2312","2.3182"
"195.2470","0.2310","2.3536"
"195.2670","0.2308","2.3359"
"195.2870","0.2305","2.2603"
"195.3070","0.2302","2.2803"
"195.3270","0.2299","2.3386"
"195.3470","0.2295","2.2658"
"195.3670","0.2291","2.3019"
"195.3870","0.2287","2.3560"
"195.4070","0.2284","2.3796"
"195.4270","0.2281","2.3660"
"195.4470","0.2278","2.3556"
"195.4670","0.2275","2.3015"
"195.4870","0.2271","2.2834"
"195.5070","0.2268","2.2893"
"195.5270","0.2264","2.2127"
"195.5470","0.2259","2.2477"
"195.5670","0.2256","2.3447"
"195.5870","0.2252","2.3891"
"195.6070","0.2250","2.3411"
"195.6270","0.2247","2.3201"
"195.6470","0.2244","2.2092"
"195.6670","0.2241","2.2110"
"195.6870","0.2237","2.2478"
"195.7070","0.2234","2.2427"
"195.7270","0.2230","2.2749"
"195.7470","0.2227","2.2087"
"195.7670","0.2224","2.2095"
"195.7870","0.2221","2.2266"
"195.8070","0.2218","2.2392"
"195.8270","0.2215","2.2064"
"195.8470","0.2211","2.1824"
"195.8670","0.2206","2.1246"
"195.8870","0.2202","2.1694"
"195.9070","0.2198","2.1570"
"195.9270","0.2196","2.1594"
"195.9470","0.2194","2.1578"
"195.9670","0.2191","2.0991"
"195.9870","0.2189","2.1291"
"196.0070","0.2185","2.1392"
"196.0270","0.2182","2.0650"
"196.0470","0.2178","2.1025"
"196.0670","0.2174","2.1704"
"196.0870","0.2171","2.1564"
"196.1070","0.2167","2.1651"
"196.1270","0.2165","2.1465"
"196.1470","0.2162","2.1591"
"196.1670","0.2159","2.2056"
"196.1870","0.2155","2.1980"
"196.2070","0.2151","2.1223"
"196.2270","0.2146","2.0184"
"196.2470","0.2142","2.0156"
"196.2670","0.2138","2.0925"
"196.2870","0.2136","2.0827"
"196.3070","0.2133","2.1578"
"196.3270","0.2130","2.2022"
"196.3470","0.2127","2.1167"
"196.3670","0.2124","2.0528"
"196.3870","0.2120","1.9851"
"196.4070","0.2117","1.9057"
"196.4270","0.2114","1.9663"
"196.4470","0.2111","2.0260"
"196.4670","0.2108","2.0413"
"196.4870","0.2105","2.0595"
"196.5070","0.2101","1.9678"
"196.5270","0.2097","1.9896"
"196.5470","0.2093","2.0263"
"196.5670","0.2089","2.1207"
"196.5870","0.2085","2.0895"
"196.6070","0.2082","2.0532"
"196.6270","0.2080","2.0538"
"196.6470","0.2077","2.0575"
"196.6670","0.2075","2.0187"
"196.6870","0.2072","1.9267"
"196.7070","0.2069","1.9161"
"196.7270","0.2065","1.8879"
"196.7470","0.2061","1.9103"
"196.7670","0.2057","1.9390"
"196.7870","0.2054","2.0612"
"196.8070","0.2051","2.0990"
"196.8270","0.2048","1.9983"
"196.8470","0.2045","1.9747"
"196.8670","0.2042","1.9151"
"196.8870","0.2038","1.8422"
"196.9070","0.2034","1.8117"
"196.9270","0.2029","1.8290"
"196.9470","0.2026","1.8469"
"196.9670","0.2022","1.8673"
"196.9870","0.2019","1.8626"
"197.0070","0.2017","1.9516"
"197.0270","0.2014","1.8924"
"197.0470","0.2011","1.8027"
"197.0670","0.2007","1.7530"
"197.0870","0.2004","1.7564"
"197.1070","0.2000","1.7914"
"197.1270","0.1997","1.7920"
"197.1470","0.1994","1.8055"
"197.1670","0.1992","1.8293"
"197.1870","0.1988","1.7763"
"197.2070","0.1985","1.7143"
"197.2270","0.1981","1.7871"
"197.2470","0.1976","1.7653"
"197.2670","0.1972","1.7936"
"197.2870","0.1968","1.8797"
"197.3070","0.1966","1.8035"
"197.3270","0.1964","1.7515"
"197.3470","0.1961","1.7852"
"197.3670","0.1959","1.7241"
"197.3870","0.1955","1.6770"
"197.4070","0.1952","1.7366"
"197.4270","0.1948","1.7106"
"197.4470","0.1944","1.7615"
"197.4670","0.1940","1.8172"
"197.4870","0.1937","1.8237"
"197.5070","0.1935","1.7259"
"197.5270","0.1932","1.6808"
"197.5470","0.1929","1.6733"
"197.5670","0.1925","1.6959"
"197.5870","0.1921","1.7047"
"197.6070","0.1917","1.7431"
"197.6270","0.1913","1.7113"
"197.6470","0.1909","1.6953"
"197.6670","0.1906","1.7154"
"197.6870","0.1903","1.6323"
"197.7070","0.1900","1.6678"
"197.7270","0.1897","1.6448"
"197.7470","0.1894","1.6034"
"197.7670","0.1890","1.6194"
"197.7870","0.1887","1.6280"
"197.8070","0.1884","1.6115"
"197.8270","0.1881","1.5906"
"197.8470","0.1878","1.6090"
"197.8670","0.1875","1.5398"
"197.8870","0.1872","1.6250"
"197.9070","0.1868","1.5788"
"197.9270","0.1863","1.5246"
"197.9470","0.1859","1.4687"
"197.9670","0.1855","1.5193"
"197.9870","0.1852","1.5560"
"198.0070","0.1850","1.5928"
"198.0270","0.1848","1.5658"
"198.0470","0.1845","1.5479"
"198.0670","0.1842","1.5397"
"198.0870","0.1838","1.5522"
"198.1070","0.1835","1.5184"
"198.1270","0.1831","1.5312"
"198.1470","0.1827","1.4644"
"198.1670","0.1824","1.4262"
"198.1870","0.1821","1.5147"
"198.2070","0.1818","1.5916"
"198.2270","0.1815","1.5843"
"198.2470","0.1812","1.5333"
"198.2670","0.1808","1.5020"
"198.2870","0.1804","1.5189"
"198.3070","0.1800","1.4398"
"198.3270","0.1796","1.4206"
"198.3470","0.1793","1.4622"
"198.3670","0.1790","1.4160"
"198.3870","0.1787","1.4319"
"198.4070","0.1784","1.4084"
"198.4270","0.1780","1.4307"
"198.4470","0.1777","1.4025"
"198.4670","0.1773","1.4417"
"198.4870","0.1770","1.4794"
"198.5070","0.1767","1.4305"
"198.5270","0.1765","1.3527"
"198.5470","0.1762","1.3498"
"198.5670","0.1759","1.4364"
"198.5870","0.1755","1.4572"
"198.6070","0.1751","1.3776"
"198.6270","0.1746","1.3410"
"198.6470","0.1742","1.4135"
"198.6670","0.1738","1.4108"
"198.6870","0.1736","1.3873"
"198.7070","0.1734","1.3397"
"198.7270","0.1731","1.3409"
"198.7470","0.1728","1.3980"
"198.7670","0.1725","1.3635"
"198.7870","0.1722","1.3499"
"198.8070","0.1718","1.2773"
"198.8270","0.1714","1.3198"
"198.8470","0.1711","1.3650"
"198.8670","0.1708","1.3832"
"198.8870","0.1705","1.3849"
"198.9070","0.1702","1.4043"
"198.9270","0.1699","1.3020"
"198.9470","0.1695","1.2537"
"198.9670","0.1691","1.2564"
"198.9870","0.1687","1.2683"
"199.0070","0.1682","1.3608"
"199.0270","0.1679","1.3490"
"199.0470","0.1676","1.2824"
"199.0670","0.1673","1.3196"
"199.0870","0.1670","1.3425"
"199.1070","0.1667","1.3276"
"199.1270","0.1663","1.2771"
"199.1470","0.1660","1.2979"
"199.1670","0.1657","1.2410"
"199.1870","0.1654","1.1543"
"199.2070","0.1651","1.2091"
"199.2270","0.1648","1.2308"
"199.2470","0.1645","1.2726"
"199.2670","0.1642","1.3423"
"199.2870","0.1638","1.3247"
"199.3070","0.1633","1.2305"
"199.3270","0.1629","1.2069"
"199.3470","0.1625","1.2144"
"199.3670","0.1622","1.2520"
"199.3870","0.1620","1.2563"
"199.4070","0.1617","1.1825"
"199.4270","0.1615","1.1121"
"199.4470","0.1612","1.0637"
"199.4670","0.1608","1.2161"
"199.4870","0.1604","1.1751"
"199.5070","0.1600","1.1384"
"199.5270","0.1597","1.1652"
"199.5470","0.1594","1.1621"
"199.5670","0.1591","1.0443"
"199.5870","0.1588","1.0317"
"199.6070","0.1585","1.1664"
"199.6270","0.1582","1.1046"
"199.6470","0.1578","1.0854"
"199.6670","0.1574","1.1054"
"199.6870","0.1570","1.0487"
"199.7070","0.1566","1.0013"
"199.7270","0.1563","1.0434"
"199.7470","0.1560","1.1104"
"199.7670","0.1557","1.0943"
"199.7870","0.1553","1.0578"
"199.8070","0.1550","1.0928"
"199.8270","0.1546","1.2010"
"199.8470","0.1543","1.1315"
"199.8670","0.1540","1.1067"
"199.8870","0.1537","1.0722"
"199.9070","0.1535","1.0145"
"199.9270","0.1532","0.9633"
"199.9470","0.1529","0.9599"
"199.9670","0.1525","1.0382"
"199.9870","0.1520","1.0395"
"200.0070","0.1516","0.9803"
"200.0270","0.1511","0.9490"
"200.0470","0.1508","0.9860"
"200.0670","0.1506","1.0176"
"200.0870","0.1504","1.0602"
"200.1070","0.1501","1.0295"
"200.1270","0.1498","1.0572"
"200.1470","0.1495","1.0188"
"200.1670","0.1491","1.0550"
"200.1870","0.1487","1.0427"
"200.2070","0.1484","1.0428"
"200.2270","0.1480","1.0403"
"200.2470","0.1477","1.0005"
"200.2670","0.1475","0.9599"
"200.2870","0.1472","0.9937"
"200.3070","0.1468","0.9988"
"200.3270","0.1465","0.9949"
"200.3470","0.1461","0.9528"
"200.3670","0.1457","0.9662"
"200.3870","0.1453","0.9727"
"200.4070","0.1449","1.0389"
"200.4270","0.1446","1.0087"
"200.4470","0.1443","0.9960"
"200.4670","0.1440","1.0274"
"200.4870","0.1437","1.0109"
"200.5070","0.1433","0.9156"
"200.5270","0.1430","0.9097"
"200.5470","0.1427","0.9725"
"200.5670","0.1424","0.9517"
"200.5870","0.1421","0.9091"
"200.6070","0.1418","0.9097"
"200.6270","0.1415","0.8722"
"200.6470","0.1412","0.9029"
"200.6670","0.1408","1.0316"
"200.6870","0.1403","0.9327"
"200.7070","0.1399","0.8487"
"200.7270","0.1395","0.7586"
"200.7470","0.1392","0.8317"
"200.7670","0.1390","0.9334"
"200.7870","0.1388","0.9091"
"200.8070","0.1385","0.9188"
"200.8270","0.1382","0.9291"
"200.8470","0.1378","0.8586"
"200.8670","0.1374","0.8392"
"200.8870","0.1371","0.9002"
"200.9070","0.1367","0.9236"
"200.9270","0.1364","0.8970"
"200.9470","0.1361","0.9292"
"200.9670","0.1359","0.9198"
"200.9870","0.1356","0.9064"
"201.0070","0.1352","0.8690"
"201.0270","0.1348","0.8568"
"201.0470","0.1344","0.7902"
"201.0670","0.1340","0.7770"
"201.0870","0.1336","0.7592"
"201.1070","0.1333","0.7574"
"201.1270","0.1330","0.7505"
"201.1470","0.1327","0.7996"
"201.1670","0.1324","0.8233"
"201.1870","0.1320","0.7675"
"201.2070","0.1317","0.7794"
"201.2270","0.1313","0.8160"
"201.2470","0.1310","0.8011"
"201.2670","0.1308","0.7693"
"201.2870","0.1305","0.7311"
"201.3070","0.1302","0.7615"
"201.3270","0.1299","0.7455"
"201.3470","0.1295","0.7184"
"201.3670","0.1290","0.7094"
"201.3870","0.1286","0.7529"
"201.4070","0.1282","0.6788"
"201.4270","0.1279","0.6758"
"201.4470","0.1276","0.6879"
"201.4670","0.1274","0.7145"
"201.4870","0.1272","0.7120"
"201.5070","0.1268","0.7255"
"201.5270","0.1265","0.7282"
"201.5470","0.1261","0.6708"
"201.5670","0.1257","0.6590"
"201.5870","0.1254","0.6565"
"201.6070","0.1251","0.6605"
"201.6270","0.1248","0.6599"
"201.6470","0.1245","0.6886"
"201.6670","0.1242","0.7077"
"201.6870","0.1239","0.7092"
"201.7070","0.1235","0.7045"
"201.7270","0.1231","0.7430"
"201.7470","0.1226","0.7655"
"201.7670","0.1223","0.7047"
"201.7870","0.1219","0.6150"
"201.8070","0.1216","0.6144"
"201.8270","0.1213","0.6502"
"201.8470","0.1210","0.6292"
"201.8670","0.1207","0.6293"
"201.8870","0.1204","0.5968"
"201.9070","0.1200","0.6564"
"201.9270","0.1197","0.6259"
"201.9470","0.1194","0.6695"
"201.9670","0.1191","0.6575"
"201.9870","0.1189","0.6692"
"202.0070","0.1185","0.6259"
"202.0270","0.1182","0.6401"
"202.0470","0.1177","0.6626"
"202.0670","0.1173","0.5678"
"202.0870","0.1169","0.5932"
"202.1070","0.1165","0.5892"
"202.1270","0.1163","0.6481"
"202.1470","0.1160","0.6695"
"202.1670","0.1158","0.6916"
"202.1870","0.1155","0.6144"
"202.2070","0.1152","0.5105"
"202.2270","0.1148","0.5729"
"202.2470","0.1144","0.6176"
"202.2670","0.1140","0.5442"
"202.2870","0.1137","0.5086"
"202.3070","0.1134","0.5735"
"202.3270","0.1131","0.5029"
"202.3470","0.1129","0.4973"
"202.3670","0.1126","0.5787"
"202.3870","0.1122","0.5988"
"202.4070","0.1118","0.5676"
"202.4270","0.1113","0.5854"
"202.4470","0.1109","0.5140"
"202.4670","0.1106","0.5381"
"202.4870","0.1103","0.5287"
"202.5070","0.1100","0.5801"
"202.5270","0.1097","0.6047"
"202.5470","0.1094","0.6456"
"202.5670","0.1090","0.6679"
"202.5870","0.1087","0.5322"
"202.6070","0.1083","0.3913"
"202.6270","0.1080","0.3857"
"202.6470","0.1078","0.4489"
"202.6670","0.1075","0.4595"
"202.6870","0.1072","0.5411"
"202.7070","0.1069","0.5891"
"202.7270","0.1064","0.5154"
"202.7470","0.1060","0.5000"
"202.7670","0.1055","0.4818"
"202.7870","0.1051","0.5057"
"202.8070","0.1049","0.4430"
"202.8270","0.1046","0.4227"
"202.8470","0.1044","0.5229"
"202.8670","0.1041","0.3777"
"202.8870","0.1038","0.3486"
"202.9070","0.1035","0.4181"
"202.9270","0.1031","0.4789"
"202.9470","0.1027","0.4294"
"202.9670","0.1023","0.3673"
"202.9870","0.1020","0.4222"
"203.0070","0.1017","0.4937"
"203.0270","0.1015","0.4672"
"203.0470","0.1012","0.4013"
"203.0670","0.1008","0.3861"
"203.0870","0.1004","0.4544"
"203.1070","0.1000","0.3486"
"203.1270","0.0996","0.2916"
"203.1470","0.0992","0.3209"
"203.1670","0.0989","0.3256"
"203.1870","0.0986","0.4036"
"203.2070","0.0984","0.4167"
"203.2270","0.0981","0.3801"
"203.2470","0.0977","0.3164"
"203.2670","0.0974","0.3355"
"203.2870","0.0970","0.3520"
"203.3070","0.0967","0.3888"
"203.3270","0.0964","0.4151"
"203.3470","0.0962","0.3781"
"203.3670","0.0959","0.3252"
"203.3870","0.0955","0.4209"
"203.4070","0.0951","0.4471"
"203.4270","0.0947","0.3504"
"203.4470","0.0942","0.2779"
"203.4670","0.0938","0.3195"
"203.4870","0.0935","0.3185"
"203.5070","0.0932","0.3336"
"203.5270","0.0930","0.3633"
"203.5470","0.0928","0.3041"
"203.5670","0.0925","0.2392"
"203.5870","0.0922","0.2411"
"203.6070","0.0918","0.3807"
"203.6270","0.0914","0.3789"
"203.6470","0.0910","0.3363"
"203.6670","0.0907","0.3807"
"203.6870","0.0904","0.3062"
"203.7070","0.0901","0.2516"
"203.7270","0.0898","0.2768"
"203.7470","0.0895","0.3230"
"203.7670","0.0891","0.3542"
"203.7870","0.0887","0.3537"
"203.8070","0.0883","0.3207"
"203.8270","0.0879","0.3592"
"203.8470","0.0876","0.3502"
"203.8670","0.0873","0.2637"
"203.8870","0.0870","0.2208"
"203.9070","0.0867","0.3118"
"203.9270","0.0864","0.3359"
"203.9470","0.0861","0.3022"
"203.9670","0.0857","0.3228"
"203.9870","0.0854","0.2827"
"204.0070","0.0851","0.2153"
"204.0270","0.0848","0.2842"
"204.0470","0.0845","0.3105"
"204.0670","0.0842","0.2708"
"204.0870","0.0838","0.2875"
"204.1070","0.0834","0.2305"
"204.1270","0.0829","0.1450"
"204.1470","0.0825","0.1282"
"204.1670","0.0821","0.2244"
"204.1870","0.0819","0.2729"
"204.2070","0.0817","0.2074"
"204.2270","0.0815","0.2213"
"204.2470","0.0812","0.2613"
"204.2670","0.0809","0.2660"
"204.2870","0.0805","0.2483"
"204.3070","0.0801","0.1637"
"204.3270","0.0797","0.1815"
"204.3470","0.0793","0.2190"
"204.3670","0.0790","0.2045"
"204.3870","0.0787","0.2812"
"204.4070","0.0785","0.2851"
"204.4270","0.0782","0.1978"
"204.4470","0.0778","0.2217"
"204.4670","0.0775","0.2833"
"204.4870","0.0770","0.1982"
"204.5070","0.0766","0.1076"
"204.5270","0.0763","0.1227"
"204.5470","0.0759","0.2626"
"204.5670","0.0756","0.3230"
"204.5870","0.0754","0.2275"
"204.6070","0.0751","0.0823"
"204.6260","0.0747","0.1563"

