Time,Displacement,Force
(s),(mm),(N)
"0.0000","0.0000","-0.0401"
"0.0200","0.0000","0.0311"
"0.0400","0.0000","0.0650"
"0.0600","0.0000","0.0198"
"0.0800","0.0001","-0.0265"
"0.1000","0.0001","0.0883"
"0.1200","0.0003","0.0851"
"0.1400","0.0005","0.0817"
"0.1600","0.0005","0.0414"
"0.1800","0.0005","-0.0353"
"0.2000","0.0005","-0.0317"
"0.2200","0.0006","0.0405"
"0.2400","0.0008","0.0994"
"0.2600","0.0011","0.1695"
"0.2800","0.0015","0.2688"
"0.3000","0.0020","0.2699"
"0.3200","0.0025","0.2532"
"0.3400","0.0030","0.2660"
"0.3600","0.0035","0.2819"
"0.3800","0.0039","0.2937"
"0.4000","0.0043","0.3220"
"0.4200","0.0046","0.2967"
"0.4400","0.0050","0.2961"
"0.4600","0.0054","0.3552"
"0.4800","0.0059","0.3487"
"0.5000","0.0064","0.3544"
"0.5200","0.0068","0.3103"
"0.5400","0.0071","0.3070"
"0.5600","0.0075","0.1861"
"0.5800","0.0079","0.2550"
"0.6000","0.0083","0.3913"
"0.6200","0.0088","0.3635"
"0.6400","0.0093","0.3055"
"0.6600","0.0097","0.3730"
"0.6800","0.0099","0.3620"
"0.7000","0.0102","0.4309"
"0.7200","0.0104","0.4254"
"0.7400","0.0107","0.3693"
"0.7600","0.0110","0.3683"
"0.7800","0.0113","0.3549"
"0.8000","0.0117","0.3663"
"0.8200","0.0121","0.3826"
"0.8400","0.0124","0.4499"
"0.8600","0.0127","0.4685"
"0.8800","0.0130","0.4340"
"0.9000","0.0133","0.3926"
"0.9200","0.0137","0.3145"
"0.9400","0.0140","0.3213"
"0.9600","0.0144","0.3738"
"0.9800","0.0148","0.4004"
"1.0000","0.0151","0.4397"
"1.0200","0.0153","0.4281"
"1.0400","0.0156","0.5068"
"1.0600","0.0158","0.5525"
"1.0800","0.0161","0.5189"
"1.1000","0.0164","0.4735"
"1.1200","0.0168","0.4615"
"1.1400","0.0172","0.5072"
"1.1600","0.0175","0.4459"
"1.1800","0.0179","0.4413"
"1.2000","0.0182","0.4691"
"1.2200","0.0184","0.4601"
"1.2400","0.0187","0.4468"
"1.2600","0.0191","0.4800"
"1.2800","0.0194","0.4151"
"1.3000","0.0199","0.4355"
"1.3200","0.0204","0.5327"
"1.3400","0.0208","0.5624"
"1.3600","0.0211","0.5325"
"1.3800","0.0213","0.5194"
"1.4000","0.0216","0.5244"
"1.4200","0.0218","0.5879"
"1.4400","0.0221","0.5680"
"1.4600","0.0224","0.4932"
"1.4800","0.0228","0.4332"
"1.5000","0.0232","0.4271"
"1.5200","0.0236","0.4807"
"1.5400","0.0239","0.5607"
"1.5600","0.0243","0.5422"
"1.5800","0.0246","0.4533"
"1.6000","0.0249","0.5001"
"1.6200","0.0253","0.5743"
"1.6400","0.0257","0.6172"
"1.6600","0.0260","0.6456"
"1.6800","0.0264","0.5916"
"1.7000","0.0267","0.5005"
"1.7200","0.0269","0.4925"
"1.7400","0.0272","0.5203"
"1.7600","0.0275","0.5662"
"1.7800","0.0277","0.5692"
"1.8000","0.0281","0.6162"
"1.8200","0.0285","0.5428"
"1.8400","0.0288","0.4425"
"1.8600","0.0292","0.4942"
"1.8800","0.0295","0.5847"
"1.9000","0.0298","0.6731"
"1.9200","0.0301","0.6967"
"1.9400","0.0304","0.6387"
"1.9600","0.0308","0.6532"
"1.9800","0.0312","0.6694"
"2.0000","0.0317","0.6993"
"2.0200","0.0321","0.6845"
"2.0400","0.0324","0.6514"
"2.0600","0.0327","0.6343"
"2.0800","0.0329","0.7068"
"2.1000","0.0332","0.6225"
"2.1200","0.0334","0.5984"
"2.1400","0.0338","0.6787"
"2.1600","0.0341","0.6836"
"2.1800","0.0345","0.6478"
"2.2000","0.0349","0.6539"
"2.2200","0.0353","0.5808"
"2.2400","0.0356","0.6193"
"2.2600","0.0359","0.6505"
"2.2800","0.0362","0.6763"
"2.3000","0.0365","0.7417"
"2.3200","0.0369","0.7519"
"2.3400","0.0373","0.7123"
"2.3600","0.0377","0.7261"
"2.3800","0.0380","0.6856"
"2.4000","0.0383","0.7815"
"2.4200","0.0385","0.7749"
"2.4400","0.0388","0.7364"
"2.4600","0.0391","0.7705"
"2.4800","0.0394","0.7189"
"2.5000","0.0398","0.7767"
"2.5200","0.0401","0.8339"
"2.5400","0.0405","0.7803"
"2.5600","0.0408","0.7819"
"2.5800","0.0411","0.7050"
"2.6000","0.0414","0.7269"
"2.6200","0.0417","0.7994"
"2.6400","0.0420","0.7409"
"2.6600","0.0424","0.7732"
"2.6800","0.0429","0.8301"
"2.7000","0.0434","0.8248"
"2.7200","0.0438","0.7729"
"2.7400","0.0441","0.7861"
"2.7600","0.0443","0.8080"
"2.7800","0.0446","0.8418"
"2.8000","0.0448","0.8562"
"2.8200","0.0451","0.8810"
"2.8400","0.0454","0.9438"
"2.8600","0.0458","0.9274"
"2.8800","0.0462","0.9617"
"2.9000","0.0466","0.9269"
"2.9200","0.0469","0.8545"
"2.9400","0.0472","0.8228"
"2.9600","0.0475","0.7699"
"2.9800","0.0479","0.8127"
"3.0000","0.0482","0.8742"
"3.0200","0.0486","0.9570"
"3.0400","0.0490","1.0187"
"3.0600","0.0494","1.0383"
"3.0800","0.0497","0.9897"
"3.1000","0.0499","0.9713"
"3.1200","0.0502","0.8626"
"3.1400","0.0505","0.8306"
"3.1600","0.0508","0.9584"
"3.1800","0.0512","1.0298"
"3.2000","0.0515","0.9439"
"3.2200","0.0519","0.9580"
"3.2400","0.0522","0.9781"
"3.2600","0.0525","0.9919"
"3.2800","0.0528","0.9140"
"3.3000","0.0531","0.8759"
"3.3200","0.0534","0.8213"
"3.3400","0.0537","0.9473"
"3.3600","0.0542","1.0260"
"3.3800","0.0546","0.9871"
"3.4000","0.0551","0.9429"
"3.4200","0.0554","0.9740"
"3.4400","0.0557","0.9662"
"3.4600","0.0559","0.9130"
"3.4800","0.0562","0.8798"
"3.5000","0.0564","0.9401"
"3.5200","0.0568","0.9978"
"3.5400","0.0571","1.0122"
"3.5600","0.0575","1.0604"
"3.5800","0.0579","1.0610"
"3.6000","0.0582","1.1023"
"3.6200","0.0585","1.0670"
"3.6400","0.0588","1.1482"
"3.6600","0.0592","1.1265"
"3.6800","0.0595","1.0406"
"3.7000","0.0599","1.0252"
"3.7200","0.0603","1.0078"
"3.7400","0.0607","1.0355"
"3.7600","0.0610","1.0254"
"3.7800","0.0613","1.0730"
"3.8000","0.0615","1.1105"
"3.8200","0.0618","1.0599"
"3.8400","0.0621","0.9954"
"3.8600","0.0624","0.9950"
"3.8800","0.0628","1.1127"
"3.9000","0.0632","1.1554"
"3.9200","0.0635","1.1136"
"3.9400","0.0638","1.1992"
"3.9600","0.0641","1.1874"
"3.9800","0.0644","1.1754"
"4.0000","0.0647","1.1357"
"4.0200","0.0650","1.1281"
"4.0400","0.0654","1.1462"
"4.0600","0.0659","1.1752"
"4.0800","0.0664","1.1717"
"4.1000","0.0668","1.0585"
"4.1200","0.0671","1.0353"
"4.1400","0.0673","1.0918"
"4.1600","0.0675","1.1397"
"4.1800","0.0678","1.1601"
"4.2000","0.0681","1.1679"
"4.2200","0.0685","1.1472"
"4.2400","0.0688","1.0723"
"4.2600","0.0692","1.0406"
"4.2800","0.0696","1.0617"
"4.3000","0.0699","1.0411"
"4.3200","0.0702","1.0491"
"4.3400","0.0705","1.1905"
"4.3600","0.0709","1.2167"
"4.3800","0.0713","1.2468"
"4.4000","0.0717","1.1694"
"4.4200","0.0721","1.1062"
"4.4400","0.0724","1.0881"
"4.4600","0.0727","1.0198"
"4.4800","0.0729","1.0564"
"4.5000","0.0732","1.1112"
"4.5200","0.0735","1.1728"
"4.5400","0.0738","1.1437"
"4.5600","0.0741","1.1134"
"4.5800","0.0745","1.0335"
"4.6000","0.0749","1.0499"
"4.6200","0.0752","1.1432"
"4.6400","0.0755","1.1362"
"4.6600","0.0758","1.1567"
"4.6800","0.0761","1.1536"
"4.7000","0.0764","1.2084"
"4.7200","0.0767","1.2682"
"4.7400","0.0772","1.3328"
"4.7600","0.0776","1.3446"
"4.7800","0.0781","1.3096"
"4.8000","0.0784","1.1837"
"4.8200","0.0787","1.1221"
"4.8400","0.0789","1.1648"
"4.8600","0.0792","1.1495"
"4.8800","0.0795","1.2266"
"4.9000","0.0798","1.2680"
"4.9200","0.0802","1.2161"
"4.9400","0.0805","1.2238"
"4.9600","0.0809","1.2082"
"4.9800","0.0812","1.1653"
"5.0000","0.0815","1.1477"
"5.0200","0.0818","1.2043"
"5.0400","0.0822","1.2123"
"5.0600","0.0825","1.2580"
"5.0800","0.0830","1.2594"
"5.1000","0.0834","1.2630"
"5.1200","0.0837","1.2485"
"5.1400","0.0841","1.2085"
"5.1600","0.0843","1.1608"
"5.1800","0.0846","1.1558"
"5.2000","0.0848","1.1173"
"5.2200","0.0851","1.1492"
"5.2400","0.0855","1.1799"
"5.2600","0.0858","1.1365"
"5.2800","0.0862","1.1397"
"5.3000","0.0865","1.2002"
"5.3200","0.0869","1.2325"
"5.3400","0.0871","1.3394"
"5.3600","0.0874","1.2763"
"5.3800","0.0877","1.1950"
"5.4000","0.0880","1.2758"
"5.4200","0.0884","1.2808"
"5.4400","0.0889","1.2637"
"5.4600","0.0894","1.2300"
"5.4800","0.0897","1.1771"
"5.5000","0.0900","1.2451"
"5.5200","0.0903","1.3218"
"5.5400","0.0905","1.2768"
"5.5600","0.0908","1.2628"
"5.5800","0.0912","1.2358"
"5.6000","0.0915","1.2509"
"5.6200","0.0919","1.2292"
"5.6400","0.0922","1.1894"
"5.6600","0.0926","1.2335"
"5.6800","0.0929","1.4568"
"5.7000","0.0932","1.3912"
"5.7200","0.0935","1.2043"
"5.7400","0.0939","1.3063"
"5.7600","0.0943","1.3671"
"5.7800","0.0947","1.3232"
"5.8000","0.0951","1.3066"
"5.8200","0.0954","1.3247"
"5.8400","0.0957","1.3674"
"5.8600","0.0959","1.3535"
"5.8800","0.0962","1.3372"
"5.9000","0.0965","1.3252"
"5.9200","0.0968","1.3007"
"5.9400","0.0972","1.3362"
"5.9600","0.0975","1.3401"
"5.9800","0.0979","1.3542"
"6.0000","0.0982","1.2647"
"6.0200","0.0985","1.3017"
"6.0400","0.0988","1.2766"
"6.0600","0.0990","1.3397"
"6.0800","0.0994","1.3309"
"6.1000","0.0997","1.3244"
"6.1200","0.1002","1.3569"
"6.1400","0.1006","1.3621"
"6.1600","0.1010","1.2850"
"6.1800","0.1014","1.2937"
"6.2000","0.1016","1.3478"
"6.2200","0.1019","1.3501"
"6.2400","0.1021","1.3377"
"6.2600","0.1024","1.3424"
"6.2800","0.1028","1.3198"
"6.3000","0.1032","1.3481"
"6.3200","0.1036","1.4224"
"6.3400","0.1039","1.3465"
"6.3600","0.1042","1.3395"
"6.3800","0.1046","1.4183"
"6.4000","0.1049","1.4564"
"6.4200","0.1052","1.3146"
"6.4400","0.1056","1.2100"
"6.4600","0.1060","1.3577"
"6.4800","0.1064","1.4531"
"6.5000","0.1068","1.3987"
"6.5200","0.1070","1.3568"
"6.5400","0.1073","1.3349"
"6.5600","0.1075","1.4033"
"6.5800","0.1078","1.3718"
"6.6000","0.1081","1.3469"
"6.6200","0.1085","1.4573"
"6.6400","0.1089","1.4985"
"6.6600","0.1092","1.5436"
"6.6800","0.1096","1.5437"
"6.7000","0.1099","1.4448"
"6.7200","0.1101","1.4160"
"6.7400","0.1104","1.3827"
"6.7600","0.1107","1.4590"
"6.7800","0.1110","1.4574"
"6.8000","0.1114","1.4985"
"6.8200","0.1119","1.4628"
"6.8400","0.1123","1.4269"
"6.8600","0.1127","1.4336"
"6.8800","0.1129","1.4792"
"6.9000","0.1132","1.4228"
"6.9200","0.1134","1.4382"
"6.9400","0.1137","1.4394"
"6.9600","0.1140","1.4015"
"6.9800","0.1144","1.4881"
"7.0000","0.1148","1.5031"
"7.0200","0.1151","1.5045"
"7.0400","0.1155","1.5373"
"7.0600","0.1158","1.5463"
"7.0800","0.1161","1.5232"
"7.1000","0.1164","1.4739"
"7.1200","0.1168","1.5092"
"7.1400","0.1172","1.5643"
"7.1600","0.1176","1.6460"
"7.1800","0.1180","1.6854"
"7.2000","0.1184","1.6200"
"7.2200","0.1186","1.6304"
"7.2400","0.1189","1.6143"
"7.2600","0.1192","1.5841"
"7.2800","0.1195","1.5867"
"7.3000","0.1198","1.6239"
"7.3200","0.1202","1.7074"
"7.3400","0.1206","1.7361"
"7.3600","0.1209","1.7067"
"7.3800","0.1213","1.6372"
"7.4000","0.1215","1.6906"
"7.4200","0.1218","1.7277"
"7.4400","0.1221","1.7695"
"7.4600","0.1224","1.7502"
"7.4800","0.1228","1.7782"
"7.5000","0.1232","1.7445"
"7.5200","0.1237","1.7490"
"7.5400","0.1241","1.7698"
"7.5600","0.1244","1.7743"
"7.5800","0.1246","1.7496"
"7.6000","0.1249","1.7323"
"7.6200","0.1251","1.7028"
"7.6400","0.1254","1.7061"
"7.6600","0.1258","1.7129"
"7.6800","0.1261","1.7473"
"7.7000","0.1265","1.7669"
"7.7200","0.1269","1.7389"
"7.7400","0.1272","1.7695"
"7.7600","0.1275","1.8047"
"7.7800","0.1278","1.7712"
"7.8000","0.1282","1.7741"
"7.8200","0.1286","1.6956"
"7.8400","0.1290","1.6412"
"7.8600","0.1294","1.7172"
"7.8800","0.1297","1.7600"
"7.9000","0.1300","1.8069"
"7.9200","0.1303","1.7758"
"7.9400","0.1305","1.7456"
"7.9600","0.1308","1.7668"
"7.9800","0.1311","1.7925"
"8.0000","0.1314","1.8791"
"8.0200","0.1318","1.8965"
"8.0400","0.1322","1.8965"
"8.0600","0.1326","1.8934"
"8.0800","0.1329","1.9444"
"8.1000","0.1332","1.9337"
"8.1200","0.1335","1.8192"
"8.1400","0.1338","1.8046"
"8.1600","0.1341","1.8030"
"8.1800","0.1345","1.7568"
"8.2000","0.1350","1.7889"
"8.2200","0.1354","1.8014"
"8.2400","0.1357","1.7672"
"8.2600","0.1360","1.8254"
"8.2800","0.1363","1.8576"
"8.3000","0.1365","1.8629"
"8.3200","0.1368","1.8548"
"8.3400","0.1371","1.8765"
"8.3600","0.1374","1.8527"
"8.3800","0.1378","1.8302"
"8.4000","0.1382","1.8342"
"8.4200","0.1385","1.8697"
"8.4400","0.1388","1.8161"
"8.4600","0.1391","1.8654"
"8.4800","0.1395","1.8492"
"8.5000","0.1399","1.7973"
"8.5200","0.1403","1.8092"
"8.5400","0.1407","1.8023"
"8.5600","0.1411","1.8640"
"8.5800","0.1414","1.8054"
"8.6000","0.1416","1.7606"
"8.6200","0.1419","1.7959"
"8.6400","0.1421","1.8499"
"8.6600","0.1424","1.8384"
"8.6800","0.1428","1.8631"
"8.7000","0.1431","1.8561"
"8.7200","0.1435","1.8189"
"8.7400","0.1439","1.9043"
"8.7600","0.1443","1.8710"
"8.7800","0.1445","1.8733"
"8.8000","0.1448","1.8380"
"8.8200","0.1451","1.8304"
"8.8400","0.1454","1.8961"
"8.8600","0.1458","1.8410"
"8.8800","0.1462","1.8830"
"8.9000","0.1467","1.9070"
"8.9200","0.1471","1.9120"
"8.9400","0.1474","1.9359"
"8.9600","0.1476","1.9032"
"8.9800","0.1479","1.8758"
"9.0000","0.1481","1.9119"
"9.0200","0.1484","1.9366"
"9.0400","0.1488","1.8951"
"9.0600","0.1492","1.8247"
"9.0800","0.1495","1.9097"
"9.1000","0.1499","1.9283"
"9.1200","0.1502","1.8812"
"9.1400","0.1505","1.8481"
"9.1600","0.1509","1.8490"
"9.1800","0.1512","1.8867"
"9.2000","0.1516","1.9266"
"9.2200","0.1520","2.0013"
"9.2400","0.1524","2.0387"
"9.2600","0.1527","2.0903"
"9.2800","0.1530","1.9950"
"9.3000","0.1532","1.9626"
"9.3200","0.1535","2.0103"
"9.3400","0.1538","1.9773"
"9.3600","0.1541","1.9487"
"9.3800","0.1545","1.9935"
"9.4000","0.1548","1.9819"
"9.4200","0.1552","1.9744"
"9.4400","0.1556","1.9808"
"9.4600","0.1559","2.0760"
"9.4800","0.1561","2.0406"
"9.5000","0.1564","2.0315"
"9.5200","0.1567","1.9898"
"9.5400","0.1571","2.0350"
"9.5600","0.1575","2.0700"
"9.5800","0.1580","2.0998"
"9.6000","0.1584","2.0918"
"9.6200","0.1588","2.0842"
"9.6400","0.1590","2.0678"
"9.6600","0.1593","2.0638"
"9.6800","0.1595","2.1028"
"9.7000","0.1598","2.1783"
"9.7200","0.1601","2.1705"
"9.7400","0.1605","2.0797"
"9.7600","0.1608","1.9438"
"9.7800","0.1612","1.9697"
"9.8000","0.1615","2.1019"
"9.8200","0.1618","2.1381"
"9.8400","0.1621","2.1445"
"9.8600","0.1625","2.1347"
"9.8800","0.1629","2.1553"
"9.9000","0.1633","2.1691"
"9.9200","0.1637","2.2162"
"9.9400","0.1641","2.2266"
"9.9600","0.1644","2.0733"
"9.9800","0.1646","2.1143"
"10.0000","0.1649","2.1422"
"10.0200","0.1652","2.1488"
"10.0400","0.1655","2.1743"
"10.0600","0.1658","2.2120"
"10.0800","0.1662","2.2185"
"10.1000","0.1665","2.2294"
"10.1200","0.1669","2.1897"
"10.1400","0.1672","2.1976"
"10.1600","0.1675","2.1512"
"10.1800","0.1678","2.1395"
"10.2000","0.1681","2.1614"
"10.2200","0.1684","2.2189"
"10.2400","0.1688","2.2308"
"10.2600","0.1692","2.2677"
"10.2800","0.1697","2.1532"
"10.3000","0.1701","2.2340"
"10.3200","0.1704","2.2295"
"10.3400","0.1706","2.2479"
"10.3600","0.1709","2.2038"
"10.3800","0.1711","2.1869"
"10.4000","0.1714","2.2862"
"10.4200","0.1717","2.2208"
"10.4400","0.1721","2.1547"
"10.4600","0.1725","2.2724"
"10.4800","0.1729","2.3171"
"10.5000","0.1732","2.3363"
"10.5200","0.1735","2.3898"
"10.5400","0.1738","2.3940"
"10.5600","0.1742","2.3264"
"10.5800","0.1746","2.3181"
"10.6000","0.1750","2.2774"
"10.6200","0.1754","2.2680"
"10.6400","0.1757","2.3071"
"10.6600","0.1760","2.3119"
"10.6800","0.1762","2.3096"
"10.7000","0.1765","2.3000"
"10.7200","0.1768","2.3104"
"10.7400","0.1771","2.3378"
"10.7600","0.1774","2.3271"
"10.7800","0.1778","2.3246"
"10.8000","0.1782","2.3539"
"10.8200","0.1785","2.3781"
"10.8400","0.1789","2.3798"
"10.8600","0.1791","2.3864"
"10.8800","0.1794","2.4039"
"10.9000","0.1797","2.3841"
"10.9200","0.1801","2.3688"
"10.9400","0.1805","2.3877"
"10.9600","0.1810","2.3647"
"10.9800","0.1814","2.3978"
"11.0000","0.1818","2.4736"
"11.0200","0.1820","2.4426"
"11.0400","0.1823","2.3920"
"11.0600","0.1825","2.3452"
"11.0800","0.1828","2.2676"
"11.1000","0.1831","2.2188"
"11.1200","0.1834","2.2413"
"11.1400","0.1838","2.3012"
"11.1600","0.1842","2.3772"
"11.1800","0.1845","2.3242"
"11.2000","0.1848","2.3590"
"11.2200","0.1852","2.4448"
"11.2400","0.1855","2.4260"
"11.2600","0.1859","2.4049"
"11.2800","0.1863","2.4380"
"11.3000","0.1867","2.3541"
"11.3200","0.1871","2.4325"
"11.3400","0.1874","2.4934"
"11.3600","0.1876","2.5312"
"11.3800","0.1879","2.3617"
"11.4000","0.1881","2.3629"
"11.4200","0.1884","2.4259"
"11.4400","0.1888","2.4856"
"11.4600","0.1891","2.4633"
"11.4800","0.1895","2.4768"
"11.5000","0.1899","2.4695"
"11.5200","0.1902","2.4774"
"11.5400","0.1905","2.4248"
"11.5600","0.1908","2.5060"
"11.5800","0.1911","2.5593"
"11.6000","0.1914","2.4499"
"11.6200","0.1918","2.4553"
"11.6400","0.1923","2.5039"
"11.6600","0.1927","2.5145"
"11.6800","0.1931","2.5923"
"11.7000","0.1934","2.6295"
"11.7200","0.1937","2.5603"
"11.7400","0.1939","2.5454"
"11.7600","0.1941","2.5394"
"11.7800","0.1944","2.5742"
"11.8000","0.1948","2.5789"
"11.8200","0.1951","2.5313"
"11.8400","0.1955","2.5819"
"11.8600","0.1959","2.6393"
"11.8800","0.1962","2.6623"
"11.9000","0.1965","2.6865"
"11.9200","0.1968","2.6830"
"11.9400","0.1972","2.6217"
"11.9600","0.1976","2.6978"
"11.9800","0.1980","2.6550"
"12.0000","0.1984","2.5302"
"12.0200","0.1987","2.5411"
"12.0400","0.1990","2.6516"
"12.0600","0.1993","2.6752"
"12.0800","0.1995","2.6822"
"12.1000","0.1998","2.6475"
"12.1200","0.2001","2.7539"
"12.1400","0.2005","2.7187"
"12.1600","0.2009","2.7429"
"12.1800","0.2012","2.6652"
"12.2000","0.2016","2.6817"
"12.2200","0.2019","2.7294"
"12.2400","0.2021","2.7686"
"12.2600","0.2024","2.8017"
"12.2800","0.2027","2.7673"
"12.3000","0.2031","2.8265"
"12.3200","0.2035","2.8570"
"12.3400","0.2040","2.8640"
"12.3600","0.2044","2.8857"
"12.3800","0.2048","2.9611"
"12.4000","0.2051","2.9935"
"12.4200","0.2053","2.9315"
"12.4400","0.2055","2.9541"
"12.4600","0.2058","2.9920"
"12.4800","0.2061","2.9577"
"12.5000","0.2065","2.9577"
"12.5200","0.2068","3.0190"
"12.5400","0.2072","3.0111"
"12.5600","0.2075","3.0196"
"12.5800","0.2078","3.0382"
"12.6000","0.2082","3.0036"
"12.6200","0.2085","3.1492"
"12.6400","0.2089","3.2524"
"12.6600","0.2093","3.2402"
"12.6800","0.2097","3.1995"
"12.7000","0.2100","3.2572"
"12.7200","0.2103","3.2837"
"12.7400","0.2106","3.2770"
"12.7600","0.2109","3.3023"
"12.7800","0.2111","3.2424"
"12.8000","0.2114","3.1580"
"12.8200","0.2118","3.2025"
"12.8400","0.2122","3.2894"
"12.8600","0.2126","3.5116"
"12.8800","0.2129","3.4870"
"12.9000","0.2132","3.3449"
"12.9200","0.2135","3.3982"
"12.9400","0.2138","3.4746"
"12.9600","0.2141","3.5189"
"12.9800","0.2144","3.4876"
"13.0000","0.2148","3.5776"
"13.0200","0.2152","3.5712"
"13.0400","0.2157","3.5934"
"13.0600","0.2161","3.6076"
"13.0800","0.2164","3.5998"
"13.1000","0.2166","3.5636"
"13.1200","0.2169","3.5573"
"13.1400","0.2172","3.5329"
"13.1600","0.2175","3.5921"
"13.1800","0.2178","3.7224"
"13.2000","0.2182","3.6776"
"13.2200","0.2185","3.6580"
"13.2400","0.2189","3.6843"
"13.2600","0.2192","3.6646"
"13.2800","0.2195","3.7265"
"13.3000","0.2198","3.8679"
"13.3200","0.2202","3.8920"
"13.3400","0.2206","3.7807"
"13.3600","0.2210","3.7997"
"13.3800","0.2214","3.8550"
"13.4000","0.2217","3.7625"
"13.4200","0.2220","3.6906"
"13.4400","0.2222","3.7351"
"13.4600","0.2225","3.8119"
"13.4800","0.2227","3.7526"
"13.5000","0.2231","3.7767"
"13.5200","0.2234","3.8168"
"13.5400","0.2238","3.7965"
"13.5600","0.2242","3.8389"
"13.5800","0.2246","3.8718"
"13.6000","0.2249","3.8873"
"13.6200","0.2251","3.9276"
"13.6400","0.2254","3.9358"
"13.6600","0.2258","3.9228"
"13.6800","0.2261","3.9298"
"13.7000","0.2266","3.9955"
"13.7200","0.2270","4.0736"
"13.7400","0.2274","4.0819"
"13.7600","0.2278","4.0748"
"13.7800","0.2280","4.1391"
"13.8000","0.2283","4.1301"
"13.8200","0.2285","4.1865"
"13.8400","0.2288","4.0977"
"13.8600","0.2291","4.0564"
"13.8800","0.2295","4.1699"
"13.9000","0.2298","4.2659"
"13.9200","0.2302","4.2435"
"13.9400","0.2306","4.2440"
"13.9600","0.2309","4.2777"
"13.9800","0.2312","4.3111"
"14.0000","0.2316","4.3234"
"14.0200","0.2320","4.3331"
"14.0400","0.2324","4.3754"
"14.0600","0.2327","4.4397"
"14.0800","0.2331","4.4129"
"14.1000","0.2334","4.3338"
"14.1200","0.2336","4.2838"
"14.1400","0.2339","4.3105"
"14.1600","0.2341","4.3496"
"14.1800","0.2344","4.2805"
"14.2000","0.2348","4.3291"
"14.2200","0.2352","4.4050"
"14.2400","0.2355","4.4829"
"14.2600","0.2359","4.4665"
"14.2800","0.2362","4.3972"
"14.3000","0.2365","4.4308"
"14.3200","0.2368","4.5135"
"14.3400","0.2371","4.5569"
"14.3600","0.2374","4.4889"
"14.3800","0.2378","4.5326"
"14.4000","0.2383","4.5929"
"14.4200","0.2387","4.5942"
"14.4400","0.2391","4.6272"
"14.4600","0.2394","4.7262"
"14.4800","0.2396","4.7368"
"14.5000","0.2399","4.6773"
"14.5200","0.2401","4.6710"
"14.5400","0.2404","4.7226"
"14.5600","0.2408","4.6813"
"14.5800","0.2411","4.6631"
"14.6000","0.2415","4.8275"
"14.6200","0.2419","4.7960"
"14.6400","0.2422","4.7906"
"14.6600","0.2425","4.7708"
"14.6800","0.2428","4.8006"
"14.7000","0.2432","4.8944"
"14.7200","0.2436","4.9266"
"14.7400","0.2440","4.9608"
"14.7600","0.2443","4.9395"
"14.7800","0.2446","4.9685"
"14.8000","0.2449","5.0033"
"14.8200","0.2452","5.0914"
"14.8400","0.2454","5.1631"
"14.8600","0.2457","5.1042"
"14.8800","0.2460","5.0813"
"14.9000","0.2464","5.1599"
"14.9200","0.2468","5.1481"
"14.9400","0.2472","5.1640"
"14.9600","0.2475","5.2780"
"14.9800","0.2478","5.2678"
"15.0000","0.2481","5.3135"
"15.0200","0.2484","5.3384"
"15.0400","0.2487","5.3280"
"15.0600","0.2491","5.3751"
"15.0800","0.2496","5.4948"
"15.1000","0.2500","5.5444"
"15.1200","0.2504","5.5204"
"15.1400","0.2507","5.5141"
"15.1600","0.2510","5.5307"
"15.1800","0.2512","5.5761"
"15.2000","0.2515","5.6523"
"15.2200","0.2518","5.6576"
"15.2400","0.2521","5.7281"
"15.2600","0.2525","5.7419"
"15.2800","0.2529","5.7483"
"15.3000","0.2533","5.8858"
"15.3200","0.2536","6.0564"
"15.3400","0.2539","6.0548"
"15.3600","0.2542","6.0444"
"15.3800","0.2546","6.1087"
"15.4000","0.2549","6.2186"
"15.4200","0.2553","6.2142"
"15.4400","0.2557","6.3011"
"15.4600","0.2560","6.4021"
"15.4800","0.2563","6.4527"
"15.5000","0.2566","6.3836"
"15.5200","0.2568","6.2831"
"15.5400","0.2571","6.2190"
"15.5600","0.2574","6.3078"
"15.5800","0.2578","6.3640"
"15.6000","0.2582","6.3788"
"15.6200","0.2585","6.3407"
"15.6400","0.2589","6.3276"
"15.6600","0.2592","6.4251"
"15.6800","0.2595","6.4037"
"15.7000","0.2597","6.4267"
"15.7200","0.2601","6.4406"
"15.7400","0.2604","6.5701"
"15.7600","0.2609","6.7064"
"15.7800","0.2613","6.6762"
"15.8000","0.2618","6.5900"
"15.8200","0.2621","6.5443"
"15.8400","0.2624","6.5480"
"15.8600","0.2626","6.6107"
"15.8800","0.2628","6.7435"
"15.9000","0.2631","6.7976"
"15.9200","0.2634","6.7321"
"15.9400","0.2638","6.8053"
"15.9600","0.2642","6.8209"
"15.9800","0.2646","6.9240"
"16.0000","0.2649","7.0260"
"16.0200","0.2652","7.0765"
"16.0400","0.2656","7.1795"
"16.0600","0.2659","7.2344"
"16.0800","0.2662","7.2973"
"16.1000","0.2666","7.3953"
"16.1200","0.2670","7.3114"
"16.1400","0.2673","7.2755"
"16.1600","0.2676","7.3266"
"16.1800","0.2679","7.4183"
"16.2000","0.2682","7.3780"
"16.2200","0.2685","7.3088"
"16.2400","0.2688","7.3771"
"16.2600","0.2691","7.4196"
"16.2800","0.2694","7.4861"
"16.3000","0.2698","7.5935"
"16.3200","0.2702","7.5607"
"16.3400","0.2705","7.5840"
"16.3600","0.2708","7.5642"
"16.3800","0.2711","7.5301"
"16.4000","0.2714","7.4807"
"16.4200","0.2717","7.4943"
"16.4400","0.2722","7.5018"
"16.4600","0.2726","7.5377"
"16.4800","0.2731","7.5654"
"16.5000","0.2735","7.4788"
"16.5200","0.2738","7.4070"
"16.5400","0.2740","7.4488"
"16.5600","0.2742","7.5232"
"16.5800","0.2745","7.5289"
"16.6000","0.2748","7.5637"
"16.6200","0.2752","7.5672"
"16.6400","0.2755","7.5416"
"16.6600","0.2759","7.5368"
"16.6800","0.2763","7.5874"
"16.7000","0.2766","7.5171"
"16.7200","0.2769","7.5581"
"16.7400","0.2772","7.5394"
"16.7600","0.2776","7.5497"
"16.7800","0.2779","7.5986"
"16.8000","0.2783","7.6047"
"16.8200","0.2787","7.7261"
"16.8400","0.2790","7.7439"
"16.8600","0.2793","7.6016"
"16.8800","0.2796","7.5966"
"16.9000","0.2798","7.5998"
"16.9200","0.2801","7.6416"
"16.9400","0.2804","7.6780"
"16.9600","0.2808","7.7195"
"16.9800","0.2811","7.8196"
"17.0000","0.2815","7.7840"
"17.0200","0.2818","7.7132"
"17.0400","0.2821","7.6287"
"17.0600","0.2824","7.6130"
"17.0800","0.2827","7.4956"
"17.1000","0.2830","7.5686"
"17.1200","0.2834","7.6297"
"17.1400","0.2838","7.7489"
"17.1600","0.2843","7.7856"
"17.1800","0.2847","7.7879"
"17.2000","0.2851","7.7094"
"17.2200","0.2853","7.6552"
"17.2400","0.2856","7.6041"
"17.2600","0.2858","7.5809"
"17.2800","0.2861","7.6561"
"17.3000","0.2864","7.6885"
"17.3200","0.2867","7.7109"
"17.3400","0.2871","7.7356"
"17.3600","0.2875","7.7664"
"17.3800","0.2879","7.6853"
"17.4000","0.2882","7.6566"
"17.4200","0.2885","7.7579"
"17.4400","0.2888","7.6754"
"17.4600","0.2892","7.6605"
"17.4800","0.2896","7.7027"
"17.5000","0.2900","7.7176"
"17.5200","0.2904","7.6813"
"17.5400","0.2907","7.6863"
"17.5600","0.2909","7.7518"
"17.5800","0.2912","7.7895"
"17.6000","0.2915","7.7970"
"17.6200","0.2918","7.7893"
"17.6400","0.2922","7.7676"
"17.6600","0.2925","7.7516"
"17.6800","0.2929","7.7372"
"17.7000","0.2932","7.7993"
"17.7200","0.2935","7.7116"
"17.7400","0.2938","7.7149"
"17.7600","0.2941","7.6770"
"17.7800","0.2944","7.6678"
"17.8000","0.2947","7.7059"
"17.8200","0.2951","7.7016"
"17.8400","0.2956","7.7511"
"17.8600","0.2960","7.7731"
"17.8800","0.2964","7.6561"
"17.9000","0.2967","7.6208"
"17.9200","0.2970","7.6311"
"17.9400","0.2972","7.6696"
"17.9600","0.2975","7.6502"
"17.9800","0.2978","7.6694"
"18.0000","0.2981","7.7568"
"18.0200","0.2985","7.7976"
"18.0400","0.2989","7.8134"
"18.0600","0.2992","7.7198"
"18.0800","0.2996","7.6918"
"18.1000","0.2999","7.7014"
"18.1200","0.3002","7.7790"
"18.1400","0.3005","7.7201"
"18.1600","0.3009","7.6948"
"18.1800","0.3013","7.6963"
"18.2000","0.3017","7.7320"
"18.2200","0.3020","7.7124"
"18.2400","0.3023","7.7559"
"18.2600","0.3026","7.8066"
"18.2800","0.3028","7.7391"
"18.3000","0.3031","7.6559"
"18.3200","0.3034","7.7274"
"18.3400","0.3038","7.8314"
"18.3600","0.3041","7.8315"
"18.3800","0.3045","7.7891"
"18.4000","0.3048","7.8000"
"18.4200","0.3051","7.7749"
"18.4400","0.3054","7.7482"
"18.4600","0.3057","7.7685"
"18.4800","0.3060","7.8023"
"18.5000","0.3064","7.7568"
"18.5200","0.3069","7.7191"
"18.5400","0.3073","7.7985"
"18.5600","0.3077","7.8433"
"18.5800","0.3081","7.8721"
"18.6000","0.3083","7.9185"
"18.6200","0.3086","7.8255"
"18.6400","0.3088","7.8074"
"18.6600","0.3091","7.8827"
"18.6800","0.3094","7.8868"
"18.7000","0.3098","7.9236"
"18.7200","0.3102","7.9678"
"18.7400","0.3105","7.9260"
"18.7600","0.3109","7.9095"
"18.7800","0.3112","7.9062"
"18.8000","0.3115","7.9881"
"18.8200","0.3118","7.9197"
"18.8400","0.3122","7.8235"
"18.8600","0.3126","7.8172"
"18.8800","0.3130","7.8170"
"18.9000","0.3134","7.8203"
"18.9200","0.3137","7.7780"
"18.9400","0.3139","7.7622"
"18.9600","0.3142","7.8061"
"18.9800","0.3145","7.7894"
"19.0000","0.3148","7.8670"
"19.0200","0.3151","7.9079"
"19.0400","0.3155","7.9083"
"19.0600","0.3159","7.7608"
"19.0800","0.3162","7.7031"
"19.1000","0.3165","7.7208"
"19.1200","0.3168","7.8086"
"19.1400","0.3171","7.8703"
"19.1600","0.3174","7.8608"
"19.1800","0.3178","7.8754"
"19.2000","0.3182","7.8445"
"19.2200","0.3186","7.9085"
"19.2400","0.3190","7.8936"
"19.2600","0.3194","7.8270"
"19.2800","0.3197","7.8328"
"19.3000","0.3199","7.7746"
"19.3200","0.3202","7.6927"
"19.3400","0.3205","7.6851"
"19.3600","0.3208","7.7037"
"19.3800","0.3212","7.7090"
"19.4000","0.3215","7.7815"
"19.4200","0.3219","7.8621"
"19.4400","0.3222","7.8175"
"19.4600","0.3225","7.7767"
"19.4800","0.3229","7.7412"
"19.5000","0.3232","7.7313"
"19.5200","0.3236","7.8941"
"19.5400","0.3240","7.9332"
"19.5600","0.3244","7.9307"
"19.5800","0.3248","7.9221"
"19.6000","0.3251","7.9668"
"19.6200","0.3254","7.9770"
"19.6400","0.3256","7.8879"
"19.6600","0.3259","7.8406"
"19.6800","0.3262","7.9369"
"19.7000","0.3265","8.1453"
"19.7200","0.3268","8.2236"
"19.7400","0.3272","8.2876"
"19.7600","0.3276","8.3950"
"19.7800","0.3279","8.4080"
"19.8000","0.3282","8.4766"
"19.8200","0.3284","8.4722"
"19.8400","0.3287","8.5240"
"19.8600","0.3290","8.5796"
"19.8800","0.3294","8.5778"
"19.9000","0.3299","8.6565"
"19.9200","0.3303","8.8065"
"19.9400","0.3307","8.8126"
"19.9600","0.3310","8.8766"
"19.9800","0.3313","8.9452"
"20.0000","0.3316","8.9105"
"20.0200","0.3318","9.0143"
"20.0400","0.3321","9.0663"
"20.0600","0.3325","9.1154"
"20.0800","0.3328","9.2177"
"20.1000","0.3332","9.3174"
"20.1200","0.3336","9.3593"
"20.1400","0.3339","9.3124"
"20.1600","0.3342","9.3674"
"20.1800","0.3345","9.3684"
"20.2000","0.3348","9.3670"
"20.2200","0.3352","9.4003"
"20.2400","0.3356","9.5234"
"20.2600","0.3360","9.5996"
"20.2800","0.3364","9.4816"
"20.3000","0.3367","9.3719"
"20.3200","0.3369","9.3680"
"20.3400","0.3372","9.3905"
"20.3600","0.3375","9.4698"
"20.3800","0.3378","9.4787"
"20.4000","0.3382","9.5428"
"20.4200","0.3385","9.5611"
"20.4400","0.3389","9.5171"
"20.4600","0.3392","9.5618"
"20.4800","0.3395","9.5741"
"20.5000","0.3398","9.6294"
"20.5200","0.3400","9.6243"
"20.5400","0.3404","9.7565"
"20.5600","0.3407","9.8391"
"20.5800","0.3411","9.8128"
"20.6000","0.3416","9.7411"
"20.6200","0.3420","9.7429"
"20.6400","0.3424","9.7667"
"20.6600","0.3426","9.7290"
"20.6800","0.3429","9.6868"
"20.7000","0.3431","9.7643"
"20.7200","0.3434","9.8293"
"20.7400","0.3438","9.8262"
"20.7600","0.3441","9.8412"
"20.7800","0.3445","9.8906"
"20.8000","0.3449","9.9794"
"20.8200","0.3452","9.9823"
"20.8400","0.3456","9.9984"
"20.8600","0.3458","10.0028"
"20.8800","0.3462","10.0598"
"20.9000","0.3465","10.1005"
"20.9200","0.3470","10.2059"
"20.9400","0.3474","10.2418"
"20.9600","0.3477","10.1778"
"20.9800","0.3480","10.0196"
"21.0000","0.3483","10.0338"
"21.0200","0.3485","10.0710"
"21.0400","0.3488","9.9774"
"21.0600","0.3491","10.0247"
"21.0800","0.3495","10.0805"
"21.1000","0.3499","10.1919"
"21.1200","0.3502","10.2670"
"21.1400","0.3506","10.2017"
"21.1600","0.3509","10.0691"
"21.1800","0.3512","10.0516"
"21.2000","0.3514","10.1182"
"21.2200","0.3517","10.1363"
"21.2400","0.3520","10.1918"
"21.2600","0.3524","10.2719"
"21.2800","0.3529","10.3081"
"21.3000","0.3533","10.3661"
"21.3200","0.3537","10.3675"
"21.3400","0.3540","10.2449"
"21.3600","0.3543","10.2435"
"21.3800","0.3545","10.2839"
"21.4000","0.3548","10.3066"
"21.4200","0.3551","10.3918"
"21.4400","0.3554","10.4301"
"21.4600","0.3558","10.4397"
"21.4800","0.3562","10.4043"
"21.5000","0.3565","10.3654"
"21.5200","0.3569","10.3512"
"21.5400","0.3572","10.4053"
"21.5600","0.3575","10.4982"
"21.5800","0.3578","10.5338"
"21.6000","0.3582","10.5468"
"21.6200","0.3586","10.5757"
"21.6400","0.3590","10.5936"
"21.6600","0.3594","10.6638"
"21.6800","0.3597","10.6458"
"21.7000","0.3599","10.6382"
"21.7200","0.3602","10.5829"
"21.7400","0.3605","10.6712"
"21.7600","0.3608","10.7184"
"21.7800","0.3611","10.7669"
"21.8000","0.3615","10.8612"
"21.8200","0.3619","10.8694"
"21.8400","0.3622","10.9227"
"21.8600","0.3625","10.9130"
"21.8800","0.3628","10.8358"
"21.9000","0.3631","10.8573"
"21.9200","0.3634","10.9896"
"21.9400","0.3638","11.0977"
"21.9600","0.3642","11.2504"
"21.9800","0.3646","11.2899"
"22.0000","0.3651","11.2765"
"22.0200","0.3654","11.2188"
"22.0400","0.3657","11.1768"
"22.0600","0.3659","11.1487"
"22.0800","0.3662","11.2718"
"22.1000","0.3665","11.3299"
"22.1200","0.3668","11.3451"
"22.1400","0.3671","11.4903"
"22.1600","0.3675","11.6743"
"22.1800","0.3679","11.7334"
"22.2000","0.3682","11.7290"
"22.2200","0.3686","11.7201"
"22.2400","0.3689","11.7728"
"22.2600","0.3692","11.8311"
"22.2800","0.3696","11.9000"
"22.3000","0.3700","12.0353"
"22.3200","0.3704","12.1420"
"22.3400","0.3707","12.1963"
"22.3600","0.3710","12.2458"
"22.3800","0.3713","12.2834"
"22.4000","0.3715","12.3070"
"22.4200","0.3718","12.3589"
"22.4400","0.3721","12.4181"
"22.4600","0.3724","12.5097"
"22.4800","0.3728","12.7923"
"22.5000","0.3732","13.0295"
"22.5200","0.3736","13.0654"
"22.5400","0.3739","13.1242"
"22.5600","0.3742","13.2098"
"22.5800","0.3745","13.2551"
"22.6000","0.3747","13.2788"
"22.6200","0.3751","13.4599"
"22.6400","0.3755","13.7076"
"22.6600","0.3759","13.9160"
"22.6800","0.3763","14.1263"
"22.7000","0.3767","14.2946"
"22.7200","0.3770","14.3403"
"22.7400","0.3773","14.3754"
"22.7600","0.3775","14.4634"
"22.7800","0.3778","14.6696"
"22.8000","0.3781","14.8521"
"22.8200","0.3784","15.0900"
"22.8400","0.3788","15.4212"
"22.8600","0.3792","15.6807"
"22.8800","0.3795","15.9460"
"22.9000","0.3798","16.2062"
"22.9200","0.3801","16.4741"
"22.9400","0.3805","16.7245"
"22.9600","0.3808","17.0688"
"22.9800","0.3812","17.3892"
"23.0000","0.3817","17.7941"
"23.0200","0.3821","18.0699"
"23.0400","0.3824","18.3872"
"23.0600","0.3827","18.5754"
"23.0800","0.3829","18.7737"
"23.1000","0.3832","19.0739"
"23.1200","0.3834","19.2991"
"23.1400","0.3838","19.5939"
"23.1600","0.3841","20.0109"
"23.1800","0.3845","20.3843"
"23.2000","0.3849","20.6733"
"23.2200","0.3853","20.9343"
"23.2400","0.3855","21.1698"
"23.2600","0.3858","21.3852"
"23.2800","0.3861","21.6970"
"23.3000","0.3864","22.0034"
"23.3200","0.3868","22.3534"
"23.3400","0.3872","22.8318"
"23.3600","0.3877","23.3294"
"23.3800","0.3881","23.7556"
"23.4000","0.3884","24.0593"
"23.4200","0.3887","24.2670"
"23.4400","0.3889","24.4978"
"23.4600","0.3892","24.7054"
"23.4800","0.3895","24.9433"
"23.5000","0.3898","25.3475"
"23.5200","0.3902","25.8418"
"23.5400","0.3906","26.3027"
"23.5600","0.3910","26.6177"
"23.5800","0.3913","26.9149"
"23.6000","0.3916","27.3505"
"23.6200","0.3920","27.7428"
"23.6400","0.3923","27.9940"
"23.6600","0.3927","28.3792"
"23.6800","0.3931","28.7671"
"23.7000","0.3935","29.0265"
"23.7200","0.3938","29.3064"
"23.7400","0.3941","29.4894"
"23.7600","0.3943","29.6757"
"23.7800","0.3946","29.8721"
"23.8000","0.3948","30.1631"
"23.8200","0.3951","30.5296"
"23.8400","0.3955","30.8724"
"23.8600","0.3958","31.2243"
"23.8800","0.3962","31.5691"
"23.9000","0.3965","31.8597"
"23.9200","0.3968","32.0994"
"23.9400","0.3971","32.3751"
"23.9600","0.3974","32.6252"
"23.9800","0.3977","32.9146"
"24.0000","0.3980","33.3606"
"24.0200","0.3984","33.8109"
"24.0400","0.3988","34.2453"
"24.0600","0.3992","34.6475"
"24.0800","0.3996","34.9072"
"24.1000","0.3999","35.1118"
"24.1200","0.4001","35.3660"
"24.1400","0.4004","35.5700"
"24.1600","0.4007","35.9104"
"24.1800","0.4010","36.2358"
"24.2000","0.4013","36.5049"
"24.2200","0.4016","36.9596"
"24.2400","0.4020","37.5676"
"24.2600","0.4024","37.9582"
"24.2800","0.4027","38.2584"
"24.3000","0.4030","38.5348"
"24.3200","0.4034","38.8707"
"24.3400","0.4037","39.4202"
"24.3600","0.4041","40.0067"
"24.3800","0.4046","40.4531"
"24.4000","0.4050","40.8737"
"24.4200","0.4054","41.2419"
"24.4400","0.4057","41.5928"
"24.4600","0.4059","41.8630"
"24.4800","0.4062","42.1691"
"24.5000","0.4065","42.5550"
"24.5200","0.4068","42.9906"
"24.5400","0.4072","43.5397"
"24.5600","0.4076","44.0598"
"24.5800","0.4080","44.4222"
"24.6000","0.4083","44.7339"
"24.6200","0.4086","45.0575"
"24.6400","0.4089","45.3369"
"24.6600","0.4092","45.7463"
"24.6800","0.4095","46.1344"
"24.7000","0.4099","46.6470"
"24.7200","0.4103","47.2967"
"24.7400","0.4107","47.8079"
"24.7600","0.4111","48.2082"
"24.7800","0.4114","48.4487"
"24.8000","0.4117","48.6493"
"24.8200","0.4119","48.8024"
"24.8400","0.4122","49.0654"
"24.8600","0.4125","49.4149"
"24.8800","0.4128","49.9241"
"24.9000","0.4131","50.3762"
"24.9200","0.4135","50.8881"
"24.9400","0.4139","51.3543"
"24.9600","0.4142","51.7066"
"24.9800","0.4145","52.0585"
"25.0000","0.4148","52.4390"
"25.0200","0.4152","52.9199"
"25.0400","0.4156","53.4922"
"25.0600","0.4160","53.9510"
"25.0800","0.4164","54.4417"
"25.1000","0.4167","54.7769"
"25.1200","0.4170","54.9948"
"25.1400","0.4173","55.3088"
"25.1600","0.4175","55.5822"
"25.1800","0.4178","55.8781"
"25.2000","0.4181","56.2691"
"25.2200","0.4184","56.6976"
"25.2400","0.4188","57.2423"
"25.2600","0.4192","57.6709"
"25.2800","0.4195","58.0966"
"25.3000","0.4199","58.4436"
"25.3200","0.4201","58.6390"
"25.3400","0.4204","59.0697"
"25.3600","0.4207","59.5213"
"25.3800","0.4211","59.9195"
"25.4000","0.4215","60.4361"
"25.4200","0.4219","61.1160"
"25.4400","0.4224","61.5937"
"25.4600","0.4228","61.9925"
"25.4800","0.4230","62.2158"
"25.5000","0.4233","62.3616"
"25.5200","0.4235","62.5522"
"25.5400","0.4238","62.9787"
"25.5600","0.4241","63.4929"
"25.5800","0.4244","63.9841"
"25.6000","0.4248","64.4839"
"25.6200","0.4252","64.9182"
"25.6400","0.4255","65.2548"
"25.6600","0.4258","65.5318"
"25.6800","0.4261","66.0300"
"25.7000","0.4265","66.5616"
"25.7200","0.4269","67.0011"
"25.7400","0.4273","67.5016"
"25.7600","0.4277","68.1635"
"25.7800","0.4280","68.6107"
"25.8000","0.4284","68.8885"
"25.8200","0.4286","69.1243"
"25.8400","0.4289","69.3976"
"25.8600","0.4291","69.7301"
"25.8800","0.4294","70.0565"
"25.9000","0.4298","70.5234"
"25.9200","0.4301","71.0630"
"25.9400","0.4305","71.5718"
"25.9600","0.4309","72.0401"
"25.9800","0.4312","72.4103"
"26.0000","0.4315","72.7459"
"26.0200","0.4318","73.0787"
"26.0400","0.4321","73.4211"
"26.0600","0.4324","73.8847"
"26.0800","0.4328","74.4193"
"26.1000","0.4332","75.1112"
"26.1200","0.4337","75.8624"
"26.1400","0.4341","76.3219"
"26.1600","0.4344","76.6003"
"26.1800","0.4347","76.7398"
"26.2000","0.4349","76.9147"
"26.2200","0.4352","77.1010"
"26.2400","0.4355","77.5524"
"26.2600","0.4358","78.0479"
"26.2800","0.4361","78.5628"
"26.3000","0.4365","79.0712"
"26.3200","0.4369","79.5302"
"26.3400","0.4372","79.9920"
"26.3600","0.4375","80.4241"
"26.3800","0.4378","80.8591"
"26.4000","0.4382","81.3856"
"26.4200","0.4386","82.0341"
"26.4400","0.4390","82.7448"
"26.4600","0.4394","83.3587"
"26.4800","0.4397","83.8718"
"26.5000","0.4400","84.1865"
"26.5200","0.4403","84.3082"
"26.5400","0.4405","84.5597"
"26.5600","0.4408","84.9620"
"26.5800","0.4411","85.5265"
"26.6000","0.4414","86.1578"
"26.6200","0.4418","86.7681"
"26.6400","0.4422","87.4258"
"26.6600","0.4426","87.9166"
"26.6800","0.4429","88.3018"
"26.7000","0.4432","88.6614"
"26.7200","0.4434","89.0168"
"26.7400","0.4437","89.5109"
"26.7600","0.4441","90.1208"
"26.7800","0.4445","90.8195"
"26.8000","0.4450","91.6438"
"26.8200","0.4454","92.3235"
"26.8400","0.4458","92.6614"
"26.8600","0.4461","92.9716"
"26.8800","0.4463","93.1729"
"26.9000","0.4466","93.4128"
"26.9200","0.4468","93.6727"
"26.9400","0.4471","94.1964"
"26.9600","0.4475","94.9025"
"26.9800","0.4478","95.4527"
"27.0000","0.4482","95.9860"
"27.0200","0.4485","96.3756"
"27.0400","0.4488","96.7418"
"27.0600","0.4492","97.1991"
"27.0800","0.4495","97.7219"
"27.1000","0.4499","98.2717"
"27.1200","0.4503","98.8101"
"27.1400","0.4507","99.3936"
"27.1600","0.4511","99.8784"
"27.1800","0.4514","100.2852"
"27.2000","0.4516","100.5693"
"27.2200","0.4519","100.8594"
"27.2400","0.4521","101.1862"
"27.2600","0.4524","101.6660"
"27.2800","0.4528","102.3051"
"27.3000","0.4532","102.9622"
"27.3200","0.4536","103.5700"
"27.3400","0.4539","104.1487"
"27.3600","0.4543","104.5003"
"27.3800","0.4545","104.8311"
"27.4000","0.4548","105.2100"
"27.4200","0.4551","105.6243"
"27.4400","0.4554","106.1386"
"27.4600","0.4558","106.7829"
"27.4800","0.4562","107.5661"
"27.5000","0.4567","108.4219"
"27.5200","0.4571","109.0260"
"27.5400","0.4574","109.4070"
"27.5600","0.4577","109.7296"
"27.5800","0.4579","109.9943"
"27.6000","0.4582","110.3060"
"27.6200","0.4585","110.7612"
"27.6400","0.4588","111.2932"
"27.6600","0.4592","111.9673"
"27.6800","0.4595","112.6178"
"27.7000","0.4599","113.0420"
"27.7200","0.4602","113.4718"
"27.7400","0.4605","114.0440"
"27.7600","0.4609","114.6905"
"27.7800","0.4612","115.2904"
"27.8000","0.4616","115.9732"
"27.8200","0.4620","116.6668"
"27.8400","0.4624","117.3072"
"27.8600","0.4627","117.8094"
"27.8800","0.4630","118.1984"
"27.9000","0.4632","118.6003"
"27.9200","0.4635","119.0840"
"27.9400","0.4638","119.5926"
"27.9600","0.4641","120.1600"
"27.9800","0.4644","120.8555"
"28.0000","0.4648","121.6936"
"28.0200","0.4652","122.3805"
"28.0400","0.4656","122.9641"
"28.0600","0.4659","123.5161"
"28.0800","0.4661","124.0184"
"28.1000","0.4664","124.6359"
"28.1200","0.4667","125.2745"
"28.1400","0.4671","126.0265"
"28.1600","0.4675","126.8578"
"28.1800","0.4679","127.7809"
"28.2000","0.4684","128.6585"
"28.2200","0.4687","129.3726"
"28.2400","0.4690","129.9435"
"28.2600","0.4693","130.3334"
"28.2800","0.4695","130.8144"
"28.3000","0.4698","131.4647"
"28.3200","0.4701","132.1383"
"28.3400","0.4704","132.9123"
"28.3600","0.4708","133.7433"
"28.3800","0.4712","134.6129"
"28.4000","0.4715","135.4902"
"28.4200","0.4719","136.2198"
"28.4400","0.4722","136.9767"
"28.4600","0.4725","137.7283"
"28.4800","0.4729","138.5602"
"28.5000","0.4733","139.5275"
"28.5200","0.4737","140.4650"
"28.5400","0.4740","141.1988"
"28.5600","0.4743","141.7963"
"28.5800","0.4746","142.3628"
"28.6000","0.4749","142.9816"
"28.6200","0.4751","143.5497"
"28.6400","0.4754","144.2030"
"28.6600","0.4757","144.9774"
"28.6800","0.4761","145.9446"
"28.7000","0.4765","146.8539"
"28.7200","0.4769","147.3204"
"28.7400","0.4772","114.2129"
"28.7600","0.4775","50.1052"
"28.7800","0.4778","19.9112"
"28.8000","0.4781","14.0873"
"28.8200","0.4784","15.9513"
"28.8400","0.4788","17.8534"
"28.8600","0.4793","18.4472"
"28.8800","0.4797","18.3210"
"28.9000","0.4801","18.0220"
"28.9200","0.4804","17.8231"
"28.9400","0.4807","17.7088"
"28.9600","0.4809","17.6995"
"28.9800","0.4812","17.6836"
"29.0000","0.4815","17.6830"
"29.0200","0.4818","17.7559"
"29.0400","0.4821","17.9192"
"29.0600","0.4825","18.0365"
"29.0800","0.4829","18.0102"
"29.1000","0.4832","17.9499"
"29.1200","0.4835","18.0198"
"29.1400","0.4838","18.0903"
"29.1600","0.4842","18.2054"
"29.1800","0.4846","18.2837"
"29.2000","0.4850","18.3379"
"29.2200","0.4854","18.3650"
"29.2400","0.4857","18.4190"
"29.2600","0.4860","18.5017"
"29.2800","0.4862","18.5041"
"29.3000","0.4865","18.5131"
"29.3200","0.4867","18.5613"
"29.3400","0.4871","18.6279"
"29.3600","0.4874","18.6455"
"29.3800","0.4878","18.7522"
"29.4000","0.4882","18.8046"
"29.4200","0.4885","18.8237"
"29.4400","0.4888","18.8775"
"29.4600","0.4891","18.9051"
"29.4800","0.4894","18.9573"
"29.5000","0.4898","19.0435"
"29.5200","0.4901","19.0637"
"29.5400","0.4906","19.0312"
"29.5600","0.4910","19.0003"
"29.5800","0.4914","19.0321"
"29.6000","0.4917","19.1062"
"29.6200","0.4920","18.9880"
"29.6400","0.4922","18.9694"
"29.6600","0.4925","18.9737"
"29.6800","0.4928","18.9323"
"29.7000","0.4931","18.8824"
"29.7200","0.4935","18.8216"
"29.7400","0.4939","18.6238"
"29.7600","0.4942","18.6209"
"29.7800","0.4946","18.5673"
"29.8000","0.4949","18.5059"
"29.8200","0.4952","18.4119"
"29.8400","0.4956","18.3310"
"29.8600","0.4959","18.2497"
"29.8800","0.4963","18.1246"
"29.9000","0.4967","18.0830"
"29.9200","0.4971","18.0942"
"29.9400","0.4974","17.9969"
"29.9600","0.4976","18.0148"
"29.9800","0.4979","17.8394"
"30.0000","0.4981","17.6822"
"30.0200","0.4984","17.5727"
"30.0400","0.4988","17.5103"
"30.0600","0.4992","17.4822"
"30.0800","0.4995","17.4793"
"30.1000","0.4999","17.4782"
"30.1200","0.5002","17.5233"
"30.1400","0.5005","17.4752"
"30.1600","0.5008","17.4464"
"30.1800","0.5011","17.5196"
"30.2000","0.5015","17.5750"
"30.2200","0.5019","17.6202"
"30.2400","0.5023","17.6370"
"30.2600","0.5028","17.6945"
"30.2800","0.5031","17.6560"
"30.3000","0.5034","17.6062"
"30.3200","0.5036","17.6807"
"30.3400","0.5039","17.6961"
"30.3600","0.5041","17.8031"
"30.3800","0.5045","17.7723"
"30.4000","0.5048","17.7122"
"30.4200","0.5052","17.7391"
"30.4400","0.5056","17.7824"
"30.4600","0.5059","17.7843"
"30.4800","0.5063","17.8225"
"30.5000","0.5066","17.8607"
"30.5200","0.5069","17.8344"
"30.5400","0.5073","17.7490"
"30.5600","0.5076","17.6231"
"30.5800","0.5080","17.5847"
"30.6000","0.5084","17.5746"
"30.6200","0.5087","17.4776"
"30.6400","0.5089","17.3767"
"30.6600","0.5092","17.1740"
"30.6800","0.5095","16.9203"
"30.7000","0.5098","16.7036"
"30.7200","0.5101","16.6265"
"30.7400","0.5104","16.6458"
"30.7600","0.5108","16.5318"
"30.7800","0.5112","16.3342"
"30.8000","0.5115","16.2515"
"30.8200","0.5118","16.0819"
"30.8400","0.5121","15.9733"
"30.8600","0.5124","15.8806"
"30.8800","0.5127","15.8004"
"30.9000","0.5131","15.8163"
"30.9200","0.5135","15.7558"
"30.9400","0.5140","15.7126"
"30.9600","0.5144","15.5822"
"30.9800","0.5147","15.4470"
"31.0000","0.5150","15.3982"
"31.0200","0.5152","15.2379"
"31.0400","0.5155","15.1139"
"31.0600","0.5157","14.9205"
"31.0800","0.5161","14.7636"
"31.1000","0.5165","14.7184"
"31.1200","0.5169","14.6246"
"31.1400","0.5173","14.6006"
"31.1600","0.5176","14.4892"
"31.1800","0.5179","14.4819"
"31.2000","0.5182","14.4642"
"31.2200","0.5186","14.3983"
"31.2400","0.5189","14.3012"
"31.2600","0.5193","14.2435"
"31.2800","0.5197","14.3668"
"31.3000","0.5200","14.3985"
"31.3200","0.5203","14.2721"
"31.3400","0.5206","14.2195"
"31.3600","0.5209","14.2261"
"31.3800","0.5211","14.2105"
"31.4000","0.5214","14.2918"
"31.4200","0.5218","14.2508"
"31.4400","0.5221","14.2726"
"31.4600","0.5225","14.2828"
"31.4800","0.5229","14.3575"
"31.5000","0.5232","14.3770"
"31.5200","0.5234","14.4497"
"31.5400","0.5237","14.3989"
"31.5600","0.5240","14.3384"
"31.5800","0.5244","14.3206"
"31.6000","0.5248","14.3303"
"31.6200","0.5253","14.3741"
"31.6400","0.5258","14.4644"
"31.6600","0.5261","14.4497"
"31.6800","0.5264","14.3740"
"31.7000","0.5266","14.2528"
"31.7200","0.5269","14.1636"
"31.7400","0.5271","14.1778"
"31.7600","0.5274","14.2747"
"31.7800","0.5278","14.2186"
"31.8000","0.5282","14.2205"
"31.8200","0.5286","14.2870"
"31.8400","0.5289","14.3353"
"31.8600","0.5292","14.2941"
"31.8800","0.5296","14.2998"
"31.9000","0.5299","14.3177"
"31.9200","0.5302","14.2391"
"31.9400","0.5306","14.1392"
"31.9600","0.5310","14.2352"
"31.9800","0.5313","14.4413"
"32.0000","0.5317","14.4212"
"32.0200","0.5319","14.4994"
"32.0400","0.5322","14.4775"
"32.0600","0.5325","14.4073"
"32.0800","0.5328","14.4184"
"32.1000","0.5331","14.4068"
"32.1200","0.5335","14.4793"
"32.1400","0.5338","14.5215"
"32.1600","0.5342","14.5387"
"32.1800","0.5345","14.5143"
"32.2000","0.5348","14.5762"
"32.2200","0.5351","14.6534"
"32.2400","0.5354","14.5776"
"32.2600","0.5357","14.5731"
"32.2800","0.5361","14.6363"
"32.3000","0.5365","14.6127"
"32.3200","0.5370","14.7206"
"32.3400","0.5374","14.7285"
"32.3600","0.5377","14.6617"
"32.3800","0.5380","14.6982"
"32.4000","0.5382","14.6811"
"32.4200","0.5385","14.7172"
"32.4400","0.5388","14.6746"
"32.4600","0.5391","14.7322"
"32.4800","0.5395","14.6924"
"32.5000","0.5398","14.6566"
"32.5200","0.5402","14.6181"
"32.5400","0.5405","14.5791"
"32.5600","0.5408","14.6013"
"32.5800","0.5412","14.5935"
"32.6000","0.5415","14.6350"
"32.6200","0.5419","14.6652"
"32.6400","0.5423","14.7192"
"32.6600","0.5427","14.7756"
"32.6800","0.5431","14.8158"
"32.7000","0.5433","14.8218"
"32.7200","0.5436","14.7711"
"32.7400","0.5439","14.7008"
"32.7600","0.5441","14.6893"
"32.7800","0.5444","14.6976"
"32.8000","0.5448","14.7431"
"32.8200","0.5451","14.8331"
"32.8400","0.5455","14.8633"
"32.8600","0.5459","14.9036"
"32.8800","0.5462","14.8173"
"32.9000","0.5465","14.8308"
"32.9200","0.5467","14.7952"
"32.9400","0.5471","14.7607"
"32.9600","0.5474","14.7724"
"32.9800","0.5479","14.7486"
"33.0000","0.5483","14.8102"
"33.0200","0.5487","14.8217"
"33.0400","0.5491","14.8118"
"33.0600","0.5494","14.7944"
"33.0800","0.5496","14.8554"
"33.1000","0.5498","14.7812"
"33.1200","0.5501","14.7142"
"33.1400","0.5505","14.7380"
"33.1600","0.5508","14.7063"
"33.1800","0.5512","14.6408"
"33.2000","0.5516","14.5574"
"33.2200","0.5519","14.5247"
"33.2400","0.5522","14.4489"
"33.2600","0.5525","14.3793"
"33.2800","0.5529","14.4627"
"33.3000","0.5532","14.4932"
"33.3200","0.5536","14.4869"
"33.3400","0.5540","14.4420"
"33.3600","0.5544","14.3472"
"33.3800","0.5547","14.2782"
"33.4000","0.5550","14.1809"
"33.4200","0.5552","13.9612"
"33.4400","0.5555","13.7731"
"33.4600","0.5558","13.6168"
"33.4800","0.5561","13.4585"
"33.5000","0.5565","13.3831"
"33.5200","0.5569","13.3392"
"33.5400","0.5572","13.3170"
"33.5600","0.5575","13.2371"
"33.5800","0.5578","13.2176"
"33.6000","0.5581","13.2226"
"33.6200","0.5584","13.2553"
"33.6400","0.5587","13.2415"
"33.6600","0.5591","13.1758"
"33.6800","0.5596","13.1829"
"33.7000","0.5600","13.1924"
"33.7200","0.5604","13.1030"
"33.7400","0.5607","13.1395"
"33.7600","0.5610","12.9634"
"33.7800","0.5612","12.8815"
"33.8000","0.5615","12.8514"
"33.8200","0.5618","12.8615"
"33.8400","0.5621","12.8527"
"33.8600","0.5625","12.8773"
"33.8800","0.5629","12.8607"
"33.9000","0.5632","12.8128"
"33.9200","0.5635","12.8973"
"33.9400","0.5638","12.8641"
"33.9600","0.5642","12.8831"
"33.9800","0.5645","12.8601"
"34.0000","0.5649","12.8890"
"34.0200","0.5654","12.9161"
"34.0400","0.5658","12.9065"
"34.0600","0.5661","12.8624"
"34.0800","0.5664","12.8147"
"34.1000","0.5666","12.9039"
"34.1200","0.5669","12.9038"
"34.1400","0.5672","12.8067"
"34.1600","0.5675","12.8974"
"34.1800","0.5678","13.0399"
"34.2000","0.5682","12.9958"
"34.2200","0.5685","12.9476"
"34.2400","0.5689","12.9767"
"34.2600","0.5692","12.9629"
"34.2800","0.5694","12.9544"
"34.3000","0.5697","12.9644"
"34.3200","0.5700","12.9920"
"34.3400","0.5704","13.0407"
"34.3600","0.5708","13.0235"
"34.3800","0.5713","13.1674"
"34.4000","0.5717","13.2187"
"34.4200","0.5720","13.1753"
"34.4400","0.5723","13.2402"
"34.4600","0.5726","13.2415"
"34.4800","0.5728","13.1936"
"34.5000","0.5731","13.1703"
"34.5200","0.5735","13.1136"
"34.5400","0.5738","13.1539"
"34.5600","0.5742","13.1886"
"34.5800","0.5746","13.2334"
"34.6000","0.5749","13.2015"
"34.6200","0.5752","13.1756"
"34.6400","0.5755","13.1975"
"34.6600","0.5758","13.1528"
"34.6800","0.5762","13.1739"
"34.7000","0.5766","13.2730"
"34.7200","0.5770","13.3448"
"34.7400","0.5774","13.3432"
"34.7600","0.5777","13.3060"
"34.7800","0.5780","13.2628"
"34.8000","0.5782","13.3129"
"34.8200","0.5785","13.3447"
"34.8400","0.5788","13.2728"
"34.8600","0.5792","13.3022"
"34.8800","0.5795","13.3267"
"34.9000","0.5799","13.3226"
"34.9200","0.5802","13.4233"
"34.9400","0.5805","13.3947"
"34.9600","0.5808","13.3217"
"34.9800","0.5811","13.3919"
"35.0000","0.5814","13.4047"
"35.0200","0.5817","13.4071"
"35.0400","0.5821","13.4399"
"35.0600","0.5826","13.4388"
"35.0800","0.5830","13.4257"
"35.1000","0.5834","13.4725"
"35.1200","0.5837","13.4741"
"35.1400","0.5839","13.4334"
"35.1600","0.5842","13.4357"
"35.1800","0.5844","13.4359"
"35.2000","0.5848","13.4330"
"35.2200","0.5851","13.4548"
"35.2400","0.5855","13.4846"
"35.2600","0.5859","13.4450"
"35.2800","0.5862","13.3919"
"35.3000","0.5866","13.3956"
"35.3200","0.5869","13.4763"
"35.3400","0.5872","13.3580"
"35.3600","0.5876","13.2993"
"35.3800","0.5880","13.2351"
"35.4000","0.5884","13.2426"
"35.4200","0.5887","13.1413"
"35.4400","0.5891","13.0326"
"35.4600","0.5893","13.0098"
"35.4800","0.5896","13.0133"
"35.5000","0.5898","13.0716"
"35.5200","0.5901","13.1032"
"35.5400","0.5905","12.9903"
"35.5600","0.5909","13.0553"
"35.5800","0.5912","13.1136"
"35.6000","0.5916","13.0598"
"35.6200","0.5919","13.0651"
"35.6400","0.5922","13.0477"
"35.6600","0.5924","13.0021"
"35.6800","0.5927","12.9198"
"35.7000","0.5930","12.8897"
"35.7200","0.5934","12.8784"
"35.7400","0.5938","12.9544"
"35.7600","0.5943","12.9490"
"35.7800","0.5947","12.8869"
"35.8000","0.5950","12.8871"
"35.8200","0.5953","12.8213"
"35.8400","0.5955","12.8020"
"35.8600","0.5958","12.7367"
"35.8800","0.5961","12.7379"
"35.9000","0.5964","12.7437"
"35.9200","0.5968","12.7248"
"35.9400","0.5972","12.7102"
"35.9600","0.5976","12.7936"
"35.9800","0.5979","12.7064"
"36.0000","0.5982","12.7492"
"36.0200","0.5985","12.7933"
"36.0400","0.5988","12.7076"
"36.0600","0.5992","12.7018"
"36.0800","0.5996","12.8060"
"36.1000","0.6001","12.8649"
"36.1200","0.6004","12.7365"
"36.1400","0.6007","12.6351"
"36.1600","0.6009","12.6048"
"36.1800","0.6012","12.5723"
"36.2000","0.6015","12.5685"
"36.2200","0.6018","12.5616"
"36.2400","0.6022","12.5746"
"36.2600","0.6025","12.6318"
"36.2800","0.6029","12.6284"
"36.3000","0.6032","12.5110"
"36.3200","0.6035","12.4207"
"36.3400","0.6038","12.3898"
"36.3600","0.6041","12.4263"
"36.3800","0.6044","12.4681"
"36.4000","0.6047","12.4002"
"36.4200","0.6051","12.3408"
"36.4400","0.6056","12.3016"
"36.4600","0.6060","12.2550"
"36.4800","0.6064","12.2076"
"36.5000","0.6067","12.1807"
"36.5200","0.6069","12.1871"
"36.5400","0.6071","12.1043"
"36.5600","0.6074","12.0323"
"36.5800","0.6077","11.9979"
"36.6000","0.6081","11.9819"
"36.6200","0.6085","12.0136"
"36.6400","0.6089","11.9737"
"36.6600","0.6092","11.8710"
"36.6800","0.6095","11.8561"
"36.7000","0.6098","11.7876"
"36.7200","0.6102","11.7244"
"36.7400","0.6105","11.7446"
"36.7600","0.6109","11.7336"
"36.7800","0.6113","11.7069"
"36.8000","0.6117","11.7392"
"36.8200","0.6120","11.7034"
"36.8400","0.6123","11.7298"
"36.8600","0.6125","11.7330"
"36.8800","0.6128","11.6834"
"36.9000","0.6131","11.6285"
"36.9200","0.6134","11.6597"
"36.9400","0.6138","11.7114"
"36.9600","0.6142","11.6743"
"36.9800","0.6146","11.6950"
"37.0000","0.6149","11.6855"
"37.0200","0.6152","11.6077"
"37.0400","0.6155","11.5825"
"37.0600","0.6158","11.5892"
"37.0800","0.6161","11.5656"
"37.1000","0.6165","11.5897"
"37.1200","0.6169","11.5820"
"37.1400","0.6173","11.6173"
"37.1600","0.6177","11.5961"
"37.1800","0.6181","11.5968"
"37.2000","0.6183","11.5872"
"37.2200","0.6186","11.5906"
"37.2400","0.6188","11.5954"
"37.2600","0.6191","11.6346"
"37.2800","0.6195","11.5959"
"37.3000","0.6198","11.5623"
"37.3200","0.6202","11.5591"
"37.3400","0.6205","11.4977"
"37.3600","0.6209","11.4816"
"37.3800","0.6212","11.4927"
"37.4000","0.6215","11.4011"
"37.4200","0.6219","11.4046"
"37.4400","0.6223","11.3968"
"37.4600","0.6227","11.3623"
"37.4800","0.6231","11.3444"
"37.5000","0.6234","11.3701"
"37.5200","0.6237","11.3134"
"37.5400","0.6239","11.2522"
"37.5600","0.6242","11.1751"
"37.5800","0.6245","11.1240"
"37.6000","0.6248","11.1629"
"37.6200","0.6251","11.1663"
"37.6400","0.6255","11.2302"
"37.6600","0.6259","11.2242"
"37.6800","0.6263","11.1222"
"37.7000","0.6266","11.1994"
"37.7200","0.6268","11.3545"
"37.7400","0.6271","11.3583"
"37.7600","0.6274","11.2658"
"37.7800","0.6278","11.2391"
"37.8000","0.6282","11.2730"
"37.8200","0.6287","11.3499"
"37.8400","0.6291","11.3373"
"37.8600","0.6294","11.3306"
"37.8800","0.6297","11.3212"
"37.9000","0.6299","11.3246"
"37.9200","0.6302","11.3103"
"37.9400","0.6305","11.3142"
"37.9600","0.6308","11.3017"
"37.9800","0.6311","11.3183"
"38.0000","0.6315","11.3311"
"38.0200","0.6319","11.2868"
"38.0400","0.6322","11.3202"
"38.0600","0.6326","11.3361"
"38.0800","0.6329","11.4548"
"38.1000","0.6332","11.3767"
"38.1200","0.6336","11.3199"
"38.1400","0.6340","11.2959"
"38.1600","0.6344","11.3094"
"38.1800","0.6347","11.2951"
"38.2000","0.6350","11.1587"
"38.2200","0.6353","11.0468"
"38.2400","0.6355","11.0151"
"38.2600","0.6358","10.9878"
"38.2800","0.6361","10.9740"
"38.3000","0.6365","10.9842"
"38.3200","0.6368","11.0325"
"38.3400","0.6372","11.0376"
"38.3600","0.6376","10.9370"
"38.3800","0.6379","10.9217"
"38.4000","0.6382","10.8938"
"38.4200","0.6384","10.8955"
"38.4400","0.6387","10.9473"
"38.4600","0.6391","11.0609"
"38.4800","0.6395","10.9905"
"38.5000","0.6399","10.9347"
"38.5200","0.6404","10.9381"
"38.5400","0.6407","11.0021"
"38.5600","0.6410","11.0069"
"38.5800","0.6413","10.9856"
"38.6000","0.6415","10.8904"
"38.6200","0.6418","10.8137"
"38.6400","0.6421","10.7855"
"38.6600","0.6424","10.8642"
"38.6800","0.6428","11.0289"
"38.7000","0.6432","11.0569"
"38.7200","0.6435","10.9308"
"38.7400","0.6438","10.9377"
"38.7600","0.6441","10.9316"
"38.7800","0.6445","10.8725"
"38.8000","0.6448","10.8940"
"38.8200","0.6452","10.9757"
"38.8400","0.6457","11.0039"
"38.8600","0.6461","10.9892"
"38.8800","0.6464","11.0341"
"38.9000","0.6467","11.0024"
"38.9200","0.6469","10.9655"
"38.9400","0.6472","10.8890"
"38.9600","0.6475","10.8747"
"38.9800","0.6478","10.8787"
"39.0000","0.6481","10.8960"
"39.0200","0.6485","11.0110"
"39.0400","0.6489","11.0045"
"39.0600","0.6492","10.9453"
"39.0800","0.6495","10.9610"
"39.1000","0.6498","11.0372"
"39.1200","0.6501","11.0315"
"39.1400","0.6504","10.9551"
"39.1600","0.6508","10.8903"
"39.1800","0.6512","10.9441"
"39.2000","0.6516","11.0444"
"39.2200","0.6521","11.0874"
"39.2400","0.6524","11.0663"
"39.2600","0.6527","11.0673"
"39.2800","0.6529","11.1404"
"39.3000","0.6532","11.0969"
"39.3200","0.6535","11.0463"
"39.3400","0.6538","10.9634"
"39.3600","0.6541","11.0202"
"39.3800","0.6545","11.0636"
"39.4000","0.6548","11.1017"
"39.4200","0.6552","11.0922"
"39.4400","0.6555","11.0825"
"39.4600","0.6558","11.0306"
"39.4800","0.6561","11.0794"
"39.5000","0.6565","11.0750"
"39.5200","0.6569","11.1414"
"39.5400","0.6574","11.1273"
"39.5600","0.6577","11.0536"
"39.5800","0.6580","10.9970"
"39.6000","0.6583","11.0362"
"39.6200","0.6585","11.0288"
"39.6400","0.6588","11.0485"
"39.6600","0.6591","11.0095"
"39.6800","0.6594","11.0408"
"39.7000","0.6598","11.1391"
"39.7200","0.6602","11.0999"
"39.7400","0.6605","11.0405"
"39.7600","0.6609","10.9610"
"39.7800","0.6611","10.7841"
"39.8000","0.6614","10.7221"
"39.8200","0.6617","10.7983"
"39.8400","0.6621","10.8106"
"39.8600","0.6625","10.7727"
"39.8800","0.6629","10.6831"
"39.9000","0.6634","10.7251"
"39.9200","0.6638","10.7413"
"39.9400","0.6641","10.7584"
"39.9600","0.6643","10.6244"
"39.9800","0.6645","10.5893"
"40.0000","0.6648","10.5268"
"40.0200","0.6651","10.3954"
"40.0400","0.6654","10.4379"
"40.0600","0.6658","10.4185"
"40.0800","0.6661","10.3107"
"40.1000","0.6665","10.3529"
"40.1200","0.6668","10.3246"
"40.1400","0.6671","10.2390"
"40.1600","0.6675","10.1785"
"40.1800","0.6679","10.1978"
"40.2000","0.6683","10.2470"
"40.2200","0.6687","10.1575"
"40.2400","0.6691","10.0821"
"40.2600","0.6694","10.0700"
"40.2800","0.6697","10.0833"
"40.3000","0.6699","9.9710"
"40.3200","0.6702","9.8915"
"40.3400","0.6705","9.7776"
"40.3600","0.6708","9.7326"
"40.3800","0.6711","9.6564"
"40.4000","0.6715","9.5619"
"40.4200","0.6719","9.4790"
"40.4400","0.6722","9.2752"
"40.4600","0.6725","9.2021"
"40.4800","0.6728","9.1793"
"40.5000","0.6731","9.1528"
"40.5200","0.6734","9.1300"
"40.5400","0.6738","9.0942"
"40.5600","0.6742","9.0867"
"40.5800","0.6747","8.9967"
"40.6000","0.6751","9.0537"
"40.6200","0.6754","9.0247"
"40.6400","0.6757","8.8997"
"40.6600","0.6760","8.9930"
"40.6800","0.6762","9.0862"
"40.7000","0.6765","8.9313"
"40.7200","0.6768","8.8457"
"40.7400","0.6771","8.8708"
"40.7600","0.6775","8.9167"
"40.7800","0.6779","8.8706"
"40.8000","0.6782","8.8998"
"40.8200","0.6785","8.9118"
"40.8400","0.6789","8.9064"
"40.8600","0.6792","8.8794"
"40.8800","0.6796","8.8656"
"40.9000","0.6800","8.8836"
"40.9200","0.6804","8.8442"
"40.9400","0.6807","8.8196"
"40.9600","0.6810","8.7546"
"40.9800","0.6813","8.7533"
"41.0000","0.6815","8.7962"
"41.0200","0.6818","8.8316"
"41.0400","0.6821","8.8066"
"41.0600","0.6824","8.8297"
"41.0800","0.6828","8.8285"
"41.1000","0.6832","8.7992"
"41.1200","0.6836","8.7567"
"41.1400","0.6839","8.7933"
"41.1600","0.6841","8.8783"
"41.1800","0.6844","8.8659"
"41.2000","0.6847","8.8638"
"41.2200","0.6851","8.8567"
"41.2400","0.6855","8.7950"
"41.2600","0.6859","8.8525"
"41.2800","0.6864","9.0047"
"41.3000","0.6868","8.9842"
"41.3200","0.6871","8.9781"
"41.3400","0.6873","8.9028"
"41.3600","0.6876","8.8573"
"41.3800","0.6878","8.8220"
"41.4000","0.6881","8.8468"
"41.4200","0.6885","8.8784"
"41.4400","0.6888","8.9557"
"41.4600","0.6892","8.9570"
"41.4800","0.6896","8.9429"
"41.5000","0.6899","8.8928"
"41.5200","0.6902","8.9187"
"41.5400","0.6905","8.9743"
"41.5600","0.6909","8.9142"
"41.5800","0.6913","8.8650"
"41.6000","0.6917","8.8865"
"41.6200","0.6921","9.0093"
"41.6400","0.6924","9.0598"
"41.6600","0.6927","8.9841"
"41.6800","0.6929","8.9726"
"41.7000","0.6932","8.9889"
"41.7200","0.6934","8.9982"
"41.7400","0.6938","8.9559"
"41.7600","0.6942","8.9612"
"41.7800","0.6945","8.9070"
"41.8000","0.6949","8.9379"
"41.8200","0.6953","8.9804"
"41.8400","0.6955","9.0664"
"41.8600","0.6958","9.0563"
"41.8800","0.6961","9.1282"
"41.9000","0.6964","9.1330"
"41.9200","0.6968","9.1175"
"41.9400","0.6972","9.0728"
"41.9600","0.6977","9.0724"
"41.9800","0.6981","9.0585"
"42.0000","0.6984","9.0423"
"42.0200","0.6987","9.0366"
"42.0400","0.6989","8.9816"
"42.0600","0.6992","8.9447"
"42.0800","0.6995","8.9523"
"42.1000","0.6998","8.8632"
"42.1200","0.7001","8.8561"
"42.1400","0.7005","8.9220"
"42.1600","0.7009","8.9548"
"42.1800","0.7012","9.0090"
"42.2000","0.7015","9.0135"
"42.2200","0.7018","9.0108"
"42.2400","0.7022","9.0562"
"42.2600","0.7026","9.0900"
"42.2800","0.7030","9.0537"
"42.3000","0.7033","9.0077"
"42.3200","0.7037","9.0063"
"42.3400","0.7040","9.0037"
"42.3600","0.7042","9.0304"
"42.3800","0.7045","9.0095"
"42.4000","0.7048","9.0360"
"42.4200","0.7051","9.0132"
"42.4400","0.7054","8.9171"
"42.4600","0.7058","8.8711"
"42.4800","0.7062","8.8626"
"42.5000","0.7065","8.8117"
"42.5200","0.7069","8.7958"
"42.5400","0.7072","8.8675"
"42.5600","0.7074","8.8422"
"42.5800","0.7077","8.8793"
"42.6000","0.7081","8.8063"
"42.6200","0.7085","8.7633"
"42.6400","0.7089","8.8065"
"42.6600","0.7094","8.8758"
"42.6800","0.7097","8.9613"
"42.7000","0.7100","8.9016"
"42.7200","0.7103","8.8579"
"42.7400","0.7105","8.7877"
"42.7600","0.7108","8.7639"
"42.7800","0.7111","8.7946"
"42.8000","0.7114","8.7450"
"42.8200","0.7118","8.7817"
"42.8400","0.7122","8.8173"
"42.8600","0.7125","8.8653"
"42.8800","0.7129","8.8848"
"42.9000","0.7132","8.8824"
"42.9200","0.7135","8.8867"
"42.9400","0.7139","8.8335"
"42.9600","0.7143","8.8451"
"42.9800","0.7147","8.8759"
"43.0000","0.7150","8.8886"
"43.0200","0.7153","8.9429"
"43.0400","0.7156","8.9160"
"43.0600","0.7159","8.8812"
"43.0800","0.7161","8.9077"
"43.1000","0.7164","8.8071"
"43.1200","0.7167","8.8654"
"43.1400","0.7171","8.9267"
"43.1600","0.7175","8.9498"
"43.1800","0.7179","8.9401"
"43.2000","0.7182","8.9153"
"43.2200","0.7185","8.8714"
"43.2400","0.7188","8.9387"
"43.2600","0.7191","8.8819"
"43.2800","0.7194","8.9057"
"43.3000","0.7198","8.9881"
"43.3200","0.7202","8.9657"
"43.3400","0.7207","8.9117"
"43.3600","0.7211","8.9053"
"43.3800","0.7214","8.9786"
"43.4000","0.7217","9.0280"
"43.4200","0.7219","9.0094"
"43.4400","0.7222","8.9469"
"43.4600","0.7225","8.9325"
"43.4800","0.7228","8.9645"
"43.5000","0.7232","8.9882"
"43.5200","0.7235","9.0197"
"43.5400","0.7239","9.0615"
"43.5600","0.7242","9.1128"
"43.5800","0.7245","9.0497"
"43.6000","0.7249","8.9869"
"43.6200","0.7252","9.0192"
"43.6400","0.7256","9.0497"
"43.6600","0.7260","9.0807"
"43.6800","0.7264","9.0611"
"43.7000","0.7267","9.0918"
"43.7200","0.7270","9.1492"
"43.7400","0.7272","9.1413"
"43.7600","0.7275","9.1361"
"43.7800","0.7278","9.1067"
"43.8000","0.7281","9.0679"
"43.8200","0.7284","9.0822"
"43.8400","0.7288","9.1510"
"43.8600","0.7292","9.1405"
"43.8800","0.7295","9.1286"
"43.9000","0.7299","9.1052"
"43.9200","0.7301","9.1330"
"43.9400","0.7304","9.1566"
"43.9600","0.7307","9.1857"
"43.9800","0.7311","9.2078"
"44.0000","0.7315","9.1799"
"44.0200","0.7320","9.2237"
"44.0400","0.7324","9.2311"
"44.0600","0.7327","9.1854"
"44.0800","0.7330","9.1121"
"44.1000","0.7332","9.1584"
"44.1200","0.7335","9.1803"
"44.1400","0.7338","9.2544"
"44.1600","0.7341","9.3147"
"44.1800","0.7345","9.3327"
"44.2000","0.7348","9.2015"
"44.2200","0.7352","9.2138"
"44.2400","0.7356","9.2905"
"44.2600","0.7359","9.3393"
"44.2800","0.7362","9.2927"
"44.3000","0.7365","9.2929"
"44.3200","0.7369","9.3660"
"44.3400","0.7373","9.3613"
"44.3600","0.7377","9.2955"
"44.3800","0.7380","9.2998"
"44.4000","0.7383","9.3207"
"44.4200","0.7386","9.2644"
"44.4400","0.7389","9.2636"
"44.4600","0.7391","9.3152"
"44.4800","0.7394","9.4004"
"44.5000","0.7398","9.4951"
"44.5200","0.7401","9.5300"
"44.5400","0.7405","9.4855"
"44.5600","0.7409","9.4260"
"44.5800","0.7412","9.4317"
"44.6000","0.7415","9.3823"
"44.6200","0.7418","9.3263"
"44.6400","0.7421","9.4599"
"44.6600","0.7424","9.4873"
"44.6800","0.7428","9.4537"
"44.7000","0.7433","9.4482"
"44.7200","0.7437","9.4355"
"44.7400","0.7441","9.4526"
"44.7600","0.7444","9.4341"
"44.7800","0.7446","9.4641"
"44.8000","0.7449","9.5141"
"44.8200","0.7451","9.5227"
"44.8400","0.7454","9.5520"
"44.8600","0.7458","9.6198"
"44.8800","0.7461","9.6453"
"44.9000","0.7465","9.5626"
"44.9200","0.7469","9.5222"
"44.9400","0.7473","9.6082"
"44.9600","0.7476","9.6789"
"44.9800","0.7479","9.6566"
"45.0000","0.7482","9.6350"
"45.0200","0.7486","9.5961"
"45.0400","0.7490","9.5960"
"45.0600","0.7494","9.5864"
"45.0800","0.7497","9.6127"
"45.1000","0.7500","9.6180"
"45.1200","0.7502","9.6652"
"45.1400","0.7505","9.6659"
"45.1600","0.7508","9.5712"
"45.1800","0.7511","9.5143"
"45.2000","0.7514","9.6051"
"45.2200","0.7518","9.7028"
"45.2400","0.7522","9.7614"
"45.2600","0.7525","9.7603"
"45.2800","0.7528","9.7263"
"45.3000","0.7531","9.8083"
"45.3200","0.7534","9.7927"
"45.3400","0.7537","9.7628"
"45.3600","0.7541","9.7237"
"45.3800","0.7546","9.7577"
"45.4000","0.7550","9.7727"
"45.4200","0.7554","9.7756"
"45.4400","0.7558","9.7356"
"45.4600","0.7560","9.6774"
"45.4800","0.7563","9.7323"
"45.5000","0.7565","9.7541"
"45.5200","0.7568","9.7352"
"45.5400","0.7571","9.8397"
"45.5600","0.7575","9.8137"
"45.5800","0.7579","9.8450"
"45.6000","0.7583","9.8385"
"45.6200","0.7586","9.8317"
"45.6400","0.7589","9.8526"
"45.6600","0.7592","9.8599"
"45.6800","0.7596","9.8993"
"45.7000","0.7599","9.8484"
"45.7200","0.7603","9.8531"
"45.7400","0.7607","9.8068"
"45.7600","0.7610","9.8084"
"45.7800","0.7613","9.8230"
"45.8000","0.7616","9.7657"
"45.8200","0.7619","9.7708"
"45.8400","0.7621","9.8877"
"45.8600","0.7624","9.9222"
"45.8800","0.7628","9.9178"
"45.9000","0.7631","9.8944"
"45.9200","0.7635","9.9161"
"45.9400","0.7639","10.0084"
"45.9600","0.7642","10.0102"
"45.9800","0.7645","9.9430"
"46.0000","0.7647","9.9294"
"46.0200","0.7650","9.9403"
"46.0400","0.7654","9.8670"
"46.0600","0.7658","9.8753"
"46.0800","0.7663","10.0230"
"46.1000","0.7667","10.0140"
"46.1200","0.7671","10.0220"
"46.1400","0.7674","10.0379"
"46.1600","0.7676","10.0825"
"46.1800","0.7679","10.0926"
"46.2000","0.7681","10.1286"
"46.2200","0.7684","10.1144"
"46.2400","0.7688","10.1286"
"46.2600","0.7692","10.0360"
"46.2800","0.7695","9.9995"
"46.3000","0.7699","10.0202"
"46.3200","0.7702","10.0004"
"46.3400","0.7705","10.0750"
"46.3600","0.7709","10.1533"
"46.3800","0.7712","10.1232"
"46.4000","0.7716","10.1016"
"46.4200","0.7719","10.1281"
"46.4400","0.7723","10.1631"
"46.4600","0.7726","10.1671"
"46.4800","0.7729","10.1373"
"46.5000","0.7732","10.1269"
"46.5200","0.7735","10.2643"
"46.5400","0.7738","10.2743"
"46.5600","0.7741","10.2824"
"46.5800","0.7745","10.2609"
"46.6000","0.7748","10.2527"
"46.6200","0.7752","10.2837"
"46.6400","0.7755","10.3009"
"46.6600","0.7758","10.2660"
"46.6800","0.7761","10.3265"
"46.7000","0.7764","10.3170"
"46.7200","0.7767","10.2897"
"46.7400","0.7771","10.3869"
"46.7600","0.7775","10.4047"
"46.7800","0.7780","10.2920"
"46.8000","0.7784","10.2633"
"46.8200","0.7787","10.2732"
"46.8400","0.7790","10.2786"
"46.8600","0.7792","10.3234"
"46.8800","0.7795","10.3225"
"46.9000","0.7798","10.3032"
"46.9200","0.7801","10.3083"
"46.9400","0.7805","10.2999"
"46.9600","0.7808","10.2260"
"46.9800","0.7812","10.2061"
"47.0000","0.7815","10.2493"
"47.0200","0.7819","10.3357"
"47.0400","0.7822","10.3860"
"47.0600","0.7825","10.4412"
"47.0800","0.7829","10.3980"
"47.1000","0.7833","10.3691"
"47.1200","0.7837","10.3353"
"47.1400","0.7841","10.3613"
"47.1600","0.7844","10.4277"
"47.1800","0.7846","10.4500"
"47.2000","0.7849","10.4797"
"47.2200","0.7851","10.4471"
"47.2400","0.7854","10.3994"
"47.2600","0.7858","10.4228"
"47.2800","0.7861","10.3617"
"47.3000","0.7865","10.3892"
"47.3200","0.7869","10.4482"
"47.3400","0.7872","10.4791"
"47.3600","0.7875","10.4643"
"47.3800","0.7878","10.4209"
"47.4000","0.7881","10.4681"
"47.4200","0.7885","10.4140"
"47.4400","0.7889","10.4579"
"47.4600","0.7894","10.5143"
"47.4800","0.7898","10.4908"
"47.5000","0.7901","10.5459"
"47.5200","0.7904","10.5528"
"47.5400","0.7906","10.5559"
"47.5600","0.7909","10.5430"
"47.5800","0.7912","10.4869"
"47.6000","0.7915","10.5711"
"47.6200","0.7918","10.6328"
"47.6400","0.7922","10.5535"
"47.6600","0.7926","10.5436"
"47.6800","0.7929","10.5427"
"47.7000","0.7932","10.6522"
"47.7200","0.7935","10.6645"
"47.7400","0.7939","10.6677"
"47.7600","0.7942","10.6182"
"47.7800","0.7946","10.6638"
"47.8000","0.7950","10.6579"
"47.8200","0.7953","10.6649"
"47.8400","0.7956","10.6944"
"47.8600","0.7959","10.6430"
"47.8800","0.7962","10.6779"
"47.9000","0.7964","10.7031"
"47.9200","0.7967","10.6900"
"47.9400","0.7970","10.6350"
"47.9600","0.7974","10.6899"
"47.9800","0.7977","10.7174"
"48.0000","0.7981","10.7165"
"48.0200","0.7984","10.6852"
"48.0400","0.7987","10.6766"
"48.0600","0.7990","10.7243"
"48.0800","0.7993","10.6717"
"48.1000","0.7996","10.6554"
"48.1200","0.8000","10.7563"
"48.1400","0.8004","10.7513"
"48.1600","0.8009","10.7944"
"48.1800","0.8013","10.8604"
"48.2000","0.8016","10.8448"
"48.2200","0.8019","10.7917"
"48.2400","0.8022","10.8344"
"48.2600","0.8025","10.7475"
"48.2800","0.8028","10.7239"
"48.3000","0.8031","10.7613"
"48.3200","0.8035","10.8353"
"48.3400","0.8039","10.8461"
"48.3600","0.8043","10.9177"
"48.3800","0.8046","10.9244"
"48.4000","0.8049","10.8474"
"48.4200","0.8052","10.7913"
"48.4400","0.8056","10.8961"
"48.4600","0.8060","10.9293"
"48.4800","0.8064","10.8929"
"48.5000","0.8068","10.8193"
"48.5200","0.8071","10.8309"
"48.5400","0.8074","10.8456"
"48.5600","0.8077","10.9078"
"48.5800","0.8079","10.8888"
"48.6000","0.8082","10.8422"
"48.6200","0.8085","10.8783"
"48.6400","0.8088","10.8751"
"48.6600","0.8092","10.9955"
"48.6800","0.8096","11.0407"
"48.7000","0.8099","11.0823"
"48.7200","0.8102","11.0814"
"48.7400","0.8105","10.9546"
"48.7600","0.8108","10.8450"
"48.7800","0.8111","10.9048"
"48.8000","0.8114","10.9393"
"48.8200","0.8118","10.9293"
"48.8400","0.8123","11.0059"
"48.8600","0.8127","11.0853"
"48.8800","0.8131","11.0879"
"48.9000","0.8133","11.0968"
"48.9200","0.8136","11.0729"
"48.9400","0.8138","11.0616"
"48.9600","0.8141","11.0685"
"48.9800","0.8145","11.1478"
"49.0000","0.8148","11.1289"
"49.0200","0.8152","11.1357"
"49.0400","0.8156","11.0935"
"49.0600","0.8159","11.0581"
"49.0800","0.8162","11.1096"
"49.1000","0.8165","11.1246"
"49.1200","0.8168","11.1636"
"49.1400","0.8172","11.1908"
"49.1600","0.8176","11.2525"
"49.1800","0.8180","11.2211"
"49.2000","0.8184","11.2131"
"49.2200","0.8187","11.1694"
"49.2400","0.8190","11.1069"
"49.2600","0.8192","11.1209"
"49.2800","0.8195","11.1068"
"49.3000","0.8198","11.2477"
"49.3200","0.8202","11.3105"
"49.3400","0.8205","11.2628"
"49.3600","0.8209","11.2225"
"49.3800","0.8212","11.2624"
"49.4000","0.8216","11.2404"
"49.4200","0.8218","11.2054"
"49.4400","0.8221","11.1598"
"49.4600","0.8224","11.2560"
"49.4800","0.8227","11.3234"
"49.5000","0.8231","11.3795"
"49.5200","0.8235","11.4087"
"49.5400","0.8240","11.3831"
"49.5600","0.8244","11.3786"
"49.5800","0.8247","11.3890"
"49.6000","0.8249","11.4403"
"49.6200","0.8252","11.4212"
"49.6400","0.8255","11.4383"
"49.6600","0.8258","11.3954"
"49.6800","0.8261","11.3346"
"49.7000","0.8265","11.3502"
"49.7200","0.8269","11.2826"
"49.7400","0.8272","11.3300"
"49.7600","0.8276","11.4987"
"49.7800","0.8279","11.5124"
"49.8000","0.8282","11.4692"
"49.8200","0.8285","11.4729"
"49.8400","0.8289","11.4444"
"49.8600","0.8293","11.4447"
"49.8800","0.8297","11.4914"
"49.9000","0.8301","11.5016"
"49.9200","0.8303","11.4977"
"49.9400","0.8306","11.5371"
"49.9600","0.8308","11.5536"
"49.9800","0.8311","11.5464"
"50.0000","0.8315","11.5153"
"50.0200","0.8318","11.4134"
"50.0400","0.8322","11.4197"
"50.0600","0.8326","11.4577"
"50.0800","0.8329","11.5076"
"50.1000","0.8332","11.5025"
"50.1200","0.8334","11.4536"
"50.1400","0.8337","11.5313"
"50.1600","0.8340","11.6270"
"50.1800","0.8344","11.5584"
"50.2000","0.8348","11.5230"
"50.2200","0.8353","11.5416"
"50.2400","0.8357","11.5905"
"50.2600","0.8360","11.5148"
"50.2800","0.8363","11.4765"
"50.3000","0.8365","11.5804"
"50.3200","0.8368","11.6244"
"50.3400","0.8371","11.5951"
"50.3600","0.8374","11.6241"
"50.3800","0.8378","11.6391"
"50.4000","0.8382","11.6220"
"50.4200","0.8385","11.6487"
"50.4400","0.8389","11.7157"
"50.4600","0.8392","11.7892"
"50.4800","0.8395","11.7332"
"50.5000","0.8398","11.6143"
"50.5200","0.8402","11.6894"
"50.5400","0.8406","11.7923"
"50.5600","0.8410","11.7701"
"50.5800","0.8414","11.7076"
"50.6000","0.8417","11.6933"
"50.6200","0.8420","11.7306"
"50.6400","0.8422","11.7340"
"50.6600","0.8425","11.7502"
"50.6800","0.8428","11.7045"
"50.7000","0.8431","11.7099"
"50.7200","0.8435","11.7360"
"50.7400","0.8439","11.8412"
"50.7600","0.8442","11.8924"
"50.7800","0.8446","11.8914"
"50.8000","0.8448","11.8735"
"50.8200","0.8451","11.8077"
"50.8400","0.8454","11.7910"
"50.8600","0.8457","11.7318"
"50.8800","0.8461","11.7215"
"50.9000","0.8466","11.8156"
"50.9200","0.8470","11.9101"
"50.9400","0.8474","11.9806"
"50.9600","0.8477","11.9192"
"50.9800","0.8479","11.8606"
"51.0000","0.8482","11.8272"
"51.0200","0.8484","11.7703"
"51.0400","0.8488","11.8358"
"51.0600","0.8491","11.8804"
"51.0800","0.8495","11.8674"
"51.1000","0.8499","11.8440"
"51.1200","0.8502","11.9131"
"51.1400","0.8505","11.8751"
"51.1600","0.8509","11.9380"
"51.1800","0.8512","11.9725"
"51.2000","0.8515","11.9614"
"51.2200","0.8519","11.9569"
"51.2400","0.8523","11.9119"
"51.2600","0.8527","11.9250"
"51.2800","0.8530","11.9112"
"51.3000","0.8533","11.9200"
"51.3200","0.8536","11.7886"
"51.3400","0.8538","11.7608"
"51.3600","0.8541","11.8205"
"51.3800","0.8544","11.9727"
"51.4000","0.8548","11.9413"
"51.4200","0.8552","11.9710"
"51.4400","0.8556","12.0344"
"51.4600","0.8559","12.0242"
"51.4800","0.8562","12.0190"
"51.5000","0.8565","12.0123"
"51.5200","0.8568","12.0058"
"51.5400","0.8571","12.0090"
"51.5600","0.8575","11.9928"
"51.5800","0.8579","12.0364"
"51.6000","0.8583","12.0871"
"51.6200","0.8588","12.1175"
"51.6400","0.8591","12.1041"
"51.6600","0.8594","12.1401"
"51.6800","0.8596","12.0528"
"51.7000","0.8599","12.0607"
"51.7200","0.8601","12.0809"
"51.7400","0.8605","12.0931"
"51.7600","0.8608","12.0586"
"51.7800","0.8612","12.1173"
"51.8000","0.8616","12.1489"
"51.8200","0.8619","12.1838"
"51.8400","0.8622","12.1274"
"51.8600","0.8625","12.0834"
"51.8800","0.8629","12.1160"
"51.9000","0.8632","12.1368"
"51.9200","0.8637","12.2214"
"51.9400","0.8641","12.2392"
"51.9600","0.8644","12.2069"
"51.9800","0.8647","12.1064"
"52.0000","0.8649","12.1393"
"52.0200","0.8652","12.1701"
"52.0400","0.8655","12.2055"
"52.0600","0.8658","12.2705"
"52.0800","0.8661","12.2869"
"52.1000","0.8665","12.2602"
"52.1200","0.8669","12.2880"
"52.1400","0.8672","12.3116"
"52.1600","0.8676","12.3846"
"52.1800","0.8678","12.4150"
"52.2000","0.8681","12.3087"
"52.2200","0.8684","12.2491"
"52.2400","0.8688","12.2607"
"52.2600","0.8692","12.3227"
"52.2800","0.8696","12.3391"
"52.3000","0.8700","12.2830"
"52.3200","0.8704","12.3377"
"52.3400","0.8707","12.2770"
"52.3600","0.8709","12.2851"
"52.3800","0.8712","12.3489"
"52.4000","0.8715","12.3567"
"52.4200","0.8718","12.2712"
"52.4400","0.8721","12.2498"
"52.4600","0.8725","12.2930"
"52.4800","0.8729","12.2522"
"52.5000","0.8732","12.2584"
"52.5200","0.8735","12.3483"
"52.5400","0.8738","12.4269"
"52.5600","0.8742","12.3158"
"52.5800","0.8746","12.2074"
"52.6000","0.8750","12.2477"
"52.6200","0.8754","12.3201"
"52.6400","0.8757","12.2052"
"52.6600","0.8760","12.1475"
"52.6800","0.8763","12.1913"
"52.7000","0.8766","12.2429"
"52.7200","0.8768","12.2785"
"52.7400","0.8771","12.2383"
"52.7600","0.8774","12.2353"
"52.7800","0.8778","12.2286"
"52.8000","0.8782","12.2252"
"52.8200","0.8786","12.3020"
"52.8400","0.8789","12.3221"
"52.8600","0.8792","12.3122"
"52.8800","0.8794","12.3007"
"52.9000","0.8797","12.4102"
"52.9200","0.8801","12.4179"
"52.9400","0.8804","12.4173"
"52.9600","0.8809","12.3960"
"52.9800","0.8813","12.3743"
"53.0000","0.8817","12.3557"
"53.0200","0.8821","12.3764"
"53.0400","0.8823","12.4088"
"53.0600","0.8826","12.4619"
"53.0800","0.8828","12.5374"
"53.1000","0.8831","12.4824"
"53.1200","0.8834","12.4500"
"53.1400","0.8838","12.4737"
"53.1600","0.8841","12.4228"
"53.1800","0.8845","12.4502"
"53.2000","0.8848","12.4735"
"53.2200","0.8851","12.4965"
"53.2400","0.8855","12.4972"
"53.2600","0.8858","12.5956"
"53.2800","0.8862","12.5987"
"53.3000","0.8866","12.6433"
"53.3200","0.8871","12.5819"
"53.3400","0.8874","12.4433"
"53.3600","0.8877","12.4954"
"53.3800","0.8879","12.5464"
"53.4000","0.8882","12.4962"
"53.4200","0.8885","12.5231"
"53.4400","0.8888","12.6398"
"53.4600","0.8891","12.6475"
"53.4800","0.8895","12.6110"
"53.5000","0.8899","12.6475"
"53.5200","0.8902","12.6247"
"53.5400","0.8906","12.6357"
"53.5600","0.8908","12.6792"
"53.5800","0.8911","12.6640"
"53.6000","0.8914","12.6468"
"53.6200","0.8917","12.5881"
"53.6400","0.8922","12.6047"
"53.6600","0.8926","12.6799"
"53.6800","0.8930","12.6736"
"53.7000","0.8934","12.6608"
"53.7200","0.8937","12.7612"
"53.7400","0.8939","12.7783"
"53.7600","0.8942","12.7080"
"53.7800","0.8945","12.6874"
"53.8000","0.8948","12.6786"
"53.8200","0.8951","12.7689"
"53.8400","0.8955","12.8221"
"53.8600","0.8958","12.8387"
"53.8800","0.8962","12.8682"
"53.9000","0.8965","12.8428"
"53.9200","0.8968","12.7206"
"53.9400","0.8972","12.7176"
"53.9600","0.8975","12.8163"
"53.9800","0.8979","12.8625"
"54.0000","0.8984","12.8683"
"54.0200","0.8987","12.8245"
"54.0400","0.8991","12.8204"
"54.0600","0.8993","12.8110"
"54.0800","0.8996","12.7661"
"54.1000","0.8998","12.8375"
"54.1200","0.9001","12.8968"
"54.1400","0.9005","12.8690"
"54.1600","0.9008","12.8727"
"54.1800","0.9012","12.9165"
"54.2000","0.9016","12.8741"
"54.2200","0.9019","13.0205"
"54.2400","0.9022","12.9867"
"54.2600","0.9025","12.9954"
"54.2800","0.9028","13.0273"
"54.3000","0.9031","13.1269"
"54.3200","0.9035","13.0897"
"54.3400","0.9039","13.0080"
"54.3600","0.9044","13.0249"
"54.3800","0.9048","13.0906"
"54.4000","0.9051","13.0748"
"54.4200","0.9053","13.0318"
"54.4400","0.9056","13.0033"
"54.4600","0.9058","13.1049"
"54.4800","0.9061","13.1115"
"54.5000","0.9064","13.1033"
"54.5200","0.9068","13.1121"
"54.5400","0.9071","13.1595"
"54.5600","0.9075","13.1630"
"54.5800","0.9078","13.1282"
"54.6000","0.9081","13.1285"
"54.6200","0.9085","13.1506"
"54.6400","0.9088","13.1105"
"54.6600","0.9092","13.1364"
"54.6800","0.9096","13.2451"
"54.7000","0.9100","13.2548"
"54.7200","0.9104","13.2325"
"54.7400","0.9107","13.1723"
"54.7600","0.9109","13.0911"
"54.7800","0.9112","13.1514"
"54.8000","0.9114","13.2407"
"54.8200","0.9117","13.1952"
"54.8400","0.9121","13.2136"
"54.8600","0.9125","13.1951"
"54.8800","0.9129","13.1781"
"54.9000","0.9132","13.2283"
"54.9200","0.9135","13.1860"
"54.9400","0.9138","13.2395"
"54.9600","0.9141","13.3148"
"54.9800","0.9144","13.4127"
"55.0000","0.9147","13.3375"
"55.0200","0.9152","13.3263"
"55.0400","0.9156","13.3762"
"55.0600","0.9161","13.4048"
"55.0800","0.9164","13.3514"
"55.1000","0.9167","13.4088"
"55.1200","0.9170","13.4790"
"55.1400","0.9172","13.4403"
"55.1600","0.9175","13.3578"
"55.1800","0.9178","13.3801"
"55.2000","0.9181","13.4370"
"55.2200","0.9185","13.4801"
"55.2400","0.9189","13.4326"
"55.2600","0.9192","13.4505"
"55.2800","0.9195","13.4291"
"55.3000","0.9198","13.4668"
"55.3200","0.9202","13.5307"
"55.3400","0.9206","13.5268"
"55.3600","0.9210","13.4990"
"55.3800","0.9214","13.5442"
"55.4000","0.9217","13.5525"
"55.4200","0.9220","13.6184"
"55.4400","0.9223","13.5784"
"55.4600","0.9226","13.4886"
"55.4800","0.9228","13.4811"
"55.5000","0.9231","13.5350"
"55.5200","0.9234","13.5324"
"55.5400","0.9238","13.5928"
"55.5600","0.9242","13.5592"
"55.5800","0.9246","13.6100"
"55.6000","0.9249","13.5787"
"55.6200","0.9252","13.5275"
"55.6400","0.9255","13.6478"
"55.6600","0.9257","13.6733"
"55.6800","0.9261","13.6755"
"55.7000","0.9265","13.6624"
"55.7200","0.9269","13.7102"
"55.7400","0.9274","13.7279"
"55.7600","0.9278","13.6996"
"55.7800","0.9281","13.6695"
"55.8000","0.9284","13.6522"
"55.8200","0.9286","13.7114"
"55.8400","0.9289","13.7489"
"55.8600","0.9291","13.7351"
"55.8800","0.9295","13.7145"
"55.9000","0.9298","13.7081"
"55.9200","0.9302","13.6959"
"55.9400","0.9305","13.7405"
"55.9600","0.9309","13.8078"
"55.9800","0.9312","13.8045"
"56.0000","0.9315","13.7884"
"56.0200","0.9318","13.7972"
"56.0400","0.9322","13.8210"
"56.0600","0.9326","13.9107"
"56.0800","0.9330","13.8736"
"56.1000","0.9334","13.8446"
"56.1200","0.9336","13.8548"
"56.1400","0.9339","13.8674"
"56.1600","0.9342","13.9060"
"56.1800","0.9344","13.9501"
"56.2000","0.9347","13.9170"
"56.2200","0.9351","13.8510"
"56.2400","0.9355","13.7904"
"56.2600","0.9359","13.7954"
"56.2800","0.9362","13.8865"
"56.3000","0.9365","13.8229"
"56.3200","0.9368","13.8527"
"56.3400","0.9371","13.9186"
"56.3600","0.9374","13.9583"
"56.3800","0.9377","13.9934"
"56.4000","0.9382","13.9632"
"56.4200","0.9386","13.9336"
"56.4400","0.9390","13.9603"
"56.4600","0.9394","13.9766"
"56.4800","0.9397","13.9921"
"56.5000","0.9399","14.0059"
"56.5200","0.9402","13.9555"
"56.5400","0.9405","14.0553"
"56.5600","0.9408","14.0956"
"56.5800","0.9411","14.1247"
"56.6000","0.9415","14.0770"
"56.6200","0.9419","14.0185"
"56.6400","0.9422","14.0075"
"56.6600","0.9425","14.1790"
"56.6800","0.9428","14.1730"
"56.7000","0.9432","14.1463"
"56.7200","0.9436","14.1105"
"56.7400","0.9440","14.1309"
"56.7600","0.9444","14.1870"
"56.7800","0.9447","14.1914"
"56.8000","0.9450","14.1562"
"56.8200","0.9453","14.1109"
"56.8400","0.9455","14.1009"
"56.8600","0.9458","14.2057"
"56.8800","0.9461","14.2221"
"56.9000","0.9464","14.1565"
"56.9200","0.9468","14.1753"
"56.9400","0.9472","14.2027"
"56.9600","0.9476","14.2355"
"56.9800","0.9479","14.2893"
"57.0000","0.9482","14.2984"
"57.0200","0.9485","14.2865"
"57.0400","0.9488","14.2468"
"57.0600","0.9491","14.2402"
"57.0800","0.9495","14.2466"
"57.1000","0.9499","14.3598"
"57.1200","0.9504","14.3885"
"57.1400","0.9507","14.2766"
"57.1600","0.9510","14.3103"
"57.1800","0.9513","14.3348"
"57.2000","0.9515","14.4012"
"57.2200","0.9518","14.5089"
"57.2400","0.9521","14.3900"
"57.2600","0.9524","14.3050"
"57.2800","0.9528","14.3034"
"57.3000","0.9532","14.3584"
"57.3200","0.9535","14.3476"
"57.3400","0.9539","14.4274"
"57.3600","0.9542","14.4500"
"57.3800","0.9545","14.3970"
"57.4000","0.9549","14.3643"
"57.4200","0.9553","14.5033"
"57.4400","0.9557","14.5201"
"57.4600","0.9561","14.4557"
"57.4800","0.9564","14.4176"
"57.5000","0.9566","14.4340"
"57.5200","0.9569","14.4443"
"57.5400","0.9572","14.5198"
"57.5600","0.9574","14.5612"
"57.5800","0.9577","14.5081"
"57.6000","0.9581","14.4441"
"57.6200","0.9585","14.3977"
"57.6400","0.9589","14.4445"
"57.6600","0.9592","14.5527"
"57.6800","0.9595","14.5837"
"57.7000","0.9598","14.6382"
"57.7200","0.9601","14.6679"
"57.7400","0.9604","14.6170"
"57.7600","0.9608","14.6028"
"57.7800","0.9612","14.5752"
"57.8000","0.9616","14.5716"
"57.8200","0.9621","14.6036"
"57.8400","0.9624","14.6707"
"57.8600","0.9627","14.6559"
"57.8800","0.9629","14.6542"
"57.9000","0.9632","14.6701"
"57.9200","0.9635","14.6546"
"57.9400","0.9638","14.7388"
"57.9600","0.9641","14.7471"
"57.9800","0.9645","14.6539"
"58.0000","0.9649","14.6910"
"58.0200","0.9652","14.7164"
"58.0400","0.9655","14.7333"
"58.0600","0.9658","14.7345"
"58.0800","0.9662","14.7803"
"58.1000","0.9665","14.7929"
"58.1200","0.9669","14.7799"
"58.1400","0.9673","14.7447"
"58.1600","0.9677","14.7886"
"58.1800","0.9680","14.8264"
"58.2000","0.9682","14.8056"
"58.2200","0.9685","14.8037"
"58.2400","0.9688","14.8725"
"58.2600","0.9691","14.9569"
"58.2800","0.9694","14.9959"
"58.3000","0.9698","14.9123"
"58.3200","0.9701","14.8082"
"58.3400","0.9705","14.8846"
"58.3600","0.9708","14.9097"
"58.3800","0.9711","14.9401"
"58.4000","0.9714","14.8968"
"58.4200","0.9717","14.9121"
"58.4400","0.9721","14.9619"
"58.4600","0.9725","15.0144"
"58.4800","0.9730","14.9717"
"58.5000","0.9734","14.9407"
"58.5200","0.9738","14.9875"
"58.5400","0.9740","15.0265"
"58.5600","0.9743","15.0209"
"58.5800","0.9745","15.0267"
"58.6000","0.9748","14.9958"
"58.6200","0.9751","15.0129"
"58.6400","0.9755","14.9737"
"58.6600","0.9758","15.0112"
"58.6800","0.9762","15.0270"
"58.7000","0.9766","14.9946"
"58.7200","0.9769","14.9428"
"58.7400","0.9772","14.9921"
"58.7600","0.9775","14.9424"
"58.7800","0.9779","15.0077"
"58.8000","0.9783","15.1119"
"58.8200","0.9787","15.1192"
"58.8400","0.9791","15.1489"
"58.8600","0.9794","15.0947"
"58.8800","0.9796","15.0994"
"58.9000","0.9799","15.1541"
"58.9200","0.9802","15.1192"
"58.9400","0.9804","15.0482"
"58.9600","0.9808","15.0446"
"58.9800","0.9811","15.1171"
"59.0000","0.9815","15.1591"
"59.0200","0.9819","15.2099"
"59.0400","0.9822","15.2998"
"59.0600","0.9825","15.3067"
"59.0800","0.9828","15.2808"
"59.1000","0.9831","15.2706"
"59.1200","0.9834","15.2541"
"59.1400","0.9838","15.3050"
"59.1600","0.9843","15.2927"
"59.1800","0.9847","15.1976"
"59.2000","0.9851","15.1241"
"59.2200","0.9854","15.2074"
"59.2400","0.9857","15.2739"
"59.2600","0.9859","15.3169"
"59.2800","0.9861","15.3165"
"59.3000","0.9864","15.3422"
"59.3200","0.9868","15.3624"
"59.3400","0.9871","15.3677"
"59.3600","0.9875","15.3787"
"59.3800","0.9879","15.3599"
"59.4000","0.9883","15.3347"
"59.4200","0.9886","15.3834"
"59.4400","0.9889","15.3823"
"59.4600","0.9892","15.3498"
"59.4800","0.9896","15.4128"
"59.5000","0.9900","15.4408"
"59.5200","0.9904","15.3832"
"59.5400","0.9907","15.4057"
"59.5600","0.9910","15.4387"
"59.5800","0.9912","15.4913"
"59.6000","0.9915","15.5665"
"59.6200","0.9918","15.5375"
"59.6400","0.9921","15.6033"
"59.6600","0.9924","15.6213"
"59.6800","0.9928","15.5256"
"59.7000","0.9932","15.4626"
"59.7200","0.9935","15.5209"
"59.7400","0.9939","15.6164"
"59.7600","0.9941","15.6178"
"59.7800","0.9944","15.6267"
"59.8000","0.9947","15.5764"
"59.8200","0.9951","15.6700"
"59.8400","0.9955","15.6145"
"59.8600","0.9960","15.6012"
"59.8800","0.9964","15.6392"
"59.9000","0.9968","15.6683"
"59.9200","0.9970","15.5465"
"59.9400","0.9973","15.6171"
"59.9600","0.9975","15.7094"
"59.9800","0.9978","15.7164"
"60.0000","0.9981","15.6939"
"60.0200","0.9985","15.6579"
"60.0400","0.9989","15.6459"
"60.0600","0.9993","15.6265"
"60.0800","0.9996","15.7154"
"60.1000","0.9999","15.7697"
"60.1200","1.0002","15.6625"
"60.1400","1.0006","15.7093"
"60.1600","1.0009","15.6977"
"60.1800","1.0013","15.7353"
"60.2000","1.0017","15.6556"
"60.2200","1.0020","15.6835"
"60.2400","1.0023","15.7515"
"60.2600","1.0026","15.8041"
"60.2800","1.0029","15.8142"
"60.3000","1.0031","15.8605"
"60.3200","1.0034","15.8241"
"60.3400","1.0038","15.7720"
"60.3600","1.0041","15.7049"
"60.3800","1.0045","15.7340"
"60.4000","1.0049","15.8425"
"60.4200","1.0052","15.8812"
"60.4400","1.0055","15.8629"
"60.4600","1.0057","15.9207"
"60.4800","1.0060","15.9056"
"60.5000","1.0064","15.8847"
"60.5200","1.0068","15.7770"
"60.5400","1.0072","15.8220"
"60.5600","1.0077","15.9459"
"60.5800","1.0081","15.9700"
"60.6000","1.0084","15.8962"
"60.6200","1.0087","15.9049"
"60.6400","1.0089","15.9037"
"60.6600","1.0092","15.9676"
"60.6800","1.0094","16.0137"
"60.7000","1.0098","16.0228"
"60.7200","1.0101","15.9911"
"60.7400","1.0105","15.9941"
"60.7600","1.0109","15.9552"
"60.7800","1.0112","15.9985"
"60.8000","1.0116","16.0252"
"60.8200","1.0119","16.0255"
"60.8400","1.0122","16.0103"
"60.8600","1.0126","16.0706"
"60.8800","1.0130","16.0737"
"60.9000","1.0133","16.0960"
"60.9200","1.0137","16.1272"
"60.9400","1.0140","16.1620"
"60.9600","1.0142","16.1068"
"60.9800","1.0145","16.0765"
"61.0000","1.0148","16.1542"
"61.0200","1.0151","16.2363"
"61.0400","1.0155","16.1844"
"61.0600","1.0158","16.2342"
"61.0800","1.0162","16.1696"
"61.1000","1.0165","16.1626"
"61.1200","1.0168","16.2046"
"61.1400","1.0171","16.2063"
"61.1600","1.0174","16.1980"
"61.1800","1.0177","16.2198"
"61.2000","1.0181","16.2529"
"61.2200","1.0185","16.2191"
"61.2400","1.0189","16.2241"
"61.2600","1.0194","16.2849"
"61.2800","1.0197","16.3510"
"61.3000","1.0200","16.3359"
"61.3200","1.0203","16.3155"
"61.3400","1.0205","16.3229"
"61.3600","1.0208","16.3671"
"61.3800","1.0211","16.4175"
"61.4000","1.0215","16.4607"
"61.4200","1.0218","16.4382"
"61.4400","1.0222","16.3627"
"61.4600","1.0225","16.3255"
"61.4800","1.0229","16.3465"
"61.5000","1.0232","16.4026"
"61.5200","1.0235","16.3761"
"61.5400","1.0239","16.3859"
"61.5600","1.0243","16.4353"
"61.5800","1.0247","16.4371"
"61.6000","1.0250","16.4380"
"61.6200","1.0254","16.4758"
"61.6400","1.0256","16.4018"
"61.6600","1.0259","16.4338"
"61.6800","1.0261","16.4617"
"61.7000","1.0264","16.5316"
"61.7200","1.0268","16.5686"
"61.7400","1.0271","16.5284"
"61.7600","1.0275","16.4625"
"61.7800","1.0279","16.5040"
"61.8000","1.0282","16.5867"
"61.8200","1.0285","16.5972"
"61.8400","1.0288","16.5980"
"61.8600","1.0291","16.6097"
"61.8800","1.0294","16.5701"
"61.9000","1.0298","16.5506"
"61.9200","1.0303","16.6089"
"61.9400","1.0307","16.6057"
"61.9600","1.0311","16.5772"
"61.9800","1.0314","16.5730"
"62.0000","1.0316","16.6416"
"62.0200","1.0319","16.6384"
"62.0400","1.0321","16.6373"
"62.0600","1.0325","16.6393"
"62.0800","1.0328","16.6558"
"62.1000","1.0332","16.6768"
"62.1200","1.0336","16.6587"
"62.1400","1.0339","16.6214"
"62.1600","1.0342","16.6955"
"62.1800","1.0345","16.7559"
"62.2000","1.0349","16.7888"
"62.2200","1.0352","16.8317"
"62.2400","1.0356","16.8033"
"62.2600","1.0360","16.7430"
"62.2800","1.0364","16.7637"
"62.3000","1.0367","16.7717"
"62.3200","1.0370","16.7811"
"62.3400","1.0373","16.7893"
"62.3600","1.0375","16.7223"
"62.3800","1.0378","16.7763"
"62.4000","1.0381","16.8617"
"62.4200","1.0385","16.7901"
"62.4400","1.0389","16.7925"
"62.4600","1.0392","16.8757"
"62.4800","1.0395","16.8965"
"62.5000","1.0398","17.0103"
"62.5200","1.0401","17.0184"
"62.5400","1.0404","16.9383"
"62.5600","1.0407","16.8292"
"62.5800","1.0411","16.8430"
"62.6000","1.0415","16.9059"
"62.6200","1.0420","16.9883"
"62.6400","1.0424","16.9722"
"62.6600","1.0427","16.9156"
"62.6800","1.0430","16.8450"
"62.7000","1.0432","16.9297"
"62.7200","1.0435","16.8980"
"62.7400","1.0438","16.8889"
"62.7600","1.0441","17.0355"
"62.7800","1.0445","17.0154"
"62.8000","1.0449","16.9736"
"62.8200","1.0452","17.0657"
"62.8400","1.0456","17.0297"
"62.8600","1.0459","17.0626"
"62.8800","1.0462","17.1106"
"62.9000","1.0465","17.1293"
"62.9200","1.0469","17.1703"
"62.9400","1.0473","17.0933"
"62.9600","1.0477","17.0911"
"62.9800","1.0481","17.1180"
"63.0000","1.0484","17.1164"
"63.0200","1.0487","17.1570"
"63.0400","1.0489","17.1446"
"63.0600","1.0492","17.1605"
"63.0800","1.0495","17.2056"
"63.1000","1.0498","17.2058"
"63.1200","1.0502","17.1272"
"63.1400","1.0505","17.1500"
"63.1600","1.0509","17.2536"
"63.1800","1.0512","17.2509"
"63.2000","1.0515","17.1534"
"63.2200","1.0517","17.1120"
"63.2400","1.0520","17.2467"
"63.2600","1.0524","17.3037"
"63.2800","1.0528","17.2903"
"63.3000","1.0532","17.2952"
"63.3200","1.0537","17.2921"
"63.3400","1.0541","17.2758"
"63.3600","1.0543","17.2675"
"63.3800","1.0546","17.3087"
"63.4000","1.0549","17.3684"
"63.4200","1.0552","17.4110"
"63.4400","1.0555","17.3215"
"63.4600","1.0558","17.3107"
"63.4800","1.0562","17.3073"
"63.5000","1.0566","17.3523"
"63.5200","1.0569","17.3373"
"63.5400","1.0572","17.4092"
"63.5600","1.0575","17.3450"
"63.5800","1.0578","17.2514"
"63.6000","1.0582","17.3837"
"63.6200","1.0586","17.4292"
"63.6400","1.0590","17.3876"
"63.6600","1.0594","17.4577"
"63.6800","1.0597","17.4048"
"63.7000","1.0600","17.3596"
"63.7200","1.0602","17.4381"
"63.7400","1.0605","17.4854"
"63.7600","1.0608","17.5068"
"63.7800","1.0611","17.5118"
"63.8000","1.0615","17.5453"
"63.8200","1.0619","17.5137"
"63.8400","1.0622","17.4457"
"63.8600","1.0625","17.4358"
"63.8800","1.0628","17.4615"
"63.9000","1.0631","17.5691"
"63.9200","1.0634","17.6158"
"63.9400","1.0637","17.6354"
"63.9600","1.0641","17.5526"
"63.9800","1.0645","17.5009"
"64.0000","1.0650","17.6017"
"64.0200","1.0654","17.5166"
"64.0400","1.0657","17.4627"
"64.0600","1.0660","17.5162"
"64.0800","1.0662","17.5778"
"64.1000","1.0665","17.6325"
"64.1200","1.0668","17.6550"
"64.1400","1.0671","17.6722"
"64.1600","1.0675","17.7423"
"64.1800","1.0679","17.7131"
"64.2000","1.0682","17.6941"
"64.2200","1.0686","17.6495"
"64.2400","1.0689","17.6812"
"64.2600","1.0692","17.7545"
"64.2800","1.0695","17.8003"
"64.3000","1.0699","17.7796"
"64.3200","1.0703","17.7443"
"64.3400","1.0707","17.7377"
"64.3600","1.0711","17.7388"
"64.3800","1.0714","17.7824"
"64.4000","1.0716","17.7923"
"64.4200","1.0719","17.8015"
"64.4400","1.0722","17.8283"
"64.4600","1.0725","17.8560"
"64.4800","1.0728","17.8679"
"64.5000","1.0732","17.8539"
"64.5200","1.0736","17.9106"
"64.5400","1.0739","17.9168"
"64.5600","1.0742","17.9485"
"64.5800","1.0745","18.0032"
"64.6000","1.0747","17.8602"
"64.6200","1.0750","17.8455"
"64.6400","1.0754","17.8345"
"64.6600","1.0758","17.8504"
"64.6800","1.0762","17.9032"
"64.7000","1.0767","17.9134"
"64.7200","1.0770","17.9822"
"64.7400","1.0773","18.0443"
"64.7600","1.0776","18.0856"
"64.7800","1.0778","18.0407"
"64.8000","1.0781","17.9586"
"64.8200","1.0784","17.9923"
"64.8400","1.0788","18.0479"
"64.8600","1.0792","18.0828"
"64.8800","1.0795","18.0548"
"64.9000","1.0799","18.0467"
"64.9200","1.0802","18.1001"
"64.9400","1.0805","18.0326"
"64.9600","1.0808","18.0049"
"64.9800","1.0812","18.0692"
"65.0000","1.0816","18.0923"
"65.0200","1.0820","18.0242"
"65.0400","1.0824","17.9794"
"65.0600","1.0827","18.0585"
"65.0800","1.0830","18.1238"
"65.1000","1.0832","18.0823"
"65.1200","1.0835","18.0091"
"65.1400","1.0838","18.0349"
"65.1600","1.0841","18.1634"
"65.1800","1.0845","18.2473"
"65.2000","1.0849","18.2365"
"65.2200","1.0852","18.1847"
"65.2400","1.0856","18.2264"
"65.2600","1.0858","18.1575"
"65.2800","1.0861","18.1396"
"65.3000","1.0864","18.1974"
"65.3200","1.0867","18.2385"
"65.3400","1.0871","18.3086"
"65.3600","1.0875","18.3133"
"65.3800","1.0880","18.4032"
"65.4000","1.0884","18.4380"
"65.4200","1.0887","18.3303"
"65.4400","1.0890","18.2784"
"65.4600","1.0892","18.1929"
"65.4800","1.0895","18.1833"
"65.5000","1.0898","18.2880"
"65.5200","1.0901","18.3370"
"65.5400","1.0905","18.3178"
"65.5600","1.0909","18.2796"
"65.5800","1.0912","18.2932"
"65.6000","1.0916","18.3352"
"65.6200","1.0919","18.4213"
"65.6400","1.0922","18.4926"
"65.6600","1.0926","18.5257"
"65.6800","1.0929","18.4688"
"65.7000","1.0933","18.4221"
"65.7200","1.0937","18.4013"
"65.7400","1.0941","18.4774"
"65.7600","1.0943","18.4405"
"65.7800","1.0946","18.4770"
"65.8000","1.0948","18.4958"
"65.8200","1.0951","18.5434"
"65.8400","1.0954","18.5466"
"65.8600","1.0958","18.5050"
"65.8800","1.0962","18.4935"
"65.9000","1.0966","18.4468"
"65.9200","1.0969","18.4366"
"65.9400","1.0972","18.4550"
"65.9600","1.0975","18.5351"
"65.9800","1.0978","18.6257"
"66.0000","1.0981","18.6083"
"66.0200","1.0984","18.5654"
"66.0400","1.0988","18.5639"
"66.0600","1.0993","18.5941"
"66.0800","1.0997","18.5439"
"66.1000","1.1001","18.6006"
"66.1200","1.1004","18.6168"
"66.1400","1.1006","18.6396"
"66.1600","1.1008","18.6829"
"66.1800","1.1011","18.6871"
"66.2000","1.1014","18.6010"
"66.2200","1.1018","18.6354"
"66.2400","1.1022","18.6752"
"66.2600","1.1025","18.6472"
"66.2800","1.1029","18.7172"
"66.3000","1.1032","18.7449"
"66.3200","1.1035","18.7239"
"66.3400","1.1038","18.6668"
"66.3600","1.1042","18.6974"
"66.3800","1.1046","18.7342"
"66.4000","1.1050","18.8031"
"66.4200","1.1054","18.7348"
"66.4400","1.1057","18.7496"
"66.4600","1.1060","18.7743"
"66.4800","1.1062","18.8172"
"66.5000","1.1065","18.8411"
"66.5200","1.1068","18.9109"
"66.5400","1.1071","18.8283"
"66.5600","1.1075","18.7275"
"66.5800","1.1079","18.7472"
"66.6000","1.1083","18.7618"
"66.6200","1.1086","18.8564"
"66.6400","1.1089","18.8690"
"66.6600","1.1091","18.8494"
"66.6800","1.1094","18.9000"
"66.7000","1.1098","18.8759"
"66.7200","1.1101","18.8856"
"66.7400","1.1106","18.8751"
"66.7600","1.1110","18.9849"
"66.7800","1.1114","19.0246"
"66.8000","1.1117","18.9734"
"66.8200","1.1120","18.9097"
"66.8400","1.1122","18.8638"
"66.8600","1.1125","18.9346"
"66.8800","1.1128","19.0348"
"66.9000","1.1131","19.0438"
"66.9200","1.1135","18.9686"
"66.9400","1.1139","18.9732"
"66.9600","1.1142","19.0159"
"66.9800","1.1145","18.9823"
"67.0000","1.1148","18.9990"
"67.0200","1.1152","19.1153"
"67.0400","1.1155","19.1669"
"67.0600","1.1159","19.0991"
"67.0800","1.1164","19.0794"
"67.1000","1.1167","19.1166"
"67.1200","1.1171","19.1034"
"67.1400","1.1173","19.1535"
"67.1600","1.1176","19.1555"
"67.1800","1.1178","19.1443"
"67.2000","1.1181","19.1621"
"67.2200","1.1184","19.1194"
"67.2400","1.1188","19.1720"
"67.2600","1.1192","19.1994"
"67.2800","1.1196","19.0991"
"67.3000","1.1199","19.0623"
"67.3200","1.1202","19.1491"
"67.3400","1.1205","19.2693"
"67.3600","1.1208","19.2926"
"67.3800","1.1211","19.3063"
"67.4000","1.1214","19.3048"
"67.4200","1.1219","19.2768"
"67.4400","1.1223","19.2943"
"67.4600","1.1227","19.3277"
"67.4800","1.1231","19.2723"
"67.5000","1.1233","19.3067"
"67.5200","1.1236","19.3191"
"67.5400","1.1238","19.3041"
"67.5600","1.1241","19.3079"
"67.5800","1.1244","19.2983"
"67.6000","1.1248","19.2916"
"67.6200","1.1251","19.2784"
"67.6400","1.1255","19.3204"
"67.6600","1.1258","19.3203"
"67.6800","1.1261","19.3092"
"67.7000","1.1265","19.3361"
"67.7200","1.1268","19.4337"
"67.7400","1.1272","19.4324"
"67.7600","1.1276","19.4177"
"67.7800","1.1280","19.4381"
"67.8000","1.1284","19.3807"
"67.8200","1.1287","19.3273"
"67.8400","1.1290","19.4385"
"67.8600","1.1292","19.4762"
"67.8800","1.1295","19.4689"
"67.9000","1.1298","19.4776"
"67.9200","1.1301","19.4852"
"67.9400","1.1305","19.4766"
"67.9600","1.1309","19.5308"
"67.9800","1.1312","19.5631"
"68.0000","1.1316","19.5895"
"68.0200","1.1318","19.6244"
"68.0400","1.1321","19.5411"
"68.0600","1.1324","19.4446"
"68.0800","1.1327","19.5646"
"68.1000","1.1331","19.6425"
"68.1200","1.1336","19.6318"
"68.1400","1.1340","19.6358"
"68.1600","1.1344","19.5979"
"68.1800","1.1347","19.5350"
"68.2000","1.1350","19.5610"
"68.2200","1.1352","19.5583"
"68.2400","1.1355","19.5892"
"68.2600","1.1358","19.6000"
"68.2800","1.1361","19.6843"
"68.3000","1.1365","19.7125"
"68.3200","1.1368","19.6821"
"68.3400","1.1372","19.6761"
"68.3600","1.1375","19.7232"
"68.3800","1.1378","19.7864"
"68.4000","1.1382","19.7533"
"68.4200","1.1385","19.7240"
"68.4400","1.1389","19.7345"
"68.4600","1.1393","19.8384"
"68.4800","1.1397","19.8699"
"68.5000","1.1400","19.7638"
"68.5200","1.1403","19.7354"
"68.5400","1.1406","19.7215"
"68.5600","1.1408","19.7722"
"68.5800","1.1411","19.7909"
"68.6000","1.1414","19.7926"
"68.6200","1.1418","19.8350"
"68.6400","1.1422","19.9222"
"68.6600","1.1425","19.9115"
"68.6800","1.1429","19.8438"
"68.7000","1.1432","19.8885"
"68.7200","1.1434","19.8568"
"68.7400","1.1437","19.8908"
"68.7600","1.1441","19.9133"
"68.7800","1.1444","19.9807"
"68.8000","1.1449","19.9973"
"68.8200","1.1453","19.9847"
"68.8400","1.1458","19.9974"
"68.8600","1.1461","20.0159"
"68.8800","1.1463","19.9129"
"68.9000","1.1466","19.8042"
"68.9200","1.1468","19.8678"
"68.9400","1.1471","19.9924"
"68.9600","1.1474","20.0570"
"68.9800","1.1478","20.0459"
"69.0000","1.1481","20.1162"
"69.0200","1.1485","20.0855"
"69.0400","1.1488","20.0479"
"69.0600","1.1492","20.0856"
"69.0800","1.1495","20.0111"
"69.1000","1.1498","20.0872"
"69.1200","1.1502","20.1255"
"69.1400","1.1506","20.0793"
"69.1600","1.1510","20.0258"
"69.1800","1.1514","20.0842"
"69.2000","1.1517","20.1906"
"69.2200","1.1519","20.2421"
"69.2400","1.1522","20.1505"
"69.2600","1.1524","20.1017"
"69.2800","1.1528","20.1139"
"69.3000","1.1531","20.1048"
"69.3200","1.1535","20.1921"
"69.3400","1.1539","20.1762"
"69.3600","1.1542","20.1818"
"69.3800","1.1546","20.2103"
"69.4000","1.1548","20.2280"
"69.4200","1.1551","20.2447"
"69.4400","1.1554","20.1930"
"69.4600","1.1558","20.2290"
"69.4800","1.1562","20.3137"
"69.5000","1.1566","20.3150"
"69.5200","1.1571","20.2582"
"69.5400","1.1575","20.3877"
"69.5600","1.1578","20.3515"
"69.5800","1.1580","20.3099"
"69.6000","1.1582","20.2755"
"69.6200","1.1585","20.2918"
"69.6400","1.1588","20.2968"
"69.6600","1.1591","20.4029"
"69.6800","1.1595","20.3954"
"69.7000","1.1599","20.4122"
"69.7200","1.1602","20.4067"
"69.7400","1.1605","20.3713"
"69.7600","1.1609","20.4770"
"69.7800","1.1612","20.4766"
"69.8000","1.1615","20.4591"
"69.8200","1.1619","20.5265"
"69.8400","1.1624","20.5300"
"69.8600","1.1627","20.4821"
"69.8800","1.1631","20.4516"
"69.9000","1.1633","20.4678"
"69.9200","1.1636","20.5506"
"69.9400","1.1638","20.5159"
"69.9600","1.1641","20.5320"
"69.9800","1.1644","20.5276"
"70.0000","1.1648","20.5595"
"70.0200","1.1652","20.5915"
"70.0400","1.1656","20.5895"
"70.0600","1.1659","20.5822"
"70.0800","1.1662","20.6237"
"70.1000","1.1665","20.6240"
"70.1200","1.1667","20.5640"
"70.1400","1.1671","20.5326"
"70.1600","1.1674","20.5375"
"70.1800","1.1679","20.5779"
"70.2000","1.1683","20.6812"
"70.2200","1.1688","20.7295"
"70.2400","1.1691","20.5798"
"70.2600","1.1694","20.5835"
"70.2800","1.1696","20.6409"
"70.3000","1.1699","20.6783"
"70.3200","1.1701","20.6598"
"70.3400","1.1704","20.5990"
"70.3600","1.1708","20.6426"
"70.3800","1.1712","20.7026"
"70.4000","1.1715","20.6526"
"70.4200","1.1719","20.6141"
"70.4400","1.1722","20.6756"
"70.4600","1.1725","20.6696"
"70.4800","1.1728","20.6986"
"70.5000","1.1732","20.7691"
"70.5200","1.1736","20.8606"
"70.5400","1.1740","20.8978"
"70.5600","1.1744","20.8453"
"70.5800","1.1747","20.7946"
"70.6000","1.1749","20.6792"
"70.6200","1.1752","20.7738"
"70.6400","1.1755","20.8228"
"70.6600","1.1758","20.8418"
"70.6800","1.1761","20.8304"
"70.7000","1.1765","20.8032"
"70.7200","1.1769","20.8661"
"70.7400","1.1773","20.9587"
"70.7600","1.1776","21.0554"
"70.7800","1.1778","21.0243"
"70.8000","1.1781","20.9281"
"70.8200","1.1784","20.8483"
"70.8400","1.1787","20.8672"
"70.8600","1.1791","20.9252"
"70.8800","1.1796","20.9374"
"70.9000","1.1801","20.9584"
"70.9200","1.1804","21.0511"
"70.9400","1.1807","21.0128"
"70.9600","1.1810","20.9407"
"70.9800","1.1812","20.9293"
"71.0000","1.1815","20.9933"
"71.0200","1.1818","21.0387"
"71.0400","1.1822","21.0090"
"71.0600","1.1825","21.0694"
"71.0800","1.1829","21.1187"
"71.1000","1.1832","21.0672"
"71.1200","1.1835","21.0830"
"71.1400","1.1839","21.1017"
"71.1600","1.1842","21.1543"
"71.1800","1.1846","21.1402"
"71.2000","1.1850","21.1397"
"71.2200","1.1854","21.1409"
"71.2400","1.1857","21.1430"
"71.2600","1.1860","21.2011"
"71.2800","1.1863","21.2251"
"71.3000","1.1866","21.1986"
"71.3200","1.1868","21.1080"
"71.3400","1.1871","21.0980"
"71.3600","1.1875","21.2206"
"71.3800","1.1878","21.2694"
"71.4000","1.1882","21.2575"
"71.4200","1.1886","21.2244"
"71.4400","1.1889","21.1999"
"71.4600","1.1892","21.1498"
"71.4800","1.1895","21.1457"
"71.5000","1.1898","21.2038"
"71.5200","1.1901","21.2829"
"71.5400","1.1905","21.2241"
"71.5600","1.1909","21.1864"
"71.5800","1.1914","21.2304"
"71.6000","1.1917","21.3414"
"71.6200","1.1921","21.3928"
"71.6400","1.1923","21.2697"
"71.6600","1.1925","21.2746"
"71.6800","1.1928","21.3082"
"71.7000","1.1931","21.4299"
"71.7200","1.1934","21.4225"
"71.7400","1.1938","21.3691"
"71.7600","1.1941","21.4203"
"71.7800","1.1945","21.4558"
"71.8000","1.1948","21.4686"
"71.8200","1.1951","21.4294"
"71.8400","1.1954","21.4351"
"71.8600","1.1958","21.4187"
"71.8800","1.1962","21.4748"
"71.9000","1.1966","21.4693"
"71.9200","1.1969","21.4063"
"71.9400","1.1973","21.4396"
"71.9600","1.1976","21.4931"
"71.9800","1.1978","21.4635"
"72.0000","1.1981","21.4482"
"72.0200","1.1984","21.4818"
"72.0400","1.1987","21.5927"
"72.0600","1.1990","21.5683"
"72.0800","1.1994","21.5769"
"72.1000","1.1998","21.5868"
"72.1200","1.2002","21.6269"
"72.1400","1.2005","21.6055"
"72.1600","1.2008","21.5712"
"72.1800","1.2011","21.6196"
"72.2000","1.2014","21.6658"
"72.2200","1.2017","21.7220"
"72.2400","1.2022","21.6268"
"72.2600","1.2026","21.6370"
"72.2800","1.2031","21.6910"
"72.3000","1.2034","21.6760"
"72.3200","1.2037","21.6091"
"72.3400","1.2040","21.6002"
"72.3600","1.2042","21.6502"
"72.3800","1.2045","21.7129"
"72.4000","1.2048","21.7699"
"72.4200","1.2052","21.6863"
"72.4400","1.2055","21.6497"
"72.4600","1.2059","21.7287"
"72.4800","1.2062","21.8402"
"72.5000","1.2065","21.8454"
"72.5200","1.2069","21.8391"
"72.5400","1.2072","21.8138"
"72.5600","1.2076","21.8168"
"72.5800","1.2080","21.8528"
"72.6000","1.2083","21.9224"
"72.6200","1.2087","21.8486"
"72.6400","1.2090","21.8038"
"72.6600","1.2093","21.8621"
"72.6800","1.2095","21.8524"
"72.7000","1.2098","21.8568"
"72.7200","1.2101","21.8881"
"72.7400","1.2104","21.9151"
"72.7600","1.2108","21.8967"
"72.7800","1.2112","21.8416"
"72.8000","1.2115","21.7900"
"72.8200","1.2119","21.8245"
"72.8400","1.2122","21.8803"
"72.8600","1.2124","21.8760"
"72.8800","1.2128","22.0162"
"72.9000","1.2131","22.0048"
"72.9200","1.2135","22.0155"
"72.9400","1.2140","21.9601"
"72.9600","1.2144","21.9971"
"72.9800","1.2148","22.0089"
"73.0000","1.2151","21.9893"
"73.0200","1.2153","21.9443"
"73.0400","1.2155","21.9273"
"73.0600","1.2158","22.0089"
"73.0800","1.2161","22.0312"
"73.1000","1.2165","22.0816"
"73.1200","1.2168","22.0923"
"73.1400","1.2172","22.0718"
"73.1600","1.2176","22.0779"
"73.1800","1.2179","22.0237"
"73.2000","1.2182","22.0769"
"73.2200","1.2185","22.1307"
"73.2400","1.2189","22.1363"
"73.2600","1.2193","22.1440"
"73.2800","1.2197","22.2000"
"73.3000","1.2201","22.2276"
"73.3200","1.2204","22.2564"
"73.3400","1.2207","22.2454"
"73.3600","1.2209","22.1397"
"73.3800","1.2212","22.1258"
"73.4000","1.2215","22.2769"
"73.4200","1.2218","22.3498"
"73.4400","1.2221","22.2460"
"73.4600","1.2225","22.1487"
"73.4800","1.2229","22.2385"
"73.5000","1.2232","22.2734"
"73.5200","1.2235","22.2578"
"73.5400","1.2238","22.3526"
"73.5600","1.2241","22.3844"
"73.5800","1.2244","22.3739"
"73.6000","1.2248","22.2959"
"73.6200","1.2253","22.3201"
"73.6400","1.2257","22.2969"
"73.6600","1.2261","22.3462"
"73.6800","1.2264","22.3396"
"73.7000","1.2267","22.3234"
"73.7200","1.2269","22.2622"
"73.7400","1.2272","22.2712"
"73.7600","1.2275","22.3859"
"73.7800","1.2278","22.3322"
"73.8000","1.2281","22.3193"
"73.8200","1.2285","22.3415"
"73.8400","1.2289","22.3986"
"73.8600","1.2293","22.3791"
"73.8800","1.2296","22.3330"
"73.9000","1.2299","22.4149"
"73.9200","1.2302","22.4818"
"73.9400","1.2306","22.4225"
"73.9600","1.2310","22.4326"
"73.9800","1.2313","22.5080"
"74.0000","1.2317","22.5297"
"74.0200","1.2320","22.4458"
"74.0400","1.2323","22.3836"
"74.0600","1.2325","22.4450"
"74.0800","1.2328","22.4953"
"74.1000","1.2331","22.5514"
"74.1200","1.2334","22.5615"
"74.1400","1.2338","22.5936"
"74.1600","1.2342","22.6482"
"74.1800","1.2345","22.6539"
"74.2000","1.2348","22.6169"
"74.2200","1.2351","22.5418"
"74.2400","1.2354","22.5222"
"74.2600","1.2357","22.5853"
"74.2800","1.2361","22.6728"
"74.3000","1.2365","22.7074"
"74.3200","1.2370","22.6813"
"74.3400","1.2374","22.6159"
"74.3600","1.2378","22.6534"
"74.3800","1.2381","22.6260"
"74.4000","1.2383","22.6867"
"74.4200","1.2385","22.6994"
"74.4400","1.2388","22.6767"
"74.4600","1.2391","22.7571"
"74.4800","1.2395","22.7503"
"74.5000","1.2399","22.7730"
"74.5200","1.2403","22.7442"
"74.5400","1.2406","22.7611"
"74.5600","1.2409","22.8153"
"74.5800","1.2413","22.9047"
"74.6000","1.2416","22.9072"
"74.6200","1.2419","22.8764"
"74.6400","1.2423","22.7717"
"74.6600","1.2427","22.8203"
"74.6800","1.2430","22.8219"
"74.7000","1.2433","22.8818"
"74.7200","1.2436","22.9171"
"74.7400","1.2439","22.9247"
"74.7600","1.2441","22.8253"
"74.7800","1.2444","22.8015"
"74.8000","1.2447","22.8272"
"74.8200","1.2451","22.9069"
"74.8400","1.2455","22.9527"
"74.8600","1.2458","23.0049"
"74.8800","1.2462","23.0334"
"74.9000","1.2465","23.0181"
"74.9200","1.2467","22.9746"
"74.9400","1.2470","22.9556"
"74.9600","1.2474","22.8843"
"74.9800","1.2477","22.9416"
"75.0000","1.2482","22.9723"
"75.0200","1.2487","23.0345"
"75.0400","1.2491","23.0584"
"75.0600","1.2494","23.0903"
"75.0800","1.2497","23.0887"
"75.1000","1.2499","23.0056"
"75.1200","1.2502","23.0250"
"75.1400","1.2504","23.1299"
"75.1600","1.2508","23.2088"
"75.1800","1.2511","23.1837"
"75.2000","1.2515","23.1573"
"75.2200","1.2519","23.1161"
"75.2400","1.2522","23.0687"
"75.2600","1.2526","23.0643"
"75.2800","1.2529","23.0569"
"75.3000","1.2532","23.0753"
"75.3200","1.2536","23.1682"
"75.3400","1.2539","23.2006"
"75.3600","1.2543","23.2240"
"75.3800","1.2547","23.2313"
"75.4000","1.2550","23.1572"
"75.4200","1.2553","23.1436"
"75.4400","1.2555","23.1440"
"75.4600","1.2558","23.1731"
"75.4800","1.2561","23.1938"
"75.5000","1.2565","23.2489"
"75.5200","1.2569","23.2862"
"75.5400","1.2572","23.2855"
"75.5600","1.2575","23.2961"
"75.5800","1.2579","23.3160"
"75.6000","1.2581","23.2059"
"75.6200","1.2584","23.2022"
"75.6400","1.2587","23.2985"
"75.6600","1.2591","23.2835"
"75.6800","1.2595","23.2042"
"75.7000","1.2600","23.1264"
"75.7200","1.2604","23.1974"
"75.7400","1.2608","23.3075"
"75.7600","1.2610","23.3368"
"75.7800","1.2613","23.3722"
"75.8000","1.2615","23.3190"
"75.8200","1.2618","23.3204"
"75.8400","1.2621","23.4090"
"75.8600","1.2624","23.4515"
"75.8800","1.2628","23.4072"
"75.9000","1.2632","23.3865"
"75.9200","1.2635","23.3908"
"75.9400","1.2639","23.4281"
"75.9600","1.2642","23.5064"
"75.9800","1.2645","23.5409"
"76.0000","1.2648","23.4705"
"76.0200","1.2652","23.4670"
"76.0400","1.2657","23.5066"
"76.0600","1.2660","23.5891"
"76.0800","1.2664","23.5585"
"76.1000","1.2666","23.5277"
"76.1200","1.2669","23.5350"
"76.1400","1.2671","23.6068"
"76.1600","1.2674","23.6412"
"76.1800","1.2678","23.6323"
"76.2000","1.2681","23.6107"
"76.2200","1.2685","23.5975"
"76.2400","1.2688","23.5888"
"76.2600","1.2692","23.5762"
"76.2800","1.2695","23.6167"
"76.3000","1.2697","23.5997"
"76.3200","1.2700","23.6814"
"76.3400","1.2704","23.6846"
"76.3600","1.2708","23.6418"
"76.3800","1.2712","23.6366"
"76.4000","1.2717","23.6090"
"76.4200","1.2721","23.6143"
"76.4400","1.2724","23.5860"
"76.4600","1.2726","23.6101"
"76.4800","1.2729","23.6755"
"76.5000","1.2731","23.6783"
"76.5200","1.2734","23.7215"
"76.5400","1.2738","23.7813"
"76.5600","1.2742","23.7492"
"76.5800","1.2745","23.7915"
"76.6000","1.2749","23.7317"
"76.6200","1.2752","23.7267"
"76.6400","1.2755","23.7633"
"76.6600","1.2759","23.7666"
"76.6800","1.2762","23.8569"
"76.7000","1.2766","23.9381"
"76.7200","1.2770","23.9533"
"76.7400","1.2774","23.8885"
"76.7600","1.2777","23.7783"
"76.7800","1.2780","23.9101"
"76.8000","1.2783","23.9048"
"76.8200","1.2785","23.8768"
"76.8400","1.2788","23.7962"
"76.8600","1.2791","23.8389"
"76.8800","1.2795","23.8869"
"76.9000","1.2798","23.9560"
"76.9200","1.2802","23.9123"
"76.9400","1.2805","23.8805"
"76.9600","1.2808","23.8602"
"76.9800","1.2811","23.9695"
"77.0000","1.2814","24.0072"
"77.0200","1.2817","24.0833"
"77.0400","1.2821","23.9921"
"77.0600","1.2825","23.9175"
"77.0800","1.2829","23.8903"
"77.1000","1.2834","24.0216"
"77.1200","1.2837","24.0579"
"77.1400","1.2840","24.0883"
"77.1600","1.2842","24.0984"
"77.1800","1.2845","24.0662"
"77.2000","1.2848","24.1187"
"77.2200","1.2851","24.1897"
"77.2400","1.2855","24.2615"
"77.2600","1.2859","24.2512"
"77.2800","1.2862","24.0798"
"77.3000","1.2866","24.0779"
"77.3200","1.2869","24.1322"
"77.3400","1.2872","24.1417"
"77.3600","1.2875","24.1783"
"77.3800","1.2879","24.1626"
"77.4000","1.2883","24.1018"
"77.4200","1.2887","24.1424"
"77.4400","1.2891","24.2143"
"77.4600","1.2894","24.2255"
"77.4800","1.2896","24.1361"
"77.5000","1.2899","24.1576"
"77.5200","1.2902","24.2657"
"77.5400","1.2905","24.2536"
"77.5600","1.2908","24.2485"
"77.5800","1.2912","24.3010"
"77.6000","1.2915","24.3638"
"77.6200","1.2919","24.3255"
"77.6400","1.2922","24.2964"
"77.6600","1.2925","24.3335"
"77.6800","1.2927","24.2934"
"77.7000","1.2930","24.3142"
"77.7200","1.2934","24.3160"
"77.7400","1.2938","24.2988"
"77.7600","1.2942","24.3439"
"77.7800","1.2947","24.3586"
"77.8000","1.2951","24.4177"
"77.8200","1.2954","24.4428"
"77.8400","1.2956","24.3954"
"77.8600","1.2959","24.3889"
"77.8800","1.2962","24.4218"
"77.9000","1.2965","24.4221"
"77.9200","1.2968","24.4519"
"77.9400","1.2972","24.5208"
"77.9600","1.2976","24.6169"
"77.9800","1.2979","24.5819"
"78.0000","1.2982","24.5635"
"78.0200","1.2985","24.4210"
"78.0400","1.2988","24.3870"
"78.0600","1.2992","24.4083"
"78.0800","1.2996","24.4671"
"78.1000","1.3000","24.5684"
"78.1200","1.3004","24.5262"
"78.1400","1.3007","24.4490"
"78.1600","1.3010","24.5185"
"78.1800","1.3013","24.5717"
"78.2000","1.3015","24.6000"
"78.2200","1.3018","24.5514"
"78.2400","1.3022","24.4997"
"78.2600","1.3025","24.5002"
"78.2800","1.3029","24.5065"
"78.3000","1.3032","24.6943"
"78.3200","1.3036","24.6816"
"78.3400","1.3039","24.6059"
"78.3600","1.3041","24.6252"
"78.3800","1.3044","24.6503"
"78.4000","1.3047","24.6723"
"78.4200","1.3050","24.6868"
"78.4400","1.3055","24.7411"
"78.4600","1.3059","24.8061"
"78.4800","1.3063","24.7914"
"78.5000","1.3067","24.8162"
"78.5200","1.3069","24.7380"
"78.5400","1.3072","24.7594"
"78.5600","1.3075","24.8360"
"78.5800","1.3077","24.7728"
"78.6000","1.3081","24.7188"
"78.6200","1.3084","24.7842"
"78.6400","1.3088","24.8036"
"78.6600","1.3092","24.8084"
"78.6800","1.3095","24.8149"
"78.7000","1.3098","24.8567"
"78.7200","1.3102","24.8852"
"78.7400","1.3105","24.8975"
"78.7600","1.3109","24.8859"
"78.7800","1.3113","24.9421"
"78.8000","1.3117","24.9468"
"78.8200","1.3121","24.8626"
"78.8400","1.3124","24.8815"
"78.8600","1.3126","24.9292"
"78.8800","1.3129","24.9432"
"78.9000","1.3132","24.8937"
"78.9200","1.3135","24.7883"
"78.9400","1.3138","24.8416"
"78.9600","1.3142","24.9264"
"78.9800","1.3146","25.0021"
"79.0000","1.3149","25.0003"
"79.0200","1.3152","24.9525"
"79.0400","1.3155","24.9804"
"79.0600","1.3157","25.0008"
"79.0800","1.3160","25.0366"
"79.1000","1.3164","25.0486"
"79.1200","1.3168","25.0713"
"79.1400","1.3172","25.0880"
"79.1600","1.3177","25.0700"
"79.1800","1.3180","25.0761"
"79.2000","1.3183","25.0740"
"79.2200","1.3186","25.0949"
"79.2400","1.3188","25.1249"
"79.2600","1.3191","25.1056"
"79.2800","1.3194","25.0933"
"79.3000","1.3198","25.1329"
"79.3200","1.3202","25.1464"
"79.3400","1.3205","25.2224"
"79.3600","1.3209","25.1951"
"79.3800","1.3212","25.2111"
"79.4000","1.3215","25.2487"
"79.4200","1.3218","25.1396"
"79.4400","1.3222","25.2202"
"79.4600","1.3226","25.2576"
"79.4800","1.3230","25.2726"
"79.5000","1.3234","25.2380"
"79.5200","1.3237","25.2907"
"79.5400","1.3240","25.3185"
"79.5600","1.3242","25.2711"
"79.5800","1.3245","25.2705"
"79.6000","1.3248","25.3230"
"79.6200","1.3251","25.4001"
"79.6400","1.3255","25.4744"
"79.6600","1.3259","25.3829"
"79.6800","1.3262","25.2919"
"79.7000","1.3266","25.2831"
"79.7200","1.3268","25.3111"
"79.7400","1.3271","25.3201"
"79.7600","1.3274","25.3259"
"79.7800","1.3277","25.4097"
"79.8000","1.3281","25.4020"
"79.8200","1.3285","25.3753"
"79.8400","1.3289","25.3640"
"79.8600","1.3294","25.3487"
"79.8800","1.3297","25.3258"
"79.9000","1.3300","25.3818"
"79.9200","1.3302","25.4083"
"79.9400","1.3305","25.4782"
"79.9600","1.3308","25.5651"
"79.9800","1.3311","25.5424"
"80.0000","1.3315","25.5221"
"80.0200","1.3318","25.4849"
"80.0400","1.3322","25.5317"
"80.0600","1.3325","25.5100"
"80.0800","1.3328","25.4154"
"80.1000","1.3331","25.4239"
"80.1200","1.3335","25.4967"
"80.1400","1.3339","25.5167"
"80.1600","1.3343","25.5388"
"80.1800","1.3347","25.5340"
"80.2000","1.3350","25.4870"
"80.2200","1.3353","25.5714"
"80.2400","1.3356","25.6238"
"80.2600","1.3358","25.6164"
"80.2800","1.3361","25.6656"
"80.3000","1.3364","25.5557"
"80.3200","1.3368","25.5972"
"80.3400","1.3371","25.6198"
"80.3600","1.3375","25.6063"
"80.3800","1.3379","25.5908"
"80.4000","1.3382","25.6266"
"80.4200","1.3385","25.6641"
"80.4400","1.3388","25.5878"
"80.4600","1.3391","25.5732"
"80.4800","1.3395","25.7185"
"80.5000","1.3399","25.7127"
"80.5200","1.3403","25.7584"
"80.5400","1.3407","25.7855"
"80.5600","1.3411","25.7171"
"80.5800","1.3414","25.7096"
"80.6000","1.3416","25.7335"
"80.6200","1.3419","25.7744"
"80.6400","1.3422","25.8749"
"80.6600","1.3425","25.8508"
"80.6800","1.3428","25.8012"
"80.7000","1.3432","25.8292"
"80.7200","1.3436","25.7422"
"80.7400","1.3439","25.7757"
"80.7600","1.3442","25.8286"
"80.7800","1.3445","25.8579"
"80.8000","1.3449","25.8922"
"80.8200","1.3452","25.9087"
"80.8400","1.3456","25.8842"
"80.8600","1.3460","25.8279"
"80.8800","1.3464","25.8250"
"80.9000","1.3467","25.9404"
"80.9200","1.3470","25.9590"
"80.9400","1.3472","25.9773"
"80.9600","1.3475","25.9394"
"80.9800","1.3478","25.9972"
"81.0000","1.3481","26.0331"
"81.0200","1.3485","25.9645"
"81.0400","1.3489","25.9488"
"81.0600","1.3493","25.9719"
"81.0800","1.3496","26.0122"
"81.1000","1.3499","26.0583"
"81.1200","1.3502","26.0672"
"81.1400","1.3504","26.0439"
"81.1600","1.3508","26.1025"
"81.1800","1.3511","26.1068"
"81.2000","1.3516","26.0385"
"81.2200","1.3520","26.0687"
"81.2400","1.3524","26.0786"
"81.2600","1.3527","26.1021"
"81.2800","1.3530","26.0948"
"81.3000","1.3532","26.0794"
"81.3200","1.3535","26.0628"
"81.3400","1.3538","26.0409"
"81.3600","1.3541","26.0629"
"81.3800","1.3545","26.1262"
"81.4000","1.3549","26.2035"
"81.4200","1.3552","26.1817"
"81.4400","1.3555","26.2404"
"81.4600","1.3559","26.2205"
"81.4800","1.3562","26.1552"
"81.5000","1.3566","26.0959"
"81.5200","1.3570","26.1653"
"81.5400","1.3574","26.2338"
"81.5600","1.3578","26.3102"
"81.5800","1.3581","26.2478"
"81.6000","1.3584","26.1831"
"81.6200","1.3586","26.2123"
"81.6400","1.3589","26.3485"
"81.6600","1.3591","26.3659"
"81.6800","1.3594","26.2891"
"81.7000","1.3598","26.2518"
"81.7200","1.3602","26.2842"
"81.7400","1.3606","26.2949"
"81.7600","1.3609","26.2623"
"81.7800","1.3612","26.2759"
"81.8000","1.3615","26.3702"
"81.8200","1.3618","26.4643"
"81.8400","1.3621","26.4007"
"81.8600","1.3624","26.4232"
"81.8800","1.3628","26.3843"
"81.9000","1.3633","26.2976"
"81.9200","1.3637","26.3178"
"81.9400","1.3641","26.3988"
"81.9600","1.3643","26.4989"
"81.9800","1.3646","26.4566"
"82.0000","1.3648","26.4913"
"82.0200","1.3651","26.5315"
"82.0400","1.3654","26.5774"
"82.0600","1.3658","26.5566"
"82.0800","1.3661","26.4728"
"82.1000","1.3665","26.4800"
"82.1200","1.3669","26.5469"
"82.1400","1.3672","26.5635"
"82.1600","1.3675","26.5359"
"82.1800","1.3678","26.5665"
"82.2000","1.3682","26.5651"
"82.2200","1.3686","26.5213"
"82.2400","1.3690","26.5290"
"82.2600","1.3694","26.5873"
"82.2800","1.3697","26.6846"
"82.3000","1.3700","26.6706"
"82.3200","1.3702","26.6471"
"82.3400","1.3705","26.6265"
"82.3600","1.3708","26.6610"
"82.3800","1.3711","26.6265"
"82.4000","1.3715","26.6338"
"82.4200","1.3718","26.6834"
"82.4400","1.3722","26.7136"
"82.4600","1.3726","26.7182"
"82.4800","1.3728","26.7048"
"82.5000","1.3731","26.7857"
"82.5200","1.3734","26.8086"
"82.5400","1.3737","26.7366"
"82.5600","1.3741","26.6635"
"82.5800","1.3746","26.6525"
"82.6000","1.3750","26.6661"
"82.6200","1.3754","26.6866"
"82.6400","1.3757","26.7626"
"82.6600","1.3760","26.6950"
"82.6800","1.3762","26.7134"
"82.7000","1.3765","26.7654"
"82.7200","1.3768","26.8784"
"82.7400","1.3771","26.8782"
"82.7600","1.3774","26.8339"
"82.7800","1.3778","26.8293"
"82.8000","1.3782","26.8574"
"82.8200","1.3785","26.8568"
"82.8400","1.3788","26.8595"
"82.8600","1.3791","26.9456"
"82.8800","1.3795","26.9758"
"82.9000","1.3799","26.9369"
"82.9200","1.3803","26.9461"
"82.9400","1.3807","27.0097"
"82.9600","1.3810","26.9598"
"82.9800","1.3813","26.9543"
"83.0000","1.3816","26.9915"
"83.0200","1.3818","27.0497"
"83.0400","1.3821","27.0578"
"83.0600","1.3824","27.0602"
"83.0800","1.3828","27.0963"
"83.1000","1.3832","27.0658"
"83.1200","1.3835","26.9944"
"83.1400","1.3839","26.9856"
"83.1600","1.3842","27.0161"
"83.1800","1.3845","27.0522"
"83.2000","1.3848","27.0709"
"83.2200","1.3851","27.0929"
"83.2400","1.3854","27.1423"
"83.2600","1.3859","27.0535"
"83.2800","1.3863","27.0291"
"83.3000","1.3867","27.1541"
"83.3200","1.3871","27.2005"
"83.3400","1.3874","27.2198"
"83.3600","1.3876","27.1927"
"83.3800","1.3878","27.2140"
"83.4000","1.3881","27.1460"
"83.4200","1.3884","27.1339"
"83.4400","1.3888","27.1524"
"83.4600","1.3891","27.0650"
"83.4800","1.3895","27.1083"
"83.5000","1.3898","27.1988"
"83.5200","1.3902","27.2868"
"83.5400","1.3905","27.2219"
"83.5600","1.3908","27.1532"
"83.5800","1.3912","27.2104"
"83.6000","1.3916","27.2516"
"83.6200","1.3920","27.2319"
"83.6400","1.3924","27.2089"
"83.6600","1.3927","27.2239"
"83.6800","1.3930","27.2805"
"83.7000","1.3932","27.3352"
"83.7200","1.3935","27.4247"
"83.7400","1.3938","27.3446"
"83.7600","1.3941","27.3695"
"83.7800","1.3945","27.3449"
"83.8000","1.3949","27.3907"
"83.8200","1.3952","27.3990"
"83.8400","1.3955","27.3970"
"83.8600","1.3958","27.3669"
"83.8800","1.3961","27.3811"
"83.9000","1.3964","27.4408"
"83.9200","1.3967","27.4237"
"83.9400","1.3971","27.4236"
"83.9600","1.3976","27.4003"
"83.9800","1.3980","27.4270"
"84.0000","1.3984","27.5449"
"84.0200","1.3988","27.5198"
"84.0400","1.3990","27.5183"
"84.0600","1.3992","27.4457"
"84.0800","1.3995","27.4890"
"84.1000","1.3998","27.5387"
"84.1200","1.4001","27.6039"
"84.1400","1.4005","27.6242"
"84.1600","1.4008","27.5606"
"84.1800","1.4012","27.5252"
"84.2000","1.4015","27.4768"
"84.2200","1.4019","27.5931"
"84.2400","1.4022","27.5782"
"84.2600","1.4026","27.5942"
"84.2800","1.4029","27.5858"
"84.3000","1.4034","27.6031"
"84.3200","1.4037","27.6281"
"84.3400","1.4041","27.6170"
"84.3600","1.4043","27.6176"
"84.3800","1.4046","27.5782"
"84.4000","1.4048","27.6063"
"84.4200","1.4051","27.6639"
"84.4400","1.4054","27.6549"
"84.4600","1.4058","27.6585"
"84.4800","1.4062","27.7927"
"84.5000","1.4066","27.8321"
"84.5200","1.4069","27.8546"
"84.5400","1.4072","27.7574"
"84.5600","1.4075","27.7786"
"84.5800","1.4078","27.7872"
"84.6000","1.4081","27.8361"
"84.6200","1.4084","27.8088"
"84.6400","1.4088","27.7588"
"84.6600","1.4093","27.7732"
"84.6800","1.4098","27.7691"
"84.7000","1.4101","27.7574"
"84.7200","1.4104","27.8023"
"84.7400","1.4106","27.8990"
"84.7600","1.4109","27.8210"
"84.7800","1.4112","27.8111"
"84.8000","1.4115","27.8005"
"84.8200","1.4118","27.8551"
"84.8400","1.4122","27.8539"
"84.8600","1.4125","27.7990"
"84.8800","1.4129","27.8633"
"84.9000","1.4132","27.9037"
"84.9200","1.4135","27.9358"
"84.9400","1.4138","27.9374"
"84.9600","1.4142","27.9529"
"84.9800","1.4146","28.0286"
"85.0000","1.4150","27.9658"
"85.0200","1.4154","27.9593"
"85.0400","1.4157","27.9649"
"85.0600","1.4159","28.0023"
"85.0800","1.4162","28.0392"
"85.1000","1.4165","28.0303"
"85.1200","1.4167","28.0940"
"85.1400","1.4171","28.1972"
"85.1600","1.4175","28.1096"
"85.1800","1.4179","28.0546"
"85.2000","1.4183","28.0033"
"85.2200","1.4186","28.0863"
"85.2400","1.4189","28.0749"
"85.2600","1.4191","28.0328"
"85.2800","1.4194","27.9965"
"85.3000","1.4198","27.9804"
"85.3200","1.4202","28.1180"
"85.3400","1.4206","28.1630"
"85.3600","1.4211","28.1580"
"85.3800","1.4214","28.1518"
"85.4000","1.4217","28.1055"
"85.4200","1.4220","28.1477"
"85.4400","1.4222","28.2371"
"85.4600","1.4225","28.2182"
"85.4800","1.4228","28.1600"
"85.5000","1.4231","28.1841"
"85.5200","1.4235","28.1421"
"85.5400","1.4239","28.2075"
"85.5600","1.4242","28.2764"
"85.5800","1.4245","28.3352"
"85.6000","1.4248","28.2848"
"85.6200","1.4252","28.2011"
"85.6400","1.4255","28.1984"
"85.6600","1.4259","28.2952"
"85.6800","1.4263","28.3497"
"85.7000","1.4267","28.3061"
"85.7200","1.4270","28.2682"
"85.7400","1.4273","28.3053"
"85.7600","1.4276","28.2568"
"85.7800","1.4278","28.3289"
"85.8000","1.4281","28.3135"
"85.8200","1.4284","28.3202"
"85.8400","1.4288","28.4304"
"85.8600","1.4292","28.4229"
"85.8800","1.4296","28.3506"
"85.9000","1.4299","28.4279"
"85.9200","1.4302","28.4819"
"85.9400","1.4305","28.4496"
"85.9600","1.4308","28.4762"
"85.9800","1.4311","28.4548"
"86.0000","1.4314","28.4973"
"86.0200","1.4319","28.4861"
"86.0400","1.4323","28.4602"
"86.0600","1.4327","28.4861"
"86.0800","1.4331","28.4604"
"86.1000","1.4333","28.5382"
"86.1200","1.4336","28.5339"
"86.1400","1.4338","28.6265"
"86.1600","1.4341","28.5406"
"86.1800","1.4344","28.5137"
"86.2000","1.4348","28.5668"
"86.2200","1.4352","28.5677"
"86.2400","1.4355","28.5893"
"86.2600","1.4359","28.5677"
"86.2800","1.4362","28.5190"
"86.3000","1.4365","28.5678"
"86.3200","1.4369","28.5623"
"86.3400","1.4372","28.4977"
"86.3600","1.4377","28.5203"
"86.3800","1.4381","28.5737"
"86.4000","1.4384","28.6215"
"86.4200","1.4387","28.6411"
"86.4400","1.4389","28.6241"
"86.4600","1.4392","28.5967"
"86.4800","1.4395","28.5827"
"86.5000","1.4398","28.6443"
"86.5200","1.4401","28.6324"
"86.5400","1.4404","28.7456"
"86.5600","1.4408","28.6699"
"86.5800","1.4412","28.8047"
"86.6000","1.4415","28.8368"
"86.6200","1.4418","28.7798"
"86.6400","1.4421","28.7166"
"86.6600","1.4424","28.8053"
"86.6800","1.4427","28.8278"
"86.7000","1.4431","28.8243"
"86.7200","1.4436","28.8524"
"86.7400","1.4440","28.8734"
"86.7600","1.4444","28.8337"
"86.7800","1.4447","28.8053"
"86.8000","1.4450","28.8321"
"86.8200","1.4452","28.8473"
"86.8400","1.4455","28.8360"
"86.8600","1.4458","28.8780"
"86.8800","1.4461","28.9115"
"86.9000","1.4465","28.8944"
"86.9200","1.4469","28.8874"
"86.9400","1.4472","28.9345"
"86.9600","1.4475","28.9524"
"86.9800","1.4479","28.9688"
"87.0000","1.4482","28.8917"
"87.0200","1.4485","28.8401"
"87.0400","1.4489","28.8504"
"87.0600","1.4493","28.9600"
"87.0800","1.4497","28.9853"
"87.1000","1.4500","28.9701"
"87.1200","1.4503","28.9640"
"87.1400","1.4505","29.0602"
"87.1600","1.4508","29.1209"
"87.1800","1.4511","29.0602"
"87.2000","1.4514","29.0777"
"87.2200","1.4517","29.1531"
"87.2400","1.4521","29.0642"
"87.2600","1.4525","29.0345"
"87.2800","1.4529","29.0432"
"87.3000","1.4532","29.1419"
"87.3200","1.4535","29.1098"
"87.3400","1.4538","29.0514"
"87.3600","1.4541","28.9980"
"87.3800","1.4545","29.0469"
"87.4000","1.4549","29.1051"
"87.4200","1.4554","29.1796"
"87.4400","1.4558","29.1480"
"87.4600","1.4561","29.1162"
"87.4800","1.4563","29.0833"
"87.5000","1.4565","29.0464"
"87.5200","1.4568","29.1504"
"87.5400","1.4571","29.2412"
"87.5600","1.4574","29.2133"
"87.5800","1.4578","29.1242"
"87.6000","1.4582","29.2269"
"87.6200","1.4586","29.3041"
"87.6400","1.4589","29.2814"
"87.6600","1.4592","29.3087"
"87.6800","1.4595","29.2864"
"87.7000","1.4599","29.2345"
"87.7200","1.4602","29.2517"
"87.7400","1.4606","29.2390"
"87.7600","1.4610","29.3166"
"87.7800","1.4614","29.3182"
"87.8000","1.4617","29.3127"
"87.8200","1.4619","29.3057"
"87.8400","1.4622","29.4103"
"87.8600","1.4624","29.4391"
"87.8800","1.4628","29.3681"
"87.9000","1.4631","29.3830"
"87.9200","1.4635","29.3735"
"87.9400","1.4639","29.3057"
"87.9600","1.4642","29.2763"
"87.9800","1.4646","29.3163"
"88.0000","1.4648","29.4338"
"88.0200","1.4651","29.5044"
"88.0400","1.4654","29.5386"
"88.0600","1.4658","29.5088"
"88.0800","1.4662","29.5273"
"88.1000","1.4667","29.5829"
"88.1200","1.4671","29.5387"
"88.1400","1.4674","29.5064"
"88.1600","1.4677","29.5052"
"88.1800","1.4679","29.5263"
"88.2000","1.4682","29.5324"
"88.2200","1.4685","29.5667"
"88.2400","1.4688","29.5808"
"88.2600","1.4691","29.5074"
"88.2800","1.4695","29.4987"
"88.3000","1.4699","29.4735"
"88.3200","1.4703","29.5238"
"88.3400","1.4706","29.6303"
"88.3600","1.4709","29.6373"
"88.3800","1.4712","29.6519"
"88.4000","1.4716","29.7118"
"88.4200","1.4720","29.6809"
"88.4400","1.4723","29.6750"
"88.4600","1.4727","29.6922"
"88.4800","1.4730","29.7201"
"88.5000","1.4733","29.7111"
"88.5200","1.4735","29.7208"
"88.5400","1.4738","29.7514"
"88.5600","1.4741","29.7127"
"88.5800","1.4744","29.6242"
"88.6000","1.4748","29.7081"
"88.6200","1.4752","29.7007"
"88.6400","1.4755","29.7165"
"88.6600","1.4759","29.8117"
"88.6800","1.4761","29.8125"
"88.7000","1.4764","29.7980"
"88.7200","1.4767","29.8378"
"88.7400","1.4771","29.9371"
"88.7600","1.4775","29.8622"
"88.7800","1.4779","29.8010"
"88.8000","1.4784","29.8449"
"88.8200","1.4788","29.8667"
"88.8400","1.4791","29.8275"
"88.8600","1.4793","29.9122"
"88.8800","1.4795","29.9734"
"88.9000","1.4798","30.0125"
"88.9200","1.4801","29.9900"
"88.9400","1.4804","29.9737"
"88.9600","1.4808","29.9310"
"88.9800","1.4812","29.9164"
"89.0000","1.4816","29.9680"
"89.0200","1.4820","30.0054"
"89.0400","1.4823","29.8907"
"89.0600","1.4826","29.8566"
"89.0800","1.4829","29.8925"
"89.1000","1.4833","29.9004"
"89.1200","1.4837","29.9423"
"89.1400","1.4840","29.9820"
"89.1600","1.4844","30.0219"
"89.1800","1.4847","30.0170"
"89.2000","1.4849","29.9106"
"89.2200","1.4852","29.9038"
"89.2400","1.4854","29.9061"
"89.2600","1.4858","30.0013"
"89.2800","1.4861","30.1688"
"89.3000","1.4865","30.1625"
"89.3200","1.4868","30.0646"
"89.3400","1.4872","30.0465"
"89.3600","1.4875","30.1421"
"89.3800","1.4878","30.1094"
"89.4000","1.4880","30.0584"
"89.4200","1.4884","30.1030"
"89.4400","1.4887","30.0879"
"89.4600","1.4892","30.1058"
"89.4800","1.4897","30.1139"
"89.5000","1.4901","30.2393"
"89.5200","1.4904","30.2671"
"89.5400","1.4907","30.2279"
"89.5600","1.4910","30.2103"
"89.5800","1.4912","30.2475"
"89.6000","1.4915","30.3815"
"89.6200","1.4918","30.3437"
"89.6400","1.4922","30.2249"
"89.6600","1.4925","30.2391"
"89.6800","1.4929","30.2266"
"89.7000","1.4932","30.3411"
"89.7200","1.4936","30.3518"
"89.7400","1.4939","30.4152"
"89.7600","1.4942","30.3761"
"89.7800","1.4946","30.3439"
"89.8000","1.4949","30.3311"
"89.8200","1.4953","30.3138"
"89.8400","1.4957","30.3130"
"89.8600","1.4960","30.3510"
"89.8800","1.4963","30.3399"
"89.9000","1.4965","30.3653"
"89.9200","1.4968","30.4515"
"89.9400","1.4971","30.4951"
"89.9600","1.4975","30.4953"
"89.9800","1.4978","30.4344"
"90.0000","1.4982","30.4827"
"90.0200","1.4985","30.4380"
"90.0400","1.4988","30.5269"
"90.0600","1.4991","30.5779"
"90.0800","1.4994","30.5803"
"90.1000","1.4997","30.5164"
"90.1200","1.5000","30.5552"
"90.1400","1.5005","30.5647"
"90.1600","1.5009","30.5487"
"90.1800","1.5014","30.5528"
"90.2000","1.5017","30.5033"
"90.2200","1.5020","30.5096"
"90.2400","1.5023","30.5254"
"90.2600","1.5025","30.5135"
"90.2800","1.5028","30.5051"
"90.3000","1.5031","30.4794"
"90.3200","1.5034","30.5471"
"90.3400","1.5038","30.5841"
"90.3600","1.5042","30.6567"
"90.3800","1.5045","30.6856"
"90.4000","1.5049","30.7007"
"90.4200","1.5052","30.6232"
"90.4400","1.5055","30.5976"
"90.4600","1.5058","30.6023"
"90.4800","1.5062","30.6178"
"90.5000","1.5066","30.6348"
"90.5200","1.5070","30.6778"
"90.5400","1.5074","30.6855"
"90.5600","1.5076","30.7068"
"90.5800","1.5079","30.7887"
"90.6000","1.5082","30.7714"
"90.6200","1.5084","30.6335"
"90.6400","1.5088","30.6312"
"90.6600","1.5091","30.7380"
"90.6800","1.5095","30.7584"
"90.7000","1.5098","30.8328"
"90.7200","1.5102","30.8267"
"90.7400","1.5105","30.7070"
"90.7600","1.5108","30.6939"
"90.7800","1.5111","30.8616"
"90.8000","1.5114","30.9077"
"90.8200","1.5118","30.8575"
"90.8400","1.5122","30.8740"
"90.8600","1.5126","30.8187"
"90.8800","1.5130","30.8966"
"90.9000","1.5134","30.8914"
"90.9200","1.5137","30.9291"
"90.9400","1.5139","30.9615"
"90.9600","1.5142","30.9338"
"90.9800","1.5144","30.9496"
"91.0000","1.5148","30.9221"
"91.0200","1.5151","30.8977"
"91.0400","1.5155","30.8384"
"91.0600","1.5159","30.8616"
"91.0800","1.5162","30.9413"
"91.1000","1.5165","30.9694"
"91.1200","1.5168","30.9582"
"91.1400","1.5172","31.0117"
"91.1600","1.5176","31.1276"
"91.1800","1.5180","31.0918"
"91.2000","1.5184","31.0202"
"91.2200","1.5187","31.0278"
"91.2400","1.5190","31.0430"
"91.2600","1.5193","31.1244"
"91.2800","1.5195","31.0897"
"91.3000","1.5198","31.0551"
"91.3200","1.5201","31.0032"
"91.3400","1.5205","31.0453"
"91.3600","1.5208","31.1129"
"91.3800","1.5212","31.0912"
"91.4000","1.5216","31.1429"
"91.4200","1.5219","31.1233"
"91.4400","1.5221","31.1539"
"91.4600","1.5224","31.1592"
"91.4800","1.5227","31.0422"
"91.5000","1.5231","31.0820"
"91.5200","1.5235","31.1651"
"91.5400","1.5239","31.1576"
"91.5600","1.5244","31.1323"
"91.5800","1.5247","31.1603"
"91.6000","1.5250","31.1240"
"91.6200","1.5253","31.1536"
"91.6400","1.5255","31.1845"
"91.6600","1.5258","31.2705"
"91.6800","1.5261","31.3104"
"91.7000","1.5265","31.2617"
"91.7200","1.5269","31.2989"
"91.7400","1.5272","31.3977"
"91.7600","1.5276","31.3559"
"91.7800","1.5279","31.3038"
"91.8000","1.5282","31.3113"
"91.8200","1.5285","31.3468"
"91.8400","1.5289","31.3875"
"91.8600","1.5293","31.4239"
"91.8800","1.5297","31.3781"
"91.9000","1.5301","31.3061"
"91.9200","1.5304","31.3544"
"91.9400","1.5307","31.3828"
"91.9600","1.5309","31.2864"
"91.9800","1.5312","31.3289"
"92.0000","1.5315","31.3618"
"92.0200","1.5318","31.3719"
"92.0400","1.5322","31.2992"
"92.0600","1.5325","31.4498"
"92.0800","1.5329","31.4749"
"92.1000","1.5332","31.4009"
"92.1200","1.5335","31.4229"
"92.1400","1.5338","31.4764"
"92.1600","1.5340","31.4765"
"92.1800","1.5344","31.4455"
"92.2000","1.5347","31.4469"
"92.2200","1.5352","31.5092"
"92.2400","1.5357","31.5434"
"92.2600","1.5361","31.6395"
"92.2800","1.5364","31.5496"
"92.3000","1.5366","31.5697"
"92.3200","1.5369","31.5423"
"92.3400","1.5372","31.5062"
"92.3600","1.5375","31.5516"
"92.3800","1.5378","31.6089"
"92.4000","1.5382","31.5533"
"92.4200","1.5386","31.5450"
"92.4400","1.5389","31.5400"
"92.4600","1.5392","31.5620"
"92.4800","1.5395","31.6040"
"92.5000","1.5398","31.6502"
"92.5200","1.5402","31.6995"
"92.5400","1.5406","31.6988"
"92.5600","1.5410","31.6924"
"92.5800","1.5414","31.6579"
"92.6000","1.5417","31.6425"
"92.6200","1.5420","31.6854"
"92.6400","1.5423","31.6937"
"92.6600","1.5425","31.7567"
"92.6800","1.5428","31.8053"
"92.7000","1.5431","31.7372"
"92.7200","1.5435","31.7656"
"92.7400","1.5439","31.7519"
"92.7600","1.5442","31.7172"
"92.7800","1.5446","31.7936"
"92.8000","1.5449","31.8074"
"92.8200","1.5451","31.7596"
"92.8400","1.5454","31.8317"
"92.8600","1.5457","31.8440"
"92.8800","1.5460","31.8363"
"92.9000","1.5465","31.8733"
"92.9200","1.5469","31.8396"
"92.9400","1.5473","31.8606"
"92.9600","1.5477","31.8699"
"92.9800","1.5480","31.8079"
"93.0000","1.5482","31.8507"
"93.0200","1.5485","31.8857"
"93.0400","1.5488","31.9642"
"93.0600","1.5491","31.9645"
"93.0800","1.5494","31.9605"
"93.1000","1.5498","32.0460"
"93.1200","1.5502","32.0466"
"93.1400","1.5505","32.0036"
"93.1600","1.5509","31.9738"
"93.1800","1.5512","31.9946"
"93.2000","1.5515","31.9891"
"93.2200","1.5518","31.9759"
"93.2400","1.5523","32.0199"
"93.2600","1.5527","32.0542"
"93.2800","1.5531","32.1234"
"93.3000","1.5534","32.1835"
"93.3200","1.5536","32.1068"
"93.3400","1.5539","31.9965"
"93.3600","1.5542","32.0633"
"93.3800","1.5545","32.1174"
"93.4000","1.5548","32.1711"
"93.4200","1.5552","32.2713"
"93.4400","1.5556","32.2721"
"93.4600","1.5559","32.2470"
"93.4800","1.5562","32.1569"
"93.5000","1.5565","32.0850"
"93.5200","1.5568","32.0553"
"93.5400","1.5570","32.1609"
"93.5600","1.5574","32.2068"
"93.5800","1.5578","32.2764"
"93.6000","1.5582","32.2272"
"93.6200","1.5587","32.2218"
"93.6400","1.5591","32.2234"
"93.6600","1.5594","32.2529"
"93.6800","1.5596","32.2862"
"93.7000","1.5598","32.2495"
"93.7200","1.5601","32.3526"
"93.7400","1.5604","32.3477"
"93.7600","1.5608","32.3921"
"93.7800","1.5611","32.3415"
"93.8000","1.5615","32.3309"
"93.8200","1.5619","32.3015"
"93.8400","1.5622","32.3135"
"93.8600","1.5625","32.3857"
"93.8800","1.5628","32.3643"
"93.9000","1.5632","32.2893"
"93.9200","1.5636","32.2716"
"93.9400","1.5640","32.3118"
"93.9600","1.5644","32.3703"
"93.9800","1.5647","32.3040"
"94.0000","1.5650","32.2964"
"94.0200","1.5653","32.4050"
"94.0400","1.5655","32.4783"
"94.0600","1.5658","32.3486"
"94.0800","1.5661","32.4324"
"94.1000","1.5665","32.5085"
"94.1200","1.5669","32.4894"
"94.1400","1.5672","32.4291"
"94.1600","1.5676","32.3993"
"94.1800","1.5679","32.4259"
"94.2000","1.5681","32.4691"
"94.2200","1.5684","32.5345"
"94.2400","1.5687","32.5163"
"94.2600","1.5690","32.4724"
"94.2800","1.5695","32.4948"
"94.3000","1.5699","32.5384"
"94.3200","1.5704","32.5806"
"94.3400","1.5707","32.6372"
"94.3600","1.5710","32.6447"
"94.3800","1.5712","32.6247"
"94.4000","1.5715","32.6113"
"94.4200","1.5718","32.5971"
"94.4400","1.5721","32.6531"
"94.4600","1.5725","32.7014"
"94.4800","1.5728","32.6590"
"94.5000","1.5732","32.6118"
"94.5200","1.5736","32.6645"
"94.5400","1.5739","32.6878"
"94.5600","1.5742","32.6855"
"94.5800","1.5745","32.7638"
"94.6000","1.5749","32.7812"
"94.6200","1.5753","32.7551"
"94.6400","1.5757","32.7652"
"94.6600","1.5761","32.7259"
"94.6800","1.5764","32.6851"
"94.7000","1.5766","32.7118"
"94.7200","1.5769","32.7139"
"94.7400","1.5771","32.7100"
"94.7600","1.5774","32.7165"
"94.7800","1.5778","32.7566"
"94.8000","1.5781","32.8135"
"94.8200","1.5785","32.8760"
"94.8400","1.5789","32.8184"
"94.8600","1.5792","32.8130"
"94.8800","1.5795","32.8900"
"94.9000","1.5798","32.9275"
"94.9200","1.5801","32.8490"
"94.9400","1.5805","32.8165"
"94.9600","1.5808","32.8662"
"94.9800","1.5813","32.8804"
"95.0000","1.5817","32.8823"
"95.0200","1.5821","32.9061"
"95.0400","1.5824","32.9368"
"95.0600","1.5827","33.0375"
"95.0800","1.5829","33.0298"
"95.1000","1.5832","32.9691"
"95.1200","1.5835","33.0058"
"95.1400","1.5838","33.0251"
"95.1600","1.5842","33.0586"
"95.1800","1.5846","33.0205"
"95.2000","1.5849","32.9914"
"95.2200","1.5852","32.9478"
"95.2400","1.5855","32.9986"
"95.2600","1.5859","33.0797"
"95.2800","1.5862","33.1552"
"95.3000","1.5866","33.1384"
"95.3200","1.5870","33.0825"
"95.3400","1.5874","33.0278"
"95.3600","1.5877","33.0217"
"95.3800","1.5880","32.9943"
"95.4000","1.5882","33.1254"
"95.4200","1.5885","33.1518"
"95.4400","1.5888","33.1983"
"95.4600","1.5891","33.1727"
"95.4800","1.5895","33.1551"
"95.5000","1.5899","33.1585"
"95.5200","1.5902","33.2746"
"95.5400","1.5906","33.2315"
"95.5600","1.5909","33.0986"
"95.5800","1.5911","33.0312"
"95.6000","1.5914","33.1039"
"95.6200","1.5917","33.2056"
"95.6400","1.5921","33.1640"
"95.6600","1.5925","33.1127"
"95.6800","1.5929","33.1843"
"95.7000","1.5933","33.2386"
"95.7200","1.5937","33.3329"
"95.7400","1.5940","33.3377"
"95.7600","1.5942","33.3061"
"95.7800","1.5944","33.3060"
"95.8000","1.5947","33.2764"
"95.8200","1.5950","33.3170"
"95.8400","1.5954","33.3059"
"95.8600","1.5958","33.2953"
"95.8800","1.5962","33.3828"
"95.9000","1.5965","33.4662"
"95.9200","1.5968","33.5178"
"95.9400","1.5971","33.4002"
"95.9600","1.5975","33.3557"
"95.9800","1.5979","33.4732"
"96.0000","1.5983","33.5029"
"96.0200","1.5987","33.4078"
"96.0400","1.5991","33.4056"
"96.0600","1.5994","33.3599"
"96.0800","1.5996","33.4374"
"96.1000","1.5999","33.4492"
"96.1200","1.6001","33.4394"
"96.1400","1.6004","33.5129"
"96.1600","1.6008","33.5084"
"96.1800","1.6012","33.5373"
"96.2000","1.6016","33.6118"
"96.2200","1.6019","33.5891"
"96.2400","1.6022","33.5494"
"96.2600","1.6025","33.5644"
"96.2800","1.6028","33.6501"
"96.3000","1.6031","33.6557"
"96.3200","1.6034","33.6002"
"96.3400","1.6038","33.6044"
"96.3600","1.6043","33.6411"
"96.3800","1.6047","33.6842"
"96.4000","1.6051","33.7170"
"96.4200","1.6054","33.7457"
"96.4400","1.6056","33.7149"
"96.4600","1.6059","33.6518"
"96.4800","1.6061","33.7364"
"96.5000","1.6064","33.6716"
"96.5200","1.6068","33.6395"
"96.5400","1.6071","33.5846"
"96.5600","1.6075","33.6086"
"96.5800","1.6078","33.6161"
"96.6000","1.6082","33.6619"
"96.6200","1.6085","33.7302"
"96.6400","1.6088","33.7318"
"96.6600","1.6092","33.7162"
"96.6800","1.6096","33.7272"
"96.7000","1.6100","33.7294"
"96.7200","1.6104","33.7509"
"96.7400","1.6107","33.7582"
"96.7600","1.6110","33.7629"
"96.7800","1.6113","33.8170"
"96.8000","1.6115","33.8225"
"96.8200","1.6118","33.8056"
"96.8400","1.6121","33.8476"
"96.8600","1.6125","33.8633"
"96.8800","1.6128","33.8518"
"96.9000","1.6132","33.8995"
"96.9200","1.6136","33.9096"
"96.9400","1.6139","33.8451"
"96.9600","1.6141","33.9171"
"96.9800","1.6144","33.8436"
"97.0000","1.6147","33.8854"
"97.0200","1.6151","33.9093"
"97.0400","1.6155","33.8922"
"97.0600","1.6160","33.9334"
"97.0800","1.6164","33.9757"
"97.1000","1.6167","33.9322"
"97.1200","1.6170","33.9646"
"97.1400","1.6173","33.9310"
"97.1600","1.6175","33.9392"
"97.1800","1.6178","34.0116"
"97.2000","1.6181","34.0765"
"97.2200","1.6185","34.0333"
"97.2400","1.6188","33.9783"
"97.2600","1.6192","34.0123"
"97.2800","1.6195","34.0702"
"97.3000","1.6198","34.1202"
"97.3200","1.6202","34.1052"
"97.3400","1.6205","34.1136"
"97.3600","1.6209","34.1386"
"97.3800","1.6213","34.0992"
"97.4000","1.6217","34.1391"
"97.4200","1.6221","34.1496"
"97.4400","1.6224","34.0943"
"97.4600","1.6226","34.1085"
"97.4800","1.6229","34.1133"
"97.5000","1.6231","34.1169"
"97.5200","1.6234","34.2082"
"97.5400","1.6238","34.3310"
"97.5600","1.6241","34.2889"
"97.5800","1.6245","34.2963"
"97.6000","1.6249","34.2933"
"97.6200","1.6252","34.2830"
"97.6400","1.6255","34.2181"
"97.6600","1.6258","34.2812"
"97.6800","1.6261","34.3067"
"97.7000","1.6264","34.2347"
"97.7200","1.6268","34.2352"
"97.7400","1.6273","34.2951"
"97.7600","1.6277","34.3817"
"97.7800","1.6281","34.3638"
"97.8000","1.6284","34.4379"
"97.8200","1.6286","34.4283"
"97.8400","1.6289","34.3862"
"97.8600","1.6291","34.3458"
"97.8800","1.6294","34.3398"
"97.9000","1.6298","34.2816"
"97.9200","1.6301","34.3057"
"97.9400","1.6305","34.4290"
"97.9600","1.6308","34.4698"
"97.9800","1.6312","34.3304"
"98.0000","1.6315","34.3539"
"98.0200","1.6318","34.3682"
"98.0400","1.6322","34.3797"
"98.0600","1.6326","34.4781"
"98.0800","1.6330","34.4752"
"98.1000","1.6334","34.4733"
"98.1200","1.6337","34.4831"
"98.1400","1.6340","34.4577"
"98.1600","1.6342","34.3955"
"98.1800","1.6345","34.4314"
"98.2000","1.6348","34.4950"
"98.2200","1.6351","34.4349"
"98.2400","1.6355","34.4530"
"98.2600","1.6359","34.5452"
"98.2800","1.6362","34.5792"
"98.3000","1.6366","34.5670"
"98.3200","1.6369","34.6143"
"98.3400","1.6371","34.5902"
"98.3600","1.6374","34.5936"
"98.3800","1.6377","34.5848"
"98.4000","1.6381","34.5809"
"98.4200","1.6386","34.5708"
"98.4400","1.6390","34.5834"
"98.4600","1.6394","34.6233"
"98.4800","1.6398","34.6570"
"98.5000","1.6400","34.6003"
"98.5200","1.6403","34.5852"
"98.5400","1.6405","34.5512"
"98.5600","1.6408","34.5943"
"98.5800","1.6411","34.7179"
"98.6000","1.6414","34.7451"
"98.6200","1.6418","34.6880"
"98.6400","1.6422","34.6970"
"98.6600","1.6425","34.7483"
"98.6800","1.6428","34.7218"
"98.7000","1.6432","34.7713"
"98.7200","1.6435","34.7487"
"98.7400","1.6439","34.8235"
"98.7600","1.6443","34.8217"
"98.7800","1.6447","34.8447"
"98.8000","1.6451","34.8548"
"98.8200","1.6454","34.7886"
"98.8400","1.6456","34.7806"
"98.8600","1.6459","34.7637"
"98.8800","1.6461","34.9012"
"98.9000","1.6464","34.9452"
"98.9200","1.6468","34.9101"
"98.9400","1.6471","34.8720"
"98.9600","1.6475","34.9042"
"98.9800","1.6479","34.8685"
"99.0000","1.6482","34.9330"
"99.0200","1.6485","34.9682"
"99.0400","1.6488","34.9191"
"99.0600","1.6491","34.9008"
"99.0800","1.6494","34.8839"
"99.1000","1.6498","34.9228"
"99.1200","1.6503","34.9593"
"99.1400","1.6507","35.0441"
"99.1600","1.6511","34.9837"
"99.1800","1.6514","34.9162"
"99.2000","1.6517","34.9135"
"99.2200","1.6519","34.9424"
"99.2400","1.6522","34.9860"
"99.2600","1.6525","35.0184"
"99.2800","1.6528","35.0130"
"99.3000","1.6532","35.0464"
"99.3200","1.6535","35.0702"
"99.3400","1.6539","34.9643"
"99.3600","1.6542","35.0256"
"99.3800","1.6545","35.0844"
"99.4000","1.6549","35.0220"
"99.4200","1.6552","35.0754"
"99.4400","1.6556","35.0839"
"99.4600","1.6560","35.0557"
"99.4800","1.6564","35.0401"
"99.5000","1.6567","35.1840"
"99.5200","1.6570","35.2129"
"99.5400","1.6572","35.2010"
"99.5600","1.6575","35.1461"
"99.5800","1.6578","35.2121"
"99.6000","1.6581","35.2304"
"99.6200","1.6585","35.2108"
"99.6400","1.6589","35.1221"
"99.6600","1.6593","35.1892"
"99.6800","1.6596","35.2195"
"99.7000","1.6599","35.2883"
"99.7200","1.6601","35.2513"
"99.7400","1.6604","35.2892"
"99.7600","1.6607","35.3673"
"99.7800","1.6611","35.3483"
"99.8000","1.6615","35.2721"
"99.8200","1.6620","35.2138"
"99.8400","1.6624","35.3262"
"99.8600","1.6627","35.4068"
"99.8800","1.6630","35.3637"
"99.9000","1.6632","35.3885"
"99.9200","1.6635","35.3251"
"99.9400","1.6638","35.2947"
"99.9600","1.6641","35.3606"
"99.9800","1.6645","35.4554"
"100.0000","1.6648","35.4398"
"100.0200","1.6652","35.4217"
"100.0400","1.6655","35.4603"
"100.0600","1.6658","35.4217"
"100.0800","1.6662","35.3375"
"100.1000","1.6665","35.3717"
"100.1200","1.6669","35.4398"
"100.1400","1.6673","35.5144"
"100.1600","1.6677","35.5431"
"100.1800","1.6680","35.4680"
"100.2000","1.6683","35.4799"
"100.2200","1.6686","35.5382"
"100.2400","1.6688","35.6340"
"100.2600","1.6691","35.6373"
"100.2800","1.6694","35.6125"
"100.3000","1.6698","35.5698"
"100.3200","1.6702","35.5742"
"100.3400","1.6706","35.6061"
"100.3600","1.6709","35.6402"
"100.3800","1.6712","35.5851"
"100.4000","1.6715","35.5908"
"100.4200","1.6718","35.5702"
"100.4400","1.6721","35.6575"
"100.4600","1.6724","35.7009"
"100.4800","1.6729","35.7255"
"100.5000","1.6733","35.6700"
"100.5200","1.6737","35.6041"
"100.5400","1.6741","35.6060"
"100.5600","1.6744","35.5985"
"100.5800","1.6746","35.6401"
"100.6000","1.6749","35.6643"
"100.6200","1.6751","35.6605"
"100.6400","1.6754","35.6839"
"100.6600","1.6758","35.6759"
"100.6800","1.6762","35.6889"
"100.7000","1.6765","35.7756"
"100.7200","1.6769","35.7224"
"100.7400","1.6772","35.7706"
"100.7600","1.6775","35.6881"
"100.7800","1.6779","35.7121"
"100.8000","1.6782","35.7961"
"100.8200","1.6786","35.8903"
"100.8400","1.6790","35.8724"
"100.8600","1.6794","35.7861"
"100.8800","1.6797","35.6950"
"100.9000","1.6799","35.7231"
"100.9200","1.6802","35.8619"
"100.9400","1.6805","35.8664"
"100.9600","1.6808","35.8548"
"100.9800","1.6811","35.8775"
"101.0000","1.6815","35.8837"
"101.0200","1.6818","35.9259"
"101.0400","1.6822","35.8373"
"101.0600","1.6825","35.8594"
"101.0800","1.6828","35.9332"
"101.1000","1.6831","35.8845"
"101.1200","1.6834","35.8140"
"101.1400","1.6837","35.9894"
"101.1600","1.6841","36.1320"
"101.1800","1.6845","36.0975"
"101.2000","1.6850","36.0497"
"101.2200","1.6854","36.0044"
"101.2400","1.6857","35.9787"
"101.2600","1.6860","36.0554"
"101.2800","1.6862","36.0502"
"101.3000","1.6865","36.0416"
"101.3200","1.6868","36.1081"
"101.3400","1.6871","36.1075"
"101.3600","1.6875","36.0397"
"101.3800","1.6879","36.0557"
"101.4000","1.6882","36.0802"
"101.4200","1.6885","36.1258"
"101.4400","1.6888","36.1388"
"101.4600","1.6892","36.1599"
"101.4800","1.6895","36.1253"
"101.5000","1.6899","36.0884"
"101.5200","1.6903","36.0512"
"101.5400","1.6907","36.1236"
"101.5600","1.6910","36.2837"
"101.5800","1.6913","36.2443"
"101.6000","1.6916","36.2123"
"101.6200","1.6918","36.2437"
"101.6400","1.6921","36.2246"
"101.6600","1.6924","36.1975"
"101.6800","1.6927","36.0865"
"101.7000","1.6931","36.1544"
"101.7200","1.6935","36.2127"
"101.7400","1.6939","36.2950"
"101.7600","1.6942","36.2755"
"101.7800","1.6945","36.2382"
"101.8000","1.6948","36.2850"
"101.8200","1.6951","36.3655"
"101.8400","1.6955","36.3755"
"101.8600","1.6959","36.3333"
"101.8800","1.6964","36.4120"
"101.9000","1.6968","36.4126"
"101.9200","1.6971","36.3217"
"101.9400","1.6973","36.3425"
"101.9600","1.6976","36.4004"
"101.9800","1.6978","36.4412"
"102.0000","1.6981","36.3563"
"102.0200","1.6984","36.3708"
"102.0400","1.6988","36.3497"
"102.0600","1.6992","36.3612"
"102.0800","1.6996","36.4032"
"102.1000","1.6999","36.4979"
"102.1200","1.7002","36.4990"
"102.1400","1.7006","36.4713"
"102.1600","1.7009","36.3136"
"102.1800","1.7012","36.3803"
"102.2000","1.7016","36.4394"
"102.2200","1.7020","36.4845"
"102.2400","1.7024","36.4306"
"102.2600","1.7027","36.4487"
"102.2800","1.7029","36.4154"
"102.3000","1.7032","36.4439"
"102.3200","1.7035","36.4741"
"102.3400","1.7038","36.4745"
"102.3600","1.7041","36.4808"
"102.3800","1.7045","36.5726"
"102.4000","1.7048","36.6377"
"102.4200","1.7052","36.6050"
"102.4400","1.7055","36.5487"
"102.4600","1.7058","36.4835"
"102.4800","1.7061","36.4943"
"102.5000","1.7064","36.5781"
"102.5200","1.7068","36.6360"
"102.5400","1.7072","36.7513"
"102.5600","1.7076","36.7037"
"102.5800","1.7081","36.7117"
"102.6000","1.7084","36.6509"
"102.6200","1.7087","36.6643"
"102.6400","1.7090","36.6638"
"102.6600","1.7092","36.7364"
"102.6800","1.7095","36.7355"
"102.7000","1.7098","36.6807"
"102.7200","1.7101","36.6532"
"102.7400","1.7105","36.7420"
"102.7600","1.7109","36.7958"
"102.7800","1.7113","36.7295"
"102.8000","1.7116","36.7191"
"102.8200","1.7119","36.7698"
"102.8400","1.7122","36.8204"
"102.8600","1.7126","36.8044"
"102.8800","1.7130","36.7972"
"102.9000","1.7133","36.7800"
"102.9200","1.7137","36.8379"
"102.9400","1.7140","36.8263"
"102.9600","1.7143","36.7849"
"102.9800","1.7146","36.8999"
"103.0000","1.7148","36.9923"
"103.0200","1.7151","36.9327"
"103.0400","1.7154","36.9011"
"103.0600","1.7158","36.8463"
"103.0800","1.7162","36.8306"
"103.1000","1.7165","36.8348"
"103.1200","1.7169","36.9710"
"103.1400","1.7172","36.9708"
"103.1600","1.7174","36.9752"
"103.1800","1.7177","37.0334"
"103.2000","1.7181","37.0212"
"103.2200","1.7185","36.9804"
"103.2400","1.7189","36.9047"
"103.2600","1.7194","36.8585"
"103.2800","1.7198","36.9450"
"103.3000","1.7201","37.0298"
"103.3200","1.7203","37.0783"
"103.3400","1.7206","37.0109"
"103.3600","1.7208","37.0545"
"103.3800","1.7211","37.0199"
"103.4000","1.7214","37.0399"
"103.4200","1.7218","37.0415"
"103.4400","1.7222","37.1086"
"103.4600","1.7226","37.1635"
"103.4800","1.7229","37.1502"
"103.5000","1.7232","37.1414"
"103.5200","1.7236","37.2243"
"103.5400","1.7239","37.2469"
"103.5600","1.7243","37.2283"
"103.5800","1.7246","37.1696"
"103.6000","1.7250","37.1141"
"103.6200","1.7254","37.1284"
"103.6400","1.7257","37.1442"
"103.6600","1.7259","37.1424"
"103.6800","1.7262","37.1695"
"103.7000","1.7264","37.1687"
"103.7200","1.7267","37.2103"
"103.7400","1.7271","37.2631"
"103.7600","1.7274","37.2983"
"103.7800","1.7278","37.2388"
"103.8000","1.7282","37.2368"
"103.8200","1.7285","37.3418"
"103.8400","1.7288","37.4034"
"103.8600","1.7290","37.3295"
"103.8800","1.7293","37.2906"
"103.9000","1.7297","37.1971"
"103.9200","1.7301","37.2560"
"103.9400","1.7306","37.3898"
"103.9600","1.7310","37.4464"
"103.9800","1.7314","37.3994"
"104.0000","1.7317","37.4159"
"104.0200","1.7319","37.3980"
"104.0400","1.7322","37.3473"
"104.0600","1.7325","37.2891"
"104.0800","1.7328","37.2410"
"104.1000","1.7331","37.2928"
"104.1200","1.7335","37.3244"
"104.1400","1.7339","37.3426"
"104.1600","1.7342","37.4388"
"104.1800","1.7346","37.4697"
"104.2000","1.7349","37.4700"
"104.2200","1.7352","37.4586"
"104.2400","1.7355","37.5457"
"104.2600","1.7359","37.5309"
"104.2800","1.7363","37.5247"
"104.3000","1.7367","37.5525"
"104.3200","1.7370","37.5942"
"104.3400","1.7373","37.6222"
"104.3600","1.7375","37.6091"
"104.3800","1.7378","37.5702"
"104.4000","1.7381","37.5145"
"104.4200","1.7385","37.5254"
"104.4400","1.7388","37.4878"
"104.4600","1.7392","37.5322"
"104.4800","1.7395","37.5399"
"104.5000","1.7399","37.5874"
"104.5200","1.7401","37.5786"
"104.5400","1.7404","37.6508"
"104.5600","1.7407","37.6545"
"104.5800","1.7410","37.6060"
"104.6000","1.7414","37.5679"
"104.6200","1.7419","37.6849"
"104.6400","1.7423","37.7241"
"104.6600","1.7427","37.7631"
"104.6800","1.7431","37.7259"
"104.7000","1.7433","37.7910"
"104.7200","1.7436","37.7556"
"104.7400","1.7438","37.7127"
"104.7600","1.7441","37.6826"
"104.7800","1.7444","37.6630"
"104.8000","1.7448","37.7166"
"104.8200","1.7452","37.8222"
"104.8400","1.7455","37.8027"
"104.8600","1.7459","37.8109"
"104.8800","1.7462","37.8009"
"104.9000","1.7465","37.8443"
"104.9200","1.7468","37.8102"
"104.9400","1.7472","37.8458"
"104.9600","1.7476","37.8135"
"104.9800","1.7480","37.8761"
"105.0000","1.7484","37.9141"
"105.0200","1.7487","37.8906"
"105.0400","1.7489","37.9271"
"105.0600","1.7492","37.8450"
"105.0800","1.7494","37.8299"
"105.1000","1.7498","37.8241"
"105.1200","1.7501","37.8895"
"105.1400","1.7505","37.9780"
"105.1600","1.7508","37.9426"
"105.1800","1.7512","37.9068"
"105.2000","1.7515","37.9423"
"105.2200","1.7518","37.9621"
"105.2400","1.7521","37.9413"
"105.2600","1.7524","37.9758"
"105.2800","1.7528","37.9955"
"105.3000","1.7532","38.0577"
"105.3200","1.7536","37.9725"
"105.3400","1.7541","37.9713"
"105.3600","1.7544","38.0192"
"105.3800","1.7547","37.9800"
"105.4000","1.7549","37.9446"
"105.4200","1.7552","38.0180"
"105.4400","1.7555","38.0187"
"105.4600","1.7558","38.0465"
"105.4800","1.7562","38.0645"
"105.5000","1.7565","38.0805"
"105.5200","1.7569","38.1414"
"105.5400","1.7572","38.1243"
"105.5600","1.7575","38.0849"
"105.5800","1.7578","38.1346"
"105.6000","1.7582","38.1287"
"105.6200","1.7586","38.1325"
"105.6400","1.7590","38.1492"
"105.6600","1.7594","38.1326"
"105.6800","1.7597","38.1617"
"105.7000","1.7600","38.1641"
"105.7200","1.7603","38.1287"
"105.7400","1.7606","38.1478"
"105.7600","1.7608","38.1586"
"105.7800","1.7611","38.2472"
"105.8000","1.7615","38.2273"
"105.8200","1.7618","38.2275"
"105.8400","1.7622","38.2047"
"105.8600","1.7626","38.1329"
"105.8800","1.7629","38.1238"
"105.9000","1.7631","38.1927"
"105.9200","1.7634","38.2938"
"105.9400","1.7637","38.2347"
"105.9600","1.7641","38.2539"
"105.9800","1.7645","38.3525"
"106.0000","1.7649","38.4002"
"106.0200","1.7653","38.4173"
"106.0400","1.7657","38.3994"
"106.0600","1.7660","38.3595"
"106.0800","1.7663","38.3767"
"106.1000","1.7665","38.4180"
"106.1200","1.7668","38.3858"
"106.1400","1.7671","38.3923"
"106.1600","1.7675","38.4296"
"106.1800","1.7678","38.4488"
"106.2000","1.7682","38.5084"
"106.2200","1.7686","38.4926"
"106.2400","1.7689","38.4369"
"106.2600","1.7692","38.4304"
"106.2800","1.7695","38.4771"
"106.3000","1.7699","38.4670"
"106.3200","1.7703","38.4848"
"106.3400","1.7707","38.4478"
"106.3600","1.7711","38.4468"
"106.3800","1.7714","38.4929"
"106.4000","1.7717","38.5600"
"106.4200","1.7719","38.5567"
"106.4400","1.7722","38.6092"
"106.4600","1.7725","38.5449"
"106.4800","1.7728","38.4912"
"106.5000","1.7731","38.4746"
"106.5200","1.7735","38.4860"
"106.5400","1.7739","38.4612"
"106.5600","1.7742","38.5573"
"106.5800","1.7745","38.6218"
"106.6000","1.7748","38.6054"
"106.6200","1.7750","38.6306"
"106.6400","1.7753","38.6511"
"106.6600","1.7757","38.6908"
"106.6800","1.7762","38.5894"
"106.7000","1.7766","38.5944"
"106.7200","1.7770","38.7094"
"106.7400","1.7774","38.7794"
"106.7600","1.7777","38.7712"
"106.7800","1.7779","38.7487"
"106.8000","1.7782","38.7134"
"106.8200","1.7785","38.6889"
"106.8400","1.7788","38.6359"
"106.8600","1.7792","38.6386"
"106.8800","1.7795","38.7298"
"106.9000","1.7799","38.7519"
"106.9200","1.7802","38.8351"
"106.9400","1.7805","38.7921"
"106.9600","1.7808","38.8133"
"106.9800","1.7812","38.8260"
"107.0000","1.7815","38.8515"
"107.0200","1.7820","38.7953"
"107.0400","1.7824","38.8218"
"107.0600","1.7827","38.8984"
"107.0800","1.7830","38.8990"
"107.1000","1.7833","38.8599"
"107.1200","1.7836","38.8355"
"107.1400","1.7838","38.8574"
"107.1600","1.7841","38.8517"
"107.1800","1.7845","38.8790"
"107.2000","1.7849","38.9440"
"107.2200","1.7852","38.9017"
"107.2400","1.7856","38.9065"
"107.2600","1.7859","38.9060"
"107.2800","1.7861","38.9875"
"107.3000","1.7864","38.9813"
"107.3200","1.7867","39.0106"
"107.3400","1.7870","39.0565"
"107.3600","1.7874","39.0061"
"107.3800","1.7879","39.0252"
"107.4000","1.7883","38.9565"
"107.4200","1.7887","38.9589"
"107.4400","1.7890","38.9221"
"107.4600","1.7892","38.9365"
"107.4800","1.7895","38.9481"
"107.5000","1.7898","38.9730"
"107.5200","1.7901","39.0825"
"107.5400","1.7905","39.0892"
"107.5600","1.7908","39.0835"
"107.5800","1.7912","39.0615"
"107.6000","1.7916","39.0154"
"107.6200","1.7919","39.1133"
"107.6400","1.7922","39.0845"
"107.6600","1.7925","39.0861"
"107.6800","1.7929","39.0997"
"107.7000","1.7933","39.1283"
"107.7200","1.7937","39.1352"
"107.7400","1.7941","39.1518"
"107.7600","1.7944","39.1678"
"107.7800","1.7947","39.1703"
"107.8000","1.7949","39.1610"
"107.8200","1.7952","39.1732"
"107.8400","1.7955","39.1480"
"107.8600","1.7958","39.1533"
"107.8800","1.7962","39.1622"
"107.9000","1.7966","39.2833"
"107.9200","1.7969","39.3244"
"107.9400","1.7972","39.3186"
"107.9600","1.7975","39.2678"
"107.9800","1.7978","39.2446"
"108.0000","1.7981","39.2078"
"108.0200","1.7984","39.2493"
"108.0400","1.7988","39.2864"
"108.0600","1.7992","39.3533"
"108.0800","1.7996","39.3858"
"108.1000","1.8000","39.3852"
"108.1200","1.8004","39.3753"
"108.1400","1.8006","39.3389"
"108.1600","1.8009","39.3555"
"108.1800","1.8011","39.4225"
"108.2000","1.8014","39.4453"
"108.2200","1.8018","39.4080"
"108.2400","1.8021","39.4308"
"108.2600","1.8025","39.4234"
"108.2800","1.8029","39.4079"
"108.3000","1.8032","39.4455"
"108.3200","1.8035","39.3828"
"108.3400","1.8038","39.3916"
"108.3600","1.8042","39.4693"
"108.3800","1.8046","39.5459"
"108.4000","1.8050","39.5868"
"108.4200","1.8054","39.5788"
"108.4400","1.8057","39.5400"
"108.4600","1.8060","39.5491"
"108.4800","1.8063","39.5667"
"108.5000","1.8065","39.5804"
"108.5200","1.8068","39.5037"
"108.5400","1.8071","39.5456"
"108.5600","1.8075","39.5846"
"108.5800","1.8079","39.5903"
"108.6000","1.8082","39.5811"
"108.6200","1.8086","39.5770"
"108.6400","1.8089","39.5383"
"108.6600","1.8091","39.5823"
"108.6800","1.8094","39.6627"
"108.7000","1.8097","39.7273"
"108.7200","1.8100","39.7367"
"108.7400","1.8105","39.6124"
"108.7600","1.8109","39.6252"
"108.7800","1.8113","39.6641"
"108.8000","1.8117","39.6587"
"108.8200","1.8120","39.6311"
"108.8400","1.8122","39.6465"
"108.8600","1.8125","39.6754"
"108.8800","1.8128","39.7470"
"108.9000","1.8131","39.7189"
"108.9200","1.8134","39.7126"
"108.9400","1.8138","39.8145"
"108.9600","1.8142","39.7757"
"108.9800","1.8145","39.7934"
"109.0000","1.8149","39.8354"
"109.0200","1.8152","39.7939"
"109.0400","1.8155","39.7903"
"109.0600","1.8159","39.7737"
"109.0800","1.8163","39.7422"
"109.1000","1.8167","39.7320"
"109.1200","1.8171","39.7255"
"109.1400","1.8174","39.7838"
"109.1600","1.8176","39.8797"
"109.1800","1.8179","39.8714"
"109.2000","1.8181","39.9188"
"109.2200","1.8184","39.9205"
"109.2400","1.8188","39.8924"
"109.2600","1.8191","39.9354"
"109.2800","1.8195","39.9320"
"109.3000","1.8199","39.9128"
"109.3200","1.8202","39.9002"
"109.3400","1.8205","39.9082"
"109.3600","1.8208","39.8782"
"109.3800","1.8211","39.9231"
"109.4000","1.8214","39.9339"
"109.4200","1.8218","39.9502"
"109.4400","1.8222","39.9408"
"109.4600","1.8227","40.0288"
"109.4800","1.8231","40.1431"
"109.5000","1.8234","40.1396"
"109.5200","1.8237","40.0982"
"109.5400","1.8239","40.0506"
"109.5600","1.8242","40.0592"
"109.5800","1.8244","40.0262"
"109.6000","1.8248","40.0291"
"109.6200","1.8252","40.0575"
"109.6400","1.8255","40.0962"
"109.6600","1.8259","40.2075"
"109.6800","1.8262","40.2575"
"109.7000","1.8265","40.1820"
"109.7200","1.8268","40.1033"
"109.7400","1.8272","40.1225"
"109.7600","1.8276","40.1115"
"109.7800","1.8280","40.2184"
"109.8000","1.8284","40.2554"
"109.8200","1.8287","40.2147"
"109.8400","1.8290","40.2040"
"109.8600","1.8293","40.2844"
"109.8800","1.8295","40.2592"
"109.9000","1.8298","40.2782"
"109.9200","1.8301","40.2918"
"109.9400","1.8304","40.3443"
"109.9600","1.8308","40.3300"
"109.9800","1.8312","40.2351"
"110.0000","1.8316","40.1987"
"110.0200","1.8319","40.2514"
"110.0400","1.8322","40.1862"
"110.0600","1.8324","40.1813"
"110.0800","1.8328","40.2248"
"110.1000","1.8331","40.3169"
"110.1200","1.8335","40.3753"
"110.1400","1.8339","40.3614"
"110.1600","1.8344","40.3119"
"110.1800","1.8347","40.2727"
"110.2000","1.8350","40.3112"
"110.2200","1.8353","40.3545"
"110.2400","1.8355","40.3920"
"110.2600","1.8358","40.4036"
"110.2800","1.8361","40.3508"
"110.3000","1.8365","40.3492"
"110.3200","1.8368","40.3908"
"110.3400","1.8372","40.3840"
"110.3600","1.8375","40.4594"
"110.3800","1.8379","40.4763"
"110.4000","1.8382","40.5500"
"110.4200","1.8385","40.4873"
"110.4400","1.8389","40.4078"
"110.4600","1.8393","40.5203"
"110.4800","1.8397","40.5584"
"110.5000","1.8401","40.5581"
"110.5200","1.8404","40.5602"
"110.5400","1.8407","40.4109"
"110.5600","1.8409","40.3816"
"110.5800","1.8412","40.5798"
"110.6000","1.8415","40.6189"
"110.6200","1.8418","40.5629"
"110.6400","1.8422","40.5147"
"110.6600","1.8426","40.5520"
"110.6800","1.8429","40.5669"
"110.7000","1.8432","40.5586"
"110.7200","1.8435","40.5662"
"110.7400","1.8438","40.6270"
"110.7600","1.8441","40.7132"
"110.7800","1.8444","40.5937"
"110.8000","1.8448","40.5397"
"110.8200","1.8453","40.5367"
"110.8400","1.8457","40.5974"
"110.8600","1.8461","40.6889"
"110.8800","1.8464","40.7624"
"110.9000","1.8466","40.6644"
"110.9200","1.8469","40.7017"
"110.9400","1.8471","40.7251"
"110.9600","1.8474","40.7665"
"110.9800","1.8478","40.7448"
"111.0000","1.8481","40.7183"
"111.0200","1.8485","40.7107"
"111.0400","1.8489","40.7554"
"111.0600","1.8492","40.7411"
"111.0800","1.8495","40.7084"
"111.1000","1.8498","40.7644"
"111.1200","1.8502","40.8405"
"111.1400","1.8506","40.8218"
"111.1600","1.8510","40.8133"
"111.1800","1.8514","40.7797"
"111.2000","1.8517","40.8095"
"111.2200","1.8520","40.8750"
"111.2400","1.8523","40.8920"
"111.2600","1.8525","40.8903"
"111.2800","1.8528","40.8643"
"111.3000","1.8531","40.9146"
"111.3200","1.8535","40.9180"
"111.3400","1.8538","40.9706"
"111.3600","1.8542","40.9500"
"111.3800","1.8546","40.8641"
"111.4000","1.8549","40.8937"
"111.4200","1.8551","40.9442"
"111.4400","1.8554","40.9761"
"111.4600","1.8557","40.9883"
"111.4800","1.8561","41.0754"
"111.5000","1.8565","41.0600"
"111.5200","1.8569","41.0426"
"111.5400","1.8574","41.1044"
"111.5600","1.8577","41.0345"
"111.5800","1.8580","41.0553"
"111.6000","1.8583","41.0062"
"111.6200","1.8585","40.9789"
"111.6400","1.8588","40.9812"
"111.6600","1.8591","41.0920"
"111.6800","1.8594","41.1764"
"111.7000","1.8598","41.1741"
"111.7200","1.8602","41.1672"
"111.7400","1.8605","41.0497"
"111.7600","1.8608","41.0056"
"111.7800","1.8611","41.0528"
"111.8000","1.8615","41.1066"
"111.8200","1.8619","41.1711"
"111.8400","1.8623","41.1550"
"111.8600","1.8627","41.1732"
"111.8800","1.8631","41.1972"
"111.9000","1.8634","41.3033"
"111.9200","1.8636","41.2395"
"111.9400","1.8639","41.1385"
"111.9600","1.8641","41.1205"
"111.9800","1.8644","41.1690"
"112.0000","1.8648","41.1404"
"112.0200","1.8651","41.1963"
"112.0400","1.8655","41.2527"
"112.0600","1.8659","41.2766"
"112.0800","1.8662","41.2642"
"112.1000","1.8665","41.2941"
"112.1200","1.8668","41.3440"
"112.1400","1.8671","41.2574"
"112.1600","1.8674","41.2189"
"112.1800","1.8678","41.2386"
"112.2000","1.8683","41.2728"
"112.2200","1.8687","41.4017"
"112.2400","1.8691","41.4104"
"112.2600","1.8694","41.4018"
"112.2800","1.8696","41.3389"
"112.3000","1.8699","41.3165"
"112.3200","1.8701","41.2617"
"112.3400","1.8704","41.3221"
"112.3600","1.8708","41.4357"
"112.3800","1.8711","41.4947"
"112.4000","1.8715","41.4321"
"112.4200","1.8718","41.4733"
"112.4400","1.8722","41.4846"
"112.4600","1.8725","41.5046"
"112.4800","1.8728","41.5155"
"112.5000","1.8732","41.5207"
"112.5200","1.8736","41.5058"
"112.5400","1.8740","41.4549"
"112.5600","1.8744","41.4627"
"112.5800","1.8747","41.5472"
"112.6000","1.8750","41.4787"
"112.6200","1.8752","41.4608"
"112.6400","1.8755","41.5748"
"112.6600","1.8758","41.5655"
"112.6800","1.8761","41.5453"
"112.7000","1.8765","41.5967"
"112.7200","1.8768","41.6023"
"112.7400","1.8772","41.5905"
"112.7600","1.8776","41.5357"
"112.7800","1.8779","41.4771"
"112.8000","1.8781","41.5685"
"112.8200","1.8784","41.5959"
"112.8400","1.8787","41.5605"
"112.8600","1.8791","41.6437"
"112.8800","1.8795","41.6723"
"112.9000","1.8800","41.6807"
"112.9200","1.8804","41.6689"
"112.9400","1.8808","41.7253"
"112.9600","1.8811","41.8015"
"112.9800","1.8813","41.7671"
"113.0000","1.8815","41.7293"
"113.0200","1.8818","41.6983"
"113.0400","1.8821","41.6933"
"113.0600","1.8825","41.7501"
"113.0800","1.8828","41.7312"
"113.1000","1.8832","41.7356"
"113.1200","1.8835","41.7706"
"113.1400","1.8839","41.7656"
"113.1600","1.8842","41.7667"
"113.1800","1.8845","41.7742"
"113.2000","1.8849","41.8398"
"113.2200","1.8853","41.8674"
"113.2400","1.8857","41.9008"
"113.2600","1.8861","41.8117"
"113.2800","1.8864","41.8350"
"113.3000","1.8866","41.8271"
"113.3200","1.8869","41.9252"
"113.3400","1.8871","41.9196"
"113.3600","1.8874","41.9333"
"113.3800","1.8878","41.9890"
"113.4000","1.8881","41.9407"
"113.4200","1.8885","41.9166"
"113.4400","1.8889","41.8981"
"113.4600","1.8892","41.9090"
"113.4800","1.8895","41.9474"
"113.5000","1.8898","41.8843"
"113.5200","1.8901","41.8945"
"113.5400","1.8904","41.9492"
"113.5600","1.8908","41.9429"
"113.5800","1.8913","41.9338"
"113.6000","1.8917","41.9690"
"113.6200","1.8921","41.9928"
"113.6400","1.8924","42.0554"
"113.6600","1.8927","42.0467"
"113.6800","1.8929","42.0086"
"113.7000","1.8932","42.0594"
"113.7200","1.8935","42.0223"
"113.7400","1.8938","42.0168"
"113.7600","1.8942","42.0676"
"113.7800","1.8945","42.0290"
"113.8000","1.8949","42.0044"
"113.8200","1.8952","42.0712"
"113.8400","1.8955","42.0359"
"113.8600","1.8958","42.1214"
"113.8800","1.8962","42.1749"
"113.9000","1.8966","42.2145"
"113.9200","1.8970","42.1075"
"113.9400","1.8974","42.1013"
"113.9600","1.8977","42.0440"
"113.9800","1.8980","42.1494"
"114.0000","1.8982","42.2294"
"114.0200","1.8985","42.2511"
"114.0400","1.8988","42.2435"
"114.0600","1.8991","42.1949"
"114.0800","1.8995","42.1833"
"114.1000","1.8999","42.1329"
"114.1200","1.9002","42.1514"
"114.1400","1.9006","42.1984"
"114.1600","1.9009","42.2629"
"114.1800","1.9011","42.2470"
"114.2000","1.9014","42.2638"
"114.2200","1.9017","42.3195"
"114.2400","1.9021","42.3086"
"114.2600","1.9025","42.2603"
"114.2800","1.9030","42.2253"
"114.3000","1.9034","42.2726"
"114.3200","1.9038","42.3716"
"114.3400","1.9040","42.4656"
"114.3600","1.9043","42.4361"
"114.3800","1.9045","42.3583"
"114.4000","1.9048","42.3452"
"114.4200","1.9051","42.3644"
"114.4400","1.9055","42.4262"
"114.4600","1.9059","42.4889"
"114.4800","1.9062","42.4851"
"114.5000","1.9065","42.3998"
"114.5200","1.9068","42.4196"
"114.5400","1.9072","42.4216"
"114.5600","1.9075","42.3940"
"114.5800","1.9079","42.3747"
"114.6000","1.9083","42.4359"
"114.6200","1.9087","42.4341"
"114.6400","1.9090","42.4265"
"114.6600","1.9093","42.4671"
"114.6800","1.9096","42.5165"
"114.7000","1.9098","42.5880"
"114.7200","1.9101","42.6318"
"114.7400","1.9104","42.5622"
"114.7600","1.9107","42.5762"
"114.7800","1.9111","42.6515"
"114.8000","1.9115","42.6444"
"114.8200","1.9119","42.6112"
"114.8400","1.9122","42.5667"
"114.8600","1.9125","42.6014"
"114.8800","1.9128","42.5596"
"114.9000","1.9131","42.6196"
"114.9200","1.9134","42.6926"
"114.9400","1.9138","42.6556"
"114.9600","1.9143","42.6938"
"114.9800","1.9147","42.7038"
"115.0000","1.9151","42.6925"
"115.0200","1.9154","42.6811"
"115.0400","1.9156","42.6829"
"115.0600","1.9159","42.5842"
"115.0800","1.9161","42.6266"
"115.1000","1.9164","42.7060"
"115.1200","1.9168","42.8369"
"115.1400","1.9171","42.8912"
"115.1600","1.9175","42.7793"
"115.1800","1.9179","42.7907"
"115.2000","1.9182","42.7963"
"115.2200","1.9185","42.7815"
"115.2400","1.9188","42.8275"
"115.2600","1.9192","42.8108"
"115.2800","1.9196","42.8281"
"115.3000","1.9200","42.8183"
"115.3200","1.9203","42.7924"
"115.3400","1.9207","42.8200"
"115.3600","1.9209","42.8549"
"115.3800","1.9212","42.8975"
"115.4000","1.9215","42.9671"
"115.4200","1.9217","42.9528"
"115.4400","1.9221","42.9157"
"115.4600","1.9224","42.8876"
"115.4800","1.9228","42.9320"
"115.5000","1.9232","42.9184"
"115.5200","1.9235","42.8976"
"115.5400","1.9238","42.8989"
"115.5600","1.9241","42.9254"
"115.5800","1.9244","42.9834"
"115.6000","1.9247","43.0584"
"115.6200","1.9251","43.0270"
"115.6400","1.9255","43.0158"
"115.6600","1.9260","42.9483"
"115.6800","1.9264","42.9208"
"115.7000","1.9267","42.9407"
"115.7200","1.9270","42.9762"
"115.7400","1.9272","43.0006"
"115.7600","1.9275","43.0148"
"115.7800","1.9278","43.0399"
"115.8000","1.9281","43.0008"
"115.8200","1.9285","42.9527"
"115.8400","1.9288","42.9524"
"115.8600","1.9292","42.9666"
"115.8800","1.9295","43.1153"
"115.9000","1.9299","43.2129"
"115.9200","1.9302","43.1390"
"115.9400","1.9305","43.0638"
"115.9600","1.9309","43.1757"
"115.9800","1.9313","43.2073"
"116.0000","1.9317","43.1743"
"116.0200","1.9320","43.1337"
"116.0400","1.9323","43.1589"
"116.0600","1.9326","43.1459"
"116.0800","1.9328","43.0673"
"116.1000","1.9331","43.0952"
"116.1200","1.9334","43.1225"
"116.1400","1.9337","43.1551"
"116.1600","1.9341","43.2109"
"116.1800","1.9345","43.1804"
"116.2000","1.9349","43.2281"
"116.2200","1.9352","43.2174"
"116.2400","1.9355","43.2674"
"116.2600","1.9358","43.2015"
"116.2800","1.9361","43.2336"
"116.3000","1.9364","43.2099"
"116.3200","1.9369","43.2967"
"116.3400","1.9373","43.3134"
"116.3600","1.9377","43.3579"
"116.3800","1.9381","43.3697"
"116.4000","1.9384","43.3343"
"116.4200","1.9386","43.2916"
"116.4400","1.9388","43.3486"
"116.4600","1.9391","43.3846"
"116.4800","1.9394","43.3763"
"116.5000","1.9398","43.3759"
"116.5200","1.9402","43.3883"
"116.5400","1.9406","43.3498"
"116.5600","1.9409","43.3956"
"116.5800","1.9413","43.4733"
"116.6000","1.9416","43.4741"
"116.6200","1.9419","43.4214"
"116.6400","1.9422","43.4285"
"116.6600","1.9426","43.3700"
"116.6800","1.9430","43.4955"
"116.7000","1.9434","43.5425"
"116.7200","1.9437","43.4986"
"116.7400","1.9440","43.4521"
"116.7600","1.9442","43.5283"
"116.7800","1.9445","43.6076"
"116.8000","1.9448","43.6243"
"116.8200","1.9451","43.5333"
"116.8400","1.9455","43.4808"
"116.8600","1.9459","43.5494"
"116.8800","1.9462","43.6329"
"116.9000","1.9465","43.6005"
"116.9200","1.9468","43.5713"
"116.9400","1.9471","43.6028"
"116.9600","1.9474","43.6290"
"116.9800","1.9477","43.6252"
"117.0000","1.9482","43.7256"
"117.0200","1.9486","43.7001"
"117.0400","1.9491","43.7067"
"117.0600","1.9494","43.6572"
"117.0800","1.9497","43.6318"
"117.1000","1.9500","43.6815"
"117.1200","1.9502","43.6371"
"117.1400","1.9505","43.6416"
"117.1600","1.9508","43.6481"
"117.1800","1.9511","43.6394"
"117.2000","1.9515","43.6887"
"117.2200","1.9519","43.6771"
"117.2400","1.9523","43.7125"
"117.2600","1.9526","43.7985"
"117.2800","1.9529","43.8440"
"117.3000","1.9532","43.7438"
"117.3200","1.9536","43.7881"
"117.3400","1.9539","43.8362"
"117.3600","1.9543","43.7517"
"117.3800","1.9547","43.8394"
"117.4000","1.9550","43.8396"
"117.4200","1.9553","43.8788"
"117.4400","1.9556","43.8333"
"117.4600","1.9558","43.7982"
"117.4800","1.9561","43.7612"
"117.5000","1.9564","43.7682"
"117.5200","1.9568","43.8512"
"117.5400","1.9571","43.8556"
"117.5600","1.9575","43.9466"
"117.5800","1.9579","43.9476"
"117.6000","1.9582","43.9090"
"117.6200","1.9584","43.8972"
"117.6400","1.9587","43.9019"
"117.6600","1.9591","43.8357"
"117.6800","1.9594","43.8395"
"117.7000","1.9599","43.9630"
"117.7200","1.9603","43.9947"
"117.7400","1.9608","43.9387"
"117.7600","1.9611","43.8615"
"117.7800","1.9614","43.9633"
"117.8000","1.9616","44.0210"
"117.8200","1.9618","44.0555"
"117.8400","1.9621","44.0499"
"117.8600","1.9624","44.0413"
"117.8800","1.9628","44.0263"
"117.9000","1.9632","44.0219"
"117.9200","1.9636","44.0319"
"117.9400","1.9639","44.0624"
"117.9600","1.9642","44.0302"
"117.9800","1.9645","44.0100"
"118.0000","1.9649","44.0108"
"118.0200","1.9652","44.0568"
"118.0400","1.9656","44.0973"
"118.0600","1.9660","44.1996"
"118.0800","1.9663","44.2656"
"118.1000","1.9667","44.2587"
"118.1200","1.9669","44.1694"
"118.1400","1.9672","44.0920"
"118.1600","1.9675","44.1568"
"118.1800","1.9677","44.2037"
"118.2000","1.9681","44.1546"
"118.2200","1.9684","44.1752"
"118.2400","1.9688","44.1772"
"118.2600","1.9692","44.1614"
"118.2800","1.9695","44.1497"
"118.3000","1.9698","44.1937"
"118.3200","1.9700","44.2844"
"118.3400","1.9703","44.3038"
"118.3600","1.9707","44.2818"
"118.3800","1.9711","44.2732"
"118.4000","1.9716","44.2602"
"118.4200","1.9720","44.2684"
"118.4400","1.9724","44.2948"
"118.4600","1.9727","44.3311"
"118.4800","1.9730","44.3847"
"118.5000","1.9732","44.3562"
"118.5200","1.9735","44.3203"
"118.5400","1.9738","44.3299"
"118.5600","1.9741","44.3201"
"118.5800","1.9745","44.3318"
"118.6000","1.9749","44.3666"
"118.6200","1.9753","44.4247"
"118.6400","1.9756","44.3894"
"118.6600","1.9759","44.3231"
"118.6800","1.9762","44.3851"
"118.7000","1.9766","44.3157"
"118.7200","1.9769","44.2598"
"118.7400","1.9773","44.3197"
"118.7600","1.9777","44.4668"
"118.7800","1.9780","44.4799"
"118.8000","1.9783","44.5083"
"118.8200","1.9786","44.4525"
"118.8400","1.9788","44.4405"
"118.8600","1.9791","44.5020"
"118.8800","1.9795","44.4490"
"118.9000","1.9798","44.3822"
"118.9200","1.9802","44.4251"
"118.9400","1.9806","44.4055"
"118.9600","1.9809","44.4670"
"118.9800","1.9812","44.5132"
"119.0000","1.9815","44.5118"
"119.0200","1.9817","44.5491"
"119.0400","1.9821","44.5472"
"119.0600","1.9824","44.5501"
"119.0800","1.9829","44.5772"
"119.1000","1.9833","44.6102"
"119.1200","1.9838","44.5786"
"119.1400","1.9841","44.5990"
"119.1600","1.9844","44.6838"
"119.1800","1.9846","44.7019"
"119.2000","1.9848","44.6841"
"119.2200","1.9851","44.7210"
"119.2400","1.9855","44.7018"
"119.2600","1.9858","44.6317"
"119.2800","1.9862","44.6303"
"119.3000","1.9866","44.6404"
"119.3200","1.9869","44.6328"
"119.3400","1.9872","44.6831"
"119.3600","1.9875","44.7556"
"119.3800","1.9878","44.7151"
"119.4000","1.9882","44.6216"
"119.4200","1.9886","44.5971"
"119.4400","1.9890","44.6909"
"119.4600","1.9894","44.7903"
"119.4800","1.9897","44.8066"
"119.5000","1.9899","44.8741"
"119.5200","1.9902","44.8556"
"119.5400","1.9904","44.7703"
"119.5600","1.9907","44.7362"
"119.5800","1.9911","44.7791"
"119.6000","1.9914","44.8261"
"119.6200","1.9918","44.8037"
"119.6400","1.9922","44.7284"
"119.6600","1.9925","44.7220"
"119.6800","1.9928","44.7088"
"119.7000","1.9930","44.7444"
"119.7200","1.9933","44.7458"
"119.7400","1.9937","44.7683"
"119.7600","1.9941","44.8244"
"119.7800","1.9946","44.8587"
"119.8000","1.9950","44.7817"
"119.8200","1.9954","44.7900"
"119.8400","1.9957","44.8276"
"119.8600","1.9959","44.8205"
"119.8800","1.9962","44.8361"
"119.9000","1.9965","44.8156"
"119.9200","1.9968","44.8704"
"119.9400","1.9971","44.8978"
"119.9600","1.9975","44.9178"
"119.9800","1.9979","44.9319"
"120.0000","1.9982","44.8755"
"120.0200","1.9985","44.8619"
"120.0400","1.9989","44.8782"
"120.0600","1.9992","44.9254"
"120.0800","1.9996","44.9898"
"120.1000","1.9999","44.9804"
"120.1200","2.0003","44.9387"
"120.1400","2.0007","44.9287"
"120.1600","2.0010","44.9844"
"120.1800","2.0013","44.9478"
"120.2000","2.0016","45.0083"
"120.2200","2.0018","45.0138"
"120.2400","2.0021","44.9653"
"120.2600","2.0025","44.9687"
"120.2800","2.0028","45.0369"
"120.3000","2.0032","45.0164"
"120.3200","2.0035","45.0145"
"120.3400","2.0039","45.0459"
"120.3600","2.0042","45.0690"
"120.3800","2.0044","45.0339"
"120.4000","2.0047","45.1013"
"120.4200","2.0051","45.1255"
"120.4400","2.0055","45.1603"
"120.4600","2.0059","45.0703"
"120.4800","2.0063","44.9799"
"120.5000","2.0067","45.0445"
"120.5200","2.0071","45.0711"
"120.5400","2.0073","45.1281"
"120.5600","2.0076","45.1523"
"120.5800","2.0078","45.1256"
"120.6000","2.0081","45.2164"
"120.6200","2.0085","45.2062"
"120.6400","2.0088","45.2546"
"120.6600","2.0092","45.2160"
"120.6800","2.0096","45.2852"
"120.7000","2.0099","45.2444"
"120.7200","2.0102","45.2784"
"120.7400","2.0105","45.2409"
"120.7600","2.0109","45.2484"
"120.7800","2.0112","45.2549"
"120.8000","2.0117","45.2553"
"120.8200","2.0121","45.2196"
"120.8400","2.0124","45.2116"
"120.8600","2.0127","45.2014"
"120.8800","2.0130","45.1990"
"120.9000","2.0132","45.2257"
"120.9200","2.0135","45.2034"
"120.9400","2.0138","45.2716"
"120.9600","2.0141","45.2918"
"120.9800","2.0145","45.3559"
"121.0000","2.0149","45.2963"
"121.0200","2.0152","45.2109"
"121.0400","2.0155","45.3623"
"121.0600","2.0158","45.4074"
"121.0800","2.0161","45.3960"
"121.1000","2.0164","45.3646"
"121.1200","2.0167","45.3670"
"121.1400","2.0172","45.3475"
"121.1600","2.0176","45.2793"
"121.1800","2.0180","45.3828"
"121.2000","2.0184","45.3753"
"121.2200","2.0187","45.4261"
"121.2400","2.0189","45.4126"
"121.2600","2.0192","45.4458"
"121.2800","2.0195","45.4287"
"121.3000","2.0198","45.5006"
"121.3200","2.0202","45.4911"
"121.3400","2.0205","45.4453"
"121.3600","2.0209","45.4475"
"121.3800","2.0213","45.4353"
"121.4000","2.0216","45.4162"
"121.4200","2.0219","45.4617"
"121.4400","2.0222","45.4433"
"121.4600","2.0225","45.5237"
"121.4800","2.0230","45.5087"
"121.5000","2.0234","45.4476"
"121.5200","2.0238","45.4553"
"121.5400","2.0241","45.5303"
"121.5600","2.0243","45.5506"
"121.5800","2.0246","45.5382"
"121.6000","2.0249","45.4640"
"121.6200","2.0252","45.5231"
"121.6400","2.0255","45.5250"
"121.6600","2.0259","45.5447"
"121.6800","2.0262","45.5375"
"121.7000","2.0266","45.5965"
"121.7200","2.0269","45.6117"
"121.7400","2.0272","45.6235"
"121.7600","2.0274","45.6229"
"121.7800","2.0277","45.5663"
"121.8000","2.0280","45.5958"
"121.8200","2.0284","45.6228"
"121.8400","2.0289","45.6108"
"121.8600","2.0293","45.5678"
"121.8800","2.0297","45.5959"
"121.9000","2.0300","45.5748"
"121.9200","2.0303","45.6271"
"121.9400","2.0305","45.6417"
"121.9600","2.0308","45.6599"
"121.9800","2.0311","45.6583"
"122.0000","2.0314","45.7096"
"122.0200","2.0318","45.8114"
"122.0400","2.0322","45.7030"
"122.0600","2.0326","45.5941"
"122.0800","2.0329","45.5803"
"122.1000","2.0332","45.6741"
"122.1200","2.0335","45.6927"
"122.1400","2.0339","45.7383"
"122.1600","2.0343","45.7802"
"122.1800","2.0347","45.7753"
"122.2000","2.0351","45.7115"
"122.2200","2.0354","45.7478"
"122.2400","2.0357","45.8000"
"122.2600","2.0359","45.7775"
"122.2800","2.0362","45.8040"
"122.3000","2.0365","45.7991"
"122.3200","2.0368","45.8294"
"122.3400","2.0372","45.7544"
"122.3600","2.0375","45.7938"
"122.3800","2.0379","45.8483"
"122.4000","2.0382","45.8482"
"122.4200","2.0385","45.9134"
"122.4400","2.0388","45.8781"
"122.4600","2.0391","45.8909"
"122.4800","2.0394","45.8443"
"122.5000","2.0397","45.8324"
"122.5200","2.0401","45.8245"
"122.5400","2.0406","45.8282"
"122.5600","2.0410","45.8328"
"122.5800","2.0414","45.7917"
"122.6000","2.0416","45.8694"
"122.6200","2.0419","45.8850"
"122.6400","2.0421","45.9348"
"122.6600","2.0424","45.9514"
"122.6800","2.0427","45.8904"
"122.7000","2.0431","45.8718"
"122.7200","2.0435","45.8996"
"122.7400","2.0439","45.8334"
"122.7600","2.0442","45.8444"
"122.7800","2.0445","45.8625"
"122.8000","2.0448","45.8539"
"122.8200","2.0451","45.8119"
"122.8400","2.0455","45.8504"
"122.8600","2.0459","45.8527"
"122.8800","2.0463","45.8664"
"122.9000","2.0467","45.7940"
"122.9200","2.0470","45.7600"
"122.9400","2.0473","45.8096"
"122.9600","2.0475","45.8481"
"122.9800","2.0478","45.8186"
"123.0000","2.0481","45.8078"
"123.0200","2.0485","45.8661"
"123.0400","2.0488","45.8474"
"123.0600","2.0492","45.8487"
"123.0800","2.0496","45.8840"
"123.1000","2.0499","45.9506"
"123.1200","2.0502","45.9866"
"123.1400","2.0504","45.8944"
"123.1600","2.0507","45.7890"
"123.1800","2.0511","45.8325"
"123.2000","2.0515","45.8650"
"123.2200","2.0519","45.8832"
"123.2400","2.0524","45.8466"
"123.2600","2.0527","45.8146"
"123.2800","2.0530","45.7983"
"123.3000","2.0533","45.8052"
"123.3200","2.0535","45.8885"
"123.3400","2.0538","45.7986"
"123.3600","2.0541","45.7125"
"123.3800","2.0544","45.6194"
"123.4000","2.0548","45.6009"
"123.4200","2.0552","45.6334"
"123.4400","2.0556","45.7031"
"123.4600","2.0559","45.6576"
"123.4800","2.0562","45.6975"
"123.5000","2.0565","45.7672"
"123.5200","2.0569","45.7301"
"123.5400","2.0573","45.7076"
"123.5600","2.0577","45.7284"
"123.5800","2.0581","45.7349"
"123.6000","2.0584","45.7749"
"123.6200","2.0587","45.7744"
"123.6400","2.0589","45.7333"
"123.6600","2.0592","45.6372"
"123.6800","2.0594","45.6807"
"123.7000","2.0598","45.7227"
"123.7200","2.0601","45.6587"
"123.7400","2.0605","45.6303"
"123.7600","2.0609","45.5989"
"123.7800","2.0612","45.6196"
"123.8000","2.0615","45.6392"
"123.8200","2.0618","45.6509"
"123.8400","2.0621","45.5725"
"123.8600","2.0624","45.5126"
"123.8800","2.0628","45.4243"
"123.9000","2.0632","45.5082"
"123.9200","2.0636","45.5542"
"123.9400","2.0641","45.5153"
"123.9600","2.0644","45.4894"
"123.9800","2.0647","45.4921"
"124.0000","2.0649","45.4739"
"124.0200","2.0652","45.4882"
"124.0400","2.0654","45.5010"
"124.0600","2.0658","45.5247"
"124.0800","2.0661","45.5503"
"124.1000","2.0665","45.5365"
"124.1200","2.0669","45.5343"
"124.1400","2.0672","45.5364"
"124.1600","2.0675","45.5322"
"124.1800","2.0678","45.5020"
"124.2000","2.0682","45.4962"
"124.2200","2.0686","45.4954"
"124.2400","2.0690","45.4857"
"124.2600","2.0694","45.5463"
"124.2800","2.0698","45.4975"
"124.3000","2.0700","45.4137"
"124.3200","2.0703","45.4743"
"124.3400","2.0705","45.6143"
"124.3600","2.0708","45.5939"
"124.3800","2.0711","45.6030"
"124.4000","2.0714","45.5594"
"124.4200","2.0718","45.4718"
"124.4400","2.0722","45.4849"
"124.4600","2.0726","45.4710"
"124.4800","2.0729","45.4382"
"124.5000","2.0732","45.5034"
"124.5200","2.0735","45.4358"
"124.5400","2.0737","45.3893"
"124.5600","2.0741","45.3371"
"124.5800","2.0745","45.3661"
"124.6000","2.0749","45.4098"
"124.6200","2.0754","45.4297"
"124.6400","2.0757","45.4481"
"124.6600","2.0760","45.3284"
"124.6800","2.0763","45.3112"
"124.7000","2.0765","45.3597"
"124.7200","2.0768","45.3736"
"124.7400","2.0771","45.4425"
"124.7600","2.0774","45.4279"
"124.7800","2.0778","45.3824"
"124.8000","2.0782","45.3371"
"124.8200","2.0786","45.3304"
"124.8400","2.0789","45.3738"
"124.8600","2.0792","45.3476"
"124.8800","2.0795","45.3780"
"124.9000","2.0799","45.4001"
"124.9200","2.0803","45.3392"
"124.9400","2.0807","45.3143"
"124.9600","2.0811","45.3172"
"124.9800","2.0814","45.4078"
"125.0000","2.0817","45.3820"
"125.0200","2.0819","45.3841"
"125.0400","2.0822","45.3166"
"125.0600","2.0825","45.2312"
"125.0800","2.0828","45.1892"
"125.1000","2.0831","45.2692"
"125.1200","2.0835","45.3127"
"125.1400","2.0839","45.3623"
"125.1600","2.0842","45.2757"
"125.1800","2.0845","45.2791"
"125.2000","2.0848","45.3134"
"125.2200","2.0851","45.2845"
"125.2400","2.0854","45.2428"
"125.2600","2.0858","45.2486"
"125.2800","2.0862","45.2421"
"125.3000","2.0867","45.3290"
"125.3200","2.0871","45.4058"
"125.3400","2.0874","45.4192"
"125.3600","2.0877","45.3305"
"125.3800","2.0879","45.2801"
"125.4000","2.0882","45.2752"
"125.4200","2.0884","45.2534"
"125.4400","2.0888","45.2838"
"125.4600","2.0891","45.2913"
"125.4800","2.0895","45.3041"
"125.5000","2.0898","45.2671"
"125.5200","2.0902","45.2267"
"125.5400","2.0905","45.2211"
"125.5600","2.0908","45.2929"
"125.5800","2.0912","45.2802"
"125.6000","2.0915","45.3593"
"125.6200","2.0920","45.4095"
"125.6400","2.0924","45.3160"
"125.6600","2.0927","45.2928"
"125.6800","2.0930","45.2821"
"125.7000","2.0933","45.3003"
"125.7200","2.0935","45.2668"
"125.7400","2.0938","45.2109"
"125.7600","2.0941","45.2694"
"125.7800","2.0945","45.3462"
"125.8000","2.0948","45.3473"
"125.8200","2.0952","45.3546"
"125.8400","2.0956","45.3323"
"125.8600","2.0959","45.3766"
"125.8800","2.0962","45.3625"
"125.9000","2.0964","45.3350"
"125.9200","2.0967","45.3118"
"125.9400","2.0971","45.2648"
"125.9600","2.0975","45.2357"
"125.9800","2.0979","45.2663"
"126.0000","2.0984","45.2986"
"126.0200","2.0987","45.3324"
"126.0400","2.0990","45.2927"
"126.0600","2.0993","45.2493"
"126.0800","2.0995","45.2196"
"126.1000","2.0998","45.3208"
"126.1200","2.1001","45.3545"
"126.1400","2.1004","45.2930"
"126.1600","2.1008","45.3144"
"126.1800","2.1012","45.2754"
"126.2000","2.1015","45.2649"
"126.2200","2.1018","45.2089"
"126.2400","2.1021","45.2022"
"126.2600","2.1025","45.1966"
"126.2800","2.1028","45.1817"
"126.3000","2.1032","45.1700"
"126.3200","2.1037","45.2138"
"126.3400","2.1041","45.3249"
"126.3600","2.1044","45.3205"
"126.3800","2.1046","45.2647"
"126.4000","2.1049","45.1748"
"126.4200","2.1051","45.1503"
"126.4400","2.1054","45.2291"
"126.4600","2.1058","45.2605"
"126.4800","2.1061","45.3480"
"126.5000","2.1065","45.3672"
"126.5200","2.1069","45.2061"
"126.5400","2.1072","45.1821"
"126.5600","2.1075","45.1852"
"126.5800","2.1078","45.2729"
"126.6000","2.1081","45.2803"
"126.6200","2.1084","45.3084"
"126.6400","2.1088","45.3825"
"126.6600","2.1092","45.3742"
"126.6800","2.1097","45.3330"
"126.7000","2.1101","45.3266"
"126.7200","2.1104","45.3101"
"126.7400","2.1107","45.3071"
"126.7600","2.1109","45.3210"
"126.7800","2.1111","45.2654"
"126.8000","2.1114","45.3231"
"126.8200","2.1118","45.3981"
"126.8400","2.1121","45.3567"
"126.8600","2.1125","45.3814"
"126.8800","2.1129","45.3990"
"126.9000","2.1132","45.3408"
"126.9200","2.1135","45.2779"
"126.9400","2.1138","45.3130"
"126.9600","2.1142","45.2574"
"126.9800","2.1146","45.3646"
"127.0000","2.1150","45.3696"
"127.0200","2.1154","45.3820"
"127.0400","2.1157","45.4573"
"127.0600","2.1160","45.4974"
"127.0800","2.1163","45.4078"
"127.1000","2.1165","45.3343"
"127.1200","2.1168","45.3440"
"127.1400","2.1171","45.3856"
"127.1600","2.1175","45.4140"
"127.1800","2.1178","45.3802"
"127.2000","2.1182","45.3592"
"127.2200","2.1186","45.3932"
"127.2400","2.1189","45.3720"
"127.2600","2.1192","45.4037"
"127.2800","2.1194","45.3377"
"127.3000","2.1197","45.3248"
"127.3200","2.1201","45.2841"
"127.3400","2.1205","45.4183"
"127.3600","2.1210","45.4876"
"127.3800","2.1214","45.4783"
"127.4000","2.1218","45.5027"
"127.4200","2.1221","45.4614"
"127.4400","2.1223","45.4852"
"127.4600","2.1225","45.5144"
"127.4800","2.1228","45.4739"
"127.5000","2.1231","45.4075"
"127.5200","2.1234","45.4057"
"127.5400","2.1238","45.3804"
"127.5600","2.1242","45.4396"
"127.5800","2.1245","45.4855"
"127.6000","2.1249","45.5081"
"127.6200","2.1252","45.4763"
"127.6400","2.1255","45.5030"
"127.6600","2.1259","45.4610"
"127.6800","2.1263","45.5077"
"127.7000","2.1267","45.5942"
"127.7200","2.1271","45.6090"
"127.7400","2.1274","45.5850"
"127.7600","2.1276","45.5172"
"127.7800","2.1279","45.5709"
"127.8000","2.1281","45.5741"
"127.8200","2.1284","45.5615"
"127.8400","2.1287","45.5469"
"127.8600","2.1291","45.4731"
"127.8800","2.1295","45.4946"
"127.9000","2.1299","45.5359"
"127.9200","2.1302","45.5105"
"127.9400","2.1305","45.4587"
"127.9600","2.1308","45.4970"
"127.9800","2.1311","45.5422"
"128.0000","2.1314","45.6562"
"128.0200","2.1318","45.6118"
"128.0400","2.1322","45.5618"
"128.0600","2.1327","45.5447"
"128.0800","2.1331","45.5955"
"128.1000","2.1334","45.5505"
"128.1200","2.1337","45.5936"
"128.1400","2.1339","45.6320"
"128.1600","2.1342","45.6228"
"128.1800","2.1345","45.5831"
"128.2000","2.1348","45.5363"
"128.2200","2.1351","45.5744"
"128.2400","2.1355","45.6255"
"128.2600","2.1359","45.5762"
"128.2800","2.1362","45.5567"
"128.3000","2.1365","45.5649"
"128.3200","2.1368","45.5953"
"128.3400","2.1372","45.6486"
"128.3600","2.1376","45.6107"
"128.3800","2.1380","45.6262"
"128.4000","2.1384","45.7055"
"128.4200","2.1387","45.7156"
"128.4400","2.1390","45.7448"
"128.4600","2.1393","45.6847"
"128.4800","2.1395","45.5677"
"128.5000","2.1398","45.5992"
"128.5200","2.1401","45.6622"
"128.5400","2.1405","45.6737"
"128.5600","2.1408","45.7338"
"128.5800","2.1412","45.7195"
"128.6000","2.1416","45.7567"
"128.6200","2.1419","45.7130"
"128.6400","2.1422","45.6826"
"128.6600","2.1424","45.6335"
"128.6800","2.1427","45.6566"
"128.7000","2.1431","45.7674"
"128.7200","2.1435","45.7937"
"128.7400","2.1439","45.7051"
"128.7600","2.1444","45.6628"
"128.7800","2.1447","45.7096"
"128.8000","2.1450","45.6841"
"128.8200","2.1453","45.6853"
"128.8400","2.1455","45.7722"
"128.8600","2.1458","45.8118"
"128.8800","2.1461","45.7921"
"128.9000","2.1465","45.7296"
"128.9200","2.1468","45.7937"
"128.9400","2.1472","45.8446"
"128.9600","2.1475","45.7853"
"128.9800","2.1479","45.7646"
"129.0000","2.1482","45.8053"
"129.0200","2.1485","45.8725"
"129.0400","2.1489","45.8524"
"129.0600","2.1493","45.8014"
"129.0800","2.1497","45.7552"
"129.1000","2.1500","45.8065"
"129.1200","2.1503","45.8372"
"129.1400","2.1506","45.8611"
"129.1600","2.1509","45.9078"
"129.1800","2.1511","45.9096"
"129.2000","2.1514","45.9124"
"129.2200","2.1517","45.8800"
"129.2400","2.1521","45.8167"
"129.2600","2.1525","45.9238"
"129.2800","2.1529","45.9701"
"129.3000","2.1532","45.9179"
"129.3200","2.1535","45.8990"
"129.3400","2.1538","45.8626"
"129.3600","2.1541","45.8964"
"129.3800","2.1544","45.9207"
"129.4000","2.1548","45.9494"
"129.4200","2.1553","45.8880"
"129.4400","2.1557","45.8460"
"129.4600","2.1561","45.9611"
"129.4800","2.1564","45.9729"
"129.5000","2.1566","45.9570"
"129.5200","2.1569","46.0017"
"129.5400","2.1572","45.9442"
"129.5600","2.1574","45.9155"
"129.5800","2.1578","45.9366"
"129.6000","2.1581","45.8905"
"129.6200","2.1585","45.9576"
"129.6400","2.1589","45.9578"
"129.6600","2.1592","45.9627"
"129.6800","2.1595","45.9900"
"129.7000","2.1599","45.9910"
"129.7200","2.1602","46.0586"
"129.7400","2.1606","46.1111"
"129.7600","2.1610","46.0902"
"129.7800","2.1614","46.1949"
"129.8000","2.1617","46.1904"
"129.8200","2.1620","46.0324"
"129.8400","2.1622","45.9592"
"129.8600","2.1625","45.9297"
"129.8800","2.1628","46.0844"
"129.9000","2.1631","46.0366"
"129.9200","2.1634","46.0588"
"129.9400","2.1638","46.1204"
"129.9600","2.1642","46.1101"
"129.9800","2.1645","46.1640"
"130.0000","2.1649","46.1981"
"130.0200","2.1651","46.1458"
"130.0400","2.1654","46.0653"
"130.0600","2.1657","46.0616"
"130.0800","2.1661","46.0267"
"130.1000","2.1665","46.0156"
"130.1200","2.1670","46.0224"
"130.1400","2.1674","46.0725"
"130.1600","2.1677","46.2081"
"130.1800","2.1680","46.2428"
"130.2000","2.1683","46.2268"
"130.2200","2.1685","46.1860"
"130.2400","2.1688","46.1171"
"130.2600","2.1691","46.1896"
"130.2800","2.1695","46.2730"
"130.3000","2.1698","46.2208"
"130.3200","2.1702","46.1475"
"130.3400","2.1706","46.1345"
"130.3600","2.1709","46.2114"
"130.3800","2.1712","46.2338"
"130.4000","2.1715","46.2647"
"130.4200","2.1719","46.3048"
"130.4400","2.1723","46.3537"
"130.4600","2.1727","46.2882"
"130.4800","2.1730","46.2919"
"130.5000","2.1733","46.3209"
"130.5200","2.1736","46.2708"
"130.5400","2.1738","46.3025"
"130.5600","2.1741","46.2592"
"130.5800","2.1744","46.2024"
"130.6000","2.1747","46.2743"
"130.6200","2.1751","46.2945"
"130.6400","2.1755","46.2419"
"130.6600","2.1758","46.2009"
"130.6800","2.1762","46.2661"
"130.7000","2.1765","46.3008"
"130.7200","2.1768","46.2059"
"130.7400","2.1771","46.1861"
"130.7600","2.1774","46.3311"
"130.7800","2.1778","46.4674"
"130.8000","2.1783","46.4285"
"130.8200","2.1787","46.3439"
"130.8400","2.1791","46.3066"
"130.8600","2.1794","46.3773"
"130.8800","2.1796","46.4488"
"130.9000","2.1798","46.4356"
"130.9200","2.1801","46.4460"
"130.9400","2.1804","46.4426"
"130.9600","2.1808","46.4630"
"130.9800","2.1812","46.4479"
"131.0000","2.1816","46.4268"
"131.0200","2.1819","46.4259"
"131.0400","2.1822","46.3841"
"131.0600","2.1826","46.4322"
"131.0800","2.1829","46.4360"
"131.1000","2.1832","46.4078"
"131.1200","2.1836","46.4393"
"131.1400","2.1840","46.4516"
"131.1600","2.1844","46.4585"
"131.1800","2.1847","46.4630"
"131.2000","2.1850","46.5549"
"131.2200","2.1852","46.5963"
"131.2400","2.1855","46.5752"
"131.2600","2.1858","46.4958"
"131.2800","2.1861","46.4507"
"131.3000","2.1864","46.5003"
"131.3200","2.1868","46.5405"
"131.3400","2.1872","46.5555"
"131.3600","2.1875","46.6373"
"131.3800","2.1878","46.5989"
"131.4000","2.1881","46.5116"
"131.4200","2.1884","46.5008"
"131.4400","2.1887","46.5599"
"131.4600","2.1891","46.5892"
"131.4800","2.1896","46.6337"
"131.5000","2.1900","46.5422"
"131.5200","2.1904","46.6031"
"131.5400","2.1907","46.5802"
"131.5600","2.1910","46.5337"
"131.5800","2.1912","46.5921"
"131.6000","2.1915","46.6128"
"131.6200","2.1918","46.5724"
"131.6400","2.1921","46.5826"
"131.6600","2.1925","46.6387"
"131.6800","2.1929","46.7044"
"131.7000","2.1933","46.6661"
"131.7200","2.1936","46.6957"
"131.7400","2.1939","46.7255"
"131.7600","2.1943","46.6365"
"131.7800","2.1946","46.6606"
"131.8000","2.1949","46.7710"
"131.8200","2.1953","46.7410"
"131.8400","2.1957","46.6378"
"131.8600","2.1960","46.6015"
"131.8800","2.1963","46.7298"
"131.9000","2.1966","46.7474"
"131.9200","2.1969","46.6490"
"131.9400","2.1971","46.6704"
"131.9600","2.1974","46.7117"
"131.9800","2.1978","46.7558"
"132.0000","2.1981","46.7722"
"132.0200","2.1985","46.7560"
"132.0400","2.1989","46.7528"
"132.0600","2.1992","46.7194"
"132.0800","2.1995","46.7771"
"132.1000","2.1997","46.8238"
"132.1200","2.2001","46.7985"
"132.1400","2.2004","46.8514"
"132.1600","2.2009","46.8944"
"132.1800","2.2013","46.8433"
"132.2000","2.2018","46.7804"
"132.2200","2.2021","46.8254"
"132.2400","2.2024","46.8214"
"132.2600","2.2026","46.7722"
"132.2800","2.2029","46.8314"
"132.3000","2.2031","46.8643"
"132.3200","2.2034","46.8853"
"132.3400","2.2038","46.9200"
"132.3600","2.2042","46.8577"
"132.3800","2.2046","46.8225"
"132.4000","2.2049","46.7765"
"132.4200","2.2053","46.8504"
"132.4400","2.2056","46.9090"
"132.4600","2.2059","46.9738"
"132.4800","2.2062","46.9619"
"132.5000","2.2066","46.9313"
"132.5200","2.2070","46.9243"
"132.5400","2.2074","46.9366"
"132.5600","2.2077","46.9400"
"132.5800","2.2080","46.9432"
"132.6000","2.2082","46.9559"
"132.6200","2.2085","46.9206"
"132.6400","2.2088","46.9067"
"132.6600","2.2091","46.8070"
"132.6800","2.2094","46.8227"
"132.7000","2.2098","46.9129"
"132.7200","2.2102","46.9695"
"132.7400","2.2105","46.9527"
"132.7600","2.2108","46.9791"
"132.7800","2.2111","46.9878"
"132.8000","2.2114","47.0329"
"132.8200","2.2117","47.0572"
"132.8400","2.2121","46.9718"
"132.8600","2.2126","46.8899"
"132.8800","2.2130","46.9313"
"132.9000","2.2134","46.9955"
"132.9200","2.2137","46.9431"
"132.9400","2.2140","46.9596"
"132.9600","2.2142","46.9518"
"132.9800","2.2145","46.9423"
"133.0000","2.2148","47.0203"
"133.0200","2.2151","47.0454"
"133.0400","2.2155","46.9800"
"133.0600","2.2159","47.0162"
"133.0800","2.2162","47.0387"
"133.1000","2.2166","47.0436"
"133.1200","2.2169","47.0674"
"133.1400","2.2172","47.1089"
"133.1600","2.2175","47.1096"
"133.1800","2.2179","47.1153"
"133.2000","2.2183","47.0477"
"133.2200","2.2187","46.9437"
"133.2400","2.2190","46.9868"
"133.2600","2.2193","47.0633"
"133.2800","2.2196","47.0971"
"133.3000","2.2198","47.0381"
"133.3200","2.2201","47.0067"
"133.3400","2.2205","47.0192"
"133.3600","2.2208","47.0011"
"133.3800","2.2212","47.0269"
"133.4000","2.2215","47.0168"
"133.4200","2.2219","47.1237"
"133.4400","2.2222","47.1190"
"133.4600","2.2224","47.0926"
"133.4800","2.2227","47.1020"
"133.5000","2.2230","47.1738"
"133.5200","2.2234","47.0807"
"133.5400","2.2238","47.0951"
"133.5600","2.2243","47.1003"
"133.5800","2.2247","47.1430"
"133.6000","2.2251","47.2452"
"133.6200","2.2254","47.2366"
"133.6400","2.2256","47.2657"
"133.6600","2.2258","47.1835"
"133.6800","2.2261","47.0722"
"133.7000","2.2264","47.0780"
"133.7200","2.2268","47.1263"
"133.7400","2.2272","47.1486"
"133.7600","2.2275","47.0889"
"133.7800","2.2279","47.1293"
"133.8000","2.2282","47.1874"
"133.8200","2.2285","47.1869"
"133.8400","2.2288","47.1532"
"133.8600","2.2292","47.2008"
"133.8800","2.2296","47.1982"
"133.9000","2.2300","47.1779"
"133.9200","2.2304","47.1521"
"133.9400","2.2307","47.1582"
"133.9600","2.2310","47.2160"
"133.9800","2.2312","47.2327"
"134.0000","2.2315","47.1542"
"134.0200","2.2317","47.0897"
"134.0400","2.2321","47.0727"
"134.0600","2.2324","47.1203"
"134.0800","2.2328","47.1506"
"134.1000","2.2332","47.1365"
"134.1200","2.2335","47.1604"
"134.1400","2.2338","47.1701"
"134.1600","2.2341","47.2449"
"134.1800","2.2344","47.2733"
"134.2000","2.2347","47.3223"
"134.2200","2.2351","47.3376"
"134.2400","2.2356","47.2739"
"134.2600","2.2360","47.2619"
"134.2800","2.2364","47.1890"
"134.3000","2.2367","47.1588"
"134.3200","2.2370","47.1239"
"134.3400","2.2372","47.2002"
"134.3600","2.2375","47.2179"
"134.3800","2.2378","47.1727"
"134.4000","2.2381","47.1607"
"134.4200","2.2385","47.1243"
"134.4400","2.2389","47.1516"
"134.4600","2.2392","47.1387"
"134.4800","2.2396","47.1713"
"134.5000","2.2399","47.1540"
"134.5200","2.2402","47.1495"
"134.5400","2.2406","47.2243"
"134.5600","2.2410","47.1993"
"134.5800","2.2414","47.2694"
"134.6000","2.2417","47.2847"
"134.6200","2.2421","47.2108"
"134.6400","2.2423","47.1679"
"134.6600","2.2426","47.1455"
"134.6800","2.2428","47.2067"
"134.7000","2.2431","47.1794"
"134.7200","2.2435","47.0684"
"134.7400","2.2438","47.0675"
"134.7600","2.2442","47.1440"
"134.7800","2.2445","47.2045"
"134.8000","2.2449","47.1839"
"134.8200","2.2452","47.2002"
"134.8400","2.2455","47.1967"
"134.8600","2.2457","47.2353"
"134.8800","2.2461","47.2287"
"134.9000","2.2464","47.1906"
"134.9200","2.2469","47.1663"
"134.9400","2.2473","47.1894"
"134.9600","2.2477","47.2820"
"134.9800","2.2481","47.3212"
"135.0000","2.2483","47.2850"
"135.0200","2.2486","47.3011"
"135.0400","2.2488","47.2950"
"135.0600","2.2491","47.2864"
"135.0800","2.2495","47.2448"
"135.1000","2.2498","47.1918"
"135.1200","2.2502","47.1229"
"135.1400","2.2506","47.1727"
"135.1600","2.2509","47.2172"
"135.1800","2.2512","47.2666"
"135.2000","2.2515","47.3098"
"135.2200","2.2519","47.2851"
"135.2400","2.2522","47.3840"
"135.2600","2.2527","47.4327"
"135.2800","2.2531","47.3506"
"135.3000","2.2534","47.2750"
"135.3200","2.2537","47.2038"
"135.3400","2.2540","47.2802"
"135.3600","2.2542","47.3111"
"135.3800","2.2545","47.3066"
"135.4000","2.2548","47.2866"
"135.4200","2.2551","47.3287"
"135.4400","2.2555","47.3004"
"135.4600","2.2559","47.3915"
"135.4800","2.2562","47.3919"
"135.5000","2.2565","47.3347"
"135.5200","2.2568","47.2697"
"135.5400","2.2571","47.3312"
"135.5600","2.2574","47.3065"
"135.5800","2.2577","47.2880"
"135.6000","2.2581","47.3287"
"135.6200","2.2586","47.3969"
"135.6400","2.2590","47.4111"
"135.6600","2.2594","47.4133"
"135.6800","2.2597","47.3865"
"135.7000","2.2599","47.3422"
"135.7200","2.2602","47.3347"
"135.7400","2.2605","47.3073"
"135.7600","2.2608","47.3522"
"135.7800","2.2611","47.3712"
"135.8000","2.2615","47.2624"
"135.8200","2.2619","47.2684"
"135.8400","2.2622","47.2922"
"135.8600","2.2626","47.3138"
"135.8800","2.2629","47.2839"
"135.9000","2.2632","47.1993"
"135.9200","2.2635","47.2844"
"135.9400","2.2639","47.2789"
"135.9600","2.2643","47.2488"
"135.9800","2.2647","47.2602"
"136.0000","2.2651","47.3017"
"136.0200","2.2653","47.2370"
"136.0400","2.2656","47.2589"
"136.0600","2.2659","47.1831"
"136.0800","2.2661","47.1047"
"136.1000","2.2665","47.1263"
"136.1200","2.2668","47.1667"
"136.1400","2.2672","47.1675"
"136.1600","2.2676","47.0954"
"136.1800","2.2679","47.1411"
"136.2000","2.2682","47.1581"
"136.2200","2.2684","47.1220"
"136.2400","2.2687","47.0912"
"136.2600","2.2690","47.1235"
"136.2800","2.2694","47.1086"
"136.3000","2.2698","47.0798"
"136.3200","2.2703","47.0404"
"136.3400","2.2707","46.9861"
"136.3600","2.2710","46.9914"
"136.3800","2.2713","47.0614"
"136.4000","2.2715","46.9420"
"136.4200","2.2718","46.9213"
"136.4400","2.2721","46.9909"
"136.4600","2.2724","46.9518"
"136.4800","2.2728","46.8435"
"136.5000","2.2732","46.8352"
"136.5200","2.2736","46.8055"
"136.5400","2.2739","46.7776"
"136.5600","2.2742","46.7384"
"136.5800","2.2745","46.7479"
"136.6000","2.2748","46.7335"
"136.6200","2.2752","46.7746"
"136.6400","2.2756","46.6974"
"136.6600","2.2761","46.6114"
"136.6800","2.2764","46.5655"
"136.7000","2.2767","46.6297"
"136.7200","2.2769","46.5881"
"136.7400","2.2772","46.5425"
"136.7600","2.2775","46.5554"
"136.7800","2.2778","46.5607"
"136.8000","2.2782","46.6512"
"136.8200","2.2785","46.6705"
"136.8400","2.2789","46.6260"
"136.8600","2.2792","46.5633"
"136.8800","2.2795","46.5900"
"136.9000","2.2798","46.6296"
"136.9200","2.2801","46.5635"
"136.9400","2.2804","46.6353"
"136.9600","2.2807","46.6450"
"136.9800","2.2811","46.6567"
"137.0000","2.2816","46.6994"
"137.0200","2.2820","46.6819"
"137.0400","2.2824","46.6934"
"137.0600","2.2827","46.6302"
"137.0800","2.2829","46.5887"
"137.1000","2.2831","46.6040"
"137.1200","2.2834","46.6367"
"137.1400","2.2838","46.6393"
"137.1600","2.2841","46.6882"
"137.1800","2.2845","46.6489"
"137.2000","2.2849","46.6312"
"137.2200","2.2852","46.7078"
"137.2400","2.2855","46.6621"
"137.2600","2.2858","46.6301"
"137.2800","2.2862","46.7402"
"137.3000","2.2865","46.7302"
"137.3200","2.2869","46.6676"
"137.3400","2.2873","46.6138"
"137.3600","2.2877","46.6212"
"137.3800","2.2880","46.6579"
"137.4000","2.2883","46.6933"
"137.4200","2.2886","46.6860"
"137.4400","2.2888","46.6828"
"137.4600","2.2891","46.6700"
"137.4800","2.2895","46.7004"
"137.5000","2.2898","46.7131"
"137.5200","2.2902","46.6656"
"137.5400","2.2906","46.6790"
"137.5600","2.2909","46.6976"
"137.5800","2.2912","46.7502"
"137.6000","2.2914","46.6765"
"137.6200","2.2917","46.5712"
"137.6400","2.2920","46.5400"
"137.6600","2.2924","46.5933"
"137.6800","2.2929","46.7489"
"137.7000","2.2933","46.7465"
"137.7200","2.2937","46.7081"
"137.7400","2.2941","46.6568"
"137.7600","2.2943","46.6784"
"137.7800","2.2945","46.6748"
"137.8000","2.2948","46.6585"
"137.8200","2.2951","46.6692"
"137.8400","2.2954","46.6312"
"137.8600","2.2958","46.5815"
"137.8800","2.2962","46.7027"
"137.9000","2.2966","46.8159"
"137.9200","2.2969","46.8303"
"137.9400","2.2972","46.7277"
"137.9600","2.2975","46.7074"
"137.9800","2.2979","46.6597"
"138.0000","2.2982","46.6932"
"138.0200","2.2987","46.6318"
"138.0400","2.2990","46.5873"
"138.0600","2.2994","46.5958"
"138.0800","2.2997","46.7140"
"138.1000","2.2999","46.7146"
"138.1200","2.3002","46.7041"
"138.1400","2.3004","46.6805"
"138.1600","2.3008","46.6433"
"138.1800","2.3011","46.6861"
"138.2000","2.3015","46.6547"
"138.2200","2.3019","46.6864"
"138.2400","2.3022","46.6728"
"138.2600","2.3026","46.6941"
"138.2800","2.3028","46.7462"
"138.3000","2.3031","46.6669"
"138.3200","2.3034","46.6416"
"138.3400","2.3038","46.6925"
"138.3600","2.3042","46.7177"
"138.3800","2.3046","46.6238"
"138.4000","2.3050","46.6912"
"138.4200","2.3054","46.7170"
"138.4400","2.3057","46.6502"
"138.4600","2.3059","46.6548"
"138.4800","2.3062","46.7130"
"138.5000","2.3065","46.7419"
"138.5200","2.3068","46.8066"
"138.5400","2.3071","46.7208"
"138.5600","2.3075","46.6420"
"138.5800","2.3079","46.6349"
"138.6000","2.3082","46.6988"
"138.6200","2.3085","46.6819"
"138.6400","2.3088","46.6852"
"138.6600","2.3092","46.7504"
"138.6800","2.3095","46.7780"
"138.7000","2.3100","46.7061"
"138.7200","2.3104","46.5835"
"138.7400","2.3107","46.5800"
"138.7600","2.3110","46.6665"
"138.7800","2.3113","46.7286"
"138.8000","2.3116","46.8073"
"138.8200","2.3118","46.7577"
"138.8400","2.3121","46.6901"
"138.8600","2.3124","46.7027"
"138.8800","2.3128","46.6668"
"138.9000","2.3132","46.6359"
"138.9200","2.3136","46.6104"
"138.9400","2.3139","46.7178"
"138.9600","2.3142","46.8299"
"138.9800","2.3145","46.6630"
"139.0000","2.3148","46.5982"
"139.0200","2.3151","46.6649"
"139.0400","2.3155","46.7427"
"139.0600","2.3159","46.7554"
"139.0800","2.3163","46.7580"
"139.1000","2.3167","46.7902"
"139.1200","2.3170","46.7919"
"139.1400","2.3173","46.7497"
"139.1600","2.3175","46.7142"
"139.1800","2.3178","46.7620"
"139.2000","2.3181","46.7884"
"139.2200","2.3184","46.7134"
"139.2400","2.3188","46.6675"
"139.2600","2.3192","46.7504"
"139.2800","2.3196","46.8199"
"139.3000","2.3199","46.8059"
"139.3200","2.3202","46.8438"
"139.3400","2.3205","46.8371"
"139.3600","2.3209","46.8121"
"139.3800","2.3213","46.8119"
"139.4000","2.3217","46.8437"
"139.4200","2.3221","46.8496"
"139.4400","2.3224","46.8442"
"139.4600","2.3227","46.7793"
"139.4800","2.3229","46.7823"
"139.5000","2.3232","46.7786"
"139.5200","2.3235","46.8078"
"139.5400","2.3238","46.7508"
"139.5600","2.3241","46.8015"
"139.5800","2.3245","46.8711"
"139.6000","2.3249","46.8168"
"139.6200","2.3252","46.7851"
"139.6400","2.3255","46.7305"
"139.6600","2.3258","46.7712"
"139.6800","2.3261","46.7841"
"139.7000","2.3264","46.8774"
"139.7200","2.3268","46.8361"
"139.7400","2.3272","46.8208"
"139.7600","2.3277","46.9174"
"139.7800","2.3281","46.8765"
"139.8000","2.3284","46.8791"
"139.8200","2.3287","46.9066"
"139.8400","2.3289","46.8548"
"139.8600","2.3292","46.8395"
"139.8800","2.3295","46.8055"
"139.9000","2.3298","46.8168"
"139.9200","2.3301","46.8020"
"139.9400","2.3305","46.8717"
"139.9600","2.3308","46.8730"
"139.9800","2.3312","46.9065"
"140.0000","2.3315","46.9000"
"140.0200","2.3318","46.8970"
"140.0400","2.3321","46.7992"
"140.0600","2.3325","46.8213"
"140.0800","2.3330","46.8696"
"140.1000","2.3334","46.9512"
"140.1200","2.3337","46.9529"
"140.1400","2.3340","46.8703"
"140.1600","2.3343","46.7967"
"140.1800","2.3346","46.8443"
"140.2000","2.3348","46.8260"
"140.2200","2.3351","46.8105"
"140.2400","2.3355","46.8096"
"140.2600","2.3358","46.9030"
"140.2800","2.3362","46.9921"
"140.3000","2.3366","46.9531"
"140.3200","2.3369","46.9058"
"140.3400","2.3372","47.0415"
"140.3600","2.3374","46.9951"
"140.3800","2.3377","46.9526"
"140.4000","2.3381","46.9485"
"140.4200","2.3385","46.9718"
"140.4400","2.3389","46.9734"
"140.4600","2.3393","46.9090"
"140.4800","2.3397","46.9378"
"140.5000","2.3401","46.9904"
"140.5200","2.3403","46.9940"
"140.5400","2.3406","47.0062"
"140.5600","2.3408","46.9857"
"140.5800","2.3411","47.0433"
"140.6000","2.3414","47.0243"
"140.6200","2.3418","47.0143"
"140.6400","2.3422","46.9627"
"140.6600","2.3425","47.0622"
"140.6800","2.3429","47.1552"
"140.7000","2.3432","47.0895"
"140.7200","2.3435","46.9304"
"140.7400","2.3438","46.9142"
"140.7600","2.3442","46.8861"
"140.7800","2.3447","46.9680"
"140.8000","2.3450","47.0028"
"140.8200","2.3454","47.0431"
"140.8400","2.3456","47.0139"
"140.8600","2.3459","46.9869"
"140.8800","2.3462","46.9870"
"140.9000","2.3464","46.9933"
"140.9200","2.3468","46.9721"
"140.9400","2.3471","46.9683"
"140.9600","2.3475","46.9490"
"140.9800","2.3479","46.9626"
"141.0000","2.3482","47.0195"
"141.0200","2.3485","47.0407"
"141.0400","2.3488","47.0543"
"141.0600","2.3491","47.0080"
"141.0800","2.3494","46.9974"
"141.1000","2.3498","47.0018"
"141.1200","2.3502","47.0288"
"141.1400","2.3507","47.0030"
"141.1600","2.3511","46.9470"
"141.1800","2.3514","46.9738"
"141.2000","2.3517","47.0235"
"141.2200","2.3519","47.0437"
"141.2400","2.3522","47.0013"
"141.2600","2.3524","47.0819"
"141.2800","2.3527","47.0616"
"141.3000","2.3531","46.9959"
"141.3200","2.3535","46.9328"
"141.3400","2.3538","46.9364"
"141.3600","2.3542","47.0590"
"141.3800","2.3545","47.1334"
"141.4000","2.3548","47.1160"
"141.4200","2.3552","47.0093"
"141.4400","2.3556","47.0227"
"141.4600","2.3560","47.0445"
"141.4800","2.3564","46.9719"
"141.5000","2.3567","46.9836"
"141.5200","2.3570","47.0812"
"141.5400","2.3573","47.1042"
"141.5600","2.3575","47.0691"
"141.5800","2.3578","47.0798"
"141.6000","2.3581","47.1369"
"141.6200","2.3584","47.1468"
"141.6400","2.3588","47.1265"
"141.6600","2.3592","47.1694"
"141.6800","2.3596","47.0739"
"141.7000","2.3599","47.0872"
"141.7200","2.3602","47.0518"
"141.7400","2.3604","47.1038"
"141.7600","2.3607","47.1099"
"141.7800","2.3611","47.1134"
"141.8000","2.3615","47.1288"
"141.8200","2.3619","47.1329"
"141.8400","2.3624","47.1473"
"141.8600","2.3628","47.1719"
"141.8800","2.3631","47.1664"
"141.9000","2.3633","47.1360"
"141.9200","2.3636","47.1399"
"141.9400","2.3638","47.1594"
"141.9600","2.3641","47.1888"
"141.9800","2.3644","47.2421"
"142.0000","2.3648","47.1733"
"142.0200","2.3652","47.0853"
"142.0400","2.3655","47.0942"
"142.0600","2.3659","47.1247"
"142.0800","2.3662","47.0704"
"142.1000","2.3665","47.0746"
"142.1200","2.3669","47.1530"
"142.1400","2.3673","47.1889"
"142.1600","2.3677","47.2055"
"142.1800","2.3681","47.1310"
"142.2000","2.3684","47.1955"
"142.2200","2.3687","47.2768"
"142.2400","2.3689","47.1842"
"142.2600","2.3692","47.1635"
"142.2800","2.3694","47.2832"
"142.3000","2.3698","47.2671"
"142.3200","2.3701","47.1867"
"142.3400","2.3705","47.1745"
"142.3600","2.3709","47.1823"
"142.3800","2.3712","47.1551"
"142.4000","2.3715","47.1697"
"142.4200","2.3718","47.1284"
"142.4400","2.3721","47.1208"
"142.4600","2.3724","47.2516"
"142.4800","2.3728","47.2091"
"142.5000","2.3732","47.1932"
"142.5200","2.3737","47.1515"
"142.5400","2.3741","47.2000"
"142.5600","2.3745","47.2022"
"142.5800","2.3747","47.2500"
"142.6000","2.3750","47.2138"
"142.6200","2.3752","47.2532"
"142.6400","2.3755","47.2421"
"142.6600","2.3758","47.2021"
"142.6800","2.3762","47.1915"
"142.7000","2.3765","47.2706"
"142.7200","2.3769","47.2622"
"142.7400","2.3772","47.2660"
"142.7600","2.3775","47.2436"
"142.7800","2.3778","47.2261"
"142.8000","2.3782","47.2134"
"142.8200","2.3786","47.1754"
"142.8400","2.3790","47.2253"
"142.8600","2.3794","47.2422"
"142.8800","2.3797","47.1917"
"142.9000","2.3800","47.2956"
"142.9200","2.3803","47.3249"
"142.9400","2.3805","47.3335"
"142.9600","2.3808","47.2988"
"142.9800","2.3811","47.3528"
"143.0000","2.3815","47.3760"
"143.0200","2.3819","47.3990"
"143.0400","2.3822","47.2807"
"143.0600","2.3826","47.2713"
"143.0800","2.3829","47.2977"
"143.1000","2.3832","47.3355"
"143.1200","2.3835","47.3835"
"143.1400","2.3837","47.3562"
"143.1600","2.3841","47.3396"
"143.1800","2.3845","47.3435"
"143.2000","2.3849","47.3343"
"143.2200","2.3854","47.3991"
"143.2400","2.3858","47.2899"
"143.2600","2.3861","47.2868"
"143.2800","2.3863","47.2788"
"143.3000","2.3865","47.3405"
"143.3200","2.3868","47.2980"
"143.3400","2.3871","47.3002"
"143.3600","2.3875","47.3258"
"143.3800","2.3878","47.3718"
"143.4000","2.3882","47.3940"
"143.4200","2.3885","47.3684"
"143.4400","2.3888","47.2799"
"143.4600","2.3892","47.2817"
"143.4800","2.3895","47.3552"
"143.5000","2.3898","47.4569"
"143.5200","2.3902","47.4828"
"143.5400","2.3906","47.4355"
"143.5600","2.3910","47.5035"
"143.5800","2.3913","47.4751"
"143.6000","2.3916","47.4647"
"143.6200","2.3919","47.4017"
"143.6400","2.3921","47.3502"
"143.6600","2.3924","47.3667"
"143.6800","2.3927","47.4082"
"143.7000","2.3931","47.4421"
"143.7200","2.3935","47.3922"
"143.7400","2.3939","47.4009"
"143.7600","2.3942","47.4143"
"143.7800","2.3945","47.3979"
"143.8000","2.3948","47.3602"
"143.8200","2.3951","47.3956"
"143.8400","2.3954","47.4226"
"143.8600","2.3958","47.3663"
"143.8800","2.3962","47.3906"
"143.9000","2.3967","47.4776"
"143.9200","2.3971","47.4968"
"143.9400","2.3974","47.5101"
"143.9600","2.3977","47.5020"
"143.9800","2.3979","47.4883"
"144.0000","2.3982","47.5221"
"144.0200","2.3984","47.5159"
"144.0400","2.3988","47.4816"
"144.0600","2.3991","47.4517"
"144.0800","2.3995","47.4406"
"144.1000","2.3999","47.4394"
"144.1200","2.4002","47.4340"
"144.1400","2.4005","47.4276"
"144.1600","2.4009","47.4501"
"144.1800","2.4012","47.5019"
"144.2000","2.4016","47.4619"
"144.2200","2.4020","47.5396"
"144.2400","2.4024","47.5057"
"144.2600","2.4027","47.4803"
"144.2800","2.4030","47.5202"
"144.3000","2.4032","47.4800"
"144.3200","2.4035","47.5031"
"144.3400","2.4038","47.4751"
"144.3600","2.4041","47.5151"
"144.3800","2.4044","47.5335"
"144.4000","2.4048","47.5435"
"144.4200","2.4052","47.4238"
"144.4400","2.4055","47.4361"
"144.4600","2.4059","47.4531"
"144.4800","2.4061","47.4614"
"144.5000","2.4064","47.5019"
"144.5200","2.4067","47.4973"
"144.5400","2.4071","47.4310"
"144.5600","2.4075","47.4315"
"144.5800","2.4079","47.5164"
"144.6000","2.4084","47.5506"
"144.6200","2.4087","47.5175"
"144.6400","2.4090","47.5393"
"144.6600","2.4093","47.6045"
"144.6800","2.4095","47.5973"
"144.7000","2.4098","47.5710"
"144.7200","2.4101","47.5319"
"144.7400","2.4105","47.4871"
"144.7600","2.4108","47.4876"
"144.7800","2.4112","47.4736"
"144.8000","2.4115","47.4479"
"144.8200","2.4119","47.4436"
"144.8400","2.4122","47.4513"
"144.8600","2.4125","47.4591"
"144.8800","2.4129","47.3887"
"144.9000","2.4133","47.4333"
"144.9200","2.4137","47.4702"
"144.9400","2.4140","47.4693"
"144.9600","2.4143","47.3727"
"144.9800","2.4146","47.3536"
"145.0000","2.4149","47.4233"
"145.0200","2.4151","47.4086"
"145.0400","2.4154","47.3880"
"145.0600","2.4157","47.4811"
"145.0800","2.4161","47.4393"
"145.1000","2.4165","47.4046"
"145.1200","2.4169","47.4054"
"145.1400","2.4172","47.3864"
"145.1600","2.4175","47.4024"
"145.1800","2.4178","47.4181"
"145.2000","2.4181","47.4352"
"145.2200","2.4184","47.4380"
"145.2400","2.4188","47.5006"
"145.2600","2.4193","47.4770"
"145.2800","2.4197","47.4928"
"145.3000","2.4201","47.4882"
"145.3200","2.4204","47.4508"
"145.3400","2.4206","47.3739"
"145.3600","2.4209","47.3506"
"145.3800","2.4211","47.3952"
"145.4000","2.4214","47.4304"
"145.4200","2.4218","47.3869"
"145.4400","2.4222","47.4014"
"145.4600","2.4226","47.4196"
"145.4800","2.4229","47.3464"
"145.5000","2.4233","47.3737"
"145.5200","2.4236","47.5728"
"145.5400","2.4239","47.6339"
"145.5600","2.4242","47.5846"
"145.5800","2.4246","47.5876"
"145.6000","2.4250","47.5372"
"145.6200","2.4254","47.4723"
"145.6400","2.4257","47.4209"
"145.6600","2.4260","47.3010"
"145.6800","2.4262","47.3917"
"145.7000","2.4265","47.4434"
"145.7200","2.4268","47.4751"
"145.7400","2.4271","47.4793"
"145.7600","2.4274","47.4350"
"145.7800","2.4278","47.3945"
"145.8000","2.4282","47.4972"
"145.8200","2.4286","47.4849"
"145.8400","2.4289","47.4775"
"145.8600","2.4291","47.4779"
"145.8800","2.4294","47.4867"
"145.9000","2.4297","47.4701"
"145.9200","2.4301","47.4661"
"145.9400","2.4306","47.4706"
"145.9600","2.4310","47.4461"
"145.9800","2.4315","47.4418"
"146.0000","2.4318","47.4641"
"146.0200","2.4320","47.5144"
"146.0400","2.4323","47.5162"
"146.0600","2.4325","47.3901"
"146.0800","2.4328","47.3588"
"146.1000","2.4331","47.3375"
"146.1200","2.4335","47.3268"
"146.1400","2.4339","47.3871"
"146.1600","2.4342","47.4052"
"146.1800","2.4346","47.3977"
"146.2000","2.4349","47.3618"
"146.2200","2.4352","47.3380"
"146.2400","2.4356","47.3622"
"146.2600","2.4359","47.3929"
"146.2800","2.4363","47.3340"
"146.3000","2.4367","47.3317"
"146.3200","2.4370","47.3778"
"146.3400","2.4373","47.4585"
"146.3600","2.4376","47.4711"
"146.3800","2.4378","47.3952"
"146.4000","2.4381","47.3101"
"146.4200","2.4384","47.3278"
"146.4400","2.4388","47.4305"
"146.4600","2.4391","47.4088"
"146.4800","2.4395","47.3681"
"146.5000","2.4399","47.3738"
"146.5200","2.4402","47.2436"
"146.5400","2.4405","47.1982"
"146.5600","2.4407","47.2410"
"146.5800","2.4410","47.2557"
"146.6000","2.4414","47.3184"
"146.6200","2.4418","47.4382"
"146.6400","2.4423","47.3410"
"146.6600","2.4427","47.2910"
"146.6800","2.4431","47.3517"
"146.7000","2.4434","47.3179"
"146.7200","2.4436","47.3110"
"146.7400","2.4439","47.3097"
"146.7600","2.4441","47.3681"
"146.7800","2.4444","47.4600"
"146.8000","2.4448","47.3462"
"146.8200","2.4452","47.2790"
"146.8400","2.4456","47.3459"
"146.8600","2.4459","47.3389"
"146.8800","2.4463","47.3384"
"146.9000","2.4466","47.3885"
"146.9200","2.4469","47.4173"
"146.9400","2.4472","47.4333"
"146.9600","2.4476","47.4436"
"146.9800","2.4480","47.4214"
"147.0000","2.4483","47.3789"
"147.0200","2.4487","47.4197"
"147.0400","2.4490","47.3419"
"147.0600","2.4492","47.3687"
"147.0800","2.4495","47.3341"
"147.1000","2.4498","47.2944"
"147.1200","2.4501","47.3000"
"147.1400","2.4504","47.3121"
"147.1600","2.4508","47.2743"
"147.1800","2.4512","47.3538"
"147.2000","2.4515","47.3900"
"147.2200","2.4518","47.4157"
"147.2400","2.4521","47.3976"
"147.2600","2.4524","47.3180"
"147.2800","2.4527","47.3428"
"147.3000","2.4531","47.3945"
"147.3200","2.4535","47.2840"
"147.3400","2.4540","47.3204"
"147.3600","2.4544","47.3819"
"147.3800","2.4548","47.4349"
"147.4000","2.4550","47.3382"
"147.4200","2.4553","47.3592"
"147.4400","2.4555","47.3957"
"147.4600","2.4558","47.3827"
"147.4800","2.4561","47.3976"
"147.5000","2.4565","47.3288"
"147.5200","2.4568","47.4178"
"147.5400","2.4572","47.4046"
"147.5600","2.4576","47.3536"
"147.5800","2.4579","47.3263"
"147.6000","2.4582","47.4314"
"147.6200","2.4585","47.4797"
"147.6400","2.4589","47.3718"
"147.6600","2.4593","47.3953"
"147.6800","2.4596","47.4070"
"147.7000","2.4600","47.3883"
"147.7200","2.4603","47.3912"
"147.7400","2.4606","47.3762"
"147.7600","2.4608","47.3946"
"147.7800","2.4611","47.3973"
"147.8000","2.4614","47.3785"
"147.8200","2.4618","47.3961"
"147.8400","2.4622","47.3282"
"147.8600","2.4625","47.3669"
"147.8800","2.4629","47.4280"
"147.9000","2.4632","47.4950"
"147.9200","2.4635","47.4802"
"147.9400","2.4637","47.4378"
"147.9600","2.4640","47.4293"
"147.9800","2.4644","47.4021"
"148.0000","2.4648","47.3122"
"148.0200","2.4653","47.2838"
"148.0400","2.4657","47.3316"
"148.0600","2.4661","47.3710"
"148.0800","2.4664","47.4703"
"148.1000","2.4666","47.4704"
"148.1200","2.4669","47.3633"
"148.1400","2.4671","47.2762"
"148.1600","2.4674","47.3254"
"148.1800","2.4678","47.3581"
"148.2000","2.4682","47.3430"
"148.2200","2.4686","47.2617"
"148.2400","2.4689","47.2955"
"148.2600","2.4692","47.3266"
"148.2800","2.4695","47.3269"
"148.3000","2.4699","47.2742"
"148.3200","2.4702","47.2546"
"148.3400","2.4706","47.2021"
"148.3600","2.4710","47.2723"
"148.3800","2.4714","47.2793"
"148.4000","2.4717","47.2304"
"148.4200","2.4720","47.1795"
"148.4400","2.4722","47.2073"
"148.4600","2.4725","47.1951"
"148.4800","2.4728","47.1137"
"148.5000","2.4731","47.0938"
"148.5200","2.4734","47.1308"
"148.5400","2.4738","47.1480"
"148.5600","2.4742","47.0704"
"148.5800","2.4745","47.0365"
"148.6000","2.4748","47.0427"
"148.6200","2.4751","47.0497"
"148.6400","2.4754","46.9786"
"148.6600","2.4757","46.9745"
"148.6800","2.4761","46.9638"
"148.7000","2.4766","47.0280"
"148.7200","2.4770","46.9956"
"148.7400","2.4774","46.9663"
"148.7600","2.4777","46.9663"
"148.7800","2.4780","47.0116"
"148.8000","2.4782","46.9650"
"148.8200","2.4785","46.9409"
"148.8400","2.4788","46.9150"
"148.8600","2.4791","46.8874"
"148.8800","2.4795","46.9303"
"148.9000","2.4799","46.8721"
"148.9200","2.4802","46.8661"
"148.9400","2.4806","46.9006"
"148.9600","2.4809","46.8372"
"148.9800","2.4812","46.8417"
"149.0000","2.4815","46.8014"
"149.0200","2.4819","46.7979"
"149.0400","2.4823","46.8132"
"149.0600","2.4827","46.7916"
"149.0800","2.4830","46.7664"
"149.1000","2.4833","46.7269"
"149.1200","2.4836","46.6550"
"149.1400","2.4838","46.7052"
"149.1600","2.4841","46.7000"
"149.1800","2.4845","46.7296"
"149.2000","2.4848","46.7789"
"149.2200","2.4852","46.7441"
"149.2400","2.4855","46.7172"
"149.2600","2.4859","46.6475"
"149.2800","2.4862","46.6067"
"149.3000","2.4865","46.6431"
"149.3200","2.4867","46.6764"
"149.3400","2.4871","46.7102"
"149.3600","2.4874","46.6780"
"149.3800","2.4878","46.6498"
"149.4000","2.4883","46.5813"
"149.4200","2.4887","46.5976"
"149.4400","2.4891","46.6594"
"149.4600","2.4893","46.6479"
"149.4800","2.4896","46.6193"
"149.5000","2.4898","46.5192"
"149.5200","2.4901","46.5171"
"149.5400","2.4905","46.5533"
"149.5600","2.4908","46.5369"
"149.5800","2.4912","46.5921"
"149.6000","2.4916","46.5894"
"149.6200","2.4919","46.6992"
"149.6400","2.4922","46.7023"
"149.6600","2.4925","46.6100"
"149.6800","2.4928","46.5601"
"149.7000","2.4932","46.6282"
"149.7200","2.4936","46.6062"
"149.7400","2.4940","46.6045"
"149.7600","2.4944","46.5619"
"149.7800","2.4947","46.5739"
"149.8000","2.4950","46.6183"
"149.8200","2.4952","46.5995"
"149.8400","2.4955","46.5406"
"149.8600","2.4958","46.5038"
"149.8800","2.4961","46.5918"
"149.9000","2.4965","46.6053"
"149.9200","2.4969","46.4793"
"149.9400","2.4972","46.5215"
"149.9600","2.4975","46.5668"
"149.9800","2.4978","46.5424"
"150.0000","2.4981","46.5693"
"150.0200","2.4984","46.5570"
"150.0400","2.4987","46.5794"
"150.0600","2.4991","46.6089"
"150.0800","2.4995","46.5714"
"150.1000","2.5000","46.4863"
"150.1200","2.5004","46.4787"
"150.1400","2.5007","46.5337"
"150.1600","2.5009","46.5465"
"150.1800","2.5012","46.6270"
"150.2000","2.5015","46.6817"
"150.2200","2.5018","46.7157"
"150.2400","2.5021","46.6141"
"150.2600","2.5025","46.6468"
"150.2800","2.5029","46.6015"
"150.3000","2.5032","46.6257"
"150.3200","2.5036","46.6502"
"150.3400","2.5039","46.5722"
"150.3600","2.5042","46.5510"
"150.3800","2.5045","46.5870"
"150.4000","2.5049","46.5166"
"150.4200","2.5053","46.5362"
"150.4400","2.5057","46.5028"
"150.4600","2.5061","46.5927"
"150.4800","2.5064","46.6212"
"150.5000","2.5066","46.6421"
"150.5200","2.5069","46.5789"
"150.5400","2.5072","46.5941"
"150.5600","2.5075","46.5060"
"150.5800","2.5078","46.3950"
"150.6000","2.5082","46.4163"
"150.6200","2.5086","46.4806"
"150.6400","2.5089","46.5795"
"150.6600","2.5092","46.6297"
"150.6800","2.5094","46.5639"
"150.7000","2.5097","46.5448"
"150.7200","2.5100","46.5004"
"150.7400","2.5104","46.5509"
"150.7600","2.5108","46.5206"
"150.7800","2.5113","46.4962"
"150.8000","2.5117","46.5127"
"150.8200","2.5120","46.5037"
"150.8400","2.5123","46.5033"
"150.8600","2.5125","46.5068"
"150.8800","2.5128","46.5300"
"150.9000","2.5131","46.4635"
"150.9200","2.5134","46.4122"
"150.9400","2.5138","46.4755"
"150.9600","2.5142","46.4409"
"150.9800","2.5146","46.4106"
"151.0000","2.5149","46.4993"
"151.0200","2.5152","46.4644"
"151.0400","2.5155","46.3959"
"151.0600","2.5158","46.4615"
"151.0800","2.5162","46.4901"
"151.1000","2.5166","46.5737"
"151.1200","2.5171","46.4789"
"151.1400","2.5174","46.4106"
"151.1600","2.5177","46.4530"
"151.1800","2.5180","46.4027"
"151.2000","2.5182","46.2894"
"151.2200","2.5185","46.3065"
"151.2400","2.5188","46.4222"
"151.2600","2.5192","46.4270"
"151.2800","2.5195","46.3661"
"151.3000","2.5199","46.3127"
"151.3200","2.5202","46.3406"
"151.3400","2.5205","46.4241"
"151.3600","2.5208","46.3709"
"151.3800","2.5211","46.3687"
"151.4000","2.5214","46.3761"
"151.4200","2.5217","46.3626"
"151.4400","2.5221","46.3847"
"151.4600","2.5226","46.3690"
"151.4800","2.5230","46.3376"
"151.5000","2.5234","46.2755"
"151.5200","2.5237","46.1888"
"151.5400","2.5239","46.1683"
"151.5600","2.5242","46.2402"
"151.5800","2.5244","46.2680"
"151.6000","2.5247","46.3154"
"151.6200","2.5251","46.3393"
"151.6400","2.5255","46.3332"
"151.6600","2.5259","46.2804"
"151.6800","2.5262","46.2471"
"151.7000","2.5265","46.2288"
"151.7200","2.5268","46.2968"
"151.7400","2.5271","46.3261"
"151.7600","2.5275","46.2550"
"151.7800","2.5279","46.2990"
"151.8000","2.5283","46.2714"
"151.8200","2.5287","46.2721"
"151.8400","2.5290","46.3049"
"151.8600","2.5293","46.2945"
"151.8800","2.5296","46.2855"
"151.9000","2.5298","46.2966"
"151.9200","2.5301","46.2768"
"151.9400","2.5304","46.2763"
"151.9600","2.5308","46.3027"
"151.9800","2.5312","46.3014"
"152.0000","2.5316","46.2881"
"152.0200","2.5319","46.2108"
"152.0400","2.5322","46.1307"
"152.0600","2.5324","46.1826"
"152.0800","2.5327","46.2242"
"152.1000","2.5330","46.2971"
"152.1200","2.5334","46.3146"
"152.1400","2.5338","46.2719"
"152.1600","2.5343","46.2629"
"152.1800","2.5347","46.2633"
"152.2000","2.5351","46.3318"
"152.2200","2.5353","46.3289"
"152.2400","2.5355","46.2256"
"152.2600","2.5358","46.1406"
"152.2800","2.5361","46.1507"
"152.3000","2.5364","46.1974"
"152.3200","2.5368","46.2655"
"152.3400","2.5372","46.2375"
"152.3600","2.5375","46.2430"
"152.3800","2.5379","46.3254"
"152.4000","2.5382","46.2151"
"152.4200","2.5385","46.1353"
"152.4400","2.5389","46.1836"
"152.4600","2.5392","46.2219"
"152.4800","2.5396","46.2808"
"152.5000","2.5400","46.3320"
"152.5200","2.5404","46.3590"
"152.5400","2.5407","46.2934"
"152.5600","2.5409","46.2551"
"152.5800","2.5412","46.2391"
"152.6000","2.5414","46.1691"
"152.6200","2.5417","46.1496"
"152.6400","2.5421","46.1218"
"152.6600","2.5425","46.2332"
"152.6800","2.5429","46.2398"
"152.7000","2.5432","46.2594"
"152.7200","2.5436","46.2613"
"152.7400","2.5439","46.2844"
"152.7600","2.5441","46.2533"
"152.7800","2.5444","46.3425"
"152.8000","2.5448","46.3306"
"152.8200","2.5452","46.3135"
"152.8400","2.5456","46.2774"
"152.8600","2.5460","46.2497"
"152.8800","2.5464","46.2859"
"152.9000","2.5467","46.2509"
"152.9200","2.5470","46.2161"
"152.9400","2.5472","46.1727"
"152.9600","2.5475","46.1955"
"152.9800","2.5478","46.3895"
"153.0000","2.5481","46.3571"
"153.0200","2.5485","46.2526"
"153.0400","2.5489","46.2370"
"153.0600","2.5492","46.2869"
"153.0800","2.5495","46.3058"
"153.1000","2.5498","46.2380"
"153.1200","2.5502","46.2653"
"153.1400","2.5506","46.2854"
"153.1600","2.5510","46.1571"
"153.1800","2.5514","46.1370"
"153.2000","2.5518","46.1775"
"153.2200","2.5521","46.1629"
"153.2400","2.5523","46.1868"
"153.2600","2.5526","46.2399"
"153.2800","2.5528","46.2767"
"153.3000","2.5531","46.2609"
"153.3200","2.5534","46.1527"
"153.3400","2.5538","46.1464"
"153.3600","2.5542","46.1870"
"153.3800","2.5546","46.2174"
"153.4000","2.5549","46.1640"
"153.4200","2.5552","46.0865"
"153.4400","2.5555","46.0686"
"153.4600","2.5558","46.0943"
"153.4800","2.5561","46.0066"
"153.5000","2.5565","46.0094"
"153.5200","2.5569","46.0529"
"153.5400","2.5573","46.0895"
"153.5600","2.5577","46.0491"
"153.5800","2.5581","46.0139"
"153.6000","2.5583","45.9786"
"153.6200","2.5586","45.9460"
"153.6400","2.5588","46.0027"
"153.6600","2.5591","46.0110"
"153.6800","2.5594","46.0187"
"153.7000","2.5598","45.9931"
"153.7200","2.5602","45.9874"
"153.7400","2.5605","45.9092"
"153.7600","2.5609","45.9084"
"153.7800","2.5612","46.0203"
"153.8000","2.5615","46.0512"
"153.8200","2.5619","45.9740"
"153.8400","2.5623","45.9188"
"153.8600","2.5627","45.8869"
"153.8800","2.5631","45.9080"
"153.9000","2.5634","45.9529"
"153.9200","2.5637","45.9373"
"153.9400","2.5639","45.9696"
"153.9600","2.5642","45.9850"
"153.9800","2.5645","45.8756"
"154.0000","2.5648","45.8514"
"154.0200","2.5651","45.8751"
"154.0400","2.5655","45.9092"
"154.0600","2.5659","45.9419"
"154.0800","2.5662","45.8105"
"154.1000","2.5665","45.8332"
"154.1200","2.5668","45.9146"
"154.1400","2.5671","45.8413"
"154.1600","2.5674","45.8411"
"154.1800","2.5678","45.8475"
"154.2000","2.5682","45.8742"
"154.2200","2.5686","45.9390"
"154.2400","2.5691","45.8618"
"154.2600","2.5694","45.7860"
"154.2800","2.5697","45.7932"
"154.3000","2.5699","45.8061"
"154.3200","2.5702","45.8189"
"154.3400","2.5705","45.8473"
"154.3600","2.5708","45.8333"
"154.3800","2.5711","45.8421"
"154.4000","2.5715","45.8582"
"154.4200","2.5718","45.8546"
"154.4400","2.5722","45.9517"
"154.4600","2.5725","45.9433"
"154.4800","2.5728","45.8976"
"154.5000","2.5731","45.8356"
"154.5200","2.5735","45.8290"
"154.5400","2.5739","45.9026"
"154.5600","2.5743","45.8523"
"154.5800","2.5747","45.8394"
"154.6000","2.5750","45.8438"
"154.6200","2.5753","45.8973"
"154.6400","2.5756","45.8859"
"154.6600","2.5758","45.8069"
"154.6800","2.5761","45.8491"
"154.7000","2.5764","45.8260"
"154.7200","2.5768","45.9232"
"154.7400","2.5772","45.9486"
"154.7600","2.5776","45.8824"
"154.7800","2.5779","45.9032"
"154.8000","2.5782","45.9411"
"154.8200","2.5785","45.8987"
"154.8400","2.5787","45.9278"
"154.8600","2.5791","45.9016"
"154.8800","2.5794","45.9389"
"154.9000","2.5799","45.9036"
"154.9200","2.5803","45.9097"
"154.9400","2.5807","45.9103"
"154.9600","2.5811","45.8447"
"154.9800","2.5813","45.8325"
"155.0000","2.5816","45.8499"
"155.0200","2.5818","45.8543"
"155.0400","2.5821","45.9226"
"155.0600","2.5824","45.8750"
"155.0800","2.5828","45.8160"
"155.1000","2.5831","45.8596"
"155.1200","2.5835","45.8674"
"155.1400","2.5838","45.8633"
"155.1600","2.5842","45.8416"
"155.1800","2.5845","45.8927"
"155.2000","2.5848","45.9344"
"155.2200","2.5852","45.9390"
"155.2400","2.5856","45.9045"
"155.2600","2.5860","45.8667"
"155.2800","2.5864","45.9046"
"155.3000","2.5867","45.9990"
"155.3200","2.5869","46.0001"
"155.3400","2.5872","46.0635"
"155.3600","2.5874","45.9791"
"155.3800","2.5878","45.8918"
"155.4000","2.5881","45.8969"
"155.4200","2.5885","45.9016"
"155.4400","2.5889","45.9377"
"155.4600","2.5892","46.0094"
"155.4800","2.5895","45.9679"
"155.5000","2.5898","45.9491"
"155.5200","2.5901","45.9153"
"155.5400","2.5904","45.8960"
"155.5600","2.5908","45.8698"
"155.5800","2.5912","45.8963"
"155.6000","2.5916","45.9255"
"155.6200","2.5921","45.9268"
"155.6400","2.5924","46.0480"
"155.6600","2.5927","46.0076"
"155.6800","2.5929","45.9629"
"155.7000","2.5932","45.9324"
"155.7200","2.5934","45.9820"
"155.7400","2.5938","46.0585"
"155.7600","2.5941","46.0236"
"155.7800","2.5945","46.0155"
"155.8000","2.5948","45.9278"
"155.8200","2.5952","45.9227"
"155.8400","2.5955","45.8689"
"155.8600","2.5958","45.8632"
"155.8800","2.5962","45.9327"
"155.9000","2.5965","45.9647"
"155.9200","2.5969","45.8990"
"155.9400","2.5974","45.9778"
"155.9600","2.5977","46.0484"
"155.9800","2.5980","46.0861"
"156.0000","2.5983","45.9876"
"156.0200","2.5986","45.9109"
"156.0400","2.5988","45.9872"
"156.0600","2.5991","46.0024"
"156.0800","2.5994","46.0536"
"156.1000","2.5998","46.0485"
"156.1200","2.6002","45.9689"
"156.1400","2.6006","45.9677"
"156.1600","2.6009","45.9235"
"156.1800","2.6012","45.9618"
"156.2000","2.6015","45.9939"
"156.2200","2.6017","45.9844"
"156.2400","2.6021","46.0455"
"156.2600","2.6025","46.0758"
"156.2800","2.6029","46.0237"
"156.3000","2.6034","46.0071"
"156.3200","2.6038","46.0592"
"156.3400","2.6041","46.1271"
"156.3600","2.6044","46.0865"
"156.3800","2.6046","46.0248"
"156.4000","2.6048","46.0154"
"156.4200","2.6051","46.0767"
"156.4400","2.6054","46.1218"
"156.4600","2.6058","46.1116"
"156.4800","2.6062","46.0465"
"156.5000","2.6065","46.0302"
"156.5200","2.6069","46.0991"
"156.5400","2.6072","46.1361"
"156.5600","2.6075","46.1064"
"156.5800","2.6079","46.0978"
"156.6000","2.6083","46.1094"
"156.6200","2.6087","46.0590"
"156.6400","2.6091","46.0775"
"156.6600","2.6094","46.1050"
"156.6800","2.6097","46.0289"
"156.7000","2.6099","46.1175"
"156.7200","2.6102","46.0863"
"156.7400","2.6105","46.0416"
"156.7600","2.6108","46.0089"
"156.7800","2.6111","46.0914"
"156.8000","2.6115","46.0365"
"156.8200","2.6119","46.0451"
"156.8400","2.6122","46.1167"
"156.8600","2.6125","46.1212"
"156.8800","2.6128","46.1216"
"156.9000","2.6131","46.0564"
"156.9200","2.6134","45.9996"
"156.9400","2.6137","46.0768"
"156.9600","2.6142","46.0452"
"156.9800","2.6146","45.9981"
"157.0000","2.6151","46.0523"
"157.0200","2.6154","46.0989"
"157.0400","2.6157","46.1909"
"157.0600","2.6160","46.1607"
"157.0800","2.6162","46.0405"
"157.1000","2.6165","45.9843"
"157.1200","2.6168","46.0302"
"157.1400","2.6171","46.1391"
"157.1600","2.6175","46.1629"
"157.1800","2.6179","46.2146"
"157.2000","2.6182","46.1546"
"157.2200","2.6185","46.0981"
"157.2400","2.6188","46.0658"
"157.2600","2.6192","46.0505"
"157.2800","2.6195","46.0799"
"157.3000","2.6199","46.1229"
"157.3200","2.6204","46.1753"
"157.3400","2.6207","46.2227"
"157.3600","2.6210","46.2058"
"157.3800","2.6213","46.2324"
"157.4000","2.6215","46.2441"
"157.4200","2.6218","46.1714"
"157.4400","2.6221","46.0645"
"157.4600","2.6224","46.0867"
"157.4800","2.6228","46.1411"
"157.5000","2.6232","46.1327"
"157.5200","2.6236","46.1442"
"157.5400","2.6239","46.1583"
"157.5600","2.6242","46.0992"
"157.5800","2.6244","46.0878"
"157.6000","2.6247","46.1352"
"157.6200","2.6251","46.1002"
"157.6400","2.6254","46.0413"
"157.6600","2.6259","46.1795"
"157.6800","2.6263","46.1737"
"157.7000","2.6267","46.1918"
"157.7200","2.6271","46.1719"
"157.7400","2.6273","46.1158"
"157.7600","2.6276","46.0766"
"157.7800","2.6278","46.0913"
"157.8000","2.6281","46.0815"
"157.8200","2.6284","46.1051"
"157.8400","2.6288","46.1118"
"157.8600","2.6292","46.1434"
"157.8800","2.6295","46.0822"
"157.9000","2.6299","46.1485"
"157.9200","2.6302","46.1542"
"157.9400","2.6305","46.1300"
"157.9600","2.6308","46.0976"
"157.9800","2.6312","46.0313"
"158.0000","2.6316","46.0553"
"158.0200","2.6320","46.1814"
"158.0400","2.6324","46.1830"
"158.0600","2.6326","46.1088"
"158.0800","2.6329","46.1478"
"158.1000","2.6331","46.1779"
"158.1200","2.6334","46.1590"
"158.1400","2.6337","46.1105"
"158.1600","2.6341","46.1666"
"158.1800","2.6345","46.2038"
"158.2000","2.6349","46.2705"
"158.2200","2.6352","46.2437"
"158.2400","2.6355","46.2019"
"158.2600","2.6358","46.1641"
"158.2800","2.6361","46.1861"
"158.3000","2.6364","46.1476"
"158.3200","2.6368","46.1675"
"158.3400","2.6372","46.2108"
"158.3600","2.6377","46.1843"
"158.3800","2.6381","46.1540"
"158.4000","2.6384","46.1522"
"158.4200","2.6387","46.2249"
"158.4400","2.6389","46.1816"
"158.4600","2.6392","46.2183"
"158.4800","2.6395","46.1451"
"158.5000","2.6398","46.1490"
"158.5200","2.6401","46.1329"
"158.5400","2.6405","46.2108"
"158.5600","2.6409","46.2346"
"158.5800","2.6412","46.2976"
"158.6000","2.6416","46.3873"
"158.6200","2.6419","46.2920"
"158.6400","2.6422","46.2136"
"158.6600","2.6426","46.2939"
"158.6800","2.6430","46.1106"
"158.7000","2.6434","46.0926"
"158.7200","2.6437","46.1844"
"158.7400","2.6440","46.2280"
"158.7600","2.6443","46.2853"
"158.7800","2.6445","46.2570"
"158.8000","2.6448","46.1314"
"158.8200","2.6451","46.1269"
"158.8400","2.6454","46.1472"
"158.8600","2.6458","46.2037"
"158.8800","2.6462","46.2207"
"158.9000","2.6465","46.2282"
"158.9200","2.6469","46.1867"
"158.9400","2.6472","46.2218"
"158.9600","2.6474","46.2902"
"158.9800","2.6477","46.2423"
"159.0000","2.6481","46.2424"
"159.0200","2.6485","46.2464"
"159.0400","2.6489","46.2941"
"159.0600","2.6494","46.2688"
"159.0800","2.6497","46.2111"
"159.1000","2.6500","46.2501"
"159.1200","2.6503","46.2541"
"159.1400","2.6505","46.2720"
"159.1600","2.6508","46.2547"
"159.1800","2.6511","46.3190"
"159.2000","2.6515","46.3150"
"159.2200","2.6518","46.2746"
"159.2400","2.6522","46.2772"
"159.2600","2.6526","46.1919"
"159.2800","2.6529","46.2290"
"159.3000","2.6532","46.2457"
"159.3200","2.6535","46.2362"
"159.3400","2.6539","46.2301"
"159.3600","2.6543","46.2112"
"159.3800","2.6547","46.2415"
"159.4000","2.6550","46.2898"
"159.4200","2.6554","46.3153"
"159.4400","2.6556","46.2948"
"159.4600","2.6559","46.2963"
"159.4800","2.6561","46.2359"
"159.5000","2.6564","46.2304"
"159.5200","2.6567","46.1856"
"159.5400","2.6571","46.1918"
"159.5600","2.6575","46.2673"
"159.5800","2.6578","46.2348"
"159.6000","2.6582","46.2061"
"159.6200","2.6585","46.2128"
"159.6400","2.6588","46.2356"
"159.6600","2.6591","46.2161"
"159.6800","2.6594","46.2509"
"159.7000","2.6598","46.2563"
"159.7200","2.6602","46.1883"
"159.7400","2.6607","46.1802"
"159.7600","2.6611","46.1996"
"159.7800","2.6614","46.2038"
"159.8000","2.6617","46.2232"
"159.8200","2.6619","46.2667"
"159.8400","2.6621","46.2747"
"159.8600","2.6624","46.1943"
"159.8800","2.6628","46.1341"
"159.9000","2.6631","46.1352"
"159.9200","2.6635","46.1933"
"159.9400","2.6639","46.2272"
"159.9600","2.6642","46.2477"
"159.9800","2.6646","46.1823"
"160.0000","2.6649","46.1483"
"160.0200","2.6652","46.1565"
"160.0400","2.6656","46.1886"
"160.0600","2.6660","46.1893"
"160.0800","2.6664","46.1881"
"160.1000","2.6667","46.2707"
"160.1200","2.6670","46.2460"
"160.1400","2.6673","46.2093"
"160.1600","2.6675","46.2072"
"160.1800","2.6678","46.1930"
"160.2000","2.6681","46.2238"
"160.2200","2.6684","46.1741"
"160.2400","2.6688","46.2001"
"160.2600","2.6692","46.1698"
"160.2800","2.6695","46.1153"
"160.3000","2.6699","46.2196"
"160.3200","2.6701","46.2137"
"160.3400","2.6704","46.0770"
"160.3600","2.6707","46.0528"
"160.3800","2.6711","46.1524"
"160.4000","2.6715","46.1451"
"160.4200","2.6720","46.1866"
"160.4400","2.6724","46.2252"
"160.4600","2.6728","46.1414"
"160.4800","2.6730","46.0854"
"160.5000","2.6733","46.1469"
"160.5200","2.6735","46.1947"
"160.5400","2.6738","46.2093"
"160.5600","2.6741","46.1539"
"160.5800","2.6745","46.0757"
"160.6000","2.6748","46.0581"
"160.6200","2.6752","46.1054"
"160.6400","2.6756","46.1819"
"160.6600","2.6759","46.1169"
"160.6800","2.6762","46.1388"
"160.7000","2.6766","46.2408"
"160.7200","2.6769","46.1927"
"160.7400","2.6773","46.2405"
"160.7600","2.6777","46.2162"
"160.7800","2.6780","46.1808"
"160.8000","2.6783","46.2755"
"160.8200","2.6786","46.2121"
"160.8400","2.6789","46.1540"
"160.8600","2.6791","46.1040"
"160.8800","2.6794","46.0995"
"160.9000","2.6797","46.0873"
"160.9200","2.6801","46.1039"
"160.9400","2.6805","46.1305"
"160.9600","2.6809","46.1541"
"160.9800","2.6812","46.1647"
"161.0000","2.6815","46.1123"
"161.0200","2.6818","46.1389"
"161.0400","2.6821","46.1837"
"161.0600","2.6824","46.1745"
"161.0800","2.6828","46.1825"
"161.1000","2.6833","46.1522"
"161.1200","2.6837","46.1537"
"161.1400","2.6841","46.1282"
"161.1600","2.6844","46.1673"
"161.1800","2.6847","46.1989"
"161.2000","2.6849","46.2495"
"161.2200","2.6851","46.2103"
"161.2400","2.6854","46.2016"
"161.2600","2.6858","46.1952"
"161.2800","2.6862","46.2199"
"161.3000","2.6866","46.1431"
"161.3200","2.6870","46.0699"
"161.3400","2.6873","46.0540"
"161.3600","2.6876","46.1365"
"161.3800","2.6879","46.2638"
"161.4000","2.6882","46.2454"
"161.4200","2.6886","46.0766"
"161.4400","2.6890","46.0618"
"161.4600","2.6894","46.1436"
"161.4800","2.6897","46.2169"
"161.5000","2.6900","46.1353"
"161.5200","2.6903","46.1186"
"161.5400","2.6905","46.1251"
"161.5600","2.6908","46.1373"
"161.5800","2.6911","46.1187"
"161.6000","2.6914","46.1564"
"161.6200","2.6918","46.1341"
"161.6400","2.6922","46.1482"
"161.6600","2.6925","46.1096"
"161.6800","2.6928","46.1031"
"161.7000","2.6931","46.0691"
"161.7200","2.6934","46.0630"
"161.7400","2.6937","46.0858"
"161.7600","2.6941","46.0156"
"161.7800","2.6945","46.0133"
"161.8000","2.6950","46.0500"
"161.8200","2.6954","46.0638"
"161.8400","2.6958","46.0440"
"161.8600","2.6960","46.1159"
"161.8800","2.6963","46.0789"
"161.9000","2.6965","46.0537"
"161.9200","2.6968","46.0171"
"161.9400","2.6971","46.0809"
"161.9600","2.6975","46.0503"
"161.9800","2.6978","45.9765"
"162.0000","2.6982","46.0181"
"162.0200","2.6986","46.0303"
"162.0400","2.6989","45.9745"
"162.0600","2.6992","46.0439"
"162.0800","2.6995","46.1029"
"162.1000","2.6999","46.1021"
"162.1200","2.7003","46.1536"
"162.1400","2.7007","46.0866"
"162.1600","2.7010","46.0452"
"162.1800","2.7013","46.0326"
"162.2000","2.7016","45.9897"
"162.2200","2.7019","45.9823"
"162.2400","2.7021","46.0213"
"162.2600","2.7025","46.0046"
"162.2800","2.7028","45.9206"
"162.3000","2.7032","45.8944"
"162.3200","2.7035","45.8726"
"162.3400","2.7039","45.8828"
"162.3600","2.7042","45.9766"
"162.3800","2.7045","46.0538"
"162.4000","2.7047","46.0218"
"162.4200","2.7050","46.0079"
"162.4400","2.7054","45.9488"
"162.4600","2.7058","45.9386"
"162.4800","2.7062","45.9203"
"162.5000","2.7067","46.0620"
"162.5200","2.7071","46.0662"
"162.5400","2.7074","46.0118"
"162.5600","2.7076","45.9790"
"162.5800","2.7079","45.9769"
"162.6000","2.7081","46.0070"
"162.6200","2.7084","45.9987"
"162.6400","2.7088","46.0139"
"162.6600","2.7091","45.9870"
"162.6800","2.7095","45.9583"
"162.7000","2.7099","45.9797"
"162.7200","2.7102","45.8644"
"162.7400","2.7105","45.8920"
"162.7600","2.7108","45.8837"
"162.7800","2.7112","45.9622"
"162.8000","2.7116","45.8854"
"162.8200","2.7120","45.8468"
"162.8400","2.7124","45.9126"
"162.8600","2.7127","45.9302"
"162.8800","2.7130","45.9342"
"162.9000","2.7132","45.9494"
"162.9200","2.7135","45.9442"
"162.9400","2.7138","46.0310"
"162.9600","2.7141","45.9320"
"162.9800","2.7144","45.8267"
"163.0000","2.7148","45.9260"
"163.0200","2.7152","45.9156"
"163.0400","2.7155","45.9539"
"163.0600","2.7158","45.8808"
"163.0800","2.7161","45.8784"
"163.1000","2.7164","45.9561"
"163.1200","2.7167","45.9549"
"163.1400","2.7171","45.8995"
"163.1600","2.7175","45.8318"
"163.1800","2.7180","45.8548"
"163.2000","2.7184","45.8981"
"163.2200","2.7187","45.9075"
"163.2400","2.7190","45.8713"
"163.2600","2.7192","45.8814"
"163.2800","2.7195","45.9202"
"163.3000","2.7198","45.8528"
"163.3200","2.7201","45.8442"
"163.3400","2.7205","45.8811"
"163.3600","2.7209","45.9056"
"163.3800","2.7212","45.8690"
"163.4000","2.7215","45.7994"
"163.4200","2.7218","45.7834"
"163.4400","2.7222","45.7717"
"163.4600","2.7225","45.8204"
"163.4800","2.7229","45.7695"
"163.5000","2.7233","45.8054"
"163.5200","2.7237","45.7819"
"163.5400","2.7240","45.7202"
"163.5600","2.7243","45.6897"
"163.5800","2.7246","45.7499"
"163.6000","2.7249","45.7523"
"163.6200","2.7251","45.8031"
"163.6400","2.7254","45.8577"
"163.6600","2.7258","45.8278"
"163.6800","2.7262","45.7878"
"163.7000","2.7265","45.7416"
"163.7200","2.7269","45.7607"
"163.7400","2.7272","45.7640"
"163.7600","2.7275","45.7374"
"163.7800","2.7278","45.8437"
"163.8000","2.7281","45.8588"
"163.8200","2.7284","45.7694"
"163.8400","2.7288","45.6778"
"163.8600","2.7293","45.7185"
"163.8800","2.7297","45.8356"
"163.9000","2.7301","45.7850"
"163.9200","2.7304","45.7230"
"163.9400","2.7306","45.7130"
"163.9600","2.7309","45.7537"
"163.9800","2.7311","45.6614"
"164.0000","2.7315","45.6058"
"164.0200","2.7318","45.6048"
"164.0400","2.7322","45.6294"
"164.0600","2.7326","45.6144"
"164.0800","2.7329","45.6145"
"164.1000","2.7332","45.6059"
"164.1200","2.7335","45.6489"
"164.1400","2.7338","45.6648"
"164.1600","2.7342","45.5799"
"164.1800","2.7346","45.5399"
"164.2000","2.7350","45.5195"
"164.2200","2.7354","45.5752"
"164.2400","2.7358","45.6421"
"164.2600","2.7360","45.6356"
"164.2800","2.7363","45.5962"
"164.3000","2.7365","45.5263"
"164.3200","2.7368","45.6372"
"164.3400","2.7371","45.6462"
"164.3600","2.7375","45.4971"
"164.3800","2.7379","45.4391"
"164.4000","2.7382","45.4182"
"164.4200","2.7385","45.4912"
"164.4400","2.7388","45.5041"
"164.4600","2.7391","45.4802"
"164.4800","2.7394","45.4635"
"164.5000","2.7397","45.3831"
"164.5200","2.7401","45.3731"
"164.5400","2.7405","45.4098"
"164.5600","2.7410","45.4582"
"164.5800","2.7414","45.4568"
"164.6000","2.7417","45.4486"
"164.6200","2.7420","45.3670"
"164.6400","2.7422","45.3062"
"164.6600","2.7425","45.1843"
"164.6800","2.7428","45.1871"
"164.7000","2.7431","45.1648"
"164.7200","2.7435","45.2036"
"164.7400","2.7439","45.1974"
"164.7600","2.7443","45.2409"
"164.7800","2.7446","45.2665"
"164.8000","2.7449","45.2992"
"164.8200","2.7452","45.1893"
"164.8400","2.7455","45.2749"
"164.8600","2.7459","45.2844"
"164.8800","2.7463","45.2613"
"164.9000","2.7467","45.1393"
"164.9200","2.7471","45.0391"
"164.9400","2.7474","45.0430"
"164.9600","2.7476","45.0385"
"164.9800","2.7479","45.1015"
"165.0000","2.7482","45.0580"
"165.0200","2.7485","45.0492"
"165.0400","2.7488","45.0676"
"165.0600","2.7492","45.0568"
"165.0800","2.7496","45.0234"
"165.1000","2.7499","45.1101"
"165.1200","2.7502","45.1241"
"165.1400","2.7505","45.1515"
"165.1600","2.7507","45.0656"
"165.1800","2.7510","45.0260"
"165.2000","2.7514","45.0254"
"165.2200","2.7518","45.0603"
"165.2400","2.7522","45.1621"
"165.2600","2.7527","45.1365"
"165.2800","2.7530","45.0662"
"165.3000","2.7533","45.0852"
"165.3200","2.7536","45.0741"
"165.3400","2.7538","45.0903"
"165.3600","2.7541","44.9775"
"165.3800","2.7544","44.8986"
"165.4000","2.7548","44.9208"
"165.4200","2.7552","44.9481"
"165.4400","2.7555","45.0354"
"165.4600","2.7559","45.0131"
"165.4800","2.7562","44.9383"
"165.5000","2.7565","44.8675"
"165.5200","2.7568","44.9062"
"165.5400","2.7572","44.9398"
"165.5600","2.7576","44.9997"
"165.5800","2.7580","44.9334"
"165.6000","2.7584","44.8244"
"165.6200","2.7587","44.7912"
"165.6400","2.7590","44.7748"
"165.6600","2.7592","44.7316"
"165.6800","2.7595","44.8069"
"165.7000","2.7598","44.8345"
"165.7200","2.7601","44.8356"
"165.7400","2.7605","44.8237"
"165.7600","2.7609","44.7848"
"165.7800","2.7612","44.8389"
"165.8000","2.7615","44.8169"
"165.8200","2.7618","44.7421"
"165.8400","2.7621","44.7708"
"165.8600","2.7624","44.8052"
"165.8800","2.7627","44.7727"
"165.9000","2.7631","44.7203"
"165.9200","2.7635","44.7378"
"165.9400","2.7640","44.7826"
"165.9600","2.7644","44.8036"
"165.9800","2.7647","44.8043"
"166.0000","2.7649","44.7397"
"166.0200","2.7652","44.7358"
"166.0400","2.7654","44.7313"
"166.0600","2.7657","44.7713"
"166.0800","2.7661","44.8064"
"166.1000","2.7665","44.8044"
"166.1200","2.7669","44.7249"
"166.1400","2.7672","44.6966"
"166.1600","2.7675","44.7103"
"166.1800","2.7678","44.7194"
"166.2000","2.7681","44.7648"
"166.2200","2.7685","44.7932"
"166.2400","2.7689","44.7146"
"166.2600","2.7693","44.6615"
"166.2800","2.7697","44.6966"
"166.3000","2.7701","44.7574"
"166.3200","2.7703","44.7615"
"166.3400","2.7706","44.7350"
"166.3600","2.7708","44.7239"
"166.3800","2.7711","44.7068"
"166.4000","2.7715","44.7577"
"166.4200","2.7718","44.7872"
"166.4400","2.7722","44.7219"
"166.4600","2.7726","44.7200"
"166.4800","2.7729","44.6928"
"166.5000","2.7732","44.6745"
"166.5200","2.7735","44.6885"
"166.5400","2.7737","44.6856"
"166.5600","2.7740","44.6932"
"166.5800","2.7744","44.7237"
"166.6000","2.7748","44.7120"
"166.6200","2.7753","44.6647"
"166.6400","2.7757","44.7752"
"166.6600","2.7761","44.7579"
"166.6800","2.7763","44.6852"
"166.7000","2.7766","44.6827"
"166.7200","2.7768","44.7409"
"166.7400","2.7771","44.7587"
"166.7600","2.7774","44.6939"
"166.7800","2.7778","44.6438"
"166.8000","2.7782","44.7477"
"166.8200","2.7785","44.7452"
"166.8400","2.7789","44.6212"
"166.8600","2.7792","44.5350"
"166.8800","2.7795","44.5662"
"166.9000","2.7799","44.5998"
"166.9200","2.7802","44.7106"
"166.9400","2.7806","44.8157"
"166.9600","2.7810","44.7813"
"166.9800","2.7814","44.6828"
"167.0000","2.7817","44.7254"
"167.0200","2.7820","44.8226"
"167.0400","2.7822","44.7771"
"167.0600","2.7825","44.8338"
"167.0800","2.7828","44.8101"
"167.1000","2.7831","44.7227"
"167.1200","2.7835","44.6330"
"167.1400","2.7839","44.6678"
"167.1600","2.7842","44.6962"
"167.1800","2.7846","44.7755"
"167.2000","2.7849","44.7181"
"167.2200","2.7851","44.6749"
"167.2400","2.7854","44.7331"
"167.2600","2.7857","44.7547"
"167.2800","2.7861","44.7958"
"167.3000","2.7866","44.7109"
"167.3200","2.7870","44.6591"
"167.3400","2.7874","44.7085"
"167.3600","2.7877","44.7181"
"167.3800","2.7880","44.6985"
"167.4000","2.7882","44.7317"
"167.4200","2.7885","44.7909"
"167.4400","2.7888","44.7468"
"167.4600","2.7891","44.6792"
"167.4800","2.7895","44.6912"
"167.5000","2.7899","44.7817"
"167.5200","2.7902","44.7987"
"167.5400","2.7905","44.7416"
"167.5600","2.7908","44.6823"
"167.5800","2.7912","44.6407"
"167.6000","2.7915","44.7090"
"167.6200","2.7919","44.7961"
"167.6400","2.7923","44.8018"
"167.6600","2.7927","44.8681"
"167.6800","2.7931","44.8316"
"167.7000","2.7933","44.7938"
"167.7200","2.7936","44.6725"
"167.7400","2.7938","44.6720"
"167.7600","2.7941","44.7737"
"167.7800","2.7944","44.7683"
"167.8000","2.7948","44.7687"
"167.8200","2.7952","44.7575"
"167.8400","2.7956","44.7405"
"167.8600","2.7959","44.7414"
"167.8800","2.7962","44.8184"
"167.9000","2.7965","44.9171"
"167.9200","2.7968","44.9026"
"167.9400","2.7971","44.7606"
"167.9600","2.7974","44.7445"
"167.9800","2.7979","44.7933"
"168.0000","2.7983","44.7836"
"168.0200","2.7987","44.7626"
"168.0400","2.7991","44.6989"
"168.0600","2.7993","44.7688"
"168.0800","2.7996","44.8192"
"168.1000","2.7998","44.8096"
"168.1200","2.8001","44.7706"
"168.1400","2.8004","44.6822"
"168.1600","2.8008","44.6716"
"168.1800","2.8012","44.6928"
"168.2000","2.8015","44.6749"
"168.2200","2.8019","44.7208"
"168.2400","2.8022","44.8428"
"168.2600","2.8025","44.8640"
"168.2800","2.8029","44.8480"
"168.3000","2.8032","44.8587"
"168.3200","2.8036","44.9046"
"168.3400","2.8040","44.8777"
"168.3600","2.8044","44.8473"
"168.3800","2.8047","44.7159"
"168.4000","2.8050","44.7710"
"168.4200","2.8052","44.7285"
"168.4400","2.8055","44.7694"
"168.4600","2.8058","44.7363"
"168.4800","2.8061","44.6702"
"168.5000","2.8065","44.6881"
"168.5200","2.8069","44.7310"
"168.5400","2.8072","44.7113"
"168.5600","2.8076","44.6839"
"168.5800","2.8078","44.6927"
"168.6000","2.8081","44.7600"
"168.6200","2.8084","44.7560"
"168.6400","2.8088","44.7917"
"168.6600","2.8092","44.7137"
"168.6800","2.8096","44.7310"
"168.7000","2.8100","44.7950"
"168.7200","2.8104","44.7003"
"168.7400","2.8107","44.6445"
"168.7600","2.8110","44.7020"
"168.7800","2.8112","44.7787"
"168.8000","2.8115","44.7017"
"168.8200","2.8118","44.6671"
"168.8400","2.8121","44.7308"
"168.8600","2.8125","44.7378"
"168.8800","2.8128","44.7164"
"168.9000","2.8132","44.7060"
"168.9200","2.8135","44.6376"
"168.9400","2.8138","44.6776"
"168.9600","2.8141","44.7331"
"168.9800","2.8145","44.6906"
"169.0000","2.8149","44.6591"
"169.0200","2.8153","44.6277"
"169.0400","2.8157","44.6142"
"169.0600","2.8161","44.6406"
"169.0800","2.8163","44.6531"
"169.1000","2.8166","44.7002"
"169.1200","2.8169","44.7206"
"169.1400","2.8171","44.6804"
"169.1600","2.8174","44.6420"
"169.1800","2.8178","44.6604"
"169.2000","2.8182","44.7251"
"169.2200","2.8186","44.7056"
"169.2400","2.8189","44.6205"
"169.2600","2.8192","44.6338"
"169.2800","2.8195","44.6826"
"169.3000","2.8198","44.6151"
"169.3200","2.8201","44.6080"
"169.3400","2.8204","44.7080"
"169.3600","2.8209","44.7366"
"169.3800","2.8213","44.6665"
"169.4000","2.8217","44.5918"
"169.4200","2.8221","44.6799"
"169.4400","2.8224","44.7088"
"169.4600","2.8226","44.6160"
"169.4800","2.8228","44.6330"
"169.5000","2.8231","44.6632"
"169.5200","2.8234","44.6297"
"169.5400","2.8238","44.6199"
"169.5600","2.8241","44.6410"
"169.5800","2.8245","44.6801"
"169.6000","2.8249","44.7302"
"169.6200","2.8252","44.6664"
"169.6400","2.8255","44.6284"
"169.6600","2.8258","44.6349"
"169.6800","2.8262","44.6685"
"169.7000","2.8266","44.6754"
"169.7200","2.8270","44.6656"
"169.7400","2.8274","44.7593"
"169.7600","2.8277","44.7021"
"169.7800","2.8279","44.5969"
"169.8000","2.8282","44.5857"
"169.8200","2.8285","44.6204"
"169.8400","2.8288","44.5970"
"169.8600","2.8291","44.6494"
"169.8800","2.8295","44.6568"
"169.9000","2.8299","44.7393"
"169.9200","2.8302","44.8450"
"169.9400","2.8305","44.8020"
"169.9600","2.8308","44.7206"
"169.9800","2.8311","44.5996"
"170.0000","2.8314","44.5968"
"170.0200","2.8317","44.6420"
"170.0400","2.8322","44.6322"
"170.0600","2.8326","44.6631"
"170.0800","2.8331","44.7423"
"170.1000","2.8334","44.7632"
"170.1200","2.8337","44.7049"
"170.1400","2.8340","44.6553"
"170.1600","2.8342","44.6831"
"170.1800","2.8345","44.6242"
"170.2000","2.8347","44.6306"
"170.2010","2.8348","44.6294"
"170.2020","2.8348","44.6289"
"170.2220","2.8351","44.7027"
"170.2420","2.8355","44.7042"
"170.2620","2.8358","44.6252"
"170.2820","2.8361","44.6402"
"170.3020","2.8362","44.5965"
"170.3220","2.8362","44.6012"
"170.3420","2.8362","44.6733"
"170.3620","2.8361","44.7150"
"170.3820","2.8361","44.7484"
"170.4020","2.8361","44.7942"
"170.4220","2.8361","44.7155"
"170.4420","2.8361","44.6516"
"170.4620","2.8361","44.6577"
"170.4820","2.8361","44.7103"
"170.5020","2.8361","44.6684"
"170.5220","2.8361","44.6072"
"170.5420","2.8361","44.5784"
"170.5620","2.8361","44.5415"
"170.5820","2.8361","44.4757"
"170.6020","2.8361","44.4870"
"170.6220","2.8361","44.4866"
"170.6420","2.8361","44.5439"
"170.6620","2.8360","44.6128"
"170.6820","2.8360","44.6152"
"170.7020","2.8360","44.5699"
"170.7220","2.8360","44.5207"
"170.7420","2.8360","44.5335"
"170.7620","2.8359","44.5027"
"170.7820","2.8359","44.4824"
"170.8020","2.8359","44.4387"
"170.8220","2.8359","44.3919"
"170.8420","2.8359","44.4365"
"170.8620","2.8359","44.5065"
"170.8820","2.8359","44.4478"
"170.9020","2.8359","44.3942"
"170.9220","2.8359","44.4099"
"170.9420","2.8358","44.4881"
"170.9620","2.8358","44.4602"
"170.9820","2.8358","44.3573"
"171.0020","2.8358","44.3864"
"171.0220","2.8358","44.4330"
"171.0420","2.8358","44.4289"
"171.0620","2.8358","44.5263"
"171.0820","2.8358","44.4601"
"171.1020","2.8358","44.4286"
"171.1220","2.8357","44.4549"
"171.1420","2.8357","44.3970"
"171.1620","2.8357","44.3899"
"171.1820","2.8357","44.3325"
"171.2020","2.8357","44.4078"
"171.2220","2.8357","44.3689"
"171.2420","2.8357","44.2604"
"171.2620","2.8357","44.3485"
"171.2820","2.8357","44.4457"
"171.3020","2.8357","44.4559"
"171.3220","2.8357","44.3873"
"171.3420","2.8357","44.3203"
"171.3620","2.8357","44.4062"
"171.3820","2.8357","44.4814"
"171.4020","2.8357","44.3980"
"171.4220","2.8357","44.3129"
"171.4420","2.8357","44.2907"
"171.4620","2.8357","44.4418"
"171.4820","2.8357","44.3343"
"171.5020","2.8357","44.2535"
"171.5220","2.8357","44.2873"
"171.5420","2.8357","44.3330"
"171.5620","2.8357","44.3396"
"171.5820","2.8357","44.3293"
"171.6020","2.8357","44.2835"
"171.6220","2.8357","44.3060"
"171.6420","2.8357","44.2961"
"171.6620","2.8357","44.2622"
"171.6820","2.8357","44.1890"
"171.7020","2.8357","44.2106"
"171.7220","2.8357","44.2526"
"171.7420","2.8357","44.2602"
"171.7620","2.8357","44.3519"
"171.7820","2.8357","44.3722"
"171.8020","2.8357","44.3964"
"171.8220","2.8357","44.3216"
"171.8420","2.8357","44.2393"
"171.8620","2.8357","44.2768"
"171.8820","2.8357","44.3014"
"171.9020","2.8357","44.3169"
"171.9220","2.8357","44.2797"
"171.9420","2.8357","44.2602"
"171.9620","2.8357","44.2445"
"171.9820","2.8357","44.2358"
"172.0020","2.8357","44.2332"
"172.0220","2.8357","44.2480"
"172.0420","2.8357","44.1884"
"172.0620","2.8357","44.2036"
"172.0820","2.8357","44.2264"
"172.1020","2.8357","44.3667"
"172.1220","2.8357","44.3234"
"172.1420","2.8357","44.2257"
"172.1620","2.8357","44.1975"
"172.1820","2.8357","44.1712"
"172.2020","2.8357","44.1950"
"172.2220","2.8357","44.2707"
"172.2420","2.8357","44.3355"
"172.2620","2.8357","44.3181"
"172.2820","2.8357","44.3089"
"172.3020","2.8357","44.2327"
"172.3220","2.8357","44.2250"
"172.3420","2.8357","44.2163"
"172.3620","2.8357","44.1741"
"172.3820","2.8357","44.1714"
"172.4020","2.8357","44.2259"
"172.4220","2.8357","44.2090"
"172.4420","2.8357","44.2141"
"172.4620","2.8357","44.1674"
"172.4820","2.8357","44.1432"
"172.5020","2.8357","44.1253"
"172.5220","2.8357","44.1740"
"172.5420","2.8357","44.2236"
"172.5620","2.8357","44.2725"
"172.5820","2.8357","44.2372"
"172.6020","2.8357","44.1884"
"172.6220","2.8357","44.1282"
"172.6420","2.8357","44.1495"
"172.6620","2.8357","44.1621"
"172.6820","2.8357","44.1403"
"172.7020","2.8357","44.0685"
"172.7220","2.8357","44.1585"
"172.7420","2.8357","44.1282"
"172.7620","2.8357","44.1750"
"172.7820","2.8357","44.1327"
"172.8020","2.8357","44.1373"
"172.8220","2.8357","44.1354"
"172.8420","2.8357","44.1288"
"172.8620","2.8357","44.0543"
"172.8820","2.8357","44.1341"
"172.9020","2.8357","44.1659"
"172.9220","2.8357","44.1100"
"172.9420","2.8357","44.1579"
"172.9620","2.8357","44.1381"
"172.9820","2.8357","44.0809"
"173.0020","2.8357","44.0001"
"173.0220","2.8357","44.0573"
"173.0420","2.8357","44.1273"
"173.0620","2.8357","44.1507"
"173.0820","2.8357","44.1174"
"173.1020","2.8357","44.1541"
"173.1220","2.8357","44.1829"
"173.1420","2.8357","44.2230"
"173.1620","2.8357","44.2305"
"173.1820","2.8357","44.2067"
"173.2020","2.8357","44.1091"
"173.2220","2.8357","44.0939"
"173.2420","2.8357","44.1021"
"173.2620","2.8357","44.0456"
"173.2820","2.8357","43.9844"
"173.3020","2.8357","44.0283"
"173.3220","2.8357","44.0948"
"173.3420","2.8357","44.1558"
"173.3620","2.8357","44.0838"
"173.3820","2.8357","44.0568"
"173.4020","2.8357","44.0631"
"173.4220","2.8357","44.0739"
"173.4420","2.8357","44.0784"
"173.4620","2.8357","44.0100"
"173.4820","2.8357","43.9597"
"173.5020","2.8357","43.9343"
"173.5220","2.8357","44.0046"
"173.5420","2.8357","44.0204"
"173.5620","2.8357","44.0483"
"173.5820","2.8357","44.0249"
"173.6020","2.8357","44.1398"
"173.6220","2.8357","44.1083"
"173.6420","2.8357","44.0271"
"173.6620","2.8357","44.0086"
"173.6820","2.8357","44.0650"
"173.7020","2.8357","44.1012"
"173.7220","2.8357","44.1029"
"173.7420","2.8357","44.1152"
"173.7620","2.8357","44.1316"
"173.7820","2.8357","44.1121"
"173.8020","2.8357","44.0389"
"173.8220","2.8357","43.9880"
"173.8420","2.8357","43.9660"
"173.8620","2.8357","43.9446"
"173.8820","2.8357","43.9572"
"173.9020","2.8357","43.9888"
"173.9220","2.8357","44.0547"
"173.9420","2.8357","44.0251"
"173.9620","2.8357","43.9974"
"173.9820","2.8357","44.0392"
"174.0020","2.8357","44.0431"
"174.0220","2.8357","44.0594"
"174.0420","2.8357","44.0517"
"174.0620","2.8357","44.0714"
"174.0820","2.8357","44.0884"
"174.1020","2.8357","44.1041"
"174.1220","2.8357","44.0236"
"174.1420","2.8357","44.0624"
"174.1620","2.8357","44.0855"
"174.1820","2.8357","43.9838"
"174.2020","2.8357","44.0133"
"174.2220","2.8357","44.0016"
"174.2420","2.8357","44.0340"
"174.2620","2.8357","43.9718"
"174.2820","2.8357","43.9020"
"174.3020","2.8357","43.8931"
"174.3220","2.8357","43.9981"
"174.3420","2.8357","44.0142"
"174.3620","2.8357","44.0263"
"174.3820","2.8357","44.0476"
"174.4020","2.8357","44.0328"
"174.4220","2.8357","43.9791"
"174.4420","2.8357","43.9538"
"174.4620","2.8357","43.9620"
"174.4820","2.8357","43.9243"
"174.5020","2.8357","43.9444"
"174.5220","2.8357","43.9585"
"174.5420","2.8357","44.0246"
"174.5620","2.8357","44.0341"
"174.5820","2.8357","43.9319"
"174.6020","2.8357","43.9871"
"174.6220","2.8357","43.9563"
"174.6420","2.8357","43.9385"
"174.6620","2.8357","43.9197"
"174.6820","2.8357","43.9065"
"174.7020","2.8357","43.9720"
"174.7220","2.8357","44.0269"
"174.7420","2.8357","44.0954"
"174.7620","2.8357","44.0250"
"174.7820","2.8357","44.0246"
"174.8020","2.8357","43.9912"
"174.8220","2.8357","43.9354"
"174.8420","2.8357","43.9082"
"174.8620","2.8357","43.9270"
"174.8820","2.8357","43.9131"
"174.9020","2.8357","43.9109"
"174.9220","2.8357","43.9253"
"174.9420","2.8357","43.9156"
"174.9620","2.8357","44.0008"
"174.9820","2.8357","44.0402"
"175.0020","2.8357","44.0274"
"175.0220","2.8357","44.0351"
"175.0420","2.8357","43.9044"
"175.0620","2.8357","43.9368"
"175.0820","2.8357","44.0096"
"175.1020","2.8357","44.0077"
"175.1220","2.8357","43.9650"
"175.1420","2.8357","43.9347"
"175.1620","2.8357","43.9181"
"175.1820","2.8357","43.9751"
"175.2020","2.8357","43.9215"
"175.2220","2.8357","43.8598"
"175.2420","2.8357","43.8957"
"175.2620","2.8357","43.9672"
"175.2820","2.8357","43.9652"
"175.3020","2.8357","43.9161"
"175.3220","2.8357","43.9389"
"175.3420","2.8357","43.9369"
"175.3620","2.8357","43.9412"
"175.3820","2.8357","43.9128"
"175.4020","2.8357","43.9797"
"175.4220","2.8357","44.0039"
"175.4420","2.8357","44.0057"
"175.4620","2.8357","43.9941"
"175.4820","2.8357","43.9692"
"175.5020","2.8357","43.9439"
"175.5220","2.8357","43.9690"
"175.5420","2.8357","43.9324"
"175.5620","2.8357","43.9070"
"175.5820","2.8357","43.9029"
"175.6020","2.8357","43.9201"
"175.6220","2.8357","43.8809"
"175.6420","2.8357","43.8365"
"175.6620","2.8357","43.8830"
"175.6820","2.8357","43.8736"
"175.7020","2.8357","43.9488"
"175.7220","2.8357","43.9876"
"175.7420","2.8357","43.8968"
"175.7620","2.8357","43.8580"
"175.7820","2.8357","43.8432"
"175.8020","2.8357","43.8492"
"175.8220","2.8357","43.8078"
"175.8420","2.8357","43.8376"
"175.8620","2.8357","43.9084"
"175.8820","2.8357","43.9034"
"175.9020","2.8357","43.8982"
"175.9220","2.8357","43.8171"
"175.9420","2.8357","43.8531"
"175.9620","2.8357","43.8437"
"175.9820","2.8357","43.8617"
"176.0020","2.8357","43.8463"
"176.0220","2.8357","43.8412"
"176.0420","2.8357","43.8567"
"176.0620","2.8357","43.8926"
"176.0820","2.8357","43.8444"
"176.1020","2.8357","43.7736"
"176.1220","2.8357","43.7912"
"176.1420","2.8357","43.8211"
"176.1620","2.8357","43.8673"
"176.1820","2.8357","43.9471"
"176.2020","2.8357","43.9626"
"176.2220","2.8357","43.9342"
"176.2420","2.8357","43.8634"
"176.2620","2.8357","43.7975"
"176.2820","2.8357","43.7197"
"176.3020","2.8357","43.7389"
"176.3220","2.8357","43.7884"
"176.3420","2.8357","43.8253"
"176.3620","2.8357","43.8123"
"176.3820","2.8357","43.8800"
"176.4020","2.8357","43.8533"
"176.4220","2.8357","43.8881"
"176.4420","2.8357","43.8679"
"176.4620","2.8357","43.9390"
"176.4820","2.8357","43.9322"
"176.5020","2.8357","43.9031"
"176.5220","2.8357","43.7946"
"176.5420","2.8357","43.7480"
"176.5620","2.8357","43.8540"
"176.5820","2.8357","43.8342"
"176.6020","2.8357","43.8456"
"176.6220","2.8357","43.8972"
"176.6420","2.8357","43.8913"
"176.6620","2.8357","43.8845"
"176.6820","2.8357","43.8976"
"176.7020","2.8357","43.8487"
"176.7220","2.8357","43.8237"
"176.7420","2.8357","43.8643"
"176.7620","2.8357","43.9278"
"176.7820","2.8357","43.8482"
"176.8020","2.8357","43.8123"
"176.8220","2.8357","43.8196"
"176.8420","2.8357","43.8134"
"176.8620","2.8357","43.8029"
"176.8820","2.8357","43.7999"
"176.9020","2.8357","43.7845"
"176.9220","2.8357","43.8212"
"176.9420","2.8357","43.7702"
"176.9620","2.8357","43.8023"
"176.9820","2.8357","43.8855"
"177.0020","2.8357","43.9006"
"177.0220","2.8357","43.8390"
"177.0420","2.8357","43.7693"
"177.0620","2.8357","43.7982"
"177.0820","2.8357","43.7747"
"177.1020","2.8357","43.7171"
"177.1220","2.8357","43.7605"
"177.1420","2.8357","43.8133"
"177.1620","2.8357","43.8880"
"177.1820","2.8357","43.9049"
"177.2020","2.8357","43.8800"
"177.2220","2.8357","43.8177"
"177.2420","2.8357","43.8635"
"177.2620","2.8357","43.8383"
"177.2820","2.8357","43.8412"
"177.3020","2.8357","43.8219"
"177.3220","2.8357","43.7951"
"177.3420","2.8357","43.8451"
"177.3620","2.8357","43.8464"
"177.3820","2.8357","43.7773"
"177.4020","2.8357","43.8196"
"177.4220","2.8357","43.8428"
"177.4420","2.8357","43.8360"
"177.4620","2.8357","43.7758"
"177.4820","2.8357","43.7089"
"177.5020","2.8357","43.6202"
"177.5220","2.8357","43.7311"
"177.5420","2.8357","43.8415"
"177.5620","2.8357","43.8353"
"177.5820","2.8357","43.8684"
"177.6020","2.8357","43.8043"
"177.6220","2.8357","43.7547"
"177.6420","2.8357","43.8024"
"177.6620","2.8357","43.7327"
"177.6820","2.8357","43.7714"
"177.7020","2.8357","43.8052"
"177.7220","2.8357","43.7278"
"177.7420","2.8357","43.7954"
"177.7620","2.8357","43.8086"
"177.7820","2.8357","43.7296"
"177.8020","2.8357","43.7219"
"177.8220","2.8357","43.7300"
"177.8420","2.8357","43.7363"
"177.8620","2.8357","43.7468"
"177.8820","2.8357","43.8167"
"177.9020","2.8357","43.7904"
"177.9220","2.8357","43.8439"
"177.9420","2.8357","43.7596"
"177.9620","2.8357","43.7503"
"177.9820","2.8357","43.7470"
"178.0020","2.8357","43.7927"
"178.0220","2.8357","43.7888"
"178.0420","2.8357","43.8158"
"178.0620","2.8357","43.7966"
"178.0820","2.8357","43.7311"
"178.1020","2.8357","43.6510"
"178.1220","2.8357","43.5744"
"178.1420","2.8357","43.6461"
"178.1620","2.8357","43.7280"
"178.1820","2.8357","43.7476"
"178.2020","2.8357","43.7777"
"178.2220","2.8357","43.8293"
"178.2420","2.8357","43.8568"
"178.2620","2.8357","43.7992"
"178.2820","2.8357","43.8416"
"178.3020","2.8357","43.7465"
"178.3220","2.8357","43.6175"
"178.3420","2.8357","43.5690"
"178.3620","2.8357","43.6457"
"178.3820","2.8357","43.7200"
"178.4020","2.8357","43.7166"
"178.4220","2.8357","43.7417"
"178.4420","2.8357","43.7987"
"178.4620","2.8357","43.7441"
"178.4820","2.8357","43.6766"
"178.5020","2.8357","43.7189"
"178.5220","2.8357","43.7213"
"178.5420","2.8357","43.7587"
"178.5620","2.8357","43.7611"
"178.5820","2.8357","43.7777"
"178.6020","2.8357","43.8029"
"178.6220","2.8357","43.8824"
"178.6420","2.8357","43.8481"
"178.6620","2.8357","43.7377"
"178.6820","2.8357","43.7214"
"178.7020","2.8357","43.7353"
"178.7220","2.8357","43.7638"
"178.7420","2.8357","43.7665"
"178.7620","2.8357","43.7722"
"178.7820","2.8357","43.8024"
"178.8020","2.8357","43.7935"
"178.8220","2.8357","43.8471"
"178.8420","2.8357","43.8196"
"178.8620","2.8357","43.7367"
"178.8820","2.8357","43.7240"
"178.9020","2.8357","43.7935"
"178.9220","2.8357","43.8234"
"178.9420","2.8357","43.8212"
"178.9620","2.8357","43.7271"
"178.9820","2.8357","43.6991"
"179.0020","2.8357","43.6946"
"179.0220","2.8357","43.6879"
"179.0420","2.8357","43.6621"
"179.0620","2.8357","43.6813"
"179.0820","2.8357","43.7022"
"179.1020","2.8357","43.7046"
"179.1220","2.8357","43.7016"
"179.1420","2.8357","43.7454"
"179.1620","2.8357","43.7380"
"179.1820","2.8357","43.6661"
"179.2020","2.8357","43.7099"
"179.2220","2.8357","43.7589"
"179.2420","2.8357","43.7784"
"179.2620","2.8357","43.7141"
"179.2820","2.8357","43.6388"
"179.3020","2.8357","43.6625"
"179.3220","2.8357","43.6394"
"179.3420","2.8357","43.6955"
"179.3620","2.8357","43.7230"
"179.3820","2.8357","43.7545"
"179.4020","2.8357","43.7549"
"179.4220","2.8357","43.6802"
"179.4420","2.8357","43.7487"
"179.4620","2.8357","43.7530"
"179.4820","2.8357","43.7044"
"179.5020","2.8357","43.7281"
"179.5220","2.8357","43.7195"
"179.5420","2.8357","43.7123"
"179.5620","2.8357","43.7643"
"179.5820","2.8357","43.7688"
"179.6020","2.8357","43.7518"
"179.6220","2.8357","43.7012"
"179.6420","2.8357","43.6430"
"179.6620","2.8357","43.6916"
"179.6820","2.8357","43.8160"
"179.7020","2.8357","43.7257"
"179.7220","2.8357","43.6759"
"179.7420","2.8357","43.6844"
"179.7620","2.8357","43.6687"
"179.7820","2.8357","43.6772"
"179.8020","2.8357","43.7529"
"179.8220","2.8357","43.7465"
"179.8420","2.8357","43.7223"
"179.8620","2.8357","43.7706"
"179.8820","2.8357","43.7464"
"179.9020","2.8357","43.6873"
"179.9220","2.8357","43.6018"
"179.9420","2.8357","43.6294"
"179.9620","2.8357","43.6012"
"179.9820","2.8357","43.5914"
"180.0020","2.8357","43.6166"
"180.0220","2.8357","43.6880"
"180.0420","2.8357","43.6817"
"180.0620","2.8357","43.7198"
"180.0820","2.8357","43.6955"
"180.1020","2.8357","43.7034"
"180.1220","2.8357","43.6742"
"180.1420","2.8357","43.6373"
"180.1620","2.8357","43.7385"
"180.1820","2.8357","43.8103"
"180.2020","2.8357","43.7880"
"180.2220","2.8357","43.7115"
"180.2420","2.8357","43.6582"
"180.2620","2.8357","43.7173"
"180.2820","2.8357","43.7140"
"180.3020","2.8357","43.7476"
"180.3220","2.8357","43.6880"
"180.3420","2.8357","43.6658"
"180.3620","2.8357","43.7056"
"180.3820","2.8357","43.7787"
"180.4020","2.8357","43.7965"
"180.4220","2.8357","43.8132"
"180.4420","2.8357","43.7171"
"180.4620","2.8357","43.7005"
"180.4820","2.8357","43.8065"
"180.5020","2.8357","43.8018"
"180.5220","2.8357","43.7430"
"180.5420","2.8357","43.7746"
"180.5620","2.8357","43.7081"
"180.5820","2.8357","43.6733"
"180.6020","2.8357","43.7168"
"180.6220","2.8357","43.7497"
"180.6420","2.8357","43.7598"
"180.6620","2.8357","43.7342"
"180.6820","2.8357","43.6044"
"180.7020","2.8357","43.6280"
"180.7220","2.8357","43.6714"
"180.7420","2.8357","43.7342"
"180.7620","2.8357","43.7561"
"180.7820","2.8357","43.7452"
"180.8020","2.8357","43.7367"
"180.8220","2.8357","43.6883"
"180.8420","2.8357","43.6790"
"180.8620","2.8357","43.6539"
"180.8820","2.8357","43.6885"
"180.9020","2.8357","43.6767"
"180.9220","2.8357","43.6699"
"180.9420","2.8357","43.7319"
"180.9620","2.8357","43.6254"
"180.9820","2.8357","43.5783"
"181.0020","2.8357","43.5759"
"181.0220","2.8357","43.6202"
"181.0420","2.8357","43.6340"
"181.0620","2.8357","43.6054"
"181.0820","2.8357","43.6380"
"181.1020","2.8357","43.6547"
"181.1220","2.8357","43.6258"
"181.1420","2.8357","43.7548"
"181.1620","2.8357","43.6865"
"181.1820","2.8357","43.6443"
"181.2020","2.8357","43.7269"
"181.2220","2.8357","43.7580"
"181.2420","2.8357","43.6592"
"181.2620","2.8357","43.6521"
"181.2820","2.8357","43.6711"
"181.3020","2.8357","43.7155"
"181.3220","2.8357","43.7326"
"181.3420","2.8357","43.6926"
"181.3620","2.8357","43.7102"
"181.3820","2.8357","43.7052"
"181.4020","2.8357","43.7237"
"181.4220","2.8357","43.7072"
"181.4420","2.8357","43.7236"
"181.4620","2.8357","43.7170"
"181.4820","2.8357","43.7647"
"181.5020","2.8357","43.7349"
"181.5220","2.8357","43.7370"
"181.5420","2.8357","43.6974"
"181.5620","2.8357","43.6980"
"181.5820","2.8357","43.7261"
"181.6020","2.8357","43.6871"
"181.6220","2.8357","43.6463"
"181.6420","2.8357","43.6877"
"181.6620","2.8357","43.7407"
"181.6820","2.8357","43.7778"
"181.7020","2.8357","43.7800"
"181.7220","2.8357","43.7239"
"181.7420","2.8357","43.6232"
"181.7620","2.8357","43.6231"
"181.7820","2.8357","43.6731"
"181.8020","2.8357","43.7467"
"181.8220","2.8357","43.7366"
"181.8420","2.8357","43.6533"
"181.8620","2.8357","43.6378"
"181.8820","2.8357","43.7141"
"181.9020","2.8357","43.6143"
"181.9220","2.8357","43.5548"
"181.9420","2.8357","43.6006"
"181.9620","2.8357","43.7043"
"181.9820","2.8357","43.6930"
"182.0020","2.8357","43.5957"
"182.0220","2.8357","43.6596"
"182.0420","2.8357","43.6510"
"182.0620","2.8357","43.6622"
"182.0820","2.8357","43.5886"
"182.1020","2.8357","43.6627"
"182.1220","2.8357","43.6783"
"182.1420","2.8357","43.7253"
"182.1620","2.8357","43.6882"
"182.1820","2.8357","43.6944"
"182.2020","2.8357","43.7101"
"182.2220","2.8357","43.6895"
"182.2420","2.8357","43.6695"
"182.2620","2.8357","43.6417"
"182.2820","2.8357","43.6654"
"182.3020","2.8357","43.6731"
"182.3220","2.8357","43.6479"
"182.3420","2.8357","43.6157"
"182.3620","2.8357","43.4898"
"182.3820","2.8357","43.5495"
"182.4020","2.8357","43.6370"
"182.4220","2.8357","43.6966"
"182.4420","2.8357","43.6676"
"182.4620","2.8357","43.6248"
"182.4820","2.8357","43.5866"
"182.5020","2.8357","43.7615"
"182.5220","2.8357","43.7366"
"182.5420","2.8357","43.6709"
"182.5620","2.8357","43.6754"
"182.5820","2.8357","43.7342"
"182.6020","2.8357","43.6488"
"182.6220","2.8357","43.6819"
"182.6420","2.8357","43.6325"
"182.6620","2.8357","43.5602"
"182.6820","2.8357","43.5980"
"182.7020","2.8357","43.6308"
"182.7220","2.8357","43.6128"
"182.7420","2.8357","43.6033"
"182.7620","2.8357","43.6239"
"182.7820","2.8357","43.6888"
"182.8020","2.8357","43.6967"
"182.8220","2.8357","43.6017"
"182.8420","2.8357","43.5938"
"182.8620","2.8357","43.7354"
"182.8820","2.8357","43.7117"
"182.9020","2.8357","43.6400"
"182.9220","2.8357","43.6037"
"182.9420","2.8357","43.6414"
"182.9620","2.8357","43.6646"
"182.9820","2.8357","43.6770"
"183.0020","2.8357","43.6462"
"183.0220","2.8357","43.6476"
"183.0420","2.8357","43.6301"
"183.0620","2.8357","43.6608"
"183.0820","2.8357","43.6491"
"183.1020","2.8357","43.6110"
"183.1220","2.8357","43.7354"
"183.1420","2.8357","43.6904"
"183.1620","2.8357","43.7058"
"183.1820","2.8357","43.6872"
"183.2020","2.8357","43.6736"
"183.2220","2.8357","43.7061"
"183.2420","2.8357","43.6630"
"183.2620","2.8357","43.6621"
"183.2820","2.8357","43.6101"
"183.3020","2.8357","43.5769"
"183.3220","2.8357","43.5575"
"183.3420","2.8357","43.6480"
"183.3620","2.8357","43.6248"
"183.3820","2.8357","43.6424"
"183.4020","2.8357","43.6001"
"183.4220","2.8357","43.5573"
"183.4420","2.8357","43.6184"
"183.4620","2.8357","43.6224"
"183.4820","2.8357","43.5868"
"183.5020","2.8357","43.6632"
"183.5220","2.8357","43.5849"
"183.5420","2.8357","43.5618"
"183.5620","2.8357","43.6501"
"183.5820","2.8357","43.6092"
"183.6020","2.8357","43.6813"
"183.6220","2.8357","43.7482"
"183.6420","2.8357","43.7650"
"183.6620","2.8357","43.7012"
"183.6820","2.8357","43.5986"
"183.7020","2.8357","43.5337"
"183.7220","2.8357","43.5732"
"183.7420","2.8357","43.5864"
"183.7620","2.8357","43.6324"
"183.7820","2.8357","43.6676"
"183.8020","2.8357","43.6152"
"183.8220","2.8357","43.6013"
"183.8420","2.8357","43.5767"
"183.8620","2.8357","43.6227"
"183.8820","2.8357","43.6613"
"183.9020","2.8357","43.6756"
"183.9220","2.8357","43.6882"
"183.9420","2.8357","43.7219"
"183.9620","2.8357","43.7128"
"183.9820","2.8357","43.6297"
"184.0020","2.8357","43.6159"
"184.0220","2.8357","43.6354"
"184.0420","2.8357","43.6558"
"184.0620","2.8357","43.6517"
"184.0820","2.8357","43.6710"
"184.1020","2.8357","43.6595"
"184.1220","2.8357","43.5789"
"184.1420","2.8357","43.6682"
"184.1620","2.8357","43.6961"
"184.1820","2.8357","43.6798"
"184.2020","2.8357","43.6233"
"184.2220","2.8357","43.5219"
"184.2420","2.8357","43.5304"
"184.2620","2.8357","43.5403"
"184.2820","2.8357","43.5973"
"184.3020","2.8357","43.6138"
"184.3220","2.8357","43.6108"
"184.3420","2.8357","43.6243"
"184.3620","2.8357","43.6232"
"184.3820","2.8357","43.5878"
"184.4020","2.8357","43.6025"
"184.4220","2.8357","43.5877"
"184.4420","2.8357","43.5871"
"184.4620","2.8357","43.6062"
"184.4820","2.8357","43.5602"
"184.5020","2.8357","43.5342"
"184.5220","2.8357","43.5438"
"184.5420","2.8357","43.5821"
"184.5620","2.8357","43.6228"
"184.5820","2.8357","43.5738"
"184.6020","2.8357","43.5627"
"184.6220","2.8357","43.6269"
"184.6420","2.8357","43.5772"
"184.6620","2.8357","43.6068"
"184.6820","2.8357","43.6370"
"184.7020","2.8357","43.5422"
"184.7220","2.8357","43.5145"
"184.7420","2.8357","43.5665"
"184.7620","2.8357","43.5892"
"184.7820","2.8357","43.5967"
"184.8020","2.8357","43.6146"
"184.8220","2.8357","43.6265"
"184.8420","2.8357","43.6664"
"184.8620","2.8357","43.7157"
"184.8820","2.8357","43.6075"
"184.9020","2.8357","43.6205"
"184.9220","2.8357","43.6227"
"184.9420","2.8357","43.6236"
"184.9620","2.8357","43.6713"
"184.9820","2.8357","43.5545"
"185.0020","2.8357","43.5762"
"185.0220","2.8357","43.6621"
"185.0420","2.8357","43.6714"
"185.0620","2.8357","43.5901"
"185.0820","2.8357","43.5220"
"185.1020","2.8357","43.5200"
"185.1220","2.8357","43.5117"
"185.1420","2.8357","43.5242"
"185.1620","2.8357","43.6083"
"185.1820","2.8357","43.5946"
"185.2020","2.8357","43.5024"
"185.2220","2.8357","43.4468"
"185.2420","2.8357","43.4897"
"185.2620","2.8357","43.5635"
"185.2820","2.8357","43.5563"
"185.3020","2.8357","43.5795"
"185.3220","2.8357","43.5692"
"185.3420","2.8357","43.5500"
"185.3620","2.8357","43.5825"
"185.3820","2.8357","43.5662"
"185.4020","2.8357","43.5219"
"185.4220","2.8357","43.5200"
"185.4420","2.8357","43.6159"
"185.4620","2.8357","43.5698"
"185.4820","2.8357","43.5131"
"185.5020","2.8357","43.6011"
"185.5220","2.8357","43.6212"
"185.5420","2.8357","43.6352"
"185.5620","2.8357","43.5952"
"185.5820","2.8357","43.5675"
"185.6020","2.8357","43.5149"
"185.6220","2.8357","43.5734"
"185.6420","2.8357","43.5508"
"185.6620","2.8357","43.5353"
"185.6820","2.8357","43.5308"
"185.7020","2.8357","43.5874"
"185.7220","2.8357","43.6188"
"185.7420","2.8357","43.6393"
"185.7620","2.8357","43.5942"
"185.7820","2.8357","43.5759"
"185.8020","2.8357","43.6241"
"185.8220","2.8357","43.5951"
"185.8420","2.8357","43.5671"
"185.8620","2.8357","43.6128"
"185.8820","2.8357","43.6633"
"185.9020","2.8357","43.6967"
"185.9220","2.8357","43.6364"
"185.9420","2.8357","43.5865"
"185.9620","2.8357","43.4653"
"185.9820","2.8357","43.5419"
"186.0020","2.8357","43.5863"
"186.0220","2.8357","43.6577"
"186.0420","2.8357","43.7569"
"186.0620","2.8357","43.6830"
"186.0820","2.8357","43.5788"
"186.1020","2.8357","43.5536"
"186.1220","2.8357","43.5580"
"186.1420","2.8357","43.5132"
"186.1620","2.8357","43.4870"
"186.1820","2.8357","43.5555"
"186.2020","2.8357","43.5811"
"186.2220","2.8357","43.5989"
"186.2420","2.8357","43.6730"
"186.2620","2.8357","43.6755"
"186.2820","2.8357","43.5831"
"186.3020","2.8357","43.4844"
"186.3220","2.8357","43.4732"
"186.3420","2.8357","43.5559"
"186.3620","2.8357","43.5747"
"186.3820","2.8357","43.6016"
"186.4020","2.8357","43.5755"
"186.4220","2.8357","43.5546"
"186.4420","2.8357","43.5304"
"186.4620","2.8357","43.5794"
"186.4820","2.8357","43.6236"
"186.5020","2.8357","43.5955"
"186.5220","2.8357","43.5520"
"186.5420","2.8357","43.5473"
"186.5620","2.8357","43.5304"
"186.5820","2.8357","43.4832"
"186.6020","2.8357","43.5099"
"186.6220","2.8357","43.5854"
"186.6420","2.8357","43.6130"
"186.6620","2.8357","43.5447"
"186.6820","2.8357","43.5179"
"186.7020","2.8357","43.5819"
"186.7220","2.8357","43.5878"
"186.7420","2.8357","43.6060"
"186.7620","2.8357","43.6026"
"186.7820","2.8357","43.5912"
"186.8020","2.8357","43.5613"
"186.8220","2.8357","43.6108"
"186.8420","2.8357","43.5426"
"186.8620","2.8357","43.5092"
"186.8820","2.8357","43.4820"
"186.9020","2.8357","43.5290"
"186.9220","2.8357","43.5214"
"186.9420","2.8357","43.4622"
"186.9620","2.8357","43.4454"
"186.9820","2.8357","43.5480"
"187.0020","2.8357","43.5592"
"187.0220","2.8357","43.5169"
"187.0420","2.8357","43.4856"
"187.0620","2.8357","43.5269"
"187.0820","2.8357","43.4793"
"187.1020","2.8357","43.5160"
"187.1220","2.8357","43.5334"
"187.1420","2.8357","43.5530"
"187.1620","2.8357","43.5765"
"187.1820","2.8357","43.5636"
"187.2020","2.8357","43.5133"
"187.2220","2.8357","43.5313"
"187.2420","2.8357","43.4879"
"187.2620","2.8357","43.4938"
"187.2820","2.8357","43.5396"
"187.3020","2.8357","43.4997"
"187.3220","2.8357","43.5169"
"187.3420","2.8357","43.5224"
"187.3620","2.8357","43.4979"
"187.3820","2.8357","43.5352"
"187.4020","2.8357","43.5298"
"187.4220","2.8357","43.4588"
"187.4420","2.8357","43.4391"
"187.4620","2.8357","43.6044"
"187.4820","2.8357","43.6491"
"187.5020","2.8357","43.5834"
"187.5220","2.8357","43.5797"
"187.5420","2.8357","43.5635"
"187.5620","2.8357","43.5768"
"187.5820","2.8357","43.6223"
"187.6020","2.8357","43.5800"
"187.6220","2.8357","43.6199"
"187.6420","2.8357","43.5783"
"187.6620","2.8357","43.5659"
"187.6820","2.8357","43.5280"
"187.7020","2.8357","43.4733"
"187.7220","2.8357","43.6112"
"187.7420","2.8357","43.6297"
"187.7620","2.8357","43.5267"
"187.7820","2.8357","43.5557"
"187.8020","2.8357","43.5057"
"187.8220","2.8357","43.4625"
"187.8420","2.8357","43.5758"
"187.8620","2.8357","43.6110"
"187.8820","2.8357","43.5794"
"187.9020","2.8357","43.6136"
"187.9220","2.8357","43.5590"
"187.9420","2.8357","43.5018"
"187.9620","2.8357","43.5408"
"187.9820","2.8357","43.5667"
"188.0020","2.8357","43.4867"
"188.0220","2.8357","43.4966"
"188.0420","2.8357","43.5516"
"188.0620","2.8357","43.6057"
"188.0820","2.8357","43.6557"
"188.1020","2.8357","43.6378"
"188.1220","2.8357","43.6182"
"188.1420","2.8357","43.5781"
"188.1620","2.8357","43.5825"
"188.1820","2.8357","43.5565"
"188.2020","2.8357","43.5233"
"188.2220","2.8357","43.6041"
"188.2420","2.8357","43.5750"
"188.2620","2.8357","43.5441"
"188.2820","2.8357","43.5910"
"188.3020","2.8357","43.6073"
"188.3220","2.8357","43.6187"
"188.3420","2.8357","43.5389"
"188.3620","2.8357","43.5273"
"188.3820","2.8357","43.5946"
"188.4020","2.8357","43.5957"
"188.4220","2.8357","43.5523"
"188.4420","2.8357","43.5469"
"188.4620","2.8357","43.4887"
"188.4820","2.8357","43.4803"
"188.5020","2.8357","43.4640"
"188.5220","2.8357","43.5146"
"188.5420","2.8357","43.5246"
"188.5620","2.8357","43.5761"
"188.5820","2.8357","43.6288"
"188.6020","2.8357","43.5426"
"188.6220","2.8357","43.4985"
"188.6420","2.8357","43.4999"
"188.6620","2.8357","43.4640"
"188.6820","2.8357","43.4649"
"188.7020","2.8357","43.4551"
"188.7220","2.8357","43.4668"
"188.7420","2.8357","43.4415"
"188.7620","2.8357","43.4459"
"188.7820","2.8357","43.4912"
"188.8020","2.8357","43.5357"
"188.8220","2.8357","43.5248"
"188.8420","2.8357","43.5558"
"188.8620","2.8357","43.5701"
"188.8820","2.8357","43.5758"
"188.9020","2.8357","43.5998"
"188.9220","2.8357","43.5416"
"188.9420","2.8357","43.4813"
"188.9620","2.8357","43.5325"
"188.9820","2.8357","43.5902"
"189.0020","2.8357","43.6186"
"189.0220","2.8357","43.6261"
"189.0420","2.8357","43.5315"
"189.0620","2.8357","43.4747"
"189.0820","2.8357","43.4723"
"189.1020","2.8357","43.5129"
"189.1220","2.8357","43.4892"
"189.1420","2.8357","43.4238"
"189.1620","2.8357","43.3833"
"189.1820","2.8357","43.3909"
"189.2020","2.8357","43.5037"
"189.2220","2.8357","43.6115"
"189.2420","2.8357","43.5340"
"189.2620","2.8357","43.5128"
"189.2820","2.8357","43.5010"
"189.3020","2.8357","43.5693"
"189.3220","2.8357","43.5814"
"189.3420","2.8357","43.5647"
"189.3620","2.8357","43.4879"
"189.3820","2.8357","43.5382"
"189.4020","2.8357","43.4766"
"189.4220","2.8357","43.4067"
"189.4420","2.8357","43.4856"
"189.4620","2.8357","43.4465"
"189.4820","2.8357","43.4459"
"189.5020","2.8357","43.4712"
"189.5220","2.8357","43.4807"
"189.5420","2.8357","43.4917"
"189.5620","2.8357","43.5106"
"189.5820","2.8357","43.5644"
"189.6020","2.8357","43.5029"
"189.6220","2.8357","43.5512"
"189.6420","2.8357","43.5191"
"189.6620","2.8357","43.4288"
"189.6820","2.8357","43.4233"
"189.7020","2.8357","43.4682"
"189.7220","2.8357","43.4828"
"189.7420","2.8357","43.3743"
"189.7620","2.8357","43.3901"
"189.7820","2.8357","43.5090"
"189.8020","2.8357","43.5884"
"189.8220","2.8357","43.5882"
"189.8420","2.8357","43.5488"
"189.8620","2.8357","43.5248"
"189.8820","2.8357","43.6212"
"189.9020","2.8357","43.5668"
"189.9220","2.8357","43.5457"
"189.9420","2.8357","43.4495"
"189.9620","2.8357","43.4381"
"189.9820","2.8357","43.4515"
"190.0020","2.8357","43.4892"
"190.0220","2.8357","43.5380"
"190.0420","2.8357","43.4904"
"190.0620","2.8357","43.5271"
"190.0820","2.8357","43.5747"
"190.1020","2.8357","43.5558"
"190.1220","2.8357","43.5289"
"190.1420","2.8357","43.4292"
"190.1620","2.8357","43.4474"
"190.1820","2.8357","43.4815"
"190.2020","2.8357","43.4940"
"190.2220","2.8357","43.5326"
"190.2420","2.8357","43.5515"
"190.2620","2.8357","43.5113"
"190.2820","2.8357","43.4808"
"190.3020","2.8357","43.3955"
"190.3220","2.8357","43.3751"
"190.3420","2.8357","43.4230"
"190.3620","2.8357","43.5609"
"190.3820","2.8357","43.5480"
"190.4020","2.8357","43.5052"
"190.4220","2.8357","43.5765"
"190.4420","2.8357","43.5635"
"190.4620","2.8357","43.4746"
"190.4820","2.8357","43.4846"
"190.5020","2.8357","43.5681"
"190.5220","2.8357","43.5446"
"190.5420","2.8357","43.4901"
"190.5620","2.8357","43.4617"
"190.5820","2.8357","43.4931"
"190.6020","2.8357","43.5160"
"190.6220","2.8357","43.5427"
"190.6420","2.8357","43.5747"
"190.6620","2.8357","43.5399"
"190.6820","2.8357","43.4828"
"190.7020","2.8357","43.4876"
"190.7220","2.8357","43.4534"
"190.7420","2.8357","43.3983"
"190.7620","2.8357","43.3797"
"190.7820","2.8357","43.4453"
"190.8020","2.8357","43.4910"
"190.8220","2.8357","43.5361"
"190.8420","2.8357","43.4936"
"190.8620","2.8357","43.4532"
"190.8820","2.8357","43.5382"
"190.9020","2.8357","43.5041"
"190.9220","2.8357","43.3979"
"190.9420","2.8357","43.4428"
"190.9620","2.8357","43.4459"
"190.9820","2.8357","43.4580"
"191.0020","2.8357","43.4330"
"191.0220","2.8357","43.4651"
"191.0420","2.8357","43.5229"
"191.0620","2.8357","43.5899"
"191.0820","2.8357","43.4706"
"191.1020","2.8357","43.4552"
"191.1220","2.8357","43.5034"
"191.1420","2.8357","43.4921"
"191.1620","2.8357","43.4262"
"191.1820","2.8357","43.4501"
"191.2020","2.8357","43.4971"
"191.2220","2.8357","43.5420"
"191.2420","2.8357","43.4727"
"191.2620","2.8357","43.4726"
"191.2820","2.8357","43.5506"
"191.3020","2.8357","43.5167"
"191.3220","2.8357","43.5107"
"191.3420","2.8357","43.4798"
"191.3620","2.8357","43.5108"
"191.3820","2.8357","43.4648"
"191.4020","2.8357","43.4477"
"191.4220","2.8357","43.4920"
"191.4420","2.8357","43.4863"
"191.4620","2.8357","43.4120"
"191.4820","2.8357","43.4455"
"191.5020","2.8357","43.4202"
"191.5220","2.8357","43.4266"
"191.5420","2.8357","43.4254"
"191.5620","2.8357","43.5611"
"191.5820","2.8357","43.5919"
"191.6020","2.8357","43.5737"
"191.6220","2.8357","43.5757"
"191.6420","2.8357","43.5528"
"191.6620","2.8357","43.5831"
"191.6820","2.8357","43.4774"
"191.7020","2.8357","43.3617"
"191.7220","2.8357","43.3717"
"191.7420","2.8357","43.4101"
"191.7620","2.8357","43.4070"
"191.7820","2.8357","43.4310"
"191.8020","2.8357","43.5250"
"191.8220","2.8357","43.5997"
"191.8420","2.8357","43.5540"
"191.8620","2.8357","43.4166"
"191.8820","2.8357","43.4358"
"191.9020","2.8357","43.5324"
"191.9220","2.8357","43.5664"
"191.9420","2.8357","43.5159"
"191.9620","2.8357","43.4902"
"191.9820","2.8357","43.5031"
"192.0020","2.8357","43.4498"
"192.0220","2.8357","43.4072"
"192.0420","2.8357","43.4676"
"192.0620","2.8357","43.4877"
"192.0820","2.8357","43.4282"
"192.1020","2.8357","43.3700"
"192.1220","2.8357","43.3943"
"192.1420","2.8357","43.4510"
"192.1620","2.8357","43.4747"
"192.1820","2.8357","43.4136"
"192.2020","2.8357","43.5172"
"192.2220","2.8357","43.5211"
"192.2420","2.8357","43.5048"
"192.2620","2.8357","43.4859"
"192.2820","2.8357","43.4993"
"192.3020","2.8357","43.4440"
"192.3220","2.8357","43.4668"
"192.3420","2.8357","43.4015"
"192.3620","2.8357","43.4041"
"192.3820","2.8357","43.3778"
"192.4020","2.8357","43.3229"
"192.4220","2.8357","43.3830"
"192.4420","2.8357","43.4288"
"192.4620","2.8357","43.4070"
"192.4820","2.8357","43.4350"
"192.5020","2.8357","43.4349"
"192.5220","2.8357","43.5471"
"192.5420","2.8357","43.5782"
"192.5620","2.8357","43.4657"
"192.5820","2.8357","43.4037"
"192.6020","2.8357","43.4966"
"192.6220","2.8357","43.5147"
"192.6420","2.8357","43.4891"
"192.6620","2.8357","43.5274"
"192.6820","2.8357","43.4872"
"192.7020","2.8357","43.5396"
"192.7220","2.8357","43.5675"
"192.7420","2.8357","43.5539"
"192.7620","2.8357","43.4543"
"192.7820","2.8357","43.4236"
"192.8020","2.8357","43.4525"
"192.8220","2.8357","43.3947"
"192.8420","2.8357","43.3425"
"192.8620","2.8357","43.3928"
"192.8820","2.8357","43.4057"
"192.9020","2.8357","43.4880"
"192.9220","2.8357","43.5417"
"192.9420","2.8357","43.5888"
"192.9620","2.8357","43.6417"
"192.9820","2.8357","43.5794"
"193.0020","2.8357","43.4741"
"193.0220","2.8357","43.3986"
"193.0420","2.8357","43.4066"
"193.0620","2.8357","43.4561"
"193.0820","2.8357","43.4773"
"193.1020","2.8357","43.4583"
"193.1220","2.8357","43.4678"
"193.1420","2.8357","43.4923"
"193.1620","2.8357","43.4048"
"193.1820","2.8357","43.4006"
"193.2020","2.8357","43.4777"
"193.2220","2.8357","43.4973"
"193.2420","2.8357","43.5237"
"193.2620","2.8357","43.5033"
"193.2820","2.8357","43.4882"
"193.3020","2.8357","43.4087"
"193.3220","2.8357","43.3823"
"193.3420","2.8357","43.3879"
"193.3620","2.8357","43.3534"
"193.3820","2.8357","43.3540"
"193.4020","2.8357","43.4453"
"193.4220","2.8357","43.4526"
"193.4420","2.8357","43.4668"
"193.4620","2.8357","43.3807"
"193.4820","2.8357","43.4208"
"193.5020","2.8357","43.3669"
"193.5220","2.8357","43.3667"
"193.5420","2.8357","43.3547"
"193.5620","2.8357","43.4175"
"193.5820","2.8357","43.4545"
"193.6020","2.8357","43.5217"
"193.6220","2.8357","43.5636"
"193.6420","2.8357","43.5621"
"193.6620","2.8357","43.5462"
"193.6820","2.8357","43.5215"
"193.7020","2.8357","43.4796"
"193.7220","2.8357","43.4044"
"193.7420","2.8357","43.3805"
"193.7620","2.8357","43.4286"
"193.7820","2.8357","43.4846"
"193.8020","2.8357","43.4238"
"193.8220","2.8357","43.2773"
"193.8420","2.8357","43.3598"
"193.8620","2.8357","43.4934"
"193.8820","2.8357","43.5570"
"193.9020","2.8357","43.5417"
"193.9220","2.8357","43.5260"
"193.9420","2.8357","43.4603"
"193.9620","2.8357","43.4272"
"193.9820","2.8357","43.4185"
"194.0020","2.8357","43.4459"
"194.0220","2.8357","43.4096"
"194.0420","2.8357","43.4708"
"194.0620","2.8357","43.4453"
"194.0820","2.8357","43.3820"
"194.1020","2.8357","43.3951"
"194.1220","2.8357","43.3415"
"194.1420","2.8357","43.3039"
"194.1620","2.8357","43.3365"
"194.1820","2.8357","43.4807"
"194.2020","2.8357","43.4962"
"194.2220","2.8357","43.4984"
"194.2420","2.8357","43.4842"
"194.2620","2.8357","43.4583"
"194.2820","2.8357","43.4623"
"194.3020","2.8357","43.4942"
"194.3220","2.8357","43.5733"
"194.3420","2.8357","43.6173"
"194.3620","2.8357","43.4851"
"194.3820","2.8357","43.4522"
"194.4020","2.8357","43.5009"
"194.4220","2.8357","43.4924"
"194.4420","2.8357","43.4813"
"194.4620","2.8357","43.4539"
"194.4820","2.8357","43.3671"
"194.5020","2.8357","43.3213"
"194.5220","2.8357","43.3637"
"194.5420","2.8357","43.4822"
"194.5620","2.8357","43.4171"
"194.5820","2.8357","43.4554"
"194.6020","2.8357","43.3574"
"194.6220","2.8357","43.4178"
"194.6420","2.8357","43.5127"
"194.6620","2.8357","43.5285"
"194.6820","2.8357","43.5074"
"194.7020","2.8357","43.5054"
"194.7220","2.8357","43.4628"
"194.7420","2.8357","43.4653"
"194.7620","2.8357","43.4755"
"194.7820","2.8357","43.5215"
"194.8020","2.8357","43.3861"
"194.8220","2.8357","43.4090"
"194.8420","2.8357","43.4589"
"194.8620","2.8357","43.4169"
"194.8820","2.8357","43.3950"
"194.9020","2.8357","43.3746"
"194.9220","2.8357","43.3829"
"194.9420","2.8357","43.4217"
"194.9620","2.8357","43.4723"
"194.9820","2.8357","43.4909"
"195.0020","2.8357","43.5195"
"195.0220","2.8357","43.4386"
"195.0420","2.8357","43.4608"
"195.0620","2.8357","43.4542"
"195.0820","2.8357","43.4201"
"195.1020","2.8357","43.4145"
"195.1220","2.8357","43.4181"
"195.1420","2.8357","43.4454"
"195.1620","2.8357","43.4189"
"195.1820","2.8357","43.3940"
"195.2020","2.8357","43.4081"
"195.2220","2.8357","43.4445"
"195.2420","2.8357","43.4768"
"195.2620","2.8357","43.5203"
"195.2820","2.8357","43.4307"
"195.3020","2.8357","43.3861"
"195.3220","2.8357","43.4482"
"195.3420","2.8357","43.4995"
"195.3620","2.8357","43.4625"
"195.3820","2.8357","43.3964"
"195.4020","2.8357","43.4387"
"195.4220","2.8357","43.4692"
"195.4420","2.8357","43.4110"
"195.4620","2.8357","43.4368"
"195.4820","2.8357","43.4890"
"195.5020","2.8357","43.5047"
"195.5220","2.8357","43.5346"
"195.5420","2.8357","43.5537"
"195.5620","2.8357","43.4720"
"195.5820","2.8357","43.4304"
"195.6020","2.8357","43.3905"
"195.6220","2.8357","43.3820"
"195.6420","2.8357","43.4212"
"195.6620","2.8357","43.4272"
"195.6820","2.8357","43.4754"
"195.7020","2.8357","43.5008"
"195.7220","2.8357","43.5241"
"195.7420","2.8357","43.4865"
"195.7620","2.8357","43.4651"
"195.7820","2.8357","43.4915"
"195.8020","2.8357","43.5452"
"195.8220","2.8357","43.4752"
"195.8420","2.8357","43.4625"
"195.8620","2.8357","43.4858"
"195.8820","2.8357","43.4071"
"195.9020","2.8357","43.4317"
"195.9220","2.8357","43.4348"
"195.9420","2.8357","43.4130"
"195.9620","2.8357","43.3315"
"195.9820","2.8357","43.3991"
"196.0020","2.8357","43.4455"
"196.0220","2.8357","43.3986"
"196.0420","2.8357","43.3648"
"196.0620","2.8357","43.4038"
"196.0820","2.8357","43.3951"
"196.1020","2.8357","43.3471"
"196.1220","2.8357","43.4248"
"196.1420","2.8357","43.4484"
"196.1620","2.8357","43.2941"
"196.1820","2.8357","43.2765"
"196.2020","2.8357","43.3723"
"196.2220","2.8357","43.4480"
"196.2420","2.8357","43.4720"
"196.2620","2.8357","43.5045"
"196.2820","2.8357","43.5554"
"196.3020","2.8357","43.4338"
"196.3220","2.8357","43.4040"
"196.3420","2.8357","43.4062"
"196.3620","2.8357","43.3423"
"196.3820","2.8357","43.4268"
"196.4020","2.8357","43.4217"
"196.4220","2.8357","43.3531"
"196.4420","2.8357","43.3101"
"196.4620","2.8357","43.3856"
"196.4820","2.8357","43.4554"
"196.5020","2.8357","43.4684"
"196.5220","2.8357","43.4558"
"196.5420","2.8357","43.4685"
"196.5620","2.8357","43.5103"
"196.5820","2.8357","43.4427"
"196.6020","2.8357","43.2827"
"196.6220","2.8357","43.2795"
"196.6420","2.8357","43.3684"
"196.6620","2.8357","43.4035"
"196.6820","2.8357","43.3520"
"196.7020","2.8357","43.3485"
"196.7220","2.8357","43.3047"
"196.7420","2.8357","43.3191"
"196.7620","2.8357","43.3819"
"196.7820","2.8357","43.4329"
"196.8020","2.8357","43.4275"
"196.8220","2.8357","43.4228"
"196.8420","2.8357","43.3450"
"196.8620","2.8357","43.3665"
"196.8820","2.8357","43.4435"
"196.9020","2.8357","43.4818"
"196.9220","2.8357","43.4026"
"196.9420","2.8357","43.3828"
"196.9620","2.8357","43.3901"
"196.9820","2.8357","43.3936"
"197.0020","2.8357","43.4105"
"197.0220","2.8357","43.4516"
"197.0420","2.8357","43.4645"
"197.0620","2.8357","43.4855"
"197.0820","2.8357","43.4367"
"197.1020","2.8357","43.3503"
"197.1220","2.8357","43.2798"
"197.1420","2.8357","43.3184"
"197.1620","2.8357","43.3585"
"197.1820","2.8357","43.3747"
"197.2020","2.8357","43.3312"
"197.2220","2.8357","43.3391"
"197.2420","2.8357","43.3462"
"197.2620","2.8357","43.3225"
"197.2820","2.8357","43.3829"
"197.3020","2.8357","43.4270"
"197.3220","2.8357","43.4211"
"197.3420","2.8357","43.4317"
"197.3620","2.8357","43.3986"
"197.3820","2.8357","43.4050"
"197.4020","2.8357","43.4582"
"197.4220","2.8357","43.5247"
"197.4420","2.8357","43.4939"
"197.4620","2.8357","43.4988"
"197.4820","2.8357","43.3899"
"197.5020","2.8357","43.3930"
"197.5220","2.8357","43.3743"
"197.5420","2.8357","43.3433"
"197.5620","2.8357","43.3541"
"197.5820","2.8357","43.2931"
"197.6020","2.8357","43.3122"
"197.6220","2.8357","43.3776"
"197.6420","2.8357","43.3894"
"197.6620","2.8357","43.4137"
"197.6820","2.8357","43.4416"
"197.7020","2.8357","43.4244"
"197.7220","2.8357","43.3492"
"197.7420","2.8357","43.4350"
"197.7620","2.8357","43.4142"
"197.7820","2.8357","43.4632"
"197.8020","2.8357","43.4574"
"197.8220","2.8357","43.4435"
"197.8420","2.8357","43.4223"
"197.8620","2.8357","43.4094"
"197.8820","2.8357","43.4058"
"197.9020","2.8357","43.3552"
"197.9220","2.8357","43.3839"
"197.9420","2.8357","43.4242"
"197.9620","2.8357","43.4762"
"197.9820","2.8357","43.4027"
"198.0020","2.8357","43.3740"
"198.0220","2.8357","43.4080"
"198.0420","2.8357","43.3494"
"198.0620","2.8357","43.4058"
"198.0820","2.8357","43.4504"
"198.1020","2.8357","43.4140"
"198.1220","2.8357","43.3732"
"198.1420","2.8357","43.4045"
"198.1620","2.8357","43.4023"
"198.1820","2.8357","43.4384"
"198.2020","2.8357","43.4336"
"198.2220","2.8357","43.4249"
"198.2420","2.8357","43.4037"
"198.2620","2.8357","43.3929"
"198.2820","2.8357","43.4267"
"198.3020","2.8357","43.3825"
"198.3220","2.8357","43.3444"
"198.3420","2.8357","43.2520"
"198.3620","2.8357","43.2753"
"198.3820","2.8357","43.2967"
"198.4020","2.8357","43.2874"
"198.4220","2.8357","43.3407"
"198.4420","2.8357","43.4709"
"198.4620","2.8357","43.5202"
"198.4820","2.8357","43.4424"
"198.5020","2.8357","43.3504"
"198.5220","2.8357","43.3109"
"198.5420","2.8357","43.3858"
"198.5620","2.8357","43.3032"
"198.5820","2.8357","43.3198"
"198.6020","2.8357","43.4336"
"198.6220","2.8357","43.3835"
"198.6420","2.8357","43.4325"
"198.6620","2.8357","43.4409"
"198.6820","2.8357","43.3333"
"198.7020","2.8357","43.2673"
"198.7220","2.8357","43.3299"
"198.7420","2.8357","43.3623"
"198.7620","2.8357","43.3171"
"198.7820","2.8357","43.3101"
"198.8020","2.8357","43.3752"
"198.8220","2.8357","43.3460"
"198.8420","2.8357","43.2643"
"198.8620","2.8357","43.2675"
"198.8820","2.8357","43.3134"
"198.9020","2.8357","43.3295"
"198.9220","2.8357","43.4041"
"198.9420","2.8357","43.4399"
"198.9620","2.8357","43.3265"
"198.9820","2.8357","43.3344"
"199.0020","2.8357","43.3863"
"199.0220","2.8357","43.3780"
"199.0420","2.8357","43.3878"
"199.0620","2.8357","43.3944"
"199.0820","2.8357","43.4125"
"199.1020","2.8357","43.3661"
"199.1220","2.8357","43.4628"
"199.1420","2.8357","43.4216"
"199.1620","2.8357","43.4022"
"199.1820","2.8357","43.4016"
"199.2020","2.8357","43.3747"
"199.2220","2.8357","43.4221"
"199.2420","2.8357","43.3404"
"199.2620","2.8357","43.3698"
"199.2820","2.8357","43.4083"
"199.3020","2.8357","43.4198"
"199.3220","2.8357","43.4138"
"199.3420","2.8357","43.4495"
"199.3620","2.8357","43.4255"
"199.3820","2.8357","43.3525"
"199.4020","2.8357","43.2219"
"199.4220","2.8357","43.2528"
"199.4420","2.8357","43.3511"
"199.4620","2.8357","43.3996"
"199.4820","2.8357","43.4215"
"199.5020","2.8357","43.3860"
"199.5220","2.8357","43.3712"
"199.5420","2.8357","43.3609"
"199.5620","2.8357","43.3838"
"199.5820","2.8357","43.3665"
"199.6020","2.8357","43.3161"
"199.6220","2.8357","43.2982"
"199.6420","2.8357","43.3227"
"199.6620","2.8357","43.3396"
"199.6820","2.8357","43.3917"
"199.7020","2.8357","43.4744"
"199.7220","2.8357","43.4539"
"199.7420","2.8357","43.3280"
"199.7620","2.8357","43.2451"
"199.7820","2.8357","43.2402"
"199.8020","2.8357","43.3908"
"199.8220","2.8357","43.4164"
"199.8420","2.8357","43.3429"
"199.8620","2.8357","43.4045"
"199.8820","2.8357","43.4785"
"199.9020","2.8357","43.4250"
"199.9220","2.8357","43.3775"
"199.9420","2.8357","43.3159"
"199.9620","2.8357","43.3327"
"199.9820","2.8357","43.3507"
"200.0020","2.8357","43.3681"
"200.0220","2.8357","43.3450"
"200.0420","2.8357","43.4016"
"200.0620","2.8357","43.3675"
"200.0820","2.8357","43.2866"
"200.1020","2.8357","43.3896"
"200.1220","2.8357","43.3766"
"200.1420","2.8357","43.3659"
"200.1620","2.8357","43.3847"
"200.1820","2.8357","43.4263"
"200.2020","2.8357","43.4286"
"200.2220","2.8357","43.3566"
"200.2420","2.8357","43.3566"
"200.2620","2.8357","43.3384"
"200.2820","2.8357","43.2906"
"200.3020","2.8357","43.3073"
"200.3220","2.8357","43.2916"
"200.3420","2.8357","43.2545"
"200.3620","2.8357","43.3132"
"200.3820","2.8357","43.3232"
"200.4020","2.8357","43.3533"
"200.4220","2.8357","43.3307"
"200.4420","2.8357","43.2813"
"200.4620","2.8357","43.3209"
"200.4820","2.8357","43.3516"
"200.5020","2.8357","43.2994"
"200.5220","2.8357","43.2669"
"200.5420","2.8357","43.4084"
"200.5620","2.8357","43.4062"
"200.5820","2.8357","43.3248"
"200.6020","2.8357","43.2413"
"200.6220","2.8357","43.2605"
"200.6420","2.8357","43.3215"
"200.6620","2.8357","43.3801"
"200.6820","2.8357","43.3163"
"200.7020","2.8357","43.3143"
"200.7220","2.8357","43.4055"
"200.7420","2.8357","43.3955"
"200.7620","2.8357","43.2789"
"200.7820","2.8357","43.3246"
"200.8020","2.8357","43.3132"
"200.8220","2.8357","43.2837"
"200.8420","2.8357","43.2109"
"200.8620","2.8357","43.2493"
"200.8820","2.8357","43.3229"
"200.9020","2.8357","43.4900"
"200.9220","2.8357","43.4896"
"200.9420","2.8357","43.3479"
"200.9620","2.8357","43.3677"
"200.9820","2.8357","43.3807"
"201.0020","2.8357","43.3701"
"201.0220","2.8357","43.2978"
"201.0420","2.8357","43.2077"
"201.0620","2.8357","43.2929"
"201.0820","2.8357","43.3481"
"201.1020","2.8357","43.3676"
"201.1220","2.8357","43.3271"
"201.1420","2.8357","43.3212"
"201.1620","2.8357","43.3217"
"201.1820","2.8357","43.3255"
"201.2020","2.8357","43.2841"
"201.2220","2.8357","43.2874"
"201.2420","2.8357","43.3032"
"201.2620","2.8357","43.3430"
"201.2820","2.8357","43.2973"
"201.3020","2.8357","43.3357"
"201.3220","2.8357","43.4514"
"201.3420","2.8357","43.4010"
"201.3620","2.8357","43.4338"
"201.3820","2.8357","43.4213"
"201.4020","2.8357","43.3507"
"201.4220","2.8357","43.3019"
"201.4420","2.8357","43.3251"
"201.4620","2.8357","43.3752"
"201.4820","2.8357","43.3677"
"201.5020","2.8357","43.3552"
"201.5220","2.8357","43.3142"
"201.5420","2.8357","43.2929"
"201.5620","2.8357","43.3546"
"201.5820","2.8357","43.3428"
"201.6020","2.8357","43.3802"
"201.6220","2.8357","43.2994"
"201.6420","2.8357","43.3366"
"201.6620","2.8357","43.3339"
"201.6820","2.8357","43.4322"
"201.7020","2.8357","43.2926"
"201.7220","2.8357","43.3261"
"201.7420","2.8357","43.3721"
"201.7620","2.8357","43.2734"
"201.7820","2.8357","43.2397"
"201.8020","2.8357","43.2660"
"201.8220","2.8357","43.2918"
"201.8420","2.8357","43.4047"
"201.8620","2.8357","43.3919"
"201.8820","2.8357","43.4202"
"201.9020","2.8357","43.4120"
"201.9220","2.8357","43.3087"
"201.9420","2.8357","43.2654"
"201.9620","2.8357","43.3095"
"201.9820","2.8357","43.3296"
"202.0020","2.8357","43.3047"
"202.0220","2.8357","43.3859"
"202.0420","2.8357","43.3870"
"202.0620","2.8357","43.3317"
"202.0820","2.8357","43.3247"
"202.1020","2.8357","43.3993"
"202.1220","2.8357","43.3035"
"202.1420","2.8357","43.2198"
"202.1620","2.8357","43.3469"
"202.1820","2.8357","43.4752"
"202.2020","2.8357","43.4703"
"202.2220","2.8357","43.3942"
"202.2420","2.8357","43.3566"
"202.2620","2.8357","43.3369"
"202.2820","2.8357","43.3418"
"202.3020","2.8357","43.4224"
"202.3220","2.8357","43.4615"
"202.3420","2.8357","43.4154"
"202.3620","2.8357","43.3831"
"202.3820","2.8357","43.3469"
"202.4020","2.8357","43.3551"
"202.4220","2.8357","43.3966"
"202.4420","2.8357","43.4223"
"202.4620","2.8357","43.4174"
"202.4820","2.8357","43.3419"
"202.5020","2.8357","43.3484"
"202.5220","2.8357","43.3845"
"202.5420","2.8357","43.3899"
"202.5620","2.8357","43.4208"
"202.5820","2.8357","43.3576"
"202.6020","2.8357","43.2702"
"202.6220","2.8357","43.2253"
"202.6420","2.8357","43.1751"
"202.6620","2.8357","43.3060"
"202.6820","2.8357","43.2940"
"202.7020","2.8357","43.3237"
"202.7220","2.8357","43.3903"
"202.7420","2.8357","43.2871"
"202.7620","2.8357","43.3086"
"202.7820","2.8357","43.2824"
"202.8020","2.8357","43.3120"
"202.8220","2.8357","43.3750"
"202.8420","2.8357","43.4424"
"202.8620","2.8357","43.3526"
"202.8820","2.8357","43.3236"
"202.9020","2.8357","43.3681"
"202.9220","2.8357","43.3562"
"202.9420","2.8357","43.4188"
"202.9620","2.8357","43.3392"
"202.9820","2.8357","43.3220"
"203.0020","2.8357","43.3791"
"203.0220","2.8357","43.4089"
"203.0420","2.8357","43.3044"
"203.0620","2.8357","43.2240"
"203.0820","2.8357","43.2319"
"203.1020","2.8357","43.2210"
"203.1220","2.8357","43.2499"
"203.1420","2.8357","43.3296"
"203.1620","2.8357","43.3947"
"203.1820","2.8357","43.3396"
"203.2020","2.8357","43.3343"
"203.2220","2.8357","43.2551"
"203.2420","2.8357","43.2304"
"203.2620","2.8357","43.3102"
"203.2820","2.8357","43.2614"
"203.3020","2.8357","43.2652"
"203.3220","2.8357","43.3745"
"203.3420","2.8357","43.3976"
"203.3620","2.8357","43.3856"
"203.3820","2.8357","43.4131"
"203.4020","2.8357","43.3754"
"203.4220","2.8357","43.2948"
"203.4420","2.8357","43.3026"
"203.4620","2.8357","43.2602"
"203.4820","2.8357","43.2590"
"203.5020","2.8357","43.2705"
"203.5220","2.8357","43.2897"
"203.5420","2.8357","43.3399"
"203.5620","2.8357","43.2871"
"203.5820","2.8357","43.3285"
"203.6020","2.8357","43.3284"
"203.6220","2.8357","43.3366"
"203.6420","2.8357","43.3253"
"203.6620","2.8357","43.2531"
"203.6820","2.8357","43.3013"
"203.7020","2.8357","43.3209"
"203.7220","2.8357","43.3718"
"203.7420","2.8357","43.3687"
"203.7620","2.8357","43.3860"
"203.7820","2.8357","43.3175"
"203.8020","2.8357","43.2437"
"203.8220","2.8357","43.2139"
"203.8420","2.8357","43.2737"
"203.8620","2.8357","43.3301"
"203.8820","2.8357","43.3455"
"203.9020","2.8357","43.2916"
"203.9220","2.8357","43.3014"
"203.9420","2.8357","43.2968"
"203.9620","2.8357","43.3270"
"203.9820","2.8357","43.3443"
"204.0020","2.8357","43.3119"
"204.0220","2.8357","43.2953"
"204.0420","2.8357","43.3031"
"204.0620","2.8357","43.3411"
"204.0820","2.8357","43.3681"
"204.1020","2.8357","43.4154"
"204.1220","2.8357","43.4130"
"204.1420","2.8357","43.3671"
"204.1620","2.8357","43.3866"
"204.1820","2.8357","43.4163"
"204.2020","2.8357","43.3508"
"204.2220","2.8357","43.3334"
"204.2420","2.8357","43.3146"
"204.2620","2.8357","43.3762"
"204.2820","2.8357","43.4102"
"204.3020","2.8357","43.3149"
"204.3220","2.8357","43.2486"
"204.3420","2.8357","43.3083"
"204.3620","2.8357","43.3219"
"204.3820","2.8357","43.2830"
"204.4020","2.8357","43.2431"
"204.4220","2.8357","43.2156"
"204.4420","2.8357","43.2562"
"204.4620","2.8357","43.2912"
"204.4820","2.8357","43.3380"
"204.5020","2.8357","43.3346"
"204.5220","2.8357","43.3124"
"204.5420","2.8357","43.2533"
"204.5620","2.8357","43.2680"
"204.5820","2.8357","43.2972"
"204.6020","2.8357","43.2574"
"204.6220","2.8357","43.3497"
"204.6420","2.8357","43.3839"
"204.6620","2.8357","43.3551"
"204.6820","2.8357","43.2729"
"204.7020","2.8357","43.2248"
"204.7220","2.8357","43.2904"
"204.7420","2.8357","43.2709"
"204.7620","2.8357","43.2920"
"204.7820","2.8357","43.3376"
"204.8020","2.8357","43.3465"
"204.8220","2.8357","43.3349"
"204.8420","2.8357","43.3562"
"204.8620","2.8357","43.3607"
"204.8820","2.8357","43.3566"
"204.9020","2.8357","43.2823"
"204.9220","2.8357","43.2312"
"204.9420","2.8357","43.2234"
"204.9620","2.8357","43.2674"
"204.9820","2.8357","43.3084"
"205.0020","2.8357","43.3652"
"205.0220","2.8357","43.4100"
"205.0420","2.8357","43.3595"
"205.0620","2.8357","43.3395"
"205.0820","2.8357","43.4290"
"205.1020","2.8357","43.4198"
"205.1220","2.8357","43.3659"
"205.1420","2.8357","43.3305"
"205.1620","2.8357","43.2369"
"205.1820","2.8357","43.3243"
"205.2020","2.8357","43.3682"
"205.2220","2.8357","43.3716"
"205.2420","2.8357","43.2366"
"205.2620","2.8357","43.1965"
"205.2820","2.8357","43.2209"
"205.3020","2.8357","43.1599"
"205.3220","2.8357","43.2054"
"205.3420","2.8357","43.2175"
"205.3620","2.8357","43.2253"
"205.3820","2.8357","43.2131"
"205.4020","2.8357","43.2513"
"205.4220","2.8357","43.3044"
"205.4420","2.8357","43.2927"
"205.4620","2.8357","43.3782"
"205.4820","2.8357","43.3633"
"205.5020","2.8357","43.3205"
"205.5220","2.8357","43.2779"
"205.5420","2.8357","43.3153"
"205.5620","2.8357","43.3226"
"205.5820","2.8357","43.2923"
"205.6020","2.8357","43.2677"
"205.6220","2.8357","43.2363"
"205.6420","2.8357","43.2949"
"205.6620","2.8357","43.3059"
"205.6820","2.8357","43.3462"
"205.7020","2.8357","43.4226"
"205.7220","2.8357","43.3624"
"205.7420","2.8357","43.2791"
"205.7620","2.8357","43.2490"
"205.7820","2.8357","43.2687"
"205.8020","2.8357","43.2932"
"205.8220","2.8357","43.2901"
"205.8420","2.8357","43.2569"
"205.8620","2.8357","43.2970"
"205.8820","2.8357","43.3309"
"205.9020","2.8357","43.2539"
"205.9220","2.8357","43.2801"
"205.9420","2.8357","43.3766"
"205.9620","2.8357","43.3963"
"205.9820","2.8357","43.3743"
"206.0020","2.8357","43.3025"
"206.0220","2.8357","43.2670"
"206.0420","2.8357","43.2684"
"206.0620","2.8357","43.2866"
"206.0820","2.8357","43.2409"
"206.1020","2.8357","43.2495"
"206.1220","2.8357","43.2952"
"206.1420","2.8357","43.3327"
"206.1620","2.8357","43.3232"
"206.1820","2.8357","43.2846"
"206.2020","2.8357","43.2302"
"206.2220","2.8357","43.3067"
"206.2420","2.8357","43.2978"
"206.2620","2.8357","43.3484"
"206.2820","2.8357","43.3243"
"206.3020","2.8357","43.2485"
"206.3220","2.8357","43.2138"
"206.3420","2.8357","43.2485"
"206.3620","2.8357","43.2321"
"206.3820","2.8357","43.2547"
"206.4020","2.8357","43.2634"
"206.4220","2.8357","43.3304"
"206.4420","2.8357","43.3420"
"206.4620","2.8357","43.2931"
"206.4820","2.8357","43.2793"
"206.5020","2.8357","43.3598"
"206.5220","2.8357","43.3805"
"206.5420","2.8357","43.3384"
"206.5620","2.8357","43.3491"
"206.5820","2.8357","43.3343"
"206.6020","2.8357","43.2423"
"206.6220","2.8357","43.3000"
"206.6420","2.8357","43.3111"
"206.6620","2.8357","43.3460"
"206.6820","2.8357","43.3625"
"206.7020","2.8357","43.3588"
"206.7220","2.8357","43.3485"
"206.7420","2.8357","43.2810"
"206.7620","2.8357","43.3122"
"206.7820","2.8357","43.3049"
"206.8020","2.8357","43.3018"
"206.8220","2.8357","43.2181"
"206.8420","2.8357","43.1983"
"206.8620","2.8357","43.1340"
"206.8820","2.8357","43.1714"
"206.9020","2.8357","43.2651"
"206.9220","2.8357","43.3716"
"206.9420","2.8357","43.3209"
"206.9620","2.8357","43.2775"
"206.9820","2.8357","43.2671"
"207.0020","2.8357","43.1798"
"207.0220","2.8357","43.2275"
"207.0420","2.8357","43.2788"
"207.0620","2.8357","43.3006"
"207.0820","2.8357","43.2489"
"207.1020","2.8357","43.2491"
"207.1220","2.8357","43.2533"
"207.1420","2.8357","43.3116"
"207.1620","2.8357","43.3381"
"207.1820","2.8357","43.2861"
"207.2020","2.8357","43.2655"
"207.2220","2.8357","43.3257"
"207.2420","2.8357","43.3032"
"207.2620","2.8357","43.2683"
"207.2820","2.8357","43.2300"
"207.3020","2.8357","43.1376"
"207.3220","2.8357","43.1303"
"207.3420","2.8357","43.2078"
"207.3620","2.8357","43.3485"
"207.3820","2.8357","43.3064"
"207.4020","2.8357","43.2811"
"207.4220","2.8357","43.2113"
"207.4420","2.8357","43.1029"
"207.4620","2.8357","43.1554"
"207.4820","2.8357","43.2353"
"207.5020","2.8357","43.2428"
"207.5220","2.8357","43.2151"
"207.5420","2.8357","43.2488"
"207.5620","2.8357","43.2183"
"207.5820","2.8357","43.2732"
"207.6020","2.8357","43.2582"
"207.6220","2.8357","43.1914"
"207.6420","2.8357","43.2102"
"207.6620","2.8357","43.2474"
"207.6820","2.8357","43.2478"
"207.7020","2.8357","43.2876"
"207.7220","2.8357","43.3142"
"207.7420","2.8357","43.2863"
"207.7620","2.8357","43.2576"
"207.7820","2.8357","43.2801"
"207.8020","2.8357","43.2577"
"207.8220","2.8357","43.2205"
"207.8420","2.8357","43.3328"
"207.8620","2.8357","43.3032"
"207.8820","2.8357","43.2860"
"207.9020","2.8357","43.2289"
"207.9220","2.8357","43.2370"
"207.9420","2.8357","43.2096"
"207.9620","2.8357","43.1596"
"207.9820","2.8357","43.2837"
"208.0020","2.8357","43.2960"
"208.0220","2.8357","43.2922"
"208.0420","2.8357","43.2324"
"208.0620","2.8357","43.2248"
"208.0820","2.8357","43.1714"
"208.1020","2.8357","43.3095"
"208.1220","2.8357","43.2363"
"208.1420","2.8357","43.1850"
"208.1620","2.8357","43.2058"
"208.1820","2.8357","43.2880"
"208.2020","2.8357","43.3111"
"208.2220","2.8357","43.3708"
"208.2420","2.8357","43.2788"
"208.2620","2.8357","43.1847"
"208.2820","2.8357","43.2299"
"208.3020","2.8357","43.3271"
"208.3220","2.8357","43.3513"
"208.3420","2.8357","43.2215"
"208.3620","2.8357","43.1767"
"208.3820","2.8357","43.2544"
"208.4020","2.8357","43.2225"
"208.4220","2.8357","43.2402"
"208.4420","2.8357","43.3714"
"208.4620","2.8357","43.3220"
"208.4820","2.8357","43.2459"
"208.5020","2.8357","43.2855"
"208.5220","2.8357","43.2661"
"208.5420","2.8357","43.2942"
"208.5620","2.8357","43.2873"
"208.5820","2.8357","43.2912"
"208.6020","2.8357","43.2328"
"208.6220","2.8357","43.1746"
"208.6420","2.8357","43.1690"
"208.6620","2.8357","43.1977"
"208.6820","2.8357","43.2882"
"208.7020","2.8357","43.3345"
"208.7220","2.8357","43.3339"
"208.7420","2.8357","43.2960"
"208.7620","2.8357","43.2452"
"208.7820","2.8357","43.2284"
"208.8020","2.8357","43.2018"
"208.8220","2.8357","43.2855"
"208.8420","2.8357","43.2691"
"208.8620","2.8357","43.2034"
"208.8820","2.8357","43.2180"
"208.9020","2.8357","43.2886"
"208.9220","2.8357","43.2445"
"208.9420","2.8357","43.2774"
"208.9620","2.8357","43.2423"
"208.9820","2.8357","43.2867"
"209.0020","2.8357","43.2937"
"209.0220","2.8357","43.2261"
"209.0420","2.8357","43.1613"
"209.0620","2.8357","43.1519"
"209.0820","2.8357","43.0886"
"209.1020","2.8357","43.1455"
"209.1220","2.8357","43.2936"
"209.1420","2.8357","43.3620"
"209.1620","2.8357","43.3601"
"209.1820","2.8357","43.2732"
"209.2020","2.8357","43.2222"
"209.2220","2.8357","43.1888"
"209.2420","2.8357","43.1806"
"209.2620","2.8357","43.2031"
"209.2820","2.8357","43.2705"
"209.3020","2.8357","43.2245"
"209.3220","2.8357","43.1631"
"209.3420","2.8357","43.2806"
"209.3620","2.8357","43.2295"
"209.3820","2.8357","43.1759"
"209.4020","2.8357","43.2836"
"209.4220","2.8357","43.3122"
"209.4420","2.8357","43.2225"
"209.4620","2.8357","43.2121"
"209.4820","2.8357","43.2868"
"209.5020","2.8357","43.3487"
"209.5220","2.8357","43.3476"
"209.5420","2.8357","43.3440"
"209.5620","2.8357","43.3233"
"209.5820","2.8357","43.2935"
"209.6020","2.8357","43.2697"
"209.6220","2.8357","43.2377"
"209.6420","2.8357","43.1818"
"209.6620","2.8357","43.2100"
"209.6820","2.8357","43.2359"
"209.7020","2.8357","43.2794"
"209.7220","2.8357","43.2569"
"209.7420","2.8357","43.2514"
"209.7620","2.8357","43.3016"
"209.7820","2.8357","43.2268"
"209.8020","2.8357","43.2501"
"209.8220","2.8357","43.1714"
"209.8420","2.8357","43.2743"
"209.8620","2.8357","43.2850"
"209.8820","2.8357","43.2250"
"209.9020","2.8357","43.1951"
"209.9220","2.8357","43.2534"
"209.9420","2.8357","43.2363"
"209.9620","2.8357","43.2071"
"209.9820","2.8357","43.2141"
"210.0020","2.8357","43.2723"
"210.0220","2.8357","43.2281"
"210.0420","2.8357","43.2460"
"210.0620","2.8357","43.1908"
"210.0820","2.8357","43.2557"
"210.1020","2.8357","43.2904"
"210.1220","2.8357","43.2349"
"210.1420","2.8357","43.1808"
"210.1620","2.8357","43.2347"
"210.1820","2.8357","43.2017"
"210.2020","2.8357","43.1559"
"210.2220","2.8357","43.2248"
"210.2420","2.8357","43.2730"
"210.2620","2.8357","43.2924"
"210.2820","2.8357","43.2753"
"210.3020","2.8357","43.1814"
"210.3220","2.8357","43.1756"
"210.3420","2.8357","43.1750"
"210.3620","2.8357","43.2436"
"210.3820","2.8357","43.1939"
"210.4020","2.8357","43.2260"
"210.4220","2.8357","43.2252"
"210.4420","2.8357","43.1850"
"210.4620","2.8357","43.1441"
"210.4820","2.8357","43.2782"
"210.5020","2.8357","43.3051"
"210.5220","2.8357","43.2502"
"210.5420","2.8357","43.1436"
"210.5620","2.8357","43.1125"
"210.5820","2.8357","43.2231"
"210.6020","2.8357","43.2203"
"210.6220","2.8357","43.1427"
"210.6420","2.8357","43.1553"
"210.6620","2.8357","43.1857"
"210.6820","2.8357","43.2023"
"210.7020","2.8357","43.2500"
"210.7220","2.8357","43.1945"
"210.7420","2.8357","43.1992"
"210.7620","2.8357","43.2312"
"210.7820","2.8357","43.2602"
"210.8020","2.8357","43.1893"
"210.8220","2.8357","43.1801"
"210.8420","2.8357","43.1518"
"210.8620","2.8357","43.2287"
"210.8820","2.8357","43.2345"
"210.9020","2.8357","43.2382"
"210.9220","2.8357","43.2675"
"210.9420","2.8357","43.2460"
"210.9620","2.8357","43.2872"
"210.9820","2.8357","43.3040"
"211.0020","2.8357","43.3619"
"211.0220","2.8357","43.3917"
"211.0420","2.8357","43.3636"
"211.0620","2.8357","43.2858"
"211.0820","2.8357","43.2062"
"211.1020","2.8357","43.1725"
"211.1220","2.8357","43.2058"
"211.1420","2.8357","43.2058"
"211.1620","2.8357","43.2343"
"211.1820","2.8357","43.2378"
"211.2020","2.8357","43.2151"
"211.2220","2.8357","43.1945"
"211.2260","2.8357","43.1962"
"211.2270","2.8357","43.1970"
"211.2470","2.8357","43.2056"
"211.2670","2.8357","43.2418"
"211.2870","2.8357","43.2852"
"211.3070","2.8357","43.1998"
"211.3270","2.8357","43.1186"
"211.3470","2.8358","43.1734"
"211.3670","2.8359","43.2079"
"211.3870","2.8361","43.2390"
"211.4070","2.8362","43.2386"
"211.4270","2.8361","43.1613"
"211.4470","2.8361","43.1501"
"211.4670","2.8361","43.1936"
"211.4870","2.8363","43.2100"
"211.5070","2.8365","43.2436"
"211.5270","2.8369","43.2296"
"211.5470","2.8374","43.2329"
"211.5670","2.8380","43.2110"
"211.5870","2.8386","43.2971"
"211.6070","2.8391","43.3935"
"211.6270","2.8395","43.3435"
"211.6470","2.8398","43.3922"
"211.6670","2.8402","43.3817"
"211.6870","2.8405","43.4303"
"211.7070","2.8410","43.3298"
"211.7270","2.8414","43.2649"
"211.7470","2.8418","43.3924"
"211.7670","2.8422","43.4332"
"211.7870","2.8425","43.4211"
"211.8070","2.8429","43.4040"
"211.8270","2.8433","43.3983"
"211.8470","2.8437","43.3443"
"211.8670","2.8442","43.3947"
"211.8870","2.8447","43.4017"
"211.9070","2.8452","43.4638"
"211.9270","2.8455","43.4756"
"211.9470","2.8457","43.4811"
"211.9670","2.8459","43.5148"
"211.9870","2.8462","43.5172"
"212.0070","2.8465","43.4674"
"212.0270","2.8469","43.5163"
"212.0470","2.8472","43.5604"
"212.0670","2.8476","43.4987"
"212.0870","2.8479","43.4649"
"212.1070","2.8482","43.4959"
"212.1270","2.8485","43.4922"
"212.1470","2.8488","43.5773"
"212.1670","2.8492","43.5999"
"212.1870","2.8496","43.5534"
"212.2070","2.8500","43.5697"
"212.2270","2.8503","43.5408"
"212.2470","2.8506","43.5448"
"212.2670","2.8508","43.6101"
"212.2870","2.8511","43.6162"
"212.3070","2.8513","43.6526"
"212.3270","2.8516","43.6596"
"212.3470","2.8519","43.7206"
"212.3670","2.8523","43.6805"
"212.3870","2.8527","43.7070"
"212.4070","2.8531","43.6474"
"212.4270","2.8534","43.6523"
"212.4470","2.8537","43.7883"
"212.4670","2.8540","43.8272"
"212.4870","2.8543","43.7893"
"212.5070","2.8546","43.7450"
"212.5270","2.8550","43.7368"
"212.5470","2.8554","43.7411"
"212.5670","2.8559","43.7082"
"212.5870","2.8563","43.7886"
"212.6070","2.8566","43.7768"
"212.6270","2.8569","43.7712"
"212.6470","2.8571","43.7741"
"212.6670","2.8574","43.7830"
"212.6870","2.8577","43.7738"
"212.7070","2.8580","43.8207"
"212.7270","2.8583","43.8690"
"212.7470","2.8587","43.8711"
"212.7670","2.8590","43.9291"
"212.7870","2.8594","43.8946"
"212.8070","2.8597","43.8404"
"212.8270","2.8600","43.8085"
"212.8470","2.8604","43.7811"
"212.8670","2.8608","43.7948"
"212.8870","2.8612","43.8760"
"212.9070","2.8616","43.8940"
"212.9270","2.8619","43.8781"
"212.9470","2.8622","44.0222"
"212.9670","2.8625","44.0803"
"212.9870","2.8627","43.9988"
"213.0070","2.8630","43.9840"
"213.0270","2.8633","44.0138"
"213.0470","2.8637","43.9365"
"213.0670","2.8640","43.9229"
"213.0870","2.8644","43.9345"
"213.1070","2.8648","44.0068"
"213.1270","2.8651","43.9585"
"213.1470","2.8654","44.0239"
"213.1670","2.8656","44.0895"
"213.1870","2.8659","44.0743"
"213.2070","2.8663","44.0831"
"213.2270","2.8667","44.1200"
"213.2470","2.8672","44.0945"
"213.2670","2.8676","44.0911"
"213.2870","2.8680","44.0549"
"213.3070","2.8682","44.0121"
"213.3270","2.8685","44.1290"
"213.3470","2.8687","44.1803"
"213.3670","2.8690","44.1632"
"213.3870","2.8693","44.1576"
"213.4070","2.8697","44.1119"
"213.4270","2.8700","44.0853"
"213.4470","2.8704","44.1285"
"213.4670","2.8707","44.0798"
"213.4870","2.8711","44.0885"
"213.5070","2.8714","44.1097"
"213.5270","2.8717","44.1435"
"213.5470","2.8721","44.1877"
"213.5670","2.8725","44.2014"
"213.5870","2.8729","44.1941"
"213.6070","2.8732","44.1363"
"213.6270","2.8735","44.2178"
"213.6470","2.8738","44.2273"
"213.6670","2.8741","44.1836"
"213.6870","2.8743","44.1459"
"213.7070","2.8746","44.0927"
"213.7270","2.8750","44.1694"
"213.7470","2.8753","44.2404"
"213.7670","2.8757","44.2482"
"213.7870","2.8761","44.2295"
"213.8070","2.8764","44.1708"
"213.8270","2.8767","44.1234"
"213.8470","2.8770","44.0568"
"213.8670","2.8773","44.0783"
"213.8870","2.8776","44.1837"
"213.9070","2.8780","44.2881"
"213.9270","2.8784","44.2320"
"213.9470","2.8789","44.1846"
"213.9670","2.8793","44.2501"
"213.9870","2.8796","44.2869"
"214.0070","2.8798","44.3194"
"214.0270","2.8801","44.2690"
"214.0470","2.8803","44.2619"
"214.0670","2.8806","44.2383"
"214.0870","2.8810","44.1981"
"214.1070","2.8813","44.2317"
"214.1270","2.8817","44.3074"
"214.1470","2.8821","44.3828"
"214.1670","2.8824","44.3447"
"214.1870","2.8827","44.2655"
"214.2070","2.8831","44.3043"
"214.2270","2.8834","44.3398"
"214.2470","2.8838","44.3596"
"214.2670","2.8842","44.3606"
"214.2870","2.8846","44.3721"
"214.3070","2.8849","44.3364"
"214.3270","2.8852","44.3347"
"214.3470","2.8854","44.3095"
"214.3670","2.8857","44.3175"
"214.3870","2.8860","44.3536"
"214.4070","2.8863","44.3620"
"214.4270","2.8866","44.3390"
"214.4470","2.8870","44.3491"
"214.4670","2.8874","44.3509"
"214.4870","2.8877","44.2999"
"214.5070","2.8880","44.4105"
"214.5270","2.8883","44.4610"
"214.5470","2.8886","44.4571"
"214.5670","2.8889","44.4410"
"214.5870","2.8893","44.4984"
"214.6070","2.8897","44.4855"
"214.6270","2.8901","44.5221"
"214.6470","2.8906","44.5313"
"214.6670","2.8909","44.5264"
"214.6870","2.8912","44.5106"
"214.7070","2.8915","44.4716"
"214.7270","2.8917","44.5283"
"214.7470","2.8920","44.4821"
"214.7670","2.8923","44.5111"
"214.7870","2.8927","44.4702"
"214.8070","2.8931","44.4663"
"214.8270","2.8934","44.5044"
"214.8470","2.8937","44.6054"
"214.8670","2.8941","44.5519"
"214.8870","2.8944","44.5122"
"214.9070","2.8947","44.5255"
"214.9270","2.8951","44.4470"
"214.9470","2.8955","44.4452"
"214.9670","2.8959","44.6142"
"214.9870","2.8962","44.6750"
"215.0070","2.8965","44.6186"
"215.0270","2.8968","44.6082"
"215.0470","2.8970","44.5414"
"215.0670","2.8973","44.4633"
"215.0870","2.8976","44.4956"
"215.1070","2.8979","44.5861"
"215.1270","2.8983","44.6164"
"215.1470","2.8987","44.6129"
"215.1670","2.8990","44.6522"
"215.1870","2.8994","44.6579"
"215.2070","2.8997","44.5769"
"215.2270","2.9000","44.5038"
"215.2470","2.9003","44.5977"
"215.2670","2.9006","44.6308"
"215.2870","2.9010","44.6205"
"215.3070","2.9015","44.6577"
"215.3270","2.9019","44.6781"
"215.3470","2.9023","44.6451"
"215.3670","2.9026","44.6396"
"215.3870","2.9028","44.6499"
"215.4070","2.9031","44.6694"
"215.4270","2.9033","44.5867"
"215.4470","2.9036","44.6001"
"215.4670","2.9040","44.6397"
"215.4870","2.9044","44.6645"
"215.5070","2.9047","44.6290"
"215.5270","2.9051","44.6730"
"215.5470","2.9054","44.6941"
"215.5670","2.9057","44.7029"
"215.5870","2.9061","44.6862"
"215.6070","2.9064","44.6916"
"215.6270","2.9068","44.7546"
"215.6470","2.9072","44.7564"
"215.6670","2.9076","44.7561"
"215.6870","2.9079","44.7676"
"215.7070","2.9082","44.7156"
"215.7270","2.9084","44.7107"
"215.7470","2.9087","44.6595"
"215.7670","2.9090","44.6860"
"215.7870","2.9093","44.7193"
"215.8070","2.9097","44.6685"
"215.8270","2.9100","44.6803"
"215.8470","2.9104","44.7674"
"215.8670","2.9108","44.8307"
"215.8870","2.9111","44.8104"
"215.9070","2.9114","44.7504"
"215.9270","2.9116","44.6876"
"215.9470","2.9120","44.7048"
"215.9670","2.9124","44.7701"
"215.9870","2.9128","44.7795"
"216.0070","2.9133","44.8902"
"216.0270","2.9136","44.9139"
"216.0470","2.9140","44.8464"
"216.0670","2.9142","44.7699"
"216.0870","2.9144","44.7101"
"216.1070","2.9147","44.7477"
"216.1270","2.9150","44.7861"
"216.1470","2.9153","44.7920"
"216.1670","2.9157","44.7544"
"216.1870","2.9161","44.8179"
"216.2070","2.9164","44.8747"
"216.2270","2.9168","44.8885"
"216.2470","2.9171","44.9484"
"216.2670","2.9174","44.9590"
"216.2870","2.9178","44.9263"
"216.3070","2.9181","44.8822"
"216.3270","2.9185","44.9008"
"216.3470","2.9189","44.9541"
"216.3670","2.9192","44.8767"
"216.3870","2.9195","44.8812"
"216.4070","2.9198","44.9288"
"216.4270","2.9201","44.9985"
"216.4470","2.9203","44.9520"
"216.4670","2.9206","44.9242"
"216.4870","2.9210","44.8643"
"216.5070","2.9213","44.8722"
"216.5270","2.9217","44.9427"
"216.5470","2.9221","44.9156"
"216.5670","2.9224","44.9496"
"216.5870","2.9226","45.0662"
"216.6070","2.9229","45.0779"
"216.6270","2.9232","45.0493"
"216.6470","2.9236","44.9678"
"216.6670","2.9240","44.9861"
"216.6870","2.9245","45.0309"
"216.7070","2.9249","45.0490"
"216.7270","2.9253","45.0077"
"216.7470","2.9256","44.9766"
"216.7670","2.9258","44.9403"
"216.7870","2.9260","44.8518"
"216.8070","2.9263","44.9503"
"216.8270","2.9266","45.0277"
"216.8470","2.9270","45.1131"
"216.8670","2.9274","45.0639"
"216.8870","2.9278","45.0022"
"216.9070","2.9281","45.0225"
"216.9270","2.9285","45.0399"
"216.9470","2.9288","45.0325"
"216.9670","2.9291","45.0088"
"216.9870","2.9294","44.9276"
"217.0070","2.9298","44.9490"
"217.0270","2.9302","44.9393"
"217.0470","2.9306","45.0540"
"217.0670","2.9309","45.0921"
"217.0870","2.9312","45.0842"
"217.1070","2.9314","45.0954"
"217.1270","2.9317","45.0518"
"217.1470","2.9319","45.0292"
"217.1670","2.9323","45.0108"
"217.1870","2.9326","45.0190"
"217.2070","2.9330","45.0568"
"217.2270","2.9334","45.1263"
"217.2470","2.9337","45.1285"
"217.2670","2.9340","45.0982"
"217.2870","2.9343","45.0009"
"217.3070","2.9346","45.0517"
"217.3270","2.9349","45.1186"
"217.3470","2.9353","45.1676"
"217.3670","2.9357","45.2236"
"217.3870","2.9362","45.1583"
"217.4070","2.9366","45.0948"
"217.4270","2.9370","45.1838"
"217.4470","2.9372","45.2508"
"217.4670","2.9375","45.1295"
"217.4870","2.9377","45.0914"
"217.5070","2.9380","45.1187"
"217.5270","2.9383","45.1309"
"217.5470","2.9387","45.0560"
"217.5670","2.9391","45.0764"
"217.5870","2.9394","45.1339"
"217.6070","2.9398","45.1346"
"217.6270","2.9401","45.1339"
"217.6470","2.9404","45.0989"
"217.6670","2.9407","45.0648"
"217.6870","2.9411","44.9784"
"217.7070","2.9415","45.0401"
"217.7270","2.9419","45.0828"
"217.7470","2.9422","45.1763"
"217.7670","2.9425","45.1412"
"217.7870","2.9428","45.1575"
"217.8070","2.9430","45.0559"
"217.8270","2.9433","45.0807"
"217.8470","2.9436","45.0973"
"217.8670","2.9440","45.1026"
"217.8870","2.9444","45.1673"
"217.9070","2.9447","45.1663"
"217.9270","2.9450","45.1446"
"217.9470","2.9454","45.1038"
"217.9670","2.9456","45.1431"
"217.9870","2.9459","45.1543"
"218.0070","2.9462","45.0918"
"218.0270","2.9466","45.1054"
"218.0470","2.9470","45.1412"
"218.0670","2.9475","45.2097"
"218.0870","2.9479","45.2378"
"218.1070","2.9483","45.1965"
"218.1270","2.9486","45.3079"
"218.1470","2.9488","45.2834"
"218.1670","2.9490","45.1877"
"218.1870","2.9493","45.1568"
"218.2070","2.9496","45.1731"
"218.2270","2.9500","45.1425"
"218.2470","2.9504","45.1883"
"218.2670","2.9507","45.2603"
"218.2870","2.9511","45.2959"
"218.3070","2.9514","45.2428"
"218.3270","2.9517","45.2093"
"218.3470","2.9520","45.1281"
"218.3670","2.9524","45.1472"
"218.3870","2.9528","45.1919"
"218.4070","2.9532","45.1958"
"218.4270","2.9536","45.2208"
"218.4470","2.9539","45.2197"
"218.4670","2.9542","45.2554"
"218.4870","2.9544","45.2446"
"218.5070","2.9547","45.3210"
"218.5270","2.9550","45.3296"
"218.5470","2.9553","45.2205"
"218.5670","2.9557","45.1861"
"218.5870","2.9561","45.1959"
"218.6070","2.9564","45.1965"
"218.6270","2.9567","45.1522"
"218.6470","2.9570","45.1603"
"218.6670","2.9573","45.1533"
"218.6870","2.9576","45.1727"
"218.7070","2.9579","45.1896"
"218.7270","2.9583","45.2501"
"218.7470","2.9588","45.2093"
"218.7670","2.9592","45.2014"
"218.7870","2.9596","45.2169"
"218.8070","2.9599","45.2012"
"218.8270","2.9602","45.1597"
"218.8470","2.9604","45.1419"
"218.8670","2.9607","45.1596"
"218.8870","2.9610","45.2226"
"218.9070","2.9613","45.2311"
"218.9270","2.9617","45.1963"
"218.9470","2.9621","45.2707"
"218.9670","2.9624","45.2320"
"218.9870","2.9627","45.1711"
"219.0070","2.9630","45.2250"
"219.0270","2.9634","45.2219"
"219.0470","2.9637","45.2564"
"219.0670","2.9641","45.2427"
"219.0870","2.9645","45.1640"
"219.1070","2.9649","45.2100"
"219.1270","2.9653","45.2687"
"219.1470","2.9655","45.2527"
"219.1670","2.9658","45.2163"
"219.1870","2.9660","45.1670"
"219.2070","2.9663","45.1826"
"219.2270","2.9666","45.1890"
"219.2470","2.9670","45.2436"
"219.2670","2.9674","45.2594"
"219.2870","2.9677","45.2938"
"219.3070","2.9681","45.2433"
"219.3270","2.9684","45.1942"
"219.3470","2.9686","45.3033"
"219.3670","2.9689","45.2727"
"219.3870","2.9693","45.2233"
"219.4070","2.9696","45.2330"
"219.4270","2.9700","45.2845"
"219.4470","2.9705","45.3027"
"219.4670","2.9709","45.3045"
"219.4870","2.9712","45.2287"
"219.5070","2.9715","45.2071"
"219.5270","2.9718","45.1207"
"219.5470","2.9720","45.1425"
"219.5670","2.9723","45.1539"
"219.5870","2.9727","45.2005"
"219.6070","2.9730","45.2818"
"219.6270","2.9734","45.2926"
"219.6470","2.9738","45.2517"
"219.6670","2.9741","45.2255"
"219.6870","2.9744","45.1659"
"219.7070","2.9747","45.1515"
"219.7270","2.9751","45.1616"
"219.7470","2.9754","45.2550"
"219.7670","2.9758","45.2925"
"219.7870","2.9762","45.2607"
"219.8070","2.9766","45.1239"
"219.8270","2.9769","45.1699"
"219.8470","2.9772","45.1955"
"219.8670","2.9774","45.1741"
"219.8870","2.9777","45.1301"
"219.9070","2.9780","45.0671"
"219.9270","2.9783","45.0581"
"219.9470","2.9787","45.0816"
"219.9670","2.9791","45.1644"
"219.9870","2.9794","45.1897"
"220.0070","2.9797","45.2172"
"220.0270","2.9800","45.2214"
"220.0470","2.9803","45.1861"
"220.0670","2.9806","45.0869"
"220.0870","2.9809","45.1325"
"220.1070","2.9813","45.2082"
"220.1270","2.9818","45.2374"
"220.1470","2.9822","45.3046"
"220.1670","2.9826","45.2316"
"220.1870","2.9829","45.1777"
"220.2070","2.9831","45.2117"
"220.2270","2.9834","45.2091"
"220.2470","2.9837","45.1331"
"220.2670","2.9840","45.1924"
"220.2870","2.9843","45.1709"
"220.3070","2.9847","45.1050"
"220.3270","2.9851","45.1591"
"220.3470","2.9854","45.2295"
"220.3670","2.9857","45.1728"
"220.3870","2.9860","45.1141"
"220.4070","2.9864","45.0659"
"220.4270","2.9867","45.0349"
"220.4470","2.9871","45.1488"
"220.4670","2.9875","45.1117"
"220.4870","2.9879","45.1215"
"220.5070","2.9883","45.1126"
"220.5270","2.9885","45.1401"
"220.5470","2.9888","45.1532"
"220.5670","2.9891","45.1130"
"220.5870","2.9894","45.1016"
"220.6070","2.9897","45.0582"
"220.6270","2.9900","45.0325"
"220.6470","2.9904","45.0427"
"220.6670","2.9908","45.0259"
"220.6870","2.9911","45.0250"
"220.7070","2.9914","45.1353"
"220.7270","2.9916","45.1632"
"220.7470","2.9919","45.1047"
"220.7670","2.9922","45.1600"
"220.7870","2.9926","45.1123"
"220.8070","2.9930","45.0582"
"220.8270","2.9935","45.0183"
"220.8470","2.9939","45.0591"
"220.8670","2.9942","45.0563"
"220.8870","2.9945","45.0417"
"220.9070","2.9947","45.0504"
"220.9270","2.9950","44.9826"
"220.9470","2.9953","45.0279"
"220.9670","2.9956","44.9601"
"220.9870","2.9960","44.9747"
"221.0070","2.9964","45.0320"
"221.0270","2.9968","44.9974"
"221.0470","2.9971","44.9724"
"221.0670","2.9974","44.9656"
"221.0870","2.9977","44.9962"
"221.1070","2.9981","45.0480"
"221.1270","2.9984","45.0275"
"221.1470","2.9988","45.0540"
"221.1670","2.9992","45.0123"
"221.1870","2.9996","44.9576"
"221.2070","2.9999","44.9295"
"221.2270","3.0002","44.9652"
"221.2470","3.0004","45.0015"
"221.2670","3.0007","45.0389"
"221.2870","3.0010","44.9869"
"221.3070","3.0014","44.8813"
"221.3270","3.0017","44.8579"
"221.3470","3.0021","44.8800"
"221.3670","3.0024","44.8206"
"221.3870","3.0027","44.8391"
"221.4070","3.0030","44.8764"
"221.4270","3.0033","44.8767"
"221.4470","3.0036","44.7961"
"221.4670","3.0039","44.7652"
"221.4870","3.0043","44.7493"
"221.5070","3.0048","44.8857"
"221.5270","3.0052","44.8954"
"221.5470","3.0056","44.8091"
"221.5670","3.0059","44.7493"
"221.5870","3.0061","44.7292"
"221.6070","3.0063","44.6768"
"221.6270","3.0066","44.8264"
"221.6470","3.0069","44.8320"
"221.6670","3.0073","44.8621"
"221.6870","3.0077","44.8164"
"221.7070","3.0081","44.7608"
"221.7270","3.0084","44.7412"
"221.7470","3.0087","44.8093"
"221.7670","3.0091","44.8514"
"221.7870","3.0094","44.7435"
"221.8070","3.0097","44.7150"
"221.8270","3.0101","44.7771"
"221.8470","3.0105","44.8321"
"221.8670","3.0109","44.8608"
"221.8870","3.0112","44.7786"
"221.9070","3.0115","44.7927"
"221.9270","3.0118","44.8125"
"221.9470","3.0120","44.8692"
"221.9670","3.0123","44.8702"
"221.9870","3.0126","44.8220"
"222.0070","3.0130","44.7826"
"222.0270","3.0134","44.8584"
"222.0470","3.0138","44.8572"
"222.0670","3.0141","44.7986"
"222.0870","3.0144","44.7129"
"222.1070","3.0146","44.7253"
"222.1270","3.0149","44.7837"
"222.1470","3.0152","44.7505"
"222.1670","3.0156","44.7533"
"222.1870","3.0161","44.7413"
"222.2070","3.0165","44.6972"
"222.2270","3.0169","44.7164"
"222.2470","3.0172","44.6711"
"222.2670","3.0175","44.6480"
"222.2870","3.0177","44.6675"
"222.3070","3.0180","44.6726"
"222.3270","3.0183","44.7793"
"222.3470","3.0186","44.8081"
"222.3670","3.0190","44.7421"
"222.3870","3.0194","44.6674"
"222.4070","3.0197","44.6995"
"222.4270","3.0201","44.6633"
"222.4470","3.0204","44.6591"
"222.4670","3.0207","44.7515"
"222.4870","3.0210","44.7442"
"222.5070","3.0214","44.7062"
"222.5270","3.0218","44.7126"
"222.5470","3.0222","44.7135"
"222.5670","3.0226","44.7252"
"222.5870","3.0229","44.7205"
"222.6070","3.0231","44.7327"
"222.6270","3.0234","44.7155"
"222.6470","3.0236","44.7941"
"222.6670","3.0239","44.8006"
"222.6870","3.0243","44.7148"
"222.7070","3.0247","44.6463"
"222.7270","3.0251","44.6586"
"222.7470","3.0254","44.7319"
"222.7670","3.0257","44.7149"
"222.7870","3.0260","44.6577"
"222.8070","3.0263","44.5986"
"222.8270","3.0266","44.6866"
"222.8470","3.0270","44.6474"
"222.8670","3.0274","44.6120"
"222.8870","3.0278","44.6946"
"222.9070","3.0282","44.6796"
"222.9270","3.0286","44.6213"
"222.9470","3.0289","44.6449"
"222.9670","3.0291","44.6333"
"222.9870","3.0294","44.6150"
"223.0070","3.0297","44.6828"
"223.0270","3.0300","44.7173"
"223.0470","3.0303","44.6984"
"223.0670","3.0307","44.7052"
"223.0870","3.0311","44.6787"
"223.1070","3.0314","44.6302"
"223.1270","3.0317","44.6441"
"223.1470","3.0320","44.7078"
"223.1670","3.0324","44.6846"
"223.1870","3.0327","44.5860"
"223.2070","3.0331","44.5691"
"223.2270","3.0336","44.6114"
"223.2470","3.0339","44.5991"
"223.2670","3.0342","44.5461"
"223.2870","3.0345","44.5056"
"223.3070","3.0348","44.5633"
"223.3270","3.0350","44.5673"
"223.3470","3.0353","44.5858"
"223.3670","3.0357","44.6619"
"223.3870","3.0360","44.6617"
"223.4070","3.0364","44.5410"
"223.4270","3.0368","44.4389"
"223.4470","3.0371","44.4651"
"223.4670","3.0374","44.5866"
"223.4870","3.0377","44.5781"
"223.5070","3.0380","44.5400"
"223.5270","3.0383","44.4580"
"223.5470","3.0387","44.4140"
"223.5670","3.0391","44.4483"
"223.5870","3.0395","44.4459"
"223.6070","3.0399","44.4636"
"223.6270","3.0402","44.4491"
"223.6470","3.0405","44.5510"
"223.6670","3.0407","44.5446"
"223.6870","3.0410","44.3903"
"223.7070","3.0413","44.3146"
"223.7270","3.0416","44.3349"
"223.7470","3.0420","44.3763"
"223.7670","3.0424","44.3603"
"223.7870","3.0427","44.3881"
"223.8070","3.0431","44.3749"
"223.8270","3.0434","44.3595"
"223.8470","3.0437","44.3062"
"223.8670","3.0441","44.3072"
"223.8870","3.0445","44.2533"
"223.9070","3.0449","44.3075"
"223.9270","3.0453","44.3430"
"223.9470","3.0456","44.4320"
"223.9670","3.0459","44.2682"
"223.9870","3.0461","44.1665"
"224.0070","3.0464","44.1274"
"224.0270","3.0467","44.2043"
"224.0470","3.0470","44.2886"
"224.0670","3.0473","44.2192"
"224.0870","3.0477","44.0882"
"224.1070","3.0481","44.1406"
"224.1270","3.0484","44.1917"
"224.1470","3.0487","44.2086"
"224.1670","3.0490","44.1911"
"224.1870","3.0493","44.1179"
"224.2070","3.0496","44.1406"
"224.2270","3.0500","44.1028"
"224.2470","3.0504","44.0862"
"224.2670","3.0508","44.1217"
"224.2870","3.0513","44.1262"
"224.3070","3.0516","44.1301"
"224.3270","3.0519","44.1452"
"224.3470","3.0521","44.1831"
"224.3670","3.0524","44.1082"
"224.3870","3.0527","44.0511"
"224.4070","3.0530","44.0380"
"224.4270","3.0533","44.0625"
"224.4470","3.0537","44.0636"
"224.4670","3.0540","44.0927"
"224.4870","3.0544","44.0775"
"224.5070","3.0547","43.9944"
"224.5270","3.0550","44.0040"
"224.5470","3.0554","44.0223"
"224.5670","3.0557","43.9372"
"224.5870","3.0561","43.9407"
"224.6070","3.0566","43.9324"
"224.6270","3.0569","43.8992"
"224.6470","3.0572","43.9437"
"224.6670","3.0575","43.9797"
"224.6870","3.0578","44.0033"
"224.7070","3.0580","43.9930"
"224.7270","3.0583","43.9587"
"224.7470","3.0586","44.0293"
"224.7670","3.0590","44.0622"
"224.7870","3.0594","44.0108"
"224.8070","3.0598","43.8913"
"224.8270","3.0601","43.8681"
"224.8470","3.0604","43.8415"
"224.8670","3.0606","43.7900"
"224.8870","3.0609","43.8550"
"224.9070","3.0613","43.8782"
"224.9270","3.0617","43.8385"
"224.9470","3.0621","43.7755"
"224.9670","3.0626","43.7827"
"224.9870","3.0630","43.8063"
"225.0070","3.0633","43.8463"
"225.0270","3.0635","43.7657"
"225.0470","3.0638","43.8109"
"225.0670","3.0640","43.8236"
"225.0870","3.0643","43.8283"
"225.1070","3.0646","43.7197"
"225.1270","3.0650","43.7443"
"225.1470","3.0653","43.7639"
"225.1670","3.0657","43.7919"
"225.1870","3.0660","43.8220"
"225.2070","3.0663","43.8020"
"225.2270","3.0667","43.7587"
"225.2470","3.0670","43.7702"
"225.2670","3.0674","43.8147"
"225.2870","3.0678","43.8005"
"225.3070","3.0682","43.7769"
"225.3270","3.0686","43.6970"
"225.3470","3.0688","43.6304"
"225.3670","3.0691","43.7807"
"225.3870","3.0693","43.8708"
"225.4070","3.0696","43.8450"
"225.4270","3.0700","43.8229"
"225.4470","3.0703","43.8396"
"225.4670","3.0707","43.8855"
"225.4870","3.0711","43.9002"
"225.5070","3.0714","43.8100"
"225.5270","3.0717","43.7364"
"225.5470","3.0720","43.7469"
"225.5670","3.0723","43.8309"
"225.5870","3.0726","43.7980"
"225.6070","3.0730","43.7576"
"225.6270","3.0734","43.7783"
"225.6470","3.0738","43.7430"
"225.6670","3.0743","43.7472"
"225.6870","3.0746","43.7638"
"225.7070","3.0749","43.7109"
"225.7270","3.0751","43.6840"
"225.7470","3.0754","43.7115"
"225.7670","3.0756","43.7479"
"225.7870","3.0760","43.7881"
"225.8070","3.0763","43.8004"
"225.8270","3.0767","43.7584"
"225.8470","3.0770","43.7624"
"225.8670","3.0774","43.8001"
"225.8870","3.0777","43.7437"
"225.9070","3.0780","43.6914"
"225.9270","3.0783","43.6612"
"225.9470","3.0787","43.6848"
"225.9670","3.0791","43.7016"
"225.9870","3.0795","43.7476"
"226.0070","3.0799","43.7957"
"226.0270","3.0802","43.7824"
"226.0470","3.0805","43.7473"
"226.0670","3.0807","43.6853"
"226.0870","3.0810","43.7056"
"226.1070","3.0813","43.7294"
"226.1270","3.0817","43.7272"
"226.1470","3.0820","43.6843"
"226.1670","3.0824","43.6890"
"226.1870","3.0828","43.7695"
"226.2070","3.0831","43.7666"
"226.2270","3.0834","43.7829"
"226.2470","3.0836","43.7307"
"226.2670","3.0839","43.7253"
"226.2870","3.0843","43.7845"
"226.3070","3.0847","43.7409"
"226.3270","3.0851","43.7344"
"226.3470","3.0856","43.8299"
"226.3670","3.0860","43.8096"
"226.3870","3.0863","43.7488"
"226.4070","3.0865","43.7136"
"226.4270","3.0868","43.7259"
"226.4470","3.0870","43.7459"
"226.4670","3.0873","43.7161"
"226.4870","3.0876","43.6851"
"226.5070","3.0880","43.7031"
"226.5270","3.0884","43.7668"
"226.5470","3.0888","43.7568"
"226.5670","3.0891","43.7098"
"226.5870","3.0894","43.7407"
"226.6070","3.0898","43.6612"
"226.6270","3.0901","43.6273"
"226.6470","3.0905","43.6334"
"226.6670","3.0909","43.6389"
"226.6870","3.0913","43.6945"
"226.7070","3.0916","43.7568"
"226.7270","3.0919","43.6377"
"226.7470","3.0921","43.6173"
"226.7670","3.0924","43.6667"
"226.7870","3.0926","43.6809"
"226.8070","3.0930","43.6104"
"226.8270","3.0933","43.6520"
"226.8470","3.0937","43.5690"
"226.8670","3.0941","43.6245"
"226.8870","3.0944","43.6710"
"226.9070","3.0947","43.6885"
"226.9270","3.0950","43.6194"
"226.9470","3.0953","43.6652"
"226.9670","3.0956","43.7076"
"226.9870","3.0960","43.7421"
"227.0070","3.0964","43.6856"
"227.0270","3.0969","43.6990"
"227.0470","3.0973","43.6656"
"227.0670","3.0976","43.6353"
"227.0870","3.0979","43.7043"
"227.1070","3.0982","43.7766"
"227.1270","3.0984","43.7728"
"227.1470","3.0987","43.7894"
"227.1670","3.0990","43.7009"
"227.1870","3.0993","43.6276"
"227.2070","3.0997","43.6445"
"227.2270","3.1001","43.6681"
"227.2470","3.1004","43.6966"
"227.2670","3.1007","43.6818"
"227.2870","3.1010","43.6675"
"227.3070","3.1014","43.6456"
"227.3270","3.1018","43.6365"
"227.3470","3.1022","43.5952"
"227.3670","3.1026","43.6283"
"227.3870","3.1029","43.6824"
"227.4070","3.1032","43.7776"
"227.4270","3.1035","43.8223"
"227.4470","3.1037","43.7542"
"227.4670","3.1040","43.6003"
"227.4870","3.1043","43.5864"
"227.5070","3.1046","43.6379"
"227.5270","3.1050","43.6406"
"227.5470","3.1054","43.5048"
"227.5670","3.1058","43.5660"
"227.5870","3.1061","43.6835"
"227.6070","3.1064","43.6274"
"227.6270","3.1066","43.6013"
"227.6470","3.1069","43.6109"
"227.6670","3.1073","43.5930"
"227.6870","3.1077","43.6857"
"227.7070","3.1081","43.6636"
"227.7270","3.1086","43.6801"
"227.7470","3.1089","43.6401"
"227.7670","3.1092","43.5687"
"227.7870","3.1095","43.5848"
"227.8070","3.1097","43.5856"
"227.8270","3.1100","43.5871"
"227.8470","3.1103","43.5439"
"227.8670","3.1107","43.6044"
"227.8870","3.1110","43.6286"
"227.9070","3.1114","43.6548"
"227.9270","3.1117","43.6731"
"227.9470","3.1120","43.5810"
"227.9670","3.1123","43.5627"
"227.9870","3.1127","43.5085"
"228.0070","3.1130","43.6158"
"228.0270","3.1134","43.6918"
"228.0470","3.1138","43.6810"
"228.0670","3.1142","43.6445"
"228.0870","3.1145","43.6486"
"228.1070","3.1148","43.5678"
"228.1270","3.1151","43.5964"
"228.1470","3.1153","43.5995"
"228.1670","3.1156","43.6345"
"228.1870","3.1159","43.5523"
"228.2070","3.1163","43.5864"
"228.2270","3.1167","43.6559"
"228.2470","3.1171","43.6464"
"228.2670","3.1174","43.6609"
"228.2870","3.1177","43.6537"
"228.3070","3.1180","43.5377"
"228.3270","3.1183","43.4952"
"228.3470","3.1186","43.5379"
"228.3670","3.1190","43.6731"
"228.3870","3.1194","43.7303"
"228.4070","3.1199","43.6682"
"228.4270","3.1203","43.6305"
"228.4470","3.1206","43.6326"
"228.4670","3.1209","43.6408"
"228.4870","3.1211","43.6376"
"228.5070","3.1213","43.5987"
"228.5270","3.1216","43.6140"
"228.5470","3.1220","43.6611"
"228.5670","3.1223","43.5939"
"228.5870","3.1227","43.5934"
"228.6070","3.1231","43.5947"
"228.6270","3.1234","43.6828"
"228.6470","3.1237","43.6351"
"228.6670","3.1240","43.6003"
"228.6870","3.1244","43.6189"
"228.7070","3.1248","43.6053"
"228.7270","3.1252","43.5359"
"228.7470","3.1256","43.4910"
"228.7670","3.1259","43.5490"
"228.7870","3.1262","43.6106"
"228.8070","3.1265","43.6152"
"228.8270","3.1267","43.6041"
"228.8470","3.1270","43.6177"
"228.8670","3.1273","43.5723"
"228.8870","3.1276","43.5921"
"228.9070","3.1280","43.5774"
"228.9270","3.1284","43.6604"
"228.9470","3.1287","43.6085"
"228.9670","3.1290","43.5817"
"228.9870","3.1293","43.6017"
"229.0070","3.1296","43.6235"
"229.0270","3.1299","43.5959"
"229.0470","3.1303","43.5572"
"229.0670","3.1307","43.4655"
"229.0870","3.1311","43.5009"
"229.1070","3.1316","43.5773"
"229.1270","3.1319","43.5988"
"229.1470","3.1322","43.5468"
"229.1670","3.1325","43.5541"
"229.1870","3.1327","43.5432"
"229.2070","3.1330","43.6008"
"229.2270","3.1333","43.5761"
"229.2470","3.1337","43.4811"
"229.2670","3.1341","43.4478"
"229.2870","3.1344","43.5281"
"229.3070","3.1348","43.5989"
"229.3270","3.1351","43.6013"
"229.3470","3.1354","43.5643"
"229.3670","3.1357","43.6060"
"229.3870","3.1361","43.5590"
"229.4070","3.1365","43.5629"
"229.4270","3.1369","43.5457"
"229.4470","3.1372","43.5415"
"229.4670","3.1375","43.4869"
"229.4870","3.1378","43.4467"
"229.5070","3.1381","43.4781"
"229.5270","3.1383","43.4508"
"229.5470","3.1386","43.4537"
"229.5670","3.1389","43.5382"
"229.5870","3.1393","43.6158"
"229.6070","3.1397","43.6460"
"229.6270","3.1400","43.5435"
"229.6470","3.1404","43.5370"
"229.6670","3.1407","43.4739"
"229.6870","3.1410","43.5479"
"229.7070","3.1413","43.4940"
"229.7270","3.1416","43.4420"
"229.7470","3.1420","43.4058"
"229.7670","3.1425","43.4045"
"229.7870","3.1429","43.4848"
"229.8070","3.1433","43.5887"
"229.8270","3.1436","43.5878"
"229.8470","3.1439","43.5746"
"229.8670","3.1441","43.4744"
"229.8870","3.1443","43.4442"
"229.9070","3.1447","43.4347"
"229.9270","3.1450","43.4994"
"229.9470","3.1454","43.5332"
"229.9670","3.1458","43.5702"
"229.9870","3.1461","43.4931"
"230.0070","3.1465","43.4350"
"230.0270","3.1468","43.4041"
"230.0470","3.1471","43.4840"
"230.0670","3.1474","43.5272"
"230.0870","3.1478","43.5423"
"230.1070","3.1482","43.4785"
"230.1270","3.1486","43.4525"
"230.1470","3.1489","43.4693"
"230.1670","3.1492","43.5458"
"230.1870","3.1494","43.5750"
"230.2070","3.1497","43.5616"
"230.2270","3.1500","43.4575"
"230.2470","3.1503","43.4418"
"230.2670","3.1506","43.4879"
"230.2870","3.1510","43.4460"
"230.3070","3.1514","43.5065"
"230.3270","3.1518","43.5216"
"230.3470","3.1521","43.4382"
"230.3670","3.1523","43.3695"
"230.3870","3.1526","43.3746"
"230.4070","3.1529","43.4005"
"230.4270","3.1533","43.3807"
"230.4470","3.1537","43.3671"
"230.4670","3.1542","43.3377"
"230.4870","3.1546","43.3996"
"230.5070","3.1550","43.4547"
"230.5270","3.1552","43.4299"
"230.5470","3.1554","43.4138"
"230.5670","3.1557","43.4527"
"230.5870","3.1560","43.4441"
"230.6070","3.1563","43.4394"
"230.6270","3.1566","43.4653"
"230.6470","3.1570","43.4691"
"230.6670","3.1574","43.4205"
"230.6870","3.1578","43.4167"
"230.7070","3.1581","43.4135"
"230.7270","3.1584","43.4022"
"230.7470","3.1587","43.5099"
"230.7670","3.1591","43.5084"
"230.7870","3.1595","43.3047"
"230.8070","3.1599","43.2432"
"230.8270","3.1602","43.3189"
"230.8470","3.1605","43.3738"
"230.8670","3.1608","43.4061"
"230.8870","3.1611","43.3524"
"230.9070","3.1613","43.3713"
"230.9270","3.1616","43.3841"
"230.9470","3.1619","43.3344"
"230.9670","3.1623","43.3318"
"230.9870","3.1627","43.2857"
"231.0070","3.1631","43.2696"
"231.0270","3.1634","43.2123"
"231.0470","3.1637","43.2592"
"231.0670","3.1640","43.1744"
"231.0870","3.1643","43.1657"
"231.1070","3.1646","43.1926"
"231.1270","3.1650","43.2680"
"231.1470","3.1655","43.2804"
"231.1670","3.1659","43.2800"
"231.1870","3.1663","43.1932"
"231.2070","3.1666","43.2407"
"231.2270","3.1668","43.2370"
"231.2470","3.1671","43.1926"
"231.2670","3.1673","43.1342"
"231.2870","3.1676","43.1587"
"231.3070","3.1680","43.1972"
"231.3270","3.1684","43.1711"
"231.3470","3.1688","43.1533"
"231.3670","3.1691","43.1245"
"231.3870","3.1695","43.1915"
"231.4070","3.1698","43.1764"
"231.4270","3.1701","43.2271"
"231.4470","3.1704","43.1689"
"231.4670","3.1708","43.1515"
"231.4870","3.1712","43.0738"
"231.5070","3.1716","43.0337"
"231.5270","3.1719","43.0565"
"231.5470","3.1722","43.1021"
"231.5670","3.1724","43.1845"
"231.5870","3.1727","43.1461"
"231.6070","3.1730","43.1359"
"231.6270","3.1733","43.1374"
"231.6470","3.1736","43.1108"
"231.6670","3.1740","43.1271"
"231.6870","3.1744","43.1295"
"231.7070","3.1747","43.1145"
"231.7270","3.1750","43.1656"
"231.7470","3.1753","43.1776"
"231.7670","3.1756","43.1025"
"231.7870","3.1759","43.0775"
"231.8070","3.1763","43.1271"
"231.8270","3.1767","43.1201"
"231.8470","3.1772","43.0060"
"231.8670","3.1776","42.9716"
"231.8870","3.1780","43.0268"
"231.9070","3.1782","43.0105"
"231.9270","3.1785","43.0812"
"231.9470","3.1787","43.1638"
"231.9670","3.1790","43.1654"
"231.9870","3.1793","43.1304"
"232.0070","3.1797","43.0681"
"232.0270","3.1801","43.1284"
"232.0470","3.1804","43.1151"
"232.0670","3.1808","43.0534"
"232.0870","3.1811","43.0012"
"232.1070","3.1814","42.9783"
"232.1270","3.1817","43.1231"
"232.1470","3.1821","43.0798"
"232.1670","3.1825","43.0257"
"232.1870","3.1829","43.0473"
"232.2070","3.1832","43.0505"
"232.2270","3.1835","43.0970"
"232.2470","3.1838","43.1769"
"232.2670","3.1840","43.1631"
"232.2870","3.1843","43.1542"
"232.3070","3.1846","43.0870"
"232.3270","3.1850","43.0053"
"232.3470","3.1854","42.9857"
"232.3670","3.1857","43.0215"
"232.3870","3.1861","42.9514"
"232.4070","3.1864","42.9518"
"232.4270","3.1866","43.0728"
"232.4470","3.1869","43.0292"
"232.4670","3.1872","42.9865"
"232.4870","3.1876","43.0142"
"232.5070","3.1880","43.1260"
"232.5270","3.1884","43.1822"
"232.5470","3.1889","43.0857"
"232.5670","3.1893","42.9259"
"232.5870","3.1896","42.9885"
"232.6070","3.1898","42.9602"
"232.6270","3.1901","43.0069"
"232.6470","3.1903","43.0342"
"232.6670","3.1906","43.0281"
"232.6870","3.1910","43.1049"
"232.7070","3.1914","43.1408"
"232.7270","3.1917","43.0731"
"232.7470","3.1921","43.0160"
"232.7670","3.1924","42.9910"
"232.7870","3.1927","43.0298"
"232.8070","3.1930","43.1170"
"232.8270","3.1934","43.0452"
"232.8470","3.1938","43.0163"
"232.8670","3.1942","43.0056"
"232.8870","3.1946","42.9887"
"232.9070","3.1949","42.9415"
"232.9270","3.1952","42.9512"
"232.9470","3.1954","42.9970"
"232.9670","3.1957","43.0287"
"232.9870","3.1960","43.0195"
"233.0070","3.1963","43.0521"
"233.0270","3.1966","43.0281"
"233.0470","3.1970","43.0010"
"233.0670","3.1974","43.0789"
"233.0870","3.1977","43.1704"
"233.1070","3.1980","43.1534"
"233.1270","3.1983","42.9880"
"233.1470","3.1986","43.0228"
"233.1670","3.1989","43.0171"
"233.1870","3.1993","43.0006"
"233.2070","3.1997","43.0316"
"233.2270","3.2002","43.0523"
"233.2470","3.2006","43.0581"
"233.2670","3.2009","43.0144"
"233.2870","3.2012","42.9670"
"233.3070","3.2014","43.0399"
"233.3270","3.2017","43.1062"
"233.3470","3.2020","43.0502"
"233.3670","3.2023","43.0087"
"233.3870","3.2027","42.9683"
"233.4070","3.2031","43.1030"
"233.4270","3.2034","43.1162"
"233.4470","3.2037","43.0732"
"233.4670","3.2040","43.0872"
"233.4870","3.2044","43.0068"
"233.5070","3.2047","42.9817"
"233.5270","3.2051","42.9992"
"233.5470","3.2055","42.9679"
"233.5670","3.2059","42.9988"
"233.5870","3.2062","43.1045"
"233.6070","3.2065","43.1349"
"233.6270","3.2068","43.0708"
"233.6470","3.2070","43.0587"
"233.6670","3.2073","43.0604"
"233.6870","3.2076","43.0550"
"233.7070","3.2080","43.0554"
"233.7270","3.2084","43.0750"
"233.7470","3.2087","43.0276"
"233.7670","3.2091","43.1026"
"233.7870","3.2094","43.0772"
"233.8070","3.2097","43.0441"
"233.8270","3.2099","42.9936"
"233.8470","3.2102","43.0602"
"233.8670","3.2106","43.0786"
"233.8870","3.2110","43.1407"
"233.9070","3.2115","43.1513"
"233.9270","3.2119","43.0350"
"233.9470","3.2122","42.9997"
"233.9670","3.2125","43.0502"
"233.9870","3.2128","43.0599"
"234.0070","3.2130","43.0565"
"234.0270","3.2133","43.1216"
"234.0470","3.2137","43.1353"
"234.0670","3.2140","43.1856"
"234.0870","3.2144","43.1548"
"234.1070","3.2148","42.9791"
"234.1270","3.2151","42.8571"
"234.1470","3.2154","42.9420"
"234.1670","3.2157","43.0816"
"234.1870","3.2160","43.1439"
"234.2070","3.2164","43.0708"
"234.2270","3.2168","43.0488"
"234.2470","3.2172","43.0670"
"234.2670","3.2176","43.0791"
"234.2870","3.2179","43.0870"
"234.3070","3.2182","43.0296"
"234.3270","3.2184","43.0308"
"234.3470","3.2187","43.0523"
"234.3670","3.2190","43.0489"
"234.3870","3.2193","43.0168"
"234.4070","3.2197","43.0494"
"234.4270","3.2200","43.1140"
"234.4470","3.2204","43.1685"
"234.4670","3.2207","43.0901"
"234.4870","3.2210","43.0460"
"234.5070","3.2213","43.0862"
"234.5270","3.2216","43.1975"
"234.5470","3.2219","43.1628"
"234.5670","3.2223","43.1883"
"234.5870","3.2228","43.1588"
"234.6070","3.2232","43.0358"
"234.6270","3.2236","43.0562"
"234.6470","3.2239","43.0203"
"234.6670","3.2242","42.9991"
"234.6870","3.2245","43.0343"
"234.7070","3.2247","43.0438"
"234.7270","3.2250","42.9730"
"234.7470","3.2254","43.0681"
"234.7670","3.2258","43.0175"
"234.7870","3.2262","42.9615"
"234.8070","3.2265","43.0397"
"234.8270","3.2269","43.1371"
"234.8470","3.2272","43.1091"
"234.8670","3.2275","43.0990"
"234.8870","3.2278","43.2056"
"234.9070","3.2282","43.2773"
"234.9270","3.2286","43.1975"
"234.9470","3.2290","43.0882"
"234.9670","3.2293","43.0319"
"234.9870","3.2296","43.0759"
"235.0070","3.2298","43.0737"
"235.0270","3.2301","43.1628"
"235.0470","3.2304","43.1620"
"235.0670","3.2307","43.1360"
"235.0870","3.2311","43.0852"
"235.1070","3.2314","43.1359"
"235.1270","3.2318","43.2523"
"235.1470","3.2321","43.3203"
"235.1670","3.2324","43.1615"
"235.1870","3.2326","43.1227"
"235.2070","3.2329","43.0628"
"235.2270","3.2332","43.0476"
"235.2470","3.2335","43.1254"
"235.2670","3.2339","43.1280"
"235.2870","3.2344","43.1136"
"235.3070","3.2348","43.1721"
"235.3270","3.2351","43.1809"
"235.3470","3.2354","43.1895"
"235.3670","3.2356","43.1789"
"235.3870","3.2359","43.2106"
"235.4070","3.2362","43.1523"
"235.4270","3.2365","43.1907"
"235.4470","3.2369","43.1788"
"235.4670","3.2373","43.1144"
"235.4870","3.2376","43.1593"
"235.5070","3.2380","43.1349"
"235.5270","3.2383","43.1567"
"235.5470","3.2386","43.1603"
"235.5670","3.2390","43.1888"
"235.5870","3.2393","43.1194"
"235.6070","3.2397","43.1246"
"235.6270","3.2402","43.1681"
"235.6470","3.2406","43.1528"
"235.6670","3.2409","43.1295"
"235.6870","3.2412","43.0461"
"235.7070","3.2414","43.1474"
"235.7270","3.2417","43.1875"
"235.7470","3.2421","43.2623"
"235.7670","3.2424","43.1846"
"235.7870","3.2428","43.1403"
"235.8070","3.2432","43.0996"
"235.8270","3.2435","43.1272"
"235.8470","3.2438","43.1713"
"235.8670","3.2441","43.1775"
"235.8870","3.2443","43.2289"
"235.9070","3.2446","43.2742"
"235.9270","3.2450","43.2932"
"235.9470","3.2454","43.3202"
"235.9670","3.2458","43.2214"
"235.9870","3.2462","43.2046"
"236.0070","3.2466","43.2199"
"236.0270","3.2469","43.2049"
"236.0470","3.2471","43.1567"
"236.0670","3.2474","43.1653"
"236.0870","3.2476","43.1458"
"236.1070","3.2480","43.1671"
"236.1270","3.2483","43.2420"
"236.1470","3.2487","43.2581"
"236.1670","3.2491","43.2407"
"236.1870","3.2494","43.3098"
"236.2070","3.2497","43.2403"
"236.2270","3.2500","43.2085"
"236.2470","3.2504","43.2423"
"236.2670","3.2507","43.1841"
"236.2870","3.2511","43.1873"
"236.3070","3.2515","43.2051"
"236.3270","3.2519","43.1687"
"236.3470","3.2522","43.2909"
"236.3670","3.2525","43.2655"
"236.3870","3.2528","43.1683"
"236.4070","3.2530","43.1045"
"236.4270","3.2533","43.0980"
"236.4470","3.2536","43.2316"
"236.4670","3.2540","43.3195"
"236.4870","3.2544","43.3005"
"236.5070","3.2548","43.2695"
"236.5270","3.2551","43.1965"
"236.5470","3.2554","43.1262"
"236.5670","3.2556","43.1701"
"236.5870","3.2559","43.2046"
"236.6070","3.2562","43.2173"
"236.6270","3.2566","43.2675"
"236.6470","3.2570","43.3708"
"236.6670","3.2575","43.3177"
"236.6870","3.2579","43.2633"
"236.7070","3.2582","43.2804"
"236.7270","3.2585","43.2741"
"236.7470","3.2587","43.2108"
"236.7670","3.2590","43.1489"
"236.7870","3.2593","43.2155"
"236.8070","3.2596","43.3312"
"236.8270","3.2600","43.3607"
"236.8470","3.2604","43.3937"
"236.8670","3.2607","43.3863"
"236.8870","3.2611","43.2519"
"236.9070","3.2614","43.2429"
"236.9270","3.2617","43.2611"
"236.9470","3.2621","43.2893"
"236.9670","3.2624","43.2762"
"236.9870","3.2628","43.2773"
"237.0070","3.2632","43.1951"
"237.0270","3.2636","43.2043"
"237.0470","3.2639","43.2229"
"237.0670","3.2641","43.2407"
"237.0870","3.2644","43.2407"
"237.1070","3.2647","43.3642"
"237.1270","3.2650","43.3834"
"237.1470","3.2653","43.2871"
"237.1670","3.2657","43.2463"
"237.1870","3.2661","43.1879"
"237.2070","3.2664","43.2542"
"237.2270","3.2668","43.2530"
"237.2470","3.2671","43.2951"
"237.2670","3.2673","43.2483"
"237.2870","3.2676","43.2551"
"237.3070","3.2680","43.2761"
"237.3270","3.2684","43.3720"
"237.3470","3.2688","43.3197"
"237.3670","3.2692","43.3193"
"237.3870","3.2696","43.2473"
"237.4070","3.2699","43.2083"
"237.4270","3.2702","43.1935"
"237.4470","3.2704","43.1566"
"237.4670","3.2707","43.1601"
"237.4870","3.2710","43.2025"
"237.5070","3.2713","43.2740"
"237.5270","3.2717","43.2215"
"237.5470","3.2721","43.1728"
"237.5670","3.2724","43.0945"
"237.5870","3.2727","43.0934"
"237.6070","3.2730","43.1201"
"237.6270","3.2734","43.1180"
"237.6470","3.2737","43.2146"
"237.6670","3.2741","43.1968"
"237.6870","3.2746","43.1381"
"237.7070","3.2749","43.0603"
"237.7270","3.2753","43.1581"
"237.7470","3.2755","43.2103"
"237.7670","3.2758","43.1214"
"237.7870","3.2760","43.1588"
"237.8070","3.2763","43.1728"
"237.8270","3.2766","43.1822"
"237.8470","3.2770","43.1557"
"237.8670","3.2774","43.1371"
"237.8870","3.2778","43.0892"
"237.9070","3.2781","43.1226"
"237.9270","3.2784","43.1087"
"237.9470","3.2787","43.0908"
"237.9670","3.2790","43.0647"
"237.9870","3.2793","43.1191"
"238.0070","3.2797","43.2059"
"238.0270","3.2801","43.2121"
"238.0470","3.2805","43.1807"
"238.0670","3.2809","43.1777"
"238.0870","3.2813","43.1677"
"238.1070","3.2815","43.0977"
"238.1270","3.2818","43.0437"
"238.1470","3.2820","43.1355"
"238.1670","3.2823","43.2339"
"238.1870","3.2826","43.0359"
"238.2070","3.2830","43.0061"
"238.2270","3.2834","43.0523"
"238.2470","3.2837","43.0047"
"238.2670","3.2841","42.9740"
"238.2870","3.2844","43.1293"
"238.3070","3.2847","43.0961"
"238.3270","3.2851","43.0208"
"238.3470","3.2855","43.0075"
"238.3670","3.2859","43.0235"
"238.3870","3.2863","43.0075"
"238.4070","3.2866","42.9515"
"238.4270","3.2869","42.9969"
"238.4470","3.2871","42.9585"
"238.4670","3.2874","43.0158"
"238.4870","3.2877","43.0129"
"238.5070","3.2880","42.9978"
"238.5270","3.2883","43.0518"
"238.5470","3.2887","43.0021"
"238.5670","3.2891","42.9742"
"238.5870","3.2894","42.9173"
"238.6070","3.2897","42.9775"
"238.6270","3.2900","42.9645"
"238.6470","3.2903","42.9472"
"238.6670","3.2906","42.8921"
"238.6870","3.2909","42.9276"
"238.7070","3.2913","42.9872"
"238.7270","3.2918","42.9746"
"238.7470","3.2922","42.8703"
"238.7670","3.2926","42.8994"
"238.7870","3.2929","42.9388"
"238.8070","3.2931","42.9378"
"238.8270","3.2934","42.9626"
"238.8470","3.2936","42.8965"
"238.8670","3.2939","42.8691"
"238.8870","3.2943","42.8369"
"238.9070","3.2947","42.8416"
"238.9270","3.2950","42.7908"
"238.9470","3.2954","42.8167"
"238.9670","3.2957","42.8761"
"238.9870","3.2960","42.8759"
"239.0070","3.2963","42.8112"
"239.0270","3.2967","42.8303"
"239.0470","3.2971","42.8670"
"239.0670","3.2975","42.8698"
"239.0870","3.2979","42.8833"
"239.1070","3.2982","42.8676"
"239.1270","3.2985","42.8619"
"239.1470","3.2988","42.9142"
"239.1670","3.2990","42.9186"
"239.1870","3.2993","42.7992"
"239.2070","3.2996","42.7615"
"239.2270","3.3000","42.7940"
"239.2470","3.3004","42.8520"
"239.2670","3.3008","42.7987"
"239.2870","3.3011","42.7333"
"239.3070","3.3014","42.7477"
"239.3270","3.3017","42.7405"
"239.3470","3.3019","42.7698"
"239.3670","3.3023","42.8396"
"239.3870","3.3026","42.8418"
"239.4070","3.3031","42.8086"
"239.4270","3.3035","42.7526"
"239.4470","3.3039","42.7570"
"239.4670","3.3043","42.7316"
"239.4870","3.3045","42.6995"
"239.5070","3.3048","42.7683"
"239.5270","3.3050","42.7519"
"239.5470","3.3053","42.6918"
"239.5670","3.3056","42.6987"
"239.5870","3.3060","42.6793"
"239.6070","3.3064","42.7104"
"239.6270","3.3067","42.7676"
"239.6470","3.3070","42.7461"
"239.6670","3.3074","42.7575"
"239.6870","3.3077","42.7641"
"239.7070","3.3080","42.7773"
"239.7270","3.3084","42.7901"
"239.7470","3.3088","42.7338"
"239.7670","3.3092","42.7513"
"239.7870","3.3096","42.7317"
"239.8070","3.3099","42.7075"
"239.8270","3.3101","42.7251"
"239.8470","3.3104","42.7292"
"239.8670","3.3107","42.7170"
"239.8870","3.3110","42.7338"
"239.9070","3.3113","42.7455"
"239.9270","3.3117","42.6803"
"239.9470","3.3121","42.7306"
"239.9670","3.3124","42.7308"
"239.9870","3.3127","42.7178"
"240.0070","3.3130","42.6789"
"240.0270","3.3133","42.6560"
"240.0470","3.3136","42.6909"
"240.0670","3.3140","42.6975"
"240.0870","3.3144","42.6783"
"240.1070","3.3148","42.6684"
"240.1270","3.3153","42.6999"
"240.1470","3.3156","42.7521"
"240.1670","3.3159","42.6674"
"240.1870","3.3161","42.6348"
"240.2070","3.3164","42.5865"
"240.2270","3.3166","42.5916"
"240.2470","3.3169","42.6974"
"240.2670","3.3173","42.6675"
"240.2870","3.3177","42.6148"
"240.3070","3.3180","42.6760"
"240.3270","3.3184","42.6908"
"240.3470","3.3187","42.6570"
"240.3670","3.3190","42.6259"
"240.3870","3.3194","42.6446"
"240.4070","3.3197","42.6914"
"240.4270","3.3201","42.6299"
"240.4470","3.3205","42.5958"
"240.4670","3.3209","42.6802"
"240.4870","3.3212","42.6556"
"240.5070","3.3215","42.6738"
"240.5270","3.3217","42.6057"
"240.5470","3.3220","42.6297"
"240.5670","3.3223","42.5824"
"240.5870","3.3226","42.5827"
"240.6070","3.3230","42.5697"
"240.6270","3.3234","42.6026"
"240.6470","3.3238","42.5929"
"240.6670","3.3241","42.6001"
"240.6870","3.3244","42.6126"
"240.7070","3.3247","42.5527"
"240.7270","3.3249","42.5054"
"240.7470","3.3253","42.5411"
"240.7670","3.3257","42.5639"
"240.7870","3.3261","42.5989"
"240.8070","3.3266","42.6664"
"240.8270","3.3270","42.6021"
"240.8470","3.3273","42.5104"
"240.8670","3.3275","42.5137"
"240.8870","3.3278","42.4964"
"240.9070","3.3280","42.4619"
"240.9270","3.3283","42.4827"
"240.9470","3.3286","42.4892"
"240.9670","3.3290","42.4859"
"240.9870","3.3294","42.4924"
"241.0070","3.3297","42.5403"
"241.0270","3.3301","42.4835"
"241.0470","3.3304","42.4682"
"241.0670","3.3307","42.3972"
"241.0870","3.3311","42.4114"
"241.1070","3.3314","42.4752"
"241.1270","3.3319","42.4426"
"241.1470","3.3322","42.4321"
"241.1670","3.3326","42.4671"
"241.1870","3.3329","42.5809"
"241.2070","3.3331","42.6054"
"241.2270","3.3334","42.5473"
"241.2470","3.3336","42.5467"
"241.2670","3.3339","42.5431"
"241.2870","3.3343","42.4258"
"241.3070","3.3347","42.4335"
"241.3270","3.3351","42.4450"
"241.3470","3.3354","42.4871"
"241.3670","3.3357","42.5578"
"241.3870","3.3360","42.4909"
"241.4070","3.3363","42.4588"
"241.4270","3.3366","42.4357"
"241.4470","3.3369","42.3996"
"241.4670","3.3374","42.4515"
"241.4870","3.3378","42.4877"
"241.5070","3.3383","42.4895"
"241.5270","3.3386","42.4769"
"241.5470","3.3389","42.4819"
"241.5670","3.3392","42.5439"
"241.5870","3.3394","42.5244"
"241.6070","3.3397","42.4854"
"241.6270","3.3400","42.4396"
"241.6470","3.3403","42.4389"
"241.6670","3.3407","42.4059"
"241.6870","3.3410","42.3843"
"241.7070","3.3414","42.3853"
"241.7270","3.3417","42.3474"
"241.7470","3.3420","42.3873"
"241.7670","3.3424","42.4957"
"241.7870","3.3427","42.4567"
"241.8070","3.3431","42.3835"
"241.8270","3.3435","42.4531"
"241.8470","3.3439","42.4524"
"241.8670","3.3442","42.4383"
"241.8870","3.3445","42.4655"
"241.9070","3.3447","42.4420"
"241.9270","3.3450","42.4513"
"241.9470","3.3453","42.4167"
"241.9670","3.3456","42.4377"
"241.9870","3.3460","42.5160"
"242.0070","3.3464","42.5565"
"242.0270","3.3468","42.5139"
"242.0470","3.3471","42.4988"
"242.0670","3.3474","42.4291"
"242.0870","3.3477","42.4196"
"242.1070","3.3479","42.3912"
"242.1270","3.3483","42.3861"
"242.1470","3.3487","42.4319"
"242.1670","3.3491","42.4801"
"242.1870","3.3496","42.4868"
"242.2070","3.3500","42.4928"
"242.2270","3.3503","42.5266"
"242.2470","3.3505","42.5477"
"242.2670","3.3508","42.5008"
"242.2870","3.3510","42.4400"
"242.3070","3.3513","42.4182"
"242.3270","3.3516","42.3289"
"242.3470","3.3520","42.3303"
"242.3670","3.3524","42.3946"
"242.3870","3.3527","42.4105"
"242.4070","3.3531","42.3437"
"242.4270","3.3534","42.3068"
"242.4470","3.3537","42.3530"
"242.4670","3.3541","42.3957"
"242.4870","3.3544","42.4123"
"242.5070","3.3548","42.3266"
"242.5270","3.3552","42.2987"
"242.5470","3.3556","42.3338"
"242.5670","3.3558","42.3181"
"242.5870","3.3561","42.4140"
"242.6070","3.3564","42.4704"
"242.6270","3.3566","42.3942"
"242.6470","3.3569","42.3593"
"242.6670","3.3573","42.3603"
"242.6870","3.3577","42.3954"
"242.7070","3.3581","42.4039"
"242.7270","3.3584","42.3894"
"242.7470","3.3587","42.3878"
"242.7670","3.3590","42.3892"
"242.7870","3.3593","42.3631"
"242.8070","3.3596","42.3673"
"242.8270","3.3600","42.4170"
"242.8470","3.3604","42.4453"
"242.8670","3.3609","42.4329"
"242.8870","3.3613","42.3601"
"242.9070","3.3616","42.4019"
"242.9270","3.3619","42.3322"
"242.9470","3.3621","42.2573"
"242.9670","3.3624","42.1963"
"242.9870","3.3627","42.2681"
"243.0070","3.3630","42.3837"
"243.0270","3.3633","42.3534"
"243.0470","3.3637","42.3136"
"243.0670","3.3641","42.3568"
"243.0870","3.3644","42.3179"
"243.1070","3.3647","42.2217"
"243.1270","3.3651","42.3300"
"243.1470","3.3654","42.3865"
"243.1670","3.3658","42.2929"
"243.1870","3.3662","42.3013"
"243.2070","3.3666","42.3178"
"243.2270","3.3669","42.3019"
"243.2470","3.3672","42.2253"
"243.2670","3.3675","42.2600"
"243.2870","3.3677","42.2691"
"243.3070","3.3680","42.2291"
"243.3270","3.3683","42.2618"
"243.3470","3.3686","42.2486"
"243.3670","3.3690","42.2631"
"243.3870","3.3694","42.2287"
"243.4070","3.3697","42.2341"
"243.4270","3.3701","42.2459"
"243.4470","3.3704","42.2711"
"243.4670","3.3706","42.2376"
"243.4870","3.3709","42.1918"
"243.5070","3.3713","42.1468"
"243.5270","3.3717","42.1527"
"243.5470","3.3721","42.2119"
"243.5670","3.3725","42.2584"
"243.5870","3.3729","42.2600"
"243.6070","3.3732","42.2508"
"243.6270","3.3735","42.1976"
"243.6470","3.3737","42.1475"
"243.6670","3.3740","42.1867"
"243.6870","3.3743","42.2290"
"243.7010","3.3746","42.2251"
"243.7020","3.3746","42.2248"
"243.7220","3.3749","42.1843"
"243.7420","3.3753","42.1327"
"243.7620","3.3756","42.1192"
"243.7820","3.3758","42.1978"
"243.8020","3.3759","42.1960"
"243.8220","3.3759","42.2777"
"243.8420","3.3758","42.2433"
"243.8620","3.3758","42.1910"
"243.8820","3.3758","42.1309"
"243.9020","3.3758","42.1040"
"243.9220","3.3758","42.0900"
"243.9420","3.3758","42.1555"
"243.9620","3.3758","42.1137"
"243.9820","3.3758","42.1662"
"244.0020","3.3758","42.2422"
"244.0220","3.3758","42.2285"
"244.0420","3.3758","42.1556"
"244.0620","3.3758","42.0227"
"244.0820","3.3758","41.9830"
"244.1020","3.3758","41.9934"
"244.1220","3.3757","42.0414"
"244.1420","3.3757","42.0259"
"244.1620","3.3757","41.9983"
"244.1820","3.3757","41.9779"
"244.2020","3.3757","42.0428"
"244.2220","3.3756","42.0536"
"244.2420","3.3756","41.9965"
"244.2620","3.3756","41.8923"
"244.2820","3.3756","41.9516"
"244.3020","3.3756","41.9222"
"244.3220","3.3755","41.9888"
"244.3420","3.3755","42.0024"
"244.3620","3.3755","42.0535"
"244.3820","3.3755","41.9890"
"244.4020","3.3755","41.9156"
"244.4220","3.3755","41.8761"
"244.4420","3.3755","41.8640"
"244.4620","3.3755","41.9071"
"244.4820","3.3755","41.9524"
"244.5020","3.3755","41.9497"
"244.5220","3.3755","41.9739"
"244.5420","3.3754","41.9955"
"244.5620","3.3754","41.9905"
"244.5820","3.3754","41.9735"
"244.6020","3.3754","41.8360"
"244.6220","3.3754","41.7880"
"244.6420","3.3754","41.9204"
"244.6620","3.3754","41.9091"
"244.6820","3.3754","41.9222"
"244.7020","3.3754","41.9438"
"244.7220","3.3754","41.9601"
"244.7420","3.3754","41.8866"
"244.7620","3.3754","41.8896"
"244.7820","3.3754","41.8973"
"244.8020","3.3754","41.8186"
"244.8220","3.3754","41.8544"
"244.8420","3.3754","41.8859"
"244.8620","3.3754","41.7917"
"244.8820","3.3754","41.8026"
"244.9020","3.3754","41.7675"
"244.9220","3.3754","41.7495"
"244.9420","3.3754","41.8211"
"244.9620","3.3754","41.8723"
"244.9820","3.3754","41.8591"
"245.0020","3.3754","41.8553"
"245.0220","3.3754","41.8194"
"245.0420","3.3754","41.8174"
"245.0620","3.3754","41.7810"
"245.0820","3.3754","41.7388"
"245.1020","3.3754","41.7602"
"245.1220","3.3754","41.7310"
"245.1420","3.3754","41.7512"
"245.1620","3.3754","41.7862"
"245.1820","3.3754","41.7892"
"245.2020","3.3754","41.8181"
"245.2220","3.3754","41.8750"
"245.2420","3.3754","41.8991"
"245.2620","3.3754","41.8499"
"245.2820","3.3754","41.7854"
"245.3020","3.3754","41.7142"
"245.3220","3.3754","41.8007"
"245.3420","3.3754","41.8721"
"245.3620","3.3754","41.8686"
"245.3820","3.3754","41.8486"
"245.4020","3.3754","41.7847"
"245.4220","3.3754","41.7188"
"245.4420","3.3754","41.7759"
"245.4620","3.3754","41.7817"
"245.4820","3.3754","41.7781"
"245.5020","3.3754","41.8073"
"245.5220","3.3754","41.7197"
"245.5420","3.3754","41.8062"
"245.5620","3.3754","41.8781"
"245.5820","3.3754","41.8026"
"245.6020","3.3754","41.7044"
"245.6220","3.3754","41.7095"
"245.6420","3.3754","41.7172"
"245.6620","3.3754","41.5974"
"245.6820","3.3754","41.5938"
"245.7020","3.3754","41.7104"
"245.7220","3.3754","41.8293"
"245.7420","3.3754","41.8183"
"245.7620","3.3754","41.7023"
"245.7820","3.3754","41.6923"
"245.8020","3.3754","41.6606"
"245.8220","3.3754","41.7409"
"245.8420","3.3754","41.7384"
"245.8620","3.3754","41.7321"
"245.8820","3.3754","41.6763"
"245.9020","3.3754","41.7347"
"245.9220","3.3754","41.7025"
"245.9420","3.3754","41.7279"
"245.9620","3.3754","41.7128"
"245.9820","3.3754","41.6855"
"246.0020","3.3754","41.6174"
"246.0220","3.3754","41.5967"
"246.0420","3.3754","41.6230"
"246.0620","3.3754","41.7044"
"246.0820","3.3754","41.7306"
"246.1020","3.3754","41.6817"
"246.1220","3.3754","41.6986"
"246.1420","3.3754","41.7014"
"246.1620","3.3754","41.7093"
"246.1820","3.3754","41.7419"
"246.2020","3.3754","41.6863"
"246.2220","3.3754","41.6326"
"246.2420","3.3754","41.6137"
"246.2620","3.3754","41.6162"
"246.2820","3.3754","41.6112"
"246.3020","3.3754","41.5496"
"246.3220","3.3754","41.5765"
"246.3420","3.3754","41.5490"
"246.3620","3.3754","41.6169"
"246.3820","3.3754","41.5856"
"246.4020","3.3754","41.5978"
"246.4220","3.3754","41.6456"
"246.4420","3.3754","41.6365"
"246.4620","3.3754","41.7317"
"246.4820","3.3754","41.6835"
"246.5020","3.3754","41.6606"
"246.5220","3.3754","41.6476"
"246.5420","3.3754","41.6344"
"246.5620","3.3754","41.5700"
"246.5820","3.3754","41.6092"
"246.6020","3.3754","41.7043"
"246.6220","3.3754","41.7232"
"246.6420","3.3754","41.6530"
"246.6620","3.3754","41.5980"
"246.6820","3.3754","41.5099"
"246.7020","3.3754","41.5765"
"246.7220","3.3754","41.6500"
"246.7420","3.3754","41.6325"
"246.7620","3.3754","41.6676"
"246.7820","3.3754","41.5821"
"246.8020","3.3754","41.5318"
"246.8220","3.3754","41.6110"
"246.8420","3.3754","41.6266"
"246.8620","3.3754","41.6186"
"246.8820","3.3754","41.5866"
"246.9020","3.3754","41.6195"
"246.9220","3.3754","41.6668"
"246.9420","3.3754","41.5547"
"246.9620","3.3754","41.5534"
"246.9820","3.3754","41.6016"
"247.0020","3.3754","41.5139"
"247.0220","3.3754","41.5350"
"247.0420","3.3754","41.6057"
"247.0620","3.3754","41.5152"
"247.0820","3.3754","41.4218"
"247.1020","3.3754","41.4187"
"247.1220","3.3754","41.5397"
"247.1420","3.3754","41.6283"
"247.1620","3.3754","41.6167"
"247.1820","3.3754","41.5496"
"247.2020","3.3754","41.5115"
"247.2220","3.3754","41.5972"
"247.2420","3.3754","41.5761"
"247.2620","3.3754","41.5669"
"247.2820","3.3754","41.5806"
"247.3020","3.3754","41.5227"
"247.3220","3.3754","41.5299"
"247.3420","3.3754","41.5292"
"247.3620","3.3754","41.5450"
"247.3820","3.3754","41.5195"
"247.4020","3.3754","41.5182"
"247.4220","3.3754","41.5126"
"247.4420","3.3754","41.4789"
"247.4620","3.3754","41.4765"
"247.4820","3.3754","41.4974"
"247.5020","3.3754","41.4941"
"247.5220","3.3754","41.4720"
"247.5420","3.3754","41.4576"
"247.5620","3.3754","41.4269"
"247.5820","3.3754","41.4585"
"247.6020","3.3754","41.5500"
"247.6220","3.3754","41.5365"
"247.6420","3.3754","41.4768"
"247.6620","3.3754","41.5168"
"247.6820","3.3754","41.5255"
"247.7020","3.3754","41.4961"
"247.7220","3.3754","41.5706"
"247.7420","3.3754","41.5415"
"247.7620","3.3754","41.5031"
"247.7820","3.3754","41.4732"
"247.8020","3.3754","41.4792"
"247.8220","3.3754","41.5168"
"247.8420","3.3754","41.4885"
"247.8620","3.3754","41.4972"
"247.8820","3.3754","41.5500"
"247.9020","3.3754","41.5063"
"247.9220","3.3754","41.5071"
"247.9420","3.3754","41.4904"
"247.9620","3.3754","41.4526"
"247.9820","3.3754","41.4815"
"248.0020","3.3754","41.4888"
"248.0220","3.3754","41.5585"
"248.0420","3.3754","41.4471"
"248.0620","3.3754","41.4677"
"248.0820","3.3754","41.5617"
"248.1020","3.3754","41.5700"
"248.1220","3.3754","41.4728"
"248.1420","3.3754","41.4240"
"248.1620","3.3754","41.4282"
"248.1820","3.3754","41.4117"
"248.2020","3.3754","41.4439"
"248.2220","3.3754","41.4770"
"248.2420","3.3754","41.4574"
"248.2620","3.3754","41.4553"
"248.2820","3.3754","41.4586"
"248.3020","3.3754","41.4734"
"248.3220","3.3754","41.4937"
"248.3420","3.3754","41.4700"
"248.3620","3.3754","41.4258"
"248.3820","3.3754","41.3679"
"248.4020","3.3754","41.3822"
"248.4220","3.3754","41.3908"
"248.4420","3.3754","41.3478"
"248.4620","3.3754","41.2883"
"248.4820","3.3754","41.2510"
"248.5020","3.3754","41.2679"
"248.5220","3.3754","41.3805"
"248.5420","3.3754","41.4364"
"248.5620","3.3754","41.3996"
"248.5820","3.3754","41.3583"
"248.6020","3.3754","41.3759"
"248.6220","3.3754","41.4816"
"248.6420","3.3754","41.5045"
"248.6620","3.3754","41.4576"
"248.6820","3.3754","41.4334"
"248.7020","3.3754","41.4493"
"248.7220","3.3754","41.3753"
"248.7420","3.3754","41.3633"
"248.7620","3.3754","41.4154"
"248.7820","3.3754","41.4057"
"248.8020","3.3754","41.3636"
"248.8220","3.3754","41.3622"
"248.8420","3.3754","41.3688"
"248.8620","3.3754","41.3646"
"248.8820","3.3754","41.4941"
"248.9020","3.3754","41.4616"
"248.9220","3.3754","41.3394"
"248.9420","3.3754","41.3498"
"248.9620","3.3754","41.4402"
"248.9820","3.3754","41.4666"
"249.0020","3.3754","41.4121"
"249.0220","3.3754","41.3337"
"249.0420","3.3754","41.2667"
"249.0620","3.3754","41.2497"
"249.0820","3.3754","41.3329"
"249.1020","3.3754","41.4180"
"249.1220","3.3754","41.4540"
"249.1420","3.3754","41.4334"
"249.1620","3.3754","41.3571"
"249.1820","3.3754","41.4031"
"249.2020","3.3754","41.4228"
"249.2220","3.3754","41.4142"
"249.2420","3.3754","41.4100"
"249.2620","3.3754","41.3349"
"249.2820","3.3754","41.2896"
"249.3020","3.3754","41.3547"
"249.3220","3.3754","41.3046"
"249.3420","3.3754","41.3218"
"249.3620","3.3754","41.3509"
"249.3820","3.3754","41.2771"
"249.4020","3.3754","41.3353"
"249.4220","3.3754","41.3464"
"249.4420","3.3754","41.3137"
"249.4620","3.3754","41.3267"
"249.4820","3.3754","41.3584"
"249.5020","3.3754","41.3312"
"249.5220","3.3754","41.2916"
"249.5420","3.3754","41.2564"
"249.5620","3.3754","41.3263"
"249.5820","3.3754","41.3729"
"249.6020","3.3754","41.3351"
"249.6220","3.3754","41.2887"
"249.6420","3.3754","41.2797"
"249.6620","3.3754","41.2645"
"249.6820","3.3754","41.3231"
"249.7020","3.3754","41.3239"
"249.7220","3.3754","41.3255"
"249.7420","3.3754","41.3768"
"249.7620","3.3754","41.3409"
"249.7820","3.3754","41.3216"
"249.8020","3.3754","41.3314"
"249.8220","3.3754","41.3172"
"249.8420","3.3754","41.3400"
"249.8620","3.3754","41.3265"
"249.8820","3.3754","41.3270"
"249.9020","3.3754","41.2598"
"249.9220","3.3754","41.2010"
"249.9420","3.3754","41.2993"
"249.9620","3.3754","41.3144"
"249.9820","3.3754","41.2163"
"250.0020","3.3754","41.2306"
"250.0220","3.3754","41.2330"
"250.0420","3.3754","41.2727"
"250.0620","3.3754","41.2437"
"250.0820","3.3754","41.3164"
"250.1020","3.3754","41.3138"
"250.1220","3.3754","41.3423"
"250.1420","3.3754","41.2819"
"250.1620","3.3754","41.2882"
"250.1820","3.3754","41.2869"
"250.2020","3.3754","41.3222"
"250.2220","3.3754","41.3170"
"250.2420","3.3754","41.2654"
"250.2620","3.3754","41.2350"
"250.2820","3.3754","41.2259"
"250.3020","3.3754","41.1797"
"250.3220","3.3754","41.1737"
"250.3420","3.3754","41.2337"
"250.3620","3.3754","41.2486"
"250.3820","3.3754","41.2522"
"250.4020","3.3754","41.3292"
"250.4220","3.3754","41.3091"
"250.4420","3.3754","41.2368"
"250.4620","3.3754","41.3247"
"250.4820","3.3754","41.2974"
"250.5020","3.3754","41.2632"
"250.5220","3.3754","41.2470"
"250.5420","3.3754","41.1903"
"250.5620","3.3754","41.2612"
"250.5820","3.3754","41.1850"
"250.6020","3.3754","41.1737"
"250.6220","3.3754","41.2186"
"250.6420","3.3754","41.1858"
"250.6620","3.3754","41.2154"
"250.6820","3.3754","41.2552"
"250.7020","3.3754","41.2668"
"250.7220","3.3754","41.2651"
"250.7420","3.3754","41.2823"
"250.7620","3.3754","41.3034"
"250.7820","3.3754","41.2236"
"250.8020","3.3754","41.2585"
"250.8220","3.3754","41.2646"
"250.8420","3.3754","41.2095"
"250.8620","3.3754","41.2449"
"250.8820","3.3754","41.3442"
"250.9020","3.3754","41.3161"
"250.9220","3.3754","41.2432"
"250.9420","3.3754","41.3024"
"250.9620","3.3754","41.3056"
"250.9820","3.3754","41.2403"
"251.0020","3.3754","41.1581"
"251.0220","3.3754","41.1270"
"251.0420","3.3754","41.1706"
"251.0620","3.3754","41.3151"
"251.0820","3.3754","41.2315"
"251.1020","3.3754","41.1400"
"251.1220","3.3754","41.1726"
"251.1420","3.3754","41.2147"
"251.1620","3.3754","41.2835"
"251.1820","3.3754","41.2391"
"251.2020","3.3754","41.2466"
"251.2220","3.3754","41.2782"
"251.2420","3.3754","41.2048"
"251.2620","3.3754","41.1948"
"251.2820","3.3754","41.2592"
"251.3020","3.3754","41.2646"
"251.3220","3.3754","41.1623"
"251.3420","3.3754","41.2111"
"251.3620","3.3754","41.2649"
"251.3820","3.3754","41.2594"
"251.4020","3.3754","41.2525"
"251.4220","3.3754","41.2292"
"251.4420","3.3754","41.2134"
"251.4620","3.3754","41.1814"
"251.4820","3.3754","41.2422"
"251.5020","3.3754","41.1975"
"251.5220","3.3754","41.2125"
"251.5420","3.3754","41.2210"
"251.5620","3.3754","41.1980"
"251.5820","3.3754","41.1592"
"251.6020","3.3754","41.1553"
"251.6220","3.3754","41.1819"
"251.6420","3.3754","41.1468"
"251.6620","3.3754","41.2184"
"251.6820","3.3754","41.1845"
"251.7020","3.3754","41.2183"
"251.7220","3.3754","41.2887"
"251.7420","3.3754","41.3655"
"251.7620","3.3754","41.2741"
"251.7820","3.3754","41.2340"
"251.8020","3.3754","41.1792"
"251.8220","3.3754","41.1823"
"251.8420","3.3754","41.2293"
"251.8620","3.3754","41.2337"
"251.8820","3.3754","41.1583"
"251.9020","3.3754","41.2032"
"251.9220","3.3754","41.2274"
"251.9420","3.3754","41.1481"
"251.9620","3.3754","41.0946"
"251.9820","3.3754","41.1096"
"252.0020","3.3754","41.1828"
"252.0220","3.3754","41.1545"
"252.0420","3.3754","41.2067"
"252.0620","3.3754","41.2483"
"252.0820","3.3754","41.2509"
"252.1020","3.3754","41.2152"
"252.1220","3.3754","41.2090"
"252.1420","3.3754","41.2773"
"252.1620","3.3754","41.2698"
"252.1820","3.3754","41.2711"
"252.2020","3.3754","41.2144"
"252.2220","3.3754","41.2119"
"252.2420","3.3754","41.1949"
"252.2620","3.3754","41.1869"
"252.2820","3.3754","41.1537"
"252.3020","3.3754","41.1189"
"252.3220","3.3754","41.1374"
"252.3420","3.3754","41.1237"
"252.3620","3.3754","41.1466"
"252.3820","3.3754","41.1165"
"252.4020","3.3754","41.1434"
"252.4220","3.3754","41.1231"
"252.4420","3.3754","41.0558"
"252.4620","3.3754","41.1220"
"252.4820","3.3754","41.1881"
"252.5020","3.3754","41.1539"
"252.5220","3.3754","41.1657"
"252.5420","3.3754","41.2104"
"252.5620","3.3754","41.2379"
"252.5820","3.3754","41.3049"
"252.6020","3.3754","41.2361"
"252.6220","3.3754","41.2176"
"252.6420","3.3754","41.1484"
"252.6620","3.3754","41.1449"
"252.6820","3.3754","41.2272"
"252.7020","3.3754","41.1983"
"252.7220","3.3754","41.1593"
"252.7420","3.3754","41.1080"
"252.7620","3.3754","41.1649"
"252.7820","3.3754","41.2330"
"252.8020","3.3754","41.1894"
"252.8220","3.3754","41.1098"
"252.8420","3.3754","41.1320"
"252.8620","3.3754","41.2207"
"252.8820","3.3754","41.2906"
"252.9020","3.3754","41.2543"
"252.9220","3.3754","41.2115"
"252.9420","3.3754","41.2146"
"252.9620","3.3754","41.1074"
"252.9820","3.3754","41.0822"
"253.0020","3.3754","41.0621"
"253.0220","3.3754","41.0323"
"253.0420","3.3754","41.1501"
"253.0620","3.3754","41.1832"
"253.0820","3.3754","41.2169"
"253.1020","3.3754","41.1842"
"253.1220","3.3754","41.1993"
"253.1420","3.3754","41.2077"
"253.1620","3.3754","41.1634"
"253.1820","3.3754","41.0996"
"253.2020","3.3754","41.1248"
"253.2220","3.3754","41.1561"
"253.2420","3.3754","41.1762"
"253.2620","3.3754","41.1781"
"253.2820","3.3754","41.1274"
"253.3020","3.3754","41.1110"
"253.3220","3.3754","41.0392"
"253.3420","3.3754","41.0175"
"253.3620","3.3754","41.1117"
"253.3820","3.3754","41.2326"
"253.4020","3.3754","41.1708"
"253.4220","3.3754","41.1138"
"253.4420","3.3754","41.1319"
"253.4620","3.3754","41.1004"
"253.4820","3.3754","41.1438"
"253.5020","3.3754","41.2204"
"253.5220","3.3754","41.1585"
"253.5420","3.3754","41.0683"
"253.5620","3.3754","41.0545"
"253.5820","3.3754","41.1386"
"253.6020","3.3754","41.1294"
"253.6220","3.3754","41.0693"
"253.6420","3.3754","41.1229"
"253.6620","3.3754","41.1379"
"253.6820","3.3754","41.0620"
"253.7020","3.3754","41.0263"
"253.7220","3.3754","41.0577"
"253.7420","3.3754","41.1111"
"253.7620","3.3754","41.1007"
"253.7820","3.3754","41.1070"
"253.8020","3.3754","41.0401"
"253.8220","3.3754","41.0657"
"253.8420","3.3754","41.0931"
"253.8620","3.3754","41.1453"
"253.8820","3.3754","41.0939"
"253.9020","3.3754","41.1964"
"253.9220","3.3754","41.1899"
"253.9420","3.3754","41.1583"
"253.9620","3.3754","41.1395"
"253.9820","3.3754","41.1725"
"254.0020","3.3754","41.1419"
"254.0220","3.3754","41.0892"
"254.0420","3.3754","41.0433"
"254.0620","3.3754","41.0847"
"254.0820","3.3754","41.1576"
"254.1020","3.3754","41.1257"
"254.1220","3.3754","41.0836"
"254.1420","3.3754","41.0093"
"254.1620","3.3754","41.0196"
"254.1820","3.3754","41.0694"
"254.2020","3.3754","41.0363"
"254.2220","3.3754","41.0319"
"254.2420","3.3754","41.0518"
"254.2620","3.3754","41.1096"
"254.2820","3.3754","41.0315"
"254.3020","3.3754","41.0356"
"254.3220","3.3754","41.0602"
"254.3420","3.3754","41.0327"
"254.3620","3.3754","41.0780"
"254.3820","3.3754","41.0095"
"254.4020","3.3754","40.9953"
"254.4220","3.3754","41.1015"
"254.4420","3.3754","41.0460"
"254.4620","3.3754","41.0324"
"254.4820","3.3754","41.0522"
"254.5020","3.3754","41.0972"
"254.5220","3.3754","41.1038"
"254.5420","3.3754","41.0784"
"254.5620","3.3754","41.0996"
"254.5820","3.3754","41.1469"
"254.6020","3.3754","41.1736"
"254.6220","3.3754","41.1149"
"254.6420","3.3754","41.0447"
"254.6620","3.3754","41.0113"
"254.6820","3.3754","41.0175"
"254.7020","3.3754","41.1040"
"254.7220","3.3754","41.1102"
"254.7420","3.3754","41.1059"
"254.7620","3.3754","41.0878"
"254.7820","3.3754","41.0917"
"254.8020","3.3754","41.1041"
"254.8220","3.3754","41.1054"
"254.8420","3.3754","41.1271"
"254.8620","3.3754","41.1473"
"254.8820","3.3754","41.1675"
"254.9020","3.3754","41.0928"
"254.9220","3.3754","41.0599"
"254.9420","3.3754","41.0366"
"254.9620","3.3754","41.0059"
"254.9820","3.3754","41.0583"
"255.0020","3.3754","41.0409"
"255.0220","3.3754","41.0389"
"255.0420","3.3754","41.0292"
"255.0620","3.3754","41.0994"
"255.0820","3.3754","41.1178"
"255.1020","3.3754","41.0491"
"255.1220","3.3754","40.9990"
"255.1420","3.3754","41.0612"
"255.1620","3.3754","41.0912"
"255.1820","3.3754","41.0304"
"255.2020","3.3754","41.0198"
"255.2220","3.3754","41.0503"
"255.2420","3.3754","40.9645"
"255.2620","3.3754","40.9385"
"255.2820","3.3754","41.0635"
"255.3020","3.3754","41.1226"
"255.3220","3.3754","41.1734"
"255.3420","3.3754","41.1097"
"255.3620","3.3754","41.0351"
"255.3820","3.3754","40.9914"
"255.4020","3.3754","40.9725"
"255.4220","3.3754","41.0092"
"255.4420","3.3754","41.0259"
"255.4620","3.3754","41.0263"
"255.4820","3.3754","41.0448"
"255.5020","3.3754","41.0238"
"255.5220","3.3754","41.0436"
"255.5420","3.3754","41.0422"
"255.5620","3.3754","40.9587"
"255.5820","3.3754","40.9912"
"255.6020","3.3754","40.9264"
"255.6220","3.3754","40.9585"
"255.6420","3.3754","41.0012"
"255.6620","3.3754","41.0909"
"255.6820","3.3754","41.0778"
"255.7020","3.3754","41.0675"
"255.7220","3.3754","41.0627"
"255.7420","3.3754","41.0072"
"255.7620","3.3754","40.9932"
"255.7820","3.3754","41.0746"
"255.8020","3.3754","41.1447"
"255.8220","3.3754","41.0725"
"255.8420","3.3754","41.0316"
"255.8620","3.3754","41.0305"
"255.8820","3.3754","41.0196"
"255.9020","3.3754","40.9873"
"255.9220","3.3754","40.9806"
"255.9420","3.3754","41.0036"
"255.9620","3.3754","41.0121"
"255.9820","3.3754","40.9512"
"256.0020","3.3754","41.0138"
"256.0220","3.3754","41.0620"
"256.0420","3.3754","41.0266"
"256.0620","3.3754","40.9705"
"256.0820","3.3754","41.0341"
"256.1020","3.3754","41.0609"
"256.1220","3.3754","41.0441"
"256.1420","3.3754","40.9707"
"256.1620","3.3754","41.0219"
"256.1820","3.3754","41.0164"
"256.2020","3.3754","41.0062"
"256.2220","3.3754","41.0180"
"256.2420","3.3754","41.0373"
"256.2620","3.3754","40.9984"
"256.2820","3.3754","41.0526"
"256.3020","3.3754","41.0589"
"256.3220","3.3754","41.0068"
"256.3420","3.3754","40.9762"
"256.3620","3.3754","40.9911"
"256.3820","3.3754","41.0362"
"256.4020","3.3754","41.0060"
"256.4220","3.3754","41.0113"
"256.4420","3.3754","41.0343"
"256.4620","3.3754","41.0329"
"256.4820","3.3754","41.0323"
"256.5020","3.3754","40.9932"
"256.5220","3.3754","40.9566"
"256.5420","3.3754","41.0678"
"256.5620","3.3754","41.1257"
"256.5820","3.3754","41.1280"
"256.6020","3.3754","41.0022"
"256.6220","3.3754","40.9838"
"256.6420","3.3754","41.0545"
"256.6620","3.3754","41.1107"
"256.6820","3.3754","41.0787"
"256.7020","3.3754","41.0980"
"256.7220","3.3754","41.0224"
"256.7420","3.3754","40.9978"
"256.7620","3.3754","40.9685"
"256.7820","3.3754","41.0126"
"256.8020","3.3754","40.9940"
"256.8220","3.3754","40.9852"
"256.8420","3.3754","41.0330"
"256.8620","3.3754","41.1291"
"256.8820","3.3754","41.1244"
"256.9020","3.3754","41.1087"
"256.9220","3.3754","40.9976"
"256.9420","3.3754","40.9647"
"256.9620","3.3754","40.9666"
"256.9820","3.3754","41.0776"
"257.0020","3.3754","41.0810"
"257.0220","3.3754","41.0393"
"257.0420","3.3754","41.0033"
"257.0620","3.3754","40.9948"
"257.0820","3.3754","40.9957"
"257.1020","3.3754","40.9201"
"257.1220","3.3754","40.9476"
"257.1420","3.3754","40.9381"
"257.1620","3.3754","40.9130"
"257.1820","3.3754","40.9992"
"257.2020","3.3754","41.0553"
"257.2220","3.3754","41.0230"
"257.2420","3.3754","40.9405"
"257.2620","3.3754","40.9393"
"257.2820","3.3754","40.8969"
"257.3020","3.3754","40.9719"
"257.3220","3.3754","40.9676"
"257.3420","3.3754","40.8801"
"257.3620","3.3754","40.8929"
"257.3820","3.3754","40.8740"
"257.4020","3.3754","40.9038"
"257.4220","3.3754","40.8452"
"257.4420","3.3754","40.8647"
"257.4620","3.3754","40.9073"
"257.4820","3.3754","40.9918"
"257.5020","3.3754","40.9767"
"257.5220","3.3754","40.9133"
"257.5420","3.3754","40.9066"
"257.5620","3.3754","40.9148"
"257.5820","3.3754","40.9421"
"257.6020","3.3754","40.9299"
"257.6220","3.3754","40.9602"
"257.6420","3.3754","40.9599"
"257.6620","3.3754","40.8463"
"257.6820","3.3754","40.8305"
"257.7020","3.3754","40.9260"
"257.7220","3.3754","40.9660"
"257.7420","3.3754","40.9526"
"257.7620","3.3754","40.9400"
"257.7820","3.3754","40.8845"
"257.8020","3.3754","40.9159"
"257.8220","3.3754","40.9349"
"257.8420","3.3754","40.8986"
"257.8620","3.3754","40.9051"
"257.8820","3.3754","40.9002"
"257.9020","3.3754","40.8824"
"257.9220","3.3754","40.9433"
"257.9420","3.3754","40.9949"
"257.9620","3.3754","41.0218"
"257.9820","3.3754","40.9872"
"258.0020","3.3754","40.9698"
"258.0220","3.3754","40.9287"
"258.0420","3.3754","40.9669"
"258.0620","3.3754","40.9560"
"258.0820","3.3754","40.9173"
"258.1020","3.3754","40.9294"
"258.1220","3.3754","40.9246"
"258.1420","3.3754","40.9455"
"258.1620","3.3754","40.8810"
"258.1820","3.3754","40.8490"
"258.2020","3.3754","40.8655"
"258.2220","3.3754","40.8453"
"258.2420","3.3754","40.8192"
"258.2620","3.3754","40.9080"
"258.2820","3.3754","40.9581"
"258.3020","3.3754","40.9551"
"258.3220","3.3754","40.9055"
"258.3420","3.3754","40.8627"
"258.3620","3.3754","40.7654"
"258.3820","3.3754","40.8901"
"258.4020","3.3754","41.0046"
"258.4220","3.3754","41.0055"
"258.4420","3.3754","40.9802"
"258.4620","3.3754","40.9370"
"258.4820","3.3754","40.8955"
"258.5020","3.3754","40.9353"
"258.5220","3.3754","40.9680"
"258.5420","3.3754","40.8966"
"258.5620","3.3754","40.9394"
"258.5820","3.3754","41.0291"
"258.6020","3.3754","41.0701"
"258.6220","3.3754","40.9854"
"258.6420","3.3754","40.9493"
"258.6620","3.3754","40.9463"
"258.6820","3.3754","40.9665"
"258.7020","3.3754","40.8751"
"258.7220","3.3754","40.8824"
"258.7420","3.3754","40.8476"
"258.7620","3.3754","40.8258"
"258.7820","3.3754","40.8524"
"258.8020","3.3754","40.8803"
"258.8220","3.3754","40.9022"
"258.8420","3.3754","40.9129"
"258.8620","3.3754","41.0323"
"258.8820","3.3754","41.0710"
"258.9020","3.3754","41.0512"
"258.9220","3.3754","41.0308"
"258.9420","3.3754","41.0096"
"258.9620","3.3754","40.9644"
"258.9820","3.3754","40.8935"
"259.0020","3.3754","40.9861"
"259.0220","3.3754","41.0043"
"259.0420","3.3754","40.9453"
"259.0620","3.3754","40.8630"
"259.0820","3.3754","40.7328"
"259.1020","3.3754","40.7825"
"259.1220","3.3754","40.8184"
"259.1420","3.3754","40.9545"
"259.1620","3.3754","40.9645"
"259.1820","3.3754","40.8964"
"259.2020","3.3754","40.7601"
"259.2220","3.3754","40.7713"
"259.2420","3.3754","40.7684"
"259.2620","3.3754","40.8510"
"259.2820","3.3754","40.9737"
"259.3020","3.3754","41.0466"
"259.3220","3.3754","40.9992"
"259.3420","3.3754","40.9093"
"259.3620","3.3754","40.8672"
"259.3820","3.3754","40.8516"
"259.4020","3.3754","40.8768"
"259.4220","3.3754","40.8979"
"259.4420","3.3754","40.9110"
"259.4620","3.3754","40.9755"
"259.4820","3.3754","40.9705"
"259.5020","3.3754","40.9369"
"259.5220","3.3754","40.9287"
"259.5420","3.3754","40.9321"
"259.5620","3.3754","40.8656"
"259.5820","3.3754","40.9204"
"259.6020","3.3754","40.9507"
"259.6220","3.3754","40.9019"
"259.6420","3.3754","40.9451"
"259.6620","3.3754","40.8880"
"259.6820","3.3754","40.9045"
"259.7020","3.3754","40.9177"
"259.7220","3.3754","40.9778"
"259.7420","3.3754","41.0335"
"259.7620","3.3754","40.9240"
"259.7820","3.3754","40.7799"
"259.8020","3.3754","40.8529"
"259.8220","3.3754","40.8971"
"259.8420","3.3754","40.9084"
"259.8620","3.3754","40.8878"
"259.8820","3.3754","40.8597"
"259.9020","3.3754","40.8295"
"259.9220","3.3754","40.8600"
"259.9420","3.3754","40.9110"
"259.9620","3.3754","40.9114"
"259.9820","3.3754","40.8550"
"260.0020","3.3754","40.8498"
"260.0220","3.3754","40.9456"
"260.0420","3.3754","40.9552"
"260.0620","3.3754","40.9218"
"260.0820","3.3754","40.8807"
"260.1020","3.3754","40.8784"
"260.1220","3.3754","40.9107"
"260.1420","3.3754","40.9312"
"260.1620","3.3754","40.8789"
"260.1820","3.3754","40.8167"
"260.2020","3.3754","40.8282"
"260.2220","3.3754","40.8388"
"260.2420","3.3754","40.8501"
"260.2620","3.3754","40.9350"
"260.2820","3.3754","40.9767"
"260.3020","3.3754","40.8990"
"260.3220","3.3754","40.8743"
"260.3420","3.3754","40.8380"
"260.3620","3.3754","40.8711"
"260.3820","3.3754","40.8217"
"260.4020","3.3754","40.8092"
"260.4220","3.3754","40.8185"
"260.4420","3.3754","40.7637"
"260.4620","3.3754","40.7851"
"260.4820","3.3754","40.8334"
"260.5020","3.3754","40.9134"
"260.5220","3.3754","40.9013"
"260.5420","3.3754","40.9271"
"260.5620","3.3754","40.9697"
"260.5820","3.3754","40.9615"
"260.6020","3.3754","40.9405"
"260.6220","3.3754","40.8631"
"260.6420","3.3754","40.8414"
"260.6620","3.3754","40.8754"
"260.6820","3.3754","40.8237"
"260.7020","3.3754","40.8607"
"260.7220","3.3754","40.8266"
"260.7420","3.3754","40.8279"
"260.7620","3.3754","40.8041"
"260.7820","3.3754","40.8185"
"260.8020","3.3754","40.8930"
"260.8220","3.3754","40.9903"
"260.8420","3.3754","40.9428"
"260.8620","3.3754","40.7911"
"260.8820","3.3754","40.8374"
"260.9020","3.3754","40.8925"
"260.9220","3.3754","40.9068"
"260.9420","3.3754","40.9154"
"260.9620","3.3754","40.8993"
"260.9820","3.3754","40.9792"
"261.0020","3.3754","40.9217"
"261.0220","3.3754","40.9287"
"261.0420","3.3754","40.9315"
"261.0620","3.3754","40.9010"
"261.0820","3.3754","40.8721"
"261.1020","3.3754","40.8193"
"261.1220","3.3754","40.8092"
"261.1420","3.3754","40.8111"
"261.1620","3.3754","40.8132"
"261.1820","3.3754","40.8645"
"261.2020","3.3754","40.8692"
"261.2220","3.3754","40.7641"
"261.2420","3.3754","40.7796"
"261.2620","3.3754","40.8300"
"261.2820","3.3754","40.9080"
"261.3020","3.3754","40.9359"
"261.3220","3.3754","40.8573"
"261.3420","3.3754","40.8146"
"261.3620","3.3754","40.8291"
"261.3820","3.3754","40.8504"
"261.4020","3.3754","40.8320"
"261.4220","3.3754","40.7564"
"261.4420","3.3754","40.7983"
"261.4620","3.3754","40.8537"
"261.4820","3.3754","40.8300"
"261.5020","3.3754","40.8184"
"261.5220","3.3754","40.8312"
"261.5420","3.3754","40.8132"
"261.5620","3.3754","40.7813"
"261.5820","3.3754","40.8910"
"261.6020","3.3754","40.8782"
"261.6220","3.3754","40.9182"
"261.6420","3.3754","40.9328"
"261.6620","3.3754","40.9097"
"261.6820","3.3754","40.9253"
"261.7020","3.3754","40.8192"
"261.7220","3.3754","40.8348"
"261.7420","3.3754","40.8787"
"261.7620","3.3754","40.8527"
"261.7820","3.3754","40.8509"
"261.8020","3.3754","40.8396"
"261.8220","3.3754","40.8324"
"261.8420","3.3754","40.9053"
"261.8620","3.3754","40.8491"
"261.8820","3.3754","40.7958"
"261.9020","3.3754","40.7731"
"261.9220","3.3754","40.7673"
"261.9420","3.3754","40.8258"
"261.9620","3.3754","40.9167"
"261.9820","3.3754","40.8952"
"262.0020","3.3754","40.8362"
"262.0220","3.3754","40.8145"
"262.0420","3.3754","40.8273"
"262.0620","3.3754","40.8376"
"262.0820","3.3754","40.8339"
"262.1020","3.3754","40.8482"
"262.1220","3.3754","40.8892"
"262.1420","3.3754","40.8166"
"262.1620","3.3754","40.7917"
"262.1820","3.3754","40.8057"
"262.2020","3.3754","40.7814"
"262.2220","3.3754","40.7107"
"262.2420","3.3754","40.8000"
"262.2620","3.3754","40.8148"
"262.2820","3.3754","40.9176"
"262.3020","3.3754","40.8576"
"262.3220","3.3754","40.8606"
"262.3420","3.3754","40.8643"
"262.3620","3.3754","40.9145"
"262.3820","3.3754","40.9030"
"262.4020","3.3754","40.9054"
"262.4220","3.3754","40.8407"
"262.4420","3.3754","40.7831"
"262.4620","3.3754","40.8475"
"262.4820","3.3754","40.7762"
"262.5020","3.3754","40.7467"
"262.5220","3.3754","40.7076"
"262.5420","3.3754","40.7550"
"262.5620","3.3754","40.7818"
"262.5820","3.3754","40.8304"
"262.6020","3.3754","40.8375"
"262.6220","3.3754","40.7903"
"262.6420","3.3754","40.8725"
"262.6620","3.3754","40.8549"
"262.6820","3.3754","40.7771"
"262.7020","3.3754","40.8173"
"262.7220","3.3754","40.8591"
"262.7420","3.3754","40.8678"
"262.7620","3.3754","40.8017"
"262.7820","3.3754","40.7539"
"262.8020","3.3754","40.7220"
"262.8220","3.3754","40.6728"
"262.8420","3.3754","40.7212"
"262.8620","3.3754","40.7629"
"262.8820","3.3754","40.8305"
"262.9020","3.3754","40.8568"
"262.9220","3.3754","40.8451"
"262.9420","3.3754","40.7899"
"262.9620","3.3754","40.7684"
"262.9820","3.3754","40.7156"
"263.0020","3.3754","40.7666"
"263.0220","3.3754","40.7888"
"263.0420","3.3754","40.8440"
"263.0620","3.3754","40.8763"
"263.0820","3.3754","40.8831"
"263.1020","3.3754","40.8197"
"263.1220","3.3754","40.7798"
"263.1420","3.3754","40.7259"
"263.1620","3.3754","40.8112"
"263.1820","3.3754","40.8228"
"263.2020","3.3754","40.7493"
"263.2220","3.3754","40.7129"
"263.2420","3.3754","40.7251"
"263.2620","3.3754","40.7690"
"263.2820","3.3754","40.8474"
"263.3020","3.3754","40.7870"
"263.3220","3.3754","40.7003"
"263.3420","3.3754","40.7584"
"263.3620","3.3754","40.7595"
"263.3820","3.3754","40.7774"
"263.4020","3.3754","40.7477"
"263.4220","3.3754","40.7368"
"263.4420","3.3754","40.8492"
"263.4620","3.3754","40.8352"
"263.4820","3.3754","40.8053"
"263.5020","3.3754","40.8324"
"263.5220","3.3754","40.8417"
"263.5420","3.3754","40.8873"
"263.5620","3.3754","40.7794"
"263.5820","3.3754","40.7809"
"263.6020","3.3754","40.8233"
"263.6220","3.3754","40.7714"
"263.6420","3.3754","40.7616"
"263.6620","3.3754","40.7645"
"263.6820","3.3754","40.7988"
"263.7020","3.3754","40.7065"
"263.7220","3.3754","40.7697"
"263.7420","3.3754","40.7518"
"263.7620","3.3754","40.7327"
"263.7820","3.3754","40.8055"
"263.8020","3.3754","40.8446"
"263.8220","3.3754","40.8029"
"263.8420","3.3754","40.8615"
"263.8620","3.3754","40.8024"
"263.8820","3.3754","40.7183"
"263.9020","3.3754","40.7911"
"263.9220","3.3754","40.8566"
"263.9420","3.3754","40.8585"
"263.9620","3.3754","40.7721"
"263.9820","3.3754","40.7375"
"264.0020","3.3754","40.7879"
"264.0220","3.3754","40.8419"
"264.0420","3.3754","40.8296"
"264.0620","3.3754","40.8251"
"264.0820","3.3754","40.8314"
"264.1020","3.3754","40.7715"
"264.1220","3.3754","40.7183"
"264.1420","3.3754","40.7416"
"264.1620","3.3754","40.7415"
"264.1820","3.3754","40.7709"
"264.2020","3.3754","40.8109"
"264.2220","3.3754","40.7772"
"264.2420","3.3754","40.7879"
"264.2620","3.3754","40.8279"
"264.2820","3.3754","40.7892"
"264.3020","3.3754","40.8229"
"264.3220","3.3754","40.7563"
"264.3420","3.3754","40.7604"
"264.3620","3.3754","40.7254"
"264.3820","3.3754","40.6962"
"264.4020","3.3754","40.8213"
"264.4220","3.3754","40.8530"
"264.4420","3.3754","40.8121"
"264.4620","3.3754","40.7713"
"264.4820","3.3754","40.7266"
"264.5020","3.3754","40.7223"
"264.5220","3.3754","40.7375"
"264.5420","3.3754","40.7992"
"264.5620","3.3754","40.8604"
"264.5820","3.3754","40.8038"
"264.6020","3.3754","40.8029"
"264.6220","3.3754","40.7541"
"264.6420","3.3754","40.7103"
"264.6620","3.3754","40.7016"
"264.6820","3.3754","40.7930"
"264.7020","3.3754","40.8836"
"264.7220","3.3754","40.7977"
"264.7420","3.3754","40.7636"
"264.7620","3.3754","40.7735"
"264.7820","3.3754","40.7906"
"264.8020","3.3754","40.8481"
"264.8220","3.3754","40.8098"
"264.8420","3.3754","40.8946"
"264.8620","3.3754","40.8644"
"264.8820","3.3754","40.7432"
"264.9020","3.3754","40.6759"
"264.9220","3.3754","40.8204"
"264.9420","3.3754","40.8005"
"264.9620","3.3754","40.7890"
"264.9820","3.3754","40.7476"
"265.0020","3.3754","40.7168"
"265.0220","3.3754","40.7584"
"265.0420","3.3754","40.7778"
"265.0620","3.3754","40.6986"
"265.0820","3.3754","40.6730"
"265.1020","3.3754","40.7015"
"265.1220","3.3754","40.7521"
"265.1420","3.3754","40.7527"
"265.1620","3.3754","40.8016"
"265.1820","3.3754","40.7953"
"265.2020","3.3754","40.8094"
"265.2220","3.3754","40.8497"
"265.2420","3.3754","40.7668"
"265.2620","3.3754","40.8592"
"265.2820","3.3754","40.8355"
"265.3020","3.3754","40.8183"
"265.3220","3.3754","40.8522"
"265.3420","3.3754","40.8712"
"265.3620","3.3754","40.7870"
"265.3820","3.3754","40.7972"
"265.4020","3.3754","40.7786"
"265.4220","3.3754","40.7249"
"265.4420","3.3754","40.7272"
"265.4620","3.3754","40.6513"
"265.4820","3.3754","40.7641"
"265.5020","3.3754","40.8311"
"265.5220","3.3754","40.7883"
"265.5420","3.3754","40.7944"
"265.5620","3.3754","40.7634"
"265.5820","3.3754","40.7587"
"265.6020","3.3754","40.7197"
"265.6220","3.3754","40.6627"
"265.6420","3.3754","40.6558"
"265.6620","3.3754","40.7198"
"265.6820","3.3754","40.7543"
"265.7020","3.3754","40.8018"
"265.7220","3.3754","40.8310"
"265.7420","3.3754","40.7922"
"265.7620","3.3754","40.7958"
"265.7820","3.3754","40.8019"
"265.8020","3.3754","40.8286"
"265.8220","3.3754","40.8421"
"265.8420","3.3754","40.8559"
"265.8620","3.3754","40.8316"
"265.8820","3.3754","40.8397"
"265.9020","3.3754","40.8257"
"265.9220","3.3754","40.7631"
"265.9420","3.3754","40.7804"
"265.9620","3.3754","40.7971"
"265.9820","3.3754","40.7910"
"266.0020","3.3754","40.8057"
"266.0220","3.3754","40.7121"
"266.0420","3.3754","40.6800"
"266.0620","3.3754","40.7136"
"266.0820","3.3754","40.7085"
"266.1020","3.3754","40.7390"
"266.1220","3.3754","40.7679"
"266.1420","3.3754","40.7372"
"266.1620","3.3754","40.7906"
"266.1820","3.3754","40.7806"
"266.2020","3.3754","40.7713"
"266.2220","3.3754","40.8222"
"266.2420","3.3754","40.7963"
"266.2620","3.3754","40.6808"
"266.2820","3.3754","40.7428"
"266.3020","3.3754","40.6975"
"266.3220","3.3754","40.7083"
"266.3420","3.3754","40.7001"
"266.3620","3.3754","40.7474"
"266.3820","3.3754","40.7408"
"266.4020","3.3754","40.7596"
"266.4220","3.3754","40.7411"
"266.4420","3.3754","40.7311"
"266.4620","3.3754","40.7749"
"266.4820","3.3754","40.7603"
"266.5020","3.3754","40.7674"
"266.5220","3.3754","40.6945"
"266.5420","3.3754","40.7069"
"266.5620","3.3754","40.7093"
"266.5820","3.3754","40.7855"
"266.6020","3.3754","40.8256"
"266.6220","3.3754","40.7991"
"266.6420","3.3754","40.8223"
"266.6620","3.3754","40.7416"
"266.6820","3.3754","40.7193"
"266.7020","3.3754","40.7347"
"266.7220","3.3754","40.7957"
"266.7420","3.3754","40.7509"
"266.7620","3.3754","40.7012"
"266.7820","3.3754","40.7063"
"266.8020","3.3754","40.6815"
"266.8220","3.3754","40.7240"
"266.8420","3.3754","40.7227"
"266.8620","3.3754","40.7248"
"266.8820","3.3754","40.7672"
"266.9020","3.3754","40.7655"
"266.9220","3.3754","40.7124"
"266.9420","3.3754","40.7577"
"266.9620","3.3754","40.8666"
"266.9820","3.3754","40.8486"
"267.0020","3.3754","40.8402"
"267.0220","3.3754","40.7485"
"267.0420","3.3754","40.7559"
"267.0620","3.3754","40.7356"
"267.0820","3.3754","40.7768"
"267.1020","3.3754","40.8014"
"267.1220","3.3754","40.8170"
"267.1420","3.3754","40.7422"
"267.1620","3.3754","40.7349"
"267.1820","3.3754","40.7581"
"267.2020","3.3754","40.7673"
"267.2220","3.3754","40.7540"
"267.2420","3.3754","40.7439"
"267.2620","3.3754","40.8068"
"267.2820","3.3754","40.8799"
"267.3020","3.3754","40.8458"
"267.3220","3.3754","40.7510"
"267.3420","3.3754","40.7421"
"267.3620","3.3754","40.7879"
"267.3820","3.3754","40.8164"
"267.4020","3.3754","40.8452"
"267.4220","3.3754","40.7398"
"267.4420","3.3754","40.7290"
"267.4620","3.3754","40.7565"
"267.4820","3.3754","40.7586"
"267.5020","3.3754","40.7671"
"267.5220","3.3754","40.7917"
"267.5420","3.3754","40.8168"
"267.5620","3.3754","40.7993"
"267.5820","3.3754","40.8290"
"267.6020","3.3754","40.7901"
"267.6220","3.3754","40.7402"
"267.6420","3.3754","40.7666"
"267.6620","3.3754","40.8725"
"267.6820","3.3754","40.8669"
"267.7020","3.3754","40.7305"
"267.7220","3.3754","40.6976"
"267.7420","3.3754","40.7577"
"267.7620","3.3754","40.7027"
"267.7820","3.3754","40.7984"
"267.8020","3.3754","40.7442"
"267.8220","3.3754","40.7829"
"267.8420","3.3754","40.7553"
"267.8620","3.3754","40.8234"
"267.8820","3.3754","40.7389"
"267.9020","3.3754","40.6750"
"267.9220","3.3754","40.6344"
"267.9420","3.3754","40.7116"
"267.9620","3.3754","40.7588"
"267.9820","3.3754","40.7656"
"268.0020","3.3754","40.6813"
"268.0220","3.3754","40.7136"
"268.0420","3.3754","40.7569"
"268.0620","3.3754","40.7682"
"268.0820","3.3754","40.7522"
"268.1020","3.3754","40.7865"
"268.1220","3.3754","40.8497"
"268.1420","3.3754","40.7759"
"268.1620","3.3754","40.6681"
"268.1820","3.3754","40.6230"
"268.2020","3.3754","40.6615"
"268.2220","3.3754","40.7245"
"268.2420","3.3754","40.7783"
"268.2620","3.3754","40.7740"
"268.2820","3.3754","40.7209"
"268.3020","3.3754","40.7625"
"268.3220","3.3754","40.7409"
"268.3420","3.3754","40.7797"
"268.3620","3.3754","40.7383"
"268.3820","3.3754","40.7280"
"268.4020","3.3754","40.7005"
"268.4220","3.3754","40.7522"
"268.4420","3.3754","40.8048"
"268.4620","3.3754","40.8054"
"268.4820","3.3754","40.7844"
"268.5020","3.3754","40.7427"
"268.5220","3.3754","40.6926"
"268.5420","3.3754","40.6500"
"268.5620","3.3754","40.6863"
"268.5820","3.3754","40.7584"
"268.6020","3.3754","40.8229"
"268.6220","3.3754","40.8095"
"268.6420","3.3754","40.7355"
"268.6620","3.3754","40.7508"
"268.6820","3.3754","40.7681"
"268.7020","3.3754","40.7569"
"268.7220","3.3754","40.7061"
"268.7420","3.3754","40.7808"
"268.7620","3.3754","40.8197"
"268.7820","3.3754","40.8732"
"268.8020","3.3754","40.8764"
"268.8220","3.3754","40.7520"
"268.8420","3.3754","40.6326"
"268.8620","3.3754","40.6806"
"268.8820","3.3754","40.6730"
"268.9020","3.3754","40.7336"
"268.9220","3.3754","40.7874"
"268.9420","3.3754","40.8014"
"268.9620","3.3754","40.7689"
"268.9820","3.3754","40.7092"
"269.0020","3.3754","40.6704"
"269.0220","3.3754","40.6251"
"269.0420","3.3754","40.6272"
"269.0620","3.3754","40.6842"
"269.0820","3.3754","40.7779"
"269.1020","3.3754","40.7779"
"269.1220","3.3754","40.7260"
"269.1420","3.3754","40.6982"
"269.1620","3.3754","40.7293"
"269.1820","3.3754","40.7448"
"269.2020","3.3754","40.6670"
"269.2220","3.3754","40.7141"
"269.2420","3.3754","40.7538"
"269.2620","3.3754","40.7181"
"269.2820","3.3754","40.7314"
"269.3020","3.3754","40.7735"
"269.3220","3.3754","40.7627"
"269.3420","3.3754","40.7100"
"269.3620","3.3754","40.7946"
"269.3820","3.3754","40.7688"
"269.4020","3.3754","40.7263"
"269.4220","3.3754","40.7693"
"269.4420","3.3754","40.7745"
"269.4620","3.3754","40.7099"
"269.4820","3.3754","40.7250"
"269.5020","3.3754","40.7398"
"269.5220","3.3754","40.6731"
"269.5420","3.3754","40.7471"
"269.5620","3.3754","40.8172"
"269.5820","3.3754","40.7299"
"269.6020","3.3754","40.7206"
"269.6220","3.3754","40.7404"
"269.6420","3.3754","40.7609"
"269.6620","3.3754","40.7270"
"269.6820","3.3754","40.6611"
"269.7020","3.3754","40.6832"
"269.7220","3.3754","40.7876"
"269.7420","3.3754","40.7881"
"269.7620","3.3754","40.7167"
"269.7820","3.3754","40.6897"
"269.8020","3.3754","40.6787"
"269.8220","3.3754","40.7344"
"269.8420","3.3754","40.7636"
"269.8620","3.3754","40.7660"
"269.8820","3.3754","40.7366"
"269.9020","3.3754","40.6858"
"269.9220","3.3754","40.6842"
"269.9420","3.3754","40.6945"
"269.9620","3.3754","40.7095"
"269.9820","3.3754","40.7014"
"270.0020","3.3754","40.7158"
"270.0220","3.3754","40.7747"
"270.0420","3.3754","40.6962"
"270.0620","3.3754","40.7231"
"270.0820","3.3754","40.7000"
"270.1020","3.3754","40.7236"
"270.1220","3.3754","40.6948"
"270.1420","3.3754","40.6863"
"270.1620","3.3754","40.6948"
"270.1820","3.3754","40.7169"
"270.2020","3.3754","40.7575"
"270.2220","3.3754","40.7464"
"270.2420","3.3754","40.6686"
"270.2620","3.3754","40.6254"
"270.2820","3.3754","40.6989"
"270.3020","3.3754","40.7182"
"270.3220","3.3754","40.7364"
"270.3420","3.3754","40.7213"
"270.3620","3.3754","40.7910"
"270.3820","3.3754","40.7859"
"270.4020","3.3754","40.6913"
"270.4220","3.3754","40.6474"
"270.4420","3.3754","40.6702"
"270.4620","3.3754","40.7046"
"270.4820","3.3754","40.7532"
"270.5020","3.3754","40.7676"
"270.5220","3.3754","40.7702"
"270.5420","3.3754","40.7129"
"270.5620","3.3754","40.6092"
"270.5820","3.3754","40.6148"
"270.6020","3.3754","40.6854"
"270.6220","3.3754","40.6511"
"270.6420","3.3754","40.7144"
"270.6620","3.3754","40.7393"
"270.6820","3.3754","40.6802"
"270.7020","3.3754","40.6928"
"270.7220","3.3754","40.5924"
"270.7420","3.3754","40.5905"
"270.7620","3.3754","40.5963"
"270.7820","3.3754","40.7249"
"270.8020","3.3754","40.7372"
"270.8220","3.3754","40.8158"
"270.8420","3.3754","40.8044"
"270.8620","3.3754","40.7992"
"270.8820","3.3754","40.7216"
"270.9020","3.3754","40.7316"
"270.9220","3.3754","40.7691"
"270.9420","3.3754","40.7111"
"270.9620","3.3754","40.5965"
"270.9820","3.3754","40.6333"
"271.0020","3.3754","40.7187"
"271.0220","3.3754","40.6287"
"271.0420","3.3754","40.5815"
"271.0620","3.3754","40.6287"
"271.0820","3.3754","40.7101"
"271.1020","3.3754","40.7509"
"271.1220","3.3754","40.7621"
"271.1420","3.3754","40.7779"
"271.1620","3.3754","40.7740"
"271.1820","3.3754","40.7151"
"271.2020","3.3754","40.6648"
"271.2220","3.3754","40.7033"
"271.2420","3.3754","40.7073"
"271.2620","3.3754","40.6239"
"271.2820","3.3754","40.6159"
"271.3020","3.3754","40.7032"
"271.3220","3.3754","40.6638"
"271.3420","3.3754","40.5928"
"271.3620","3.3754","40.5742"
"271.3820","3.3754","40.6179"
"271.4020","3.3754","40.6732"
"271.4220","3.3754","40.7520"
"271.4420","3.3754","40.7444"
"271.4620","3.3754","40.7575"
"271.4820","3.3754","40.7264"
"271.5020","3.3754","40.7609"
"271.5220","3.3754","40.7468"
"271.5420","3.3754","40.6903"
"271.5620","3.3754","40.6332"
"271.5820","3.3754","40.5900"
"271.6020","3.3754","40.5718"
"271.6220","3.3754","40.6129"
"271.6420","3.3754","40.7029"
"271.6620","3.3754","40.7481"
"271.6820","3.3754","40.7760"
"271.7020","3.3754","40.7040"
"271.7220","3.3754","40.6172"
"271.7420","3.3754","40.6359"
"271.7620","3.3754","40.7088"
"271.7820","3.3754","40.7246"
"271.8020","3.3754","40.7872"
"271.8220","3.3754","40.7483"
"271.8420","3.3754","40.7599"
"271.8620","3.3754","40.6533"
"271.8820","3.3754","40.5927"
"271.9020","3.3754","40.5808"
"271.9220","3.3754","40.6133"
"271.9420","3.3754","40.6752"
"271.9620","3.3754","40.6856"
"271.9820","3.3754","40.7457"
"272.0020","3.3754","40.7088"
"272.0220","3.3754","40.6269"
"272.0420","3.3754","40.6645"
"272.0620","3.3754","40.6631"
"272.0820","3.3754","40.5672"
"272.1020","3.3754","40.6097"
"272.1220","3.3754","40.6383"
"272.1420","3.3754","40.6698"
"272.1620","3.3754","40.6028"
"272.1820","3.3754","40.5239"
"272.2020","3.3754","40.6035"
"272.2220","3.3754","40.7173"
"272.2420","3.3754","40.7351"
"272.2620","3.3754","40.5992"
"272.2820","3.3754","40.5976"
"272.3020","3.3754","40.7331"
"272.3220","3.3754","40.6910"
"272.3420","3.3754","40.7041"
"272.3620","3.3754","40.6545"
"272.3820","3.3754","40.6530"
"272.4020","3.3754","40.6886"
"272.4220","3.3754","40.5897"
"272.4420","3.3754","40.5661"
"272.4620","3.3754","40.6401"
"272.4820","3.3754","40.7005"
"272.5020","3.3754","40.6858"
"272.5220","3.3754","40.6434"
"272.5420","3.3754","40.6806"
"272.5620","3.3754","40.7061"
"272.5820","3.3754","40.6822"
"272.6020","3.3754","40.6931"
"272.6220","3.3754","40.6769"
"272.6420","3.3754","40.6804"
"272.6620","3.3754","40.6562"
"272.6820","3.3754","40.6221"
"272.7020","3.3754","40.6931"
"272.7220","3.3754","40.7128"
"272.7420","3.3754","40.6960"
"272.7620","3.3754","40.6813"
"272.7820","3.3754","40.6046"
"272.8020","3.3754","40.5954"
"272.8220","3.3754","40.6790"
"272.8420","3.3754","40.7466"
"272.8620","3.3754","40.7398"
"272.8820","3.3754","40.6899"
"272.9020","3.3754","40.6655"
"272.9220","3.3754","40.6534"
"272.9420","3.3754","40.6635"
"272.9620","3.3754","40.7070"
"272.9820","3.3754","40.7084"
"273.0020","3.3754","40.7328"
"273.0220","3.3754","40.6654"
"273.0420","3.3754","40.5815"
"273.0620","3.3754","40.6141"
"273.0820","3.3754","40.7534"
"273.1020","3.3754","40.7657"
"273.1220","3.3754","40.6740"
"273.1420","3.3754","40.6491"
"273.1620","3.3754","40.6802"
"273.1820","3.3754","40.7190"
"273.2020","3.3754","40.8285"
"273.2220","3.3754","40.8169"
"273.2420","3.3754","40.6933"
"273.2620","3.3754","40.5928"
"273.2820","3.3754","40.5889"
"273.3020","3.3754","40.6575"
"273.3220","3.3754","40.6638"
"273.3420","3.3754","40.6214"
"273.3620","3.3754","40.6931"
"273.3820","3.3754","40.6840"
"273.4020","3.3754","40.6154"
"273.4220","3.3754","40.6177"
"273.4420","3.3754","40.6248"
"273.4620","3.3754","40.6509"
"273.4820","3.3754","40.7013"
"273.5020","3.3754","40.6951"
"273.5220","3.3754","40.5549"
"273.5420","3.3754","40.4988"
"273.5620","3.3754","40.5681"
"273.5820","3.3754","40.6658"
"273.6020","3.3754","40.6773"
"273.6220","3.3754","40.7422"
"273.6420","3.3754","40.7446"
"273.6620","3.3754","40.7197"
"273.6820","3.3754","40.6743"
"273.7020","3.3754","40.6834"
"273.7220","3.3754","40.6779"
"273.7420","3.3754","40.7069"
"273.7620","3.3754","40.6013"
"273.7820","3.3754","40.6165"
"273.8020","3.3754","40.6867"
"273.8220","3.3754","40.6476"
"273.8420","3.3754","40.5818"
"273.8620","3.3754","40.6575"
"273.8820","3.3754","40.7482"
"273.9020","3.3754","40.7013"
"273.9220","3.3754","40.6244"
"273.9420","3.3754","40.6416"
"273.9620","3.3754","40.6099"
"273.9820","3.3754","40.6515"
"274.0020","3.3754","40.6308"
"274.0220","3.3754","40.6541"
"274.0420","3.3754","40.7007"
"274.0620","3.3754","40.6525"
"274.0820","3.3754","40.6524"
"274.1020","3.3754","40.6295"
"274.1220","3.3754","40.5499"
"274.1420","3.3754","40.6053"
"274.1620","3.3754","40.7073"
"274.1820","3.3754","40.6925"
"274.2020","3.3754","40.6675"
"274.2220","3.3754","40.6404"
"274.2420","3.3754","40.6658"
"274.2620","3.3754","40.6650"
"274.2820","3.3754","40.7306"
"274.3020","3.3754","40.7225"
"274.3220","3.3754","40.6849"
"274.3420","3.3754","40.6347"
"274.3620","3.3754","40.5876"
"274.3820","3.3754","40.5643"
"274.4020","3.3754","40.6365"
"274.4220","3.3754","40.6665"
"274.4420","3.3754","40.7096"
"274.4620","3.3754","40.6405"
"274.4820","3.3754","40.4689"
"274.5020","3.3754","40.5588"
"274.5220","3.3754","40.6391"
"274.5420","3.3754","40.5966"
"274.5620","3.3754","40.6662"
"274.5820","3.3754","40.6535"
"274.6020","3.3754","40.6106"
"274.6220","3.3754","40.5683"
"274.6420","3.3754","40.5011"
"274.6620","3.3754","40.5195"
"274.6820","3.3754","40.5660"
"274.7020","3.3754","40.6130"
"274.7220","3.3754","40.6177"
"274.7420","3.3754","40.6739"
"274.7620","3.3754","40.5967"
"274.7820","3.3754","40.4898"
"274.8020","3.3754","40.5140"
"274.8220","3.3754","40.5987"
"274.8420","3.3754","40.6443"
"274.8620","3.3754","40.6061"
"274.8820","3.3754","40.6423"
"274.9020","3.3754","40.6494"
"274.9220","3.3754","40.5948"
"274.9420","3.3754","40.5207"
"274.9620","3.3754","40.5347"
"274.9820","3.3754","40.6007"
"275.0020","3.3754","40.6049"
"275.0220","3.3754","40.6361"
"275.0420","3.3754","40.6278"
"275.0620","3.3754","40.6071"
"275.0820","3.3754","40.6826"
"275.1020","3.3754","40.5950"
"275.1220","3.3754","40.6278"
"275.1420","3.3754","40.5759"
"275.1620","3.3754","40.5086"
"275.1820","3.3754","40.5739"
"275.2020","3.3754","40.5512"
"275.2220","3.3754","40.5834"
"275.2420","3.3754","40.6293"
"275.2620","3.3754","40.6439"
"275.2820","3.3754","40.6542"
"275.3020","3.3754","40.6380"
"275.3220","3.3754","40.6755"
"275.3420","3.3754","40.6637"
"275.3620","3.3754","40.6858"
"275.3820","3.3754","40.6662"
"275.4020","3.3754","40.6730"
"275.4220","3.3754","40.6536"
"275.4420","3.3754","40.6228"
"275.4620","3.3754","40.5860"
"275.4820","3.3754","40.6686"
"275.5020","3.3754","40.6316"
"275.5220","3.3754","40.6255"
"275.5420","3.3754","40.6722"
"275.5620","3.3754","40.6458"
"275.5820","3.3754","40.6378"
"275.6020","3.3754","40.6141"
"275.6220","3.3754","40.6741"
"275.6420","3.3754","40.6490"
"275.6620","3.3754","40.5895"
"275.6820","3.3754","40.5295"
"275.7020","3.3754","40.4653"
"275.7220","3.3754","40.6121"
"275.7420","3.3754","40.6586"
"275.7620","3.3754","40.6815"
"275.7820","3.3754","40.6788"
"275.8020","3.3754","40.5907"
"275.8220","3.3754","40.5529"
"275.8420","3.3754","40.5604"
"275.8620","3.3754","40.5868"
"275.8820","3.3754","40.5967"
"275.9020","3.3754","40.5887"
"275.9220","3.3754","40.5645"
"275.9420","3.3754","40.5282"
"275.9620","3.3754","40.5696"
"275.9820","3.3754","40.6393"
"276.0020","3.3754","40.6552"
"276.0220","3.3754","40.5994"
"276.0420","3.3754","40.5901"
"276.0620","3.3754","40.5702"
"276.0820","3.3754","40.5513"
"276.1020","3.3754","40.6119"
"276.1220","3.3754","40.6260"
"276.1420","3.3754","40.6171"
"276.1620","3.3754","40.6302"
"276.1820","3.3754","40.6888"
"276.2020","3.3754","40.6419"
"276.2220","3.3754","40.5976"
"276.2420","3.3754","40.6663"
"276.2620","3.3754","40.5602"
"276.2820","3.3754","40.6153"
"276.3020","3.3754","40.6385"
"276.3220","3.3754","40.5933"
"276.3420","3.3754","40.5513"
"276.3620","3.3754","40.5947"
"276.3820","3.3754","40.6932"
"276.4020","3.3754","40.7408"
"276.4220","3.3754","40.6347"
"276.4420","3.3754","40.5339"
"276.4620","3.3754","40.5994"
"276.4820","3.3754","40.6460"
"276.5020","3.3754","40.6741"
"276.5220","3.3754","40.6944"
"276.5420","3.3754","40.6796"
"276.5620","3.3754","40.7256"
"276.5820","3.3754","40.6813"
"276.6020","3.3754","40.6162"
"276.6220","3.3754","40.5805"
"276.6420","3.3754","40.6725"
"276.6620","3.3754","40.6529"
"276.6820","3.3754","40.5832"
"276.7020","3.3754","40.6053"
"276.7220","3.3754","40.6036"
"276.7420","3.3754","40.5681"
"276.7620","3.3754","40.6093"
"276.7820","3.3754","40.6019"
"276.8020","3.3754","40.6332"
"276.8220","3.3754","40.5646"
"276.8420","3.3754","40.5716"
"276.8620","3.3754","40.5648"
"276.8820","3.3754","40.5040"
"276.9020","3.3754","40.5024"
"276.9220","3.3754","40.5404"
"276.9420","3.3754","40.6436"
"276.9620","3.3754","40.6297"
"276.9820","3.3754","40.6272"
"277.0020","3.3754","40.6231"
"277.0220","3.3754","40.6363"
"277.0420","3.3754","40.6129"
"277.0620","3.3754","40.5009"
"277.0820","3.3754","40.4687"
"277.1020","3.3754","40.5929"
"277.1220","3.3754","40.7122"
"277.1420","3.3754","40.7049"
"277.1620","3.3754","40.6547"
"277.1820","3.3754","40.5736"
"277.2020","3.3754","40.5667"
"277.2220","3.3754","40.6495"
"277.2420","3.3754","40.6605"
"277.2620","3.3754","40.5683"
"277.2820","3.3754","40.5713"
"277.3020","3.3754","40.6087"
"277.3220","3.3754","40.6311"
"277.3420","3.3754","40.5282"
"277.3620","3.3754","40.4876"
"277.3820","3.3754","40.5109"
"277.4020","3.3754","40.5320"
"277.4220","3.3754","40.5521"
"277.4420","3.3754","40.5435"
"277.4620","3.3754","40.5816"
"277.4820","3.3754","40.5646"
"277.5020","3.3754","40.5628"
"277.5220","3.3754","40.5383"
"277.5420","3.3754","40.4438"
"277.5620","3.3754","40.4250"
"277.5820","3.3754","40.4789"
"277.6020","3.3754","40.5044"
"277.6220","3.3754","40.5696"
"277.6420","3.3754","40.6459"
"277.6620","3.3754","40.5635"
"277.6820","3.3754","40.4692"
"277.7020","3.3754","40.4677"
"277.7220","3.3754","40.5052"
"277.7420","3.3754","40.5586"
"277.7620","3.3754","40.5678"
"277.7820","3.3754","40.5862"
"277.8020","3.3754","40.5315"
"277.8220","3.3754","40.5472"
"277.8420","3.3754","40.4802"
"277.8620","3.3754","40.5207"
"277.8820","3.3754","40.6319"
"277.9020","3.3754","40.6664"
"277.9220","3.3754","40.5496"
"277.9420","3.3754","40.4428"
"277.9620","3.3754","40.5007"
"277.9820","3.3754","40.5300"
"278.0020","3.3754","40.5289"
"278.0220","3.3754","40.5659"
"278.0420","3.3754","40.6408"
"278.0620","3.3754","40.6043"
"278.0820","3.3754","40.5776"
"278.1020","3.3754","40.5078"
"278.1220","3.3754","40.5542"
"278.1420","3.3754","40.6014"
"278.1620","3.3754","40.5905"
"278.1820","3.3754","40.5438"
"278.2020","3.3754","40.5704"
"278.2220","3.3754","40.6129"
"278.2420","3.3754","40.6158"
"278.2620","3.3754","40.5882"
"278.2820","3.3754","40.5932"
"278.3020","3.3754","40.5708"
"278.3220","3.3754","40.5839"
"278.3420","3.3754","40.5957"
"278.3620","3.3754","40.6180"
"278.3820","3.3754","40.6473"
"278.4020","3.3754","40.7595"
"278.4220","3.3754","40.7116"
"278.4420","3.3754","40.5665"
"278.4620","3.3754","40.4697"
"278.4820","3.3754","40.5093"
"278.5020","3.3754","40.5974"
"278.5220","3.3754","40.5806"
"278.5420","3.3754","40.5072"
"278.5620","3.3754","40.4790"
"278.5820","3.3754","40.5204"
"278.6020","3.3754","40.5292"
"278.6220","3.3754","40.5560"
"278.6420","3.3754","40.5381"
"278.6620","3.3754","40.5689"
"278.6820","3.3754","40.6334"
"278.7020","3.3754","40.5603"
"278.7220","3.3754","40.4838"
"278.7420","3.3754","40.5169"
"278.7620","3.3754","40.5096"
"278.7820","3.3754","40.5018"
"278.8020","3.3754","40.5236"
"278.8220","3.3754","40.5322"
"278.8420","3.3754","40.5189"
"278.8620","3.3754","40.5079"
"278.8820","3.3754","40.5134"
"278.9020","3.3754","40.4332"
"278.9220","3.3754","40.4426"
"278.9420","3.3754","40.5099"
"278.9620","3.3754","40.5621"
"278.9820","3.3754","40.5206"
"279.0020","3.3754","40.5816"
"279.0220","3.3754","40.5867"
"279.0420","3.3754","40.5561"
"279.0620","3.3754","40.5323"
"279.0820","3.3754","40.5784"
"279.1020","3.3754","40.5550"
"279.1220","3.3754","40.5521"
"279.1420","3.3754","40.5331"
"279.1620","3.3754","40.5657"
"279.1820","3.3754","40.5692"
"279.2020","3.3754","40.5682"
"279.2220","3.3754","40.6177"
"279.2420","3.3754","40.6793"
"279.2620","3.3754","40.5744"
"279.2820","3.3754","40.4917"
"279.3020","3.3754","40.4790"
"279.3220","3.3754","40.5269"
"279.3410","3.3754","40.6136"
"279.3420","3.3754","40.6145"
"279.3620","3.3754","40.5845"
"279.3820","3.3754","40.6020"
"279.4020","3.3754","40.5977"
"279.4220","3.3754","40.5693"
"279.4420","3.3754","40.4816"
"279.4620","3.3755","40.4854"
"279.4820","3.3756","40.6622"
"279.5020","3.3758","40.6904"
"279.5220","3.3759","40.5822"
"279.5420","3.3759","40.5834"
"279.5620","3.3758","40.5132"
"279.5820","3.3759","40.5485"
"279.6020","3.3760","40.5719"
"279.6220","3.3762","40.5030"
"279.6420","3.3766","40.4313"
"279.6620","3.3772","40.4969"
"279.6820","3.3777","40.5923"
"279.7020","3.3783","40.6091"
"279.7220","3.3788","40.5336"
"279.7420","3.3791","40.5045"
"279.7620","3.3795","40.5022"
"279.7820","3.3798","40.5351"
"279.8020","3.3802","40.6501"
"279.8220","3.3807","40.6090"
"279.8420","3.3811","40.6298"
"279.8620","3.3815","40.7193"
"279.8820","3.3819","40.7652"
"279.9020","3.3822","40.7392"
"279.9220","3.3826","40.7924"
"279.9420","3.3830","40.7830"
"279.9620","3.3835","40.6902"
"279.9820","3.3840","40.6839"
"280.0020","3.3845","40.7325"
"280.0220","3.3848","40.7447"
"280.0420","3.3851","40.6778"
"280.0620","3.3853","40.6769"
"280.0820","3.3856","40.6981"
"280.1020","3.3859","40.7703"
"280.1220","3.3863","40.7644"
"280.1420","3.3866","40.6751"
"280.1620","3.3870","40.6862"
"280.1820","3.3873","40.6399"
"280.2020","3.3876","40.7003"
"280.2220","3.3879","40.7057"
"280.2420","3.3882","40.7474"
"280.2620","3.3886","40.8342"
"280.2820","3.3889","40.8297"
"280.3020","3.3893","40.8615"
"280.3220","3.3897","40.7649"
"280.3420","3.3900","40.8598"
"280.3620","3.3903","40.9005"
"280.3820","3.3905","40.9442"
"280.4020","3.3908","40.9266"
"280.4220","3.3911","40.8600"
"280.4420","3.3914","40.8839"
"280.4620","3.3917","40.8559"
"280.4820","3.3921","40.8596"
"280.5020","3.3925","40.8234"
"280.5220","3.3928","40.9194"
"280.5420","3.3931","40.9115"
"280.5620","3.3934","40.8766"
"280.5820","3.3937","40.9276"
"280.6020","3.3940","40.9312"
"280.6220","3.3944","40.8779"
"280.6420","3.3948","40.8759"
"280.6620","3.3953","40.9078"
"280.6820","3.3957","40.9258"
"280.7020","3.3960","40.8689"
"280.7220","3.3963","40.8252"
"280.7420","3.3965","40.8173"
"280.7620","3.3967","40.8783"
"280.7820","3.3970","40.8392"
"280.8020","3.3974","40.8764"
"280.8220","3.3977","40.8977"
"280.8420","3.3981","40.9197"
"280.8620","3.3985","40.9130"
"280.8820","3.3988","40.9246"
"280.9020","3.3992","40.9557"
"280.9220","3.3995","40.9685"
"280.9420","3.3998","41.0065"
"280.9620","3.4002","40.9775"
"280.9820","3.4006","40.9557"
"281.0020","3.4009","40.9910"
"281.0220","3.4013","40.9499"
"281.0420","3.4016","40.9651"
"281.0620","3.4019","41.0179"
"281.0820","3.4021","41.0644"
"281.1020","3.4024","41.0577"
"281.1220","3.4027","40.9920"
"281.1420","3.4030","41.1084"
"281.1620","3.4034","41.1311"
"281.1820","3.4038","41.1216"
"281.2020","3.4041","41.0339"
"281.2220","3.4045","41.0197"
"281.2420","3.4047","41.0722"
"281.2620","3.4050","41.1326"
"281.2820","3.4053","41.0754"
"281.3020","3.4057","41.0541"
"281.3220","3.4061","41.0920"
"281.3420","3.4065","41.1114"
"281.3620","3.4070","41.1213"
"281.3820","3.4074","41.1892"
"281.4020","3.4077","41.1900"
"281.4220","3.4079","41.2409"
"281.4420","3.4081","41.2738"
"281.4620","3.4084","41.1839"
"281.4820","3.4087","41.1420"
"281.5020","3.4090","41.1578"
"281.5220","3.4094","41.1890"
"281.5420","3.4098","41.1692"
"281.5620","3.4102","41.1709"
"281.5820","3.4105","41.1627"
"281.6020","3.4106","41.2174"
"281.6220","3.4106","41.2124"
"281.6420","3.4105","41.1770"
"281.6620","3.4104","41.2383"
"281.6820","3.4102","41.2185"
"281.7020","3.4099","41.2292"
"281.7220","3.4096","41.2147"
"281.7420","3.4094","41.1510"
"281.7620","3.4092","41.1870"
"281.7820","3.4090","41.1919"
"281.8020","3.4087","41.1335"
"281.8220","3.4083","41.0780"
"281.8420","3.4080","41.1161"
"281.8620","3.4077","41.1567"
"281.8820","3.4074","41.0982"
"281.9020","3.4071","41.1738"
"281.9220","3.4068","41.2262"
"281.9420","3.4065","41.0950"
"281.9620","3.4060","41.0659"
"281.9820","3.4056","41.1247"
"282.0020","3.4051","41.0878"
"282.0220","3.4048","41.0952"
"282.0420","3.4045","41.0940"
"282.0620","3.4042","41.0220"
"282.0820","3.4039","41.0142"
"282.1020","3.4036","41.0383"
"282.1220","3.4032","41.0013"
"282.1420","3.4028","40.9970"
"282.1620","3.4024","40.8906"
"282.1820","3.4021","40.8973"
"282.2020","3.4017","40.9511"
"282.2220","3.4014","40.8555"
"282.2420","3.4011","40.8219"
"282.2620","3.4008","40.9162"
"282.2820","3.4004","40.9434"
"282.3020","3.4000","40.9244"
"282.3220","3.3996","41.0203"
"282.3420","3.3992","40.9846"
"282.3620","3.3988","40.8610"
"282.3820","3.3985","40.9485"
"282.4020","3.3982","40.9725"
"282.4220","3.3979","40.9267"
"282.4420","3.3975","40.9524"
"282.4620","3.3972","40.8601"
"282.4820","3.3968","40.8794"
"282.5020","3.3965","40.7706"
"282.5220","3.3962","40.7716"
"282.5420","3.3959","40.8235"
"282.5620","3.3957","40.8877"
"282.5820","3.3954","40.8728"
"282.6020","3.3951","40.9189"
"282.6220","3.3947","40.8405"
"282.6420","3.3942","40.7693"
"282.6620","3.3938","40.7617"
"282.6820","3.3934","40.7334"
"282.7020","3.3931","40.7552"
"282.7220","3.3928","40.8541"
"282.7420","3.3926","40.9011"
"282.7620","3.3923","40.8361"
"282.7820","3.3920","40.7937"
"282.8020","3.3917","40.7764"
"282.8220","3.3913","40.7345"
"282.8420","3.3909","40.7113"
"282.8620","3.3906","40.7545"
"282.8820","3.3903","40.8516"
"282.9020","3.3900","40.8407"
"282.9220","3.3897","40.6959"
"282.9420","3.3894","40.6833"
"282.9620","3.3891","40.6554"
"282.9820","3.3887","40.5860"
"283.0020","3.3883","40.5481"
"283.0220","3.3879","40.6017"
"283.0420","3.3875","40.6258"
"283.0620","3.3872","40.6532"
"283.0820","3.3868","40.6797"
"283.1020","3.3865","40.6535"
"283.1220","3.3862","40.5994"
"283.1420","3.3859","40.5980"
"283.1620","3.3855","40.6413"
"283.1820","3.3852","40.6735"
"283.2020","3.3848","40.6883"
"283.2220","3.3846","40.6428"
"283.2420","3.3843","40.5485"
"283.2620","3.3840","40.5994"
"283.2820","3.3837","40.5848"
"283.3020","3.3833","40.5437"
"283.3220","3.3828","40.4386"
"283.3420","3.3824","40.5048"
"283.3620","3.3820","40.5369"
"283.3820","3.3816","40.5897"
"283.4020","3.3814","40.5523"
"283.4220","3.3812","40.4202"
"283.4420","3.3809","40.3957"
"283.4620","3.3806","40.4879"
"283.4820","3.3803","40.5510"
"283.5020","3.3799","40.6191"
"283.5220","3.3796","40.5531"
"283.5420","3.3792","40.4614"
"283.5620","3.3789","40.4843"
"283.5820","3.3786","40.4999"
"283.6020","3.3784","40.5088"
"283.6220","3.3781","40.5750"
"283.6420","3.3778","40.5639"
"283.6620","3.3774","40.4673"
"283.6820","3.3770","40.4290"
"283.7020","3.3766","40.3615"
"283.7220","3.3762","40.3817"
"283.7420","3.3759","40.4553"
"283.7620","3.3756","40.4417"
"283.7820","3.3753","40.3520"
"283.8020","3.3750","40.3570"
"283.8220","3.3747","40.3794"
"283.8420","3.3744","40.3629"
"283.8620","3.3741","40.3916"
"283.8820","3.3737","40.4094"
"283.9020","3.3734","40.3845"
"283.9220","3.3731","40.4283"
"283.9420","3.3729","40.3828"
"283.9620","3.3726","40.3437"
"283.9820","3.3722","40.3328"
"284.0020","3.3718","40.2816"
"284.0220","3.3714","40.2692"
"284.0420","3.3709","40.3124"
"284.0620","3.3705","40.2433"
"284.0820","3.3702","40.2965"
"284.1020","3.3699","40.2886"
"284.1220","3.3697","40.2555"
"284.1420","3.3694","40.2247"
"284.1620","3.3691","40.2951"
"284.1820","3.3687","40.2762"
"284.2020","3.3683","40.2272"
"284.2220","3.3679","40.2080"
"284.2420","3.3676","40.2339"
"284.2620","3.3673","40.2540"
"284.2820","3.3670","40.2637"
"284.3020","3.3667","40.2413"
"284.3220","3.3664","40.2205"
"284.3420","3.3660","40.2430"
"284.3620","3.3656","40.2418"
"284.3820","3.3652","40.2259"
"284.4020","3.3648","40.1917"
"284.4220","3.3644","40.1059"
"284.4420","3.3641","40.0453"
"284.4620","3.3638","40.1004"
"284.4820","3.3635","40.1913"
"284.5020","3.3632","40.2477"
"284.5220","3.3629","40.2351"
"284.5420","3.3625","40.1721"
"284.5620","3.3622","40.1110"
"284.5820","3.3619","40.1272"
"284.6020","3.3616","40.1099"
"284.6220","3.3613","40.1073"
"284.6420","3.3610","40.0542"
"284.6620","3.3607","40.0668"
"284.6820","3.3603","40.0159"
"284.7020","3.3599","40.0385"
"284.7220","3.3594","40.0760"
"284.7420","3.3591","40.0550"
"284.7620","3.3587","40.1198"
"284.7820","3.3585","40.0886"
"284.8020","3.3583","40.0779"
"284.8220","3.3580","39.9726"
"284.8420","3.3577","40.0483"
"284.8620","3.3573","40.0552"
"284.8820","3.3570","39.9951"
"284.9020","3.3566","40.0887"
"284.9220","3.3562","40.0630"
"284.9420","3.3559","40.0921"
"284.9620","3.3556","40.0325"
"284.9820","3.3554","40.0702"
"285.0020","3.3551","40.0033"
"285.0220","3.3547","39.9137"
"285.0420","3.3544","39.8494"
"285.0620","3.3540","39.8679"
"285.0820","3.3535","39.9851"
"285.1020","3.3532","39.9575"
"285.1220","3.3528","40.0137"
"285.1420","3.3525","40.0664"
"285.1620","3.3522","40.0227"
"285.1820","3.3519","39.9427"
"285.2020","3.3516","39.9967"
"285.2220","3.3512","39.9775"
"285.2420","3.3509","39.9724"
"285.2620","3.3505","39.8669"
"285.2820","3.3502","39.8544"
"285.3020","3.3500","39.9765"
"285.3220","3.3497","40.0139"
"285.3420","3.3494","39.9952"
"285.3620","3.3490","39.8767"
"285.3820","3.3486","39.8463"
"285.4020","3.3482","39.8336"
"285.4220","3.3478","39.7916"
"285.4420","3.3474","39.8346"
"285.4620","3.3471","39.7970"
"285.4820","3.3469","39.8553"
"285.5020","3.3466","39.8605"
"285.5220","3.3464","39.8732"
"285.5420","3.3460","39.8462"
"285.5620","3.3457","39.7943"
"285.5820","3.3453","39.7290"
"285.6020","3.3449","39.8009"
"285.6220","3.3446","39.8331"
"285.6420","3.3443","39.7739"
"285.6620","3.3440","39.6898"
"285.6820","3.3437","39.7258"
"285.7020","3.3434","39.7230"
"285.7220","3.3430","39.6837"
"285.7420","3.3426","39.7154"
"285.7620","3.3422","39.7547"
"285.7820","3.3418","39.7251"
"285.8020","3.3415","39.7609"
"285.8220","3.3411","39.7624"
"285.8420","3.3409","39.7440"
"285.8620","3.3406","39.7289"
"285.8820","3.3403","39.5966"
"285.9020","3.3399","39.6870"
"285.9220","3.3396","39.6314"
"285.9420","3.3392","39.6063"
"285.9620","3.3389","39.5791"
"285.9820","3.3387","39.5601"
"286.0020","3.3384","39.6810"
"286.0220","3.3381","39.6788"
"286.0420","3.3377","39.6753"
"286.0620","3.3373","39.6436"
"286.0820","3.3369","39.6075"
"286.1020","3.3364","39.5822"
"286.1220","3.3360","39.5760"
"286.1420","3.3357","39.5581"
"286.1620","3.3355","39.5842"
"286.1820","3.3353","39.5331"
"286.2020","3.3350","39.5167"
"286.2220","3.3347","39.6118"
"286.2420","3.3344","39.6287"
"286.2620","3.3340","39.6377"
"286.2820","3.3336","39.5745"
"286.3020","3.3332","39.4858"
"286.3220","3.3329","39.4140"
"286.3420","3.3326","39.4660"
"286.3620","3.3323","39.6120"
"286.3820","3.3320","39.6565"
"286.4020","3.3317","39.5567"
"286.4220","3.3313","39.4471"
"286.4420","3.3309","39.4244"
"286.4620","3.3305","39.4165"
"286.4820","3.3301","39.4436"
"286.5020","3.3298","39.4402"
"286.5220","3.3295","39.4745"
"286.5420","3.3292","39.5411"
"286.5620","3.3289","39.4656"
"286.5820","3.3286","39.4343"
"286.6020","3.3283","39.5181"
"286.6220","3.3279","39.4353"
"286.6420","3.3276","39.4546"
"286.6620","3.3273","39.4772"
"286.6820","3.3270","39.4371"
"286.7020","3.3267","39.4602"
"286.7220","3.3264","39.5138"
"286.7420","3.3260","39.4317"
"286.7620","3.3256","39.3146"
"286.7820","3.3251","39.3096"
"286.8020","3.3247","39.3761"
"286.8220","3.3244","39.4255"
"286.8420","3.3241","39.4174"
"286.8620","3.3239","39.4235"
"286.8820","3.3237","39.3348"
"286.9020","3.3234","39.3918"
"286.9220","3.3230","39.4384"
"286.9420","3.3227","39.4482"
"286.9620","3.3223","39.4079"
"286.9820","3.3219","39.3829"
"287.0020","3.3216","39.3313"
"287.0220","3.3213","39.2848"
"287.0420","3.3210","39.3143"
"287.0620","3.3207","39.3960"
"287.0820","3.3204","39.3590"
"287.1020","3.3200","39.3889"
"287.1220","3.3196","39.4084"
"287.1420","3.3192","39.2648"
"287.1620","3.3188","39.2548"
"287.1820","3.3185","39.2778"
"287.2020","3.3182","39.2984"
"287.2220","3.3179","39.2930"
"287.2420","3.3176","39.2049"
"287.2620","3.3173","39.2330"
"287.2820","3.3169","39.3131"
"287.3020","3.3166","39.3504"
"287.3220","3.3162","39.2918"
"287.3420","3.3159","39.1792"
"287.3620","3.3156","39.1785"
"287.3820","3.3154","39.2191"
"287.4020","3.3151","39.1570"
"287.4220","3.3147","39.2041"
"287.4420","3.3143","39.2302"
"287.4620","3.3139","39.1710"
"287.4820","3.3134","39.1481"
"287.5020","3.3130","39.1760"
"287.5220","3.3127","39.1856"
"287.5420","3.3125","39.2688"
"287.5620","3.3123","39.1700"
"287.5820","3.3120","39.1810"
"287.6020","3.3117","39.2098"
"287.6220","3.3114","39.2087"
"287.6420","3.3110","39.2172"
"287.6620","3.3106","39.1937"
"287.6820","3.3102","39.1622"
"287.7020","3.3099","39.1589"
"287.7220","3.3096","39.1634"
"287.7420","3.3093","39.1477"
"287.7620","3.3090","39.0449"
"287.7820","3.3087","39.0974"
"287.8020","3.3083","39.1610"
"287.8220","3.3079","39.1713"
"287.8420","3.3075","39.1019"
"287.8620","3.3071","39.0997"
"287.8820","3.3068","39.1310"
"287.9020","3.3065","39.1328"
"287.9220","3.3062","39.0700"
"287.9420","3.3059","39.0678"
"287.9620","3.3056","39.0857"
"287.9820","3.3053","39.0598"
"288.0020","3.3049","39.0829"
"288.0220","3.3046","39.0631"
"288.0420","3.3043","38.9881"
"288.0620","3.3040","39.0220"
"288.0820","3.3037","39.0769"
"288.1020","3.3034","39.0399"
"288.1220","3.3030","39.0005"
"288.1420","3.3026","39.0338"
"288.1620","3.3022","39.0584"
"288.1820","3.3018","39.0378"
"288.2020","3.3014","39.0302"
"288.2220","3.3012","39.0581"
"288.2420","3.3009","39.0677"
"288.2620","3.3007","39.0327"
"288.2820","3.3004","38.9531"
"288.3020","3.3001","38.9925"
"288.3220","3.2997","39.0623"
"288.3420","3.2993","38.9395"
"288.3620","3.2989","38.8793"
"288.3820","3.2986","38.8667"
"288.4020","3.2983","38.8769"
"288.4220","3.2980","38.9043"
"288.4420","3.2977","38.9092"
"288.4620","3.2974","38.9143"
"288.4820","3.2970","38.8102"
"288.5020","3.2966","38.7934"
"288.5220","3.2962","38.8633"
"288.5420","3.2958","38.9294"
"288.5620","3.2955","38.9319"
"288.5820","3.2952","38.8655"
"288.6020","3.2949","38.8340"
"288.6220","3.2946","38.8956"
"288.6420","3.2943","38.9336"
"288.6620","3.2939","38.8474"
"288.6820","3.2936","38.8633"
"288.7020","3.2933","38.8569"
"288.7220","3.2930","38.8419"
"288.7420","3.2927","38.7908"
"288.7620","3.2924","38.7719"
"288.7820","3.2921","38.8121"
"288.8020","3.2918","38.8232"
"288.8220","3.2914","38.8348"
"288.8420","3.2909","38.7954"
"288.8620","3.2905","38.8156"
"288.8820","3.2901","38.7814"
"288.9020","3.2898","38.7350"
"288.9220","3.2895","38.7943"
"288.9420","3.2893","38.8040"
"288.9620","3.2890","38.8062"
"288.9820","3.2887","38.8187"
"289.0020","3.2884","38.8510"
"289.0220","3.2880","38.8082"
"289.0420","3.2876","38.6979"
"289.0620","3.2872","38.6589"
"289.0820","3.2869","38.7857"
"289.1020","3.2866","38.7315"
"289.1220","3.2863","38.7756"
"289.1420","3.2861","38.7478"
"289.1620","3.2857","38.7583"
"289.1820","3.2853","38.7195"
"289.2020","3.2849","38.7031"
"289.2220","3.2845","38.8039"
"289.2420","3.2841","38.7546"
"289.2620","3.2838","38.7744"
"289.2820","3.2835","38.7555"
"289.3020","3.2832","38.7012"
"289.3220","3.2829","38.6969"
"289.3420","3.2826","38.7718"
"289.3620","3.2822","38.7918"
"289.3820","3.2819","38.6495"
"289.4020","3.2815","38.6364"
"289.4220","3.2813","38.6683"
"289.4420","3.2810","38.6603"
"289.4620","3.2807","38.6596"
"289.4820","3.2804","38.6588"
"289.5020","3.2800","38.6393"
"289.5220","3.2796","38.6646"
"289.5420","3.2792","38.6642"
"289.5620","3.2787","38.6306"
"289.5820","3.2784","38.5964"
"289.6020","3.2782","38.5773"
"289.6220","3.2779","38.5656"
"289.6420","3.2777","38.5537"
"289.6620","3.2774","38.7137"
"289.6820","3.2770","38.7427"
"289.7020","3.2766","38.7238"
"289.7220","3.2762","38.6605"
"289.7420","3.2759","38.6598"
"289.7620","3.2755","38.6426"
"289.7820","3.2752","38.5653"
"289.8020","3.2750","38.5241"
"289.8220","3.2747","38.5213"
"289.8420","3.2744","38.5755"
"289.8620","3.2740","38.5773"
"289.8820","3.2736","38.5890"
"289.9020","3.2732","38.5911"
"289.9220","3.2728","38.6311"
"289.9420","3.2725","38.5406"
"289.9620","3.2722","38.4407"
"289.9820","3.2719","38.4401"
"290.0020","3.2716","38.4429"
"290.0220","3.2712","38.5037"
"290.0420","3.2709","38.5472"
"290.0620","3.2705","38.4677"
"290.0820","3.2702","38.4672"
"290.1020","3.2699","38.4579"
"290.1220","3.2696","38.5175"
"290.1420","3.2693","38.5022"
"290.1620","3.2690","38.4122"
"290.1820","3.2687","38.4572"
"290.2020","3.2683","38.5434"
"290.2220","3.2679","38.5781"
"290.2420","3.2674","38.5213"
"290.2620","3.2671","38.4037"
"290.2820","3.2668","38.3562"
"290.3020","3.2666","38.4074"
"290.3220","3.2663","38.4154"
"290.3420","3.2660","38.4181"
"290.3620","3.2657","38.4392"
"290.3820","3.2653","38.4698"
"290.4020","3.2650","38.4625"
"290.4220","3.2646","38.4687"
"290.4420","3.2642","38.3489"
"290.4620","3.2639","38.3704"
"290.4820","3.2636","38.4177"
"290.5020","3.2633","38.4522"
"290.5220","3.2630","38.4362"
"290.5420","3.2627","38.3880"
"290.5620","3.2623","38.3170"
"290.5820","3.2619","38.2861"
"290.6020","3.2615","38.2885"
"290.6220","3.2611","38.2607"
"290.6420","3.2608","38.2731"
"290.6620","3.2605","38.3392"
"290.6820","3.2603","38.3625"
"290.7020","3.2599","38.3630"
"290.7220","3.2596","38.3137"
"290.7420","3.2593","38.3048"
"290.7620","3.2589","38.3825"
"290.7820","3.2586","38.3782"
"290.8020","3.2583","38.3465"
"290.8220","3.2580","38.2164"
"290.8420","3.2577","38.1934"
"290.8620","3.2574","38.2189"
"290.8820","3.2570","38.2258"
"290.9020","3.2566","38.2218"
"290.9220","3.2562","38.2808"
"290.9420","3.2558","38.2113"
"290.9620","3.2555","38.2659"
"290.9820","3.2552","38.1797"
"291.0020","3.2549","38.1556"
"291.0220","3.2547","38.0965"
"291.0420","3.2544","38.1346"
"291.0620","3.2541","38.1693"
"291.0820","3.2537","38.2564"
"291.1020","3.2533","38.2680"
"291.1220","3.2529","38.2395"
"291.1420","3.2526","38.1164"
"291.1620","3.2523","38.1475"
"291.1820","3.2520","38.2273"
"291.2020","3.2517","38.2840"
"291.2220","3.2514","38.2303"
"291.2420","3.2510","38.2517"
"291.2620","3.2506","38.2168"
"291.2820","3.2502","38.1186"
"291.3020","3.2498","38.0916"
"291.3220","3.2495","38.0983"
"291.3420","3.2492","38.1031"
"291.3620","3.2489","38.0792"
"291.3820","3.2486","38.0163"
"291.4020","3.2483","38.0919"
"291.4220","3.2479","38.1344"
"291.4420","3.2476","38.0957"
"291.4620","3.2472","37.9722"
"291.4820","3.2469","38.0685"
"291.5020","3.2466","38.1450"
"291.5220","3.2464","38.1113"
"291.5420","3.2461","38.1081"
"291.5620","3.2457","38.0522"
"291.5820","3.2453","38.0505"
"291.6020","3.2449","38.0179"
"291.6220","3.2445","37.9306"
"291.6420","3.2441","38.0054"
"291.6620","3.2438","38.0609"
"291.6820","3.2436","38.1443"
"291.7020","3.2433","38.1163"
"291.7220","3.2430","38.1192"
"291.7420","3.2427","38.1176"
"291.7620","3.2423","38.0429"
"291.7820","3.2419","38.0065"
"291.8020","3.2415","37.9865"
"291.8220","3.2412","38.0070"
"291.8420","3.2409","38.0259"
"291.8620","3.2406","38.0327"
"291.8820","3.2403","38.0275"
"291.9020","3.2400","38.0469"
"291.9220","3.2396","37.9799"
"291.9420","3.2392","37.9033"
"291.9620","3.2388","37.9992"
"291.9820","3.2384","38.0290"
"292.0020","3.2381","38.0272"
"292.0220","3.2378","37.9889"
"292.0420","3.2375","37.9959"
"292.0620","3.2372","37.9819"
"292.0820","3.2369","37.9618"
"292.1020","3.2366","37.9843"
"292.1220","3.2362","38.0058"
"292.1420","3.2359","37.9524"
"292.1620","3.2356","37.8883"
"292.1820","3.2353","37.8406"
"292.2020","3.2350","37.9173"
"292.2220","3.2348","37.9368"
"292.2420","3.2344","37.8769"
"292.2620","3.2341","37.8542"
"292.2820","3.2337","37.9160"
"292.3020","3.2333","37.8702"
"292.3220","3.2329","37.8592"
"292.3420","3.2325","37.8468"
"292.3620","3.2323","37.8788"
"292.3820","3.2320","37.9773"
"292.4020","3.2318","38.0165"
"292.4220","3.2314","37.9555"
"292.4420","3.2299","37.8329"
"292.4620","3.2249","37.7302"
"292.4820","3.2177","37.5657"
"292.5020","3.2102","37.4538"
"292.5220","3.2025","37.4206"
"292.5420","3.1941","37.3196"
"292.5620","3.1852","37.1791"
"292.5820","3.1761","36.9971"
"292.6020","3.1673","36.8561"
"292.6220","3.1588","36.7941"
"292.6420","3.1504","36.6172"
"292.6620","3.1421","36.5111"
"292.6820","3.1337","36.3507"
"292.7020","3.1253","36.2367"
"292.7220","3.1169","36.1561"
"292.7420","3.1087","36.0017"
"292.7620","3.1004","35.8039"
"292.7820","3.0920","35.7315"
"292.8020","3.0835","35.5752"
"292.8220","3.0751","35.3950"
"292.8420","3.0667","35.2307"
"292.8620","3.0585","35.1431"
"292.8820","3.0502","35.0763"
"292.9020","3.0419","34.9621"
"292.9220","3.0336","34.7664"
"292.9420","3.0252","34.7009"
"292.9620","3.0169","34.5637"
"292.9820","3.0085","34.3696"
"293.0020","3.0001","34.2074"
"293.0220","2.9918","34.1298"
"293.0420","2.9835","33.9100"
"293.0620","2.9752","33.7486"
"293.0820","2.9669","33.7240"
"293.1020","2.9586","33.7081"
"293.1220","2.9502","33.5810"
"293.1420","2.9418","33.4281"
"293.1620","2.9335","33.2859"
"293.1820","2.9252","33.1210"
"293.2020","2.9170","33.0668"
"293.2220","2.9086","32.9637"
"293.2420","2.9002","32.8004"
"293.2620","2.8918","32.6363"
"293.2820","2.8835","32.4584"
"293.3020","2.8752","32.3267"
"293.3220","2.8669","32.2396"
"293.3420","2.8586","32.1307"
"293.3620","2.8502","32.0797"
"293.3820","2.8418","31.9481"
"293.4020","2.8334","31.7650"
"293.4220","2.8252","31.6094"
"293.4420","2.8170","31.4792"
"293.4620","2.8087","31.3652"
"293.4820","2.8003","31.2738"
"293.5020","2.7919","31.1162"
"293.5220","2.7835","31.0129"
"293.5420","2.7751","30.9086"
"293.5620","2.7668","30.7929"
"293.5820","2.7585","30.5847"
"293.6020","2.7502","30.4502"
"293.6220","2.7420","30.4323"
"293.6420","2.7337","30.3629"
"293.6620","2.7252","30.1340"
"293.6820","2.7168","30.0543"
"293.7020","2.7085","29.8132"
"293.7220","2.7002","29.7119"
"293.7420","2.6919","29.6326"
"293.7620","2.6836","29.4996"
"293.7820","2.6753","29.3589"
"293.8020","2.6669","29.2613"
"293.8220","2.6585","29.1324"
"293.8420","2.6502","29.0130"
"293.8620","2.6418","28.9126"
"293.8820","2.6335","28.8312"
"293.9020","2.6253","28.6518"
"293.9220","2.6170","28.5049"
"293.9420","2.6086","28.3485"
"293.9620","2.6002","28.2208"
"293.9820","2.5918","28.1494"
"294.0020","2.5834","27.9839"
"294.0220","2.5752","27.9197"
"294.0420","2.5670","27.8824"
"294.0620","2.5587","27.7282"
"294.0820","2.5503","27.6265"
"294.1020","2.5418","27.4271"
"294.1220","2.5333","27.3083"
"294.1420","2.5250","27.1022"
"294.1620","2.5168","27.0513"
"294.1820","2.5086","26.9130"
"294.2020","2.5003","26.7504"
"294.2220","2.4919","26.5971"
"294.2420","2.4835","26.4946"
"294.2620","2.4751","26.3890"
"294.2820","2.4668","26.3053"
"294.3020","2.4585","26.2103"
"294.3220","2.4502","26.0372"
"294.3420","2.4419","25.8941"
"294.3620","2.4337","25.8005"
"294.3820","2.4254","25.7195"
"294.4020","2.4170","25.5816"
"294.4220","2.4085","25.4555"
"294.4420","2.4001","25.2878"
"294.4620","2.3918","25.0878"
"294.4820","2.3836","24.9380"
"294.5020","2.3753","24.8774"
"294.5220","2.3669","24.8047"
"294.5420","2.3585","24.7125"
"294.5620","2.3502","24.4905"
"294.5820","2.3418","24.3231"
"294.6020","2.3336","24.2831"
"294.6220","2.3253","24.1843"
"294.6420","2.3170","24.0622"
"294.6620","2.3086","23.9835"
"294.6820","2.3002","23.8460"
"294.7020","2.2918","23.7375"
"294.7220","2.2834","23.7053"
"294.7420","2.2751","23.4837"
"294.7620","2.2668","23.3400"
"294.7820","2.2586","23.1936"
"294.8020","2.2503","23.0913"
"294.8220","2.2419","22.9070"
"294.8420","2.2335","22.7997"
"294.8620","2.2251","22.6709"
"294.8820","2.2168","22.5699"
"294.9020","2.2086","22.4418"
"294.9220","2.2003","22.4135"
"294.9420","2.1920","22.3493"
"294.9620","2.1835","22.2483"
"294.9820","2.1751","22.1635"
"295.0020","2.1669","22.0640"
"295.0220","2.1586","21.9445"
"295.0420","2.1503","21.7711"
"295.0620","2.1419","21.7250"
"295.0820","2.1336","21.5981"
"295.1020","2.1252","21.3824"
"295.1220","2.1168","21.2537"
"295.1420","2.1085","21.1723"
"295.1620","2.1001","21.0622"
"295.1820","2.0918","20.9568"
"295.2020","2.0836","20.7799"
"295.2220","2.0753","20.6244"
"295.2420","2.0669","20.5059"
"295.2620","2.0585","20.5160"
"295.2820","2.0501","20.4422"
"295.3020","2.0417","20.2746"
"295.3220","2.0335","20.0552"
"295.3420","2.0253","19.9776"
"295.3620","2.0170","19.8684"
"295.3820","2.0086","19.7506"
"295.4020","2.0001","19.6584"
"295.4220","1.9917","19.6089"
"295.4420","1.9835","19.4414"
"295.4620","1.9752","19.3681"
"295.4820","1.9670","19.2272"
"295.5020","1.9587","19.1215"
"295.5220","1.9503","18.9471"
"295.5420","1.9420","18.8341"
"295.5620","1.9335","18.7653"
"295.5820","1.9251","18.6322"
"295.6020","1.9168","18.5186"
"295.6220","1.9085","18.5038"
"295.6420","1.9003","18.3990"
"295.6620","1.8920","18.1927"
"295.6820","1.8836","18.0544"
"295.7020","1.8751","17.9205"
"295.7220","1.8667","17.8794"
"295.7420","1.8584","17.7194"
"295.7620","1.8502","17.6562"
"295.7820","1.8420","17.5003"
"295.8020","1.8336","17.3577"
"295.8220","1.8252","17.2425"
"295.8420","1.8168","17.1766"
"295.8620","1.8084","17.0753"
"295.8820","1.8001","16.9779"
"295.9020","1.7919","16.8668"
"295.9220","1.7836","16.7673"
"295.9420","1.7753","16.5498"
"295.9620","1.7670","16.4215"
"295.9820","1.7586","16.2613"
"296.0020","1.7502","16.1556"
"296.0220","1.7418","16.1233"
"296.0420","1.7335","16.0939"
"296.0620","1.7253","15.9220"
"296.0820","1.7171","15.7642"
"296.1020","1.7087","15.6618"
"296.1220","1.7003","15.5446"
"296.1420","1.6918","15.4414"
"296.1620","1.6835","15.3250"
"296.1820","1.6752","15.2440"
"296.2020","1.6669","15.2154"
"296.2220","1.6586","15.0670"
"296.2420","1.6502","14.9698"
"296.2620","1.6418","14.8569"
"296.2820","1.6335","14.7294"
"296.3020","1.6252","14.6193"
"296.3220","1.6169","14.4728"
"296.3420","1.6085","14.3562"
"296.3620","1.6002","14.1855"
"296.3820","1.5919","14.1658"
"296.4020","1.5836","14.0846"
"296.4220","1.5752","13.9071"
"296.4420","1.5668","13.8199"
"296.4620","1.5584","13.7091"
"296.4820","1.5501","13.5406"
"296.5020","1.5419","13.4239"
"296.5220","1.5336","13.3734"
"296.5420","1.5253","13.3000"
"296.5620","1.5169","13.1904"
"296.5820","1.5085","13.0242"
"296.6020","1.5001","12.8931"
"296.6220","1.4919","12.7727"
"296.6420","1.4836","12.7022"
"296.6620","1.4753","12.6802"
"296.6820","1.4670","12.5349"
"296.7020","1.4586","12.3630"
"296.7220","1.4502","12.2735"
"296.7420","1.4418","12.1987"
"296.7620","1.4335","12.1115"
"296.7820","1.4252","11.9991"
"296.8020","1.4169","11.8660"
"296.8220","1.4086","11.7744"
"296.8420","1.4003","11.6327"
"296.8620","1.3918","11.5491"
"296.8820","1.3834","11.4477"
"296.9020","1.3752","11.2858"
"296.9220","1.3669","11.1803"
"296.9420","1.3587","11.0975"
"296.9620","1.3503","10.9473"
"296.9820","1.3419","10.7548"
"297.0020","1.3334","10.6962"
"297.0220","1.3251","10.6139"
"297.0420","1.3168","10.5582"
"297.0620","1.3085","10.5425"
"297.0820","1.3002","10.4569"
"297.1020","1.2919","10.3189"
"297.1220","1.2836","10.1396"
"297.1420","1.2752","10.0085"
"297.1620","1.2668","9.8701"
"297.1820","1.2585","9.7693"
"297.2020","1.2502","9.7164"
"297.2220","1.2419","9.6383"
"297.2420","1.2337","9.5143"
"297.2620","1.2254","9.4228"
"297.2820","1.2170","9.3177"
"297.3020","1.2085","9.2153"
"297.3220","1.2001","9.1422"
"297.3420","1.1918","8.9698"
"297.3620","1.1836","8.7996"
"297.3820","1.1754","8.6739"
"297.4020","1.1670","8.6394"
"297.4220","1.1586","8.5643"
"297.4420","1.1501","8.4519"
"297.4620","1.1418","8.3056"
"297.4820","1.1335","8.1184"
"297.5020","1.1252","8.0576"
"297.5220","1.1170","7.9876"
"297.5420","1.1087","7.9225"
"297.5620","1.1003","7.7996"
"297.5820","1.0918","7.6810"
"297.6020","1.0834","7.5927"
"297.6220","1.0751","7.4534"
"297.6420","1.0668","7.2583"
"297.6620","1.0585","7.2001"
"297.6820","1.0503","7.1253"
"297.7020","1.0420","7.0035"
"297.7220","1.0336","6.8935"
"297.7420","1.0251","6.7498"
"297.7620","1.0167","6.6270"
"297.7820","1.0085","6.5578"
"297.8020","1.0003","6.4804"
"297.8220","0.9920","6.3645"
"297.8420","0.9837","6.2094"
"297.8620","0.9753","6.1389"
"297.8820","0.9669","6.0167"
"297.9020","0.9585","5.9014"
"297.9220","0.9502","5.7698"
"297.9420","0.9419","5.6807"
"297.9620","0.9336","5.5921"
"297.9820","0.9253","5.5007"
"298.0020","0.9169","5.4385"
"298.0220","0.9085","5.5116"
"298.0420","0.9001","5.7202"
"298.0620","0.8918","5.8034"
"298.0820","0.8835","5.7538"
"298.1020","0.8753","5.7306"
"298.1220","0.8670","5.7062"
"298.1420","0.8586","5.7152"
"298.1620","0.8501","5.5737"
"298.1820","0.8417","5.5803"
"298.2020","0.8334","5.5096"
"298.2220","0.8252","5.4128"
"298.2420","0.8169","5.3647"
"298.2620","0.8086","5.3538"
"298.2820","0.8002","5.3565"
"298.3020","0.7918","5.2237"
"298.3220","0.7835","5.0972"
"298.3420","0.7752","5.0261"
"298.3620","0.7669","4.9173"
"298.3820","0.7586","4.8241"
"298.4020","0.7503","4.7568"
"298.4220","0.7419","4.6712"
"298.4420","0.7336","4.5925"
"298.4620","0.7252","4.5284"
"298.4820","0.7168","4.4610"
"298.5020","0.7085","4.3657"
"298.5220","0.7003","4.2770"
"298.5420","0.6920","4.1829"
"298.5620","0.6837","4.0477"
"298.5820","0.6752","3.9087"
"298.6020","0.6668","3.7771"
"298.6220","0.6584","3.7469"
"298.6420","0.6502","3.6958"
"298.6620","0.6419","3.5114"
"298.6820","0.6336","3.4554"
"298.7020","0.6253","3.3646"
"298.7220","0.6168","3.2613"
"298.7420","0.6084","3.1984"
"298.7620","0.6001","3.0991"
"298.7820","0.5918","2.9867"
"298.8020","0.5835","2.8719"
"298.8220","0.5752","2.7779"
"298.8420","0.5670","2.6985"
"298.8620","0.5586","2.6114"
"298.8820","0.5502","2.5571"
"298.9020","0.5418","2.4631"
"298.9220","0.5335","2.3675"
"298.9420","0.5252","2.2497"
"298.9620","0.5170","2.2443"
"298.9820","0.5087","2.1179"
"299.0020","0.5003","2.0067"
"299.0220","0.4919","1.9251"
"299.0420","0.4835","1.8861"
"299.0620","0.4752","1.8916"
"299.0820","0.4674","1.8557"
"299.1020","0.4624","1.7743"
"299.1220","0.4611","1.7848"
"299.1420","0.4619","1.8471"
"299.1620","0.4632","1.8808"
"299.1820","0.4641","1.8596"
"299.2020","0.4647","1.8491"
"299.2220","0.4652","1.8317"
"299.2420","0.4655","1.8675"
"299.2620","0.4656","1.9168"
"299.2820","0.4656","1.8084"
"299.3020","0.4656","1.8153"
"299.3220","0.4656","1.8339"
"299.3420","0.4656","1.8700"
"299.3620","0.4656","1.8003"
"299.3820","0.4655","1.8279"
"299.4020","0.4653","1.8636"
"299.4220","0.4651","1.8806"
"299.4420","0.4647","1.9302"
"299.4620","0.4643","1.9066"
"299.4820","0.4639","1.8927"
"299.5020","0.4634","1.9114"
"299.5220","0.4630","1.9366"
"299.5420","0.4626","1.9875"
"299.5620","0.4623","1.9091"
"299.5820","0.4619","1.8532"
"299.6020","0.4615","1.8421"
"299.6220","0.4610","1.7931"
"299.6420","0.4605","1.7134"
"299.6620","0.4600","1.7122"
"299.6820","0.4597","1.7186"
"299.7020","0.4594","1.7584"
"299.7220","0.4590","1.8592"
"299.7420","0.4587","1.8690"
"299.7620","0.4583","1.8345"
"299.7820","0.4579","1.7154"
"299.8020","0.4576","1.6935"
"299.8220","0.4573","1.7258"
"299.8420","0.4570","1.7636"
"299.8620","0.4567","1.7392"
"299.8820","0.4564","1.6895"
"299.9020","0.4560","1.7433"
"299.9220","0.4555","1.7428"
"299.9420","0.4551","1.7374"
"299.9620","0.4547","1.7228"
"299.9820","0.4544","1.7316"
"300.0020","0.4541","1.8007"
"300.0220","0.4539","1.7870"
"300.0420","0.4536","1.8010"
"300.0620","0.4533","1.7811"
"300.0820","0.4529","1.6512"
"300.1020","0.4525","1.6015"
"300.1220","0.4522","1.6768"
"300.1420","0.4518","1.7242"
"300.1620","0.4515","1.7237"
"300.1820","0.4512","1.7199"
"300.2020","0.4509","1.7223"
"300.2220","0.4506","1.7215"
"300.2420","0.4503","1.6958"
"300.2620","0.4499","1.7579"
"300.2820","0.4495","1.7435"
"300.3020","0.4491","1.6785"
"300.3220","0.4487","1.6590"
"300.3420","0.4484","1.6393"
"300.3620","0.4481","1.5988"
"300.3820","0.4478","1.7229"
"300.4020","0.4475","1.7579"
"300.4220","0.4472","1.6363"
"300.4420","0.4468","1.6151"
"300.4620","0.4465","1.6031"
"300.4820","0.4462","1.6360"
"300.5020","0.4459","1.7262"
"300.5220","0.4456","1.6864"
"300.5420","0.4453","1.5842"
"300.5620","0.4450","1.6477"
"300.5820","0.4446","1.7154"
"300.6020","0.4442","1.6699"
"300.6220","0.4437","1.6746"
"300.6420","0.4433","1.6235"
"300.6620","0.4430","1.6579"
"300.6820","0.4427","1.7061"
"300.7020","0.4425","1.6901"
"300.7220","0.4422","1.7266"
"300.7420","0.4420","1.7335"
"300.7620","0.4416","1.6518"
"300.7820","0.4413","1.5630"
"300.8020","0.4409","1.6428"
"300.8220","0.4405","1.6417"
"300.8420","0.4402","1.6509"
"300.8620","0.4399","1.6632"
"300.8820","0.4396","1.6355"
"300.9020","0.4393","1.6149"
"300.9220","0.4390","1.6016"
"300.9420","0.4386","1.4980"
"300.9620","0.4382","1.6007"
"300.9820","0.4378","1.6661"
"301.0020","0.4374","1.7498"
"301.0220","0.4371","1.7714"
"301.0420","0.4367","1.7580"
"301.0620","0.4365","1.6572"
"301.0820","0.4362","1.5289"
"301.1020","0.4358","1.4365"
"301.1220","0.4355","1.5813"
"301.1420","0.4352","1.6551"
"301.1620","0.4348","1.5771"
"301.1820","0.4345","1.6676"
"301.2020","0.4342","1.7503"
"301.2220","0.4340","1.7452"
"301.2420","0.4337","1.6481"
"301.2620","0.4333","1.6730"
"301.2820","0.4329","1.6053"
"301.3020","0.4324","1.4635"
"301.3220","0.4320","1.5017"
"301.3420","0.4316","1.5406"
"301.3620","0.4314","1.5340"
"301.3820","0.4311","1.5709"
"301.4020","0.4309","1.5367"
"301.4220","0.4306","1.5969"
"301.4420","0.4303","1.5817"
"301.4620","0.4300","1.5417"
"301.4820","0.4296","1.4608"
"301.5020","0.4292","1.4507"
"301.5220","0.4288","1.5049"
"301.5420","0.4285","1.4627"
"301.5620","0.4282","1.4803"
"301.5820","0.4279","1.5050"
"301.6020","0.4276","1.4952"
"301.6220","0.4273","1.4913"
"301.6420","0.4269","1.5778"
"301.6620","0.4265","1.6052"
"301.6820","0.4261","1.6124"
"301.7020","0.4257","1.6103"
"301.7220","0.4254","1.5047"
"301.7420","0.4251","1.4269"
"301.7620","0.4248","1.5024"
"301.7820","0.4245","1.5289"
"301.8020","0.4242","1.4832"
"301.8220","0.4238","1.5001"
"301.8420","0.4235","1.5766"
"301.8620","0.4232","1.6316"
"301.8820","0.4229","1.5222"
"301.9020","0.4226","1.4716"
"301.9220","0.4223","1.5302"
"301.9420","0.4220","1.5281"
"301.9620","0.4216","1.4738"
"301.9820","0.4212","1.4732"
"302.0020","0.4207","1.4595"
"302.0220","0.4203","1.4419"
"302.0420","0.4200","1.4133"
"302.0620","0.4197","1.4467"
"302.0820","0.4195","1.4357"
"302.1020","0.4193","1.3949"
"302.1220","0.4190","1.3610"
"302.1420","0.4186","1.3763"
"302.1620","0.4183","1.4533"
"302.1820","0.4179","1.4204"
"302.2020","0.4175","1.4478"
"302.2220","0.4172","1.5090"
"302.2420","0.4169","1.4675"
"302.2620","0.4166","1.4342"
"302.2820","0.4163","1.4852"
"302.3020","0.4160","1.4445"
"302.3220","0.4156","1.3840"
"302.3420","0.4152","1.4030"
"302.3620","0.4148","1.4533"
"302.3820","0.4144","1.4215"
"302.4020","0.4141","1.4403"
"302.4220","0.4138","1.5113"
"302.4420","0.4135","1.4972"
"302.4620","0.4132","1.4309"
"302.4820","0.4129","1.4245"
"302.5020","0.4125","1.3333"
"302.5220","0.4122","1.3446"
"302.5420","0.4118","1.3193"
"302.5620","0.4115","1.3137"
"302.5820","0.4112","1.3194"
"302.6020","0.4110","1.3773"
"302.6220","0.4107","1.4423"
"302.6420","0.4103","1.4007"
"302.6620","0.4099","1.3474"
"302.6820","0.4095","1.3747"
"302.7020","0.4091","1.3556"
"302.7220","0.4087","1.5192"
"302.7420","0.4084","1.5089"
"302.7620","0.4081","1.3305"
"302.7820","0.4079","1.2784"
"302.8020","0.4076","1.2816"
"302.8220","0.4073","1.4357"
"302.8420","0.4070","1.4882"
"302.8620","0.4066","1.4853"
"302.8820","0.4062","1.4725"
"302.9020","0.4058","1.3822"
"302.9220","0.4055","1.2903"
"302.9420","0.4052","1.3155"
"302.9620","0.4049","1.3505"
"302.9820","0.4046","1.4017"
"303.0020","0.4043","1.4052"
"303.0220","0.4039","1.3615"
"303.0420","0.4035","1.3493"
"303.0620","0.4031","1.3351"
"303.0820","0.4027","1.4025"
"303.1020","0.4024","1.4819"
"303.1220","0.4021","1.4023"
"303.1420","0.4018","1.3366"
"303.1620","0.4015","1.3624"
"303.1820","0.4012","1.4151"
"303.2020","0.4009","1.4604"
"303.2220","0.4005","1.3779"
"303.2420","0.4002","1.3333"
"303.2620","0.3999","1.3266"
"303.2820","0.3996","1.2879"
"303.3020","0.3993","1.2789"
"303.3220","0.3990","1.2703"
"303.3420","0.3986","1.3751"
"303.3620","0.3982","1.4248"
"303.3820","0.3977","1.4264"
"303.4020","0.3973","1.3395"
"303.4220","0.3970","1.2725"
"303.4420","0.3967","1.2570"
"303.4620","0.3965","1.2855"
"303.4820","0.3963","1.3446"
"303.5020","0.3960","1.4255"
"303.5220","0.3956","1.4282"
"303.5420","0.3953","1.4278"
"303.5620","0.3949","1.3901"
"303.5820","0.3945","1.3164"
"303.6020","0.3941","1.2853"
"303.6220","0.3939","1.3127"
"303.6420","0.3936","1.2848"
"303.6620","0.3933","1.2696"
"303.6820","0.3930","1.3570"
"303.7020","0.3926","1.3836"
"303.7220","0.3922","1.3703"
"303.7420","0.3918","1.3684"
"303.7620","0.3914","1.4126"
"303.7820","0.3911","1.3515"
"303.8020","0.3908","1.2611"
"303.8220","0.3905","1.2507"
"303.8420","0.3902","1.3049"
"303.8620","0.3898","1.3616"
"303.8820","0.3895","1.3189"
"303.9020","0.3891","1.2993"
"303.9220","0.3888","1.2637"
"303.9420","0.3885","1.2992"
"303.9620","0.3882","1.3404"
"303.9820","0.3880","1.3324"
"304.0020","0.3877","1.3053"
"304.0220","0.3873","1.3652"
"304.0420","0.3869","1.2803"
"304.0620","0.3865","1.2965"
"304.0820","0.3860","1.2955"
"304.1020","0.3857","1.2924"
"304.1220","0.3854","1.3005"
"304.1420","0.3852","1.2835"
"304.1620","0.3849","1.3297"
"304.1820","0.3846","1.3391"
"304.2020","0.3843","1.3221"
"304.2220","0.3839","1.3099"
"304.2420","0.3835","1.2378"
"304.2620","0.3831","1.2861"
"304.2820","0.3828","1.3973"
"304.3020","0.3825","1.3681"
"304.3220","0.3822","1.2965"
"304.3420","0.3819","1.2924"
"304.3620","0.3816","1.2717"
"304.3820","0.3813","1.2482"
"304.4020","0.3809","1.2799"
"304.4220","0.3805","1.3546"
"304.4420","0.3801","1.3114"
"304.4620","0.3797","1.2002"
"304.4820","0.3794","1.2158"
"304.5020","0.3791","1.2550"
"304.5220","0.3788","1.3124"
"304.5420","0.3785","1.3575"
"304.5620","0.3782","1.3178"
"304.5820","0.3778","1.3487"
"304.6020","0.3775","1.3103"
"304.6220","0.3772","1.3286"
"304.6420","0.3769","1.2511"
"304.6620","0.3766","1.1473"
"304.6820","0.3763","1.1339"
"304.7020","0.3760","1.2099"
"304.7220","0.3756","1.2231"
"304.7420","0.3752","1.3565"
"304.7620","0.3747","1.3556"
"304.7820","0.3743","1.2737"
"304.8020","0.3740","1.2393"
"304.8220","0.3738","1.2759"
"304.8420","0.3735","1.2992"
"304.8620","0.3733","1.2938"
"304.8820","0.3729","1.3052"
"304.9020","0.3726","1.3196"
"304.9220","0.3722","1.3459"
"304.9420","0.3719","1.2395"
"304.9620","0.3715","1.2523"
"304.9820","0.3712","1.1945"
"305.0020","0.3709","1.2397"
"305.0220","0.3706","1.1717"
"305.0420","0.3703","1.1409"
"305.0620","0.3700","1.1792"
"305.0820","0.3696","1.1446"
"305.1020","0.3692","1.1689"
"305.1220","0.3688","1.1513"
"305.1420","0.3684","1.1919"
"305.1620","0.3681","1.1558"
"305.1820","0.3678","1.1799"
"305.2020","0.3675","1.2676"
"305.2220","0.3672","1.2461"
"305.2420","0.3669","1.2064"
"305.2620","0.3665","1.1975"
"305.2820","0.3661","1.2212"
"305.3020","0.3658","1.2455"
"305.3220","0.3655","1.2415"
"305.3420","0.3652","1.2582"
"305.3620","0.3650","1.2308"
"305.3820","0.3647","1.1978"
"305.4020","0.3643","1.1992"
"305.4220","0.3639","1.1814"
"305.4420","0.3635","1.1650"
"305.4620","0.3631","1.2531"
"305.4820","0.3627","1.1969"
"305.5020","0.3624","1.1779"
"305.5220","0.3622","1.1883"
"305.5420","0.3619","1.1952"
"305.5620","0.3616","1.2493"
"305.5820","0.3613","1.2928"
"305.6020","0.3609","1.3513"
"305.6220","0.3606","1.1929"
"305.6420","0.3602","1.1500"
"305.6620","0.3598","1.0683"
"305.6820","0.3595","1.0601"
"305.7020","0.3592","1.2269"
"305.7220","0.3589","1.2654"
"305.7420","0.3586","1.2412"
"305.7620","0.3583","1.1829"
"305.7820","0.3579","1.2118"
"305.8020","0.3575","1.2487"
"305.8220","0.3571","1.2388"
"305.8420","0.3567","1.1951"
"305.8620","0.3564","1.2941"
"305.8820","0.3562","1.2320"
"305.9020","0.3559","1.1427"
"305.9220","0.3555","1.1370"
"305.9420","0.3552","1.1814"
"305.9620","0.3548","1.2275"
"305.9820","0.3545","1.2266"
"306.0020","0.3542","1.1226"
"306.0220","0.3539","1.0957"
"306.0420","0.3536","1.1709"
"306.0620","0.3533","1.2406"
"306.0820","0.3530","1.1984"
"306.1020","0.3526","1.2792"
"306.1220","0.3522","1.2847"
"306.1420","0.3518","1.2129"
"306.1620","0.3514","1.1343"
"306.1820","0.3511","1.0990"
"306.2020","0.3508","1.1807"
"306.2220","0.3506","1.1774"
"306.2420","0.3503","1.1708"
"306.2620","0.3500","1.2134"
"306.2820","0.3496","1.2083"
"306.3020","0.3493","1.1814"
"306.3220","0.3489","1.1214"
"306.3420","0.3485","1.1728"
"306.3620","0.3482","1.2367"
"306.3820","0.3479","1.2979"
"306.4020","0.3476","1.2397"
"306.4220","0.3473","1.0860"
"306.4420","0.3470","1.0728"
"306.4620","0.3466","1.0856"
"306.4820","0.3462","1.1151"
"306.5020","0.3458","1.0996"
"306.5220","0.3454","1.1391"
"306.5420","0.3451","1.1388"
"306.5620","0.3448","1.1445"
"306.5820","0.3445","1.1554"
"306.6020","0.3442","1.1500"
"306.6220","0.3438","1.0923"
"306.6420","0.3435","1.1402"
"306.6620","0.3431","1.1743"
"306.6820","0.3428","1.1139"
"306.7020","0.3425","1.1199"
"306.7220","0.3422","1.1544"
"306.7420","0.3420","1.1257"
"306.7620","0.3417","1.0892"
"306.7820","0.3413","1.0417"
"306.8020","0.3409","1.0126"
"306.8220","0.3405","1.0827"
"306.8420","0.3400","1.1217"
"306.8620","0.3397","1.1245"
"306.8820","0.3394","1.0715"
"306.9020","0.3392","1.0506"
"306.9220","0.3389","1.1002"
"306.9420","0.3387","1.1567"
"306.9620","0.3383","1.1621"
"306.9820","0.3380","1.1025"
"307.0020","0.3376","1.0756"
"307.0220","0.3372","1.0895"
"307.0420","0.3368","1.0440"
"307.0620","0.3365","1.0192"
"307.0820","0.3362","1.0452"
"307.1020","0.3359","1.0222"
"307.1220","0.3356","1.1008"
"307.1420","0.3353","1.1556"
"307.1620","0.3349","1.2122"
"307.1820","0.3344","1.2382"
"307.2020","0.3340","1.2938"
"307.2220","0.3337","1.1515"
"307.2420","0.3334","1.0481"
"307.2620","0.3331","1.0677"
"307.2820","0.3328","1.0678"
"307.3020","0.3325","0.9983"
"307.3220","0.3322","1.0198"
"307.3420","0.3318","1.1130"
"307.3620","0.3315","1.1604"
"307.3820","0.3311","1.1458"
"307.4020","0.3309","1.2112"
"307.4220","0.3306","1.0746"
"307.4420","0.3303","1.0493"
"307.4620","0.3299","1.0116"
"307.4820","0.3296","1.0373"
"307.5020","0.3291","1.0797"
"307.5220","0.3287","1.0757"
"307.5420","0.3283","1.0168"
"307.5620","0.3280","0.8940"
"307.5820","0.3278","0.9754"
"307.6020","0.3275","0.9986"
"307.6220","0.3273","1.0736"
"307.6420","0.3270","1.1053"
"307.6620","0.3266","1.0621"
"307.6820","0.3262","1.0657"
"307.7020","0.3259","1.0548"
"307.7220","0.3255","1.0158"
"307.7420","0.3252","1.0440"
"307.7620","0.3249","0.9125"
"307.7820","0.3246","0.9823"
"307.8020","0.3243","1.0060"
"307.8220","0.3240","0.9728"
"307.8420","0.3236","1.0339"
"307.8620","0.3231","1.0715"
"307.8820","0.3227","1.0317"
"307.9020","0.3223","1.0023"
"307.9220","0.3220","1.0138"
"307.9420","0.3217","1.0470"
"307.9620","0.3215","1.0906"
"307.9820","0.3212","1.0260"
"308.0020","0.3208","0.9947"
"308.0220","0.3205","0.9819"
"308.0420","0.3201","0.9368"
"308.0620","0.3198","1.0007"
"308.0820","0.3195","1.0397"
"308.1020","0.3192","1.0480"
"308.1220","0.3189","1.0331"
"308.1420","0.3186","0.9861"
"308.1620","0.3182","1.0497"
"308.1820","0.3178","1.0773"
"308.2020","0.3174","1.1322"
"308.2220","0.3170","1.1426"
"308.2420","0.3167","1.0930"
"308.2620","0.3164","1.0444"
"308.2820","0.3162","1.0086"
"308.3020","0.3159","1.0125"
"308.3220","0.3156","0.9306"
"308.3420","0.3153","0.9823"
"308.3620","0.3150","1.0487"
"308.3820","0.3146","1.0048"
"308.4020","0.3142","0.9951"
"308.4220","0.3139","0.9812"
"308.4420","0.3136","0.9617"
"308.4620","0.3133","0.9239"
"308.4820","0.3130","0.9679"
"308.5020","0.3127","0.9297"
"308.5220","0.3123","1.0147"
"308.5420","0.3119","1.0745"
"308.5620","0.3115","1.1203"
"308.5820","0.3111","1.0333"
"308.6020","0.3107","0.9027"
"308.6220","0.3104","0.9101"
"308.6420","0.3101","0.9784"
"308.6620","0.3098","0.9940"
"308.6820","0.3095","1.0750"
"308.7020","0.3092","1.0442"
"308.7220","0.3088","1.0445"
"308.7420","0.3085","0.9541"
"308.7620","0.3082","0.9627"
"308.7820","0.3079","1.0093"
"308.8020","0.3076","0.9910"
"308.8220","0.3073","1.0038"
"308.8420","0.3070","1.0695"
"308.8620","0.3066","1.0653"
"308.8820","0.3061","1.0370"
"308.9020","0.3057","1.0624"
"308.9220","0.3054","0.9844"
"308.9420","0.3051","0.9550"
"308.9620","0.3048","0.9667"
"308.9820","0.3046","0.8775"
"309.0020","0.3043","0.8285"
"309.0220","0.3040","0.9439"
"309.0420","0.3036","0.9662"
"309.0620","0.3032","0.9224"
"309.0820","0.3029","0.9508"
"309.1020","0.3025","0.9473"
"309.1220","0.3022","0.9576"
"309.1420","0.3019","0.9545"
"309.1620","0.3017","0.9344"
"309.1820","0.3014","0.9088"
"309.2020","0.3010","0.9472"
"309.2220","0.3006","0.9829"
"309.2420","0.3002","0.9458"
"309.2620","0.2998","0.9846"
"309.2820","0.2994","0.9874"
"309.3020","0.2991","0.9578"
"309.3220","0.2988","0.8679"
"309.3420","0.2985","0.8381"
"309.3620","0.2982","0.9228"
"309.3820","0.2978","0.9579"
"309.4020","0.2975","0.9566"
"309.4220","0.2972","0.9182"
"309.4420","0.2968","0.9188"
"309.4620","0.2965","0.9738"
"309.4820","0.2962","1.0335"
"309.5020","0.2960","1.0317"
"309.5220","0.2956","0.9665"
"309.5420","0.2953","0.8859"
"309.5620","0.2948","0.8227"
"309.5820","0.2944","0.8689"
"309.6020","0.2940","0.9207"
"309.6220","0.2937","0.9486"
"309.6420","0.2934","0.9094"
"309.6620","0.2932","0.8946"
"309.6820","0.2929","0.9387"
"309.7020","0.2926","0.9397"
"309.7220","0.2923","0.9465"
"309.7420","0.2919","0.8380"
"309.7620","0.2915","0.8333"
"309.7820","0.2912","0.9033"
"309.8020","0.2908","0.9879"
"309.8220","0.2905","0.9366"
"309.8420","0.2903","0.8769"
"309.8620","0.2900","0.8835"
"309.8820","0.2897","0.7743"
"309.9020","0.2893","0.7834"
"309.9220","0.2889","0.8408"
"309.9420","0.2885","0.9466"
"309.9620","0.2881","0.9335"
"309.9820","0.2877","0.9358"
"310.0020","0.2874","0.8599"
"310.0220","0.2871","0.8286"
"310.0420","0.2868","0.8407"
"310.0620","0.2865","0.8734"
"310.0820","0.2861","0.9521"
"310.1020","0.2858","0.9085"
"310.1220","0.2855","0.9222"
"310.1420","0.2852","0.9019"
"310.1620","0.2849","0.8765"
"310.1820","0.2846","0.8452"
"310.2020","0.2843","0.8601"
"310.2220","0.2840","0.8999"
"310.2420","0.2836","0.9476"
"310.2620","0.2831","0.9448"
"310.2820","0.2827","0.8546"
"310.3020","0.2823","0.8197"
"310.3220","0.2820","0.8403"
"310.3420","0.2818","0.8880"
"310.3620","0.2815","0.9196"
"310.3820","0.2813","0.9093"
"310.4020","0.2810","0.9008"
"310.4220","0.2806","0.8690"
"310.4420","0.2802","0.8970"
"310.4620","0.2799","0.8699"
"310.4820","0.2795","0.9196"
"310.5020","0.2792","0.9808"
"310.5220","0.2789","0.8854"
"310.5420","0.2786","0.8702"
"310.5620","0.2783","0.8936"
"310.5820","0.2780","0.8684"
"310.6020","0.2776","0.8071"
"310.6220","0.2772","0.7734"
"310.6420","0.2768","0.8056"
"310.6620","0.2764","0.8015"
"310.6820","0.2761","0.9055"
"310.7020","0.2758","0.9811"
"310.7220","0.2755","0.8906"
"310.7420","0.2751","0.8079"
"310.7620","0.2748","0.8093"
"310.7820","0.2745","0.8001"
"310.8020","0.2741","0.8609"
"310.8220","0.2738","0.9029"
"310.8420","0.2736","0.8899"
"310.8620","0.2733","0.8907"
"310.8820","0.2730","0.8417"
"310.9020","0.2727","0.8665"
"310.9220","0.2723","0.8656"
"310.9420","0.2718","0.7998"
"310.9620","0.2714","0.8421"
"310.9820","0.2710","0.8474"
"311.0020","0.2707","0.8361"
"311.0220","0.2704","0.8679"
"311.0420","0.2702","0.9147"
"311.0620","0.2699","0.9210"
"311.0820","0.2696","0.8770"
"311.1020","0.2693","0.8734"
"311.1220","0.2689","0.8700"
"311.1420","0.2685","0.8374"
"311.1620","0.2682","0.8666"
"311.1820","0.2678","0.9423"
"311.2020","0.2676","0.8945"
"311.2220","0.2673","0.9075"
"311.2420","0.2670","0.8889"
"311.2620","0.2667","0.9191"
"311.2820","0.2663","0.9921"
"311.3020","0.2659","0.9882"
"311.3220","0.2655","0.9387"
"311.3420","0.2651","0.9320"
"311.3620","0.2648","0.9524"
"311.3820","0.2644","0.8469"
"311.4020","0.2641","0.8356"
"311.4220","0.2638","0.8763"
"311.4420","0.2635","0.8365"
"311.4620","0.2631","0.8481"
"311.4820","0.2628","0.8303"
"311.5020","0.2624","0.8331"
"311.5220","0.2622","0.8433"
"311.5420","0.2619","0.8352"
"311.5620","0.2616","0.8213"
"311.5820","0.2613","0.8982"
"311.6020","0.2610","0.9256"
"311.6220","0.2606","0.9735"
"311.6420","0.2601","0.9689"
"311.6620","0.2597","0.9246"
"311.6820","0.2593","0.9034"
"311.7020","0.2590","0.9487"
"311.7220","0.2588","0.9638"
"311.7420","0.2585","0.9909"
"311.7620","0.2582","0.8882"
"311.7820","0.2579","0.8962"
"311.8020","0.2576","0.7839"
"311.8220","0.2572","0.7756"
"311.8420","0.2568","0.8453"
"311.8620","0.2565","0.8774"
"311.8820","0.2562","0.8341"
"311.9020","0.2559","0.8746"
"311.9220","0.2556","0.9062"
"311.9420","0.2553","0.8824"
"311.9620","0.2550","0.9139"
"311.9820","0.2546","0.9174"
"312.0020","0.2542","0.8652"
"312.0220","0.2538","0.8715"
"312.0420","0.2534","0.8296"
"312.0620","0.2531","0.7827"
"312.0820","0.2528","0.8253"
"312.1020","0.2525","0.7951"
"312.1220","0.2522","0.8407"
"312.1420","0.2518","0.7863"
"312.1620","0.2515","0.8333"
"312.1820","0.2511","0.9351"
"312.2020","0.2508","0.9515"
"312.2220","0.2506","0.9123"
"312.2420","0.2503","0.9318"
"312.2620","0.2500","0.9198"
"312.2820","0.2497","0.9599"
"312.3020","0.2493","0.9095"
"312.3220","0.2488","0.9194"
"312.3420","0.2484","0.8900"
"312.3620","0.2480","0.7449"
"312.3820","0.2477","0.8172"
"312.4020","0.2474","0.9004"
"312.4220","0.2472","0.8874"
"312.4420","0.2469","0.9048"
"312.4620","0.2466","0.7661"
"312.4820","0.2463","0.7463"
"312.5020","0.2459","0.6984"
"312.5220","0.2455","0.7866"
"312.5420","0.2452","0.8920"
"312.5620","0.2449","0.8539"
"312.5820","0.2446","0.7730"
"312.6020","0.2443","0.8809"
"312.6220","0.2440","0.9825"
"312.6420","0.2437","0.9140"
"312.6620","0.2433","0.8157"
"312.6820","0.2429","0.7199"
"312.7020","0.2425","0.7092"
"312.7220","0.2421","0.7319"
"312.7420","0.2417","0.8375"
"312.7620","0.2414","0.8362"
"312.7820","0.2411","0.7984"
"312.8020","0.2408","0.7789"
"312.8220","0.2405","0.7770"
"312.8420","0.2401","0.7173"
"312.8620","0.2398","0.7692"
"312.8820","0.2395","0.7762"
"312.9020","0.2392","0.8055"
"312.9220","0.2389","0.7969"
"312.9420","0.2386","0.8149"
"312.9620","0.2383","0.8592"
"312.9820","0.2380","0.8304"
"313.0020","0.2375","0.7693"
"313.0220","0.2371","0.7655"
"313.0420","0.2367","0.8214"
"313.0620","0.2363","0.8075"
"313.0820","0.2361","0.8617"
"313.1020","0.2358","0.8579"
"313.1220","0.2356","0.8458"
"313.1420","0.2353","0.8149"
"313.1620","0.2349","0.7594"
"313.1820","0.2346","0.7556"
"313.2020","0.2342","0.7313"
"313.2220","0.2338","0.8183"
"313.2420","0.2335","0.9094"
"313.2620","0.2332","0.8739"
"313.2820","0.2329","0.7647"
"313.3020","0.2326","0.7229"
"313.3220","0.2323","0.7016"
"313.3420","0.2319","0.7709"
"313.3620","0.2316","0.8247"
"313.3820","0.2311","0.7980"
"313.4020","0.2308","0.7926"
"313.4220","0.2304","0.7923"
"313.4420","0.2301","0.7944"
"313.4620","0.2298","0.8047"
"313.4820","0.2295","0.7586"
"313.5020","0.2292","0.7681"
"313.5220","0.2288","0.7461"
"313.5420","0.2285","0.7219"
"313.5620","0.2281","0.6996"
"313.5820","0.2279","0.7371"
"313.6020","0.2276","0.7887"
"313.6220","0.2273","0.7900"
"313.6420","0.2270","0.7567"
"313.6620","0.2267","0.7819"
"313.6820","0.2263","0.7301"
"313.7020","0.2258","0.7540"
"313.7220","0.2254","0.6864"
"313.7420","0.2250","0.6907"
"313.7620","0.2247","0.6965"
"313.7820","0.2245","0.7223"
"313.8020","0.2242","0.7960"
"313.8220","0.2239","0.7464"
"313.8420","0.2236","0.8094"
"313.8620","0.2233","0.8173"
"313.8820","0.2229","0.8030"
"313.9020","0.2225","0.7920"
"313.9220","0.2222","0.7604"
"313.9420","0.2219","0.7851"
"313.9620","0.2216","0.7640"
"313.9820","0.2213","0.7504"
"314.0020","0.2210","0.7135"
"314.0220","0.2207","0.6723"
"314.0420","0.2203","0.7414"
"314.0620","0.2199","0.7372"
"314.0820","0.2195","0.7914"
"314.1020","0.2191","0.7904"
"314.1220","0.2188","0.7747"
"314.1420","0.2185","0.8063"
"314.1620","0.2182","0.7508"
"314.1820","0.2179","0.7272"
"314.2020","0.2175","0.6703"
"314.2220","0.2172","0.7379"
"314.2420","0.2168","0.8620"
"314.2620","0.2165","0.7752"
"314.2820","0.2162","0.6501"
"314.3020","0.2159","0.6604"
"314.3220","0.2156","0.7721"
"314.3420","0.2153","0.7110"
"314.3620","0.2149","0.6543"
"314.3820","0.2145","0.5924"
"314.4020","0.2141","0.6248"
"314.4220","0.2137","0.7115"
"314.4420","0.2133","0.7387"
"314.4620","0.2131","0.6738"
"314.4820","0.2128","0.6754"
"314.5020","0.2126","0.6972"
"314.5220","0.2123","0.6821"
"314.5420","0.2119","0.6896"
"314.5620","0.2116","0.7200"
"314.5820","0.2112","0.7310"
"314.6020","0.2108","0.7465"
"314.6220","0.2105","0.7194"
"314.6420","0.2102","0.6426"
"314.6620","0.2099","0.6408"
"314.6820","0.2096","0.6317"
"314.7020","0.2093","0.6163"
"314.7220","0.2089","0.6367"
"314.7420","0.2085","0.7406"
"314.7620","0.2081","0.8162"
"314.7820","0.2077","0.8484"
"314.8020","0.2074","0.6994"
"314.8220","0.2071","0.6915"
"314.8420","0.2068","0.6810"
"314.8620","0.2065","0.7183"
"314.8820","0.2062","0.7757"
"314.9020","0.2058","0.8041"
"314.9220","0.2055","0.6847"
"314.9420","0.2051","0.6821"
"314.9620","0.2049","0.6434"
"314.9820","0.2046","0.7045"
"315.0020","0.2043","0.7290"
"315.0220","0.2040","0.7900"
"315.0420","0.2036","0.7339"
"315.0620","0.2032","0.6715"
"315.0820","0.2027","0.6449"
"315.0860","0.2026","0.6420"

