Time,Displacement,Force
(s),(mm),(N)
"0.0000","0.0000","0.0525"
"0.0200","0.0000","0.1133"
"0.0400","0.0000","0.0039"
"0.0600","0.0001","-0.0212"
"0.0800","0.0002","-0.0428"
"0.1000","0.0004","0.0094"
"0.1200","0.0004","0.0174"
"0.1400","0.0004","0.0443"
"0.1600","0.0004","0.0326"
"0.1800","0.0005","0.0555"
"0.2000","0.0007","0.1068"
"0.2200","0.0011","0.1502"
"0.2400","0.0015","0.1731"
"0.2600","0.0020","0.2606"
"0.2800","0.0025","0.2010"
"0.3000","0.0031","0.1317"
"0.3200","0.0036","0.1479"
"0.3400","0.0041","0.1962"
"0.3600","0.0045","0.1976"
"0.3800","0.0048","0.1928"
"0.4000","0.0051","0.1899"
"0.4200","0.0054","0.2761"
"0.4400","0.0058","0.3235"
"0.4600","0.0062","0.3643"
"0.4800","0.0067","0.3191"
"0.5000","0.0070","0.2841"
"0.5200","0.0073","0.3370"
"0.5400","0.0076","0.4479"
"0.5600","0.0079","0.4646"
"0.5800","0.0082","0.3818"
"0.6000","0.0086","0.3644"
"0.6200","0.0091","0.2916"
"0.6400","0.0096","0.3375"
"0.6600","0.0100","0.3947"
"0.6800","0.0103","0.3578"
"0.7000","0.0105","0.2963"
"0.7200","0.0108","0.3635"
"0.7400","0.0110","0.3885"
"0.7600","0.0113","0.4154"
"0.7800","0.0117","0.3998"
"0.8000","0.0121","0.3587"
"0.8200","0.0124","0.3957"
"0.8400","0.0128","0.4318"
"0.8600","0.0131","0.3812"
"0.8800","0.0134","0.3706"
"0.9000","0.0137","0.4547"
"0.9200","0.0141","0.4621"
"0.9400","0.0145","0.5034"
"0.9600","0.0149","0.5008"
"0.9800","0.0153","0.4438"
"1.0000","0.0156","0.3999"
"1.0200","0.0159","0.4436"
"1.0400","0.0161","0.4851"
"1.0600","0.0164","0.5188"
"1.0800","0.0166","0.5195"
"1.1000","0.0170","0.5591"
"1.1200","0.0173","0.6532"
"1.1400","0.0177","0.6171"
"1.1600","0.0181","0.5718"
"1.1800","0.0185","0.5934"
"1.2000","0.0187","0.5635"
"1.2200","0.0190","0.5812"
"1.2400","0.0193","0.6529"
"1.2600","0.0196","0.6720"
"1.2800","0.0199","0.7085"
"1.3000","0.0203","0.6874"
"1.3200","0.0208","0.7043"
"1.3400","0.0212","0.6535"
"1.3600","0.0216","0.6698"
"1.3800","0.0219","0.7060"
"1.4000","0.0221","0.6802"
"1.4200","0.0223","0.6629"
"1.4400","0.0226","0.6562"
"1.4600","0.0229","0.6438"
"1.4800","0.0233","0.6720"
"1.5000","0.0237","0.7550"
"1.5200","0.0241","0.7694"
"1.5400","0.0244","0.7078"
"1.5600","0.0247","0.6128"
"1.5800","0.0250","0.6017"
"1.6000","0.0254","0.5911"
"1.6200","0.0258","0.6525"
"1.6400","0.0262","0.7320"
"1.6600","0.0266","0.7718"
"1.6800","0.0270","0.7378"
"1.7000","0.0272","0.6629"
"1.7200","0.0275","0.7433"
"1.7400","0.0277","0.8467"
"1.7600","0.0280","0.8467"
"1.7800","0.0283","0.8407"
"1.8000","0.0286","0.8155"
"1.8200","0.0290","0.8897"
"1.8400","0.0294","0.8842"
"1.8600","0.0298","0.8291"
"1.8800","0.0301","0.8444"
"1.9000","0.0304","0.8405"
"1.9200","0.0306","0.7868"
"1.9400","0.0309","0.8646"
"1.9600","0.0312","0.9136"
"1.9800","0.0316","0.8475"
"2.0000","0.0321","0.8483"
"2.0200","0.0325","0.9104"
"2.0400","0.0329","0.9848"
"2.0600","0.0332","1.0030"
"2.0800","0.0334","1.0285"
"2.1000","0.0337","1.0483"
"2.1200","0.0339","1.0416"
"2.1400","0.0343","1.0079"
"2.1600","0.0346","1.0174"
"2.1800","0.0350","1.0613"
"2.2000","0.0354","0.9859"
"2.2200","0.0357","1.0021"
"2.2400","0.0360","1.0296"
"2.2600","0.0363","1.0719"
"2.2800","0.0367","1.0587"
"2.3000","0.0370","0.9895"
"2.3200","0.0374","1.0143"
"2.3400","0.0379","1.0960"
"2.3600","0.0382","1.0156"
"2.3800","0.0386","0.9331"
"2.4000","0.0388","0.9674"
"2.4200","0.0391","1.0707"
"2.4400","0.0393","1.0526"
"2.4600","0.0396","1.0958"
"2.4800","0.0399","1.0331"
"2.5000","0.0403","1.1064"
"2.5200","0.0407","1.1442"
"2.5400","0.0411","1.1649"
"2.5600","0.0414","1.1862"
"2.5800","0.0417","1.1470"
"2.6000","0.0420","1.1229"
"2.6200","0.0422","1.0821"
"2.6400","0.0425","1.1573"
"2.6600","0.0429","1.2209"
"2.6800","0.0434","1.1932"
"2.7000","0.0438","1.1767"
"2.7200","0.0443","1.1646"
"2.7400","0.0446","1.2049"
"2.7600","0.0448","1.2592"
"2.7800","0.0451","1.2701"
"2.8000","0.0453","1.1994"
"2.8200","0.0456","1.1496"
"2.8400","0.0459","1.1146"
"2.8600","0.0463","1.1781"
"2.8800","0.0466","1.1949"
"2.9000","0.0470","1.2309"
"2.9200","0.0474","1.2210"
"2.9400","0.0477","1.1095"
"2.9600","0.0480","1.1685"
"2.9800","0.0483","1.2162"
"3.0000","0.0487","1.2290"
"3.0200","0.0491","1.2398"
"3.0400","0.0496","1.2356"
"3.0600","0.0499","1.1741"
"3.0800","0.0502","1.1411"
"3.1000","0.0505","1.1815"
"3.1200","0.0507","1.2122"
"3.1400","0.0510","1.1872"
"3.1600","0.0513","1.2236"
"3.1800","0.0516","1.2630"
"3.2000","0.0520","1.2549"
"3.2200","0.0524","1.2706"
"3.2400","0.0528","1.2503"
"3.2600","0.0531","1.2704"
"3.2800","0.0533","1.2808"
"3.3000","0.0536","1.2335"
"3.3200","0.0539","1.1833"
"3.3400","0.0542","1.1611"
"3.3600","0.0547","1.2158"
"3.3800","0.0551","1.2029"
"3.4000","0.0556","1.2535"
"3.4200","0.0560","1.2916"
"3.4400","0.0562","1.2717"
"3.4600","0.0565","1.2190"
"3.4800","0.0567","1.2052"
"3.5000","0.0569","1.2549"
"3.5200","0.0572","1.2656"
"3.5400","0.0576","1.1658"
"3.5600","0.0580","1.1550"
"3.5800","0.0583","1.1248"
"3.6000","0.0587","0.9893"
"3.6200","0.0590","1.0508"
"3.6400","0.0593","1.0229"
"3.6600","0.0596","1.0443"
"3.6800","0.0600","1.1345"
"3.7000","0.0604","1.1447"
"3.7200","0.0608","1.1254"
"3.7400","0.0612","1.2250"
"3.7600","0.0616","1.2074"
"3.7800","0.0618","1.0120"
"3.8000","0.0621","0.9846"
"3.8200","0.0623","0.9911"
"3.8400","0.0626","1.0983"
"3.8600","0.0629","1.1403"
"3.8800","0.0633","1.1339"
"3.9000","0.0637","1.1894"
"3.9200","0.0641","1.1984"
"3.9400","0.0644","1.1313"
"3.9600","0.0647","1.0780"
"3.9800","0.0649","1.1486"
"4.0000","0.0652","1.2804"
"4.0200","0.0655","1.2738"
"4.0400","0.0659","1.2577"
"4.0600","0.0664","1.2581"
"4.0800","0.0668","1.3509"
"4.1000","0.0673","1.3685"
"4.1200","0.0676","1.3164"
"4.1400","0.0679","1.3704"
"4.1600","0.0681","1.3686"
"4.1800","0.0683","1.2756"
"4.2000","0.0686","1.3227"
"4.2200","0.0689","1.4136"
"4.2400","0.0693","1.4246"
"4.2600","0.0697","1.3338"
"4.2800","0.0700","1.2816"
"4.3000","0.0704","1.4352"
"4.3200","0.0707","1.4723"
"4.3400","0.0710","1.4534"
"4.3600","0.0713","1.4538"
"4.3800","0.0717","1.3697"
"4.4000","0.0722","1.4095"
"4.4200","0.0726","1.4776"
"4.4400","0.0729","1.4743"
"4.4600","0.0732","1.3748"
"4.4800","0.0734","1.3919"
"4.5000","0.0737","1.4619"
"4.5200","0.0739","1.5062"
"4.5400","0.0743","1.5014"
"4.5600","0.0746","1.5344"
"4.5800","0.0750","1.5379"
"4.6000","0.0754","1.5192"
"4.6200","0.0758","1.4376"
"4.6400","0.0761","1.4526"
"4.6600","0.0763","1.4983"
"4.6800","0.0766","1.4887"
"4.7000","0.0769","1.5064"
"4.7200","0.0772","1.5393"
"4.7400","0.0777","1.6119"
"4.7600","0.0781","1.6180"
"4.7800","0.0786","1.6128"
"4.8000","0.0790","1.6810"
"4.8200","0.0793","1.6898"
"4.8400","0.0795","1.6585"
"4.8600","0.0797","1.6457"
"4.8800","0.0800","1.5464"
"4.9000","0.0803","1.5478"
"4.9200","0.0806","1.6464"
"4.9400","0.0810","1.6879"
"4.9600","0.0814","1.6891"
"4.9800","0.0817","1.5783"
"5.0000","0.0821","1.5856"
"5.0200","0.0824","1.6634"
"5.0400","0.0827","1.6031"
"5.0600","0.0830","1.5851"
"5.0800","0.0834","1.5800"
"5.1000","0.0838","1.5860"
"5.1200","0.0842","1.6919"
"5.1400","0.0845","1.7504"
"5.1600","0.0848","1.7646"
"5.1800","0.0850","1.6981"
"5.2000","0.0853","1.6180"
"5.2200","0.0856","1.6586"
"5.2400","0.0859","1.6939"
"5.2600","0.0863","1.6211"
"5.2800","0.0867","1.6567"
"5.3000","0.0871","1.7377"
"5.3200","0.0874","1.7746"
"5.3400","0.0877","1.7217"
"5.3600","0.0880","1.7194"
"5.3800","0.0882","1.7692"
"5.4000","0.0885","1.7471"
"5.4200","0.0889","1.7310"
"5.4400","0.0894","1.7432"
"5.4600","0.0899","1.8077"
"5.4800","0.0903","1.9067"
"5.5000","0.0906","1.8610"
"5.5200","0.0909","1.8840"
"5.5400","0.0911","1.8519"
"5.5600","0.0913","1.7843"
"5.5800","0.0916","1.7529"
"5.6000","0.0919","1.7981"
"5.6200","0.0923","1.7977"
"5.6400","0.0927","1.7774"
"5.6600","0.0930","1.8487"
"5.6800","0.0934","1.8756"
"5.7000","0.0937","1.8456"
"5.7200","0.0940","1.8695"
"5.7400","0.0944","1.8072"
"5.7600","0.0948","1.8076"
"5.7800","0.0952","1.8571"
"5.8000","0.0956","1.8310"
"5.8200","0.0959","1.8387"
"5.8400","0.0962","1.8467"
"5.8600","0.0964","1.8758"
"5.8800","0.0967","1.9102"
"5.9000","0.0970","1.9712"
"5.9200","0.0973","2.0009"
"5.9400","0.0977","1.9545"
"5.9600","0.0981","1.9609"
"5.9800","0.0984","1.9872"
"6.0000","0.0988","1.9574"
"6.0200","0.0991","1.9697"
"6.0400","0.0994","1.9992"
"6.0600","0.0996","1.9591"
"6.0800","0.0999","1.9792"
"6.1000","0.1003","1.9972"
"6.1200","0.1007","2.0218"
"6.1400","0.1011","1.9513"
"6.1600","0.1016","1.9184"
"6.1800","0.1020","1.9436"
"6.2000","0.1022","1.9781"
"6.2200","0.1025","1.8404"
"6.2400","0.1027","1.8604"
"6.2600","0.1030","2.0166"
"6.2800","0.1033","2.0946"
"6.3000","0.1036","2.1062"
"6.3200","0.1040","2.1071"
"6.3400","0.1044","2.0669"
"6.3600","0.1047","2.0014"
"6.3800","0.1050","2.0259"
"6.4000","0.1054","2.0108"
"6.4200","0.1057","2.0781"
"6.4400","0.1060","2.0735"
"6.4600","0.1064","2.0930"
"6.4800","0.1068","2.1755"
"6.5000","0.1072","2.2415"
"6.5200","0.1075","2.2652"
"6.5400","0.1078","2.1869"
"6.5600","0.1080","2.2246"
"6.5800","0.1083","2.2132"
"6.6000","0.1085","2.2435"
"6.6200","0.1089","2.1815"
"6.6400","0.1092","2.1452"
"6.6600","0.1096","2.1491"
"6.6800","0.1100","2.1772"
"6.7000","0.1104","2.1626"
"6.7200","0.1106","2.1673"
"6.7400","0.1109","2.1335"
"6.7600","0.1112","2.1815"
"6.7800","0.1115","2.2020"
"6.8000","0.1119","2.1593"
"6.8200","0.1124","2.1397"
"6.8400","0.1128","2.2080"
"6.8600","0.1133","2.2403"
"6.8800","0.1136","2.2560"
"6.9000","0.1138","2.1772"
"6.9200","0.1141","2.2632"
"6.9400","0.1143","2.3300"
"6.9600","0.1146","2.3127"
"6.9800","0.1149","2.3225"
"7.0000","0.1153","2.2577"
"7.0200","0.1157","2.3408"
"7.0400","0.1161","2.3565"
"7.0600","0.1164","2.3024"
"7.0800","0.1168","2.3564"
"7.1000","0.1171","2.3349"
"7.1200","0.1174","2.3624"
"7.1400","0.1178","2.4014"
"7.1600","0.1182","2.3630"
"7.1800","0.1186","2.3692"
"7.2000","0.1189","2.4087"
"7.2200","0.1192","2.4060"
"7.2400","0.1194","2.4208"
"7.2600","0.1197","2.4860"
"7.2800","0.1199","2.4608"
"7.3000","0.1203","2.3455"
"7.3200","0.1206","2.3417"
"7.3400","0.1210","2.3638"
"7.3600","0.1214","2.4559"
"7.3800","0.1217","2.4019"
"7.4000","0.1220","2.4058"
"7.4200","0.1223","2.4267"
"7.4400","0.1226","2.3719"
"7.4600","0.1229","2.4321"
"7.4800","0.1233","2.4936"
"7.5000","0.1237","2.5201"
"7.5200","0.1241","2.4999"
"7.5400","0.1246","2.4939"
"7.5600","0.1249","2.4669"
"7.5800","0.1252","2.5296"
"7.6000","0.1254","2.5549"
"7.6200","0.1257","2.5880"
"7.6400","0.1259","2.5586"
"7.6600","0.1263","2.5018"
"7.6800","0.1266","2.4323"
"7.7000","0.1270","2.4937"
"7.7200","0.1274","2.5179"
"7.7400","0.1277","2.5771"
"7.7600","0.1280","2.6489"
"7.7800","0.1283","2.5904"
"7.8000","0.1287","2.6035"
"7.8200","0.1290","2.6304"
"7.8400","0.1294","2.6232"
"7.8600","0.1298","2.6125"
"7.8800","0.1302","2.6528"
"7.9000","0.1305","2.6977"
"7.9200","0.1307","2.6695"
"7.9400","0.1310","2.6928"
"7.9600","0.1313","2.6532"
"7.9800","0.1315","2.6695"
"8.0000","0.1319","2.7033"
"8.0200","0.1323","2.6633"
"8.0400","0.1326","2.5923"
"8.0600","0.1330","2.5838"
"8.0800","0.1334","2.6134"
"8.1000","0.1337","2.7045"
"8.1200","0.1339","2.7231"
"8.1400","0.1342","2.6626"
"8.1600","0.1346","2.5879"
"8.1800","0.1350","2.6235"
"8.2000","0.1355","2.7145"
"8.2200","0.1359","2.7060"
"8.2400","0.1363","2.7442"
"8.2600","0.1366","2.7588"
"8.2800","0.1368","2.8222"
"8.3000","0.1370","2.7992"
"8.3200","0.1373","2.7636"
"8.3400","0.1376","2.7721"
"8.3600","0.1379","2.7791"
"8.3800","0.1383","2.7898"
"8.4000","0.1387","2.6948"
"8.4200","0.1391","2.7279"
"8.4400","0.1394","2.8347"
"8.4600","0.1397","2.8620"
"8.4800","0.1401","2.8537"
"8.5000","0.1404","2.7946"
"8.5200","0.1408","2.8384"
"8.5400","0.1412","2.8893"
"8.5600","0.1416","2.8759"
"8.5800","0.1419","2.8891"
"8.6000","0.1421","2.9650"
"8.6200","0.1424","2.9033"
"8.6400","0.1427","2.8375"
"8.6600","0.1429","2.8689"
"8.6800","0.1433","2.8873"
"8.7000","0.1436","2.8428"
"8.7200","0.1440","2.8218"
"8.7400","0.1444","2.8145"
"8.7600","0.1447","2.8462"
"8.7800","0.1450","2.9418"
"8.8000","0.1453","2.9870"
"8.8200","0.1456","2.9194"
"8.8400","0.1459","2.9461"
"8.8600","0.1463","2.9766"
"8.8800","0.1467","2.9699"
"8.9000","0.1472","2.8930"
"8.9200","0.1477","2.9205"
"8.9400","0.1480","2.9784"
"8.9600","0.1482","3.0550"
"8.9800","0.1484","2.9909"
"9.0000","0.1486","2.9639"
"9.0200","0.1489","3.0099"
"9.0400","0.1493","2.9125"
"9.0600","0.1496","2.9541"
"9.0800","0.1501","2.9548"
"9.1000","0.1504","3.0431"
"9.1200","0.1508","2.9897"
"9.1400","0.1511","2.9474"
"9.1600","0.1514","3.0744"
"9.1800","0.1517","3.0881"
"9.2000","0.1521","3.0206"
"9.2200","0.1525","2.9999"
"9.2400","0.1529","3.1442"
"9.2600","0.1532","3.1454"
"9.2800","0.1535","3.0370"
"9.3000","0.1537","3.0925"
"9.3200","0.1540","3.1028"
"9.3400","0.1543","3.1194"
"9.3600","0.1546","3.2250"
"9.3800","0.1549","3.2162"
"9.4000","0.1553","3.2501"
"9.4200","0.1557","3.3091"
"9.4400","0.1561","3.2791"
"9.4600","0.1564","3.2619"
"9.4800","0.1566","3.1641"
"9.5000","0.1569","3.2307"
"9.5200","0.1572","3.2804"
"9.5400","0.1576","3.2694"
"9.5600","0.1580","3.2870"
"9.5800","0.1585","3.2757"
"9.6000","0.1590","3.2127"
"9.6200","0.1593","3.1849"
"9.6400","0.1596","3.1528"
"9.6600","0.1598","3.1667"
"9.6800","0.1600","3.2066"
"9.7000","0.1603","3.3341"
"9.7200","0.1606","3.3758"
"9.7400","0.1610","3.3520"
"9.7600","0.1614","3.2965"
"9.7800","0.1618","3.3301"
"9.8000","0.1621","3.3898"
"9.8200","0.1625","3.3834"
"9.8400","0.1628","3.3675"
"9.8600","0.1631","3.3233"
"9.8800","0.1634","3.3598"
"9.9000","0.1638","3.4330"
"9.9200","0.1642","3.3710"
"9.9400","0.1645","3.2862"
"9.9600","0.1648","3.3068"
"9.9800","0.1651","3.4610"
"10.0000","0.1654","3.5456"
"10.0200","0.1656","3.4913"
"10.0400","0.1659","3.4234"
"10.0600","0.1662","3.4149"
"10.0800","0.1666","3.4555"
"10.1000","0.1670","3.4715"
"10.1200","0.1674","3.5215"
"10.1400","0.1677","3.5240"
"10.1600","0.1680","3.5213"
"10.1800","0.1682","3.5475"
"10.2000","0.1685","3.4723"
"10.2200","0.1688","3.4963"
"10.2400","0.1692","3.5574"
"10.2600","0.1697","3.5647"
"10.2800","0.1702","3.5493"
"10.3000","0.1706","3.4532"
"10.3200","0.1710","3.5220"
"10.3400","0.1712","3.5675"
"10.3600","0.1714","3.6217"
"10.3800","0.1717","3.6376"
"10.4000","0.1719","3.6190"
"10.4200","0.1723","3.6541"
"10.4400","0.1726","3.6434"
"10.4600","0.1730","3.6373"
"10.4800","0.1734","3.6631"
"10.5000","0.1737","3.6592"
"10.5200","0.1741","3.7326"
"10.5400","0.1744","3.7538"
"10.5600","0.1747","3.7234"
"10.5800","0.1751","3.7680"
"10.6000","0.1755","3.7570"
"10.6200","0.1758","3.7625"
"10.6400","0.1762","3.7975"
"10.6600","0.1765","3.7522"
"10.6800","0.1767","3.7171"
"10.7000","0.1770","3.7423"
"10.7200","0.1773","3.7557"
"10.7400","0.1776","3.7633"
"10.7600","0.1779","3.8639"
"10.7800","0.1783","3.8663"
"10.8000","0.1787","3.8421"
"10.8200","0.1791","3.7754"
"10.8400","0.1794","3.7885"
"10.8600","0.1796","3.8081"
"10.8800","0.1799","3.8105"
"10.9000","0.1802","3.7440"
"10.9200","0.1806","3.8082"
"10.9400","0.1810","3.8599"
"10.9600","0.1814","3.8590"
"10.9800","0.1819","3.9225"
"11.0000","0.1823","3.9577"
"11.0200","0.1826","3.9142"
"11.0400","0.1828","3.8705"
"11.0600","0.1830","3.9219"
"11.0800","0.1833","3.9929"
"11.1000","0.1836","4.0332"
"11.1200","0.1839","4.0020"
"11.1400","0.1843","3.9726"
"11.1600","0.1847","3.9554"
"11.1800","0.1851","3.9503"
"11.2000","0.1854","4.0372"
"11.2200","0.1857","4.0422"
"11.2400","0.1860","3.9858"
"11.2600","0.1864","3.9584"
"11.2800","0.1868","3.9999"
"11.3000","0.1872","4.0493"
"11.3200","0.1876","4.1128"
"11.3400","0.1879","4.0756"
"11.3600","0.1882","4.0274"
"11.3800","0.1884","4.0587"
"11.4000","0.1887","4.0609"
"11.4200","0.1890","4.1006"
"11.4400","0.1893","4.1508"
"11.4600","0.1896","4.1976"
"11.4800","0.1900","4.2133"
"11.5000","0.1904","4.2195"
"11.5200","0.1907","4.1750"
"11.5400","0.1910","4.2152"
"11.5600","0.1913","4.2480"
"11.5800","0.1915","4.3127"
"11.6000","0.1919","4.2587"
"11.6200","0.1923","4.1673"
"11.6400","0.1927","4.1378"
"11.6600","0.1932","4.1874"
"11.6800","0.1936","4.2221"
"11.7000","0.1939","4.1888"
"11.7200","0.1941","4.2481"
"11.7400","0.1943","4.3190"
"11.7600","0.1946","4.3319"
"11.7800","0.1949","4.3106"
"11.8000","0.1953","4.2613"
"11.8200","0.1956","4.2026"
"11.8400","0.1960","4.2283"
"11.8600","0.1964","4.2109"
"11.8800","0.1967","4.3312"
"11.9000","0.1970","4.3513"
"11.9200","0.1973","4.3066"
"11.9400","0.1977","4.3217"
"11.9600","0.1981","4.3036"
"11.9800","0.1985","4.3196"
"12.0000","0.1989","4.3720"
"12.0200","0.1992","4.3753"
"12.0400","0.1995","4.4439"
"12.0600","0.1997","4.4428"
"12.0800","0.2000","4.5083"
"12.1000","0.2003","4.4379"
"12.1200","0.2006","4.4139"
"12.1400","0.2010","4.4482"
"12.1600","0.2014","4.4158"
"12.1800","0.2017","4.4091"
"12.2000","0.2021","4.5342"
"12.2200","0.2024","4.5173"
"12.2400","0.2026","4.5416"
"12.2600","0.2029","4.5868"
"12.2800","0.2033","4.5438"
"12.3000","0.2036","4.4836"
"12.3200","0.2041","4.4428"
"12.3400","0.2046","4.5327"
"12.3600","0.2050","4.5616"
"12.3800","0.2053","4.5568"
"12.4000","0.2056","4.5785"
"12.4200","0.2058","4.5515"
"12.4400","0.2060","4.6221"
"12.4600","0.2063","4.5977"
"12.4800","0.2067","4.5948"
"12.5000","0.2070","4.6967"
"12.5200","0.2074","4.7123"
"12.5400","0.2078","4.6684"
"12.5600","0.2081","4.6795"
"12.5800","0.2084","4.6536"
"12.6000","0.2087","4.6723"
"12.6200","0.2090","4.6696"
"12.6400","0.2094","4.6855"
"12.6600","0.2098","4.7496"
"12.6800","0.2102","4.7126"
"12.7000","0.2106","4.6157"
"12.7200","0.2109","4.6257"
"12.7400","0.2111","4.7396"
"12.7600","0.2114","4.7227"
"12.7800","0.2116","4.7049"
"12.8000","0.2119","4.7116"
"12.8200","0.2123","4.7300"
"12.8400","0.2127","4.7507"
"12.8600","0.2130","4.7508"
"12.8800","0.2134","4.8267"
"12.9000","0.2137","4.8595"
"12.9200","0.2140","4.7446"
"12.9400","0.2142","4.7958"
"12.9600","0.2145","4.8343"
"12.9800","0.2148","4.7283"
"13.0000","0.2153","4.6840"
"13.0200","0.2157","4.6956"
"13.0400","0.2162","4.7802"
"13.0600","0.2166","4.8012"
"13.0800","0.2169","4.8357"
"13.1000","0.2171","4.8716"
"13.1200","0.2174","4.8710"
"13.1400","0.2176","4.8529"
"13.1600","0.2180","4.8446"
"13.1800","0.2183","4.8846"
"13.2000","0.2187","4.8928"
"13.2200","0.2191","4.8569"
"13.2400","0.2194","4.8323"
"13.2600","0.2197","4.8536"
"13.2800","0.2200","4.9499"
"13.3000","0.2203","5.0527"
"13.3200","0.2207","5.0244"
"13.3400","0.2211","4.9895"
"13.3600","0.2215","4.9309"
"13.3800","0.2219","4.9709"
"13.4000","0.2222","4.9816"
"13.4200","0.2225","4.9062"
"13.4400","0.2228","4.9599"
"13.4600","0.2230","4.9900"
"13.4800","0.2233","4.9028"
"13.5000","0.2236","4.9129"
"13.5200","0.2240","4.9443"
"13.5400","0.2244","4.9682"
"13.5600","0.2248","4.9306"
"13.5800","0.2251","4.9428"
"13.6000","0.2254","4.9509"
"13.6200","0.2256","4.9913"
"13.6400","0.2259","5.0424"
"13.6600","0.2262","4.9973"
"13.6800","0.2266","4.9160"
"13.7000","0.2270","4.9739"
"13.7200","0.2275","5.1489"
"13.7400","0.2279","5.1370"
"13.7600","0.2282","5.1314"
"13.7800","0.2285","5.1152"
"13.8000","0.2287","5.1073"
"13.8200","0.2290","5.1240"
"13.8400","0.2293","5.0336"
"13.8600","0.2296","5.0555"
"13.8800","0.2300","5.1752"
"13.9000","0.2304","5.2810"
"13.9200","0.2307","5.2911"
"13.9400","0.2311","5.2244"
"13.9600","0.2314","5.2394"
"13.9800","0.2317","5.2402"
"14.0000","0.2320","5.2112"
"14.0200","0.2324","5.2099"
"14.0400","0.2328","5.2453"
"14.0600","0.2332","5.1988"
"14.0800","0.2336","5.1521"
"14.1000","0.2339","5.2482"
"14.1200","0.2341","5.2881"
"14.1400","0.2344","5.2923"
"14.1600","0.2346","5.3203"
"14.1800","0.2350","5.3642"
"14.2000","0.2353","5.3988"
"14.2200","0.2357","5.4379"
"14.2400","0.2361","5.3634"
"14.2600","0.2364","5.3346"
"14.2800","0.2367","5.3800"
"14.3000","0.2370","5.3521"
"14.3200","0.2372","5.3001"
"14.3400","0.2375","5.2733"
"14.3600","0.2379","5.3924"
"14.3800","0.2383","5.4186"
"14.4000","0.2388","5.4090"
"14.4200","0.2392","5.4347"
"14.4400","0.2396","5.4439"
"14.4600","0.2399","5.3223"
"14.4800","0.2401","5.2036"
"14.5000","0.2403","5.2804"
"14.5200","0.2406","5.4775"
"14.5400","0.2409","5.4851"
"14.5600","0.2413","5.4250"
"14.5800","0.2417","5.4798"
"14.6000","0.2420","5.4811"
"14.6200","0.2424","5.4428"
"14.6400","0.2427","5.3453"
"14.6600","0.2430","5.3065"
"14.6800","0.2433","5.4326"
"14.7000","0.2437","5.4643"
"14.7200","0.2441","5.4437"
"14.7400","0.2445","5.4481"
"14.7600","0.2449","5.4857"
"14.7800","0.2452","5.4605"
"14.8000","0.2455","5.4352"
"14.8200","0.2457","5.4810"
"14.8400","0.2460","5.5037"
"14.8600","0.2463","5.4961"
"14.8800","0.2466","5.4722"
"14.9000","0.2470","5.4514"
"14.9200","0.2474","5.4341"
"14.9400","0.2478","5.4647"
"14.9600","0.2481","5.4833"
"14.9800","0.2484","5.4874"
"15.0000","0.2486","5.5661"
"15.0200","0.2489","5.6251"
"15.0400","0.2492","5.6248"
"15.0600","0.2496","5.5635"
"15.0800","0.2500","5.5171"
"15.1000","0.2505","5.5129"
"15.1200","0.2509","5.5768"
"15.1400","0.2512","5.5959"
"15.1600","0.2515","5.5065"
"15.1800","0.2517","5.6038"
"15.2000","0.2519","5.6379"
"15.2200","0.2522","5.6328"
"15.2400","0.2526","5.5434"
"15.2600","0.2530","5.4994"
"15.2800","0.2533","5.5120"
"15.3000","0.2537","5.5588"
"15.3200","0.2541","5.6521"
"15.3400","0.2544","5.6384"
"15.3600","0.2547","5.6170"
"15.3800","0.2550","5.5957"
"15.4000","0.2554","5.6484"
"15.4200","0.2558","5.6508"
"15.4400","0.2562","5.6200"
"15.4600","0.2566","5.5960"
"15.4800","0.2568","5.5972"
"15.5000","0.2571","5.5855"
"15.5200","0.2573","5.6242"
"15.5400","0.2576","5.5809"
"15.5600","0.2579","5.6773"
"15.5800","0.2583","5.7131"
"15.6000","0.2587","5.6497"
"15.6200","0.2591","5.6304"
"15.6400","0.2594","5.6343"
"15.6600","0.2597","5.6188"
"15.6800","0.2600","5.6311"
"15.7000","0.2603","5.6487"
"15.7200","0.2606","5.6352"
"15.7400","0.2609","5.6219"
"15.7600","0.2613","5.6562"
"15.7800","0.2618","5.6613"
"15.8000","0.2622","5.6148"
"15.8200","0.2626","5.6508"
"15.8400","0.2629","5.7076"
"15.8600","0.2631","5.7390"
"15.8800","0.2634","5.6975"
"15.9000","0.2636","5.6867"
"15.9200","0.2639","5.6321"
"15.9400","0.2643","5.6451"
"15.9600","0.2647","5.7303"
"15.9800","0.2651","5.6877"
"16.0000","0.2654","5.6293"
"16.0200","0.2657","5.6604"
"16.0400","0.2660","5.6498"
"16.0600","0.2663","5.6663"
"16.0800","0.2667","5.6991"
"16.1000","0.2671","5.6463"
"16.1200","0.2676","5.6587"
"16.1400","0.2679","5.6724"
"16.1600","0.2682","5.7068"
"16.1800","0.2685","5.7500"
"16.2000","0.2687","5.7930"
"16.2200","0.2690","5.7466"
"16.2400","0.2693","5.7490"
"16.2600","0.2696","5.8040"
"16.2800","0.2700","5.8767"
"16.3000","0.2704","5.7835"
"16.3200","0.2708","5.8124"
"16.3400","0.2711","5.8019"
"16.3600","0.2714","5.7594"
"16.3800","0.2716","5.7446"
"16.4000","0.2719","5.8331"
"16.4200","0.2723","5.8643"
"16.4400","0.2727","5.7759"
"16.4600","0.2731","5.7366"
"16.4800","0.2736","5.8240"
"16.5000","0.2740","5.8243"
"16.5200","0.2743","5.8901"
"16.5400","0.2745","5.8859"
"16.5600","0.2747","5.7889"
"16.5800","0.2750","5.8326"
"16.6000","0.2753","5.8103"
"16.6200","0.2756","5.9558"
"16.6400","0.2760","5.9821"
"16.6600","0.2764","5.8852"
"16.6800","0.2768","5.7858"
"16.7000","0.2771","5.8075"
"16.7200","0.2774","5.8034"
"16.7400","0.2777","5.7703"
"16.7600","0.2780","5.7556"
"16.7800","0.2784","5.8478"
"16.8000","0.2788","5.9007"
"16.8200","0.2792","5.9962"
"16.8400","0.2796","5.8732"
"16.8600","0.2798","5.7990"
"16.8800","0.2801","5.7870"
"16.9000","0.2803","5.7809"
"16.9200","0.2806","5.8689"
"16.9400","0.2809","5.9524"
"16.9600","0.2813","5.8922"
"16.9800","0.2816","5.8746"
"17.0000","0.2820","5.8723"
"17.0200","0.2824","5.8617"
"17.0400","0.2827","5.9161"
"17.0600","0.2829","5.9214"
"17.0800","0.2832","5.9430"
"17.1000","0.2835","5.8880"
"17.1200","0.2839","5.9596"
"17.1400","0.2843","5.9561"
"17.1600","0.2848","6.0520"
"17.1800","0.2852","5.9560"
"17.2000","0.2856","5.9626"
"17.2200","0.2858","5.9307"
"17.2400","0.2861","5.9150"
"17.2600","0.2863","5.9995"
"17.2800","0.2866","5.9404"
"17.3000","0.2869","5.9642"
"17.3200","0.2873","5.9361"
"17.3400","0.2876","5.9693"
"17.3600","0.2880","6.0287"
"17.3800","0.2883","6.0416"
"17.4000","0.2886","5.9996"
"17.4200","0.2890","5.9692"
"17.4400","0.2893","5.8788"
"17.4600","0.2897","5.9500"
"17.4800","0.2901","5.9387"
"17.5000","0.2906","5.9469"
"17.5200","0.2909","5.9247"
"17.5400","0.2913","5.9170"
"17.5600","0.2915","5.8892"
"17.5800","0.2917","5.9711"
"17.6000","0.2920","5.9176"
"17.6200","0.2923","5.9157"
"17.6400","0.2926","5.9509"
"17.6600","0.2930","5.9810"
"17.6800","0.2934","6.0446"
"17.7000","0.2938","5.9262"
"17.7200","0.2941","5.9426"
"17.7400","0.2944","5.9715"
"17.7600","0.2946","5.9290"
"17.7800","0.2949","5.9213"
"17.8000","0.2952","5.9431"
"17.8200","0.2957","6.0378"
"17.8400","0.2961","6.1340"
"17.8600","0.2966","6.1838"
"17.8800","0.2970","6.1244"
"17.9000","0.2973","6.0988"
"17.9200","0.2975","6.1281"
"17.9400","0.2977","6.1773"
"17.9600","0.2980","6.1134"
"17.9800","0.2982","6.1511"
"18.0000","0.2986","6.1790"
"18.0200","0.2989","6.1936"
"18.0400","0.2993","6.1902"
"18.0600","0.2997","6.1992"
"18.0800","0.3000","6.1494"
"18.1000","0.3003","6.2096"
"18.1200","0.3006","6.2503"
"18.1400","0.3010","6.2068"
"18.1600","0.3014","6.2200"
"18.1800","0.3018","6.3285"
"18.2000","0.3022","6.2742"
"18.2200","0.3026","6.2076"
"18.2400","0.3028","6.2970"
"18.2600","0.3031","6.2677"
"18.2800","0.3033","6.2587"
"18.3000","0.3036","6.2704"
"18.3200","0.3039","6.3345"
"18.3400","0.3043","6.3885"
"18.3600","0.3047","6.3829"
"18.3800","0.3050","6.3291"
"18.4000","0.3054","6.3181"
"18.4200","0.3057","6.3977"
"18.4400","0.3060","6.3643"
"18.4600","0.3062","6.3788"
"18.4800","0.3065","6.4354"
"18.5000","0.3069","6.3889"
"18.5200","0.3073","6.3846"
"18.5400","0.3078","6.4437"
"18.5600","0.3083","6.4878"
"18.5800","0.3086","6.5768"
"18.6000","0.3089","6.5742"
"18.6200","0.3091","6.4636"
"18.6400","0.3093","6.4921"
"18.6600","0.3096","6.4965"
"18.6800","0.3099","6.5342"
"18.7000","0.3102","6.5529"
"18.7200","0.3106","6.5469"
"18.7400","0.3110","6.5736"
"18.7600","0.3114","6.5944"
"18.7800","0.3117","6.6299"
"18.8000","0.3120","6.6177"
"18.8200","0.3123","6.6089"
"18.8400","0.3127","6.6581"
"18.8600","0.3131","6.6751"
"18.8800","0.3135","6.6966"
"18.9000","0.3139","6.7004"
"18.9200","0.3142","6.5973"
"18.9400","0.3144","6.5286"
"18.9600","0.3147","6.5993"
"18.9800","0.3149","6.6886"
"19.0000","0.3152","6.6879"
"19.0200","0.3156","6.6818"
"19.0400","0.3160","6.6791"
"19.0600","0.3164","6.7073"
"19.0800","0.3168","6.6846"
"19.1000","0.3171","6.7149"
"19.1200","0.3174","6.7412"
"19.1400","0.3176","6.7748"
"19.1600","0.3179","6.8202"
"19.1800","0.3182","6.8136"
"19.2000","0.3186","6.7718"
"19.2200","0.3191","6.7349"
"19.2400","0.3196","6.7828"
"19.2600","0.3200","6.8236"
"19.2800","0.3203","6.8818"
"19.3000","0.3205","6.8727"
"19.3200","0.3207","6.8316"
"19.3400","0.3210","6.8896"
"19.3600","0.3213","6.9647"
"19.3800","0.3216","6.9578"
"19.4000","0.3220","6.9217"
"19.4200","0.3224","6.9767"
"19.4400","0.3227","6.8412"
"19.4600","0.3231","6.8336"
"19.4800","0.3234","6.8565"
"19.5000","0.3237","6.8770"
"19.5200","0.3241","6.8811"
"19.5400","0.3244","6.9106"
"19.5600","0.3249","6.9514"
"19.5800","0.3252","6.9344"
"19.6000","0.3256","7.0335"
"19.6200","0.3258","7.0253"
"19.6400","0.3261","7.0251"
"19.6600","0.3263","7.0163"
"19.6800","0.3266","6.9884"
"19.7000","0.3269","7.0108"
"19.7200","0.3273","7.0403"
"19.7400","0.3277","7.0930"
"19.7600","0.3281","7.1033"
"19.7800","0.3284","7.0900"
"19.8000","0.3287","7.0691"
"19.8200","0.3290","7.1318"
"19.8400","0.3292","7.0418"
"19.8600","0.3295","7.0717"
"19.8800","0.3299","7.0508"
"19.9000","0.3304","7.0875"
"19.9200","0.3309","7.2411"
"19.9400","0.3313","7.2829"
"19.9600","0.3317","7.2510"
"19.9800","0.3319","7.2436"
"20.0000","0.3322","7.2115"
"20.0200","0.3324","7.2222"
"20.0400","0.3326","7.1954"
"20.0600","0.3330","7.1178"
"20.0800","0.3333","7.1206"
"20.1000","0.3337","7.1527"
"20.1200","0.3340","7.1991"
"20.1400","0.3344","7.2921"
"20.1600","0.3347","7.2793"
"20.1800","0.3350","7.2659"
"20.2000","0.3354","7.1551"
"20.2200","0.3357","7.2012"
"20.2400","0.3362","7.2349"
"20.2600","0.3366","7.2921"
"20.2800","0.3369","7.1969"
"20.3000","0.3372","7.2100"
"20.3200","0.3375","7.2665"
"20.3400","0.3377","7.2635"
"20.3600","0.3379","7.3242"
"20.3800","0.3383","7.2953"
"20.4000","0.3386","7.3631"
"20.4200","0.3390","7.3778"
"20.4400","0.3394","7.4008"
"20.4600","0.3398","7.3746"
"20.4800","0.3401","7.4133"
"20.5000","0.3404","7.4122"
"20.5200","0.3406","7.4493"
"20.5400","0.3409","7.4645"
"20.5600","0.3412","7.4169"
"20.5800","0.3416","7.4405"
"20.6000","0.3421","7.4498"
"20.6200","0.3425","7.4712"
"20.6400","0.3429","7.5184"
"20.6600","0.3432","7.4953"
"20.6800","0.3435","7.5768"
"20.7000","0.3437","7.6206"
"20.7200","0.3440","7.6142"
"20.7400","0.3443","7.5672"
"20.7600","0.3446","7.5024"
"20.7800","0.3450","7.5808"
"20.8000","0.3454","7.5577"
"20.8200","0.3457","7.5388"
"20.8400","0.3460","7.4953"
"20.8600","0.3463","7.5701"
"20.8800","0.3467","7.5728"
"20.9000","0.3470","7.6023"
"20.9200","0.3474","7.5685"
"20.9400","0.3478","7.5476"
"20.9600","0.3482","7.6591"
"20.9800","0.3485","7.7268"
"21.0000","0.3488","7.5959"
"21.0200","0.3490","7.5718"
"21.0400","0.3493","7.5526"
"21.0600","0.3496","7.5999"
"21.0800","0.3499","7.5565"
"21.1000","0.3503","7.6159"
"21.1200","0.3507","7.6492"
"21.1400","0.3510","7.6289"
"21.1600","0.3514","7.6281"
"21.1800","0.3517","7.6328"
"21.2000","0.3520","7.5772"
"21.2200","0.3523","7.5333"
"21.2400","0.3526","7.5599"
"21.2600","0.3529","7.6273"
"21.2800","0.3534","7.6774"
"21.3000","0.3538","7.6430"
"21.3200","0.3543","7.5875"
"21.3400","0.3546","7.5956"
"21.3600","0.3549","7.6521"
"21.3800","0.3551","7.7001"
"21.4000","0.3553","7.7602"
"21.4200","0.3556","7.7075"
"21.4400","0.3559","7.6576"
"21.4600","0.3563","7.6823"
"21.4800","0.3567","7.6522"
"21.5000","0.3571","7.6712"
"21.5200","0.3574","7.7946"
"21.5400","0.3577","7.8304"
"21.5600","0.3580","7.8512"
"21.5800","0.3584","7.7470"
"21.6000","0.3588","7.7451"
"21.6200","0.3592","7.7754"
"21.6400","0.3595","7.7399"
"21.6600","0.3599","7.7385"
"21.6800","0.3602","7.7166"
"21.7000","0.3604","7.7324"
"21.7200","0.3607","7.7574"
"21.7400","0.3609","7.8229"
"21.7600","0.3612","7.7307"
"21.7800","0.3616","7.7209"
"21.8000","0.3620","7.7843"
"21.8200","0.3624","7.7691"
"21.8400","0.3627","7.7791"
"21.8600","0.3630","7.7580"
"21.8800","0.3633","7.7973"
"21.9000","0.3636","7.7759"
"21.9200","0.3639","7.7283"
"21.9400","0.3642","7.7403"
"21.9600","0.3646","7.6833"
"21.9800","0.3651","7.6944"
"22.0000","0.3656","7.8551"
"22.0200","0.3660","7.8684"
"22.0400","0.3662","7.7953"
"22.0600","0.3665","7.7790"
"22.0800","0.3667","7.8552"
"22.1000","0.3670","7.8478"
"22.1200","0.3673","7.8751"
"22.1400","0.3676","7.9346"
"22.1600","0.3680","7.8832"
"22.1800","0.3684","7.8104"
"22.2000","0.3687","7.8471"
"22.2200","0.3690","7.8300"
"22.2400","0.3694","7.7720"
"22.2600","0.3697","7.8228"
"22.2800","0.3701","7.8335"
"22.3000","0.3704","7.8343"
"22.3200","0.3708","7.7736"
"22.3400","0.3712","7.7360"
"22.3600","0.3715","7.7425"
"22.3800","0.3718","7.8074"
"22.4000","0.3720","7.8114"
"22.4200","0.3723","7.7946"
"22.4400","0.3726","7.8532"
"22.4600","0.3729","7.8969"
"22.4800","0.3733","7.9260"
"22.5000","0.3737","7.9337"
"22.5200","0.3740","7.8959"
"22.5400","0.3744","7.9276"
"22.5600","0.3747","7.8996"
"22.5800","0.3750","7.8816"
"22.6000","0.3753","7.8482"
"22.6200","0.3756","7.8539"
"22.6400","0.3760","7.8455"
"22.6600","0.3765","7.8610"
"22.6800","0.3769","7.8136"
"22.7000","0.3773","7.8788"
"22.7200","0.3776","7.8164"
"22.7400","0.3778","7.8944"
"22.7600","0.3781","7.8691"
"22.7800","0.3783","7.8790"
"22.8000","0.3786","7.9202"
"22.8200","0.3789","7.9586"
"22.8400","0.3793","7.9733"
"22.8600","0.3797","7.9757"
"22.8800","0.3801","7.9732"
"22.9000","0.3804","7.9628"
"22.9200","0.3807","7.9243"
"22.9400","0.3810","8.0170"
"22.9600","0.3814","7.9861"
"22.9800","0.3818","7.8589"
"23.0000","0.3821","7.8663"
"23.0200","0.3825","7.8742"
"23.0400","0.3829","8.0386"
"23.0600","0.3832","8.0148"
"23.0800","0.3834","7.9285"
"23.1000","0.3837","7.8817"
"23.1200","0.3839","7.9418"
"23.1400","0.3843","7.9855"
"23.1600","0.3846","8.0476"
"23.1800","0.3850","8.0227"
"23.2000","0.3854","7.9730"
"23.2200","0.3857","8.0623"
"23.2400","0.3860","8.0638"
"23.2600","0.3863","8.0112"
"23.2800","0.3866","8.0703"
"23.3000","0.3869","8.0462"
"23.3200","0.3873","8.0533"
"23.3400","0.3877","8.0332"
"23.3600","0.3882","8.0388"
"23.3800","0.3887","8.0621"
"23.4000","0.3890","8.0822"
"23.4200","0.3892","8.1345"
"23.4400","0.3895","8.0939"
"23.4600","0.3897","8.1056"
"23.4800","0.3900","8.1006"
"23.5000","0.3903","8.0956"
"23.5200","0.3907","8.1307"
"23.5400","0.3911","8.0798"
"23.5600","0.3915","8.0681"
"23.5800","0.3918","8.1361"
"23.6000","0.3921","8.1370"
"23.6200","0.3924","8.0619"
"23.6400","0.3927","8.0943"
"23.6600","0.3931","8.0790"
"23.6800","0.3935","8.1184"
"23.7000","0.3938","8.2031"
"23.7200","0.3942","8.1668"
"23.7400","0.3945","8.1210"
"23.7600","0.3947","8.0610"
"23.7800","0.3950","8.1371"
"23.8000","0.3953","8.1976"
"23.8200","0.3955","8.2111"
"23.8400","0.3959","8.2703"
"23.8600","0.3963","8.1671"
"23.8800","0.3967","8.2052"
"23.9000","0.3970","8.2133"
"23.9200","0.3974","8.2271"
"23.9400","0.3976","8.2136"
"23.9600","0.3979","8.2765"
"23.9800","0.3982","8.3088"
"24.0000","0.3985","8.2828"
"24.0200","0.3989","8.2086"
"24.0400","0.3994","8.2554"
"24.0600","0.3999","8.2818"
"24.0800","0.4003","8.3410"
"24.1000","0.4006","8.3454"
"24.1200","0.4008","8.3051"
"24.1400","0.4010","8.2500"
"24.1600","0.4012","8.2565"
"24.1800","0.4015","8.1980"
"24.2000","0.4019","8.3289"
"24.2200","0.4023","8.3533"
"24.2400","0.4027","8.2714"
"24.2600","0.4031","8.3245"
"24.2800","0.4034","8.3527"
"24.3000","0.4037","8.3086"
"24.3200","0.4040","8.2233"
"24.3400","0.4044","8.2746"
"24.3600","0.4047","8.3232"
"24.3800","0.4051","8.3083"
"24.4000","0.4055","8.3785"
"24.4200","0.4058","8.3955"
"24.4400","0.4061","8.3024"
"24.4600","0.4064","8.3501"
"24.4800","0.4067","8.3519"
"24.5000","0.4069","8.3196"
"24.5200","0.4073","8.3472"
"24.5400","0.4076","8.3907"
"24.5600","0.4080","8.3465"
"24.5800","0.4084","8.2994"
"24.6000","0.4087","8.3252"
"24.6200","0.4090","8.2486"
"24.6400","0.4093","8.2546"
"24.6600","0.4096","8.3052"
"24.6800","0.4099","8.3691"
"24.7000","0.4103","8.4572"
"24.7200","0.4107","8.4025"
"24.7400","0.4112","8.3997"
"24.7600","0.4117","8.3842"
"24.7800","0.4120","8.4337"
"24.8000","0.4123","8.4454"
"24.8200","0.4125","8.4443"
"24.8400","0.4127","8.4642"
"24.8600","0.4130","8.4465"
"24.8800","0.4133","8.4525"
"24.9000","0.4137","8.5769"
"24.9200","0.4140","8.5466"
"24.9400","0.4144","8.4789"
"24.9600","0.4148","8.4489"
"24.9800","0.4151","8.4839"
"25.0000","0.4154","8.5353"
"25.0200","0.4157","8.5623"
"25.0400","0.4161","8.5403"
"25.0600","0.4164","8.4981"
"25.0800","0.4168","8.4720"
"25.1000","0.4172","8.4845"
"25.1200","0.4175","8.5005"
"25.1400","0.4178","8.4476"
"25.1600","0.4180","8.4817"
"25.1800","0.4183","8.4954"
"25.2000","0.4186","8.5211"
"25.2200","0.4189","8.5397"
"25.2400","0.4193","8.5492"
"25.2600","0.4197","8.4867"
"25.2800","0.4201","8.4333"
"25.3000","0.4204","8.4093"
"25.3200","0.4206","8.5017"
"25.3400","0.4209","8.5625"
"25.3600","0.4212","8.5056"
"25.3800","0.4216","8.5139"
"25.4000","0.4220","8.5394"
"25.4200","0.4224","8.4927"
"25.4400","0.4229","8.5065"
"25.4600","0.4233","8.4911"
"25.4800","0.4236","8.5486"
"25.5000","0.4238","8.4843"
"25.5200","0.4240","8.4307"
"25.5400","0.4243","8.3925"
"25.5600","0.4246","8.4362"
"25.5800","0.4250","8.4809"
"25.6000","0.4253","8.4656"
"25.6200","0.4257","8.4692"
"25.6400","0.4261","8.5046"
"25.6600","0.4264","8.5087"
"25.6800","0.4267","8.5660"
"25.7000","0.4270","8.6322"
"25.7200","0.4274","8.5798"
"25.7400","0.4278","8.5658"
"25.7600","0.4282","8.5811"
"25.7800","0.4285","8.5206"
"25.8000","0.4289","8.4706"
"25.8200","0.4291","8.6366"
"25.8400","0.4294","8.7023"
"25.8600","0.4296","8.6222"
"25.8800","0.4299","8.5799"
"25.9000","0.4303","8.5603"
"25.9200","0.4306","8.5321"
"25.9400","0.4310","8.5752"
"25.9600","0.4314","8.5490"
"25.9800","0.4317","8.5840"
"26.0000","0.4320","8.5313"
"26.0200","0.4323","8.4724"
"26.0400","0.4326","8.4753"
"26.0600","0.4329","8.4802"
"26.0800","0.4333","8.5949"
"26.1000","0.4337","8.5570"
"26.1200","0.4342","8.5875"
"26.1400","0.4346","8.5420"
"26.1600","0.4349","8.4479"
"26.1800","0.4352","8.4465"
"26.2000","0.4354","8.4855"
"26.2200","0.4356","8.5240"
"26.2400","0.4359","8.5278"
"26.2600","0.4363","8.5176"
"26.2800","0.4367","8.5692"
"26.3000","0.4370","8.6105"
"26.3200","0.4374","8.5917"
"26.3400","0.4377","8.5522"
"26.3600","0.4380","8.5490"
"26.3800","0.4383","8.6121"
"26.4000","0.4387","8.6247"
"26.4200","0.4391","8.5426"
"26.4400","0.4395","8.4702"
"26.4600","0.4399","8.4906"
"26.4800","0.4402","8.5427"
"26.5000","0.4405","8.5450"
"26.5200","0.4407","8.4392"
"26.5400","0.4410","8.4255"
"26.5600","0.4413","8.4424"
"26.5800","0.4416","8.3828"
"26.6000","0.4420","8.3588"
"26.6200","0.4423","8.3610"
"26.6400","0.4427","8.4074"
"26.6600","0.4431","8.3908"
"26.6800","0.4434","8.3386"
"26.7000","0.4436","8.3849"
"26.7200","0.4439","8.4658"
"26.7400","0.4442","8.5188"
"26.7600","0.4446","8.5503"
"26.7800","0.4450","8.4922"
"26.8000","0.4455","8.4472"
"26.8200","0.4459","8.4514"
"26.8400","0.4463","8.5144"
"26.8600","0.4466","8.5048"
"26.8800","0.4468","8.4861"
"26.9000","0.4470","8.4875"
"26.9200","0.4473","8.5321"
"26.9400","0.4476","8.5379"
"26.9600","0.4480","8.6182"
"26.9800","0.4484","8.5581"
"27.0000","0.4488","8.5655"
"27.0200","0.4491","8.6605"
"27.0400","0.4494","8.6566"
"27.0600","0.4497","8.6170"
"27.0800","0.4500","8.5936"
"27.1000","0.4504","8.5516"
"27.1200","0.4508","8.5130"
"27.1400","0.4512","8.5983"
"27.1600","0.4516","8.6767"
"27.1800","0.4519","8.6801"
"27.2000","0.4522","8.6465"
"27.2200","0.4524","8.6447"
"27.2400","0.4527","8.6200"
"27.2600","0.4530","8.6340"
"27.2800","0.4533","8.6039"
"27.3000","0.4537","8.6537"
"27.3200","0.4540","8.7376"
"27.3400","0.4544","8.7309"
"27.3600","0.4547","8.7857"
"27.3800","0.4550","8.6760"
"27.4000","0.4553","8.6382"
"27.4200","0.4555","8.6591"
"27.4400","0.4559","8.6879"
"27.4600","0.4563","8.6356"
"27.4800","0.4567","8.6160"
"27.5000","0.4572","8.6013"
"27.5200","0.4576","8.6190"
"27.5400","0.4579","8.6569"
"27.5600","0.4582","8.6992"
"27.5800","0.4584","8.6892"
"27.6000","0.4587","8.6029"
"27.6200","0.4590","8.4948"
"27.6400","0.4593","8.4788"
"27.6600","0.4597","8.4811"
"27.6800","0.4601","8.5245"
"27.7000","0.4604","8.5313"
"27.7200","0.4607","8.5388"
"27.7400","0.4610","8.3854"
"27.7600","0.4613","8.3225"
"27.7800","0.4617","8.1891"
"27.8000","0.4621","8.1252"
"27.8200","0.4625","8.0926"
"27.8400","0.4629","8.0212"
"27.8600","0.4632","8.0671"
"27.8800","0.4635","8.0994"
"27.9000","0.4638","8.1836"
"27.9200","0.4640","8.1677"
"27.9400","0.4643","8.1665"
"27.9600","0.4646","8.2306"
"27.9800","0.4650","8.2487"
"28.0000","0.4654","8.1750"
"28.0200","0.4658","8.0943"
"28.0400","0.4661","8.1135"
"28.0600","0.4664","8.1944"
"28.0800","0.4666","8.1623"
"28.1000","0.4669","8.2055"
"28.1200","0.4672","8.2508"
"28.1400","0.4676","8.2103"
"28.1600","0.4680","8.1878"
"28.1800","0.4684","8.2295"
"28.2000","0.4689","8.1235"
"28.2200","0.4692","8.0508"
"28.2400","0.4695","8.1405"
"28.2600","0.4697","8.1595"
"28.2800","0.4700","8.2168"
"28.3000","0.4703","8.2713"
"28.3200","0.4706","8.2806"
"28.3400","0.4710","8.2490"
"28.3600","0.4714","8.2423"
"28.3800","0.4717","8.3288"
"28.4000","0.4721","8.3644"
"28.4200","0.4724","8.2610"
"28.4400","0.4727","8.3111"
"28.4600","0.4730","8.3280"
"28.4800","0.4734","8.3546"
"28.5000","0.4738","8.4313"
"28.5200","0.4742","8.4150"
"28.5400","0.4746","8.3616"
"28.5600","0.4749","8.3580"
"28.5800","0.4751","8.4003"
"28.6000","0.4754","8.3914"
"28.6200","0.4757","8.3787"
"28.6400","0.4760","8.3562"
"28.6600","0.4763","8.4187"
"28.6800","0.4767","8.4072"
"28.7000","0.4771","8.4151"
"28.7200","0.4774","8.4530"
"28.7400","0.4777","8.4758"
"28.7600","0.4780","8.5533"
"28.7800","0.4783","8.5207"
"28.8000","0.4785","8.4528"
"28.8200","0.4789","8.5862"
"28.8400","0.4793","8.5761"
"28.8600","0.4797","8.5911"
"28.8800","0.4802","8.5625"
"28.9000","0.4806","8.5768"
"28.9200","0.4809","8.6272"
"28.9400","0.4811","8.6224"
"28.9600","0.4813","8.5226"
"28.9800","0.4816","8.5008"
"29.0000","0.4819","8.5595"
"29.0200","0.4823","8.6683"
"29.0400","0.4826","8.6278"
"29.0600","0.4830","8.6777"
"29.0800","0.4834","8.6573"
"29.1000","0.4837","8.6822"
"29.1200","0.4840","8.6973"
"29.1400","0.4843","8.6474"
"29.1600","0.4847","8.6189"
"29.1800","0.4851","8.6673"
"29.2000","0.4855","8.7466"
"29.2200","0.4859","8.7799"
"29.2400","0.4862","8.7971"
"29.2600","0.4865","8.7402"
"29.2800","0.4867","8.7170"
"29.3000","0.4870","8.6630"
"29.3200","0.4873","8.6215"
"29.3400","0.4876","8.7252"
"29.3600","0.4880","8.8441"
"29.3800","0.4884","8.8106"
"29.4000","0.4888","8.7062"
"29.4200","0.4891","8.7765"
"29.4400","0.4894","8.8370"
"29.4600","0.4896","8.8216"
"29.4800","0.4899","8.7570"
"29.5000","0.4902","8.8083"
"29.5200","0.4906","8.8579"
"29.5400","0.4910","8.8019"
"29.5600","0.4915","8.8455"
"29.5800","0.4919","8.8150"
"29.6000","0.4923","8.8661"
"29.6200","0.4925","8.9054"
"29.6400","0.4927","8.9576"
"29.6600","0.4930","8.9269"
"29.6800","0.4932","8.9122"
"29.7000","0.4936","8.8806"
"29.7200","0.4939","8.8769"
"29.7400","0.4943","8.8297"
"29.7600","0.4947","8.8501"
"29.7800","0.4951","8.8277"
"29.8000","0.4954","8.8331"
"29.8200","0.4957","8.8786"
"29.8400","0.4960","8.8407"
"29.8600","0.4964","8.8750"
"29.8800","0.4968","8.8560"
"29.9000","0.4972","8.8853"
"29.9200","0.4976","8.8987"
"29.9400","0.4979","8.9309"
"29.9600","0.4981","8.9449"
"29.9800","0.4984","8.9259"
"30.0000","0.4986","8.7987"
"30.0200","0.4989","8.8399"
"30.0400","0.4993","8.8756"
"30.0600","0.4997","8.9501"
"30.0800","0.5001","8.9324"
"30.1000","0.5004","8.9616"
"30.1200","0.5008","9.0065"
"30.1400","0.5010","9.0068"
"30.1600","0.5013","8.9882"
"30.1800","0.5016","8.9549"
"30.2000","0.5019","8.9183"
"30.2200","0.5023","8.8999"
"30.2400","0.5028","8.9594"
"30.2600","0.5032","9.0036"
"30.2800","0.5036","9.0382"
"30.3000","0.5039","9.0276"
"30.3200","0.5041","8.9660"
"30.3400","0.5044","8.9773"
"30.3600","0.5046","9.0007"
"30.3800","0.5049","8.9605"
"30.4000","0.5053","8.9888"
"30.4200","0.5057","9.0782"
"30.4400","0.5060","9.0727"
"30.4600","0.5064","9.0474"
"30.4800","0.5067","9.0875"
"30.5000","0.5070","9.1462"
"30.5200","0.5073","9.0650"
"30.5400","0.5077","9.1222"
"30.5600","0.5081","9.1374"
"30.5800","0.5085","9.0486"
"30.6000","0.5089","9.0898"
"30.6200","0.5092","9.0624"
"30.6400","0.5095","9.1383"
"30.6600","0.5097","9.2003"
"30.6800","0.5100","9.2331"
"30.7000","0.5103","9.2242"
"30.7200","0.5106","9.2762"
"30.7400","0.5110","9.2350"
"30.7600","0.5114","9.2097"
"30.7800","0.5118","9.1592"
"30.8000","0.5121","9.1571"
"30.8200","0.5124","9.2117"
"30.8400","0.5127","9.2473"
"30.8600","0.5129","9.2660"
"30.8800","0.5132","9.2430"
"30.9000","0.5136","9.2930"
"30.9200","0.5141","9.3317"
"30.9400","0.5145","9.2886"
"30.9600","0.5150","9.2649"
"30.9800","0.5153","9.2484"
"31.0000","0.5155","9.3310"
"31.0200","0.5157","9.3735"
"31.0400","0.5160","9.3312"
"31.0600","0.5163","9.2209"
"31.0800","0.5166","9.2783"
"31.1000","0.5170","9.2618"
"31.1200","0.5174","9.2863"
"31.1400","0.5177","9.3896"
"31.1600","0.5181","9.4586"
"31.1800","0.5184","9.4487"
"31.2000","0.5187","9.3635"
"31.2200","0.5190","9.4349"
"31.2400","0.5194","9.5074"
"31.2600","0.5198","9.4941"
"31.2800","0.5202","9.4936"
"31.3000","0.5206","9.5083"
"31.3200","0.5209","9.4703"
"31.3400","0.5211","9.4315"
"31.3600","0.5214","9.5274"
"31.3800","0.5216","9.4817"
"31.4000","0.5219","9.3573"
"31.4200","0.5223","9.3393"
"31.4400","0.5227","9.3933"
"31.4600","0.5231","9.4252"
"31.4800","0.5234","9.4485"
"31.5000","0.5237","9.5054"
"31.5200","0.5240","9.5011"
"31.5400","0.5243","9.5456"
"31.5600","0.5246","9.6100"
"31.5800","0.5249","9.6306"
"31.6000","0.5253","9.5652"
"31.6200","0.5258","9.5932"
"31.6400","0.5262","9.5513"
"31.6600","0.5266","9.5814"
"31.6800","0.5269","9.5851"
"31.7000","0.5271","9.6648"
"31.7200","0.5274","9.6759"
"31.7400","0.5276","9.6204"
"31.7600","0.5279","9.5277"
"31.7800","0.5283","9.5522"
"31.8000","0.5286","9.5881"
"31.8200","0.5290","9.5915"
"31.8400","0.5293","9.5671"
"31.8600","0.5297","9.6355"
"31.8800","0.5300","9.6998"
"31.9000","0.5303","9.6729"
"31.9200","0.5307","9.6216"
"31.9400","0.5311","9.6408"
"31.9600","0.5315","9.6221"
"31.9800","0.5319","9.6262"
"32.0000","0.5322","9.6410"
"32.0200","0.5325","9.7696"
"32.0400","0.5327","9.8133"
"32.0600","0.5330","9.7860"
"32.0800","0.5333","9.7005"
"32.1000","0.5336","9.7395"
"32.1200","0.5340","9.7322"
"32.1400","0.5344","9.7295"
"32.1600","0.5347","9.7489"
"32.1800","0.5351","9.7613"
"32.2000","0.5354","9.8487"
"32.2200","0.5356","9.8404"
"32.2400","0.5359","9.7783"
"32.2600","0.5362","9.8022"
"32.2800","0.5366","9.8061"
"32.3000","0.5370","9.7871"
"32.3200","0.5375","9.8020"
"32.3400","0.5379","9.8701"
"32.3600","0.5383","9.9181"
"32.3800","0.5385","9.9409"
"32.4000","0.5387","9.9000"
"32.4200","0.5390","9.8614"
"32.4400","0.5393","9.8193"
"32.4600","0.5396","9.9135"
"32.4800","0.5399","9.9750"
"32.5000","0.5403","9.9674"
"32.5200","0.5407","9.8975"
"32.5400","0.5410","9.8686"
"32.5600","0.5413","9.8621"
"32.5800","0.5416","9.9238"
"32.6000","0.5420","10.0209"
"32.6200","0.5424","9.9899"
"32.6400","0.5428","9.9185"
"32.6600","0.5432","9.9921"
"32.6800","0.5436","10.0089"
"32.7000","0.5439","10.0508"
"32.7200","0.5441","10.0524"
"32.7400","0.5444","10.0857"
"32.7600","0.5446","10.0235"
"32.7800","0.5449","9.9152"
"32.8000","0.5453","9.9413"
"32.8200","0.5457","9.9596"
"32.8400","0.5461","10.0495"
"32.8600","0.5464","10.1324"
"32.8800","0.5467","10.0857"
"32.9000","0.5470","10.1414"
"32.9200","0.5473","10.1243"
"32.9400","0.5476","10.0619"
"32.9600","0.5479","10.1052"
"32.9800","0.5483","10.2428"
"33.0000","0.5488","10.2392"
"33.0200","0.5493","10.1590"
"33.0400","0.5496","10.1439"
"33.0600","0.5499","10.1125"
"33.0800","0.5501","10.1685"
"33.1000","0.5504","10.1405"
"33.1200","0.5506","10.1727"
"33.1400","0.5509","10.1727"
"33.1600","0.5513","10.2426"
"33.1800","0.5516","10.3145"
"33.2000","0.5520","10.3622"
"33.2200","0.5524","10.3651"
"33.2400","0.5527","10.2825"
"33.2600","0.5530","10.1974"
"33.2800","0.5533","10.2509"
"33.3000","0.5537","10.3001"
"33.3200","0.5541","10.3339"
"33.3400","0.5545","10.3371"
"33.3600","0.5549","10.3306"
"33.3800","0.5552","10.3035"
"33.4000","0.5555","10.3368"
"33.4200","0.5557","10.2930"
"33.4400","0.5560","10.2749"
"33.4600","0.5563","10.2512"
"33.4800","0.5566","10.3193"
"33.5000","0.5570","10.3440"
"33.5200","0.5574","10.4429"
"33.5400","0.5577","10.4017"
"33.5600","0.5581","10.3782"
"33.5800","0.5584","10.3878"
"33.6000","0.5586","10.4028"
"33.6200","0.5589","10.4311"
"33.6400","0.5592","10.5086"
"33.6600","0.5596","10.6976"
"33.6800","0.5601","10.6822"
"33.7000","0.5606","10.5737"
"33.7200","0.5610","10.5199"
"33.7400","0.5613","10.4342"
"33.7600","0.5616","10.4208"
"33.7800","0.5618","10.4188"
"33.8000","0.5620","10.3815"
"33.8200","0.5623","10.3864"
"33.8400","0.5626","10.5511"
"33.8600","0.5630","10.5476"
"33.8800","0.5633","10.5176"
"33.9000","0.5637","10.5273"
"33.9200","0.5641","10.5836"
"33.9400","0.5644","10.6129"
"33.9600","0.5647","10.5657"
"33.9800","0.5650","10.5238"
"34.0000","0.5654","10.6553"
"34.0200","0.5658","10.6541"
"34.0400","0.5662","10.6481"
"34.0600","0.5666","10.6220"
"34.0800","0.5669","10.5986"
"34.1000","0.5671","10.6618"
"34.1200","0.5673","10.6205"
"34.1400","0.5676","10.5650"
"34.1600","0.5679","10.6693"
"34.1800","0.5683","10.7301"
"34.2000","0.5687","10.7005"
"34.2200","0.5691","10.7083"
"34.2400","0.5694","10.6671"
"34.2600","0.5697","10.7139"
"34.2800","0.5700","10.7916"
"34.3000","0.5703","10.7190"
"34.3200","0.5706","10.7512"
"34.3400","0.5709","10.7125"
"34.3600","0.5713","10.7163"
"34.3800","0.5718","10.7397"
"34.4000","0.5723","10.7790"
"34.4200","0.5727","10.8291"
"34.4400","0.5729","10.8485"
"34.4600","0.5732","10.8776"
"34.4800","0.5734","10.8444"
"34.5000","0.5736","10.7445"
"34.5200","0.5739","10.7712"
"34.5400","0.5743","10.7699"
"34.5600","0.5747","10.8147"
"34.5800","0.5750","10.8168"
"34.6000","0.5754","10.8724"
"34.6200","0.5757","10.8842"
"34.6400","0.5760","10.8617"
"34.6600","0.5763","10.8490"
"34.6800","0.5767","10.8494"
"34.7000","0.5771","10.8436"
"34.7200","0.5775","10.8355"
"34.7400","0.5779","10.8981"
"34.7600","0.5782","10.9525"
"34.7800","0.5785","10.9781"
"34.8000","0.5787","10.9604"
"34.8200","0.5790","10.9460"
"34.8400","0.5793","10.9610"
"34.8600","0.5796","11.0318"
"34.8800","0.5800","11.0489"
"34.9000","0.5804","11.0039"
"34.9200","0.5808","10.9383"
"34.9400","0.5811","10.8969"
"34.9600","0.5814","10.9379"
"34.9800","0.5816","11.0934"
"35.0000","0.5819","11.0944"
"35.0200","0.5822","11.0599"
"35.0400","0.5826","11.0655"
"35.0600","0.5831","11.0613"
"35.0800","0.5835","11.1081"
"35.1000","0.5840","11.1549"
"35.1200","0.5843","11.1429"
"35.1400","0.5845","11.1147"
"35.1600","0.5847","11.1455"
"35.1800","0.5850","11.0708"
"35.2000","0.5853","11.0716"
"35.2200","0.5856","11.1879"
"35.2400","0.5860","11.1984"
"35.2600","0.5864","11.1331"
"35.2800","0.5867","11.1627"
"35.3000","0.5871","11.2549"
"35.3200","0.5874","11.2345"
"35.3400","0.5877","11.1952"
"35.3600","0.5880","11.2423"
"35.3800","0.5884","11.1629"
"35.4000","0.5888","11.1472"
"35.4200","0.5892","11.1737"
"35.4400","0.5895","11.2645"
"35.4600","0.5898","11.2832"
"35.4800","0.5901","11.2555"
"35.5000","0.5903","11.2833"
"35.5200","0.5906","11.2453"
"35.5400","0.5909","11.2790"
"35.5600","0.5913","11.2910"
"35.5800","0.5916","11.4175"
"35.6000","0.5920","11.3726"
"35.6200","0.5924","11.3950"
"35.6400","0.5927","11.3331"
"35.6600","0.5930","11.3128"
"35.6800","0.5933","11.2883"
"35.7000","0.5936","11.4179"
"35.7200","0.5939","11.4210"
"35.7400","0.5943","11.3561"
"35.7600","0.5948","11.4242"
"35.7800","0.5952","11.3849"
"35.8000","0.5956","11.4034"
"35.8200","0.5959","11.4068"
"35.8400","0.5961","11.4247"
"35.8600","0.5963","11.3990"
"35.8800","0.5966","11.4410"
"35.9000","0.5969","11.4211"
"35.9200","0.5973","11.3985"
"35.9400","0.5977","11.4403"
"35.9600","0.5980","11.5133"
"35.9800","0.5984","11.5174"
"36.0000","0.5987","11.4483"
"36.0200","0.5990","11.4695"
"36.0400","0.5994","11.5054"
"36.0600","0.5997","11.5568"
"36.0800","0.6001","11.5859"
"36.1000","0.6005","11.5847"
"36.1200","0.6009","11.5749"
"36.1400","0.6012","11.5605"
"36.1600","0.6014","11.6462"
"36.1800","0.6017","11.6378"
"36.2000","0.6020","11.6370"
"36.2200","0.6023","11.5829"
"36.2400","0.6026","11.6328"
"36.2600","0.6030","11.6940"
"36.2800","0.6034","11.6642"
"36.3000","0.6037","11.5988"
"36.3200","0.6041","11.5484"
"36.3400","0.6044","11.5236"
"36.3600","0.6046","11.5850"
"36.3800","0.6049","11.6010"
"36.4000","0.6053","11.5661"
"36.4200","0.6056","11.6325"
"36.4400","0.6061","11.6649"
"36.4600","0.6066","11.6839"
"36.4800","0.6069","11.7010"
"36.5000","0.6072","11.7986"
"36.5200","0.6075","11.7033"
"36.5400","0.6077","11.6740"
"36.5600","0.6080","11.6581"
"36.5800","0.6083","11.6846"
"36.6000","0.6086","11.7596"
"36.6200","0.6090","11.8037"
"36.6400","0.6094","11.8247"
"36.6600","0.6097","11.8267"
"36.6800","0.6100","11.7475"
"36.7000","0.6104","11.8018"
"36.7200","0.6107","11.8105"
"36.7400","0.6110","11.8127"
"36.7600","0.6114","11.7933"
"36.7800","0.6118","11.8296"
"36.8000","0.6122","11.8651"
"36.8200","0.6125","11.8825"
"36.8400","0.6128","11.8696"
"36.8600","0.6130","11.8720"
"36.8800","0.6133","11.8567"
"36.9000","0.6136","11.8506"
"36.9200","0.6139","11.8553"
"36.9400","0.6142","11.8045"
"36.9600","0.6146","11.8697"
"36.9800","0.6150","11.9249"
"37.0000","0.6154","12.0042"
"37.0200","0.6157","11.9923"
"37.0400","0.6160","11.9770"
"37.0600","0.6162","11.9825"
"37.0800","0.6165","11.9499"
"37.1000","0.6169","11.9243"
"37.1200","0.6174","12.0061"
"37.1400","0.6179","12.0648"
"37.1600","0.6183","12.0142"
"37.1800","0.6186","11.9530"
"37.2000","0.6189","12.0240"
"37.2200","0.6191","12.1012"
"37.2400","0.6193","12.0712"
"37.2600","0.6196","12.1286"
"37.2800","0.6199","12.1321"
"37.3000","0.6203","12.0108"
"37.3200","0.6207","11.9695"
"37.3400","0.6211","12.0068"
"37.3600","0.6214","12.1305"
"37.3800","0.6217","12.1041"
"37.4000","0.6221","12.0213"
"37.4200","0.6224","12.1040"
"37.4400","0.6228","12.1431"
"37.4600","0.6232","12.0461"
"37.4800","0.6235","12.0635"
"37.5000","0.6239","12.2001"
"37.5200","0.6242","12.1880"
"37.5400","0.6244","12.2207"
"37.5600","0.6247","12.1433"
"37.5800","0.6250","12.1176"
"37.6000","0.6253","12.1572"
"37.6200","0.6256","12.2229"
"37.6400","0.6260","12.2768"
"37.6600","0.6264","12.2668"
"37.6800","0.6267","12.3558"
"37.7000","0.6271","12.3133"
"37.7200","0.6273","12.2323"
"37.7400","0.6276","12.2168"
"37.7600","0.6279","12.2724"
"37.7800","0.6283","12.2481"
"37.8000","0.6287","12.2417"
"37.8200","0.6292","12.2939"
"37.8400","0.6296","12.2984"
"37.8600","0.6300","12.2892"
"37.8800","0.6302","12.2526"
"37.9000","0.6305","12.2191"
"37.9200","0.6307","12.3539"
"37.9400","0.6309","12.4572"
"37.9600","0.6313","12.4333"
"37.9800","0.6316","12.3712"
"38.0000","0.6320","12.3721"
"38.0200","0.6324","12.4498"
"38.0400","0.6328","12.4369"
"38.0600","0.6331","12.3597"
"38.0800","0.6334","12.3288"
"38.1000","0.6337","12.3304"
"38.1200","0.6341","12.4544"
"38.1400","0.6345","12.3954"
"38.1600","0.6348","12.3645"
"38.1800","0.6352","12.4777"
"38.2000","0.6355","12.4840"
"38.2200","0.6358","12.4135"
"38.2400","0.6360","12.4222"
"38.2600","0.6363","12.4477"
"38.2800","0.6366","12.5170"
"38.3000","0.6369","12.6127"
"38.3200","0.6373","12.5296"
"38.3400","0.6377","12.5200"
"38.3600","0.6381","12.4700"
"38.3800","0.6384","12.4776"
"38.4000","0.6387","12.4615"
"38.4200","0.6389","12.5824"
"38.4400","0.6392","12.6541"
"38.4600","0.6396","12.6859"
"38.4800","0.6400","12.7147"
"38.5000","0.6404","12.6102"
"38.5200","0.6409","12.6151"
"38.5400","0.6413","12.5947"
"38.5600","0.6416","12.5417"
"38.5800","0.6419","12.5357"
"38.6000","0.6421","12.6374"
"38.6200","0.6423","12.7036"
"38.6400","0.6426","12.6988"
"38.6600","0.6429","12.6425"
"38.6800","0.6433","12.5952"
"38.7000","0.6437","12.5539"
"38.7200","0.6441","12.6216"
"38.7400","0.6445","12.7369"
"38.7600","0.6448","12.7860"
"38.7800","0.6451","12.7657"
"38.8000","0.6454","12.7245"
"38.8200","0.6458","12.7242"
"38.8400","0.6462","12.7779"
"38.8600","0.6465","12.8123"
"38.8800","0.6469","12.8498"
"38.9000","0.6472","12.8157"
"38.9200","0.6474","12.8432"
"38.9400","0.6477","12.8775"
"38.9600","0.6479","12.9697"
"38.9800","0.6482","12.8450"
"39.0000","0.6486","12.7905"
"39.0200","0.6490","12.8508"
"39.0400","0.6494","12.8754"
"39.0600","0.6497","12.9136"
"39.0800","0.6500","12.8430"
"39.1000","0.6503","12.8065"
"39.1200","0.6505","12.8764"
"39.1400","0.6509","12.8784"
"39.1600","0.6512","12.8812"
"39.1800","0.6517","12.8113"
"39.2000","0.6521","12.8159"
"39.2200","0.6526","12.9037"
"39.2400","0.6530","12.8806"
"39.2600","0.6533","12.9160"
"39.2800","0.6535","12.9509"
"39.3000","0.6537","12.9772"
"39.3200","0.6540","13.0567"
"39.3400","0.6543","13.0264"
"39.3600","0.6546","13.0618"
"39.3800","0.6550","13.0680"
"39.4000","0.6554","13.0434"
"39.4200","0.6558","12.9870"
"39.4400","0.6561","13.0063"
"39.4600","0.6564","13.0389"
"39.4800","0.6567","13.0554"
"39.5000","0.6570","13.0447"
"39.5200","0.6574","13.0880"
"39.5400","0.6578","13.1002"
"39.5600","0.6582","13.0083"
"39.5800","0.6585","13.0665"
"39.6000","0.6588","13.0767"
"39.6200","0.6590","13.0809"
"39.6400","0.6593","13.1065"
"39.6600","0.6596","13.1884"
"39.6800","0.6599","13.1988"
"39.7000","0.6603","13.1004"
"39.7200","0.6607","13.0771"
"39.7400","0.6611","13.0429"
"39.7600","0.6614","13.0886"
"39.7800","0.6617","13.1123"
"39.8000","0.6619","13.1442"
"39.8200","0.6622","13.1991"
"39.8400","0.6625","13.2134"
"39.8600","0.6629","13.2142"
"39.8800","0.6634","13.2679"
"39.9000","0.6639","13.3051"
"39.9200","0.6643","13.2693"
"39.9400","0.6646","13.2728"
"39.9600","0.6648","13.2341"
"39.9800","0.6650","13.1598"
"40.0000","0.6653","13.2668"
"40.0200","0.6656","13.3029"
"40.0400","0.6659","13.2257"
"40.0600","0.6663","13.2479"
"40.0800","0.6667","13.3013"
"40.1000","0.6671","13.3654"
"40.1200","0.6674","13.4559"
"40.1400","0.6677","13.4711"
"40.1600","0.6680","13.4356"
"40.1800","0.6684","13.4148"
"40.2000","0.6688","13.4705"
"40.2200","0.6692","13.4038"
"40.2400","0.6696","13.3791"
"40.2600","0.6699","13.3529"
"40.2800","0.6702","13.4571"
"40.3000","0.6704","13.4372"
"40.3200","0.6707","13.3832"
"40.3400","0.6710","13.3830"
"40.3600","0.6713","13.3455"
"40.3800","0.6716","13.4089"
"40.4000","0.6720","13.4530"
"40.4200","0.6724","13.4584"
"40.4400","0.6727","13.4488"
"40.4600","0.6730","13.4387"
"40.4800","0.6733","13.4435"
"40.5000","0.6736","13.4708"
"40.5200","0.6739","13.4897"
"40.5400","0.6742","13.5191"
"40.5600","0.6747","13.5736"
"40.5800","0.6751","13.5450"
"40.6000","0.6756","13.5118"
"40.6200","0.6759","13.5538"
"40.6400","0.6762","13.5717"
"40.6600","0.6764","13.6046"
"40.6800","0.6766","13.5853"
"40.7000","0.6769","13.5783"
"40.7200","0.6773","13.5729"
"40.7400","0.6776","13.5801"
"40.7600","0.6780","13.5820"
"40.7800","0.6784","13.5691"
"40.8000","0.6787","13.6539"
"40.8200","0.6790","13.6393"
"40.8400","0.6793","13.6120"
"40.8600","0.6797","13.6848"
"40.8800","0.6801","13.7676"
"40.9000","0.6805","13.8293"
"40.9200","0.6809","13.8104"
"40.9400","0.6813","13.7388"
"40.9600","0.6815","13.7349"
"40.9800","0.6818","13.7430"
"41.0000","0.6820","13.7258"
"41.0200","0.6823","13.7823"
"41.0400","0.6826","13.7459"
"41.0600","0.6830","13.7063"
"41.0800","0.6833","13.7661"
"41.1000","0.6837","13.7953"
"41.1200","0.6840","13.7840"
"41.1400","0.6843","13.7817"
"41.1600","0.6846","13.7296"
"41.1800","0.6849","13.7609"
"41.2000","0.6852","13.8003"
"41.2200","0.6855","13.8802"
"41.2400","0.6859","13.7603"
"41.2600","0.6864","13.7812"
"41.2800","0.6869","13.8751"
"41.3000","0.6872","13.9413"
"41.3200","0.6875","13.9733"
"41.3400","0.6878","14.0162"
"41.3600","0.6880","14.0034"
"41.3800","0.6883","13.9854"
"41.4000","0.6886","13.9690"
"41.4200","0.6890","13.9649"
"41.4400","0.6894","14.0462"
"41.4600","0.6898","14.0209"
"41.4800","0.6901","13.9220"
"41.5000","0.6904","13.9510"
"41.5200","0.6907","13.9807"
"41.5400","0.6910","14.0567"
"41.5600","0.6914","14.0612"
"41.5800","0.6918","14.0758"
"41.6000","0.6922","14.0816"
"41.6200","0.6926","14.1016"
"41.6400","0.6930","14.0020"
"41.6600","0.6932","14.0023"
"41.6800","0.6934","14.0404"
"41.7000","0.6937","14.0368"
"41.7200","0.6940","14.1214"
"41.7400","0.6943","14.1041"
"41.7600","0.6947","13.9629"
"41.7800","0.6950","14.0025"
"41.8000","0.6954","14.0214"
"41.8200","0.6957","14.0461"
"41.8400","0.6960","14.1046"
"41.8600","0.6963","14.2077"
"41.8800","0.6965","14.1809"
"41.9000","0.6969","14.2080"
"41.9200","0.6972","14.2227"
"41.9400","0.6977","14.1884"
"41.9600","0.6982","14.2701"
"41.9800","0.6986","14.2095"
"42.0000","0.6989","14.1168"
"42.0200","0.6992","14.1276"
"42.0400","0.6994","14.1518"
"42.0600","0.6997","14.0851"
"42.0800","0.7000","14.1234"
"42.1000","0.7003","14.1838"
"42.1200","0.7007","14.2389"
"42.1400","0.7011","14.2212"
"42.1600","0.7014","14.2349"
"42.1800","0.7017","14.2794"
"42.2000","0.7020","14.3471"
"42.2200","0.7023","14.4152"
"42.2400","0.7027","14.3644"
"42.2600","0.7031","14.3186"
"42.2800","0.7035","14.3336"
"42.3000","0.7039","14.3004"
"42.3200","0.7042","14.3283"
"42.3400","0.7045","14.4627"
"42.3600","0.7048","14.4343"
"42.3800","0.7050","14.4956"
"42.4000","0.7053","14.4497"
"42.4200","0.7056","14.3944"
"42.4400","0.7060","14.4293"
"42.4600","0.7064","14.4949"
"42.4800","0.7067","14.4601"
"42.5000","0.7071","14.4221"
"42.5200","0.7074","14.4021"
"42.5400","0.7076","14.3790"
"42.5600","0.7079","14.3180"
"42.5800","0.7082","14.3209"
"42.6000","0.7085","14.4137"
"42.6200","0.7089","14.4930"
"42.6400","0.7094","14.5042"
"42.6600","0.7098","14.4966"
"42.6800","0.7102","14.4050"
"42.7000","0.7105","14.3784"
"42.7200","0.7107","14.4344"
"42.7400","0.7110","14.5219"
"42.7600","0.7113","14.5819"
"42.7800","0.7116","14.6053"
"42.8000","0.7119","14.6160"
"42.8200","0.7123","14.6136"
"42.8400","0.7127","14.6441"
"42.8600","0.7131","14.6930"
"42.8800","0.7134","14.6449"
"42.9000","0.7137","14.5668"
"42.9200","0.7140","14.5789"
"42.9400","0.7144","14.6315"
"42.9600","0.7148","14.6881"
"42.9800","0.7152","14.6321"
"43.0000","0.7156","14.6904"
"43.0200","0.7159","14.6535"
"43.0400","0.7162","14.6598"
"43.0600","0.7164","14.7165"
"43.0800","0.7167","14.7361"
"43.1000","0.7170","14.6858"
"43.1200","0.7173","14.6919"
"43.1400","0.7177","14.7484"
"43.1600","0.7180","14.7310"
"43.1800","0.7184","14.6728"
"43.2000","0.7187","14.7046"
"43.2200","0.7190","14.7489"
"43.2400","0.7193","14.7423"
"43.2600","0.7196","14.7684"
"43.2800","0.7199","14.7866"
"43.3000","0.7203","14.7444"
"43.3200","0.7207","14.8126"
"43.3400","0.7212","14.8868"
"43.3600","0.7216","14.8591"
"43.3800","0.7219","14.8566"
"43.4000","0.7221","14.8977"
"43.4200","0.7224","14.8194"
"43.4400","0.7226","14.8021"
"43.4600","0.7229","14.8195"
"43.4800","0.7233","14.8397"
"43.5000","0.7236","14.8485"
"43.5200","0.7240","14.9254"
"43.5400","0.7244","14.9181"
"43.5600","0.7247","14.8819"
"43.5800","0.7250","14.9059"
"43.6000","0.7253","14.8922"
"43.6200","0.7257","14.9317"
"43.6400","0.7261","14.9059"
"43.6600","0.7265","14.8889"
"43.6800","0.7269","14.8585"
"43.7000","0.7272","14.9609"
"43.7200","0.7275","15.0586"
"43.7400","0.7278","15.0630"
"43.7600","0.7280","15.0195"
"43.7800","0.7283","15.0664"
"43.8000","0.7286","14.9804"
"43.8200","0.7290","14.9095"
"43.8400","0.7294","14.9157"
"43.8600","0.7297","14.9935"
"43.8800","0.7301","15.0004"
"43.9000","0.7304","14.9949"
"43.9200","0.7306","15.0314"
"43.9400","0.7309","15.0416"
"43.9600","0.7312","15.1069"
"43.9800","0.7315","15.1895"
"44.0000","0.7319","15.1365"
"44.0200","0.7324","15.1760"
"44.0400","0.7329","15.1426"
"44.0600","0.7333","15.1335"
"44.0800","0.7335","15.1228"
"44.1000","0.7338","15.1432"
"44.1200","0.7340","15.1278"
"44.1400","0.7343","15.1530"
"44.1600","0.7346","15.1957"
"44.1800","0.7350","15.2029"
"44.2000","0.7353","15.1903"
"44.2200","0.7357","15.2433"
"44.2400","0.7361","15.2120"
"44.2600","0.7364","15.2507"
"44.2800","0.7367","15.2751"
"44.3000","0.7370","15.2680"
"44.3200","0.7374","15.3183"
"44.3400","0.7378","15.3013"
"44.3600","0.7382","15.2381"
"44.3800","0.7386","15.2809"
"44.4000","0.7389","15.3399"
"44.4200","0.7391","15.2848"
"44.4400","0.7394","15.3377"
"44.4600","0.7396","15.3302"
"44.4800","0.7399","15.2978"
"44.5000","0.7403","15.1746"
"44.5200","0.7406","15.2932"
"44.5400","0.7410","15.3834"
"44.5600","0.7414","15.3252"
"44.5800","0.7418","15.2559"
"44.6000","0.7420","15.2380"
"44.6200","0.7423","15.3285"
"44.6400","0.7426","15.3942"
"44.6600","0.7429","15.4607"
"44.6800","0.7433","15.4239"
"44.7000","0.7437","15.4197"
"44.7200","0.7442","15.4671"
"44.7400","0.7446","15.4803"
"44.7600","0.7449","15.4347"
"44.7800","0.7452","15.4213"
"44.8000","0.7454","15.4698"
"44.8200","0.7456","15.4339"
"44.8400","0.7459","15.4252"
"44.8600","0.7463","15.4248"
"44.8800","0.7467","15.5069"
"44.9000","0.7470","15.5059"
"44.9200","0.7474","15.4904"
"44.9400","0.7477","15.5082"
"44.9600","0.7480","15.5902"
"44.9800","0.7483","15.5924"
"45.0000","0.7487","15.5791"
"45.0200","0.7491","15.5589"
"45.0400","0.7495","15.5502"
"45.0600","0.7499","15.6373"
"45.0800","0.7502","15.6155"
"45.1000","0.7505","15.5831"
"45.1200","0.7508","15.6004"
"45.1400","0.7510","15.5753"
"45.1600","0.7513","15.5067"
"45.1800","0.7516","15.5907"
"45.2000","0.7520","15.6361"
"45.2200","0.7524","15.6647"
"45.2400","0.7527","15.6566"
"45.2600","0.7531","15.6317"
"45.2800","0.7534","15.6969"
"45.3000","0.7537","15.7426"
"45.3200","0.7539","15.6857"
"45.3400","0.7542","15.6479"
"45.3600","0.7546","15.6999"
"45.3800","0.7550","15.6738"
"45.4000","0.7555","15.7125"
"45.4200","0.7559","15.6446"
"45.4400","0.7563","15.6844"
"45.4600","0.7565","15.7472"
"45.4800","0.7568","15.8225"
"45.5000","0.7570","15.8983"
"45.5200","0.7573","15.9215"
"45.5400","0.7576","15.8452"
"45.5600","0.7580","15.8097"
"45.5800","0.7583","15.8524"
"45.6000","0.7587","15.8962"
"45.6200","0.7590","15.9141"
"45.6400","0.7594","15.8478"
"45.6600","0.7597","15.8052"
"45.6800","0.7600","15.8140"
"45.7000","0.7604","15.8987"
"45.7200","0.7608","15.8555"
"45.7400","0.7612","15.9270"
"45.7600","0.7616","15.9949"
"45.7800","0.7619","15.9213"
"45.8000","0.7621","15.9364"
"45.8200","0.7624","15.9828"
"45.8400","0.7626","15.9950"
"45.8600","0.7629","15.9367"
"45.8800","0.7633","15.9733"
"45.9000","0.7636","16.0028"
"45.9200","0.7640","16.0580"
"45.9400","0.7644","16.0517"
"45.9600","0.7647","16.0231"
"45.9800","0.7650","16.0761"
"46.0000","0.7653","16.0573"
"46.0200","0.7656","16.0450"
"46.0400","0.7659","15.9835"
"46.0600","0.7663","15.9440"
"46.0800","0.7668","16.0642"
"46.1000","0.7672","16.0943"
"46.1200","0.7676","16.0377"
"46.1400","0.7679","16.0827"
"46.1600","0.7681","16.0609"
"46.1800","0.7684","16.0140"
"46.2000","0.7686","16.0396"
"46.2200","0.7689","16.0900"
"46.2400","0.7693","16.1351"
"46.2600","0.7696","16.1794"
"46.2800","0.7700","16.1713"
"46.3000","0.7703","16.1061"
"46.3200","0.7707","16.1089"
"46.3400","0.7710","16.1516"
"46.3600","0.7713","16.2553"
"46.3800","0.7717","16.2711"
"46.4000","0.7721","16.1945"
"46.4200","0.7725","16.1543"
"46.4400","0.7729","16.1515"
"46.4600","0.7733","16.2411"
"46.4800","0.7735","16.3154"
"46.5000","0.7738","16.3000"
"46.5200","0.7740","16.2249"
"46.5400","0.7743","16.1663"
"46.5600","0.7746","16.2800"
"46.5800","0.7750","16.2605"
"46.6000","0.7754","16.3285"
"46.6200","0.7757","16.2557"
"46.6400","0.7761","16.2448"
"46.6600","0.7764","16.2566"
"46.6800","0.7767","16.3094"
"46.7000","0.7769","16.3209"
"46.7200","0.7772","16.3105"
"46.7400","0.7776","16.3314"
"46.7600","0.7780","16.3659"
"46.7800","0.7785","16.3673"
"46.8000","0.7789","16.4452"
"46.8200","0.7793","16.5042"
"46.8400","0.7796","16.4801"
"46.8600","0.7798","16.4737"
"46.8800","0.7800","16.4634"
"46.9000","0.7803","16.4879"
"46.9200","0.7806","16.5103"
"46.9400","0.7809","16.4990"
"46.9600","0.7813","16.4205"
"46.9800","0.7817","16.4017"
"47.0000","0.7820","16.3904"
"47.0200","0.7824","16.4970"
"47.0400","0.7827","16.5084"
"47.0600","0.7830","16.5127"
"47.0800","0.7834","16.5033"
"47.1000","0.7838","16.4340"
"47.1200","0.7842","16.4558"
"47.1400","0.7846","16.5098"
"47.1600","0.7849","16.4937"
"47.1800","0.7851","16.5346"
"47.2000","0.7854","16.5984"
"47.2200","0.7856","16.5400"
"47.2400","0.7859","16.4722"
"47.2600","0.7863","16.5065"
"47.2800","0.7866","16.5659"
"47.3000","0.7870","16.5943"
"47.3200","0.7874","16.6511"
"47.3400","0.7877","16.6399"
"47.3600","0.7880","16.7054"
"47.3800","0.7883","16.6324"
"47.4000","0.7886","16.7177"
"47.4200","0.7889","16.6260"
"47.4400","0.7893","16.6164"
"47.4600","0.7898","16.6027"
"47.4800","0.7902","16.6117"
"47.5000","0.7906","16.7866"
"47.5200","0.7909","16.7325"
"47.5400","0.7911","16.6655"
"47.5600","0.7914","16.6277"
"47.5800","0.7916","16.6370"
"47.6000","0.7919","16.7805"
"47.6200","0.7922","16.8491"
"47.6400","0.7926","16.8665"
"47.6600","0.7930","16.9148"
"47.6800","0.7933","16.8468"
"47.7000","0.7937","16.7945"
"47.7200","0.7940","16.7877"
"47.7400","0.7943","16.7841"
"47.7600","0.7947","16.7924"
"47.7800","0.7951","16.8222"
"47.8000","0.7955","16.8751"
"47.8200","0.7959","16.8789"
"47.8400","0.7962","16.9029"
"47.8600","0.7965","16.8528"
"47.8800","0.7967","16.7825"
"47.9000","0.7970","16.7580"
"47.9200","0.7972","16.7737"
"47.9400","0.7976","16.9013"
"47.9600","0.7979","16.8985"
"47.9800","0.7983","16.8427"
"48.0000","0.7987","16.8031"
"48.0200","0.7991","16.8476"
"48.0400","0.7994","16.9219"
"48.0600","0.7996","16.9592"
"48.0800","0.7999","17.0115"
"48.1000","0.8002","16.9845"
"48.1200","0.8005","16.9627"
"48.1400","0.8010","17.0337"
"48.1600","0.8015","17.0844"
"48.1800","0.8019","17.0552"
"48.2000","0.8023","17.0401"
"48.2200","0.8026","17.0697"
"48.2400","0.8028","16.9883"
"48.2600","0.8030","16.9260"
"48.2800","0.8033","16.9632"
"48.3000","0.8036","17.0667"
"48.3200","0.8039","17.1000"
"48.3400","0.8043","17.1567"
"48.3600","0.8047","17.1299"
"48.3800","0.8051","17.0955"
"48.4000","0.8054","17.1109"
"48.4200","0.8057","17.1450"
"48.4400","0.8061","17.2007"
"48.4600","0.8064","17.1697"
"48.4800","0.8069","17.1394"
"48.5000","0.8073","17.1337"
"48.5200","0.8076","17.2019"
"48.5400","0.8079","17.2366"
"48.5600","0.8081","17.1912"
"48.5800","0.8084","17.1250"
"48.6000","0.8086","17.0934"
"48.6200","0.8089","17.1315"
"48.6400","0.8093","17.2802"
"48.6600","0.8097","17.2557"
"48.6800","0.8101","17.2189"
"48.7000","0.8104","17.2540"
"48.7200","0.8108","17.3072"
"48.7400","0.8110","17.3178"
"48.7600","0.8113","17.3725"
"48.7800","0.8116","17.3711"
"48.8000","0.8119","17.2676"
"48.8200","0.8123","17.2058"
"48.8400","0.8128","17.2409"
"48.8600","0.8133","17.3178"
"48.8800","0.8137","17.3527"
"48.9000","0.8140","17.4206"
"48.9200","0.8142","17.3757"
"48.9400","0.8144","17.3050"
"48.9600","0.8147","17.2277"
"48.9800","0.8150","17.2607"
"49.0000","0.8153","17.3272"
"49.0200","0.8157","17.4226"
"49.0400","0.8160","17.4292"
"49.0600","0.8164","17.3559"
"49.0800","0.8167","17.3919"
"49.1000","0.8170","17.4878"
"49.1200","0.8173","17.5538"
"49.1400","0.8177","17.5426"
"49.1600","0.8181","17.4673"
"49.1800","0.8185","17.4122"
"49.2000","0.8189","17.4037"
"49.2200","0.8192","17.4395"
"49.2400","0.8195","17.4539"
"49.2600","0.8197","17.5259"
"49.2800","0.8200","17.5387"
"49.3000","0.8203","17.5838"
"49.3200","0.8206","17.5889"
"49.3400","0.8210","17.4798"
"49.3600","0.8214","17.4639"
"49.3800","0.8218","17.5394"
"49.4000","0.8221","17.5037"
"49.4200","0.8224","17.5179"
"49.4400","0.8227","17.6221"
"49.4600","0.8229","17.6950"
"49.4800","0.8232","17.7010"
"49.5000","0.8236","17.6844"
"49.5200","0.8240","17.6084"
"49.5400","0.8245","17.5711"
"49.5600","0.8249","17.5313"
"49.5800","0.8253","17.5899"
"49.6000","0.8255","17.6770"
"49.6200","0.8258","17.6718"
"49.6400","0.8260","17.6431"
"49.6600","0.8263","17.6059"
"49.6800","0.8266","17.6598"
"49.7000","0.8270","17.7056"
"49.7200","0.8273","17.6392"
"49.7400","0.8277","17.6254"
"49.7600","0.8281","17.7209"
"49.7800","0.8284","17.7831"
"49.8000","0.8287","17.7493"
"49.8200","0.8290","17.7447"
"49.8400","0.8294","17.7600"
"49.8600","0.8298","17.7537"
"49.8800","0.8302","17.7627"
"49.9000","0.8306","17.7966"
"49.9200","0.8308","17.7314"
"49.9400","0.8311","17.7912"
"49.9600","0.8313","17.9223"
"49.9800","0.8316","17.9633"
"50.0000","0.8319","17.8492"
"50.0200","0.8322","17.8856"
"50.0400","0.8326","17.9251"
"50.0600","0.8330","17.9531"
"50.0800","0.8334","17.9146"
"50.1000","0.8337","17.8036"
"50.1200","0.8340","17.8110"
"50.1400","0.8343","17.8926"
"50.1600","0.8346","17.9493"
"50.1800","0.8349","18.0303"
"50.2000","0.8353","17.9749"
"50.2200","0.8358","17.9556"
"50.2400","0.8362","17.9575"
"50.2600","0.8366","18.0302"
"50.2800","0.8369","18.0126"
"50.3000","0.8371","17.9551"
"50.3200","0.8373","17.9487"
"50.3400","0.8376","17.9622"
"50.3600","0.8379","17.9860"
"50.3800","0.8383","18.0432"
"50.4000","0.8386","18.0463"
"50.4200","0.8390","18.0464"
"50.4400","0.8394","18.0485"
"50.4600","0.8397","18.0756"
"50.4800","0.8400","18.1221"
"50.5000","0.8404","18.0719"
"50.5200","0.8407","18.0362"
"50.5400","0.8411","18.1085"
"50.5600","0.8415","18.0488"
"50.5800","0.8419","18.0543"
"50.6000","0.8422","18.1417"
"50.6200","0.8424","18.1721"
"50.6400","0.8427","18.1991"
"50.6600","0.8430","18.1848"
"50.6800","0.8432","18.1426"
"50.7000","0.8436","18.2699"
"50.7200","0.8439","18.2971"
"50.7400","0.8443","18.1692"
"50.7600","0.8447","18.1944"
"50.7800","0.8451","18.2715"
"50.8000","0.8454","18.2238"
"50.8200","0.8456","18.1800"
"50.8400","0.8459","18.1425"
"50.8600","0.8462","18.0976"
"50.8800","0.8466","18.1481"
"50.9000","0.8470","18.2155"
"50.9200","0.8475","18.2510"
"50.9400","0.8480","18.3107"
"50.9600","0.8483","18.2759"
"50.9800","0.8485","18.2698"
"51.0000","0.8487","18.3429"
"51.0200","0.8490","18.3575"
"51.0400","0.8493","18.3809"
"51.0600","0.8496","18.4232"
"51.0800","0.8500","18.3865"
"51.1000","0.8504","18.3932"
"51.1200","0.8507","18.3491"
"51.1400","0.8511","18.3003"
"51.1600","0.8514","18.2772"
"51.1800","0.8517","18.3272"
"51.2000","0.8520","18.3670"
"51.2200","0.8524","18.2914"
"51.2400","0.8528","18.3278"
"51.2600","0.8532","18.4400"
"51.2800","0.8535","18.4623"
"51.3000","0.8538","18.4516"
"51.3200","0.8541","18.4509"
"51.3400","0.8543","18.3306"
"51.3600","0.8546","18.3212"
"51.3800","0.8549","18.3917"
"51.4000","0.8552","18.4388"
"51.4200","0.8556","18.5027"
"51.4400","0.8560","18.5400"
"51.4600","0.8564","18.5381"
"51.4800","0.8567","18.5022"
"51.5000","0.8570","18.5574"
"51.5200","0.8573","18.4967"
"51.5400","0.8576","18.4844"
"51.5600","0.8579","18.4897"
"51.5800","0.8584","18.5818"
"51.6000","0.8589","18.6037"
"51.6200","0.8593","18.6480"
"51.6400","0.8596","18.6662"
"51.6600","0.8599","18.6331"
"51.6800","0.8601","18.5565"
"51.7000","0.8603","18.5756"
"51.7200","0.8606","18.6212"
"51.7400","0.8609","18.6917"
"51.7600","0.8613","18.6982"
"51.7800","0.8617","18.6287"
"51.8000","0.8621","18.6042"
"51.8200","0.8624","18.6394"
"51.8400","0.8627","18.7567"
"51.8600","0.8631","18.8164"
"51.8800","0.8634","18.7758"
"51.9000","0.8638","18.7442"
"51.9200","0.8641","18.7229"
"51.9400","0.8645","18.7393"
"51.9600","0.8649","18.7498"
"51.9800","0.8652","18.7896"
"52.0000","0.8655","18.7914"
"52.0200","0.8657","18.8186"
"52.0400","0.8660","18.8320"
"52.0600","0.8663","18.7564"
"52.0800","0.8666","18.7257"
"52.1000","0.8670","18.7813"
"52.1200","0.8674","18.8452"
"52.1400","0.8677","18.8321"
"52.1600","0.8681","18.8501"
"52.1800","0.8684","18.7885"
"52.2000","0.8686","18.8344"
"52.2200","0.8689","18.8384"
"52.2400","0.8693","18.7623"
"52.2600","0.8697","18.6879"
"52.2800","0.8702","18.7007"
"52.3000","0.8706","18.7892"
"52.3200","0.8710","18.8622"
"52.3400","0.8713","18.8679"
"52.3600","0.8715","18.9243"
"52.3800","0.8717","18.8933"
"52.4000","0.8720","18.9321"
"52.4200","0.8723","18.9760"
"52.4400","0.8726","19.0009"
"52.4600","0.8730","19.0652"
"52.4800","0.8734","19.0767"
"52.5000","0.8738","19.0753"
"52.5200","0.8741","19.0979"
"52.5400","0.8744","18.9889"
"52.5600","0.8748","18.9178"
"52.5800","0.8751","18.9986"
"52.6000","0.8755","19.0388"
"52.6200","0.8758","19.0598"
"52.6400","0.8762","19.1934"
"52.6600","0.8765","19.2331"
"52.6800","0.8768","19.1590"
"52.7000","0.8771","19.1263"
"52.7200","0.8773","19.1694"
"52.7400","0.8776","19.1831"
"52.7600","0.8779","19.2212"
"52.7800","0.8783","19.2235"
"52.8000","0.8787","19.2012"
"52.8200","0.8790","19.1946"
"52.8400","0.8794","19.1686"
"52.8600","0.8797","19.2062"
"52.8800","0.8799","19.2216"
"52.9000","0.8802","19.1850"
"52.9200","0.8805","19.2647"
"52.9400","0.8809","19.2497"
"52.9600","0.8814","19.2121"
"52.9800","0.8818","19.2083"
"53.0000","0.8823","19.2210"
"53.0200","0.8826","19.2241"
"53.0400","0.8829","19.1963"
"53.0600","0.8831","19.2027"
"53.0800","0.8833","19.2017"
"53.1000","0.8836","19.2172"
"53.1200","0.8839","19.2908"
"53.1400","0.8843","19.3373"
"53.1600","0.8847","19.4321"
"53.1800","0.8851","19.4108"
"53.2000","0.8855","19.3053"
"53.2200","0.8858","19.2660"
"53.2400","0.8861","19.2870"
"53.2600","0.8864","19.3376"
"53.2800","0.8868","19.3431"
"53.3000","0.8871","19.4116"
"53.3200","0.8875","19.3312"
"53.3400","0.8879","19.2985"
"53.3600","0.8882","19.3710"
"53.3800","0.8884","19.4367"
"53.4000","0.8887","19.4530"
"53.4200","0.8889","19.4815"
"53.4400","0.8892","19.4944"
"53.4600","0.8896","19.4744"
"53.4800","0.8899","19.5185"
"53.5000","0.8903","19.5098"
"53.5200","0.8907","19.4627"
"53.5400","0.8910","19.4418"
"53.5600","0.8913","19.4205"
"53.5800","0.8916","19.4379"
"53.6000","0.8919","19.4849"
"53.6200","0.8922","19.4851"
"53.6400","0.8926","19.5271"
"53.6600","0.8931","19.5959"
"53.6800","0.8936","19.5491"
"53.7000","0.8940","19.6270"
"53.7200","0.8943","19.6852"
"53.7400","0.8945","19.5968"
"53.7600","0.8947","19.5736"
"53.7800","0.8950","19.5676"
"53.8000","0.8953","19.6423"
"53.8200","0.8956","19.7127"
"53.8400","0.8960","19.6080"
"53.8600","0.8964","19.5749"
"53.8800","0.8967","19.6575"
"53.9000","0.8971","19.7363"
"53.9200","0.8974","19.6826"
"53.9400","0.8977","19.6449"
"53.9600","0.8980","19.5690"
"53.9800","0.8984","19.6907"
"54.0000","0.8988","19.6853"
"54.0200","0.8992","19.6281"
"54.0400","0.8995","19.6865"
"54.0600","0.8998","19.7609"
"54.0800","0.9000","19.7287"
"54.1000","0.9003","19.7804"
"54.1200","0.9006","19.7703"
"54.1400","0.9009","19.7784"
"54.1600","0.9013","19.7677"
"54.1800","0.9017","19.7484"
"54.2000","0.9020","19.7432"
"54.2200","0.9024","19.7396"
"54.2400","0.9027","19.8093"
"54.2600","0.9029","19.8009"
"54.2800","0.9032","19.8013"
"54.3000","0.9036","19.8735"
"54.3200","0.9039","19.7808"
"54.3400","0.9044","19.8190"
"54.3600","0.9048","19.8040"
"54.3800","0.9053","19.8579"
"54.4000","0.9056","19.8662"
"54.4200","0.9058","19.8711"
"54.4400","0.9061","19.8985"
"54.4600","0.9063","19.8934"
"54.4800","0.9066","19.8831"
"54.5000","0.9069","19.8795"
"54.5200","0.9073","19.9723"
"54.5400","0.9077","19.9722"
"54.5600","0.9081","19.9739"
"54.5800","0.9084","19.9816"
"54.6000","0.9087","19.9963"
"54.6200","0.9090","20.0066"
"54.6400","0.9094","19.9810"
"54.6600","0.9097","19.9945"
"54.6800","0.9101","20.0098"
"54.7000","0.9105","19.9825"
"54.7200","0.9109","20.0036"
"54.7400","0.9112","20.0829"
"54.7600","0.9114","20.1334"
"54.7800","0.9117","20.0886"
"54.8000","0.9120","19.9793"
"54.8200","0.9123","20.0048"
"54.8400","0.9126","20.0161"
"54.8600","0.9130","20.0341"
"54.8800","0.9134","20.0718"
"54.9000","0.9137","20.1214"
"54.9200","0.9140","20.0814"
"54.9400","0.9143","20.1247"
"54.9600","0.9146","20.1683"
"54.9800","0.9149","20.1142"
"55.0000","0.9152","20.1847"
"55.0200","0.9156","20.0816"
"55.0400","0.9161","20.0486"
"55.0600","0.9166","20.1660"
"55.0800","0.9169","20.2663"
"55.1000","0.9172","20.2032"
"55.1200","0.9174","20.1701"
"55.1400","0.9177","20.2163"
"55.1600","0.9179","20.1585"
"55.1800","0.9183","20.2373"
"55.2000","0.9186","20.3021"
"55.2200","0.9190","20.2789"
"55.2400","0.9194","20.2662"
"55.2600","0.9197","20.2867"
"55.2800","0.9200","20.1941"
"55.3000","0.9204","20.1900"
"55.3200","0.9207","20.3064"
"55.3400","0.9211","20.2418"
"55.3600","0.9215","20.2216"
"55.3800","0.9219","20.2680"
"55.4000","0.9223","20.3692"
"55.4200","0.9226","20.4135"
"55.4400","0.9228","20.4074"
"55.4600","0.9230","20.3859"
"55.4800","0.9233","20.4115"
"55.5000","0.9236","20.4369"
"55.5200","0.9240","20.4655"
"55.5400","0.9243","20.4810"
"55.5600","0.9247","20.4147"
"55.5800","0.9250","20.3549"
"55.6000","0.9254","20.4093"
"55.6200","0.9256","20.4397"
"55.6400","0.9259","20.5174"
"55.6600","0.9262","20.5040"
"55.6800","0.9265","20.5080"
"55.7000","0.9269","20.4797"
"55.7200","0.9274","20.4791"
"55.7400","0.9278","20.4674"
"55.7600","0.9283","20.4819"
"55.7800","0.9286","20.4725"
"55.8000","0.9288","20.4609"
"55.8200","0.9290","20.4613"
"55.8400","0.9293","20.4393"
"55.8600","0.9296","20.4914"
"55.8800","0.9300","20.5329"
"55.9000","0.9304","20.5788"
"55.9200","0.9308","20.5562"
"55.9400","0.9311","20.5917"
"55.9600","0.9314","20.6304"
"55.9800","0.9317","20.6418"
"56.0000","0.9320","20.6449"
"56.0200","0.9324","20.6000"
"56.0400","0.9328","20.6216"
"56.0600","0.9332","20.5887"
"56.0800","0.9336","20.6027"
"56.1000","0.9339","20.6484"
"56.1200","0.9342","20.6710"
"56.1400","0.9344","20.6617"
"56.1600","0.9347","20.7360"
"56.1800","0.9350","20.6958"
"56.2000","0.9353","20.7157"
"56.2200","0.9356","20.7761"
"56.2400","0.9360","20.7777"
"56.2600","0.9364","20.6562"
"56.2800","0.9367","20.6751"
"56.3000","0.9370","20.7431"
"56.3200","0.9373","20.7520"
"56.3400","0.9375","20.7762"
"56.3600","0.9378","20.8062"
"56.3800","0.9382","20.8049"
"56.4000","0.9386","20.8894"
"56.4200","0.9391","20.9234"
"56.4400","0.9396","20.9672"
"56.4600","0.9399","20.7998"
"56.4800","0.9402","20.8098"
"56.5000","0.9404","20.8639"
"56.5200","0.9407","20.8513"
"56.5400","0.9410","20.8372"
"56.5600","0.9413","20.8659"
"56.5800","0.9417","20.8635"
"56.6000","0.9420","20.9343"
"56.6200","0.9424","20.9522"
"56.6400","0.9427","20.9601"
"56.6600","0.9430","20.9802"
"56.6800","0.9433","20.9611"
"56.7000","0.9437","20.9730"
"56.7200","0.9440","20.9803"
"56.7400","0.9445","20.9468"
"56.7600","0.9449","21.0000"
"56.7800","0.9452","21.0029"
"56.8000","0.9456","20.9203"
"56.8200","0.9458","20.9515"
"56.8400","0.9460","21.0527"
"56.8600","0.9463","21.0528"
"56.8800","0.9466","21.0203"
"56.9000","0.9470","21.0217"
"56.9200","0.9474","20.9663"
"56.9400","0.9477","21.0694"
"56.9600","0.9481","21.1207"
"56.9800","0.9484","21.1217"
"57.0000","0.9487","21.0869"
"57.0200","0.9489","21.0328"
"57.0400","0.9492","21.0636"
"57.0600","0.9495","21.1709"
"57.0800","0.9499","21.2469"
"57.1000","0.9504","21.2700"
"57.1200","0.9509","21.1386"
"57.1400","0.9512","21.1029"
"57.1600","0.9515","21.1215"
"57.1800","0.9518","21.1340"
"57.2000","0.9520","21.1414"
"57.2200","0.9523","21.2378"
"57.2400","0.9526","21.1784"
"57.2600","0.9529","21.1354"
"57.2800","0.9533","21.1738"
"57.3000","0.9537","21.2157"
"57.3200","0.9541","21.1971"
"57.3400","0.9544","21.2834"
"57.3600","0.9547","21.2350"
"57.3800","0.9550","21.2751"
"57.4000","0.9554","21.3068"
"57.4200","0.9558","21.2072"
"57.4400","0.9562","21.2244"
"57.4600","0.9566","21.2981"
"57.4800","0.9569","21.2885"
"57.5000","0.9572","21.2600"
"57.5200","0.9575","21.2497"
"57.5400","0.9577","21.2730"
"57.5600","0.9580","21.3513"
"57.5800","0.9583","21.3679"
"57.6000","0.9587","21.3546"
"57.6200","0.9590","21.4023"
"57.6400","0.9594","21.3571"
"57.6600","0.9597","21.2566"
"57.6800","0.9600","21.2865"
"57.7000","0.9603","21.4655"
"57.7200","0.9606","21.4656"
"57.7400","0.9609","21.4038"
"57.7600","0.9612","21.3388"
"57.7800","0.9617","21.4203"
"57.8000","0.9621","21.5820"
"57.8200","0.9625","21.6346"
"57.8400","0.9629","21.5455"
"57.8600","0.9631","21.4514"
"57.8800","0.9634","21.4430"
"57.9000","0.9636","21.5323"
"57.9200","0.9639","21.5480"
"57.9400","0.9642","21.5755"
"57.9600","0.9646","21.5440"
"57.9800","0.9650","21.4918"
"58.0000","0.9654","21.5340"
"58.0200","0.9657","21.5953"
"58.0400","0.9661","21.5885"
"58.0600","0.9664","21.5519"
"58.0800","0.9667","21.5790"
"58.1000","0.9671","21.5582"
"58.1200","0.9675","21.6351"
"58.1400","0.9679","21.6227"
"58.1600","0.9682","21.6284"
"58.1800","0.9685","21.6696"
"58.2000","0.9688","21.6473"
"58.2200","0.9690","21.6487"
"58.2400","0.9693","21.6453"
"58.2600","0.9696","21.7057"
"58.2800","0.9699","21.7422"
"58.3000","0.9703","21.6654"
"58.3200","0.9707","21.7554"
"58.3400","0.9711","21.8124"
"58.3600","0.9714","21.7034"
"58.3800","0.9716","21.6686"
"58.4000","0.9719","21.7095"
"58.4200","0.9722","21.7042"
"58.4400","0.9725","21.6425"
"58.4600","0.9729","21.7054"
"58.4800","0.9734","21.7658"
"58.5000","0.9738","21.7692"
"58.5200","0.9742","21.7475"
"58.5400","0.9745","21.7619"
"58.5600","0.9748","21.7879"
"58.5800","0.9750","21.7965"
"58.6000","0.9753","21.8133"
"58.6200","0.9756","21.7959"
"58.6400","0.9759","21.8820"
"58.6600","0.9763","21.9033"
"58.6800","0.9767","21.8781"
"58.7000","0.9771","21.9743"
"58.7200","0.9774","21.9571"
"58.7400","0.9777","21.9570"
"58.7600","0.9780","22.0475"
"58.7800","0.9784","22.0056"
"58.8000","0.9788","21.9223"
"58.8200","0.9792","21.9306"
"58.8400","0.9796","22.0232"
"58.8600","0.9799","21.9935"
"58.8800","0.9802","22.0131"
"58.9000","0.9804","22.0040"
"58.9200","0.9806","21.9370"
"58.9400","0.9809","21.9422"
"58.9600","0.9812","21.9841"
"58.9800","0.9816","21.9068"
"59.0000","0.9820","21.9001"
"59.0200","0.9824","21.9632"
"59.0400","0.9828","21.9984"
"59.0600","0.9831","22.0412"
"59.0800","0.9833","22.0869"
"59.1000","0.9836","22.0284"
"59.1200","0.9839","22.0023"
"59.1400","0.9843","22.0672"
"59.1600","0.9848","22.0437"
"59.1800","0.9852","22.1200"
"59.2000","0.9856","22.1137"
"59.2200","0.9859","22.0783"
"59.2400","0.9862","22.0996"
"59.2600","0.9864","22.1721"
"59.2800","0.9867","22.1534"
"59.3000","0.9869","22.1873"
"59.3200","0.9873","22.1532"
"59.3400","0.9876","22.1393"
"59.3600","0.9880","22.0951"
"59.3800","0.9884","22.1444"
"59.4000","0.9887","22.1788"
"59.4200","0.9890","22.2731"
"59.4400","0.9893","22.2199"
"59.4600","0.9897","22.1714"
"59.4800","0.9901","22.1583"
"59.5000","0.9905","22.1781"
"59.5200","0.9909","22.2752"
"59.5400","0.9912","22.3555"
"59.5600","0.9915","22.3754"
"59.5800","0.9918","22.3327"
"59.6000","0.9920","22.3445"
"59.6200","0.9923","22.3111"
"59.6400","0.9926","22.3258"
"59.6600","0.9930","22.3329"
"59.6800","0.9934","22.3808"
"59.7000","0.9938","22.3209"
"59.7200","0.9941","22.2294"
"59.7400","0.9944","22.2874"
"59.7600","0.9947","22.3904"
"59.7800","0.9949","22.3990"
"59.8000","0.9952","22.3935"
"59.8200","0.9956","22.3696"
"59.8400","0.9960","22.4819"
"59.8600","0.9965","22.5620"
"59.8800","0.9969","22.4507"
"59.9000","0.9973","22.3629"
"59.9200","0.9975","22.3946"
"59.9400","0.9978","22.4742"
"59.9600","0.9980","22.4960"
"59.9800","0.9983","22.4341"
"60.0000","0.9986","22.4972"
"60.0200","0.9990","22.5480"
"60.0400","0.9993","22.5945"
"60.0600","0.9997","22.6255"
"60.0800","1.0001","22.6082"
"60.1000","1.0004","22.5849"
"60.1200","1.0007","22.5587"
"60.1400","1.0010","22.4866"
"60.1600","1.0014","22.5434"
"60.1800","1.0018","22.6075"
"60.2000","1.0022","22.6111"
"60.2200","1.0026","22.5822"
"60.2400","1.0029","22.6213"
"60.2600","1.0032","22.6003"
"60.2800","1.0034","22.5485"
"60.3000","1.0036","22.6214"
"60.3200","1.0039","22.7193"
"60.3400","1.0043","22.6673"
"60.3600","1.0046","22.6508"
"60.3800","1.0050","22.6307"
"60.4000","1.0054","22.6617"
"60.4200","1.0057","22.6464"
"60.4400","1.0060","22.5851"
"60.4600","1.0063","22.6390"
"60.4800","1.0066","22.6501"
"60.5000","1.0069","22.6886"
"60.5200","1.0073","22.7814"
"60.5400","1.0077","22.7253"
"60.5600","1.0082","22.8182"
"60.5800","1.0086","22.7427"
"60.6000","1.0089","22.7583"
"60.6200","1.0092","22.8046"
"60.6400","1.0094","22.7771"
"60.6600","1.0096","22.7849"
"60.6800","1.0099","22.7932"
"60.7000","1.0103","22.8264"
"60.7200","1.0106","22.8003"
"60.7400","1.0110","22.7917"
"60.7600","1.0114","22.7959"
"60.7800","1.0117","22.7378"
"60.8000","1.0120","22.8441"
"60.8200","1.0123","22.9246"
"60.8400","1.0127","22.9467"
"60.8600","1.0131","22.9262"
"60.8800","1.0135","22.9644"
"60.9000","1.0139","22.9412"
"60.9200","1.0142","22.9959"
"60.9400","1.0145","22.9823"
"60.9600","1.0148","22.9249"
"60.9800","1.0150","22.8012"
"61.0000","1.0153","22.8063"
"61.0200","1.0156","22.8922"
"61.0400","1.0159","22.9462"
"61.0600","1.0163","22.9362"
"61.0800","1.0167","22.9535"
"61.1000","1.0171","23.0209"
"61.1200","1.0174","23.0332"
"61.1400","1.0176","23.0476"
"61.1600","1.0179","23.0523"
"61.1800","1.0182","23.0416"
"61.2000","1.0186","23.0025"
"61.2200","1.0190","22.9995"
"61.2400","1.0195","23.0160"
"61.2600","1.0200","23.0808"
"61.2800","1.0203","23.0899"
"61.3000","1.0206","23.1011"
"61.3200","1.0208","23.0801"
"61.3400","1.0210","23.1315"
"61.3600","1.0213","23.1958"
"61.3800","1.0216","23.1386"
"61.4000","1.0219","23.1269"
"61.4200","1.0223","23.1154"
"61.4400","1.0227","23.0581"
"61.4600","1.0230","23.0910"
"61.4800","1.0233","23.1350"
"61.5000","1.0236","23.1221"
"61.5200","1.0240","23.1463"
"61.5400","1.0243","23.2218"
"61.5600","1.0248","23.1851"
"61.5800","1.0252","23.1638"
"61.6000","1.0256","23.1949"
"61.6200","1.0259","23.2380"
"61.6400","1.0261","23.2149"
"61.6600","1.0264","23.1999"
"61.6800","1.0266","23.2245"
"61.7000","1.0269","23.3093"
"61.7200","1.0273","23.3208"
"61.7400","1.0276","23.3745"
"61.7600","1.0280","23.3516"
"61.7800","1.0284","23.2971"
"61.8000","1.0288","23.3138"
"61.8200","1.0290","23.3204"
"61.8400","1.0293","23.2487"
"61.8600","1.0296","23.2892"
"61.8800","1.0299","23.3041"
"61.9000","1.0303","23.3032"
"61.9200","1.0307","23.3193"
"61.9400","1.0312","23.3999"
"61.9600","1.0316","23.4235"
"61.9800","1.0319","23.3918"
"62.0000","1.0322","23.4844"
"62.0200","1.0324","23.4209"
"62.0400","1.0326","23.3963"
"62.0600","1.0329","23.5177"
"62.0800","1.0332","23.4795"
"62.1000","1.0336","23.3892"
"62.1200","1.0340","23.3266"
"62.1400","1.0344","23.3432"
"62.1600","1.0347","23.3622"
"62.1800","1.0350","23.4196"
"62.2000","1.0353","23.4736"
"62.2200","1.0357","23.4593"
"62.2400","1.0361","23.4961"
"62.2600","1.0365","23.5144"
"62.2800","1.0369","23.5677"
"62.3000","1.0373","23.5688"
"62.3200","1.0375","23.6258"
"62.3400","1.0378","23.6340"
"62.3600","1.0380","23.5834"
"62.3800","1.0383","23.6160"
"62.4000","1.0386","23.6074"
"62.4200","1.0390","23.5707"
"62.4400","1.0394","23.5934"
"62.4600","1.0397","23.6101"
"62.4800","1.0401","23.6056"
"62.5000","1.0404","23.6445"
"62.5200","1.0406","23.5950"
"62.5400","1.0409","23.5951"
"62.5600","1.0412","23.6198"
"62.5800","1.0415","23.6643"
"62.6000","1.0420","23.6720"
"62.6200","1.0425","23.6606"
"62.6400","1.0429","23.6683"
"62.6600","1.0433","23.6547"
"62.6800","1.0436","23.6371"
"62.7000","1.0438","23.6267"
"62.7200","1.0440","23.6211"
"62.7400","1.0443","23.6047"
"62.7600","1.0446","23.7385"
"62.7800","1.0449","23.8026"
"62.8000","1.0453","23.7616"
"62.8200","1.0457","23.7738"
"62.8400","1.0461","23.7910"
"62.8600","1.0464","23.7379"
"62.8800","1.0467","23.7892"
"62.9000","1.0471","23.7949"
"62.9200","1.0475","23.8489"
"62.9400","1.0479","23.8926"
"62.9600","1.0483","23.8506"
"62.9800","1.0486","23.8444"
"63.0000","1.0489","23.8455"
"63.0200","1.0491","23.9638"
"63.0400","1.0494","23.9950"
"63.0600","1.0496","23.9558"
"63.0800","1.0499","23.8933"
"63.1000","1.0502","23.9171"
"63.1200","1.0506","23.8796"
"63.1400","1.0510","23.8530"
"63.1600","1.0514","23.9020"
"63.1800","1.0517","24.0052"
"63.2000","1.0520","24.0354"
"63.2200","1.0523","23.8759"
"63.2400","1.0526","23.9108"
"63.2600","1.0529","23.9929"
"63.2800","1.0533","24.0545"
"63.3000","1.0537","24.0439"
"63.3200","1.0542","24.0448"
"63.3400","1.0547","24.0367"
"63.3600","1.0550","24.0563"
"63.3800","1.0552","24.0721"
"63.4000","1.0555","24.0739"
"63.4200","1.0557","24.0732"
"63.4400","1.0560","24.0533"
"63.4600","1.0563","24.0035"
"63.4800","1.0566","23.9629"
"63.5000","1.0570","23.9463"
"63.5200","1.0574","24.0643"
"63.5400","1.0577","24.1884"
"63.5600","1.0580","24.2924"
"63.5800","1.0583","24.1649"
"63.6000","1.0587","24.0985"
"63.6200","1.0591","24.1380"
"63.6400","1.0595","24.1486"
"63.6600","1.0599","24.1102"
"63.6800","1.0602","24.1579"
"63.7000","1.0605","24.1734"
"63.7200","1.0607","24.1905"
"63.7400","1.0610","24.1956"
"63.7600","1.0613","24.1915"
"63.7800","1.0616","24.1988"
"63.8000","1.0619","24.2546"
"63.8200","1.0623","24.2642"
"63.8400","1.0627","24.2757"
"63.8600","1.0631","24.2329"
"63.8800","1.0634","24.2337"
"63.9000","1.0637","24.2600"
"63.9200","1.0640","24.2574"
"63.9400","1.0643","24.2459"
"63.9600","1.0646","24.2169"
"63.9800","1.0651","24.3003"
"64.0000","1.0655","24.4004"
"64.0200","1.0660","24.4034"
"64.0400","1.0663","24.3971"
"64.0600","1.0666","24.3267"
"64.0800","1.0668","24.3311"
"64.1000","1.0670","24.4360"
"64.1200","1.0673","24.5055"
"64.1400","1.0676","24.5118"
"64.1600","1.0680","24.4689"
"64.1800","1.0683","24.4867"
"64.2000","1.0687","24.4459"
"64.2200","1.0691","24.4223"
"64.2400","1.0694","24.4324"
"64.2600","1.0697","24.4631"
"64.2800","1.0700","24.4841"
"64.3000","1.0704","24.4424"
"64.3200","1.0708","24.4219"
"64.3400","1.0712","24.5184"
"64.3600","1.0715","24.6125"
"64.3800","1.0718","24.6177"
"64.4000","1.0721","24.6339"
"64.4200","1.0723","24.5733"
"64.4400","1.0726","24.5336"
"64.4600","1.0729","24.5968"
"64.4800","1.0732","24.5521"
"64.5000","1.0736","24.4744"
"64.5200","1.0740","24.5206"
"64.5400","1.0744","24.5408"
"64.5600","1.0747","24.5819"
"64.5800","1.0750","24.5807"
"64.6000","1.0753","24.5948"
"64.6200","1.0756","24.6284"
"64.6400","1.0759","24.6629"
"64.6600","1.0763","24.6888"
"64.6800","1.0767","24.7114"
"64.7000","1.0772","24.7292"
"64.7200","1.0776","24.7085"
"64.7400","1.0779","24.7665"
"64.7600","1.0781","24.7190"
"64.7800","1.0784","24.6605"
"64.8000","1.0786","24.7609"
"64.8200","1.0789","24.6969"
"64.8400","1.0792","24.7219"
"64.8600","1.0796","24.7331"
"64.8800","1.0800","24.7385"
"64.9000","1.0804","24.7069"
"64.9200","1.0807","24.7524"
"64.9400","1.0810","24.7868"
"64.9600","1.0813","24.8066"
"64.9800","1.0817","24.6833"
"65.0000","1.0821","24.7437"
"65.0200","1.0825","24.8171"
"65.0400","1.0829","24.9036"
"65.0600","1.0832","24.8925"
"65.0800","1.0835","24.7843"
"65.1000","1.0837","24.7927"
"65.1200","1.0840","24.7905"
"65.1400","1.0842","24.8036"
"65.1600","1.0846","24.8154"
"65.1800","1.0849","24.8647"
"65.2000","1.0853","24.9065"
"65.2200","1.0857","24.9497"
"65.2400","1.0860","24.8749"
"65.2600","1.0864","24.8917"
"65.2800","1.0866","24.9121"
"65.3000","1.0869","24.8597"
"65.3200","1.0872","24.8618"
"65.3400","1.0876","24.9554"
"65.3600","1.0880","25.0471"
"65.3800","1.0885","25.0910"
"65.4000","1.0890","25.0390"
"65.4200","1.0893","25.0167"
"65.4400","1.0896","25.0036"
"65.4600","1.0898","25.0240"
"65.4800","1.0900","25.0404"
"65.5000","1.0903","25.1416"
"65.5200","1.0906","25.0749"
"65.5400","1.0910","24.9664"
"65.5600","1.0914","24.9823"
"65.5800","1.0918","25.0446"
"65.6000","1.0921","25.1000"
"65.6200","1.0924","25.0973"
"65.6400","1.0927","25.0836"
"65.6600","1.0930","25.0838"
"65.6800","1.0934","25.0787"
"65.7000","1.0938","25.1222"
"65.7200","1.0942","25.1432"
"65.7400","1.0945","25.1576"
"65.7600","1.0948","25.1391"
"65.7800","1.0951","25.1374"
"65.8000","1.0953","25.1784"
"65.8200","1.0956","25.2140"
"65.8400","1.0959","25.2561"
"65.8600","1.0962","25.2381"
"65.8800","1.0966","25.2077"
"65.9000","1.0970","25.2597"
"65.9200","1.0974","25.3377"
"65.9400","1.0977","25.3001"
"65.9600","1.0980","25.3310"
"65.9800","1.0983","25.3373"
"66.0000","1.0986","25.3300"
"66.0200","1.0989","25.3246"
"66.0400","1.0993","25.2958"
"66.0600","1.0998","25.3616"
"66.0800","1.1003","25.2981"
"66.1000","1.1007","25.2927"
"66.1200","1.1009","25.3473"
"66.1400","1.1011","25.3708"
"66.1600","1.1014","25.4675"
"66.1800","1.1016","25.4177"
"66.2000","1.1019","25.4411"
"66.2200","1.1023","25.4990"
"66.2400","1.1027","25.4236"
"66.2600","1.1031","25.4049"
"66.2800","1.1034","25.4768"
"66.3000","1.1037","25.5003"
"66.3200","1.1040","25.4721"
"66.3400","1.1044","25.3859"
"66.3600","1.1047","25.3919"
"66.3800","1.1051","25.4474"
"66.4000","1.1055","25.4639"
"66.4200","1.1059","25.4285"
"66.4400","1.1062","25.4573"
"66.4600","1.1064","25.5255"
"66.4800","1.1067","25.5460"
"66.5000","1.1070","25.5255"
"66.5200","1.1073","25.4872"
"66.5400","1.1076","25.4263"
"66.5600","1.1080","25.3993"
"66.5800","1.1084","25.4660"
"66.6000","1.1087","25.5382"
"66.6200","1.1091","25.5844"
"66.6400","1.1094","25.6283"
"66.6600","1.1096","25.6491"
"66.6800","1.1099","25.6531"
"66.7000","1.1102","25.6115"
"66.7200","1.1106","25.6865"
"66.7400","1.1111","25.6232"
"66.7600","1.1116","25.5363"
"66.7800","1.1120","25.5675"
"66.8000","1.1123","25.6293"
"66.8200","1.1125","25.6536"
"66.8400","1.1127","25.7062"
"66.8600","1.1130","25.6197"
"66.8800","1.1132","25.6202"
"66.9000","1.1136","25.6285"
"66.9200","1.1140","25.6652"
"66.9400","1.1144","25.7412"
"66.9600","1.1148","25.7592"
"66.9800","1.1151","25.7717"
"67.0000","1.1154","25.7990"
"67.0200","1.1157","25.8065"
"67.0400","1.1161","25.7726"
"67.0600","1.1164","25.8283"
"67.0800","1.1168","25.8141"
"67.1000","1.1172","25.8054"
"67.1200","1.1175","25.8179"
"67.1400","1.1178","25.8470"
"67.1600","1.1181","25.8559"
"67.1800","1.1183","25.8405"
"67.2000","1.1186","25.7918"
"67.2200","1.1189","25.8172"
"67.2400","1.1193","25.8467"
"67.2600","1.1196","25.8889"
"67.2800","1.1200","25.8676"
"67.3000","1.1204","25.8410"
"67.3200","1.1207","25.8750"
"67.3400","1.1210","25.9071"
"67.3600","1.1212","25.8719"
"67.3800","1.1215","25.8903"
"67.4000","1.1219","25.8962"
"67.4200","1.1223","25.9788"
"67.4400","1.1228","26.0336"
"67.4600","1.1233","26.0096"
"67.4800","1.1237","25.9947"
"67.5000","1.1239","25.9667"
"67.5200","1.1241","26.0249"
"67.5400","1.1243","26.0179"
"67.5600","1.1246","26.0160"
"67.5800","1.1249","25.9204"
"67.6000","1.1253","25.9810"
"67.6200","1.1257","26.0380"
"67.6400","1.1261","26.1136"
"67.6600","1.1265","25.9857"
"67.6800","1.1268","25.9551"
"67.7000","1.1271","26.0581"
"67.7200","1.1274","26.0816"
"67.7400","1.1278","26.0350"
"67.7600","1.1281","26.1238"
"67.7800","1.1285","26.1351"
"67.8000","1.1289","26.1380"
"67.8200","1.1292","26.1229"
"67.8400","1.1294","26.1238"
"67.8600","1.1297","26.0876"
"67.8800","1.1300","26.1655"
"67.9000","1.1302","26.1814"
"67.9200","1.1306","26.1251"
"67.9400","1.1309","26.1276"
"67.9600","1.1313","26.1537"
"67.9800","1.1317","26.1672"
"68.0000","1.1320","26.1172"
"68.0200","1.1323","26.1420"
"68.0400","1.1326","26.1056"
"68.0600","1.1329","26.1594"
"68.0800","1.1332","26.1841"
"68.1000","1.1336","26.2892"
"68.1200","1.1341","26.3124"
"68.1400","1.1346","26.2761"
"68.1600","1.1350","26.2642"
"68.1800","1.1353","26.3024"
"68.2000","1.1355","26.3568"
"68.2200","1.1358","26.3792"
"68.2400","1.1360","26.2877"
"68.2600","1.1363","26.2931"
"68.2800","1.1366","26.2825"
"68.3000","1.1370","26.2549"
"68.3200","1.1374","26.3258"
"68.3400","1.1378","26.3532"
"68.3600","1.1381","26.2772"
"68.3800","1.1384","26.3445"
"68.4000","1.1387","26.4694"
"68.4200","1.1390","26.4015"
"68.4400","1.1394","26.4669"
"68.4600","1.1398","26.5316"
"68.4800","1.1402","26.5441"
"68.5000","1.1405","26.4602"
"68.5200","1.1408","26.3880"
"68.5400","1.1411","26.4376"
"68.5600","1.1413","26.4278"
"68.5800","1.1416","26.4103"
"68.6000","1.1419","26.5054"
"68.6200","1.1423","26.5136"
"68.6400","1.1427","26.5061"
"68.6600","1.1430","26.5599"
"68.6800","1.1434","26.5226"
"68.7000","1.1437","26.4796"
"68.7200","1.1440","26.4483"
"68.7400","1.1442","26.4711"
"68.7600","1.1446","26.4601"
"68.7800","1.1449","26.4781"
"68.8000","1.1453","26.5600"
"68.8200","1.1458","26.6110"
"68.8400","1.1463","26.6869"
"68.8600","1.1466","26.7354"
"68.8800","1.1469","26.7101"
"68.9000","1.1471","26.6412"
"68.9200","1.1473","26.6327"
"68.9400","1.1476","26.5654"
"68.9600","1.1479","26.6159"
"68.9800","1.1483","26.6764"
"69.0000","1.1487","26.6936"
"69.0200","1.1490","26.6722"
"69.0400","1.1494","26.6847"
"69.0600","1.1497","26.6445"
"69.0800","1.1500","26.7048"
"69.1000","1.1503","26.7919"
"69.1200","1.1507","26.7219"
"69.1400","1.1511","26.7490"
"69.1600","1.1515","26.7442"
"69.1800","1.1519","26.7817"
"69.2000","1.1522","26.7005"
"69.2200","1.1524","26.7293"
"69.2400","1.1527","26.7325"
"69.2600","1.1530","26.7552"
"69.2800","1.1533","26.7643"
"69.3000","1.1536","26.7185"
"69.3200","1.1540","26.7203"
"69.3400","1.1544","26.7556"
"69.3600","1.1547","26.7963"
"69.3800","1.1550","26.8972"
"69.4000","1.1553","26.9501"
"69.4200","1.1556","26.8803"
"69.4400","1.1559","26.7597"
"69.4600","1.1562","26.8495"
"69.4800","1.1566","26.8698"
"69.5000","1.1571","26.8996"
"69.5200","1.1575","26.9375"
"69.5400","1.1579","26.9548"
"69.5600","1.1582","27.0027"
"69.5800","1.1584","27.0717"
"69.6000","1.1587","27.0037"
"69.6200","1.1589","26.9787"
"69.6400","1.1592","26.9921"
"69.6600","1.1596","26.8832"
"69.6800","1.1600","26.8926"
"69.7000","1.1604","26.9193"
"69.7200","1.1607","26.9987"
"69.7400","1.1610","26.9982"
"69.7600","1.1613","26.9932"
"69.7800","1.1617","26.9868"
"69.8000","1.1620","27.0600"
"69.8200","1.1625","27.0952"
"69.8400","1.1629","27.0538"
"69.8600","1.1633","27.0273"
"69.8800","1.1636","27.0753"
"69.9000","1.1638","27.1795"
"69.9200","1.1641","27.1428"
"69.9400","1.1643","27.0583"
"69.9600","1.1646","27.0585"
"69.9800","1.1650","27.0980"
"70.0000","1.1653","27.1572"
"70.0200","1.1657","27.2308"
"70.0400","1.1661","27.2581"
"70.0600","1.1664","27.2613"
"70.0800","1.1667","27.2041"
"70.1000","1.1670","27.2376"
"70.1200","1.1672","27.2432"
"70.1400","1.1676","27.1713"
"70.1600","1.1679","27.1758"
"70.1800","1.1684","27.2585"
"70.2000","1.1688","27.2544"
"70.2200","1.1693","27.2576"
"70.2400","1.1696","27.3181"
"70.2600","1.1698","27.3814"
"70.2800","1.1701","27.3254"
"70.3000","1.1703","27.3266"
"70.3200","1.1706","27.2871"
"70.3400","1.1710","27.3001"
"70.3600","1.1714","27.3283"
"70.3800","1.1718","27.3261"
"70.4000","1.1721","27.2862"
"70.4200","1.1724","27.2975"
"70.4400","1.1727","27.3386"
"70.4600","1.1730","27.3617"
"70.4800","1.1734","27.3734"
"70.5000","1.1738","27.3340"
"70.5200","1.1742","27.4027"
"70.5400","1.1746","27.4956"
"70.5600","1.1749","27.4630"
"70.5800","1.1752","27.4186"
"70.6000","1.1755","27.4681"
"70.6200","1.1757","27.4894"
"70.6400","1.1760","27.5080"
"70.6600","1.1763","27.4794"
"70.6800","1.1766","27.3995"
"70.7000","1.1770","27.3962"
"70.7200","1.1774","27.4497"
"70.7400","1.1777","27.4654"
"70.7600","1.1780","27.4780"
"70.7800","1.1783","27.4924"
"70.8000","1.1786","27.5626"
"70.8200","1.1789","27.5315"
"70.8400","1.1792","27.4426"
"70.8600","1.1796","27.4442"
"70.8800","1.1801","27.5369"
"70.9000","1.1806","27.6000"
"70.9200","1.1810","27.6539"
"70.9400","1.1812","27.6047"
"70.9600","1.1815","27.6238"
"70.9800","1.1817","27.5933"
"71.0000","1.1820","27.5389"
"71.0200","1.1823","27.5147"
"71.0400","1.1827","27.5890"
"71.0600","1.1831","27.5798"
"71.0800","1.1834","27.5124"
"71.1000","1.1838","27.5997"
"71.1200","1.1841","27.7242"
"71.1400","1.1844","27.7725"
"71.1600","1.1847","27.7916"
"71.1800","1.1850","27.6771"
"71.2000","1.1854","27.6524"
"71.2200","1.1859","27.7065"
"71.2400","1.1862","27.6631"
"71.2600","1.1866","27.7855"
"71.2800","1.1868","27.8242"
"71.3000","1.1871","27.7125"
"71.3200","1.1873","27.7208"
"71.3400","1.1876","27.6833"
"71.3600","1.1880","27.7172"
"71.3800","1.1883","27.8352"
"71.4000","1.1887","27.8516"
"71.4200","1.1891","27.8049"
"71.4400","1.1894","27.7945"
"71.4600","1.1897","27.8588"
"71.4800","1.1899","27.8935"
"71.5000","1.1902","27.8669"
"71.5200","1.1905","27.8481"
"71.5400","1.1909","27.8171"
"71.5600","1.1913","27.8553"
"71.5800","1.1918","27.8552"
"71.6000","1.1922","27.9414"
"71.6200","1.1925","28.0007"
"71.6400","1.1928","28.0049"
"71.6600","1.1930","27.9623"
"71.6800","1.1932","27.9723"
"71.7000","1.1936","27.9682"
"71.7200","1.1939","27.9381"
"71.7400","1.1943","27.9354"
"71.7600","1.1947","27.9215"
"71.7800","1.1951","27.9233"
"71.8000","1.1954","28.0103"
"71.8200","1.1957","28.0079"
"71.8400","1.1960","27.9650"
"71.8600","1.1963","28.0168"
"71.8800","1.1967","28.0963"
"71.9000","1.1971","27.9902"
"71.9200","1.1975","28.0250"
"71.9400","1.1979","28.0251"
"71.9600","1.1982","28.0795"
"71.9800","1.1984","28.1681"
"72.0000","1.1987","28.1140"
"72.0200","1.1990","28.1035"
"72.0400","1.1993","28.2012"
"72.0600","1.1996","28.1594"
"72.0800","1.2000","28.1121"
"72.1000","1.2004","28.1827"
"72.1200","1.2007","28.2623"
"72.1400","1.2010","28.2118"
"72.1600","1.2013","28.2003"
"72.1800","1.2016","28.1512"
"72.2000","1.2019","28.2206"
"72.2200","1.2022","28.2201"
"72.2400","1.2026","28.1815"
"72.2600","1.2031","28.2212"
"72.2800","1.2035","28.2254"
"72.3000","1.2039","28.2067"
"72.3200","1.2042","28.1864"
"72.3400","1.2044","28.1800"
"72.3600","1.2047","28.2364"
"72.3800","1.2049","28.2512"
"72.4000","1.2052","28.2288"
"72.4200","1.2056","28.2828"
"72.4400","1.2060","28.2747"
"72.4600","1.2064","28.3455"
"72.4800","1.2068","28.3676"
"72.5000","1.2071","28.3083"
"72.5200","1.2074","28.3079"
"72.5400","1.2077","28.3840"
"72.5600","1.2081","28.3373"
"72.5800","1.2085","28.3991"
"72.6000","1.2089","28.4288"
"72.6200","1.2092","28.4314"
"72.6400","1.2096","28.4305"
"72.6600","1.2098","28.4369"
"72.6800","1.2101","28.4654"
"72.7000","1.2103","28.5069"
"72.7200","1.2106","28.4839"
"72.7400","1.2110","28.4846"
"72.7600","1.2113","28.4840"
"72.7800","1.2117","28.5113"
"72.8000","1.2121","28.5051"
"72.8200","1.2124","28.4851"
"72.8400","1.2127","28.4868"
"72.8600","1.2129","28.4068"
"72.8800","1.2132","28.4380"
"72.9000","1.2135","28.4736"
"72.9200","1.2139","28.4959"
"72.9400","1.2144","28.4832"
"72.9600","1.2148","28.4265"
"72.9800","1.2152","28.4306"
"73.0000","1.2156","28.5626"
"73.0200","1.2158","28.5728"
"73.0400","1.2160","28.5920"
"73.0600","1.2163","28.6585"
"73.0800","1.2166","28.6282"
"73.1000","1.2169","28.5955"
"73.1200","1.2173","28.5734"
"73.1400","1.2177","28.5747"
"73.1600","1.2181","28.6288"
"73.1800","1.2184","28.5674"
"73.2000","1.2187","28.6361"
"73.2200","1.2190","28.7449"
"73.2400","1.2194","28.7835"
"73.2600","1.2198","28.7969"
"73.2800","1.2202","28.7404"
"73.3000","1.2206","28.7142"
"73.3200","1.2209","28.7703"
"73.3400","1.2212","28.7634"
"73.3600","1.2214","28.7855"
"73.3800","1.2217","28.6920"
"73.4000","1.2219","28.7142"
"73.4200","1.2222","28.8408"
"73.4400","1.2226","28.7868"
"73.4600","1.2230","28.8531"
"73.4800","1.2234","28.8590"
"73.5000","1.2238","28.8416"
"73.5200","1.2241","28.7981"
"73.5400","1.2243","28.7709"
"73.5600","1.2246","28.7811"
"73.5800","1.2249","28.8415"
"73.6000","1.2253","28.9497"
"73.6200","1.2257","28.8895"
"73.6400","1.2262","28.8429"
"73.6600","1.2266","28.9111"
"73.6800","1.2270","28.9858"
"73.7000","1.2272","28.8835"
"73.7200","1.2275","28.8648"
"73.7400","1.2277","28.8967"
"73.7600","1.2280","28.9575"
"73.7800","1.2283","29.0027"
"73.8000","1.2287","29.0059"
"73.8200","1.2290","28.9392"
"73.8400","1.2294","28.9702"
"73.8600","1.2297","28.9303"
"73.8800","1.2300","28.9306"
"73.9000","1.2303","28.9587"
"73.9200","1.2307","28.9743"
"73.9400","1.2311","29.0134"
"73.9600","1.2315","29.0116"
"73.9800","1.2319","28.9929"
"74.0000","1.2322","28.9615"
"74.0200","1.2325","29.0185"
"74.0400","1.2328","29.0148"
"74.0600","1.2330","28.9521"
"74.0800","1.2333","29.0168"
"74.1000","1.2336","29.0685"
"74.1200","1.2339","29.0568"
"74.1400","1.2343","29.0943"
"74.1600","1.2347","29.0772"
"74.1800","1.2351","29.0776"
"74.2000","1.2354","29.1065"
"74.2200","1.2357","29.1298"
"74.2400","1.2360","29.2074"
"74.2600","1.2362","29.1600"
"74.2800","1.2366","29.1020"
"74.3000","1.2370","29.0649"
"74.3200","1.2374","29.0801"
"74.3400","1.2379","29.1492"
"74.3600","1.2383","29.1917"
"74.3800","1.2386","29.1009"
"74.4000","1.2388","29.1190"
"74.4200","1.2390","29.2038"
"74.4400","1.2393","29.2187"
"74.4600","1.2396","29.1992"
"74.4800","1.2399","29.1631"
"74.5000","1.2403","29.1717"
"74.5200","1.2407","29.2349"
"74.5400","1.2411","29.2572"
"74.5600","1.2414","29.2154"
"74.5800","1.2417","29.2375"
"74.6000","1.2420","29.3196"
"74.6200","1.2424","29.3923"
"74.6400","1.2428","29.3011"
"74.6600","1.2432","29.3466"
"74.6800","1.2436","29.4189"
"74.7000","1.2439","29.4296"
"74.7200","1.2442","29.4841"
"74.7400","1.2444","29.4741"
"74.7600","1.2447","29.4599"
"74.7800","1.2449","29.4446"
"74.8000","1.2453","29.3198"
"74.8200","1.2456","29.2884"
"74.8400","1.2460","29.2837"
"74.8600","1.2464","29.4155"
"74.8800","1.2467","29.3648"
"74.9000","1.2470","29.4057"
"74.9200","1.2473","29.4047"
"74.9400","1.2476","29.4292"
"74.9600","1.2479","29.5001"
"74.9800","1.2483","29.5528"
"75.0000","1.2487","29.5025"
"75.0200","1.2492","29.4293"
"75.0400","1.2496","29.4307"
"75.0600","1.2499","29.5015"
"75.0800","1.2502","29.6374"
"75.1000","1.2504","29.5445"
"75.1200","1.2506","29.5679"
"75.1400","1.2509","29.5732"
"75.1600","1.2513","29.5776"
"75.1800","1.2516","29.5403"
"75.2000","1.2520","29.6456"
"75.2200","1.2524","29.6338"
"75.2400","1.2527","29.6486"
"75.2600","1.2530","29.6834"
"75.2800","1.2533","29.6202"
"75.3000","1.2536","29.6632"
"75.3200","1.2540","29.6890"
"75.3400","1.2545","29.6168"
"75.3600","1.2549","29.6617"
"75.3800","1.2553","29.7269"
"75.4000","1.2556","29.7585"
"75.4200","1.2558","29.7906"
"75.4400","1.2560","29.7393"
"75.4600","1.2563","29.7309"
"75.4800","1.2566","29.7377"
"75.5000","1.2569","29.7491"
"75.5200","1.2573","29.7225"
"75.5400","1.2577","29.6512"
"75.5600","1.2581","29.6852"
"75.5800","1.2584","29.7162"
"75.6000","1.2587","29.7974"
"75.6200","1.2589","29.7363"
"75.6400","1.2592","29.7964"
"75.6600","1.2596","29.7648"
"75.6800","1.2600","29.8165"
"75.7000","1.2604","29.9028"
"75.7200","1.2609","29.8922"
"75.7400","1.2613","29.8579"
"75.7600","1.2616","29.8568"
"75.7800","1.2618","29.8509"
"75.8000","1.2621","29.9158"
"75.8200","1.2623","29.9193"
"75.8400","1.2626","29.8864"
"75.8600","1.2629","29.9476"
"75.8800","1.2633","29.9340"
"75.9000","1.2637","29.9632"
"75.9200","1.2640","29.9767"
"75.9400","1.2644","29.9583"
"75.9600","1.2647","29.9568"
"75.9800","1.2650","29.9664"
"76.0000","1.2654","29.9334"
"76.0200","1.2658","29.9495"
"76.0400","1.2662","30.0174"
"76.0600","1.2666","29.9475"
"76.0800","1.2669","29.9473"
"76.1000","1.2672","30.0290"
"76.1200","1.2674","30.0885"
"76.1400","1.2676","30.0728"
"76.1600","1.2679","30.0974"
"76.1800","1.2683","30.0952"
"76.2000","1.2686","30.0332"
"76.2200","1.2690","30.1117"
"76.2400","1.2694","30.0731"
"76.2600","1.2697","30.0430"
"76.2800","1.2700","30.1322"
"76.3000","1.2703","30.1716"
"76.3200","1.2706","30.1445"
"76.3400","1.2709","30.1632"
"76.3600","1.2713","30.1933"
"76.3800","1.2717","30.2007"
"76.4000","1.2722","30.2791"
"76.4200","1.2726","30.3116"
"76.4400","1.2730","30.1655"
"76.4600","1.2732","30.0984"
"76.4800","1.2734","30.0755"
"76.5000","1.2737","30.0627"
"76.5200","1.2739","30.1227"
"76.5400","1.2742","30.2628"
"76.5600","1.2746","30.3180"
"76.5800","1.2750","30.2623"
"76.6000","1.2754","30.3224"
"76.6200","1.2757","30.3245"
"76.6400","1.2760","30.3098"
"76.6600","1.2763","30.3563"
"76.6800","1.2766","30.3426"
"76.7000","1.2770","30.2729"
"76.7200","1.2775","30.3671"
"76.7400","1.2779","30.3838"
"76.7600","1.2782","30.3452"
"76.7800","1.2785","30.3542"
"76.8000","1.2788","30.3407"
"76.8200","1.2790","30.4097"
"76.8400","1.2793","30.3952"
"76.8600","1.2796","30.3962"
"76.8800","1.2799","30.4088"
"76.9000","1.2803","30.4100"
"76.9200","1.2807","30.4115"
"76.9400","1.2811","30.4119"
"76.9600","1.2814","30.4030"
"76.9800","1.2817","30.4261"
"77.0000","1.2819","30.5369"
"77.0200","1.2822","30.5397"
"77.0400","1.2825","30.4578"
"77.0600","1.2830","30.4282"
"77.0800","1.2834","30.4197"
"77.1000","1.2839","30.5355"
"77.1200","1.2843","30.5355"
"77.1400","1.2846","30.4425"
"77.1600","1.2848","30.4927"
"77.1800","1.2850","30.5137"
"77.2000","1.2853","30.5552"
"77.2200","1.2856","30.5724"
"77.2400","1.2859","30.5988"
"77.2600","1.2863","30.5434"
"77.2800","1.2867","30.5923"
"77.3000","1.2871","30.6267"
"77.3200","1.2874","30.6571"
"77.3400","1.2877","30.6894"
"77.3600","1.2880","30.6539"
"77.3800","1.2884","30.6384"
"77.4000","1.2888","30.5973"
"77.4200","1.2892","30.6328"
"77.4400","1.2896","30.7095"
"77.4600","1.2899","30.7243"
"77.4800","1.2902","30.6540"
"77.5000","1.2904","30.6576"
"77.5200","1.2906","30.6749"
"77.5400","1.2909","30.6663"
"77.5600","1.2913","30.6993"
"77.5800","1.2916","30.7215"
"77.6000","1.2920","30.6520"
"77.6200","1.2924","30.6545"
"77.6400","1.2927","30.7464"
"77.6600","1.2930","30.8009"
"77.6800","1.2933","30.7768"
"77.7000","1.2936","30.8288"
"77.7200","1.2939","30.7974"
"77.7400","1.2942","30.8500"
"77.7600","1.2947","30.8650"
"77.7800","1.2952","30.9334"
"77.8000","1.2957","30.8134"
"77.8200","1.2960","30.8277"
"77.8400","1.2962","30.8185"
"77.8600","1.2965","30.8762"
"77.8800","1.2967","30.8350"
"77.9000","1.2970","30.7867"
"77.9200","1.2973","30.8057"
"77.9400","1.2976","30.8400"
"77.9600","1.2980","30.9043"
"77.9800","1.2984","30.8315"
"78.0000","1.2987","30.8274"
"78.0200","1.2990","30.8479"
"78.0400","1.2993","30.9417"
"78.0600","1.2997","30.9612"
"78.0800","1.3001","30.9663"
"78.1000","1.3005","31.0459"
"78.1200","1.3009","31.0837"
"78.1400","1.3012","31.0399"
"78.1600","1.3015","31.0355"
"78.1800","1.3018","31.1107"
"78.2000","1.3020","31.0892"
"78.2200","1.3023","31.0020"
"78.2400","1.3026","31.0207"
"78.2600","1.3029","31.0288"
"78.2800","1.3033","31.0752"
"78.3000","1.3037","31.0624"
"78.3200","1.3041","31.0399"
"78.3400","1.3044","31.0103"
"78.3600","1.3047","31.0820"
"78.3800","1.3049","31.1134"
"78.4000","1.3052","31.1026"
"78.4200","1.3056","31.0784"
"78.4400","1.3060","31.1803"
"78.4600","1.3065","31.1948"
"78.4800","1.3069","31.1717"
"78.5000","1.3073","31.1623"
"78.5200","1.3076","31.2183"
"78.5400","1.3078","31.2387"
"78.5600","1.3080","31.2027"
"78.5800","1.3083","31.1419"
"78.6000","1.3086","31.1281"
"78.6200","1.3090","31.1919"
"78.6400","1.3093","31.2070"
"78.6600","1.3097","31.2807"
"78.6800","1.3101","31.2604"
"78.7000","1.3104","31.2535"
"78.7200","1.3107","31.2830"
"78.7400","1.3110","31.2437"
"78.7600","1.3114","31.2287"
"78.7800","1.3118","31.2900"
"78.8000","1.3122","31.3218"
"78.8200","1.3126","31.3597"
"78.8400","1.3129","31.3555"
"78.8600","1.3131","31.2818"
"78.8800","1.3134","31.2980"
"78.9000","1.3136","31.3646"
"78.9200","1.3139","31.3690"
"78.9400","1.3142","31.3772"
"78.9600","1.3146","31.4179"
"78.9800","1.3150","31.4320"
"79.0000","1.3154","31.4214"
"79.0200","1.3158","31.3833"
"79.0400","1.3161","31.2967"
"79.0600","1.3163","31.4058"
"79.0800","1.3166","31.4406"
"79.1000","1.3169","31.4838"
"79.1200","1.3173","31.5506"
"79.1400","1.3178","31.5006"
"79.1600","1.3182","31.4272"
"79.1800","1.3186","31.4261"
"79.2000","1.3189","31.4821"
"79.2200","1.3192","31.5425"
"79.2400","1.3194","31.5022"
"79.2600","1.3196","31.5138"
"79.2800","1.3199","31.5563"
"79.3000","1.3203","31.5588"
"79.3200","1.3206","31.5053"
"79.3400","1.3210","31.5052"
"79.3600","1.3214","31.5375"
"79.3800","1.3217","31.5682"
"79.4000","1.3220","31.6383"
"79.4200","1.3224","31.5937"
"79.4400","1.3227","31.5901"
"79.4600","1.3231","31.6766"
"79.4800","1.3235","31.7544"
"79.5000","1.3239","31.6847"
"79.5200","1.3242","31.6664"
"79.5400","1.3245","31.6707"
"79.5600","1.3247","31.5827"
"79.5800","1.3250","31.6227"
"79.6000","1.3253","31.6419"
"79.6200","1.3256","31.7380"
"79.6400","1.3259","31.7365"
"79.6600","1.3263","31.7017"
"79.6800","1.3267","31.7004"
"79.7000","1.3271","31.6772"
"79.7200","1.3274","31.7726"
"79.7400","1.3276","31.7582"
"79.7600","1.3279","31.7362"
"79.7800","1.3282","31.7275"
"79.8000","1.3286","31.7916"
"79.8200","1.3290","31.7967"
"79.8400","1.3294","31.7079"
"79.8600","1.3299","31.7426"
"79.8800","1.3303","31.8903"
"79.9000","1.3305","31.9469"
"79.9200","1.3308","31.8829"
"79.9400","1.3310","31.8376"
"79.9600","1.3313","31.8064"
"79.9800","1.3316","31.7525"
"80.0000","1.3320","31.8268"
"80.0200","1.3323","31.8643"
"80.0400","1.3327","31.8975"
"80.0600","1.3331","31.8531"
"80.0800","1.3334","31.8831"
"80.1000","1.3337","31.9623"
"80.1200","1.3340","32.0049"
"80.1400","1.3344","32.0485"
"80.1600","1.3348","32.0584"
"80.1800","1.3352","32.0692"
"80.2000","1.3355","32.0394"
"80.2200","1.3358","32.0617"
"80.2400","1.3361","32.0303"
"80.2600","1.3363","31.9700"
"80.2800","1.3366","31.9567"
"80.3000","1.3369","31.9963"
"80.3200","1.3372","31.9790"
"80.3400","1.3376","31.9853"
"80.3600","1.3380","31.9648"
"80.3800","1.3384","32.0898"
"80.4000","1.3387","32.1630"
"80.4200","1.3390","32.1300"
"80.4400","1.3393","32.0933"
"80.4600","1.3396","32.0298"
"80.4800","1.3399","32.0561"
"80.5000","1.3403","32.1149"
"80.5200","1.3408","32.1655"
"80.5400","1.3412","32.1466"
"80.5600","1.3416","32.1651"
"80.5800","1.3419","32.1628"
"80.6000","1.3421","32.1289"
"80.6200","1.3424","32.1437"
"80.6400","1.3426","32.1540"
"80.6600","1.3429","32.1390"
"80.6800","1.3433","32.1643"
"80.7000","1.3437","32.1628"
"80.7200","1.3441","32.1858"
"80.7400","1.3444","32.2373"
"80.7600","1.3448","32.2358"
"80.7800","1.3451","32.2550"
"80.8000","1.3454","32.3264"
"80.8200","1.3457","32.2711"
"80.8400","1.3461","32.2497"
"80.8600","1.3465","32.3166"
"80.8800","1.3469","32.2578"
"80.9000","1.3472","32.2946"
"80.9200","1.3475","32.3470"
"80.9400","1.3477","32.3416"
"80.9600","1.3480","32.3440"
"80.9800","1.3483","32.3197"
"81.0000","1.3486","32.3105"
"81.0200","1.3490","32.4080"
"81.0400","1.3493","32.4839"
"81.0600","1.3497","32.4308"
"81.0800","1.3501","32.4127"
"81.1000","1.3504","32.3296"
"81.1200","1.3506","32.3516"
"81.1400","1.3509","32.3632"
"81.1600","1.3512","32.3502"
"81.1800","1.3516","32.3837"
"81.2000","1.3521","32.4735"
"81.2200","1.3526","32.4627"
"81.2400","1.3530","32.4814"
"81.2600","1.3533","32.5244"
"81.2800","1.3535","32.5211"
"81.3000","1.3538","32.5687"
"81.3200","1.3540","32.5115"
"81.3400","1.3543","32.4913"
"81.3600","1.3546","32.5067"
"81.3800","1.3550","32.4874"
"81.4000","1.3554","32.5297"
"81.4200","1.3558","32.4747"
"81.4400","1.3561","32.5317"
"81.4600","1.3565","32.5351"
"81.4800","1.3568","32.5631"
"81.5000","1.3571","32.5835"
"81.5200","1.3574","32.6060"
"81.5400","1.3578","32.6373"
"81.5600","1.3582","32.6896"
"81.5800","1.3585","32.6731"
"81.6000","1.3588","32.6320"
"81.6200","1.3591","32.6485"
"81.6400","1.3593","32.6225"
"81.6600","1.3596","32.6439"
"81.6800","1.3599","32.6392"
"81.7000","1.3603","32.7200"
"81.7200","1.3606","32.8285"
"81.7400","1.3610","32.8043"
"81.7600","1.3614","32.7782"
"81.7800","1.3617","32.8475"
"81.8000","1.3620","32.8538"
"81.8200","1.3623","32.8336"
"81.8400","1.3626","32.6973"
"81.8600","1.3629","32.6826"
"81.8800","1.3633","32.7791"
"81.9000","1.3638","32.8510"
"81.9200","1.3643","32.8732"
"81.9400","1.3646","32.8680"
"81.9600","1.3649","32.9055"
"81.9800","1.3651","32.8201"
"82.0000","1.3654","32.8147"
"82.0200","1.3656","32.8472"
"82.0400","1.3659","32.8758"
"82.0600","1.3663","32.8251"
"82.0800","1.3667","32.9042"
"82.1000","1.3671","32.9392"
"82.1200","1.3675","32.8878"
"82.1400","1.3678","32.8857"
"82.1600","1.3681","32.8974"
"82.1800","1.3684","32.9923"
"82.2000","1.3687","32.9493"
"82.2200","1.3691","32.9664"
"82.2400","1.3695","32.9019"
"82.2600","1.3699","32.9471"
"82.2800","1.3702","32.9901"
"82.3000","1.3704","32.9608"
"82.3200","1.3707","32.9413"
"82.3400","1.3710","33.0282"
"82.3600","1.3712","33.0291"
"82.3800","1.3716","32.9976"
"82.4000","1.3719","33.0123"
"82.4200","1.3723","33.0267"
"82.4400","1.3727","33.0373"
"82.4600","1.3730","33.0257"
"82.4800","1.3733","33.0565"
"82.5000","1.3736","33.0863"
"82.5200","1.3739","33.0243"
"82.5400","1.3742","33.0539"
"82.5600","1.3746","33.0700"
"82.5800","1.3750","33.0605"
"82.6000","1.3755","33.0621"
"82.6200","1.3760","33.0720"
"82.6400","1.3763","33.1795"
"82.6600","1.3766","33.1603"
"82.6800","1.3768","33.1212"
"82.7000","1.3770","33.1452"
"82.7200","1.3773","33.1197"
"82.7400","1.3776","33.0928"
"82.7600","1.3780","33.1254"
"82.7800","1.3784","33.2105"
"82.8000","1.3787","33.2296"
"82.8200","1.3791","33.3457"
"82.8400","1.3794","33.2302"
"82.8600","1.3797","33.1896"
"82.8800","1.3800","33.3229"
"82.9000","1.3804","33.3084"
"82.9200","1.3808","33.2708"
"82.9400","1.3812","33.2759"
"82.9600","1.3815","33.3256"
"82.9800","1.3818","33.3231"
"83.0000","1.3821","33.2694"
"83.0200","1.3823","33.3198"
"83.0400","1.3826","33.3060"
"83.0600","1.3829","33.3980"
"83.0800","1.3833","33.4133"
"83.1000","1.3837","33.4284"
"83.1200","1.3840","33.4090"
"83.1400","1.3844","33.3918"
"83.1600","1.3847","33.4213"
"83.1800","1.3850","33.4004"
"83.2000","1.3852","33.3242"
"83.2200","1.3855","33.3599"
"83.2400","1.3859","33.3606"
"83.2600","1.3863","33.4186"
"83.2800","1.3868","33.4007"
"83.3000","1.3872","33.4185"
"83.3200","1.3876","33.4600"
"83.3400","1.3879","33.5263"
"83.3600","1.3881","33.5693"
"83.3800","1.3883","33.5225"
"83.4000","1.3886","33.4833"
"83.4200","1.3889","33.4819"
"83.4400","1.3893","33.4895"
"83.4600","1.3897","33.4799"
"83.4800","1.3900","33.4730"
"83.5000","1.3904","33.5100"
"83.5200","1.3907","33.5593"
"83.5400","1.3910","33.6530"
"83.5600","1.3913","33.6851"
"83.5800","1.3917","33.6514"
"83.6000","1.3921","33.6339"
"83.6200","1.3925","33.6981"
"83.6400","1.3929","33.6747"
"83.6600","1.3932","33.6683"
"83.6800","1.3935","33.5938"
"83.7000","1.3937","33.6153"
"83.7200","1.3940","33.6355"
"83.7400","1.3943","33.7170"
"83.7600","1.3946","33.6981"
"83.7800","1.3950","33.7272"
"83.8000","1.3953","33.7752"
"83.8200","1.3957","33.7851"
"83.8400","1.3960","33.8185"
"83.8600","1.3963","33.8225"
"83.8800","1.3966","33.7326"
"83.9000","1.3969","33.7423"
"83.9200","1.3972","33.8059"
"83.9400","1.3976","33.8141"
"83.9600","1.3981","33.7631"
"83.9800","1.3985","33.8062"
"84.0000","1.3990","33.7865"
"84.0200","1.3993","33.8164"
"84.0400","1.3995","33.8313"
"84.0600","1.3997","33.8493"
"84.0800","1.4000","33.8137"
"84.1000","1.4003","33.7118"
"84.1200","1.4006","33.7737"
"84.1400","1.4010","33.8280"
"84.1600","1.4014","33.9739"
"84.1800","1.4018","33.9882"
"84.2000","1.4021","33.9643"
"84.2200","1.4024","33.8869"
"84.2400","1.4027","33.9581"
"84.2600","1.4030","34.0002"
"84.2800","1.4034","33.9906"
"84.3000","1.4039","33.9511"
"84.3200","1.4042","33.9287"
"84.3400","1.4046","34.0002"
"84.3600","1.4048","34.0659"
"84.3800","1.4051","34.1477"
"84.4000","1.4053","34.1511"
"84.4200","1.4056","34.0146"
"84.4400","1.4060","34.0446"
"84.4600","1.4063","34.0271"
"84.4800","1.4067","33.9954"
"84.5000","1.4071","33.9532"
"84.5200","1.4074","33.9674"
"84.5400","1.4077","33.9332"
"84.5600","1.4080","33.9997"
"84.5800","1.4082","34.0378"
"84.6000","1.4086","34.0021"
"84.6200","1.4089","34.0337"
"84.6400","1.4093","34.0025"
"84.6600","1.4098","34.0079"
"84.6800","1.4102","34.0370"
"84.7000","1.4106","34.0834"
"84.7200","1.4108","34.1475"
"84.7400","1.4111","34.0627"
"84.7600","1.4113","34.0055"
"84.7800","1.4116","34.0675"
"84.8000","1.4120","34.1243"
"84.8200","1.4123","34.1763"
"84.8400","1.4127","34.2260"
"84.8600","1.4131","34.2339"
"84.8800","1.4134","34.2989"
"84.9000","1.4137","34.2964"
"84.9200","1.4140","34.2895"
"84.9400","1.4144","34.3102"
"84.9600","1.4147","34.3131"
"84.9800","1.4152","34.3406"
"85.0000","1.4156","34.3825"
"85.0200","1.4159","34.3764"
"85.0400","1.4162","34.2720"
"85.0600","1.4165","34.3002"
"85.0800","1.4167","34.3739"
"85.1000","1.4170","34.3916"
"85.1200","1.4173","34.4031"
"85.1400","1.4176","34.3778"
"85.1600","1.4180","34.3406"
"85.1800","1.4184","34.3237"
"85.2000","1.4187","34.4609"
"85.2200","1.4190","34.4119"
"85.2400","1.4193","34.3683"
"85.2600","1.4196","34.4225"
"85.2800","1.4199","34.3903"
"85.3000","1.4202","34.4266"
"85.3200","1.4206","34.4353"
"85.3400","1.4211","34.4736"
"85.3600","1.4215","34.5093"
"85.3800","1.4219","34.4808"
"85.4000","1.4222","34.4624"
"85.4200","1.4225","34.5067"
"85.4400","1.4227","34.5036"
"85.4600","1.4230","34.4405"
"85.4800","1.4233","34.4148"
"85.5000","1.4236","34.4715"
"85.5200","1.4240","34.4760"
"85.5400","1.4244","34.5400"
"85.5600","1.4248","34.5386"
"85.5800","1.4251","34.4864"
"85.6000","1.4253","34.5136"
"85.6200","1.4257","34.5462"
"85.6400","1.4260","34.6268"
"85.6600","1.4264","34.7560"
"85.6800","1.4268","34.7641"
"85.7000","1.4272","34.6446"
"85.7200","1.4276","34.5928"
"85.7400","1.4278","34.5883"
"85.7600","1.4281","34.6344"
"85.7800","1.4283","34.6432"
"85.8000","1.4286","34.6705"
"85.8200","1.4289","34.6761"
"85.8400","1.4293","34.6700"
"85.8600","1.4297","34.6905"
"85.8800","1.4301","34.6938"
"85.9000","1.4304","34.6995"
"85.9200","1.4307","34.7527"
"85.9400","1.4310","34.7382"
"85.9600","1.4312","34.7241"
"85.9800","1.4315","34.8268"
"86.0000","1.4319","34.8260"
"86.0200","1.4323","34.7732"
"86.0400","1.4328","34.7692"
"86.0600","1.4332","34.7362"
"86.0800","1.4336","34.7870"
"86.1000","1.4338","34.8435"
"86.1200","1.4340","34.8353"
"86.1400","1.4343","34.8154"
"86.1600","1.4346","34.8238"
"86.1800","1.4349","34.7957"
"86.2000","1.4353","34.8668"
"86.2200","1.4357","34.8460"
"86.2400","1.4361","34.8147"
"86.2600","1.4364","34.8165"
"86.2800","1.4367","34.8196"
"86.3000","1.4370","34.8333"
"86.3200","1.4374","34.8589"
"86.3400","1.4377","34.9241"
"86.3600","1.4381","34.9704"
"86.3800","1.4385","35.0149"
"86.4000","1.4389","35.0247"
"86.4200","1.4392","35.0784"
"86.4400","1.4395","35.0061"
"86.4600","1.4397","34.9550"
"86.4800","1.4400","34.9555"
"86.5000","1.4403","34.9330"
"86.5200","1.4407","34.9607"
"86.5400","1.4410","35.0710"
"86.5600","1.4414","35.0870"
"86.5800","1.4417","35.0442"
"86.6000","1.4420","35.0308"
"86.6200","1.4423","34.9723"
"86.6400","1.4426","34.9427"
"86.6600","1.4429","35.0143"
"86.6800","1.4432","35.0923"
"86.7000","1.4436","35.1598"
"86.7200","1.4441","35.1015"
"86.7400","1.4445","35.1664"
"86.7600","1.4449","35.2291"
"86.7800","1.4452","35.2313"
"86.8000","1.4454","35.1618"
"86.8200","1.4457","35.0948"
"86.8400","1.4459","35.0740"
"86.8600","1.4463","35.1995"
"86.8800","1.4466","35.1966"
"86.9000","1.4470","35.1841"
"86.9200","1.4474","35.1688"
"86.9400","1.4477","35.2000"
"86.9600","1.4481","35.2144"
"86.9800","1.4484","35.2356"
"87.0000","1.4487","35.2535"
"87.0200","1.4490","35.3028"
"87.0400","1.4494","35.2636"
"87.0600","1.4499","35.2924"
"87.0800","1.4502","35.2700"
"87.1000","1.4506","35.2169"
"87.1200","1.4508","35.2162"
"87.1400","1.4511","35.2995"
"87.1600","1.4513","35.3479"
"87.1800","1.4516","35.3024"
"87.2000","1.4520","35.3285"
"87.2200","1.4523","35.3310"
"87.2400","1.4527","35.3098"
"87.2600","1.4531","35.3263"
"87.2800","1.4534","35.4095"
"87.3000","1.4537","35.4327"
"87.3200","1.4540","35.3566"
"87.3400","1.4542","35.2379"
"87.3600","1.4545","35.2721"
"87.3800","1.4549","35.3365"
"87.4000","1.4553","35.3563"
"87.4200","1.4558","35.3847"
"87.4400","1.4562","35.4351"
"87.4600","1.4566","35.5288"
"87.4800","1.4568","35.5370"
"87.5000","1.4570","35.5119"
"87.5200","1.4573","35.4585"
"87.5400","1.4576","35.4882"
"87.5600","1.4579","35.4520"
"87.5800","1.4583","35.4478"
"87.6000","1.4587","35.4760"
"87.6200","1.4591","35.5620"
"87.6400","1.4594","35.5137"
"87.6600","1.4597","35.5419"
"87.6800","1.4600","35.6645"
"87.7000","1.4604","35.6389"
"87.7200","1.4607","35.6117"
"87.7400","1.4612","35.6141"
"87.7600","1.4616","35.6962"
"87.7800","1.4619","35.7153"
"87.8000","1.4622","35.6800"
"87.8200","1.4624","35.6766"
"87.8400","1.4627","35.6818"
"87.8600","1.4629","35.6188"
"87.8800","1.4632","35.6246"
"87.9000","1.4636","35.6710"
"87.9200","1.4640","35.6864"
"87.9400","1.4644","35.7126"
"87.9600","1.4648","35.7075"
"87.9800","1.4651","35.6852"
"88.0000","1.4654","35.7038"
"88.0200","1.4656","35.6621"
"88.0400","1.4659","35.6860"
"88.0600","1.4662","35.7577"
"88.0800","1.4667","35.7596"
"88.1000","1.4671","35.7672"
"88.1200","1.4676","35.7687"
"88.1400","1.4680","35.7961"
"88.1600","1.4682","35.8032"
"88.1800","1.4685","35.7901"
"88.2000","1.4687","35.7951"
"88.2200","1.4690","35.8542"
"88.2400","1.4693","35.9028"
"88.2600","1.4696","35.9403"
"88.2800","1.4700","36.0074"
"88.3000","1.4704","36.0136"
"88.3200","1.4707","35.9079"
"88.3400","1.4710","35.8598"
"88.3600","1.4713","35.8598"
"88.3800","1.4717","35.8191"
"88.4000","1.4720","35.9071"
"88.4200","1.4725","35.9872"
"88.4400","1.4729","35.9773"
"88.4600","1.4732","35.9658"
"88.4800","1.4736","35.9446"
"88.5000","1.4738","35.9996"
"88.5200","1.4740","35.9479"
"88.5400","1.4743","35.9760"
"88.5600","1.4746","36.0244"
"88.5800","1.4749","36.0180"
"88.6000","1.4753","35.9562"
"88.6200","1.4757","36.0163"
"88.6400","1.4761","36.0206"
"88.6600","1.4764","36.1290"
"88.6800","1.4767","36.2158"
"88.7000","1.4770","36.1381"
"88.7200","1.4772","36.0228"
"88.7400","1.4776","35.9657"
"88.7600","1.4779","36.0624"
"88.7800","1.4784","36.0863"
"88.8000","1.4789","36.1268"
"88.8200","1.4793","36.1663"
"88.8400","1.4796","36.1549"
"88.8600","1.4798","36.2194"
"88.8800","1.4800","36.1820"
"88.9000","1.4803","36.1389"
"88.9200","1.4806","36.1672"
"88.9400","1.4809","36.1972"
"88.9600","1.4813","36.1310"
"88.9800","1.4817","36.1227"
"89.0000","1.4821","36.1223"
"89.0200","1.4824","36.1515"
"89.0400","1.4827","36.2123"
"89.0600","1.4830","36.2791"
"89.0800","1.4834","36.2397"
"89.1000","1.4838","36.1998"
"89.1200","1.4842","36.2692"
"89.1400","1.4846","36.2600"
"89.1600","1.4849","36.2591"
"89.1800","1.4852","36.2774"
"89.2000","1.4854","36.3171"
"89.2200","1.4857","36.4219"
"89.2400","1.4860","36.3539"
"89.2600","1.4863","36.2855"
"89.2800","1.4866","36.3446"
"89.3000","1.4870","36.4371"
"89.3200","1.4874","36.4305"
"89.3400","1.4878","36.4405"
"89.3600","1.4881","36.4623"
"89.3800","1.4883","36.3982"
"89.4000","1.4886","36.3611"
"89.4200","1.4889","36.4391"
"89.4400","1.4893","36.4407"
"89.4600","1.4897","36.3927"
"89.4800","1.4902","36.3700"
"89.5000","1.4906","36.3273"
"89.5200","1.4910","36.3811"
"89.5400","1.4912","36.4266"
"89.5600","1.4914","36.5182"
"89.5800","1.4917","36.5094"
"89.6000","1.4919","36.4542"
"89.6200","1.4922","36.4430"
"89.6400","1.4926","36.4750"
"89.6600","1.4930","36.4509"
"89.6800","1.4933","36.5138"
"89.7000","1.4937","36.5247"
"89.7200","1.4940","36.6022"
"89.7400","1.4943","36.5855"
"89.7600","1.4946","36.6036"
"89.7800","1.4950","36.6023"
"89.8000","1.4955","36.5358"
"89.8200","1.4959","36.5835"
"89.8400","1.4963","36.6136"
"89.8600","1.4966","36.6240"
"89.8800","1.4968","36.6494"
"89.9000","1.4971","36.7388"
"89.9200","1.4973","36.7561"
"89.9400","1.4976","36.6887"
"89.9600","1.4979","36.6719"
"89.9800","1.4983","36.7976"
"90.0000","1.4987","36.8163"
"90.0200","1.4991","36.7574"
"90.0400","1.4994","36.7831"
"90.0600","1.4997","36.7272"
"90.0800","1.4999","36.7534"
"90.1000","1.5002","36.8019"
"90.1200","1.5005","36.7834"
"90.1400","1.5009","36.7912"
"90.1600","1.5014","36.8458"
"90.1800","1.5019","36.8779"
"90.2000","1.5023","36.8253"
"90.2200","1.5026","36.8446"
"90.2400","1.5029","36.9320"
"90.2600","1.5031","36.9557"
"90.2800","1.5033","36.8942"
"90.3000","1.5036","36.9247"
"90.3200","1.5039","36.8860"
"90.3400","1.5043","36.8162"
"90.3600","1.5047","36.8808"
"90.3800","1.5050","36.9325"
"90.4000","1.5054","37.0157"
"90.4200","1.5057","36.9691"
"90.4400","1.5060","36.9133"
"90.4600","1.5063","36.9065"
"90.4800","1.5067","36.9711"
"90.5000","1.5072","36.9839"
"90.5200","1.5076","36.9942"
"90.5400","1.5079","37.0476"
"90.5600","1.5082","37.0553"
"90.5800","1.5084","37.0590"
"90.6000","1.5086","37.0104"
"90.6200","1.5089","37.1037"
"90.6400","1.5092","37.0578"
"90.6600","1.5096","37.0257"
"90.6800","1.5100","37.0004"
"90.7000","1.5104","37.0564"
"90.7200","1.5107","36.9893"
"90.7400","1.5110","36.9872"
"90.7600","1.5113","37.0819"
"90.7800","1.5116","37.1185"
"90.8000","1.5119","37.2359"
"90.8200","1.5122","37.2113"
"90.8400","1.5127","37.0712"
"90.8600","1.5132","37.0974"
"90.8800","1.5136","37.1287"
"90.9000","1.5140","37.2017"
"90.9200","1.5142","37.2267"
"90.9400","1.5144","37.2985"
"90.9600","1.5147","37.2997"
"90.9800","1.5149","37.2409"
"91.0000","1.5152","37.1870"
"91.0200","1.5156","37.1496"
"91.0400","1.5160","37.1718"
"91.0600","1.5164","37.1345"
"91.0800","1.5167","37.1598"
"91.1000","1.5170","37.2116"
"91.1200","1.5173","37.3066"
"91.1400","1.5177","37.2198"
"91.1600","1.5180","37.2890"
"91.1800","1.5185","37.2836"
"91.2000","1.5189","37.2758"
"91.2200","1.5192","37.3294"
"91.2400","1.5195","37.3358"
"91.2600","1.5198","37.3241"
"91.2800","1.5200","37.3121"
"91.3000","1.5203","37.3042"
"91.3200","1.5206","37.3789"
"91.3400","1.5209","37.4089"
"91.3600","1.5213","37.3792"
"91.3800","1.5217","37.4115"
"91.4000","1.5221","37.4285"
"91.4200","1.5224","37.4279"
"91.4400","1.5227","37.3952"
"91.4600","1.5230","37.3153"
"91.4800","1.5232","37.3784"
"91.5000","1.5235","37.4105"
"91.5200","1.5239","37.3386"
"91.5400","1.5244","37.3993"
"91.5600","1.5249","37.4593"
"91.5800","1.5253","37.5062"
"91.6000","1.5256","37.4768"
"91.6200","1.5259","37.4224"
"91.6400","1.5261","37.4170"
"91.6600","1.5263","37.4063"
"91.6800","1.5266","37.5002"
"91.7000","1.5269","37.4882"
"91.7200","1.5273","37.5217"
"91.7400","1.5277","37.5388"
"91.7600","1.5281","37.5194"
"91.7800","1.5284","37.5528"
"91.8000","1.5287","37.5072"
"91.8200","1.5290","37.5036"
"91.8400","1.5294","37.4710"
"91.8600","1.5298","37.5583"
"91.8800","1.5302","37.6411"
"91.9000","1.5306","37.6497"
"91.9200","1.5309","37.6886"
"91.9400","1.5312","37.6817"
"91.9600","1.5314","37.5671"
"91.9800","1.5317","37.5439"
"92.0000","1.5319","37.6450"
"92.0200","1.5323","37.6383"
"92.0400","1.5326","37.6844"
"92.0600","1.5330","37.7578"
"92.0800","1.5334","37.6981"
"92.1000","1.5338","37.7107"
"92.1200","1.5341","37.7789"
"92.1400","1.5343","37.7748"
"92.1600","1.5346","37.7724"
"92.1800","1.5349","37.7791"
"92.2000","1.5352","37.8052"
"92.2200","1.5357","37.8235"
"92.2400","1.5362","37.8170"
"92.2600","1.5366","37.8384"
"92.2800","1.5370","37.8568"
"92.3000","1.5373","37.8176"
"92.3200","1.5375","37.8251"
"92.3400","1.5377","37.8185"
"92.3600","1.5380","37.7795"
"92.3800","1.5383","37.8063"
"92.4000","1.5386","37.8349"
"92.4200","1.5390","37.8695"
"92.4400","1.5394","37.7948"
"92.4600","1.5397","37.8090"
"92.4800","1.5400","37.8220"
"92.5000","1.5404","37.9124"
"92.5200","1.5407","37.9956"
"92.5400","1.5411","37.9534"
"92.5600","1.5415","37.9211"
"92.5800","1.5419","37.9015"
"92.6000","1.5423","37.8916"
"92.6200","1.5425","37.9751"
"92.6400","1.5428","37.9953"
"92.6600","1.5430","38.0028"
"92.6800","1.5433","37.9942"
"92.7000","1.5436","38.0556"
"92.7200","1.5439","37.9669"
"92.7400","1.5443","37.9236"
"92.7600","1.5447","37.9716"
"92.7800","1.5451","38.0037"
"92.8000","1.5454","38.0741"
"92.8200","1.5457","38.0662"
"92.8400","1.5459","38.0582"
"92.8600","1.5462","38.1032"
"92.8800","1.5466","38.0741"
"92.9000","1.5470","38.0987"
"92.9200","1.5474","38.1031"
"92.9400","1.5479","38.1488"
"92.9600","1.5483","38.1106"
"92.9800","1.5486","38.1093"
"93.0000","1.5488","38.1367"
"93.0200","1.5491","38.1330"
"93.0400","1.5493","38.1695"
"93.0600","1.5496","38.1287"
"93.0800","1.5499","38.0511"
"93.1000","1.5503","38.1493"
"93.1200","1.5507","38.2597"
"93.1400","1.5511","38.2318"
"93.1600","1.5514","38.2009"
"93.1800","1.5517","38.2295"
"93.2000","1.5520","38.3137"
"93.2200","1.5524","38.2858"
"93.2400","1.5527","38.2891"
"93.2600","1.5532","38.2618"
"93.2800","1.5535","38.2454"
"93.3000","1.5539","38.2397"
"93.3200","1.5541","38.3302"
"93.3400","1.5544","38.3503"
"93.3600","1.5546","38.3517"
"93.3800","1.5549","38.3719"
"93.4000","1.5552","38.3185"
"93.4200","1.5556","38.1909"
"93.4400","1.5560","38.2998"
"93.4600","1.5564","38.3631"
"93.4800","1.5567","38.3099"
"93.5000","1.5571","38.3657"
"93.5200","1.5573","38.4035"
"93.5400","1.5576","38.4557"
"93.5600","1.5579","38.4616"
"93.5800","1.5583","38.4306"
"93.6000","1.5587","38.3324"
"93.6200","1.5592","38.3612"
"93.6400","1.5596","38.3569"
"93.6600","1.5599","38.3632"
"93.6800","1.5602","38.3728"
"93.7000","1.5604","38.4694"
"93.7200","1.5606","38.5275"
"93.7400","1.5609","38.5226"
"93.7600","1.5612","38.5375"
"93.7800","1.5616","38.5299"
"93.8000","1.5620","38.6030"
"93.8200","1.5624","38.6270"
"93.8400","1.5627","38.5915"
"93.8600","1.5630","38.5296"
"93.8800","1.5634","38.5146"
"93.9000","1.5637","38.5292"
"93.9200","1.5641","38.5119"
"93.9400","1.5644","38.5110"
"93.9600","1.5648","38.5654"
"93.9800","1.5652","38.5758"
"94.0000","1.5655","38.5992"
"94.0200","1.5658","38.6492"
"94.0400","1.5660","38.6581"
"94.0600","1.5663","38.7365"
"94.0800","1.5666","38.7827"
"94.1000","1.5669","38.7356"
"94.1200","1.5673","38.7582"
"94.1400","1.5677","38.6437"
"94.1600","1.5681","38.5853"
"94.1800","1.5684","38.6452"
"94.2000","1.5687","38.7054"
"94.2200","1.5689","38.6826"
"94.2400","1.5692","38.7544"
"94.2600","1.5696","38.7618"
"94.2800","1.5700","38.6882"
"94.3000","1.5704","38.7150"
"94.3200","1.5709","38.7192"
"94.3400","1.5713","38.8357"
"94.3600","1.5716","38.8706"
"94.3800","1.5718","38.8369"
"94.4000","1.5720","38.8608"
"94.4200","1.5723","38.8938"
"94.4400","1.5726","38.8780"
"94.4600","1.5730","38.9097"
"94.4800","1.5733","38.9108"
"94.5000","1.5737","38.8743"
"94.5200","1.5741","38.8962"
"94.5400","1.5744","38.9314"
"94.5600","1.5747","38.9754"
"94.5800","1.5750","38.9660"
"94.6000","1.5754","38.9526"
"94.6200","1.5758","38.9709"
"94.6400","1.5762","38.9775"
"94.6600","1.5766","38.9649"
"94.6800","1.5769","39.0035"
"94.7000","1.5771","39.0004"
"94.7200","1.5774","38.9515"
"94.7400","1.5776","39.0007"
"94.7600","1.5779","38.9689"
"94.7800","1.5782","39.1203"
"94.8000","1.5786","39.1108"
"94.8200","1.5790","39.0907"
"94.8400","1.5794","39.0196"
"94.8600","1.5797","39.0026"
"94.8800","1.5800","39.0415"
"94.9000","1.5803","39.1011"
"94.9200","1.5806","39.0595"
"94.9400","1.5809","38.9935"
"94.9600","1.5813","39.0555"
"94.9800","1.5818","39.2066"
"95.0000","1.5823","39.2071"
"95.0200","1.5827","39.0863"
"95.0400","1.5830","39.0783"
"95.0600","1.5832","39.1706"
"95.0800","1.5834","39.1383"
"95.1000","1.5836","39.0715"
"95.1200","1.5839","39.1173"
"95.1400","1.5843","39.2169"
"95.1600","1.5847","39.2865"
"95.1800","1.5851","39.3019"
"95.2000","1.5854","39.2335"
"95.2200","1.5858","39.1758"
"95.2400","1.5861","39.2035"
"95.2600","1.5864","39.3065"
"95.2800","1.5867","39.3511"
"95.3000","1.5871","39.3178"
"95.3200","1.5875","39.2625"
"95.3400","1.5879","39.3007"
"95.3600","1.5882","39.2768"
"95.3800","1.5885","39.2838"
"95.4000","1.5887","39.2117"
"95.4200","1.5890","39.2653"
"95.4400","1.5893","39.2130"
"95.4600","1.5896","39.2090"
"95.4800","1.5899","39.2365"
"95.5000","1.5903","39.2220"
"95.5200","1.5907","39.2816"
"95.5400","1.5911","39.3437"
"95.5600","1.5914","39.3837"
"95.5800","1.5916","39.3464"
"95.6000","1.5919","39.4063"
"95.6200","1.5922","39.4874"
"95.6400","1.5926","39.4801"
"95.6600","1.5930","39.3985"
"95.6800","1.5935","39.3673"
"95.7000","1.5940","39.3940"
"95.7200","1.5943","39.3930"
"95.7400","1.5945","39.4798"
"95.7600","1.5948","39.5248"
"95.7800","1.5950","39.5144"
"95.8000","1.5952","39.5497"
"95.8200","1.5956","39.5962"
"95.8400","1.5959","39.5257"
"95.8600","1.5963","39.5399"
"95.8800","1.5967","39.4549"
"95.9000","1.5971","39.5286"
"95.9200","1.5974","39.6357"
"95.9400","1.5977","39.6723"
"95.9600","1.5981","39.7016"
"95.9800","1.5984","39.6937"
"96.0000","1.5988","39.6938"
"96.0200","1.5992","39.6993"
"96.0400","1.5995","39.6317"
"96.0600","1.5998","39.5971"
"96.0800","1.6001","39.5971"
"96.1000","1.6003","39.6495"
"96.1200","1.6006","39.7075"
"96.1400","1.6009","39.6044"
"96.1600","1.6012","39.5794"
"96.1800","1.6016","39.6177"
"96.2000","1.6020","39.6852"
"96.2200","1.6024","39.7801"
"96.2400","1.6027","39.8394"
"96.2600","1.6030","39.8859"
"96.2800","1.6033","39.7885"
"96.3000","1.6036","39.6964"
"96.3200","1.6039","39.7763"
"96.3400","1.6043","39.8558"
"96.3600","1.6048","39.7861"
"96.3800","1.6053","39.9018"
"96.4000","1.6057","39.9432"
"96.4200","1.6060","39.9590"
"96.4400","1.6062","39.9388"
"96.4600","1.6064","39.8948"
"96.4800","1.6066","39.8919"
"96.5000","1.6069","39.8242"
"96.5200","1.6073","39.8349"
"96.5400","1.6077","39.8764"
"96.5600","1.6081","39.9758"
"96.5800","1.6084","39.9111"
"96.6000","1.6088","39.7988"
"96.6200","1.6091","39.8246"
"96.6400","1.6094","39.8683"
"96.6600","1.6097","40.0144"
"96.6800","1.6101","40.0721"
"96.7000","1.6105","40.0100"
"96.7200","1.6109","40.0388"
"96.7400","1.6112","40.0304"
"96.7600","1.6115","39.9995"
"96.7800","1.6117","40.0217"
"96.8000","1.6120","40.0248"
"96.8200","1.6122","40.0521"
"96.8400","1.6126","40.1547"
"96.8600","1.6129","40.1076"
"96.8800","1.6133","39.9688"
"96.9000","1.6137","39.9426"
"96.9200","1.6140","40.0158"
"96.9400","1.6143","40.0275"
"96.9600","1.6146","40.1054"
"96.9800","1.6149","40.1705"
"97.0000","1.6152","40.0766"
"97.0200","1.6155","40.0445"
"97.0400","1.6160","40.0125"
"97.0600","1.6165","40.0606"
"97.0800","1.6170","40.1470"
"97.1000","1.6173","40.1751"
"97.1200","1.6176","40.1146"
"97.1400","1.6178","40.1348"
"97.1600","1.6180","40.1877"
"97.1800","1.6183","40.1802"
"97.2000","1.6186","40.2471"
"97.2200","1.6190","40.2196"
"97.2400","1.6194","40.1900"
"97.2600","1.6197","40.2099"
"97.2800","1.6201","40.2474"
"97.3000","1.6204","40.2759"
"97.3200","1.6207","40.2320"
"97.3400","1.6210","40.2598"
"97.3600","1.6214","40.2587"
"97.3800","1.6218","40.2518"
"97.4000","1.6222","40.3150"
"97.4200","1.6225","40.3008"
"97.4400","1.6228","40.2296"
"97.4600","1.6231","40.2772"
"97.4800","1.6234","40.2704"
"97.5000","1.6236","40.3376"
"97.5200","1.6239","40.3863"
"97.5400","1.6243","40.3996"
"97.5600","1.6247","40.3699"
"97.5800","1.6250","40.3608"
"97.6000","1.6254","40.3573"
"97.6200","1.6257","40.3978"
"97.6400","1.6260","40.3735"
"97.6600","1.6263","40.3807"
"97.6800","1.6266","40.3867"
"97.7000","1.6269","40.3960"
"97.7200","1.6273","40.4403"
"97.7400","1.6278","40.4053"
"97.7600","1.6282","40.3892"
"97.7800","1.6286","40.3109"
"97.8000","1.6289","40.3425"
"97.8200","1.6292","40.4163"
"97.8400","1.6294","40.4429"
"97.8600","1.6296","40.4741"
"97.8800","1.6299","40.5202"
"97.9000","1.6303","40.5675"
"97.9200","1.6307","40.6335"
"97.9400","1.6310","40.5960"
"97.9600","1.6314","40.6027"
"97.9800","1.6317","40.5741"
"98.0000","1.6320","40.6281"
"98.0200","1.6323","40.6632"
"98.0400","1.6327","40.5929"
"98.0600","1.6331","40.4743"
"98.0800","1.6335","40.5769"
"98.1000","1.6339","40.6493"
"98.1200","1.6342","40.6908"
"98.1400","1.6345","40.6527"
"98.1600","1.6347","40.6397"
"98.1800","1.6350","40.6626"
"98.2000","1.6353","40.7094"
"98.2200","1.6356","40.7230"
"98.2400","1.6359","40.6895"
"98.2600","1.6363","40.6776"
"98.2800","1.6367","40.6280"
"98.3000","1.6370","40.6332"
"98.3200","1.6373","40.7480"
"98.3400","1.6376","40.7664"
"98.3600","1.6379","40.8138"
"98.3800","1.6382","40.7604"
"98.4000","1.6386","40.7383"
"98.4200","1.6390","40.8276"
"98.4400","1.6395","40.8216"
"98.4600","1.6399","40.8901"
"98.4800","1.6403","40.8149"
"98.5000","1.6405","40.7684"
"98.5200","1.6407","40.8479"
"98.5400","1.6410","40.8904"
"98.5600","1.6413","40.8053"
"98.5800","1.6416","40.8777"
"98.6000","1.6420","40.8400"
"98.6200","1.6424","40.8497"
"98.6400","1.6428","40.8664"
"98.6600","1.6431","40.8729"
"98.6800","1.6434","40.8887"
"98.7000","1.6437","40.8758"
"98.7200","1.6440","40.8366"
"98.7400","1.6444","40.9561"
"98.7600","1.6448","40.9846"
"98.7800","1.6452","40.9819"
"98.8000","1.6456","40.9728"
"98.8200","1.6459","40.9076"
"98.8400","1.6461","40.9715"
"98.8600","1.6464","41.0448"
"98.8800","1.6466","40.9992"
"98.9000","1.6469","41.0069"
"98.9200","1.6473","40.9903"
"98.9400","1.6477","41.0439"
"98.9600","1.6481","41.1128"
"98.9800","1.6484","41.1559"
"99.0000","1.6487","41.0671"
"99.0200","1.6490","41.0357"
"99.0400","1.6492","41.1111"
"99.0600","1.6496","41.1469"
"99.0800","1.6499","41.1446"
"99.1000","1.6503","41.0921"
"99.1200","1.6508","41.0604"
"99.1400","1.6512","41.1154"
"99.1600","1.6516","41.1095"
"99.1800","1.6519","41.1071"
"99.2000","1.6521","41.1351"
"99.2200","1.6523","41.2013"
"99.2400","1.6526","41.1822"
"99.2600","1.6529","41.1125"
"99.2800","1.6533","41.1004"
"99.3000","1.6537","41.2096"
"99.3200","1.6541","41.1453"
"99.3400","1.6544","41.1301"
"99.3600","1.6547","41.1731"
"99.3800","1.6550","41.2656"
"99.4000","1.6553","41.2983"
"99.4200","1.6557","41.2923"
"99.4400","1.6561","41.3258"
"99.4600","1.6565","41.3331"
"99.4800","1.6569","41.3364"
"99.5000","1.6573","41.2971"
"99.5200","1.6575","41.2416"
"99.5400","1.6578","41.2501"
"99.5600","1.6580","41.3025"
"99.5800","1.6583","41.2285"
"99.6000","1.6586","41.2321"
"99.6200","1.6590","41.2565"
"99.6400","1.6594","41.3401"
"99.6600","1.6597","41.3540"
"99.6800","1.6601","41.3645"
"99.7000","1.6604","41.3757"
"99.7200","1.6606","41.3637"
"99.7400","1.6609","41.4667"
"99.7600","1.6612","41.4859"
"99.7800","1.6616","41.4476"
"99.8000","1.6621","41.4890"
"99.8200","1.6625","41.6196"
"99.8400","1.6629","41.6058"
"99.8600","1.6633","41.5441"
"99.8800","1.6635","41.4856"
"99.9000","1.6637","41.4820"
"99.9200","1.6640","41.5448"
"99.9400","1.6643","41.5979"
"99.9600","1.6646","41.5698"
"99.9800","1.6650","41.4887"
"100.0000","1.6654","41.4609"
"100.0200","1.6658","41.5358"
"100.0400","1.6661","41.6051"
"100.0600","1.6664","41.5434"
"100.0800","1.6667","41.4808"
"100.1000","1.6670","41.5333"
"100.1200","1.6674","41.5967"
"100.1400","1.6678","41.6278"
"100.1600","1.6682","41.6151"
"100.1800","1.6686","41.5860"
"100.2000","1.6689","41.5629"
"100.2200","1.6691","41.4923"
"100.2400","1.6694","41.5084"
"100.2600","1.6696","41.5460"
"100.2800","1.6700","41.5922"
"100.3000","1.6703","41.6369"
"100.3200","1.6707","41.6504"
"100.3400","1.6711","41.6302"
"100.3600","1.6714","41.6516"
"100.3800","1.6717","41.6705"
"100.4000","1.6720","41.6696"
"100.4200","1.6722","41.6525"
"100.4400","1.6725","41.7038"
"100.4600","1.6729","41.6771"
"100.4800","1.6733","41.6518"
"100.5000","1.6738","41.7425"
"100.5200","1.6742","41.7918"
"100.5400","1.6746","41.8277"
"100.5600","1.6748","41.8919"
"100.5800","1.6751","41.7664"
"100.6000","1.6753","41.7985"
"100.6200","1.6756","41.8180"
"100.6400","1.6759","41.8107"
"100.6600","1.6763","41.7611"
"100.6800","1.6767","41.7682"
"100.7000","1.6771","41.8003"
"100.7200","1.6774","41.7820"
"100.7400","1.6777","41.8351"
"100.7600","1.6780","41.8920"
"100.7800","1.6783","41.8960"
"100.8000","1.6787","41.9758"
"100.8200","1.6791","42.0108"
"100.8400","1.6795","42.0637"
"100.8600","1.6799","42.0725"
"100.8800","1.6802","42.0185"
"100.9000","1.6805","42.0044"
"100.9200","1.6807","41.9298"
"100.9400","1.6810","41.9543"
"100.9600","1.6813","41.9623"
"100.9800","1.6816","41.9827"
"101.0000","1.6820","41.9701"
"101.0200","1.6824","42.0795"
"101.0400","1.6827","42.1401"
"101.0600","1.6831","42.1102"
"101.0800","1.6833","42.0863"
"101.1000","1.6836","42.0910"
"101.1200","1.6839","42.0046"
"101.1400","1.6842","42.0075"
"101.1600","1.6846","42.0946"
"101.1800","1.6850","42.0783"
"101.2000","1.6855","42.1022"
"101.2200","1.6859","42.1569"
"101.2400","1.6862","42.1053"
"101.2600","1.6864","42.1318"
"101.2800","1.6867","42.1684"
"101.3000","1.6869","42.1094"
"101.3200","1.6872","42.1393"
"101.3400","1.6876","42.2270"
"101.3600","1.6880","42.2442"
"101.3800","1.6884","42.1772"
"101.4000","1.6887","42.1384"
"101.4200","1.6891","42.2073"
"101.4400","1.6894","42.2257"
"101.4600","1.6897","42.2272"
"101.4800","1.6900","42.2996"
"101.5000","1.6904","42.2851"
"101.5200","1.6908","42.2994"
"101.5400","1.6912","42.2967"
"101.5600","1.6916","42.3063"
"101.5800","1.6918","42.3074"
"101.6000","1.6921","42.2699"
"101.6200","1.6923","42.2976"
"101.6400","1.6926","42.2634"
"101.6600","1.6929","42.2743"
"101.6800","1.6933","42.2894"
"101.7000","1.6937","42.3568"
"101.7200","1.6941","42.3374"
"101.7400","1.6944","42.3093"
"101.7600","1.6947","42.3444"
"101.7800","1.6950","42.3819"
"101.8000","1.6952","42.4099"
"101.8200","1.6955","42.3636"
"101.8400","1.6959","42.4272"
"101.8600","1.6963","42.4161"
"101.8800","1.6968","42.5245"
"101.9000","1.6972","42.4967"
"101.9200","1.6976","42.4328"
"101.9400","1.6978","42.4822"
"101.9600","1.6981","42.4856"
"101.9800","1.6983","42.4152"
"102.0000","1.6986","42.4252"
"102.0200","1.6989","42.4480"
"102.0400","1.6993","42.4686"
"102.0600","1.6997","42.5616"
"102.0800","1.7001","42.5868"
"102.1000","1.7004","42.5730"
"102.1200","1.7007","42.5037"
"102.1400","1.7010","42.4862"
"102.1600","1.7013","42.5490"
"102.1800","1.7017","42.5495"
"102.2000","1.7021","42.5603"
"102.2200","1.7026","42.5446"
"102.2400","1.7029","42.5148"
"102.2600","1.7032","42.4931"
"102.2800","1.7035","42.6103"
"102.3000","1.7037","42.6741"
"102.3200","1.7040","42.6767"
"102.3400","1.7043","42.5914"
"102.3600","1.7046","42.5760"
"102.3800","1.7050","42.5499"
"102.4000","1.7054","42.5782"
"102.4200","1.7058","42.6464"
"102.4400","1.7061","42.6540"
"102.4600","1.7064","42.6592"
"102.4800","1.7066","42.7614"
"102.5000","1.7069","42.7304"
"102.5200","1.7072","42.6707"
"102.5400","1.7076","42.6644"
"102.5600","1.7081","42.6395"
"102.5800","1.7086","42.6346"
"102.6000","1.7090","42.6994"
"102.6200","1.7093","42.7240"
"102.6400","1.7095","42.7551"
"102.6600","1.7097","42.7872"
"102.6800","1.7100","42.8301"
"102.7000","1.7103","42.7681"
"102.7200","1.7106","42.8156"
"102.7400","1.7110","42.8277"
"102.7600","1.7114","42.7766"
"102.7800","1.7118","42.7665"
"102.8000","1.7121","42.7738"
"102.8200","1.7124","42.8177"
"102.8400","1.7127","42.8709"
"102.8600","1.7130","42.9064"
"102.8800","1.7135","42.8790"
"102.9000","1.7139","42.8141"
"102.9200","1.7143","42.8937"
"102.9400","1.7146","42.9222"
"102.9600","1.7148","42.9606"
"102.9800","1.7151","42.9483"
"103.0000","1.7153","43.0133"
"103.0200","1.7156","42.9537"
"103.0400","1.7159","42.9656"
"103.0600","1.7163","43.0007"
"103.0800","1.7167","43.0152"
"103.1000","1.7171","43.0764"
"103.1200","1.7174","43.0213"
"103.1400","1.7177","42.9252"
"103.1600","1.7180","42.9538"
"103.1800","1.7183","43.0473"
"103.2000","1.7186","43.1267"
"103.2200","1.7190","43.0739"
"103.2400","1.7194","43.0361"
"103.2600","1.7198","43.0840"
"103.2800","1.7203","43.0637"
"103.3000","1.7206","43.1282"
"103.3200","1.7208","43.0880"
"103.3400","1.7211","43.0585"
"103.3600","1.7213","43.0679"
"103.3800","1.7216","43.1449"
"103.4000","1.7219","43.2519"
"103.4200","1.7223","43.2170"
"103.4400","1.7227","43.1204"
"103.4600","1.7231","43.1282"
"103.4800","1.7234","43.0926"
"103.5000","1.7237","43.1098"
"103.5200","1.7240","43.1884"
"103.5400","1.7244","43.1975"
"103.5600","1.7248","43.1907"
"103.5800","1.7252","43.2513"
"103.6000","1.7256","43.3879"
"103.6200","1.7259","43.3715"
"103.6400","1.7262","43.2686"
"103.6600","1.7265","43.1991"
"103.6800","1.7267","43.2140"
"103.7000","1.7270","43.2624"
"103.7200","1.7273","43.2327"
"103.7400","1.7276","43.2326"
"103.7600","1.7280","43.3041"
"103.7800","1.7284","43.3438"
"103.8000","1.7288","43.3190"
"103.8200","1.7291","43.2818"
"103.8400","1.7293","43.2916"
"103.8600","1.7296","43.3350"
"103.8800","1.7299","43.3623"
"103.9000","1.7302","43.3653"
"103.9200","1.7307","43.3777"
"103.9400","1.7311","43.4876"
"103.9600","1.7316","43.4688"
"103.9800","1.7320","43.4387"
"104.0000","1.7322","43.4219"
"104.0200","1.7325","43.4288"
"104.0400","1.7327","43.4204"
"104.0600","1.7330","43.4098"
"104.0800","1.7332","43.4088"
"104.1000","1.7336","43.4726"
"104.1200","1.7340","43.5197"
"104.1400","1.7343","43.4971"
"104.1600","1.7347","43.5406"
"104.1800","1.7350","43.5885"
"104.2000","1.7353","43.5710"
"104.2200","1.7356","43.5351"
"104.2400","1.7360","43.5954"
"104.2600","1.7364","43.6109"
"104.2800","1.7368","43.6150"
"104.3000","1.7372","43.5469"
"104.3200","1.7376","43.4171"
"104.3400","1.7378","43.5090"
"104.3600","1.7381","43.5900"
"104.3800","1.7383","43.5834"
"104.4000","1.7386","43.5569"
"104.4200","1.7389","43.6225"
"104.4400","1.7393","43.5999"
"104.4600","1.7397","43.6884"
"104.4800","1.7401","43.7124"
"104.5000","1.7404","43.6339"
"104.5200","1.7407","43.5896"
"104.5400","1.7410","43.6855"
"104.5600","1.7412","43.6688"
"104.5800","1.7415","43.7441"
"104.6000","1.7419","43.7967"
"104.6200","1.7424","43.7438"
"104.6400","1.7428","43.7402"
"104.6600","1.7433","43.7689"
"104.6800","1.7436","43.7992"
"104.7000","1.7439","43.7644"
"104.7200","1.7441","43.7271"
"104.7400","1.7443","43.7680"
"104.7600","1.7446","43.7660"
"104.7800","1.7449","43.7436"
"104.8000","1.7453","43.7550"
"104.8200","1.7456","43.7515"
"104.8400","1.7460","43.7878"
"104.8600","1.7464","43.7617"
"104.8800","1.7467","43.8071"
"104.9000","1.7470","43.8279"
"104.9200","1.7473","43.7833"
"104.9400","1.7477","43.8414"
"104.9600","1.7481","43.8668"
"104.9800","1.7485","43.8438"
"105.0000","1.7489","43.8592"
"105.0200","1.7492","43.8934"
"105.0400","1.7494","43.8749"
"105.0600","1.7497","43.8789"
"105.0800","1.7499","43.8267"
"105.1000","1.7503","43.8383"
"105.1200","1.7506","43.9530"
"105.1400","1.7510","44.0111"
"105.1600","1.7514","44.0193"
"105.1800","1.7517","43.9855"
"105.2000","1.7521","43.9938"
"105.2200","1.7523","43.9966"
"105.2400","1.7526","43.9736"
"105.2600","1.7529","44.0128"
"105.2800","1.7532","43.9426"
"105.3000","1.7537","44.0106"
"105.3200","1.7541","43.9947"
"105.3400","1.7546","44.0294"
"105.3600","1.7550","44.0839"
"105.3800","1.7553","44.0945"
"105.4000","1.7555","44.0139"
"105.4200","1.7557","44.0221"
"105.4400","1.7559","44.0320"
"105.4600","1.7562","44.0953"
"105.4800","1.7566","44.1314"
"105.5000","1.7570","44.1633"
"105.5200","1.7574","44.1431"
"105.5400","1.7577","44.0628"
"105.5600","1.7580","44.1001"
"105.5800","1.7583","44.1237"
"105.6000","1.7587","44.1294"
"105.6200","1.7590","44.1770"
"105.6400","1.7594","44.2737"
"105.6600","1.7599","44.2733"
"105.6800","1.7602","44.1888"
"105.7000","1.7605","44.1771"
"105.7200","1.7608","44.2661"
"105.7400","1.7610","44.2442"
"105.7600","1.7613","44.2809"
"105.7800","1.7616","44.2702"
"105.8000","1.7619","44.3415"
"105.8200","1.7623","44.3143"
"105.8400","1.7627","44.2682"
"105.8600","1.7631","44.2592"
"105.8800","1.7634","44.2940"
"105.9000","1.7637","44.3173"
"105.9200","1.7640","44.3509"
"105.9400","1.7642","44.3078"
"105.9600","1.7645","44.2192"
"105.9800","1.7649","44.2537"
"106.0000","1.7654","44.2935"
"106.0200","1.7659","44.3871"
"106.0400","1.7663","44.3912"
"106.0600","1.7666","44.3563"
"106.0800","1.7669","44.2995"
"106.1000","1.7671","44.2872"
"106.1200","1.7673","44.3915"
"106.1400","1.7676","44.3719"
"106.1600","1.7679","44.4293"
"106.1800","1.7683","44.3860"
"106.2000","1.7687","44.4715"
"106.2200","1.7691","44.5191"
"106.2400","1.7694","44.4978"
"106.2600","1.7697","44.4059"
"106.2800","1.7700","44.4000"
"106.3000","1.7704","44.4038"
"106.3200","1.7708","44.5001"
"106.3400","1.7712","44.5276"
"106.3600","1.7716","44.4922"
"106.3800","1.7719","44.4838"
"106.4000","1.7722","44.4428"
"106.4200","1.7724","44.5190"
"106.4400","1.7727","44.5120"
"106.4600","1.7729","44.4861"
"106.4800","1.7732","44.5469"
"106.5000","1.7736","44.6037"
"106.5200","1.7740","44.6718"
"106.5400","1.7744","44.6932"
"106.5600","1.7747","44.6715"
"106.5800","1.7751","44.5643"
"106.6000","1.7753","44.6625"
"106.6200","1.7756","44.7218"
"106.6400","1.7759","44.6655"
"106.6600","1.7762","44.5996"
"106.6800","1.7766","44.6053"
"106.7000","1.7771","44.6176"
"106.7200","1.7776","44.6449"
"106.7400","1.7780","44.6735"
"106.7600","1.7783","44.7133"
"106.7800","1.7785","44.7380"
"106.8000","1.7787","44.7554"
"106.8200","1.7790","44.7952"
"106.8400","1.7793","44.8383"
"106.8600","1.7796","44.7873"
"106.8800","1.7800","44.6989"
"106.9000","1.7804","44.7339"
"106.9200","1.7807","44.8315"
"106.9400","1.7810","44.8477"
"106.9600","1.7813","44.8544"
"106.9800","1.7817","44.7802"
"107.0000","1.7820","44.7546"
"107.0200","1.7824","44.7372"
"107.0400","1.7829","44.8222"
"107.0600","1.7832","44.9365"
"107.0800","1.7836","44.8825"
"107.1000","1.7838","44.7944"
"107.1200","1.7841","44.9004"
"107.1400","1.7843","44.9014"
"107.1600","1.7846","44.8682"
"107.1800","1.7849","44.8265"
"107.2000","1.7853","44.9256"
"107.2200","1.7857","44.9599"
"107.2400","1.7861","44.9476"
"107.2600","1.7864","44.9271"
"107.2800","1.7867","44.8953"
"107.3000","1.7870","44.8606"
"107.3200","1.7872","44.8999"
"107.3400","1.7876","44.9814"
"107.3600","1.7879","45.0193"
"107.3800","1.7884","45.0053"
"107.4000","1.7889","45.0078"
"107.4200","1.7893","45.0414"
"107.4400","1.7896","45.0685"
"107.4600","1.7898","45.0370"
"107.4800","1.7901","44.9854"
"107.5000","1.7903","45.0174"
"107.5200","1.7906","44.9882"
"107.5400","1.7909","45.0698"
"107.5600","1.7913","45.1656"
"107.5800","1.7917","45.1649"
"107.6000","1.7921","45.1843"
"107.6200","1.7924","45.1099"
"107.6400","1.7927","45.0500"
"107.6600","1.7930","45.1138"
"107.6800","1.7934","45.1386"
"107.7000","1.7937","45.1889"
"107.7200","1.7942","45.1789"
"107.7400","1.7945","45.2540"
"107.7600","1.7949","45.2309"
"107.7800","1.7952","45.1381"
"107.8000","1.7954","45.0794"
"107.8200","1.7957","45.1345"
"107.8400","1.7959","45.1987"
"107.8600","1.7962","45.1379"
"107.8800","1.7966","45.1789"
"107.9000","1.7970","45.2263"
"107.9200","1.7974","45.2420"
"107.9400","1.7978","45.2673"
"107.9600","1.7981","45.2312"
"107.9800","1.7983","45.3137"
"108.0000","1.7986","45.3160"
"108.0200","1.7989","45.3266"
"108.0400","1.7993","45.2528"
"108.0600","1.7997","45.3174"
"108.0800","1.8001","45.3922"
"108.1000","1.8006","45.4117"
"108.1200","1.8009","45.3574"
"108.1400","1.8012","45.3399"
"108.1600","1.8014","45.3497"
"108.1800","1.8017","45.4299"
"108.2000","1.8019","45.4897"
"108.2200","1.8023","45.5194"
"108.2400","1.8026","45.3714"
"108.2600","1.8030","45.3336"
"108.2800","1.8034","45.3087"
"108.3000","1.8037","45.3747"
"108.3200","1.8041","45.4412"
"108.3400","1.8044","45.4244"
"108.3600","1.8047","45.3275"
"108.3800","1.8051","45.3352"
"108.4000","1.8055","45.4541"
"108.4200","1.8059","45.4142"
"108.4400","1.8062","45.4534"
"108.4600","1.8065","45.4777"
"108.4800","1.8068","45.5012"
"108.5000","1.8070","45.4429"
"108.5200","1.8073","45.3812"
"108.5400","1.8076","45.4060"
"108.5600","1.8079","45.4944"
"108.5800","1.8083","45.4899"
"108.6000","1.8087","45.5017"
"108.6200","1.8091","45.5632"
"108.6400","1.8094","45.5097"
"108.6600","1.8097","45.4244"
"108.6800","1.8100","45.4729"
"108.7000","1.8102","45.5160"
"108.7200","1.8106","45.5644"
"108.7400","1.8109","45.6376"
"108.7600","1.8114","45.6680"
"108.7800","1.8119","45.5804"
"108.8000","1.8123","45.5612"
"108.8200","1.8126","45.6123"
"108.8400","1.8128","45.6611"
"108.8600","1.8130","45.6335"
"108.8800","1.8133","45.6722"
"108.9000","1.8136","45.6990"
"108.9200","1.8139","45.6881"
"108.9400","1.8143","45.6126"
"108.9600","1.8147","45.6639"
"108.9800","1.8151","45.7195"
"109.0000","1.8154","45.7829"
"109.0200","1.8157","45.7971"
"109.0400","1.8160","45.8038"
"109.0600","1.8164","45.7459"
"109.0800","1.8168","45.6870"
"109.1000","1.8172","45.7004"
"109.1200","1.8175","45.7192"
"109.1400","1.8179","45.7420"
"109.1600","1.8181","45.7571"
"109.1800","1.8184","45.7579"
"109.2000","1.8186","45.6717"
"109.2200","1.8189","45.7295"
"109.2400","1.8192","45.7862"
"109.2600","1.8196","45.7991"
"109.2800","1.8200","45.8311"
"109.3000","1.8203","45.7595"
"109.3200","1.8207","45.7936"
"109.3400","1.8210","45.8425"
"109.3600","1.8213","45.7705"
"109.3800","1.8216","45.7415"
"109.4000","1.8219","45.8353"
"109.4200","1.8223","45.8517"
"109.4400","1.8227","45.8747"
"109.4600","1.8232","45.8717"
"109.4800","1.8236","45.9092"
"109.5000","1.8239","45.9053"
"109.5200","1.8242","45.8327"
"109.5400","1.8244","45.9151"
"109.5600","1.8246","45.9714"
"109.5800","1.8249","46.0237"
"109.6000","1.8253","46.0163"
"109.6200","1.8256","46.0083"
"109.6400","1.8260","46.0782"
"109.6600","1.8264","46.0209"
"109.6800","1.8268","46.0713"
"109.7000","1.8271","45.9880"
"109.7200","1.8274","46.0037"
"109.7400","1.8277","45.9405"
"109.7600","1.8281","45.9028"
"109.7800","1.8285","45.9570"
"109.8000","1.8289","46.0188"
"109.8200","1.8292","45.9968"
"109.8400","1.8295","46.0268"
"109.8600","1.8298","46.0611"
"109.8800","1.8300","46.0890"
"109.9000","1.8303","46.1418"
"109.9200","1.8306","46.1779"
"109.9400","1.8309","46.1989"
"109.9600","1.8313","46.0841"
"109.9800","1.8317","45.9803"
"110.0000","1.8321","46.0508"
"110.0200","1.8324","46.1010"
"110.0400","1.8327","46.1252"
"110.0600","1.8329","46.1137"
"110.0800","1.8332","46.0904"
"110.1000","1.8336","46.0644"
"110.1200","1.8340","46.0081"
"110.1400","1.8345","46.0023"
"110.1600","1.8350","46.0815"
"110.1800","1.8353","46.1006"
"110.2000","1.8356","46.1716"
"110.2200","1.8358","46.1606"
"110.2400","1.8360","46.1984"
"110.2600","1.8363","46.1361"
"110.2800","1.8366","46.0781"
"110.3000","1.8369","46.0364"
"110.3200","1.8373","46.0370"
"110.3400","1.8377","46.0556"
"110.3600","1.8381","46.0645"
"110.3800","1.8385","46.0677"
"110.4000","1.8388","46.0649"
"110.4200","1.8391","46.0165"
"110.4400","1.8394","46.0540"
"110.4600","1.8398","46.0348"
"110.4800","1.8402","45.9563"
"110.5000","1.8405","45.9147"
"110.5200","1.8409","45.9399"
"110.5400","1.8411","45.9603"
"110.5600","1.8414","45.9084"
"110.5800","1.8416","45.8941"
"110.6000","1.8419","45.8731"
"110.6200","1.8422","45.9449"
"110.6400","1.8426","45.9383"
"110.6600","1.8430","45.9621"
"110.6800","1.8434","45.9548"
"110.7000","1.8437","45.9382"
"110.7200","1.8440","45.8477"
"110.7400","1.8443","45.8116"
"110.7600","1.8446","45.8877"
"110.7800","1.8449","45.8241"
"110.8000","1.8453","45.8740"
"110.8200","1.8458","45.9391"
"110.8400","1.8462","45.8940"
"110.8600","1.8467","45.8861"
"110.8800","1.8470","45.8492"
"110.9000","1.8472","45.8882"
"110.9200","1.8474","45.9060"
"110.9400","1.8476","45.8974"
"110.9600","1.8479","45.8868"
"110.9800","1.8483","45.7732"
"111.0000","1.8487","45.7915"
"111.0200","1.8491","45.9373"
"111.0400","1.8495","45.9995"
"111.0600","1.8498","45.9963"
"111.0800","1.8501","45.9295"
"111.1000","1.8504","45.9364"
"111.1200","1.8507","46.0367"
"111.1400","1.8511","46.0439"
"111.1600","1.8515","46.0914"
"111.1800","1.8519","45.9804"
"111.2000","1.8522","45.9471"
"111.2200","1.8525","46.0154"
"111.2400","1.8528","45.9979"
"111.2600","1.8530","45.9371"
"111.2800","1.8533","45.9350"
"111.3000","1.8536","45.9197"
"111.3200","1.8539","45.9558"
"111.3400","1.8543","45.9929"
"111.3600","1.8547","45.9557"
"111.3800","1.8550","45.8695"
"111.4000","1.8554","45.9650"
"111.4200","1.8556","45.9255"
"111.4400","1.8559","45.8944"
"111.4600","1.8562","45.8991"
"111.4800","1.8565","45.9575"
"111.5000","1.8570","46.0066"
"111.5200","1.8575","45.9833"
"111.5400","1.8580","45.9886"
"111.5600","1.8583","45.9978"
"111.5800","1.8586","45.9923"
"111.6000","1.8588","46.0201"
"111.6200","1.8590","46.0069"
"111.6400","1.8593","45.9166"
"111.6600","1.8596","45.9329"
"111.6800","1.8600","46.0363"
"111.7000","1.8603","46.1622"
"111.7200","1.8607","46.1044"
"111.7400","1.8611","46.0217"
"111.7600","1.8614","45.9507"
"111.7800","1.8617","45.9860"
"111.8000","1.8620","45.9644"
"111.8200","1.8624","45.9711"
"111.8400","1.8628","46.0099"
"111.8600","1.8632","46.0503"
"111.8800","1.8635","46.0817"
"111.9000","1.8638","46.1001"
"111.9200","1.8641","46.0850"
"111.9400","1.8644","46.0399"
"111.9600","1.8646","46.0712"
"111.9800","1.8649","46.0916"
"112.0000","1.8652","46.0934"
"112.0200","1.8656","46.0332"
"112.0400","1.8660","46.0735"
"112.0600","1.8664","46.0531"
"112.0800","1.8667","46.0328"
"112.1000","1.8670","45.9768"
"112.1200","1.8673","46.0429"
"112.1400","1.8675","46.0391"
"112.1600","1.8679","46.0336"
"112.1800","1.8682","46.1151"
"112.2000","1.8687","46.1631"
"112.2200","1.8692","46.1427"
"112.2400","1.8696","46.1213"
"112.2600","1.8699","46.1112"
"112.2800","1.8702","46.1592"
"112.3000","1.8704","46.2348"
"112.3200","1.8706","46.2345"
"112.3400","1.8709","46.2130"
"112.3600","1.8712","46.2279"
"112.3800","1.8716","46.2695"
"112.4000","1.8720","46.1958"
"112.4200","1.8724","46.1651"
"112.4400","1.8727","46.1400"
"112.4600","1.8730","46.1035"
"112.4800","1.8733","46.1322"
"112.5000","1.8737","46.1320"
"112.5200","1.8741","46.0910"
"112.5400","1.8745","46.1677"
"112.5600","1.8749","46.1756"
"112.5800","1.8752","46.1684"
"112.6000","1.8755","46.1432"
"112.6200","1.8758","46.1323"
"112.6400","1.8760","46.1463"
"112.6600","1.8763","46.1234"
"112.6800","1.8766","46.1377"
"112.7000","1.8769","46.1781"
"112.7200","1.8773","46.1118"
"112.7400","1.8777","46.0973"
"112.7600","1.8780","46.0341"
"112.7800","1.8783","46.0647"
"112.8000","1.8786","46.1507"
"112.8200","1.8789","46.3074"
"112.8400","1.8792","46.3347"
"112.8600","1.8796","46.2926"
"112.8800","1.8800","46.1688"
"112.9000","1.8804","46.1360"
"112.9200","1.8809","46.2137"
"112.9400","1.8813","46.2477"
"112.9600","1.8815","46.1489"
"112.9800","1.8818","46.0888"
"113.0000","1.8820","46.0378"
"113.0200","1.8823","45.9254"
"113.0400","1.8826","45.8035"
"113.0600","1.8830","45.8871"
"113.0800","1.8834","45.8762"
"113.1000","1.8838","45.8622"
"113.1200","1.8841","45.8705"
"113.1400","1.8844","45.7833"
"113.1600","1.8847","45.7764"
"113.1800","1.8850","45.7981"
"113.2000","1.8854","45.8178"
"113.2200","1.8858","45.8077"
"113.2400","1.8862","45.7572"
"113.2600","1.8866","45.8326"
"113.2800","1.8869","45.8557"
"113.3000","1.8871","45.8079"
"113.3200","1.8874","45.7899"
"113.3400","1.8876","45.7435"
"113.3600","1.8880","45.7624"
"113.3800","1.8883","45.7675"
"113.4000","1.8887","45.7458"
"113.4200","1.8891","45.7660"
"113.4400","1.8894","45.7986"
"113.4600","1.8897","45.7363"
"113.4800","1.8900","45.7397"
"113.5000","1.8903","45.7113"
"113.5200","1.8906","45.6686"
"113.5400","1.8909","45.6621"
"113.5600","1.8913","45.7229"
"113.5800","1.8918","45.7896"
"113.6000","1.8922","45.8174"
"113.6200","1.8926","45.7620"
"113.6400","1.8929","45.7338"
"113.6600","1.8931","45.7086"
"113.6800","1.8934","45.7021"
"113.7000","1.8936","45.6407"
"113.7200","1.8940","45.6461"
"113.7400","1.8943","45.6838"
"113.7600","1.8947","45.7319"
"113.7800","1.8951","45.7222"
"113.8000","1.8954","45.7763"
"113.8200","1.8957","45.8002"
"113.8400","1.8960","45.7959"
"113.8600","1.8963","45.7401"
"113.8800","1.8967","45.7569"
"113.9000","1.8971","45.7256"
"113.9200","1.8976","45.7284"
"113.9400","1.8980","45.6775"
"113.9600","1.8983","45.6697"
"113.9800","1.8986","45.6666"
"114.0000","1.8988","45.7400"
"114.0200","1.8990","45.7279"
"114.0400","1.8993","45.7557"
"114.0600","1.8996","45.7527"
"114.0800","1.9000","45.7934"
"114.1000","1.9004","45.8304"
"114.1200","1.9007","45.8039"
"114.1400","1.9011","45.8224"
"114.1600","1.9014","45.8493"
"114.1800","1.9016","45.8041"
"114.2000","1.9019","45.7772"
"114.2200","1.9022","45.7145"
"114.2400","1.9026","45.7835"
"114.2600","1.9030","45.7351"
"114.2800","1.9035","45.6959"
"114.3000","1.9039","45.7025"
"114.3200","1.9043","45.6633"
"114.3400","1.9045","45.6824"
"114.3600","1.9047","45.6872"
"114.3800","1.9050","45.7016"
"114.4000","1.9053","45.6713"
"114.4200","1.9056","45.7643"
"114.4400","1.9060","45.8531"
"114.4600","1.9064","45.7513"
"114.4800","1.9067","45.6888"
"114.5000","1.9071","45.7736"
"114.5200","1.9074","45.8204"
"114.5400","1.9077","45.8046"
"114.5600","1.9080","45.7194"
"114.5800","1.9084","45.7328"
"114.6000","1.9088","45.7527"
"114.6200","1.9092","45.8027"
"114.6400","1.9096","45.7865"
"114.6600","1.9099","45.7570"
"114.6800","1.9101","45.7212"
"114.7000","1.9104","45.7189"
"114.7200","1.9106","45.7124"
"114.7400","1.9109","45.7081"
"114.7600","1.9113","45.7518"
"114.7800","1.9117","45.7877"
"114.8000","1.9121","45.8646"
"114.8200","1.9124","45.7930"
"114.8400","1.9127","45.8006"
"114.8600","1.9130","45.8542"
"114.8800","1.9132","45.8974"
"114.9000","1.9135","45.8688"
"114.9200","1.9138","45.8354"
"114.9400","1.9142","45.8546"
"114.9600","1.9147","45.8086"
"114.9800","1.9152","45.8319"
"115.0000","1.9156","45.8774"
"115.0200","1.9159","45.8738"
"115.0400","1.9161","45.8297"
"115.0600","1.9163","45.7968"
"115.0800","1.9166","45.8301"
"115.1000","1.9169","45.7978"
"115.1200","1.9173","45.8659"
"115.1400","1.9177","45.8502"
"115.1600","1.9181","45.8850"
"115.1800","1.9184","45.9521"
"115.2000","1.9187","45.9459"
"115.2200","1.9190","45.9756"
"115.2400","1.9194","45.9445"
"115.2600","1.9197","45.8855"
"115.2800","1.9201","45.8011"
"115.3000","1.9205","45.8368"
"115.3200","1.9209","45.9632"
"115.3400","1.9212","45.9957"
"115.3600","1.9215","45.9950"
"115.3800","1.9217","45.9474"
"115.4000","1.9220","45.9391"
"115.4200","1.9223","45.8998"
"115.4400","1.9226","45.9145"
"115.4600","1.9230","45.8819"
"115.4800","1.9234","45.9155"
"115.5000","1.9237","45.9622"
"115.5200","1.9240","45.9907"
"115.5400","1.9243","46.0035"
"115.5600","1.9246","45.9237"
"115.5800","1.9249","45.9296"
"115.6000","1.9252","45.9639"
"115.6200","1.9256","46.0104"
"115.6400","1.9260","46.0069"
"115.6600","1.9265","46.0556"
"115.6800","1.9269","46.0103"
"115.7000","1.9272","45.9473"
"115.7200","1.9275","45.8911"
"115.7400","1.9277","45.8977"
"115.7600","1.9280","45.8857"
"115.7800","1.9282","45.9104"
"115.8000","1.9286","45.9203"
"115.8200","1.9290","45.8967"
"115.8400","1.9294","45.8913"
"115.8600","1.9298","45.8861"
"115.8800","1.9301","45.9317"
"115.9000","1.9304","45.8969"
"115.9200","1.9307","45.8921"
"115.9400","1.9310","45.9360"
"115.9600","1.9314","45.9624"
"115.9800","1.9318","45.9158"
"116.0000","1.9322","45.8719"
"116.0200","1.9326","45.9023"
"116.0400","1.9329","45.9254"
"116.0600","1.9331","45.9416"
"116.0800","1.9333","45.9008"
"116.1000","1.9336","45.9141"
"116.1200","1.9339","45.9905"
"116.1400","1.9343","46.0131"
"116.1600","1.9347","45.9743"
"116.1800","1.9351","45.9236"
"116.2000","1.9354","45.8717"
"116.2200","1.9357","45.9341"
"116.2400","1.9360","45.9595"
"116.2600","1.9362","46.0448"
"116.2800","1.9365","46.0685"
"116.3000","1.9369","46.0837"
"116.3200","1.9373","46.0177"
"116.3400","1.9378","45.9365"
"116.3600","1.9382","45.9462"
"116.3800","1.9386","45.9578"
"116.4000","1.9389","45.9126"
"116.4200","1.9391","45.9648"
"116.4400","1.9393","46.0193"
"116.4600","1.9396","46.0529"
"116.4800","1.9399","46.0831"
"116.5000","1.9403","46.0453"
"116.5200","1.9407","45.9596"
"116.5400","1.9411","45.9612"
"116.5600","1.9414","46.0375"
"116.5800","1.9417","45.9740"
"116.6000","1.9420","45.9852"
"116.6200","1.9424","46.0103"
"116.6400","1.9427","46.0141"
"116.6600","1.9431","46.0396"
"116.6800","1.9435","46.1145"
"116.7000","1.9439","46.2187"
"116.7200","1.9442","46.1236"
"116.7400","1.9445","46.0921"
"116.7600","1.9447","46.0406"
"116.7800","1.9450","46.0180"
"116.8000","1.9452","46.0409"
"116.8200","1.9456","46.0538"
"116.8400","1.9460","46.1218"
"116.8600","1.9464","46.0825"
"116.8800","1.9468","46.0915"
"116.9000","1.9471","46.0894"
"116.9200","1.9474","46.0459"
"116.9400","1.9477","46.0187"
"116.9600","1.9479","46.0225"
"116.9800","1.9482","46.0620"
"117.0000","1.9486","46.0817"
"117.0200","1.9491","46.1426"
"117.0400","1.9495","46.1119"
"117.0600","1.9499","46.2115"
"117.0800","1.9503","46.2432"
"117.1000","1.9505","46.1477"
"117.1200","1.9507","46.1105"
"117.1400","1.9510","46.0663"
"117.1600","1.9513","46.0778"
"117.1800","1.9516","46.0774"
"117.2000","1.9520","46.0586"
"117.2200","1.9524","46.0990"
"117.2400","1.9527","46.0913"
"117.2600","1.9531","46.0742"
"117.2800","1.9534","46.1507"
"117.3000","1.9537","46.1113"
"117.3200","1.9540","46.1100"
"117.3400","1.9544","46.0823"
"117.3600","1.9548","46.1131"
"117.3800","1.9552","46.1649"
"117.4000","1.9556","46.0982"
"117.4200","1.9559","46.1081"
"117.4400","1.9561","46.0851"
"117.4600","1.9563","46.0089"
"117.4800","1.9566","45.9361"
"117.5000","1.9569","46.0381"
"117.5200","1.9573","46.2196"
"117.5400","1.9577","46.3072"
"117.5600","1.9581","46.2360"
"117.5800","1.9584","46.1987"
"117.6000","1.9587","46.2511"
"117.6200","1.9590","46.2215"
"117.6400","1.9593","46.1826"
"117.6600","1.9596","46.1350"
"117.6800","1.9599","46.0985"
"117.7000","1.9603","46.1328"
"117.7200","1.9608","46.1257"
"117.7400","1.9613","46.0928"
"117.7600","1.9616","46.1033"
"117.7800","1.9619","46.2035"
"117.8000","1.9621","46.2391"
"117.8200","1.9623","46.2467"
"117.8400","1.9626","46.1797"
"117.8600","1.9629","46.1627"
"117.8800","1.9633","46.2072"
"117.9000","1.9637","46.1623"
"117.9200","1.9641","46.0416"
"117.9400","1.9644","46.0586"
"117.9600","1.9647","46.1030"
"117.9800","1.9650","46.1335"
"118.0000","1.9654","46.0420"
"118.0200","1.9657","46.0764"
"118.0400","1.9661","46.1431"
"118.0600","1.9666","46.1639"
"118.0800","1.9669","46.0845"
"118.1000","1.9672","46.1351"
"118.1200","1.9675","46.1600"
"118.1400","1.9677","46.0643"
"118.1600","1.9680","46.0359"
"118.1800","1.9683","46.0856"
"118.2000","1.9686","46.1224"
"118.2200","1.9690","46.1623"
"118.2400","1.9694","46.1667"
"118.2600","1.9698","46.2089"
"118.2800","1.9701","46.2179"
"118.3000","1.9704","46.1800"
"118.3200","1.9706","46.1575"
"118.3400","1.9709","46.1185"
"118.3600","1.9712","46.1419"
"118.3800","1.9717","46.1791"
"118.4000","1.9721","46.1310"
"118.4200","1.9726","46.1194"
"118.4400","1.9730","46.0461"
"118.4600","1.9733","46.0193"
"118.4800","1.9735","46.1261"
"118.5000","1.9737","46.1614"
"118.5200","1.9740","46.2339"
"118.5400","1.9743","46.2331"
"118.5600","1.9746","46.1127"
"118.5800","1.9750","46.0500"
"118.6000","1.9753","46.1339"
"118.6200","1.9757","46.1646"
"118.6400","1.9760","46.1272"
"118.6600","1.9763","46.1143"
"118.6800","1.9766","46.1282"
"118.7000","1.9770","46.1999"
"118.7200","1.9774","46.1721"
"118.7400","1.9778","46.1634"
"118.7600","1.9783","46.2039"
"118.7800","1.9786","46.1795"
"118.8000","1.9789","46.1837"
"118.8200","1.9791","46.1568"
"118.8400","1.9793","46.1751"
"118.8600","1.9796","46.2981"
"118.8800","1.9799","46.2761"
"118.9000","1.9803","46.1713"
"118.9200","1.9807","46.1570"
"118.9400","1.9811","46.2228"
"118.9600","1.9814","46.2976"
"118.9800","1.9817","46.3020"
"119.0000","1.9820","46.2484"
"119.0200","1.9823","46.3002"
"119.0400","1.9826","46.2869"
"119.0600","1.9829","46.2165"
"119.0800","1.9834","46.3038"
"119.1000","1.9838","46.3075"
"119.1200","1.9843","46.2774"
"119.1400","1.9846","46.2737"
"119.1600","1.9849","46.2527"
"119.1800","1.9851","46.2257"
"119.2000","1.9853","46.2937"
"119.2200","1.9856","46.3878"
"119.2400","1.9859","46.3363"
"119.2600","1.9863","46.2651"
"119.2800","1.9866","46.2140"
"119.3000","1.9870","46.3012"
"119.3200","1.9874","46.3140"
"119.3400","1.9877","46.2392"
"119.3600","1.9880","46.1846"
"119.3800","1.9883","46.2708"
"119.4000","1.9887","46.2726"
"119.4200","1.9891","46.3047"
"119.4400","1.9895","46.3068"
"119.4600","1.9899","46.2618"
"119.4800","1.9902","46.2361"
"119.5000","1.9905","46.3203"
"119.5200","1.9907","46.3394"
"119.5400","1.9909","46.3226"
"119.5600","1.9912","46.2525"
"119.5800","1.9916","46.2531"
"119.6000","1.9920","46.2812"
"119.6200","1.9924","46.3073"
"119.6400","1.9927","46.3078"
"119.6600","1.9930","46.3497"
"119.6800","1.9933","46.4133"
"119.7000","1.9936","46.2813"
"119.7200","1.9939","46.2941"
"119.7400","1.9942","46.3450"
"119.7600","1.9946","46.3479"
"119.7800","1.9951","46.2603"
"119.8000","1.9955","46.3313"
"119.8200","1.9960","46.2963"
"119.8400","1.9963","46.2738"
"119.8600","1.9965","46.3184"
"119.8800","1.9967","46.3228"
"119.9000","1.9969","46.3266"
"119.9200","1.9972","46.2970"
"119.9400","1.9976","46.3100"
"119.9600","1.9979","46.3427"
"119.9800","1.9983","46.2200"
"120.0000","1.9987","46.2120"
"120.0200","1.9990","46.2841"
"120.0400","1.9993","46.2763"
"120.0600","1.9997","46.3428"
"120.0800","2.0000","46.3515"
"120.1000","2.0004","46.3223"
"120.1200","2.0009","46.3288"
"120.1400","2.0013","46.3785"
"120.1600","2.0016","46.2826"
"120.1800","2.0018","46.2419"
"120.2000","2.0021","46.2100"
"120.2200","2.0023","46.1461"
"120.2400","2.0026","46.1699"
"120.2600","2.0029","46.1896"
"120.2800","2.0033","46.2601"
"120.3000","2.0037","46.2705"
"120.3200","2.0041","46.2661"
"120.3400","2.0044","46.2146"
"120.3600","2.0047","46.1689"
"120.3800","2.0050","46.1645"
"120.4000","2.0052","46.1712"
"120.4200","2.0055","46.2293"
"120.4400","2.0059","46.2407"
"120.4600","2.0063","46.2192"
"120.4800","2.0068","46.1882"
"120.5000","2.0073","46.1140"
"120.5200","2.0076","46.2230"
"120.5400","2.0079","46.3047"
"120.5600","2.0081","46.2318"
"120.5800","2.0084","46.1915"
"120.6000","2.0086","46.1376"
"120.6200","2.0089","46.1949"
"120.6400","2.0093","46.3263"
"120.6600","2.0097","46.2726"
"120.6800","2.0101","46.2769"
"120.7000","2.0104","46.1817"
"120.7200","2.0107","46.2156"
"120.7400","2.0110","46.2628"
"120.7600","2.0114","46.2491"
"120.7800","2.0117","46.2183"
"120.8000","2.0122","46.2551"
"120.8200","2.0126","46.3504"
"120.8400","2.0129","46.3796"
"120.8600","2.0132","46.2714"
"120.8800","2.0134","46.2120"
"120.9000","2.0137","46.2825"
"120.9200","2.0139","46.2331"
"120.9400","2.0142","46.1767"
"120.9600","2.0146","46.2206"
"120.9800","2.0150","46.2129"
"121.0000","2.0154","46.2398"
"121.0200","2.0157","46.2809"
"121.0400","2.0161","46.1963"
"121.0600","2.0163","46.3100"
"121.0800","2.0166","46.3413"
"121.1000","2.0169","46.3441"
"121.1200","2.0172","46.2508"
"121.1400","2.0176","46.2991"
"121.1600","2.0181","46.2918"
"121.1800","2.0186","46.1998"
"121.2000","2.0190","46.2123"
"121.2200","2.0193","46.2696"
"121.2400","2.0195","46.2160"
"121.2600","2.0198","46.2639"
"121.2800","2.0200","46.3001"
"121.3000","2.0203","46.2739"
"121.3200","2.0206","46.2178"
"121.3400","2.0210","46.1888"
"121.3600","2.0214","46.1619"
"121.3800","2.0217","46.2101"
"121.4000","2.0220","46.2826"
"121.4200","2.0223","46.2782"
"121.4400","2.0227","46.3106"
"121.4600","2.0230","46.2409"
"121.4800","2.0234","46.2151"
"121.5000","2.0239","46.2329"
"121.5200","2.0243","46.2198"
"121.5400","2.0246","46.2039"
"121.5600","2.0248","46.1835"
"121.5800","2.0251","46.1643"
"121.6000","2.0253","46.2109"
"121.6200","2.0256","46.2586"
"121.6400","2.0259","46.2562"
"121.6600","2.0263","46.2671"
"121.6800","2.0267","46.3152"
"121.7000","2.0271","46.2672"
"121.7200","2.0274","46.1946"
"121.7400","2.0277","46.2839"
"121.7600","2.0280","46.3377"
"121.7800","2.0283","46.2933"
"121.8000","2.0286","46.2416"
"121.8200","2.0289","46.2420"
"121.8400","2.0294","46.2605"
"121.8600","2.0298","46.2708"
"121.8800","2.0303","46.3231"
"121.9000","2.0306","46.2482"
"121.9200","2.0309","46.1953"
"121.9400","2.0311","46.2080"
"121.9600","2.0313","46.2410"
"121.9800","2.0316","46.1950"
"122.0000","2.0319","46.2156"
"122.0200","2.0323","46.1656"
"122.0400","2.0327","46.1928"
"122.0600","2.0331","46.3223"
"122.0800","2.0334","46.3909"
"122.1000","2.0337","46.3036"
"122.1200","2.0340","46.2458"
"122.1400","2.0343","46.2492"
"122.1600","2.0347","46.3517"
"122.1800","2.0351","46.3242"
"122.2000","2.0355","46.1956"
"122.2200","2.0359","46.2305"
"122.2400","2.0362","46.2493"
"122.2600","2.0364","46.2316"
"122.2800","2.0367","46.2245"
"122.3000","2.0369","46.2152"
"122.3200","2.0372","46.2977"
"122.3400","2.0376","46.2734"
"122.3600","2.0380","46.2160"
"122.3800","2.0384","46.1744"
"122.4000","2.0387","46.2236"
"122.4200","2.0391","46.2041"
"122.4400","2.0394","46.1483"
"122.4600","2.0396","46.1600"
"122.4800","2.0399","46.2504"
"122.5000","2.0403","46.2095"
"122.5200","2.0407","46.2639"
"122.5400","2.0411","46.2615"
"122.5600","2.0416","46.2645"
"122.5800","2.0419","46.2629"
"122.6000","2.0422","46.1508"
"122.6200","2.0424","46.2238"
"122.6400","2.0427","46.1692"
"122.6600","2.0429","46.1347"
"122.6800","2.0432","46.2260"
"122.7000","2.0436","46.1921"
"122.7200","2.0440","46.2323"
"122.7400","2.0444","46.1465"
"122.7600","2.0447","46.1958"
"122.7800","2.0451","46.2738"
"122.8000","2.0454","46.2364"
"122.8200","2.0457","46.2411"
"122.8400","2.0460","46.2091"
"122.8600","2.0464","46.1737"
"122.8800","2.0468","46.1811"
"122.9000","2.0472","46.1924"
"122.9200","2.0475","46.1789"
"122.9400","2.0478","46.2038"
"122.9600","2.0480","46.2413"
"122.9800","2.0483","46.2076"
"123.0000","2.0486","46.2355"
"123.0200","2.0489","46.2778"
"123.0400","2.0493","46.3146"
"123.0600","2.0497","46.1998"
"123.0800","2.0500","46.2347"
"123.1000","2.0504","46.2829"
"123.1200","2.0507","46.2929"
"123.1400","2.0510","46.2832"
"123.1600","2.0512","46.3525"
"123.1800","2.0515","46.3271"
"123.2000","2.0519","46.2686"
"123.2200","2.0524","46.2128"
"123.2400","2.0528","46.2997"
"123.2600","2.0533","46.3332"
"123.2800","2.0536","46.2949"
"123.3000","2.0538","46.3376"
"123.3200","2.0541","46.3268"
"123.3400","2.0543","46.2834"
"123.3600","2.0546","46.2741"
"123.3800","2.0550","46.2300"
"123.4000","2.0553","46.2540"
"123.4200","2.0557","46.3315"
"123.4400","2.0561","46.4050"
"123.4600","2.0564","46.2769"
"123.4800","2.0567","46.2282"
"123.5000","2.0570","46.2683"
"123.5200","2.0574","46.3179"
"123.5400","2.0577","46.3334"
"123.5600","2.0581","46.2837"
"123.5800","2.0585","46.1979"
"123.6000","2.0589","46.3152"
"123.6200","2.0592","46.3966"
"123.6400","2.0594","46.3375"
"123.6600","2.0597","46.2623"
"123.6800","2.0599","46.2293"
"123.7000","2.0602","46.2466"
"123.7200","2.0606","46.2121"
"123.7400","2.0609","46.1788"
"123.7600","2.0613","46.2412"
"123.7800","2.0617","46.2644"
"123.8000","2.0620","46.2399"
"123.8200","2.0623","46.2014"
"123.8400","2.0626","46.1960"
"123.8600","2.0629","46.1710"
"123.8800","2.0633","46.1735"
"123.9000","2.0637","46.1644"
"123.9200","2.0642","46.2460"
"123.9400","2.0646","46.3022"
"123.9600","2.0650","46.2464"
"123.9800","2.0652","46.2307"
"124.0000","2.0654","46.2696"
"124.0200","2.0657","46.2020"
"124.0400","2.0659","46.1603"
"124.0600","2.0663","46.1613"
"124.0800","2.0666","46.1241"
"124.1000","2.0670","46.0878"
"124.1200","2.0674","46.0565"
"124.1400","2.0678","46.1290"
"124.1600","2.0681","46.1183"
"124.1800","2.0684","46.1063"
"124.2000","2.0687","46.1211"
"124.2200","2.0691","46.0385"
"124.2400","2.0695","46.0715"
"124.2600","2.0699","46.0175"
"124.2800","2.0702","46.0331"
"124.3000","2.0705","46.0775"
"124.3200","2.0708","46.0490"
"124.3400","2.0710","46.0665"
"124.3600","2.0713","46.0475"
"124.3800","2.0716","46.0883"
"124.4000","2.0719","46.0246"
"124.4200","2.0723","46.0233"
"124.4400","2.0727","46.0896"
"124.4600","2.0731","46.0461"
"124.4800","2.0734","45.9142"
"124.5000","2.0737","45.9055"
"124.5200","2.0740","45.9422"
"124.5400","2.0742","45.8905"
"124.5600","2.0746","45.8860"
"124.5800","2.0750","45.8807"
"124.6000","2.0755","45.8642"
"124.6200","2.0760","45.8783"
"124.6400","2.0763","45.9160"
"124.6600","2.0766","45.9453"
"124.6800","2.0768","45.9483"
"124.7000","2.0770","45.9086"
"124.7200","2.0773","45.8843"
"124.7400","2.0776","45.7972"
"124.7600","2.0779","45.8368"
"124.7800","2.0783","45.8565"
"124.8000","2.0787","45.7644"
"124.8200","2.0791","45.7639"
"124.8400","2.0795","45.7544"
"124.8600","2.0798","45.8382"
"124.8800","2.0801","45.7835"
"124.9000","2.0804","45.6993"
"124.9200","2.0808","45.7126"
"124.9400","2.0812","45.7900"
"124.9600","2.0815","45.7276"
"124.9800","2.0819","45.7167"
"125.0000","2.0821","45.7054"
"125.0200","2.0824","45.7374"
"125.0400","2.0826","45.7553"
"125.0600","2.0829","45.6801"
"125.0800","2.0832","45.6656"
"125.1000","2.0836","45.6239"
"125.1200","2.0840","45.6326"
"125.1400","2.0844","45.7106"
"125.1600","2.0847","45.7054"
"125.1800","2.0850","45.6722"
"125.2000","2.0853","45.6738"
"125.2200","2.0856","45.6263"
"125.2400","2.0859","45.6001"
"125.2600","2.0863","45.6118"
"125.2800","2.0867","45.5588"
"125.3000","2.0872","45.5952"
"125.3200","2.0876","45.6443"
"125.3400","2.0880","45.6346"
"125.3600","2.0882","45.5134"
"125.3800","2.0884","45.5284"
"125.4000","2.0887","45.5792"
"125.4200","2.0889","45.5309"
"125.4400","2.0893","45.5770"
"125.4600","2.0896","45.6338"
"125.4800","2.0900","45.6007"
"125.5000","2.0904","45.6063"
"125.5200","2.0908","45.5666"
"125.5400","2.0911","45.5534"
"125.5600","2.0914","45.4941"
"125.5800","2.0917","45.5303"
"125.6000","2.0921","45.5861"
"125.6200","2.0924","45.6274"
"125.6400","2.0928","45.5194"
"125.6600","2.0932","45.5355"
"125.6800","2.0935","45.6085"
"125.7000","2.0938","45.5933"
"125.7200","2.0940","45.5113"
"125.7400","2.0943","45.4178"
"125.7600","2.0946","45.4950"
"125.7800","2.0949","45.5678"
"125.8000","2.0953","45.5243"
"125.8200","2.0957","45.5273"
"125.8400","2.0960","45.4874"
"125.8600","2.0964","45.5585"
"125.8800","2.0966","45.6046"
"125.9000","2.0969","45.5864"
"125.9200","2.0972","45.4531"
"125.9400","2.0975","45.4419"
"125.9600","2.0979","45.4454"
"125.9800","2.0984","45.4180"
"126.0000","2.0989","45.5346"
"126.0200","2.0993","45.4655"
"126.0400","2.0996","45.4882"
"126.0600","2.0998","45.5847"
"126.0800","2.1000","45.5627"
"126.1000","2.1003","45.4883"
"126.1200","2.1006","45.4788"
"126.1400","2.1009","45.5130"
"126.1600","2.1013","45.4975"
"126.1800","2.1017","45.5513"
"126.2000","2.1021","45.5649"
"126.2200","2.1024","45.6032"
"126.2400","2.1027","45.5386"
"126.2600","2.1030","45.5151"
"126.2800","2.1034","45.4651"
"126.3000","2.1037","45.5340"
"126.3200","2.1041","45.6542"
"126.3400","2.1045","45.7132"
"126.3600","2.1049","45.5586"
"126.3800","2.1051","45.5279"
"126.4000","2.1054","45.5806"
"126.4200","2.1056","45.6138"
"126.4400","2.1059","45.6164"
"126.4600","2.1063","45.5775"
"126.4800","2.1066","45.5544"
"126.5000","2.1070","45.4872"
"126.5200","2.1074","45.4646"
"126.5400","2.1077","45.5106"
"126.5600","2.1080","45.5636"
"126.5800","2.1083","45.5446"
"126.6000","2.1086","45.5348"
"126.6200","2.1089","45.6046"
"126.6400","2.1092","45.6205"
"126.6600","2.1097","45.5785"
"126.6800","2.1102","45.6294"
"126.7000","2.1106","45.6342"
"126.7200","2.1110","45.5565"
"126.7400","2.1112","45.5328"
"126.7600","2.1114","45.5808"
"126.7800","2.1117","45.6028"
"126.8000","2.1119","45.6034"
"126.8200","2.1123","45.6652"
"126.8400","2.1126","45.6867"
"126.8600","2.1130","45.5845"
"126.8800","2.1134","45.5666"
"126.9000","2.1137","45.5992"
"126.9200","2.1141","45.5609"
"126.9400","2.1144","45.5374"
"126.9600","2.1147","45.5590"
"126.9800","2.1151","45.5799"
"127.0000","2.1155","45.6379"
"127.0200","2.1159","45.5725"
"127.0400","2.1162","45.5718"
"127.0600","2.1165","45.5973"
"127.0800","2.1168","45.6393"
"127.1000","2.1170","45.5963"
"127.1200","2.1173","45.6158"
"127.1400","2.1176","45.5977"
"127.1600","2.1179","45.6261"
"127.1800","2.1183","45.6197"
"127.2000","2.1187","45.5657"
"127.2200","2.1190","45.5868"
"127.2400","2.1193","45.5634"
"127.2600","2.1196","45.5754"
"127.2800","2.1199","45.6761"
"127.3000","2.1202","45.6263"
"127.3200","2.1205","45.5830"
"127.3400","2.1210","45.5019"
"127.3600","2.1214","45.5875"
"127.3800","2.1219","45.6105"
"127.4000","2.1223","45.6530"
"127.4200","2.1226","45.6381"
"127.4400","2.1228","45.5638"
"127.4600","2.1230","45.5389"
"127.4800","2.1233","45.6094"
"127.5000","2.1236","45.5762"
"127.5200","2.1240","45.5524"
"127.5400","2.1244","45.5157"
"127.5600","2.1247","45.5826"
"127.5800","2.1251","45.6257"
"127.6000","2.1254","45.6226"
"127.6200","2.1257","45.5553"
"127.6400","2.1260","45.4961"
"127.6600","2.1264","45.6051"
"127.6800","2.1268","45.6334"
"127.7000","2.1272","45.5803"
"127.7200","2.1276","45.6019"
"127.7400","2.1279","45.5250"
"127.7600","2.1281","45.4934"
"127.7800","2.1284","45.5875"
"127.8000","2.1286","45.5525"
"127.8200","2.1289","45.5297"
"127.8400","2.1293","45.5651"
"127.8600","2.1297","45.5999"
"127.8800","2.1300","45.6009"
"127.9000","2.1304","45.5590"
"127.9200","2.1307","45.5501"
"127.9400","2.1310","45.5478"
"127.9600","2.1313","45.5646"
"127.9800","2.1316","45.6329"
"128.0000","2.1319","45.7050"
"128.0200","2.1323","45.6346"
"128.0400","2.1327","45.5741"
"128.0600","2.1332","45.6057"
"128.0800","2.1336","45.6103"
"128.1000","2.1339","45.6164"
"128.1200","2.1342","45.6550"
"128.1400","2.1344","45.6401"
"128.1600","2.1346","45.6348"
"128.1800","2.1349","45.6518"
"128.2000","2.1353","45.6659"
"128.2200","2.1357","45.6035"
"128.2400","2.1361","45.5951"
"128.2600","2.1364","45.6107"
"128.2800","2.1367","45.5896"
"128.3000","2.1370","45.6160"
"128.3200","2.1373","45.5342"
"128.3400","2.1377","45.5411"
"128.3600","2.1381","45.5116"
"128.3800","2.1385","45.6600"
"128.4000","2.1389","45.5845"
"128.4200","2.1393","45.5393"
"128.4400","2.1395","45.5609"
"128.4600","2.1398","45.5697"
"128.4800","2.1400","45.5021"
"128.5000","2.1403","45.4876"
"128.5200","2.1406","45.5818"
"128.5400","2.1410","45.5223"
"128.5600","2.1414","45.4792"
"128.5800","2.1417","45.5520"
"128.6000","2.1421","45.5937"
"128.6200","2.1424","45.5746"
"128.6400","2.1426","45.6171"
"128.6600","2.1429","45.5224"
"128.6800","2.1432","45.4644"
"128.7000","2.1435","45.5173"
"128.7200","2.1440","45.5692"
"128.7400","2.1444","45.4359"
"128.7600","2.1449","45.5091"
"128.7800","2.1453","45.5920"
"128.8000","2.1455","45.5466"
"128.8200","2.1458","45.5444"
"128.8400","2.1460","45.5544"
"128.8600","2.1463","45.5381"
"128.8800","2.1466","45.4730"
"128.9000","2.1470","45.4245"
"128.9200","2.1474","45.5009"
"128.9400","2.1477","45.4935"
"128.9600","2.1481","45.4390"
"128.9800","2.1484","45.5703"
"129.0000","2.1487","45.5609"
"129.0200","2.1490","45.5446"
"129.0400","2.1494","45.5287"
"129.0600","2.1498","45.5574"
"129.0800","2.1502","45.6077"
"129.1000","2.1506","45.4981"
"129.1200","2.1509","45.4222"
"129.1400","2.1512","45.5193"
"129.1600","2.1514","45.5012"
"129.1800","2.1517","45.4686"
"129.2000","2.1520","45.4281"
"129.2200","2.1523","45.4565"
"129.2400","2.1527","45.5375"
"129.2600","2.1531","45.5214"
"129.2800","2.1534","45.4458"
"129.3000","2.1537","45.4593"
"129.3200","2.1540","45.4575"
"129.3400","2.1543","45.4525"
"129.3600","2.1545","45.4381"
"129.3800","2.1549","45.4162"
"129.4000","2.1552","45.4545"
"129.4200","2.1557","45.4612"
"129.4400","2.1562","45.3696"
"129.4600","2.1566","45.3941"
"129.4800","2.1569","45.3847"
"129.5000","2.1571","45.4158"
"129.5200","2.1573","45.4406"
"129.5400","2.1576","45.4531"
"129.5600","2.1579","45.4335"
"129.5800","2.1583","45.3987"
"129.6000","2.1587","45.4028"
"129.6200","2.1591","45.4685"
"129.6400","2.1594","45.4279"
"129.6600","2.1597","45.4284"
"129.6800","2.1600","45.4195"
"129.7000","2.1604","45.4390"
"129.7200","2.1607","45.4923"
"129.7400","2.1611","45.5369"
"129.7600","2.1615","45.5608"
"129.7800","2.1619","45.5433"
"129.8000","2.1623","45.5027"
"129.8200","2.1625","45.5594"
"129.8400","2.1628","45.5504"
"129.8600","2.1630","45.5473"
"129.8800","2.1633","45.5551"
"129.9000","2.1636","45.4392"
"129.9200","2.1640","45.4087"
"129.9400","2.1644","45.3636"
"129.9600","2.1647","45.5011"
"129.9800","2.1651","45.5973"
"130.0000","2.1654","45.6238"
"130.0200","2.1656","45.4796"
"130.0400","2.1659","45.4077"
"130.0600","2.1662","45.4619"
"130.0800","2.1666","45.5252"
"130.1000","2.1670","45.4820"
"130.1200","2.1675","45.4569"
"130.1400","2.1679","45.4442"
"130.1600","2.1682","45.4036"
"130.1800","2.1685","45.4774"
"130.2000","2.1687","45.4929"
"130.2200","2.1690","45.4927"
"130.2400","2.1692","45.4854"
"130.2600","2.1696","45.5158"
"130.2800","2.1700","45.4868"
"130.3000","2.1704","45.4448"
"130.3200","2.1707","45.5077"
"130.3400","2.1711","45.4317"
"130.3600","2.1714","45.4490"
"130.3800","2.1717","45.4883"
"130.4000","2.1720","45.5255"
"130.4200","2.1724","45.5257"
"130.4400","2.1728","45.4876"
"130.4600","2.1732","45.5907"
"130.4800","2.1736","45.6726"
"130.5000","2.1739","45.5604"
"130.5200","2.1741","45.4653"
"130.5400","2.1744","45.4355"
"130.5600","2.1746","45.4454"
"130.5800","2.1749","45.4977"
"130.6000","2.1753","45.5644"
"130.6200","2.1757","45.6067"
"130.6400","2.1760","45.5135"
"130.6600","2.1764","45.4586"
"130.6800","2.1767","45.5262"
"130.7000","2.1770","45.4663"
"130.7200","2.1772","45.4735"
"130.7400","2.1775","45.5480"
"130.7600","2.1779","45.5098"
"130.7800","2.1783","45.5006"
"130.8000","2.1787","45.4655"
"130.8200","2.1792","45.4422"
"130.8400","2.1796","45.4854"
"130.8600","2.1799","45.5916"
"130.8800","2.1801","45.5410"
"130.9000","2.1803","45.5304"
"130.9200","2.1806","45.4681"
"130.9400","2.1809","45.4574"
"130.9600","2.1813","45.5279"
"130.9800","2.1816","45.5043"
"131.0000","2.1820","45.5232"
"131.0200","2.1824","45.5723"
"131.0400","2.1827","45.5988"
"131.0600","2.1830","45.6721"
"131.0800","2.1833","45.6624"
"131.1000","2.1837","45.5738"
"131.1200","2.1841","45.4885"
"131.1400","2.1845","45.5278"
"131.1600","2.1849","45.5137"
"131.1800","2.1852","45.4811"
"131.2000","2.1855","45.4462"
"131.2200","2.1857","45.4437"
"131.2400","2.1860","45.4738"
"131.2600","2.1863","45.5495"
"131.2800","2.1866","45.5262"
"131.3000","2.1869","45.5353"
"131.3200","2.1873","45.4993"
"131.3400","2.1878","45.4713"
"131.3600","2.1881","45.4456"
"131.3800","2.1884","45.4925"
"131.4000","2.1887","45.5649"
"131.4200","2.1889","45.5830"
"131.4400","2.1893","45.5741"
"131.4600","2.1896","45.5489"
"131.4800","2.1900","45.5057"
"131.5000","2.1905","45.4924"
"131.5200","2.1909","45.4871"
"131.5400","2.1913","45.5441"
"131.5600","2.1915","45.5901"
"131.5800","2.1918","45.5911"
"131.6000","2.1920","45.5810"
"131.6200","2.1923","45.5504"
"131.6400","2.1926","45.5367"
"131.6600","2.1930","45.5503"
"131.6800","2.1934","45.4863"
"131.7000","2.1937","45.4647"
"131.7200","2.1941","45.4645"
"131.7400","2.1944","45.5929"
"131.7600","2.1947","45.6365"
"131.7800","2.1950","45.5775"
"131.8000","2.1954","45.5237"
"131.8200","2.1958","45.5654"
"131.8400","2.1963","45.6018"
"131.8600","2.1966","45.6076"
"131.8800","2.1969","45.5439"
"131.9000","2.1971","45.4791"
"131.9200","2.1974","45.4923"
"131.9400","2.1976","45.5372"
"131.9600","2.1979","45.5424"
"131.9800","2.1983","45.5794"
"132.0000","2.1987","45.5896"
"132.0200","2.1991","45.5657"
"132.0400","2.1995","45.5943"
"132.0600","2.1998","45.5564"
"132.0800","2.2000","45.4599"
"132.1000","2.2003","45.4556"
"132.1200","2.2006","45.4924"
"132.1400","2.2009","45.4879"
"132.1600","2.2013","45.4456"
"132.1800","2.2018","45.4703"
"132.2000","2.2022","45.5376"
"132.2200","2.2026","45.5371"
"132.2400","2.2029","45.5027"
"132.2600","2.2031","45.4477"
"132.2800","2.2033","45.4110"
"132.3000","2.2036","45.4500"
"132.3200","2.2039","45.4210"
"132.3400","2.2043","45.4459"
"132.3600","2.2047","45.5378"
"132.3800","2.2050","45.5235"
"132.4000","2.2054","45.4765"
"132.4200","2.2057","45.4846"
"132.4400","2.2060","45.4347"
"132.4600","2.2064","45.4001"
"132.4800","2.2067","45.4232"
"132.5000","2.2071","45.3651"
"132.5200","2.2076","45.3486"
"132.5400","2.2079","45.3842"
"132.5600","2.2082","45.4187"
"132.5800","2.2085","45.3529"
"132.6000","2.2087","45.3306"
"132.6200","2.2090","45.3333"
"132.6400","2.2093","45.3946"
"132.6600","2.2096","45.4576"
"132.6800","2.2100","45.4488"
"132.7000","2.2104","45.3611"
"132.7200","2.2107","45.3755"
"132.7400","2.2111","45.3332"
"132.7600","2.2114","45.2916"
"132.7800","2.2116","45.3690"
"132.8000","2.2119","45.4222"
"132.8200","2.2122","45.4138"
"132.8400","2.2126","45.3525"
"132.8600","2.2131","45.3427"
"132.8800","2.2135","45.2481"
"132.9000","2.2140","45.2777"
"132.9200","2.2143","45.2639"
"132.9400","2.2145","45.2682"
"132.9600","2.2147","45.3012"
"132.9800","2.2150","45.2850"
"133.0000","2.2153","45.2284"
"133.0200","2.2156","45.3047"
"133.0400","2.2160","45.2350"
"133.0600","2.2163","45.2586"
"133.0800","2.2167","45.3221"
"133.1000","2.2170","45.3044"
"133.1200","2.2173","45.2091"
"133.1400","2.2176","45.1626"
"133.1600","2.2180","45.1803"
"133.1800","2.2184","45.2283"
"133.2000","2.2188","45.1930"
"133.2200","2.2192","45.2507"
"133.2400","2.2196","45.2284"
"133.2600","2.2199","45.1932"
"133.2800","2.2201","45.1718"
"133.3000","2.2203","45.1211"
"133.3200","2.2206","45.1335"
"133.3400","2.2209","45.1973"
"133.3600","2.2213","45.2570"
"133.3800","2.2217","45.2271"
"133.4000","2.2220","45.2179"
"133.4200","2.2224","45.2101"
"133.4400","2.2227","45.1377"
"133.4600","2.2230","45.1491"
"133.4800","2.2233","45.1838"
"133.5000","2.2235","45.1526"
"133.5200","2.2239","45.0961"
"133.5400","2.2243","45.1738"
"133.5600","2.2248","45.1528"
"133.5800","2.2253","45.1614"
"133.6000","2.2256","45.0664"
"133.6200","2.2259","45.0474"
"133.6400","2.2261","45.1207"
"133.6600","2.2264","45.0988"
"133.6800","2.2266","45.0689"
"133.7000","2.2269","45.0181"
"133.7200","2.2273","45.0338"
"133.7400","2.2276","44.9760"
"133.7600","2.2280","45.0508"
"133.7800","2.2284","45.0646"
"133.8000","2.2287","45.0937"
"133.8200","2.2290","45.0740"
"133.8400","2.2293","45.0983"
"133.8600","2.2297","45.0997"
"133.8800","2.2301","45.0492"
"133.9000","2.2305","45.0937"
"133.9200","2.2309","45.0307"
"133.9400","2.2312","44.9822"
"133.9600","2.2315","44.9957"
"133.9800","2.2317","44.9205"
"134.0000","2.2320","44.9604"
"134.0200","2.2322","44.9970"
"134.0400","2.2326","44.9030"
"134.0600","2.2330","44.9041"
"134.0800","2.2333","44.9457"
"134.1000","2.2337","44.9530"
"134.1200","2.2341","45.0261"
"134.1400","2.2344","45.0168"
"134.1600","2.2346","45.0014"
"134.1800","2.2349","45.0132"
"134.2000","2.2352","45.0393"
"134.2200","2.2356","45.0636"
"134.2400","2.2361","45.0414"
"134.2600","2.2365","44.9938"
"134.2800","2.2370","44.9851"
"134.3000","2.2373","44.9796"
"134.3200","2.2375","44.9795"
"134.3400","2.2377","44.9293"
"134.3600","2.2380","44.9408"
"134.3800","2.2382","44.9160"
"134.4000","2.2386","44.8853"
"134.4200","2.2389","44.8971"
"134.4400","2.2393","44.9298"
"134.4600","2.2397","44.9806"
"134.4800","2.2400","44.9385"
"134.5000","2.2403","44.9501"
"134.5200","2.2407","44.9915"
"134.5400","2.2410","45.0049"
"134.5600","2.2414","45.0148"
"134.5800","2.2418","44.9791"
"134.6000","2.2423","45.0114"
"134.6200","2.2426","44.9572"
"134.6400","2.2429","44.9489"
"134.6600","2.2431","44.9378"
"134.6800","2.2434","44.9689"
"134.7000","2.2436","44.9065"
"134.7200","2.2439","44.8869"
"134.7400","2.2443","44.8993"
"134.7600","2.2447","44.9395"
"134.7800","2.2451","44.9720"
"134.8000","2.2454","44.9377"
"134.8200","2.2457","44.8744"
"134.8400","2.2460","44.9127"
"134.8600","2.2463","44.8879"
"134.8800","2.2465","44.9572"
"134.9000","2.2469","44.9396"
"134.9200","2.2473","44.8762"
"134.9400","2.2478","44.8929"
"134.9600","2.2483","44.8262"
"134.9800","2.2487","44.9203"
"135.0000","2.2489","44.9373"
"135.0200","2.2491","44.8965"
"135.0400","2.2494","44.8686"
"135.0600","2.2496","44.9012"
"135.0800","2.2499","44.8788"
"135.1000","2.2503","44.8853"
"135.1200","2.2507","44.9029"
"135.1400","2.2511","44.9444"
"135.1600","2.2514","44.8956"
"135.1800","2.2517","44.9443"
"135.2000","2.2520","44.9909"
"135.2200","2.2524","44.9583"
"135.2400","2.2527","44.9413"
"135.2600","2.2531","44.9458"
"135.2800","2.2536","44.9594"
"135.3000","2.2539","45.0058"
"135.3200","2.2542","44.9655"
"135.3400","2.2545","45.0060"
"135.3600","2.2547","44.9831"
"135.3800","2.2550","44.8977"
"135.4000","2.2553","44.9068"
"135.4200","2.2556","44.9535"
"135.4400","2.2560","44.9501"
"135.4600","2.2564","44.9146"
"135.4800","2.2568","44.9067"
"135.5000","2.2571","44.9754"
"135.5200","2.2574","44.9581"
"135.5400","2.2576","44.9741"
"135.5600","2.2579","44.9368"
"135.5800","2.2582","44.9848"
"135.6000","2.2586","44.9799"
"135.6200","2.2591","44.9533"
"135.6400","2.2596","45.0127"
"135.6600","2.2600","45.0832"
"135.6800","2.2603","45.0666"
"135.7000","2.2606","45.0407"
"135.7200","2.2608","45.0102"
"135.7400","2.2610","45.0341"
"135.7600","2.2613","45.0377"
"135.7800","2.2616","45.0065"
"135.8000","2.2620","45.0379"
"135.8200","2.2624","44.9975"
"135.8400","2.2627","45.0035"
"135.8600","2.2630","45.0157"
"135.8800","2.2633","45.0776"
"135.9000","2.2637","45.1371"
"135.9200","2.2640","45.0937"
"135.9400","2.2644","45.0551"
"135.9600","2.2648","45.0530"
"135.9800","2.2652","44.9923"
"136.0000","2.2656","44.9773"
"136.0200","2.2658","44.9728"
"136.0400","2.2661","44.9648"
"136.0600","2.2663","44.9789"
"136.0800","2.2666","45.0002"
"136.1000","2.2669","45.0096"
"136.1200","2.2673","44.9323"
"136.1400","2.2677","44.8893"
"136.1600","2.2681","44.9201"
"136.1800","2.2684","44.9810"
"136.2000","2.2687","44.9962"
"136.2200","2.2690","44.9753"
"136.2400","2.2693","45.0294"
"136.2600","2.2696","44.9637"
"136.2800","2.2699","44.9332"
"136.3000","2.2703","44.9539"
"136.3200","2.2708","44.9745"
"136.3400","2.2712","45.0271"
"136.3600","2.2716","45.0099"
"136.3800","2.2719","44.9399"
"136.4000","2.2721","44.9529"
"136.4200","2.2723","45.0821"
"136.4400","2.2726","45.0694"
"136.4600","2.2729","45.0259"
"136.4800","2.2733","44.9988"
"136.5000","2.2737","44.9606"
"136.5200","2.2740","44.9757"
"136.5400","2.2744","44.9335"
"136.5600","2.2747","44.9232"
"136.5800","2.2750","44.8912"
"136.6000","2.2753","44.8666"
"136.6200","2.2757","44.8972"
"136.6400","2.2761","44.9750"
"136.6600","2.2765","44.8988"
"136.6800","2.2769","44.8529"
"136.7000","2.2772","44.9034"
"136.7200","2.2774","44.9141"
"136.7400","2.2777","44.8827"
"136.7600","2.2779","44.9003"
"136.7800","2.2782","44.8991"
"136.8000","2.2786","44.9513"
"136.8200","2.2789","44.8944"
"136.8400","2.2793","44.8640"
"136.8600","2.2797","44.8654"
"136.8800","2.2801","44.8565"
"136.9000","2.2804","44.8302"
"136.9200","2.2806","44.8159"
"136.9400","2.2809","44.8605"
"136.9600","2.2812","44.8853"
"136.9800","2.2816","44.9499"
"137.0000","2.2821","44.9327"
"137.0200","2.2826","44.8884"
"137.0400","2.2830","44.9086"
"137.0600","2.2833","44.9072"
"137.0800","2.2835","44.9090"
"137.1000","2.2837","44.8789"
"137.1200","2.2840","44.8388"
"137.1400","2.2843","44.9266"
"137.1600","2.2846","44.9318"
"137.1800","2.2850","44.8317"
"137.2000","2.2854","44.8494"
"137.2200","2.2857","44.9200"
"137.2400","2.2861","44.9068"
"137.2600","2.2864","44.8584"
"137.2800","2.2867","44.8842"
"137.3000","2.2871","44.8705"
"137.3200","2.2874","44.8853"
"137.3400","2.2878","44.9515"
"137.3600","2.2882","44.9019"
"137.3800","2.2885","44.8529"
"137.4000","2.2888","44.8206"
"137.4200","2.2891","44.8948"
"137.4400","2.2893","44.8703"
"137.4600","2.2896","44.8256"
"137.4800","2.2899","44.7666"
"137.5000","2.2903","44.8069"
"137.5200","2.2907","44.8072"
"137.5400","2.2911","44.8054"
"137.5600","2.2914","44.8875"
"137.5800","2.2917","44.8997"
"137.6000","2.2920","44.9383"
"137.6200","2.2923","44.8354"
"137.6400","2.2926","44.7877"
"137.6600","2.2929","44.7963"
"137.6800","2.2934","44.8606"
"137.7000","2.2938","44.8899"
"137.7200","2.2943","44.8481"
"137.7400","2.2946","44.8110"
"137.7600","2.2949","44.8291"
"137.7800","2.2951","44.8877"
"137.8000","2.2953","44.8382"
"137.8200","2.2956","44.7608"
"137.8400","2.2959","44.8051"
"137.8600","2.2963","44.8871"
"137.8800","2.2967","44.9232"
"137.9000","2.2971","44.9254"
"137.9200","2.2974","44.8681"
"137.9400","2.2977","44.8546"
"137.9600","2.2980","44.7995"
"137.9800","2.2984","44.7513"
"138.0000","2.2987","44.7732"
"138.0200","2.2991","44.8205"
"138.0400","2.2995","44.8298"
"138.0600","2.2999","44.8333"
"138.0800","2.3002","44.8027"
"138.1000","2.3004","44.8023"
"138.1200","2.3007","44.7768"
"138.1400","2.3009","44.7973"
"138.1600","2.3012","44.8511"
"138.1800","2.3016","44.8020"
"138.2000","2.3019","44.7505"
"138.2200","2.3023","44.8056"
"138.2400","2.3027","44.8259"
"138.2600","2.3030","44.7855"
"138.2800","2.3033","44.7233"
"138.3000","2.3036","44.7441"
"138.3200","2.3039","44.7850"
"138.3400","2.3042","44.7245"
"138.3600","2.3047","44.6875"
"138.3800","2.3051","44.6643"
"138.4000","2.3056","44.6973"
"138.4200","2.3060","44.7388"
"138.4400","2.3062","44.7810"
"138.4600","2.3065","44.6660"
"138.4800","2.3067","44.6334"
"138.5000","2.3069","44.7208"
"138.5200","2.3072","44.7845"
"138.5400","2.3076","44.6983"
"138.5600","2.3080","44.7346"
"138.5800","2.3084","44.7401"
"138.6000","2.3088","44.6971"
"138.6200","2.3091","44.6871"
"138.6400","2.3094","44.6916"
"138.6600","2.3097","44.7842"
"138.6800","2.3100","44.8295"
"138.7000","2.3104","44.8648"
"138.7200","2.3108","44.8125"
"138.7400","2.3112","44.7956"
"138.7600","2.3115","44.7094"
"138.7800","2.3118","44.6853"
"138.8000","2.3120","44.6925"
"138.8200","2.3123","44.7969"
"138.8400","2.3126","44.7593"
"138.8600","2.3129","44.7206"
"138.8800","2.3133","44.7254"
"138.9000","2.3137","44.7247"
"138.9200","2.3141","44.8049"
"138.9400","2.3144","44.8483"
"138.9600","2.3147","44.8139"
"138.9800","2.3150","44.7429"
"139.0000","2.3152","44.6991"
"139.0200","2.3156","44.7038"
"139.0400","2.3160","44.7884"
"139.0600","2.3164","44.7187"
"139.0800","2.3169","44.7272"
"139.1000","2.3173","44.7641"
"139.1200","2.3176","44.7166"
"139.1400","2.3178","44.6877"
"139.1600","2.3181","44.6805"
"139.1800","2.3183","44.6701"
"139.2000","2.3186","44.7213"
"139.2200","2.3189","44.7233"
"139.2400","2.3193","44.8003"
"139.2600","2.3197","44.8084"
"139.2800","2.3201","44.7491"
"139.3000","2.3204","44.7526"
"139.3200","2.3208","44.7764"
"139.3400","2.3211","44.8074"
"139.3600","2.3214","44.8209"
"139.3800","2.3218","44.7946"
"139.4000","2.3221","44.7710"
"139.4200","2.3225","44.7329"
"139.4400","2.3229","44.7115"
"139.4600","2.3231","44.6630"
"139.4800","2.3234","44.6487"
"139.5000","2.3236","44.7656"
"139.5200","2.3239","44.8043"
"139.5400","2.3242","44.7380"
"139.5600","2.3246","44.7755"
"139.5800","2.3250","44.7679"
"139.6000","2.3254","44.7910"
"139.6200","2.3257","44.7569"
"139.6400","2.3260","44.7814"
"139.6600","2.3263","44.7879"
"139.6800","2.3266","44.8236"
"139.7000","2.3269","44.8229"
"139.7200","2.3273","44.8235"
"139.7400","2.3277","44.7074"
"139.7600","2.3282","44.7435"
"139.7800","2.3286","44.8413"
"139.8000","2.3290","44.8149"
"139.8200","2.3293","44.7919"
"139.8400","2.3295","44.8255"
"139.8600","2.3297","44.7660"
"139.8800","2.3299","44.7300"
"139.9000","2.3303","44.6844"
"139.9200","2.3306","44.6964"
"139.9400","2.3310","44.7751"
"139.9600","2.3314","44.7632"
"139.9800","2.3318","44.7202"
"140.0000","2.3321","44.7579"
"140.0200","2.3324","44.7781"
"140.0400","2.3327","44.7239"
"140.0600","2.3331","44.7230"
"140.0800","2.3335","44.6576"
"140.1000","2.3339","44.6107"
"140.1200","2.3342","44.6494"
"140.1400","2.3345","44.6308"
"140.1600","2.3348","44.5687"
"140.1800","2.3350","44.5778"
"140.2000","2.3353","44.6392"
"140.2200","2.3356","44.6456"
"140.2400","2.3359","44.6151"
"140.2600","2.3363","44.5857"
"140.2800","2.3367","44.5744"
"140.3000","2.3370","44.5989"
"140.3200","2.3374","44.5838"
"140.3400","2.3376","44.5989"
"140.3600","2.3379","44.5945"
"140.3800","2.3382","44.6494"
"140.4000","2.3385","44.6204"
"140.4200","2.3389","44.5366"
"140.4400","2.3394","44.5557"
"140.4600","2.3399","44.5609"
"140.4800","2.3403","44.5855"
"140.5000","2.3406","44.5380"
"140.5200","2.3409","44.5698"
"140.5400","2.3411","44.5942"
"140.5600","2.3413","44.5572"
"140.5800","2.3416","44.5656"
"140.6000","2.3419","44.5833"
"140.6200","2.3423","44.5240"
"140.6400","2.3427","44.5060"
"140.6600","2.3431","44.5337"
"140.6800","2.3434","44.4942"
"140.7000","2.3437","44.4666"
"140.7200","2.3440","44.5397"
"140.7400","2.3444","44.6321"
"140.7600","2.3447","44.5724"
"140.7800","2.3451","44.4668"
"140.8000","2.3455","44.5255"
"140.8200","2.3459","44.5618"
"140.8400","2.3462","44.6655"
"140.8600","2.3464","44.6294"
"140.8800","2.3467","44.5423"
"140.9000","2.3469","44.5193"
"140.9200","2.3473","44.4726"
"140.9400","2.3476","44.4335"
"140.9600","2.3480","44.4740"
"140.9800","2.3484","44.5037"
"141.0000","2.3487","44.5981"
"141.0200","2.3490","44.5976"
"141.0400","2.3493","44.5172"
"141.0600","2.3496","44.5108"
"141.0800","2.3499","44.5246"
"141.1000","2.3502","44.5104"
"141.1200","2.3507","44.4923"
"141.1400","2.3511","44.4760"
"141.1600","2.3516","44.5547"
"141.1800","2.3519","44.5157"
"141.2000","2.3522","44.4876"
"141.2200","2.3524","44.5263"
"141.2400","2.3527","44.5292"
"141.2600","2.3529","44.4777"
"141.2800","2.3533","44.4242"
"141.3000","2.3536","44.4229"
"141.3200","2.3540","44.4444"
"141.3400","2.3544","44.4460"
"141.3600","2.3547","44.4560"
"141.3800","2.3550","44.4819"
"141.4000","2.3553","44.5191"
"141.4200","2.3557","44.4749"
"141.4400","2.3560","44.4363"
"141.4600","2.3564","44.3255"
"141.4800","2.3568","44.3646"
"141.5000","2.3572","44.4941"
"141.5200","2.3575","44.5007"
"141.5400","2.3578","44.4024"
"141.5600","2.3580","44.3587"
"141.5800","2.3583","44.3593"
"141.6000","2.3586","44.3600"
"141.6200","2.3589","44.4344"
"141.6400","2.3593","44.4647"
"141.6600","2.3597","44.4173"
"141.6800","2.3600","44.3769"
"141.7000","2.3604","44.4813"
"141.7200","2.3607","44.5125"
"141.7400","2.3609","44.4530"
"141.7600","2.3612","44.4272"
"141.7800","2.3615","44.4136"
"141.8000","2.3620","44.4350"
"141.8200","2.3624","44.4431"
"141.8400","2.3629","44.3874"
"141.8600","2.3633","44.4172"
"141.8800","2.3636","44.4377"
"141.9000","2.3638","44.4028"
"141.9200","2.3640","44.4275"
"141.9400","2.3643","44.4962"
"141.9600","2.3646","44.4665"
"141.9800","2.3650","44.4631"
"142.0000","2.3653","44.4122"
"142.0200","2.3657","44.3453"
"142.0400","2.3661","44.3240"
"142.0600","2.3664","44.3404"
"142.0800","2.3667","44.3423"
"142.1000","2.3670","44.3857"
"142.1200","2.3674","44.3760"
"142.1400","2.3678","44.3909"
"142.1600","2.3682","44.3462"
"142.1800","2.3686","44.3327"
"142.2000","2.3689","44.4292"
"142.2200","2.3692","44.3822"
"142.2400","2.3694","44.3464"
"142.2600","2.3697","44.3515"
"142.2800","2.3699","44.3881"
"142.3000","2.3703","44.4659"
"142.3200","2.3707","44.5053"
"142.3400","2.3710","44.5212"
"142.3600","2.3714","44.4702"
"142.3800","2.3717","44.3993"
"142.4000","2.3720","44.3843"
"142.4200","2.3723","44.3625"
"142.4400","2.3726","44.3331"
"142.4600","2.3729","44.3466"
"142.4800","2.3733","44.3800"
"142.5000","2.3737","44.4390"
"142.5200","2.3742","44.4016"
"142.5400","2.3746","44.4370"
"142.5600","2.3749","44.4313"
"142.5800","2.3752","44.4442"
"142.6000","2.3754","44.3653"
"142.6200","2.3757","44.3690"
"142.6400","2.3760","44.4396"
"142.6600","2.3763","44.3831"
"142.6800","2.3767","44.3092"
"142.7000","2.3771","44.3092"
"142.7200","2.3774","44.3926"
"142.7400","2.3777","44.4496"
"142.7600","2.3780","44.4251"
"142.7800","2.3784","44.3874"
"142.8000","2.3787","44.3538"
"142.8200","2.3791","44.3940"
"142.8400","2.3795","44.3755"
"142.8600","2.3799","44.3459"
"142.8800","2.3803","44.3382"
"142.9000","2.3806","44.4021"
"142.9200","2.3808","44.3724"
"142.9400","2.3811","44.3582"
"142.9600","2.3813","44.3541"
"142.9800","2.3816","44.3602"
"143.0000","2.3820","44.3460"
"143.0200","2.3823","44.4118"
"143.0400","2.3827","44.4055"
"143.0600","2.3831","44.3155"
"143.0800","2.3834","44.2454"
"143.1000","2.3836","44.2274"
"143.1200","2.3839","44.2923"
"143.1400","2.3842","44.3593"
"143.1600","2.3845","44.4272"
"143.1800","2.3850","44.3854"
"143.2000","2.3854","44.3938"
"143.2200","2.3859","44.4297"
"143.2400","2.3863","44.4409"
"143.2600","2.3866","44.4197"
"143.2800","2.3868","44.4578"
"143.3000","2.3870","44.4672"
"143.3200","2.3873","44.4937"
"143.3400","2.3876","44.4666"
"143.3600","2.3880","44.4549"
"143.3800","2.3884","44.4476"
"143.4000","2.3887","44.4380"
"143.4200","2.3891","44.4345"
"143.4400","2.3894","44.4205"
"143.4600","2.3897","44.3733"
"143.4800","2.3900","44.4486"
"143.5000","2.3904","44.4082"
"143.5200","2.3908","44.3649"
"143.5400","2.3912","44.3355"
"143.5600","2.3916","44.3586"
"143.5800","2.3919","44.4301"
"143.6000","2.3922","44.4918"
"143.6200","2.3924","44.4650"
"143.6400","2.3927","44.4278"
"143.6600","2.3929","44.4394"
"143.6800","2.3933","44.4829"
"143.7000","2.3937","44.4155"
"143.7200","2.3941","44.3833"
"143.7400","2.3944","44.3901"
"143.7600","2.3947","44.3690"
"143.7800","2.3950","44.3567"
"143.8000","2.3953","44.3720"
"143.8200","2.3955","44.2980"
"143.8400","2.3958","44.3133"
"143.8600","2.3962","44.4006"
"143.8800","2.3967","44.4311"
"143.9000","2.3971","44.4592"
"143.9200","2.3976","44.4380"
"143.9400","2.3979","44.4185"
"143.9600","2.3981","44.3688"
"143.9800","2.3984","44.3705"
"144.0000","2.3986","44.3660"
"144.0200","2.3989","44.4110"
"144.0400","2.3993","44.3704"
"144.0600","2.3997","44.4427"
"144.0800","2.4000","44.5276"
"144.1000","2.4004","44.5177"
"144.1200","2.4007","44.5045"
"144.1400","2.4010","44.4651"
"144.1600","2.4013","44.4785"
"144.1800","2.4017","44.3959"
"144.2000","2.4021","44.4441"
"144.2200","2.4025","44.4841"
"144.2400","2.4029","44.4314"
"144.2600","2.4032","44.4067"
"144.2800","2.4035","44.4304"
"144.3000","2.4038","44.3823"
"144.3200","2.4040","44.3437"
"144.3400","2.4043","44.4007"
"144.3600","2.4046","44.4058"
"144.3800","2.4050","44.3950"
"144.4000","2.4053","44.3562"
"144.4200","2.4057","44.4059"
"144.4400","2.4061","44.4639"
"144.4600","2.4064","44.4542"
"144.4800","2.4066","44.4614"
"144.5000","2.4069","44.4296"
"144.5200","2.4072","44.3430"
"144.5400","2.4075","44.4911"
"144.5600","2.4080","44.4800"
"144.5800","2.4084","44.4550"
"144.6000","2.4089","44.4806"
"144.6200","2.4092","44.5121"
"144.6400","2.4095","44.4688"
"144.6600","2.4097","44.4415"
"144.6800","2.4100","44.4619"
"144.7000","2.4103","44.4978"
"144.7200","2.4106","44.4463"
"144.7400","2.4109","44.4743"
"144.7600","2.4113","44.6105"
"144.7800","2.4117","44.5710"
"144.8000","2.4121","44.5572"
"144.8200","2.4124","44.5788"
"144.8400","2.4127","44.5495"
"144.8600","2.4130","44.5963"
"144.8800","2.4134","44.5571"
"144.9000","2.4138","44.5018"
"144.9200","2.4142","44.4767"
"144.9400","2.4146","44.5010"
"144.9600","2.4149","44.4458"
"144.9800","2.4152","44.4379"
"145.0000","2.4154","44.5565"
"145.0200","2.4157","44.5745"
"145.0400","2.4160","44.5303"
"145.0600","2.4163","44.5050"
"145.0800","2.4167","44.5140"
"145.1000","2.4171","44.5453"
"145.1200","2.4174","44.5768"
"145.1400","2.4178","44.5489"
"145.1600","2.4180","44.5278"
"145.1800","2.4183","44.4984"
"145.2000","2.4185","44.4741"
"145.2200","2.4189","44.4854"
"145.2400","2.4193","44.5566"
"145.2600","2.4197","44.5706"
"145.2800","2.4202","44.6083"
"145.3000","2.4206","44.5643"
"145.3200","2.4209","44.4846"
"145.3400","2.4211","44.4870"
"145.3600","2.4214","44.5151"
"145.3800","2.4216","44.5175"
"145.4000","2.4219","44.4470"
"145.4200","2.4222","44.4598"
"145.4400","2.4226","44.4581"
"145.4600","2.4230","44.4736"
"145.4800","2.4234","44.5029"
"145.5000","2.4237","44.5202"
"145.5200","2.4240","44.5428"
"145.5400","2.4243","44.5219"
"145.5600","2.4247","44.5855"
"145.5800","2.4251","44.5037"
"145.6000","2.4255","44.5109"
"145.6200","2.4259","44.5113"
"145.6400","2.4262","44.5404"
"145.6600","2.4265","44.5067"
"145.6800","2.4268","44.4172"
"145.7000","2.4270","44.4159"
"145.7200","2.4273","44.5248"
"145.7400","2.4276","44.5450"
"145.7600","2.4279","44.4835"
"145.7800","2.4283","44.3533"
"145.8000","2.4287","44.3567"
"145.8200","2.4291","44.3771"
"145.8400","2.4294","44.4558"
"145.8600","2.4297","44.5170"
"145.8800","2.4299","44.4077"
"145.9000","2.4302","44.3510"
"145.9200","2.4306","44.4368"
"145.9400","2.4310","44.4643"
"145.9600","2.4315","44.4129"
"145.9800","2.4319","44.4614"
"146.0000","2.4323","44.4311"
"146.0200","2.4326","44.2970"
"146.0400","2.4328","44.3710"
"146.0600","2.4330","44.4377"
"146.0800","2.4333","44.4592"
"146.1000","2.4336","44.4615"
"146.1200","2.4340","44.4878"
"146.1400","2.4344","44.5092"
"146.1600","2.4347","44.4940"
"146.1800","2.4351","44.5179"
"146.2000","2.4354","44.4816"
"146.2200","2.4357","44.5025"
"146.2400","2.4360","44.5035"
"146.2600","2.4364","44.5165"
"146.2800","2.4368","44.4115"
"146.3000","2.4372","44.3327"
"146.3200","2.4376","44.3459"
"146.3400","2.4379","44.3957"
"146.3600","2.4381","44.4004"
"146.3800","2.4384","44.4423"
"146.4000","2.4386","44.5074"
"146.4200","2.4389","44.5240"
"146.4400","2.4393","44.4654"
"146.4600","2.4397","44.4515"
"146.4800","2.4401","44.4098"
"146.5000","2.4404","44.3650"
"146.5200","2.4408","44.4310"
"146.5400","2.4410","44.4672"
"146.5600","2.4413","44.4331"
"146.5800","2.4416","44.4917"
"146.6000","2.4419","44.5096"
"146.6200","2.4423","44.4518"
"146.6400","2.4427","44.4484"
"146.6600","2.4432","44.4276"
"146.6800","2.4436","44.4418"
"146.7000","2.4439","44.4448"
"146.7200","2.4441","44.4664"
"146.7400","2.4444","44.5060"
"146.7600","2.4446","44.5148"
"146.7800","2.4449","44.4822"
"146.8000","2.4453","44.4460"
"146.8200","2.4456","44.4911"
"146.8400","2.4460","44.5073"
"146.8600","2.4464","44.4607"
"146.8800","2.4467","44.4781"
"146.9000","2.4470","44.4849"
"146.9200","2.4473","44.5440"
"146.9400","2.4477","44.5666"
"146.9600","2.4481","44.5247"
"146.9800","2.4485","44.4635"
"147.0000","2.4489","44.5190"
"147.0200","2.4492","44.5839"
"147.0400","2.4495","44.5228"
"147.0600","2.4497","44.5168"
"147.0800","2.4500","44.5517"
"147.1000","2.4503","44.5602"
"147.1200","2.4506","44.5149"
"147.1400","2.4510","44.4911"
"147.1600","2.4513","44.5206"
"147.1800","2.4517","44.5266"
"147.2000","2.4521","44.5526"
"147.2200","2.4524","44.5506"
"147.2400","2.4526","44.6218"
"147.2600","2.4529","44.5320"
"147.2800","2.4532","44.4056"
"147.3000","2.4536","44.4219"
"147.3200","2.4540","44.4564"
"147.3400","2.4545","44.6036"
"147.3600","2.4550","44.5851"
"147.3800","2.4553","44.5126"
"147.4000","2.4555","44.4788"
"147.4200","2.4558","44.5728"
"147.4400","2.4560","44.6351"
"147.4600","2.4563","44.5915"
"147.4800","2.4566","44.5660"
"147.5000","2.4570","44.5968"
"147.5200","2.4573","44.5567"
"147.5400","2.4577","44.5787"
"147.5600","2.4580","44.6314"
"147.5800","2.4583","44.5797"
"147.6000","2.4586","44.5518"
"147.6200","2.4590","44.5874"
"147.6400","2.4594","44.5954"
"147.6600","2.4598","44.5442"
"147.6800","2.4602","44.6029"
"147.7000","2.4606","44.6618"
"147.7200","2.4609","44.6935"
"147.7400","2.4611","44.6950"
"147.7600","2.4614","44.6588"
"147.7800","2.4616","44.6124"
"147.8000","2.4619","44.5368"
"147.8200","2.4623","44.5775"
"147.8400","2.4627","44.5164"
"147.8600","2.4630","44.5088"
"147.8800","2.4634","44.5886"
"147.9000","2.4637","44.6686"
"147.9200","2.4640","44.7117"
"147.9400","2.4643","44.6515"
"147.9600","2.4646","44.6183"
"147.9800","2.4649","44.6384"
"148.0000","2.4653","44.6297"
"148.0200","2.4658","44.6764"
"148.0400","2.4662","44.6806"
"148.0600","2.4667","44.7275"
"148.0800","2.4669","44.7426"
"148.1000","2.4672","44.7322"
"148.1200","2.4674","44.7257"
"148.1400","2.4676","44.6719"
"148.1600","2.4679","44.6830"
"148.1800","2.4682","44.6393"
"148.2000","2.4686","44.6434"
"148.2200","2.4690","44.7222"
"148.2400","2.4694","44.7605"
"148.2600","2.4697","44.7952"
"148.2800","2.4700","44.7412"
"148.3000","2.4703","44.6666"
"148.3200","2.4707","44.6203"
"148.3400","2.4711","44.6443"
"148.3600","2.4715","44.6546"
"148.3800","2.4719","44.6938"
"148.4000","2.4722","44.6103"
"148.4200","2.4725","44.6787"
"148.4400","2.4727","44.6995"
"148.4600","2.4730","44.6582"
"148.4800","2.4733","44.7527"
"148.5000","2.4736","44.7932"
"148.5200","2.4740","44.7313"
"148.5400","2.4744","44.6980"
"148.5600","2.4748","44.6523"
"148.5800","2.4751","44.6894"
"148.6000","2.4754","44.6882"
"148.6200","2.4757","44.7827"
"148.6400","2.4759","44.7821"
"148.6600","2.4762","44.7624"
"148.6800","2.4766","44.7922"
"148.7000","2.4770","44.7665"
"148.7200","2.4775","44.6837"
"148.7400","2.4780","44.6760"
"148.7600","2.4783","44.7338"
"148.7800","2.4786","44.7740"
"148.8000","2.4788","44.7765"
"148.8200","2.4790","44.7884"
"148.8400","2.4792","44.7798"
"148.8600","2.4796","44.7382"
"148.8800","2.4799","44.7758"
"148.9000","2.4803","44.7893"
"148.9200","2.4807","44.8038"
"148.9400","2.4810","44.8401"
"148.9600","2.4813","44.8715"
"148.9800","2.4817","44.8001"
"149.0000","2.4820","44.7794"
"149.0200","2.4824","44.8729"
"149.0400","2.4828","44.8296"
"149.0600","2.4832","44.8122"
"149.0800","2.4836","44.8602"
"149.1000","2.4839","44.9015"
"149.1200","2.4841","44.8534"
"149.1400","2.4843","44.8144"
"149.1600","2.4846","44.7864"
"149.1800","2.4849","44.8711"
"149.2000","2.4853","44.8307"
"149.2200","2.4857","44.7513"
"149.2400","2.4860","44.7440"
"149.2600","2.4864","44.7886"
"149.2800","2.4867","44.9027"
"149.3000","2.4870","44.8629"
"149.3200","2.4873","44.8730"
"149.3400","2.4875","44.8610"
"149.3600","2.4879","44.7944"
"149.3800","2.4883","44.7913"
"149.4000","2.4887","44.8171"
"149.4200","2.4892","44.8063"
"149.4400","2.4896","44.8446"
"149.4600","2.4899","44.8821"
"149.4800","2.4902","44.8841"
"149.5000","2.4904","44.7813"
"149.5200","2.4906","44.8172"
"149.5400","2.4909","44.8054"
"149.5600","2.4912","44.8226"
"149.5800","2.4916","44.7711"
"149.6000","2.4920","44.8283"
"149.6200","2.4924","44.8790"
"149.6400","2.4927","44.8605"
"149.6600","2.4930","44.8521"
"149.6800","2.4934","44.8449"
"149.7000","2.4937","44.7763"
"149.7200","2.4941","44.8960"
"149.7400","2.4945","44.9784"
"149.7600","2.4949","44.9094"
"149.7800","2.4952","44.8563"
"149.8000","2.4955","44.9025"
"149.8200","2.4957","44.9266"
"149.8400","2.4960","44.9678"
"149.8600","2.4962","44.9504"
"149.8800","2.4966","44.9243"
"149.9000","2.4970","44.8004"
"149.9200","2.4974","44.8101"
"149.9400","2.4977","44.7933"
"149.9600","2.4981","44.8400"
"149.9800","2.4984","44.8860"
"150.0000","2.4986","44.8878"
"150.0200","2.4989","44.8650"
"150.0400","2.4992","44.9209"
"150.0600","2.4996","44.9371"
"150.0800","2.5000","44.8024"
"150.1000","2.5005","44.7924"
"150.1200","2.5010","44.9046"
"150.1400","2.5013","45.0169"
"150.1600","2.5016","45.0528"
"150.1800","2.5018","44.9990"
"150.2000","2.5020","44.9346"
"150.2200","2.5023","44.8917"
"150.2400","2.5026","44.8978"
"150.2600","2.5030","44.8259"
"150.2800","2.5033","44.8115"
"150.3000","2.5037","44.8602"
"150.3200","2.5040","44.9399"
"150.3400","2.5043","44.8804"
"150.3600","2.5047","44.8563"
"150.3800","2.5050","44.8564"
"150.4000","2.5054","44.8074"
"150.4200","2.5058","44.7989"
"150.4400","2.5062","44.8769"
"150.4600","2.5066","44.9153"
"150.4800","2.5069","44.8380"
"150.5000","2.5071","44.8924"
"150.5200","2.5074","44.8877"
"150.5400","2.5076","44.8325"
"150.5600","2.5079","44.8354"
"150.5800","2.5083","44.8252"
"150.6000","2.5087","44.8144"
"150.6200","2.5091","44.7370"
"150.6400","2.5094","44.7134"
"150.6600","2.5097","44.7522"
"150.6800","2.5100","44.8107"
"150.7000","2.5103","44.7901"
"150.7200","2.5106","44.7460"
"150.7400","2.5109","44.8160"
"150.7600","2.5113","44.8427"
"150.7800","2.5118","44.7807"
"150.8000","2.5123","44.7253"
"150.8200","2.5126","44.7261"
"150.8400","2.5129","44.7822"
"150.8600","2.5131","44.7937"
"150.8800","2.5134","44.8023"
"150.9000","2.5136","44.7370"
"150.9200","2.5139","44.7897"
"150.9400","2.5143","44.7952"
"150.9600","2.5147","44.6534"
"150.9800","2.5151","44.7011"
"151.0000","2.5154","44.7775"
"151.0200","2.5157","44.7711"
"151.0400","2.5160","44.7171"
"151.0600","2.5163","44.6787"
"151.0800","2.5167","44.7035"
"151.1000","2.5171","44.8434"
"151.1200","2.5175","44.8355"
"151.1400","2.5179","44.7762"
"151.1600","2.5182","44.7081"
"151.1800","2.5185","44.6658"
"151.1960","2.5187","44.7205"
"151.1970","2.5187","44.7220"
"151.2170","2.5189","44.7328"
"151.2370","2.5192","44.7802"
"151.2570","2.5195","44.7854"
"151.2770","2.5197","44.6758"
"151.2970","2.5199","44.7147"
"151.3170","2.5199","44.6905"
"151.3370","2.5199","44.7012"
"151.3570","2.5199","44.7177"
"151.3770","2.5199","44.7339"
"151.3970","2.5199","44.6614"
"151.4170","2.5199","44.6906"
"151.4370","2.5199","44.6500"
"151.4570","2.5199","44.6736"
"151.4770","2.5199","44.6669"
"151.4970","2.5199","44.6289"
"151.5170","2.5199","44.4984"
"151.5370","2.5198","44.5546"
"151.5570","2.5198","44.5615"
"151.5770","2.5198","44.5605"
"151.5970","2.5198","44.5822"
"151.6170","2.5198","44.5976"
"151.6370","2.5198","44.6042"
"151.6570","2.5198","44.6080"
"151.6770","2.5198","44.5318"
"151.6970","2.5198","44.5593"
"151.7170","2.5197","44.6198"
"151.7370","2.5197","44.6064"
"151.7570","2.5197","44.6001"
"151.7770","2.5197","44.5400"
"151.7970","2.5197","44.4933"
"151.8170","2.5197","44.4933"
"151.8370","2.5196","44.4489"
"151.8570","2.5196","44.4113"
"151.8770","2.5196","44.4023"
"151.8970","2.5196","44.4239"
"151.9170","2.5196","44.3696"
"151.9370","2.5196","44.2999"
"151.9570","2.5196","44.3566"
"151.9770","2.5196","44.4753"
"151.9970","2.5196","44.4438"
"152.0170","2.5196","44.4012"
"152.0370","2.5196","44.3792"
"152.0570","2.5196","44.3233"
"152.0770","2.5196","44.3934"
"152.0970","2.5196","44.4648"
"152.1170","2.5196","44.3455"
"152.1370","2.5196","44.3408"
"152.1570","2.5195","44.3336"
"152.1770","2.5195","44.3800"
"152.1970","2.5195","44.4418"
"152.2170","2.5195","44.4768"
"152.2370","2.5195","44.4301"
"152.2570","2.5195","44.3424"
"152.2770","2.5195","44.3321"
"152.2970","2.5195","44.2749"
"152.3170","2.5195","44.2331"
"152.3370","2.5195","44.2263"
"152.3570","2.5195","44.2940"
"152.3770","2.5195","44.3187"
"152.3970","2.5195","44.2986"
"152.4170","2.5195","44.3070"
"152.4370","2.5195","44.2472"
"152.4570","2.5195","44.2155"
"152.4770","2.5195","44.2733"
"152.4970","2.5195","44.3651"
"152.5170","2.5195","44.2919"
"152.5370","2.5195","44.2600"
"152.5570","2.5195","44.2989"
"152.5770","2.5195","44.3200"
"152.5970","2.5195","44.3641"
"152.6170","2.5195","44.3455"
"152.6370","2.5195","44.3689"
"152.6570","2.5195","44.2999"
"152.6770","2.5195","44.2800"
"152.6970","2.5195","44.2892"
"152.7170","2.5195","44.3255"
"152.7370","2.5195","44.2446"
"152.7570","2.5195","44.2557"
"152.7770","2.5195","44.2925"
"152.7970","2.5195","44.2667"
"152.8170","2.5195","44.2468"
"152.8370","2.5195","44.2347"
"152.8570","2.5195","44.2702"
"152.8770","2.5195","44.2297"
"152.8970","2.5195","44.2356"
"152.9170","2.5195","44.2109"
"152.9370","2.5195","44.1178"
"152.9570","2.5195","44.1922"
"152.9770","2.5195","44.1958"
"152.9970","2.5195","44.1914"
"153.0170","2.5195","44.2003"
"153.0370","2.5195","44.2599"
"153.0570","2.5195","44.2892"
"153.0770","2.5195","44.2018"
"153.0970","2.5195","44.1667"
"153.1170","2.5195","44.1713"
"153.1370","2.5195","44.1651"
"153.1570","2.5195","44.1711"
"153.1770","2.5195","44.1534"
"153.1970","2.5195","44.0625"
"153.2170","2.5195","44.0931"
"153.2370","2.5195","44.0784"
"153.2570","2.5195","44.0975"
"153.2770","2.5195","44.1311"
"153.2970","2.5195","44.1167"
"153.3170","2.5195","44.0850"
"153.3370","2.5195","43.9974"
"153.3570","2.5195","44.0202"
"153.3770","2.5195","44.0082"
"153.3970","2.5195","44.0721"
"153.4170","2.5195","44.0683"
"153.4370","2.5195","44.1123"
"153.4570","2.5195","44.1453"
"153.4770","2.5195","44.1520"
"153.4970","2.5195","44.1316"
"153.5170","2.5195","43.9981"
"153.5370","2.5195","44.0220"
"153.5570","2.5195","44.0575"
"153.5770","2.5195","43.9671"
"153.5970","2.5195","43.9524"
"153.6170","2.5195","43.9456"
"153.6370","2.5195","44.0210"
"153.6570","2.5195","44.0720"
"153.6770","2.5195","44.0265"
"153.6970","2.5195","43.9776"
"153.7170","2.5195","43.9899"
"153.7370","2.5195","44.0095"
"153.7570","2.5195","44.0332"
"153.7770","2.5195","44.0841"
"153.7970","2.5195","43.9846"
"153.8170","2.5195","43.9379"
"153.8370","2.5195","43.8729"
"153.8570","2.5195","43.9061"
"153.8770","2.5195","43.8655"
"153.8970","2.5195","43.8863"
"153.9170","2.5195","43.9154"
"153.9370","2.5195","43.8867"
"153.9570","2.5195","43.8655"
"153.9770","2.5195","43.8988"
"153.9970","2.5195","43.8679"
"154.0170","2.5195","43.8210"
"154.0370","2.5195","43.8142"
"154.0570","2.5195","43.8813"
"154.0770","2.5195","43.9382"
"154.0970","2.5195","43.9806"
"154.1170","2.5195","43.9382"
"154.1370","2.5195","43.8804"
"154.1570","2.5195","43.8273"
"154.1770","2.5195","43.7773"
"154.1970","2.5195","43.7732"
"154.2170","2.5195","43.8376"
"154.2370","2.5195","43.8702"
"154.2570","2.5195","43.7897"
"154.2770","2.5195","43.7518"
"154.2970","2.5195","43.7536"
"154.3170","2.5195","43.8483"
"154.3370","2.5195","43.8762"
"154.3570","2.5195","43.8341"
"154.3770","2.5195","43.7808"
"154.3970","2.5195","43.8224"
"154.4170","2.5195","43.7969"
"154.4370","2.5195","43.8627"
"154.4570","2.5195","43.8210"
"154.4770","2.5195","43.7925"
"154.4970","2.5195","43.7929"
"154.5170","2.5195","43.7594"
"154.5370","2.5195","43.7234"
"154.5570","2.5195","43.7347"
"154.5770","2.5195","43.8251"
"154.5970","2.5195","43.8278"
"154.6170","2.5195","43.7927"
"154.6370","2.5195","43.7201"
"154.6570","2.5195","43.7331"
"154.6770","2.5195","43.8127"
"154.6970","2.5195","43.8187"
"154.7170","2.5195","43.7555"
"154.7370","2.5195","43.7588"
"154.7570","2.5195","43.7697"
"154.7770","2.5195","43.7678"
"154.7970","2.5195","43.7604"
"154.8170","2.5195","43.7005"
"154.8370","2.5195","43.7218"
"154.8570","2.5195","43.7231"
"154.8770","2.5195","43.7214"
"154.8970","2.5195","43.7755"
"154.9170","2.5195","43.7333"
"154.9370","2.5195","43.6710"
"154.9570","2.5195","43.6525"
"154.9770","2.5195","43.6536"
"154.9970","2.5195","43.7260"
"155.0170","2.5195","43.6564"
"155.0370","2.5195","43.6626"
"155.0570","2.5195","43.6410"
"155.0770","2.5195","43.6504"
"155.0970","2.5195","43.6880"
"155.1170","2.5195","43.6271"
"155.1370","2.5195","43.6662"
"155.1570","2.5195","43.6936"
"155.1770","2.5195","43.6468"
"155.1970","2.5195","43.6092"
"155.2170","2.5195","43.5542"
"155.2370","2.5195","43.5146"
"155.2570","2.5195","43.5502"
"155.2770","2.5195","43.6108"
"155.2970","2.5195","43.6007"
"155.3170","2.5195","43.6021"
"155.3370","2.5195","43.5829"
"155.3570","2.5195","43.5510"
"155.3770","2.5195","43.5139"
"155.3970","2.5195","43.4508"
"155.4170","2.5195","43.4963"
"155.4370","2.5195","43.5219"
"155.4570","2.5195","43.5517"
"155.4770","2.5195","43.5510"
"155.4970","2.5195","43.6005"
"155.5170","2.5195","43.5774"
"155.5370","2.5195","43.5334"
"155.5570","2.5195","43.5480"
"155.5770","2.5195","43.5585"
"155.5970","2.5195","43.5683"
"155.6170","2.5195","43.5871"
"155.6370","2.5195","43.5440"
"155.6570","2.5195","43.4836"
"155.6770","2.5195","43.3523"
"155.6970","2.5195","43.4118"
"155.7170","2.5195","43.5168"
"155.7370","2.5195","43.5486"
"155.7570","2.5195","43.4618"
"155.7770","2.5195","43.4195"
"155.7970","2.5195","43.5142"
"155.8170","2.5195","43.4799"
"155.8370","2.5195","43.3933"
"155.8570","2.5195","43.4412"
"155.8770","2.5195","43.4732"
"155.8970","2.5195","43.3994"
"155.9170","2.5195","43.4261"
"155.9370","2.5195","43.4381"
"155.9570","2.5195","43.4512"
"155.9770","2.5195","43.4324"
"155.9970","2.5195","43.3556"
"156.0170","2.5195","43.3639"
"156.0370","2.5195","43.3605"
"156.0570","2.5195","43.3982"
"156.0770","2.5195","43.4298"
"156.0970","2.5195","43.4152"
"156.1170","2.5195","43.3272"
"156.1370","2.5195","43.3700"
"156.1570","2.5195","43.4074"
"156.1770","2.5195","43.3487"
"156.1970","2.5195","43.3801"
"156.2170","2.5195","43.3911"
"156.2370","2.5195","43.3944"
"156.2570","2.5195","43.4319"
"156.2770","2.5195","43.3763"
"156.2970","2.5195","43.3524"
"156.3170","2.5195","43.3546"
"156.3370","2.5195","43.2784"
"156.3570","2.5195","43.3286"
"156.3770","2.5195","43.4569"
"156.3970","2.5195","43.4579"
"156.4170","2.5195","43.3748"
"156.4370","2.5195","43.4030"
"156.4570","2.5195","43.3871"
"156.4770","2.5195","43.3645"
"156.4970","2.5195","43.3159"
"156.5170","2.5195","43.3162"
"156.5370","2.5195","43.3744"
"156.5570","2.5195","43.3417"
"156.5770","2.5195","43.2817"
"156.5970","2.5195","43.2366"
"156.6170","2.5195","43.2766"
"156.6370","2.5195","43.3203"
"156.6570","2.5195","43.4257"
"156.6770","2.5195","43.3968"
"156.6970","2.5195","43.3802"
"156.7170","2.5195","43.3175"
"156.7370","2.5195","43.3187"
"156.7570","2.5195","43.2478"
"156.7770","2.5195","43.2455"
"156.7970","2.5195","43.2715"
"156.8170","2.5195","43.3469"
"156.8370","2.5195","43.3321"
"156.8570","2.5195","43.2718"
"156.8770","2.5195","43.2152"
"156.8970","2.5195","43.1875"
"156.9170","2.5195","43.2367"
"156.9370","2.5195","43.2872"
"156.9570","2.5195","43.2821"
"156.9770","2.5195","43.2582"
"156.9970","2.5195","43.2806"
"157.0170","2.5195","43.3024"
"157.0370","2.5195","43.3186"
"157.0570","2.5195","43.2870"
"157.0770","2.5195","43.2553"
"157.0970","2.5195","43.2461"
"157.1170","2.5195","43.2711"
"157.1370","2.5195","43.2097"
"157.1570","2.5195","43.1679"
"157.1770","2.5195","43.2115"
"157.1970","2.5195","43.2447"
"157.2170","2.5195","43.3359"
"157.2370","2.5195","43.3111"
"157.2570","2.5195","43.3604"
"157.2770","2.5195","43.2924"
"157.2970","2.5195","43.3556"
"157.3170","2.5195","43.2512"
"157.3370","2.5195","43.2285"
"157.3570","2.5195","43.2652"
"157.3770","2.5195","43.2381"
"157.3970","2.5195","43.1822"
"157.4170","2.5195","43.1726"
"157.4370","2.5195","43.1817"
"157.4570","2.5195","43.2265"
"157.4770","2.5195","43.1519"
"157.4970","2.5195","43.1698"
"157.5170","2.5195","43.1477"
"157.5370","2.5195","43.1353"
"157.5570","2.5195","43.2186"
"157.5770","2.5195","43.1877"
"157.5970","2.5195","43.2098"
"157.6170","2.5195","43.1872"
"157.6370","2.5195","43.2189"
"157.6570","2.5195","43.2059"
"157.6770","2.5195","43.1695"
"157.6970","2.5195","43.1454"
"157.7170","2.5195","43.1490"
"157.7370","2.5195","43.1613"
"157.7570","2.5195","43.1832"
"157.7770","2.5195","43.1683"
"157.7970","2.5195","43.2195"
"157.8170","2.5195","43.1739"
"157.8370","2.5195","43.1683"
"157.8570","2.5195","43.1545"
"157.8770","2.5195","43.1383"
"157.8970","2.5195","43.1306"
"157.9170","2.5195","43.1948"
"157.9370","2.5195","43.2137"
"157.9570","2.5195","43.2670"
"157.9770","2.5195","43.2609"
"157.9970","2.5195","43.1470"
"158.0170","2.5195","43.1783"
"158.0370","2.5195","43.2091"
"158.0570","2.5195","43.2498"
"158.0770","2.5195","43.1896"
"158.0970","2.5195","43.1725"
"158.1170","2.5195","43.2046"
"158.1370","2.5195","43.1843"
"158.1570","2.5195","43.0853"
"158.1770","2.5195","43.0039"
"158.1970","2.5195","43.0036"
"158.2170","2.5195","43.0394"
"158.2370","2.5195","43.0384"
"158.2570","2.5195","43.1071"
"158.2770","2.5195","43.1618"
"158.2970","2.5195","43.1699"
"158.3170","2.5195","43.2169"
"158.3370","2.5195","43.1473"
"158.3570","2.5195","43.1138"
"158.3770","2.5195","43.1393"
"158.3970","2.5195","43.2467"
"158.4170","2.5195","43.2260"
"158.4370","2.5195","43.1103"
"158.4570","2.5195","43.0309"
"158.4770","2.5195","43.0571"
"158.4970","2.5195","43.1283"
"158.5170","2.5195","43.1425"
"158.5370","2.5195","43.0863"
"158.5570","2.5195","43.0143"
"158.5770","2.5195","42.9795"
"158.5970","2.5195","42.9736"
"158.6170","2.5195","43.0737"
"158.6370","2.5195","43.0834"
"158.6570","2.5195","43.0339"
"158.6770","2.5195","43.0441"
"158.6970","2.5195","43.1067"
"158.7170","2.5195","43.1233"
"158.7370","2.5195","43.0759"
"158.7570","2.5195","43.0945"
"158.7770","2.5195","43.0249"
"158.7970","2.5195","43.0920"
"158.8170","2.5195","43.0976"
"158.8370","2.5195","43.1020"
"158.8570","2.5195","43.0637"
"158.8770","2.5195","43.0464"
"158.8970","2.5195","43.0741"
"158.9170","2.5195","43.0721"
"158.9370","2.5195","43.0969"
"158.9570","2.5195","43.0654"
"158.9770","2.5195","43.1593"
"158.9970","2.5195","43.1123"
"159.0170","2.5195","43.0565"
"159.0370","2.5195","43.1206"
"159.0570","2.5195","43.0891"
"159.0770","2.5195","43.0008"
"159.0970","2.5195","43.0470"
"159.1170","2.5195","43.1343"
"159.1370","2.5195","43.0877"
"159.1570","2.5195","43.0099"
"159.1770","2.5195","43.0010"
"159.1970","2.5195","43.0414"
"159.2170","2.5195","43.0193"
"159.2370","2.5195","42.9615"
"159.2570","2.5195","42.9702"
"159.2770","2.5195","43.0231"
"159.2970","2.5195","43.0614"
"159.3170","2.5195","43.0116"
"159.3370","2.5195","42.9868"
"159.3570","2.5195","42.9610"
"159.3770","2.5195","42.9928"
"159.3970","2.5195","42.9494"
"159.4170","2.5195","42.8252"
"159.4370","2.5195","42.9196"
"159.4570","2.5195","42.9918"
"159.4770","2.5195","42.9581"
"159.4970","2.5195","42.9588"
"159.5170","2.5195","42.9334"
"159.5370","2.5195","42.9122"
"159.5570","2.5195","42.9165"
"159.5770","2.5195","42.8556"
"159.5970","2.5195","42.8744"
"159.6170","2.5195","42.9208"
"159.6370","2.5195","43.0176"
"159.6570","2.5195","43.1124"
"159.6770","2.5195","43.0149"
"159.6970","2.5195","42.9716"
"159.7170","2.5195","43.0410"
"159.7370","2.5195","43.1170"
"159.7570","2.5195","42.9995"
"159.7770","2.5195","42.8997"
"159.7970","2.5195","42.8935"
"159.8170","2.5195","42.9455"
"159.8370","2.5195","43.0276"
"159.8570","2.5195","43.0585"
"159.8770","2.5195","42.9617"
"159.8970","2.5195","42.9461"
"159.9170","2.5195","42.9446"
"159.9370","2.5195","42.9907"
"159.9570","2.5195","43.0287"
"159.9770","2.5195","43.0420"
"159.9970","2.5195","43.0978"
"160.0170","2.5195","42.9752"
"160.0370","2.5195","42.8382"
"160.0570","2.5195","42.8295"
"160.0770","2.5195","42.8757"
"160.0970","2.5195","42.9577"
"160.1170","2.5195","42.9436"
"160.1370","2.5195","42.9821"
"160.1570","2.5195","42.9825"
"160.1770","2.5195","42.9418"
"160.1970","2.5195","42.9146"
"160.2170","2.5195","42.9634"
"160.2370","2.5195","43.0111"
"160.2570","2.5195","43.0375"
"160.2770","2.5195","42.9687"
"160.2970","2.5195","43.0120"
"160.3170","2.5195","42.9774"
"160.3370","2.5195","42.9267"
"160.3570","2.5195","42.9456"
"160.3770","2.5195","43.0189"
"160.3970","2.5195","42.9864"
"160.4170","2.5195","42.9257"
"160.4370","2.5195","42.9472"
"160.4570","2.5195","42.9712"
"160.4770","2.5195","42.9260"
"160.4970","2.5195","42.8884"
"160.5170","2.5195","42.9268"
"160.5370","2.5195","42.9981"
"160.5570","2.5195","42.9901"
"160.5770","2.5195","42.9829"
"160.5970","2.5195","42.9261"
"160.6170","2.5195","42.9130"
"160.6370","2.5195","42.9670"
"160.6570","2.5195","43.0300"
"160.6770","2.5195","43.0306"
"160.6970","2.5195","42.9374"
"160.7170","2.5195","42.8802"
"160.7370","2.5195","42.9502"
"160.7570","2.5195","43.0374"
"160.7770","2.5195","42.9837"
"160.7970","2.5195","42.8586"
"160.8170","2.5195","42.8594"
"160.8370","2.5195","42.8248"
"160.8570","2.5195","42.8239"
"160.8770","2.5195","42.9545"
"160.8970","2.5195","42.9336"
"160.9170","2.5195","42.9269"
"160.9370","2.5195","42.8755"
"160.9570","2.5195","42.8102"
"160.9770","2.5195","42.8206"
"160.9970","2.5195","42.9031"
"161.0170","2.5195","42.9423"
"161.0370","2.5195","42.9671"
"161.0570","2.5195","42.9582"
"161.0770","2.5195","42.9599"
"161.0970","2.5195","42.8919"
"161.1170","2.5195","42.9032"
"161.1370","2.5195","42.9128"
"161.1570","2.5195","42.9212"
"161.1770","2.5195","42.8884"
"161.1970","2.5195","42.8586"
"161.2170","2.5195","42.8440"
"161.2370","2.5195","42.8342"
"161.2570","2.5195","42.8586"
"161.2770","2.5195","42.8912"
"161.2970","2.5195","42.8655"
"161.3170","2.5195","42.8674"
"161.3370","2.5195","42.8383"
"161.3570","2.5195","42.8789"
"161.3770","2.5195","42.8969"
"161.3970","2.5195","42.9243"
"161.4170","2.5195","42.8173"
"161.4370","2.5195","42.8522"
"161.4570","2.5195","42.9360"
"161.4770","2.5195","42.9425"
"161.4970","2.5195","42.8835"
"161.5170","2.5195","42.8116"
"161.5370","2.5195","42.8464"
"161.5570","2.5195","42.8831"
"161.5770","2.5195","42.9151"
"161.5970","2.5195","42.8599"
"161.6170","2.5195","42.8039"
"161.6370","2.5195","42.8385"
"161.6570","2.5195","42.8803"
"161.6770","2.5195","42.9257"
"161.6970","2.5195","42.9151"
"161.7170","2.5195","42.8409"
"161.7370","2.5195","42.8874"
"161.7570","2.5195","42.9078"
"161.7770","2.5195","42.8564"
"161.7970","2.5195","42.8568"
"161.8170","2.5195","42.9102"
"161.8370","2.5195","42.9421"
"161.8570","2.5195","42.9101"
"161.8770","2.5195","42.9069"
"161.8970","2.5195","42.9202"
"161.9170","2.5195","42.9223"
"161.9370","2.5195","42.7468"
"161.9570","2.5195","42.7215"
"161.9770","2.5195","42.8126"
"161.9970","2.5195","42.9450"
"162.0170","2.5195","42.8887"
"162.0370","2.5195","42.8840"
"162.0570","2.5195","42.8576"
"162.0770","2.5195","42.9000"
"162.0970","2.5195","42.9453"
"162.1170","2.5195","42.9551"
"162.1370","2.5195","42.8416"
"162.1570","2.5195","42.7935"
"162.1770","2.5195","42.8536"
"162.1970","2.5195","42.8427"
"162.2170","2.5195","42.7719"
"162.2370","2.5195","42.7550"
"162.2570","2.5195","42.7888"
"162.2770","2.5195","42.7996"
"162.2970","2.5195","42.8720"
"162.3170","2.5195","42.8713"
"162.3370","2.5195","42.8402"
"162.3570","2.5195","42.7882"
"162.3770","2.5195","42.8546"
"162.3970","2.5195","42.8411"
"162.4170","2.5195","42.8762"
"162.4370","2.5195","42.8293"
"162.4570","2.5195","42.8078"
"162.4770","2.5195","42.8493"
"162.4970","2.5195","42.8494"
"162.5170","2.5195","42.8598"
"162.5370","2.5195","42.8998"
"162.5570","2.5195","42.8837"
"162.5770","2.5195","42.8244"
"162.5970","2.5195","42.7913"
"162.6170","2.5195","42.7867"
"162.6370","2.5195","42.8346"
"162.6570","2.5195","42.8625"
"162.6770","2.5195","42.8122"
"162.6970","2.5195","42.7900"
"162.7170","2.5195","42.8157"
"162.7370","2.5195","42.8383"
"162.7570","2.5195","42.8547"
"162.7770","2.5195","42.8541"
"162.7970","2.5195","42.8090"
"162.8170","2.5195","42.8202"
"162.8370","2.5195","42.7385"
"162.8570","2.5195","42.7777"
"162.8770","2.5195","42.8352"
"162.8970","2.5195","42.8556"
"162.9170","2.5195","42.8866"
"162.9370","2.5195","42.9136"
"162.9570","2.5195","42.8362"
"162.9770","2.5195","42.7866"
"162.9970","2.5195","42.8018"
"163.0170","2.5195","42.7829"
"163.0370","2.5195","42.8208"
"163.0570","2.5195","42.8446"
"163.0770","2.5195","42.8406"
"163.0970","2.5195","42.7806"
"163.1170","2.5195","42.7861"
"163.1370","2.5195","42.8221"
"163.1570","2.5195","42.8025"
"163.1770","2.5195","42.8560"
"163.1970","2.5195","42.7944"
"163.2170","2.5195","42.7798"
"163.2370","2.5195","42.7647"
"163.2570","2.5195","42.8060"
"163.2770","2.5195","42.7822"
"163.2970","2.5195","42.8150"
"163.3170","2.5195","42.8185"
"163.3370","2.5195","42.7778"
"163.3570","2.5195","42.7253"
"163.3770","2.5195","42.7492"
"163.3970","2.5195","42.8386"
"163.4170","2.5195","42.7357"
"163.4370","2.5195","42.6575"
"163.4570","2.5195","42.6986"
"163.4770","2.5195","42.7873"
"163.4970","2.5195","42.7891"
"163.5170","2.5195","42.8023"
"163.5370","2.5195","42.7797"
"163.5570","2.5195","42.7738"
"163.5770","2.5195","42.7558"
"163.5970","2.5195","42.7278"
"163.6170","2.5195","42.7494"
"163.6370","2.5195","42.7442"
"163.6570","2.5195","42.7007"
"163.6770","2.5195","42.7738"
"163.6970","2.5195","42.7732"
"163.7170","2.5195","42.7926"
"163.7370","2.5195","42.8197"
"163.7570","2.5195","42.8003"
"163.7770","2.5195","42.7312"
"163.7970","2.5195","42.8146"
"163.8170","2.5195","42.8614"
"163.8370","2.5195","42.7488"
"163.8570","2.5195","42.7716"
"163.8770","2.5195","42.8244"
"163.8970","2.5195","42.8943"
"163.9170","2.5195","42.8504"
"163.9370","2.5195","42.8178"
"163.9570","2.5195","42.8200"
"163.9770","2.5195","42.7794"
"163.9970","2.5195","42.7497"
"164.0170","2.5195","42.6619"
"164.0370","2.5195","42.6671"
"164.0570","2.5195","42.7265"
"164.0770","2.5195","42.6938"
"164.0970","2.5195","42.7197"
"164.1170","2.5195","42.6989"
"164.1370","2.5195","42.6784"
"164.1570","2.5195","42.7455"
"164.1770","2.5195","42.7718"
"164.1970","2.5195","42.7310"
"164.2170","2.5195","42.7122"
"164.2370","2.5195","42.7137"
"164.2570","2.5195","42.7595"
"164.2770","2.5195","42.7039"
"164.2970","2.5195","42.6533"
"164.3170","2.5195","42.6790"
"164.3370","2.5195","42.6759"
"164.3570","2.5195","42.6402"
"164.3770","2.5195","42.6676"
"164.3970","2.5195","42.7116"
"164.4170","2.5195","42.7274"
"164.4370","2.5195","42.7807"
"164.4570","2.5195","42.7258"
"164.4770","2.5195","42.6644"
"164.4970","2.5195","42.6403"
"164.5170","2.5195","42.7385"
"164.5370","2.5195","42.8347"
"164.5570","2.5195","42.8016"
"164.5770","2.5195","42.8291"
"164.5970","2.5195","42.7429"
"164.6170","2.5195","42.6518"
"164.6370","2.5195","42.6645"
"164.6570","2.5195","42.6880"
"164.6770","2.5195","42.7281"
"164.6970","2.5195","42.7511"
"164.7170","2.5195","42.7745"
"164.7370","2.5195","42.6712"
"164.7570","2.5195","42.6465"
"164.7770","2.5195","42.7292"
"164.7970","2.5195","42.6957"
"164.8170","2.5195","42.6832"
"164.8370","2.5195","42.5964"
"164.8570","2.5195","42.6777"
"164.8770","2.5195","42.6990"
"164.8970","2.5195","42.6294"
"164.9170","2.5195","42.4909"
"164.9370","2.5195","42.5957"
"164.9570","2.5195","42.7201"
"164.9770","2.5195","42.7750"
"164.9970","2.5195","42.7492"
"165.0170","2.5195","42.7956"
"165.0370","2.5195","42.7761"
"165.0570","2.5195","42.7809"
"165.0770","2.5195","42.7127"
"165.0970","2.5195","42.6460"
"165.1170","2.5195","42.7401"
"165.1370","2.5195","42.7577"
"165.1570","2.5195","42.7088"
"165.1770","2.5195","42.6238"
"165.1970","2.5195","42.5987"
"165.2170","2.5195","42.6376"
"165.2370","2.5195","42.6035"
"165.2570","2.5195","42.5841"
"165.2770","2.5195","42.6563"
"165.2970","2.5195","42.6428"
"165.3170","2.5195","42.6214"
"165.3370","2.5195","42.6904"
"165.3570","2.5195","42.6837"
"165.3770","2.5195","42.7013"
"165.3970","2.5195","42.7904"
"165.4170","2.5195","42.7604"
"165.4370","2.5195","42.7162"
"165.4570","2.5195","42.6818"
"165.4770","2.5195","42.6251"
"165.4970","2.5195","42.6654"
"165.5170","2.5195","42.6780"
"165.5370","2.5195","42.6797"
"165.5570","2.5195","42.7085"
"165.5770","2.5195","42.7227"
"165.5970","2.5195","42.6742"
"165.6170","2.5195","42.6412"
"165.6370","2.5195","42.7300"
"165.6570","2.5195","42.6816"
"165.6770","2.5195","42.6810"
"165.6970","2.5195","42.7333"
"165.7170","2.5195","42.6684"
"165.7370","2.5195","42.6161"
"165.7570","2.5195","42.6659"
"165.7770","2.5195","42.6658"
"165.7970","2.5195","42.6586"
"165.8170","2.5195","42.5953"
"165.8370","2.5195","42.5138"
"165.8570","2.5195","42.5585"
"165.8770","2.5195","42.6084"
"165.8970","2.5195","42.6388"
"165.9170","2.5195","42.7180"
"165.9370","2.5195","42.7781"
"165.9570","2.5195","42.7956"
"165.9770","2.5195","42.7362"
"165.9970","2.5195","42.7622"
"166.0170","2.5195","42.7279"
"166.0370","2.5195","42.7577"
"166.0570","2.5195","42.7723"
"166.0770","2.5195","42.7331"
"166.0970","2.5195","42.6766"
"166.1170","2.5195","42.6022"
"166.1370","2.5195","42.6255"
"166.1570","2.5195","42.7137"
"166.1770","2.5195","42.6815"
"166.1970","2.5195","42.6131"
"166.2170","2.5195","42.6462"
"166.2370","2.5195","42.6545"
"166.2570","2.5195","42.6175"
"166.2770","2.5195","42.6214"
"166.2970","2.5195","42.6935"
"166.3170","2.5195","42.7321"
"166.3370","2.5195","42.6232"
"166.3570","2.5195","42.6763"
"166.3770","2.5195","42.6833"
"166.3970","2.5195","42.7296"
"166.4170","2.5195","42.7857"
"166.4370","2.5195","42.7287"
"166.4570","2.5195","42.6034"
"166.4770","2.5195","42.6234"
"166.4970","2.5195","42.6264"
"166.5170","2.5195","42.5949"
"166.5370","2.5195","42.6191"
"166.5570","2.5195","42.6653"
"166.5770","2.5195","42.6524"
"166.5970","2.5195","42.5998"
"166.6170","2.5195","42.6103"
"166.6370","2.5195","42.5767"
"166.6570","2.5195","42.5658"
"166.6770","2.5195","42.6048"
"166.6970","2.5195","42.5998"
"166.7170","2.5195","42.6145"
"166.7370","2.5195","42.6299"
"166.7570","2.5195","42.5935"
"166.7770","2.5195","42.6202"
"166.7970","2.5195","42.6737"
"166.8170","2.5195","42.7028"
"166.8370","2.5195","42.7680"
"166.8570","2.5195","42.7479"
"166.8770","2.5195","42.6402"
"166.8970","2.5195","42.5903"
"166.9170","2.5195","42.6078"
"166.9370","2.5195","42.6426"
"166.9570","2.5195","42.6546"
"166.9770","2.5195","42.6459"
"166.9970","2.5195","42.6146"
"167.0170","2.5195","42.5694"
"167.0370","2.5195","42.6213"
"167.0570","2.5195","42.6639"
"167.0770","2.5195","42.6737"
"167.0970","2.5195","42.6268"
"167.1170","2.5195","42.5789"
"167.1370","2.5195","42.5610"
"167.1570","2.5195","42.6339"
"167.1770","2.5195","42.6957"
"167.1970","2.5195","42.6857"
"167.2170","2.5195","42.7214"
"167.2370","2.5195","42.6757"
"167.2570","2.5195","42.7207"
"167.2770","2.5195","42.6913"
"167.2970","2.5195","42.6773"
"167.3170","2.5195","42.5831"
"167.3370","2.5195","42.5300"
"167.3570","2.5195","42.5588"
"167.3770","2.5195","42.5438"
"167.3970","2.5195","42.5983"
"167.4170","2.5195","42.6331"
"167.4370","2.5195","42.5898"
"167.4570","2.5195","42.5288"
"167.4770","2.5195","42.5623"
"167.4970","2.5195","42.6729"
"167.5170","2.5195","42.6434"
"167.5370","2.5195","42.6523"
"167.5570","2.5195","42.5546"
"167.5770","2.5195","42.5902"
"167.5970","2.5195","42.6004"
"167.6170","2.5195","42.5522"
"167.6370","2.5195","42.5308"
"167.6570","2.5195","42.5312"
"167.6770","2.5195","42.5664"
"167.6970","2.5195","42.5235"
"167.7170","2.5195","42.6049"
"167.7370","2.5195","42.6251"
"167.7570","2.5195","42.6815"
"167.7770","2.5195","42.7049"
"167.7970","2.5195","42.6828"
"167.8170","2.5195","42.5861"
"167.8370","2.5195","42.6360"
"167.8570","2.5195","42.6070"
"167.8770","2.5195","42.6199"
"167.8970","2.5195","42.6638"
"167.9170","2.5195","42.5724"
"167.9370","2.5195","42.4770"
"167.9570","2.5195","42.5238"
"167.9770","2.5195","42.6015"
"167.9970","2.5195","42.5226"
"168.0170","2.5195","42.5403"
"168.0370","2.5195","42.5483"
"168.0570","2.5195","42.5068"
"168.0770","2.5195","42.5155"
"168.0970","2.5195","42.5279"
"168.1170","2.5195","42.5188"
"168.1370","2.5195","42.6073"
"168.1570","2.5195","42.6309"
"168.1770","2.5195","42.5849"
"168.1970","2.5195","42.5561"
"168.2170","2.5195","42.6375"
"168.2370","2.5195","42.5474"
"168.2570","2.5195","42.4818"
"168.2770","2.5195","42.4878"
"168.2970","2.5195","42.5469"
"168.3170","2.5195","42.6221"
"168.3370","2.5195","42.5929"
"168.3570","2.5195","42.5702"
"168.3770","2.5195","42.6518"
"168.3970","2.5195","42.6324"
"168.4170","2.5195","42.5945"
"168.4370","2.5195","42.5746"
"168.4570","2.5195","42.5215"
"168.4770","2.5195","42.5264"
"168.4970","2.5195","42.5760"
"168.5170","2.5195","42.5606"
"168.5370","2.5195","42.5568"
"168.5570","2.5195","42.4742"
"168.5770","2.5195","42.4906"
"168.5970","2.5195","42.6123"
"168.6170","2.5195","42.6726"
"168.6370","2.5195","42.6448"
"168.6570","2.5195","42.6359"
"168.6770","2.5195","42.5966"
"168.6970","2.5195","42.5466"
"168.7170","2.5195","42.5625"
"168.7370","2.5195","42.5787"
"168.7570","2.5195","42.5069"
"168.7770","2.5195","42.5568"
"168.7970","2.5195","42.4832"
"168.8170","2.5195","42.4995"
"168.8370","2.5195","42.5119"
"168.8570","2.5195","42.5047"
"168.8770","2.5195","42.5113"
"168.8970","2.5195","42.5834"
"168.9170","2.5195","42.5858"
"168.9370","2.5195","42.4951"
"168.9570","2.5195","42.4744"
"168.9770","2.5195","42.5141"
"168.9970","2.5195","42.5546"
"169.0170","2.5195","42.4961"
"169.0370","2.5195","42.4707"
"169.0570","2.5195","42.4900"
"169.0770","2.5195","42.5846"
"169.0970","2.5195","42.6313"
"169.1170","2.5195","42.6093"
"169.1370","2.5195","42.5868"
"169.1570","2.5195","42.5576"
"169.1660","2.5195","42.5710"
"169.1670","2.5195","42.5709"
"169.1870","2.5195","42.5920"
"169.2070","2.5195","42.5914"
"169.2270","2.5195","42.5067"
"169.2470","2.5195","42.4897"
"169.2670","2.5195","42.4796"
"169.2870","2.5196","42.4769"
"169.3070","2.5197","42.5444"
"169.3270","2.5199","42.6535"
"169.3470","2.5199","42.6371"
"169.3670","2.5198","42.5460"
"169.3870","2.5198","42.5354"
"169.4070","2.5199","42.5389"
"169.4270","2.5201","42.4912"
"169.4470","2.5204","42.6184"
"169.4670","2.5209","42.6077"
"169.4870","2.5215","42.6061"
"169.5070","2.5220","42.5658"
"169.5270","2.5225","42.5577"
"169.5470","2.5230","42.6158"
"169.5670","2.5236","42.6502"
"169.5870","2.5241","42.6937"
"169.6070","2.5245","42.6729"
"169.6270","2.5248","42.7117"
"169.6470","2.5251","42.7778"
"169.6670","2.5254","42.7760"
"169.6870","2.5257","42.7384"
"169.7070","2.5261","42.7432"
"169.7270","2.5265","42.6819"
"169.7470","2.5269","42.7042"
"169.7670","2.5272","42.7592"
"169.7870","2.5276","42.7905"
"169.8070","2.5278","42.7038"
"169.8270","2.5280","42.6859"
"169.8470","2.5280","42.6511"
"169.8670","2.5279","42.6646"
"169.8870","2.5278","42.6590"
"169.9070","2.5276","42.7156"
"169.9270","2.5273","42.7241"
"169.9470","2.5269","42.7538"
"169.9670","2.5267","42.7408"
"169.9870","2.5265","42.7947"
"170.0070","2.5263","42.7637"
"170.0270","2.5260","42.7630"
"170.0470","2.5257","42.7322"
"170.0670","2.5254","42.6636"
"170.0870","2.5250","42.6568"
"170.1070","2.5247","42.6867"
"170.1270","2.5244","42.5997"
"170.1470","2.5241","42.7127"
"170.1670","2.5238","42.7519"
"170.1870","2.5234","42.7139"
"170.2070","2.5230","42.6803"
"170.2270","2.5226","42.6196"
"170.2470","2.5221","42.6177"
"170.2670","2.5217","42.5954"
"170.2870","2.5214","42.6215"
"170.3070","2.5211","42.5913"
"170.3270","2.5209","42.6405"
"170.3470","2.5206","42.6667"
"170.3670","2.5203","42.6017"
"170.3870","2.5199","42.5743"
"170.4070","2.5196","42.5778"
"170.4270","2.5192","42.5142"
"170.4470","2.5188","42.5161"
"170.4670","2.5184","42.4851"
"170.4870","2.5181","42.4254"
"170.5070","2.5178","42.4354"
"170.5270","2.5175","42.4256"
"170.5470","2.5171","42.4932"
"170.5670","2.5167","42.4884"
"170.5870","2.5163","42.4381"
"170.6070","2.5159","42.4569"
"170.6270","2.5155","42.3984"
"170.6470","2.5151","42.4239"
"170.6670","2.5149","42.3739"
"170.6870","2.5146","42.3796"
"170.7070","2.5142","42.4222"
"170.7270","2.5139","42.3698"
"170.7470","2.5135","42.3162"
"170.7670","2.5132","42.2452"
"170.7870","2.5128","42.2762"
"170.8070","2.5126","42.3038"
"170.8270","2.5123","42.2369"
"170.8470","2.5120","42.2580"
"170.8670","2.5117","42.2308"
"170.8870","2.5113","42.3030"
"170.9070","2.5108","42.2547"
"170.9270","2.5103","42.3024"
"170.9470","2.5099","42.2979"
"170.9670","2.5097","42.2389"
"170.9870","2.5095","42.2235"
"171.0070","2.5092","42.2085"
"171.0270","2.5090","42.2223"
"171.0470","2.5087","42.2330"
"171.0670","2.5083","42.2404"
"171.0870","2.5079","42.2315"
"171.1070","2.5075","42.2238"
"171.1270","2.5072","42.1371"
"171.1470","2.5069","42.1381"
"171.1670","2.5066","42.2068"
"171.1870","2.5063","42.1812"
"171.2070","2.5060","42.1868"
"171.2270","2.5057","42.0985"
"171.2470","2.5053","42.1272"
"171.2670","2.5049","42.1574"
"171.2870","2.5044","42.1913"
"171.3070","2.5041","42.2206"
"171.3270","2.5037","42.1410"
"171.3470","2.5035","42.0372"
"171.3670","2.5032","42.0340"
"171.3870","2.5029","41.9952"
"171.4070","2.5026","42.0021"
"171.4270","2.5022","42.0464"
"171.4470","2.5019","42.1144"
"171.4670","2.5016","42.0601"
"171.4870","2.5013","41.9351"
"171.5070","2.5010","42.0275"
"171.5270","2.5008","42.0419"
"171.5470","2.5004","41.9614"
"171.5670","2.5000","41.9376"
"171.5870","2.4996","41.9406"
"171.6070","2.4991","41.9530"
"171.6270","2.4986","41.9579"
"171.6470","2.4983","41.9743"
"171.6670","2.4981","41.9494"
"171.6870","2.4979","41.8778"
"171.7070","2.4977","41.8796"
"171.7270","2.4974","41.8478"
"171.7470","2.4971","41.8645"
"171.7670","2.4967","41.9464"
"171.7870","2.4963","41.9632"
"171.8070","2.4959","41.8725"
"171.8270","2.4956","41.8361"
"171.8470","2.4953","41.8392"
"171.8670","2.4950","41.8239"
"171.8870","2.4947","41.8756"
"171.9070","2.4944","41.9110"
"171.9270","2.4941","41.8637"
"171.9470","2.4936","41.8317"
"171.9670","2.4932","41.7591"
"171.9870","2.4928","41.6879"
"172.0070","2.4924","41.7472"
"172.0270","2.4921","41.8431"
"172.0470","2.4919","41.7998"
"172.0670","2.4916","41.6947"
"172.0870","2.4913","41.6697"
"172.1070","2.4910","41.6579"
"172.1270","2.4906","41.7434"
"172.1470","2.4903","41.7706"
"172.1670","2.4900","41.6811"
"172.1870","2.4897","41.6904"
"172.2070","2.4894","41.7898"
"172.2270","2.4891","41.7781"
"172.2470","2.4888","41.7078"
"172.2670","2.4883","41.7310"
"172.2870","2.4878","41.6732"
"172.3070","2.4874","41.6705"
"172.3270","2.4870","41.7432"
"172.3470","2.4868","41.6922"
"172.3670","2.4866","41.7543"
"172.3870","2.4863","41.6963"
"172.4070","2.4861","41.7129"
"172.4270","2.4858","41.6295"
"172.4470","2.4854","41.6417"
"172.4670","2.4850","41.6605"
"172.4870","2.4846","41.6399"
"172.5070","2.4842","41.5895"
"172.5270","2.4839","41.6384"
"172.5470","2.4836","41.6365"
"172.5670","2.4834","41.6087"
"172.5870","2.4831","41.5891"
"172.6070","2.4827","41.5698"
"172.6270","2.4824","41.5335"
"172.6470","2.4819","41.5473"
"172.6670","2.4815","41.5039"
"172.6870","2.4811","41.5261"
"172.7070","2.4808","41.5440"
"172.7270","2.4805","41.5072"
"172.7470","2.4802","41.4976"
"172.7670","2.4799","41.5505"
"172.7870","2.4796","41.5266"
"172.8070","2.4793","41.5504"
"172.8270","2.4789","41.5184"
"172.8470","2.4786","41.5023"
"172.8670","2.4783","41.5042"
"172.8870","2.4780","41.3810"
"172.9070","2.4778","41.3702"
"172.9270","2.4774","41.4669"
"172.9470","2.4771","41.3969"
"172.9670","2.4766","41.3166"
"172.9870","2.4761","41.3821"
"173.0070","2.4757","41.3911"
"173.0270","2.4753","41.3198"
"173.0470","2.4751","41.3936"
"173.0670","2.4749","41.3865"
"173.0870","2.4747","41.2883"
"173.1070","2.4744","41.2790"
"173.1270","2.4741","41.2679"
"173.1470","2.4737","41.3691"
"173.1670","2.4733","41.3746"
"173.1870","2.4729","41.3248"
"173.2070","2.4725","41.3054"
"173.2270","2.4722","41.2820"
"173.2470","2.4720","41.3135"
"173.2670","2.4717","41.2562"
"173.2870","2.4714","41.2241"
"173.3070","2.4710","41.2076"
"173.3270","2.4706","41.2191"
"173.3470","2.4702","41.2527"
"173.3670","2.4698","41.2665"
"173.3870","2.4694","41.2173"
"173.4070","2.4691","41.1965"
"173.4270","2.4689","41.1805"
"173.4470","2.4686","41.1924"
"173.4670","2.4683","41.1298"
"173.4870","2.4679","41.0805"
"173.5070","2.4676","41.1041"
"173.5270","2.4672","41.1987"
"173.5470","2.4669","41.2021"
"173.5670","2.4667","41.1810"
"173.5870","2.4664","41.1623"
"173.6070","2.4661","41.1538"
"173.6270","2.4658","41.0782"
"173.6470","2.4653","41.0894"
"173.6670","2.4649","41.1643"
"173.6870","2.4644","41.1656"
"173.7070","2.4640","41.1307"
"173.7270","2.4637","41.0132"
"173.7470","2.4635","41.0193"
"173.7670","2.4633","41.0715"
"173.7870","2.4631","41.1019"
"173.8070","2.4627","41.0826"
"173.8270","2.4624","40.9796"
"173.8470","2.4620","40.9954"
"173.8670","2.4616","40.9782"
"173.8870","2.4612","41.0411"
"173.9070","2.4609","41.0149"
"173.9270","2.4606","40.9402"
"173.9470","2.4604","40.9095"
"173.9670","2.4601","40.9325"
"173.9870","2.4597","41.0239"
"174.0070","2.4593","41.0047"
"174.0270","2.4589","40.9944"
"174.0470","2.4585","40.9983"
"174.0670","2.4581","41.0449"
"174.0870","2.4578","41.0342"
"174.1070","2.4575","41.0076"
"174.1270","2.4573","40.8654"
"174.1470","2.4569","40.8756"
"174.1670","2.4566","40.8580"
"174.1870","2.4563","40.8628"
"174.2070","2.4559","40.9236"
"174.2270","2.4556","40.9320"
"174.2470","2.4553","40.9490"
"174.2670","2.4550","40.9425"
"174.2870","2.4548","40.9303"
"174.3070","2.4545","40.9145"
"174.3270","2.4541","40.9197"
"174.3470","2.4536","40.9410"
"174.3670","2.4531","40.9576"
"174.3870","2.4527","40.9220"
"174.4070","2.4523","40.8994"
"174.4270","2.4521","40.9146"
"174.4470","2.4519","40.8757"
"174.4670","2.4517","40.8449"
"174.4870","2.4514","40.8308"
"174.5070","2.4511","40.8486"
"174.5270","2.4507","40.8474"
"174.5470","2.4503","40.8260"
"174.5670","2.4499","40.8316"
"174.5870","2.4495","40.8301"
"174.6070","2.4493","40.7804"
"174.6270","2.4490","40.7568"
"174.6470","2.4487","40.7246"
"174.6670","2.4484","40.7310"
"174.6870","2.4481","40.8161"
"174.7070","2.4476","40.8848"
"174.7270","2.4472","40.8218"
"174.7470","2.4468","40.6833"
"174.7670","2.4465","40.6571"
"174.7870","2.4462","40.7053"
"174.8070","2.4459","40.7263"
"174.8270","2.4456","40.6643"
"174.8470","2.4453","40.5854"
"174.8670","2.4449","40.5970"
"174.8870","2.4445","40.5917"
"174.9070","2.4442","40.6808"
"174.9270","2.4439","40.5807"
"174.9470","2.4437","40.6357"
"174.9670","2.4434","40.6372"
"174.9870","2.4431","40.6111"
"175.0070","2.4427","40.5729"
"175.0270","2.4423","40.5250"
"175.0470","2.4419","40.6275"
"175.0670","2.4414","40.6658"
"175.0870","2.4410","40.6116"
"175.1070","2.4408","40.5923"
"175.1270","2.4405","40.5714"
"175.1470","2.4403","40.5737"
"175.1670","2.4400","40.5389"
"175.1870","2.4397","40.4748"
"175.2070","2.4393","40.4799"
"175.2270","2.4389","40.5326"
"175.2470","2.4385","40.6036"
"175.2670","2.4382","40.5724"
"175.2870","2.4379","40.5376"
"175.3070","2.4376","40.4864"
"175.3270","2.4373","40.4843"
"175.3470","2.4371","40.4388"
"175.3670","2.4367","40.3965"
"175.3870","2.4363","40.3564"
"175.4070","2.4359","40.3424"
"175.4270","2.4355","40.3833"
"175.4470","2.4351","40.4115"
"175.4670","2.4348","40.4078"
"175.4870","2.4345","40.4026"
"175.5070","2.4342","40.3994"
"175.5270","2.4339","40.3954"
"175.5470","2.4336","40.3791"
"175.5670","2.4332","40.3532"
"175.5870","2.4329","40.3495"
"175.6070","2.4326","40.3298"
"175.6270","2.4323","40.3538"
"175.6470","2.4320","40.4084"
"175.6670","2.4317","40.3821"
"175.6870","2.4314","40.3522"
"175.7070","2.4310","40.3497"
"175.7270","2.4306","40.2598"
"175.7470","2.4301","40.1997"
"175.7670","2.4297","40.2762"
"175.7870","2.4294","40.2137"
"175.8070","2.4292","40.1808"
"175.8270","2.4289","40.1523"
"175.8470","2.4287","40.2102"
"175.8670","2.4284","40.1604"
"175.8870","2.4280","40.1503"
"175.9070","2.4277","40.2104"
"175.9270","2.4273","40.2463"
"175.9470","2.4269","40.2720"
"175.9670","2.4266","40.2812"
"175.9870","2.4263","40.2708"
"176.0070","2.4260","40.2574"
"176.0270","2.4257","40.2415"
"176.0470","2.4254","40.2064"
"176.0670","2.4250","40.1687"
"176.0870","2.4246","40.1717"
"176.1070","2.4242","40.1740"
"176.1270","2.4238","40.1934"
"176.1470","2.4235","40.1824"
"176.1670","2.4232","40.1598"
"176.1870","2.4229","40.2043"
"176.2070","2.4226","40.2093"
"176.2270","2.4223","40.2043"
"176.2470","2.4219","40.1953"
"176.2670","2.4216","40.1264"
"176.2870","2.4212","40.0908"
"176.3070","2.4209","40.0586"
"176.3270","2.4207","40.0929"
"176.3470","2.4204","40.1363"
"176.3670","2.4201","40.0447"
"176.3870","2.4197","39.9789"
"176.4070","2.4193","40.0360"
"176.4270","2.4189","40.0308"
"176.4470","2.4184","40.0578"
"176.4670","2.4181","40.1121"
"176.4870","2.4178","40.0860"
"176.5070","2.4176","40.0892"
"176.5270","2.4173","39.9895"
"176.5470","2.4171","40.0064"
"176.5670","2.4167","40.0239"
"176.5870","2.4164","40.0347"
"176.6070","2.4160","40.0088"
"176.6270","2.4156","40.0136"
"176.6470","2.4152","40.0899"
"176.6670","2.4149","40.0348"
"176.6870","2.4146","39.9635"
"176.7070","2.4144","39.9305"
"176.7270","2.4141","39.9220"
"176.7470","2.4137","39.9247"
"176.7670","2.4133","39.9457"
"176.7870","2.4129","39.9464"
"176.8070","2.4125","39.9290"
"176.8270","2.4121","40.0001"
"176.8470","2.4118","39.9575"
"176.8670","2.4115","39.9542"
"176.8870","2.4113","39.9070"
"176.9070","2.4110","39.8057"
"176.9270","2.4106","39.8349"
"176.9470","2.4102","39.8317"
"176.9670","2.4099","39.7866"
"176.9870","2.4096","39.8237"
"177.0070","2.4093","39.7814"
"177.0270","2.4090","39.7523"
"177.0470","2.4087","39.7732"
"177.0670","2.4084","39.8301"
"177.0870","2.4080","39.8810"
"177.1070","2.4076","39.8822"
"177.1270","2.4071","39.8204"
"177.1470","2.4067","39.7092"
"177.1670","2.4064","39.7312"
"177.1870","2.4062","39.7749"
"177.2070","2.4060","39.7459"
"177.2270","2.4057","39.7596"
"177.2470","2.4054","39.7729"
"177.2670","2.4051","39.7876"
"177.2870","2.4047","39.8008"
"177.3070","2.4043","39.7067"
"177.3270","2.4039","39.6415"
"177.3470","2.4036","39.6374"
"177.3670","2.4033","39.6211"
"177.3870","2.4030","39.6460"
"177.4070","2.4027","39.6685"
"177.4270","2.4024","39.7291"
"177.4470","2.4020","39.7556"
"177.4670","2.4016","39.7539"
"177.4870","2.4012","39.7770"
"177.5070","2.4008","39.7275"
"177.5270","2.4004","39.6320"
"177.5470","2.4002","39.6063"
"177.5670","2.3999","39.5312"
"177.5870","2.3996","39.5368"
"177.6070","2.3993","39.5797"
"177.6270","2.3989","39.5891"
"177.6470","2.3986","39.5520"
"177.6670","2.3982","39.5353"
"177.6870","2.3979","39.5226"
"177.7070","2.3977","39.7109"
"177.7270","2.3974","39.6919"
"177.7470","2.3971","39.5663"
"177.7670","2.3967","39.5632"
"177.7870","2.3963","39.6204"
"177.8070","2.3958","39.5691"
"177.8270","2.3954","39.4488"
"177.8470","2.3951","39.4743"
"177.8670","2.3948","39.5239"
"177.8870","2.3946","39.5314"
"177.9070","2.3944","39.5497"
"177.9270","2.3941","39.4725"
"177.9470","2.3938","39.3832"
"177.9670","2.3934","39.4275"
"177.9870","2.3930","39.4661"
"178.0070","2.3926","39.4474"
"178.0270","2.3922","39.4280"
"178.0470","2.3919","39.4420"
"178.0670","2.3916","39.4825"
"178.0870","2.3914","39.5012"
"178.1070","2.3911","39.4898"
"178.1270","2.3907","39.3910"
"178.1470","2.3903","39.3803"
"178.1670","2.3899","39.4067"
"178.1870","2.3894","39.3728"
"178.2070","2.3891","39.3943"
"178.2270","2.3888","39.4096"
"178.2470","2.3885","39.4764"
"178.2670","2.3883","39.4611"
"178.2870","2.3880","39.3308"
"178.3070","2.3876","39.2975"
"178.3270","2.3872","39.2590"
"178.3470","2.3869","39.3429"
"178.3670","2.3866","39.3750"
"178.3870","2.3863","39.3927"
"178.4070","2.3860","39.3622"
"178.4270","2.3857","39.2655"
"178.4470","2.3854","39.2683"
"178.4670","2.3850","39.2863"
"178.4870","2.3845","39.2455"
"178.5070","2.3841","39.1993"
"178.5270","2.3837","39.1671"
"178.5470","2.3834","39.2633"
"178.5670","2.3832","39.3082"
"178.5870","2.3830","39.2513"
"178.6070","2.3827","39.3119"
"178.6270","2.3824","39.2593"
"178.6470","2.3821","39.2447"
"178.6670","2.3817","39.2497"
"178.6870","2.3813","39.3064"
"178.7070","2.3809","39.2234"
"178.7270","2.3806","39.1713"
"178.7470","2.3803","39.2000"
"178.7670","2.3800","39.2771"
"178.7870","2.3797","39.2862"
"178.8070","2.3794","39.1855"
"178.8270","2.3790","39.0839"
"178.8470","2.3785","39.1574"
"178.8670","2.3781","39.2166"
"178.8870","2.3777","39.2236"
"178.9070","2.3774","39.1894"
"178.9270","2.3771","39.1881"
"178.9470","2.3769","39.1579"
"178.9670","2.3766","39.1481"
"178.9870","2.3763","39.1097"
"179.0070","2.3759","39.0883"
"179.0270","2.3756","39.0482"
"179.0470","2.3752","39.0143"
"179.0670","2.3749","38.9712"
"179.0870","2.3747","39.1493"
"179.1070","2.3744","39.1249"
"179.1270","2.3740","39.0420"
"179.1470","2.3737","39.0305"
"179.1670","2.3732","39.0402"
"179.1870","2.3728","39.0285"
"179.2070","2.3724","39.1083"
"179.2270","2.3720","39.0104"
"179.2470","2.3718","38.9471"
"179.2670","2.3716","38.9233"
"179.2870","2.3714","38.9763"
"179.3070","2.3711","39.0169"
"179.3270","2.3707","38.9632"
"179.3470","2.3704","38.9475"
"179.3670","2.3700","38.9324"
"179.3870","2.3696","38.8742"
"179.4070","2.3692","38.9469"
"179.4270","2.3690","38.9584"
"179.4470","2.3687","38.9305"
"179.4670","2.3684","38.8955"
"179.4870","2.3681","38.8447"
"179.5070","2.3677","38.8709"
"179.5270","2.3673","38.8529"
"179.5470","2.3668","38.8687"
"179.5670","2.3664","38.7990"
"179.5870","2.3661","38.8485"
"179.6070","2.3658","38.8576"
"179.6270","2.3655","38.8532"
"179.6470","2.3653","38.8082"
"179.6670","2.3649","38.8080"
"179.6870","2.3646","38.8239"
"179.7070","2.3643","38.8507"
"179.7270","2.3639","38.7687"
"179.7470","2.3636","38.7281"
"179.7670","2.3633","38.8048"
"179.7870","2.3630","38.8321"
"179.8070","2.3627","38.8420"
"179.8270","2.3624","38.8302"
"179.8470","2.3620","38.6816"
"179.8670","2.3615","38.6702"
"179.8870","2.3611","38.7065"
"179.9070","2.3607","38.7774"
"179.9270","2.3604","38.7254"
"179.9470","2.3602","38.7439"
"179.9670","2.3600","38.7461"
"179.9870","2.3597","38.7042"
"180.0070","2.3594","38.6629"
"180.0270","2.3590","38.7985"
"180.0470","2.3586","38.7260"
"180.0670","2.3583","38.6342"
"180.0870","2.3579","38.7157"
"180.1070","2.3576","38.6106"
"180.1270","2.3573","38.6443"
"180.1470","2.3571","38.6445"
"180.1670","2.3568","38.6144"
"180.1870","2.3564","38.6898"
"180.2070","2.3560","38.6688"
"180.2270","2.3556","38.6455"
"180.2470","2.3552","38.6007"
"180.2670","2.3548","38.5941"
"180.2870","2.3545","38.5934"
"180.3070","2.3542","38.5422"
"180.3270","2.3539","38.5028"
"180.3470","2.3536","38.5500"
"180.3670","2.3533","38.6388"
"180.3870","2.3529","38.6198"
"180.4070","2.3526","38.5465"
"180.4270","2.3523","38.5254"
"180.4470","2.3520","38.5210"
"180.4670","2.3517","38.4532"
"180.4870","2.3514","38.4903"
"180.5070","2.3511","38.4087"
"180.5270","2.3507","38.4166"
"180.5470","2.3503","38.4565"
"180.5670","2.3498","38.5426"
"180.5870","2.3494","38.5440"
"180.6070","2.3490","38.4334"
"180.6270","2.3488","38.3984"
"180.6470","2.3486","38.4018"
"180.6670","2.3484","38.4198"
"180.6870","2.3481","38.4116"
"180.7070","2.3477","38.4302"
"180.7270","2.3474","38.4772"
"180.7470","2.3470","38.4510"
"180.7670","2.3466","38.4872"
"180.7870","2.3462","38.3869"
"180.8070","2.3459","38.3734"
"180.8270","2.3457","38.3837"
"180.8470","2.3454","38.3899"
"180.8670","2.3451","38.4205"
"180.8870","2.3447","38.3916"
"180.9070","2.3443","38.3288"
"180.9270","2.3439","38.2295"
"180.9470","2.3435","38.2843"
"180.9670","2.3431","38.3683"
"180.9870","2.3428","38.3184"
"181.0070","2.3425","38.3129"
"181.0270","2.3422","38.2502"
"181.0470","2.3419","38.2443"
"181.0670","2.3415","38.2535"
"181.0870","2.3412","38.3042"
"181.1070","2.3409","38.3092"
"181.1270","2.3406","38.3635"
"181.1470","2.3403","38.2777"
"181.1670","2.3401","38.2450"
"181.1870","2.3398","38.2391"
"181.2070","2.3394","38.2026"
"181.2270","2.3390","38.2685"
"181.2470","2.3385","38.2231"
"181.2670","2.3381","38.2226"
"181.2870","2.3377","38.1920"
"181.3070","2.3374","38.1910"
"181.3270","2.3372","38.2264"
"181.3470","2.3370","38.2783"
"181.3670","2.3367","38.3013"
"181.3870","2.3364","38.2835"
"181.4070","2.3361","38.2827"
"181.4270","2.3357","38.1553"
"181.4470","2.3353","38.0498"
"181.4670","2.3349","38.0946"
"181.4870","2.3346","38.1475"
"181.5070","2.3344","38.2196"
"181.5270","2.3341","38.1144"
"181.5470","2.3338","38.0655"
"181.5670","2.3334","38.1289"
"181.5870","2.3330","38.1279"
"181.6070","2.3326","38.1006"
"181.6270","2.3322","38.0713"
"181.6470","2.3318","38.0467"
"181.6670","2.3314","38.0558"
"181.6870","2.3311","38.0748"
"181.7070","2.3309","38.0853"
"181.7270","2.3306","38.1210"
"181.7470","2.3302","37.9973"
"181.7670","2.3299","37.9510"
"181.7870","2.3295","38.0016"
"181.8070","2.3292","38.0615"
"181.8270","2.3290","38.0491"
"181.8470","2.3287","37.9708"
"181.8670","2.3284","37.9747"
"181.8870","2.3281","38.0178"
"181.9070","2.3277","38.0127"
"181.9270","2.3272","38.0365"
"181.9470","2.3268","38.0735"
"181.9670","2.3264","38.0309"
"181.9870","2.3260","37.9635"
"182.0070","2.3258","37.8556"
"182.0270","2.3256","37.8191"
"182.0470","2.3254","37.8797"
"182.0670","2.3251","37.8667"
"182.0870","2.3247","37.8748"
"182.1070","2.3243","37.9405"
"182.1270","2.3239","37.9411"
"182.1470","2.3236","37.7908"
"182.1670","2.3232","37.7562"
"182.1870","2.3230","37.7965"
"182.2070","2.3227","37.8844"
"182.2270","2.3224","37.8588"
"182.2470","2.3221","37.8249"
"182.2670","2.3217","37.9321"
"182.2870","2.3213","37.9407"
"182.3070","2.3209","37.9360"
"182.3270","2.3205","37.8918"
"182.3470","2.3201","37.8221"
"182.3670","2.3198","37.7782"
"182.3870","2.3195","37.7422"
"182.4070","2.3192","37.7425"
"182.4270","2.3189","37.7581"
"182.4470","2.3185","37.7999"
"182.4670","2.3182","37.7823"
"182.4870","2.3178","37.7542"
"182.5070","2.3176","37.8034"
"182.5270","2.3173","37.8098"
"182.5470","2.3171","37.7640"
"182.5670","2.3168","37.8468"
"182.5870","2.3164","37.8575"
"182.6070","2.3160","37.7703"
"182.6270","2.3155","37.6804"
"182.6470","2.3151","37.7415"
"182.6670","2.3147","37.7120"
"182.6870","2.3144","37.7170"
"182.7070","2.3142","37.6507"
"182.7270","2.3140","37.6847"
"182.7470","2.3137","37.7645"
"182.7670","2.3134","37.7578"
"182.7870","2.3130","37.7336"
"182.8070","2.3126","37.7231"
"182.8270","2.3123","37.7194"
"182.8470","2.3119","37.7292"
"182.8670","2.3116","37.7285"
"182.8870","2.3113","37.6646"
"182.9070","2.3111","37.5196"
"182.9270","2.3108","37.5613"
"182.9470","2.3104","37.6342"
"182.9670","2.3100","37.6161"
"182.9870","2.3096","37.6157"
"183.0070","2.3092","37.6602"
"183.0270","2.3088","37.5914"
"183.0470","2.3085","37.5804"
"183.0670","2.3082","37.5742"
"183.0870","2.3079","37.6170"
"183.1070","2.3076","37.6619"
"183.1270","2.3072","37.5756"
"183.1470","2.3069","37.5086"
"183.1670","2.3065","37.5076"
"183.1870","2.3063","37.4803"
"183.2070","2.3060","37.6074"
"183.2270","2.3057","37.6697"
"183.2470","2.3054","37.5972"
"183.2670","2.3051","37.4864"
"183.2870","2.3047","37.3948"
"183.3070","2.3042","37.4135"
"183.3270","2.3038","37.4630"
"183.3470","2.3034","37.5054"
"183.3670","2.3031","37.5103"
"183.3870","2.3028","37.3970"
"183.4070","2.3026","37.3835"
"183.4270","2.3024","37.3873"
"183.4470","2.3021","37.3858"
"183.4670","2.3017","37.5294"
"183.4870","2.3013","37.5318"
"183.5070","2.3009","37.4677"
"183.5270","2.3006","37.4629"
"183.5470","2.3003","37.4700"
"183.5670","2.3000","37.3724"
"183.5870","2.2997","37.3297"
"183.6070","2.2994","37.3193"
"183.6270","2.2991","37.3948"
"183.6470","2.2987","37.3328"
"183.6670","2.2983","37.2936"
"183.6870","2.2979","37.3467"
"183.7070","2.2975","37.2853"
"183.7270","2.2971","37.2581"
"183.7470","2.2968","37.2869"
"183.7670","2.2966","37.3592"
"183.7870","2.2962","37.3986"
"183.8070","2.2959","37.3551"
"183.8270","2.2955","37.2938"
"183.8470","2.2952","37.3165"
"183.8670","2.2949","37.2714"
"183.8870","2.2946","37.2895"
"183.9070","2.2943","37.3916"
"183.9270","2.2941","37.3292"
"183.9470","2.2937","37.2653"
"183.9670","2.2934","37.2148"
"183.9870","2.2929","37.1907"
"184.0070","2.2925","37.2521"
"184.0270","2.2920","37.2740"
"184.0470","2.2917","37.2687"
"184.0670","2.2914","37.2273"
"184.0870","2.2912","37.2028"
"184.1070","2.2910","37.2441"
"184.1270","2.2907","37.2166"
"184.1470","2.2904","37.1455"
"184.1670","2.2900","37.1305"
"184.1870","2.2896","37.1266"
"184.2070","2.2892","37.1432"
"184.2270","2.2889","37.1956"
"184.2470","2.2886","37.1670"
"184.2670","2.2883","37.2429"
"184.2870","2.2881","37.1880"
"184.3070","2.2877","37.1608"
"184.3270","2.2874","37.1892"
"184.3470","2.2870","37.1285"
"184.3670","2.2865","37.0945"
"184.3870","2.2861","37.0252"
"184.4070","2.2858","36.9589"
"184.4270","2.2855","37.0336"
"184.4470","2.2852","37.0268"
"184.4670","2.2849","36.9636"
"184.4870","2.2846","37.0002"
"184.5070","2.2842","37.0690"
"184.5270","2.2839","37.0307"
"184.5470","2.2836","37.0422"
"184.5670","2.2833","36.9969"
"184.5870","2.2830","37.0172"
"184.6070","2.2827","37.0526"
"184.6270","2.2824","36.9712"
"184.6470","2.2821","36.9702"
"184.6670","2.2817","36.9443"
"184.6870","2.2812","36.9380"
"184.7070","2.2808","36.8963"
"184.7270","2.2804","36.9160"
"184.7470","2.2801","36.9438"
"184.7670","2.2799","36.9709"
"184.7870","2.2796","36.9442"
"184.8070","2.2794","36.9181"
"184.8270","2.2791","36.9038"
"184.8470","2.2787","36.9164"
"184.8670","2.2783","36.9239"
"184.8870","2.2779","36.8377"
"184.9070","2.2776","36.8525"
"184.9270","2.2773","36.8396"
"184.9470","2.2770","36.8816"
"184.9670","2.2767","36.8683"
"184.9870","2.2764","36.8984"
"185.0070","2.2761","36.9032"
"185.0270","2.2757","36.9237"
"185.0470","2.2753","36.9189"
"185.0670","2.2749","36.8485"
"185.0870","2.2745","36.7982"
"185.1070","2.2742","36.8066"
"185.1270","2.2739","36.8206"
"185.1470","2.2736","36.8293"
"185.1670","2.2733","36.8378"
"185.1870","2.2730","36.7969"
"185.2070","2.2726","36.7478"
"185.2270","2.2722","36.7717"
"185.2470","2.2719","36.7453"
"185.2670","2.2716","36.7844"
"185.2870","2.2714","36.7085"
"185.3070","2.2711","36.7115"
"185.3270","2.2708","36.7920"
"185.3470","2.2704","36.7085"
"185.3670","2.2699","36.6137"
"185.3870","2.2695","36.6066"
"185.4070","2.2690","36.7315"
"185.4270","2.2687","36.8003"
"185.4470","2.2685","36.7143"
"185.4670","2.2683","36.6923"
"185.4870","2.2680","36.6764"
"185.5070","2.2677","36.6773"
"185.5270","2.2674","36.5994"
"185.5470","2.2670","36.6241"
"185.5670","2.2666","36.6278"
"185.5870","2.2662","36.6672"
"185.6070","2.2659","36.6363"
"185.6270","2.2656","36.6641"
"185.6470","2.2654","36.6511"
"185.6670","2.2651","36.6068"
"185.6870","2.2648","36.6241"
"185.7070","2.2644","36.6193"
"185.7270","2.2640","36.5898"
"185.7470","2.2635","36.5915"
"185.7670","2.2631","36.5665"
"185.7870","2.2628","36.5396"
"185.8070","2.2625","36.5331"
"185.8270","2.2622","36.5412"
"185.8470","2.2619","36.5798"
"185.8670","2.2616","36.5996"
"185.8870","2.2613","36.5683"
"185.9070","2.2609","36.5624"
"185.9270","2.2606","36.5654"
"185.9470","2.2603","36.5799"
"185.9670","2.2600","36.4988"
"185.9870","2.2597","36.4878"
"186.0070","2.2594","36.4627"
"186.0270","2.2590","36.4640"
"186.0470","2.2586","36.4544"
"186.0670","2.2581","36.4253"
"186.0870","2.2577","36.4654"
"186.1070","2.2573","36.4525"
"186.1270","2.2571","36.4106"
"186.1470","2.2569","36.3873"
"186.1670","2.2567","36.4081"
"186.1870","2.2564","36.3818"
"186.2070","2.2560","36.4168"
"186.2270","2.2557","36.5185"
"186.2470","2.2553","36.4754"
"186.2670","2.2549","36.3850"
"186.2870","2.2545","36.3242"
"186.3070","2.2542","36.3655"
"186.3270","2.2540","36.4211"
"186.3470","2.2537","36.3842"
"186.3670","2.2534","36.3201"
"186.3870","2.2530","36.3031"
"186.4070","2.2526","36.3029"
"186.4270","2.2522","36.2561"
"186.4470","2.2518","36.2710"
"186.4670","2.2514","36.2929"
"186.4870","2.2511","36.3860"
"186.5070","2.2508","36.3599"
"186.5270","2.2506","36.3915"
"186.5470","2.2503","36.3563"
"186.5670","2.2499","36.2210"
"186.5870","2.2496","36.2314"
"186.6070","2.2492","36.2305"
"186.6270","2.2489","36.2121"
"186.6470","2.2486","36.1573"
"186.6670","2.2484","36.1903"
"186.6870","2.2481","36.2031"
"186.7070","2.2477","36.2621"
"186.7270","2.2473","36.2005"
"186.7470","2.2468","36.1576"
"186.7670","2.2464","36.1346"
"186.7870","2.2460","36.1278"
"186.8070","2.2457","36.1632"
"186.8270","2.2455","36.2104"
"186.8470","2.2453","36.2349"
"186.8670","2.2451","36.1893"
"186.8870","2.2448","36.1052"
"186.9070","2.2444","36.1515"
"186.9270","2.2440","36.1649"
"186.9470","2.2436","36.1990"
"186.9670","2.2432","36.1827"
"186.9870","2.2429","36.1050"
"187.0070","2.2426","36.0627"
"187.0270","2.2423","36.0719"
"187.0470","2.2420","36.1208"
"187.0670","2.2417","36.1211"
"187.0870","2.2413","36.0794"
"187.1070","2.2409","36.0513"
"187.1270","2.2405","36.0540"
"187.1470","2.2401","36.0789"
"187.1670","2.2398","35.9871"
"187.1870","2.2395","36.0302"
"187.2070","2.2392","36.0728"
"187.2270","2.2389","36.0152"
"187.2470","2.2386","36.0440"
"187.2670","2.2383","36.0090"
"187.2870","2.2379","35.9870"
"187.3070","2.2376","36.0175"
"187.3270","2.2373","35.9294"
"187.3470","2.2370","35.9274"
"187.3670","2.2368","35.9996"
"187.3870","2.2364","36.0036"
"187.4070","2.2361","35.9873"
"187.4270","2.2356","36.0309"
"187.4470","2.2352","36.0324"
"187.4670","2.2347","35.9299"
"187.4870","2.2344","35.9333"
"187.5070","2.2341","35.9146"
"187.5270","2.2339","35.9513"
"187.5470","2.2337","35.8910"
"187.5670","2.2334","35.9493"
"187.5870","2.2331","35.9295"
"187.6070","2.2327","35.8506"
"187.6270","2.2323","35.8580"
"187.6470","2.2319","35.8799"
"187.6670","2.2316","35.9220"
"187.6870","2.2313","35.9169"
"187.7070","2.2310","35.9407"
"187.7270","2.2307","35.8428"
"187.7470","2.2304","35.8065"
"187.7670","2.2300","35.7456"
"187.7870","2.2296","35.8287"
"187.8070","2.2292","35.8528"
"187.8270","2.2288","35.8140"
"187.8470","2.2285","35.8101"
"187.8670","2.2282","35.7500"
"187.8870","2.2279","35.7268"
"187.9070","2.2276","35.7515"
"187.9270","2.2273","35.8774"
"187.9470","2.2270","35.8327"
"187.9670","2.2266","35.7271"
"187.9870","2.2262","35.6901"
"188.0070","2.2259","35.6838"
"188.0270","2.2256","35.6970"
"188.0470","2.2254","35.6308"
"188.0670","2.2251","35.6930"
"188.0870","2.2247","35.6939"
"188.1070","2.2243","35.7361"
"188.1270","2.2239","35.7504"
"188.1470","2.2234","35.7903"
"188.1670","2.2230","35.7646"
"188.1870","2.2227","35.6647"
"188.2070","2.2225","35.6739"
"188.2270","2.2223","35.6983"
"188.2470","2.2221","35.6549"
"188.2670","2.2218","35.6205"
"188.2870","2.2214","35.6393"
"188.3070","2.2210","35.6348"
"188.3270","2.2206","35.5715"
"188.3470","2.2202","35.5499"
"188.3670","2.2199","35.6200"
"188.3870","2.2196","35.6596"
"188.4070","2.2193","35.6282"
"188.4270","2.2191","35.6179"
"188.4470","2.2187","35.6142"
"188.4670","2.2184","35.5171"
"188.4870","2.2179","35.5100"
"188.5070","2.2175","35.6280"
"188.5270","2.2171","35.6684"
"188.5470","2.2168","35.6200"
"188.5670","2.2165","35.5569"
"188.5870","2.2162","35.4699"
"188.6070","2.2159","35.4364"
"188.6270","2.2156","35.4513"
"188.6470","2.2152","35.4435"
"188.6670","2.2149","35.4715"
"188.6870","2.2146","35.5482"
"188.7070","2.2143","35.5411"
"188.7270","2.2140","35.5177"
"188.7470","2.2137","35.4712"
"188.7670","2.2134","35.4635"
"188.7870","2.2131","35.4749"
"188.8070","2.2126","35.4791"
"188.8270","2.2122","35.4987"
"188.8470","2.2117","35.4687"
"188.8670","2.2114","35.4376"
"188.8870","2.2111","35.4542"
"188.9070","2.2109","35.3940"
"188.9270","2.2107","35.3107"
"188.9470","2.2104","35.3676"
"188.9670","2.2101","35.4364"
"188.9870","2.2097","35.3859"
"189.0070","2.2093","35.3449"
"189.0270","2.2089","35.3777"
"189.0470","2.2085","35.3906"
"189.0670","2.2082","35.4159"
"189.0870","2.2080","35.3548"
"189.1070","2.2077","35.4009"
"189.1270","2.2074","35.4141"
"189.1470","2.2070","35.3934"
"189.1670","2.2066","35.4227"
"189.1870","2.2062","35.4366"
"189.2070","2.2058","35.3876"
"189.2270","2.2054","35.3516"
"189.2470","2.2051","35.3184"
"189.2670","2.2048","35.3451"
"189.2870","2.2046","35.2761"
"189.3070","2.2042","35.2872"
"189.3270","2.2039","35.3079"
"189.3470","2.2035","35.3183"
"189.3670","2.2032","35.3291"
"189.3870","2.2029","35.3139"
"189.4070","2.2026","35.2231"
"189.4270","2.2024","35.2545"
"189.4470","2.2021","35.2157"
"189.4670","2.2017","35.1396"
"189.4870","2.2013","35.2041"
"189.5070","2.2009","35.3292"
"189.5270","2.2004","35.2673"
"189.5470","2.2000","35.1539"
"189.5670","2.1998","35.1499"
"189.5870","2.1995","35.2247"
"189.6070","2.1993","35.3088"
"189.6270","2.1990","35.2481"
"189.6470","2.1987","35.1270"
"189.6670","2.1984","35.0851"
"189.6870","2.1980","35.0918"
"189.7070","2.1976","35.0552"
"189.7270","2.1972","35.0228"
"189.7470","2.1969","35.0539"
"189.7670","2.1966","35.1375"
"189.7870","2.1963","35.1579"
"189.8070","2.1960","35.1933"
"189.8270","2.1957","35.1897"
"189.8470","2.1953","35.1231"
"189.8670","2.1949","35.1171"
"189.8870","2.1945","35.0914"
"189.9070","2.1941","35.0940"
"189.9270","2.1938","35.0866"
"189.9470","2.1935","35.0592"
"189.9670","2.1932","35.0463"
"189.9870","2.1929","35.0155"
"190.0070","2.1926","35.0147"
"190.0270","2.1922","35.0141"
"190.0470","2.1919","34.9818"
"190.0670","2.1916","35.0262"
"190.0870","2.1913","35.0360"
"190.1070","2.1910","35.0518"
"190.1270","2.1907","35.0566"
"190.1470","2.1904","35.0429"
"190.1670","2.1900","35.0678"
"190.1870","2.1896","35.0395"
"190.2070","2.1892","34.9372"
"190.2270","2.1887","34.9314"
"190.2470","2.1884","34.9615"
"190.2670","2.1881","34.8749"
"190.2870","2.1879","34.9038"
"190.3070","2.1877","34.9910"
"190.3270","2.1874","34.9920"
"190.3470","2.1871","34.9515"
"190.3670","2.1867","34.9007"
"190.3870","2.1863","34.8854"
"190.4070","2.1859","34.8720"
"190.4270","2.1856","34.8708"
"190.4470","2.1853","34.7890"
"190.4670","2.1850","34.8556"
"190.4870","2.1847","34.9001"
"190.5070","2.1844","34.8352"
"190.5270","2.1840","34.7745"
"190.5470","2.1836","34.8649"
"190.5670","2.1832","34.9092"
"190.5870","2.1828","34.8857"
"190.6070","2.1825","34.7804"
"190.6270","2.1822","34.7398"
"190.6470","2.1819","34.7838"
"190.6670","2.1816","34.7766"
"190.6870","2.1813","34.8492"
"190.7070","2.1809","34.8933"
"190.7270","2.1806","34.8767"
"190.7470","2.1802","34.8552"
"190.7670","2.1799","34.7922"
"190.7870","2.1796","34.7866"
"190.8070","2.1794","34.7814"
"190.8270","2.1791","34.7510"
"190.8470","2.1787","34.7392"
"190.8670","2.1784","34.7620"
"190.8870","2.1779","34.8137"
"190.9070","2.1775","34.7315"
"190.9270","2.1771","34.6675"
"190.9470","2.1768","34.6792"
"190.9670","2.1766","34.7509"
"190.9870","2.1763","34.7410"
"191.0070","2.1761","34.7205"
"191.0270","2.1757","34.7084"
"191.0470","2.1754","34.6889"
"191.0670","2.1750","34.6497"
"191.0870","2.1746","34.6444"
"191.1070","2.1743","34.6878"
"191.1270","2.1739","34.6458"
"191.1470","2.1736","34.6352"
"191.1670","2.1733","34.5668"
"191.1870","2.1730","34.6404"
"191.2070","2.1727","34.6312"
"191.2270","2.1723","34.6659"
"191.2470","2.1719","34.6868"
"191.2670","2.1715","34.6623"
"191.2870","2.1711","34.6639"
"191.3070","2.1708","34.5760"
"191.3270","2.1705","34.6170"
"191.3470","2.1702","34.5982"
"191.3670","2.1699","34.5973"
"191.3870","2.1696","34.6201"
"191.4070","2.1692","34.4822"
"191.4270","2.1689","34.4948"
"191.4470","2.1686","34.5982"
"191.4670","2.1683","34.5273"
"191.4870","2.1680","34.4900"
"191.5070","2.1677","34.4712"
"191.5270","2.1674","34.5574"
"191.5470","2.1670","34.5825"
"191.5670","2.1666","34.5612"
"191.5870","2.1662","34.4800"
"191.6070","2.1657","34.4830"
"191.6270","2.1654","34.5667"
"191.6470","2.1652","34.5417"
"191.6670","2.1649","34.4160"
"191.6870","2.1647","34.5270"
"191.7070","2.1644","34.5889"
"191.7270","2.1641","34.5357"
"191.7470","2.1637","34.4882"
"191.7670","2.1633","34.4013"
"191.7870","2.1629","34.3341"
"191.8070","2.1626","34.3699"
"191.8270","2.1623","34.4162"
"191.8470","2.1620","34.4193"
"191.8670","2.1617","34.3995"
"191.8870","2.1614","34.3950"
"191.9070","2.1610","34.3210"
"191.9270","2.1606","34.3302"
"191.9470","2.1602","34.3551"
"191.9670","2.1598","34.4173"
"191.9870","2.1594","34.3746"
"192.0070","2.1592","34.2903"
"192.0270","2.1589","34.3114"
"192.0470","2.1586","34.3636"
"192.0670","2.1583","34.3474"
"192.0870","2.1579","34.2986"
"192.1070","2.1576","34.2821"
"192.1270","2.1572","34.3062"
"192.1470","2.1569","34.3666"
"192.1670","2.1566","34.3919"
"192.1870","2.1564","34.3516"
"192.2070","2.1561","34.3007"
"192.2270","2.1557","34.3136"
"192.2470","2.1553","34.2397"
"192.2670","2.1549","34.2521"
"192.2870","2.1544","34.2629"
"192.3070","2.1541","34.2392"
"192.3270","2.1538","34.1943"
"192.3470","2.1536","34.1974"
"192.3670","2.1533","34.2471"
"192.3870","2.1531","34.1572"
"192.4070","2.1528","34.0933"
"192.4270","2.1524","34.1461"
"192.4470","2.1520","34.2691"
"192.4670","2.1516","34.2538"
"192.4870","2.1512","34.2084"
"192.5070","2.1509","34.1519"
"192.5270","2.1506","34.1712"
"192.5470","2.1503","34.1519"
"192.5670","2.1500","34.1223"
"192.5870","2.1497","34.1656"
"192.6070","2.1493","34.1261"
"192.6270","2.1489","34.0847"
"192.6470","2.1484","34.0827"
"192.6670","2.1481","34.1570"
"192.6870","2.1478","34.2170"
"192.7070","2.1475","34.1231"
"192.7270","2.1473","33.9749"
"192.7470","2.1470","34.0081"
"192.7670","2.1466","34.0837"
"192.7870","2.1463","34.1653"
"192.8070","2.1459","34.0906"
"192.8270","2.1456","33.9757"
"192.8470","2.1453","33.9697"
"192.8670","2.1450","34.0555"
"192.8870","2.1447","34.0506"
"192.9070","2.1444","33.9962"
"192.9270","2.1440","33.9411"
"192.9470","2.1436","33.8950"
"192.9670","2.1431","33.9337"
"192.9870","2.1427","34.0005"
"193.0070","2.1424","34.0108"
"193.0270","2.1422","34.0110"
"193.0470","2.1420","33.9818"
"193.0670","2.1417","33.9049"
"193.0870","2.1414","33.9440"
"193.1070","2.1411","33.9248"
"193.1270","2.1407","33.9030"
"193.1470","2.1403","33.9089"
"193.1670","2.1399","33.9654"
"193.1870","2.1396","33.9355"
"193.2070","2.1393","33.8838"
"193.2270","2.1390","33.9015"
"193.2470","2.1387","33.9126"
"193.2670","2.1384","33.8817"
"193.2870","2.1380","33.9073"
"193.3070","2.1376","33.9474"
"193.3270","2.1371","33.8454"
"193.3470","2.1367","33.8495"
"193.3670","2.1364","33.7702"
"193.3870","2.1361","33.7683"
"193.4070","2.1359","33.7671"
"193.4270","2.1356","33.8500"
"193.4470","2.1353","33.8914"
"193.4670","2.1349","33.9129"
"193.4870","2.1346","33.8657"
"193.5070","2.1342","33.7664"
"193.5270","2.1339","33.7560"
"193.5470","2.1336","33.7772"
"193.5670","2.1333","33.7460"
"193.5870","2.1330","33.7509"
"193.6070","2.1326","33.7530"
"193.6270","2.1322","33.7195"
"193.6470","2.1318","33.7622"
"193.6670","2.1314","33.7272"
"193.6870","2.1310","33.7308"
"193.7070","2.1308","33.7229"
"193.7270","2.1305","33.7274"
"193.7470","2.1303","33.8037"
"193.7670","2.1300","33.7273"
"193.7870","2.1297","33.7259"
"193.8070","2.1294","33.7136"
"193.8270","2.1290","33.7345"
"193.8470","2.1286","33.7339"
"193.8670","2.1282","33.6843"
"193.8870","2.1279","33.6093"
"193.9070","2.1277","33.5644"
"193.9270","2.1274","33.5907"
"193.9470","2.1271","33.6032"
"193.9670","2.1267","33.6351"
"193.9870","2.1263","33.6800"
"194.0070","2.1259","33.6014"
"194.0270","2.1255","33.5649"
"194.0470","2.1251","33.5428"
"194.0670","2.1248","33.6485"
"194.0870","2.1246","33.6822"
"194.1070","2.1243","33.5582"
"194.1270","2.1240","33.4680"
"194.1470","2.1237","33.5244"
"194.1670","2.1233","33.5679"
"194.1870","2.1230","33.5547"
"194.2070","2.1227","33.6273"
"194.2270","2.1224","33.6543"
"194.2470","2.1221","33.6366"
"194.2670","2.1218","33.5845"
"194.2870","2.1214","33.5281"
"194.3070","2.1211","33.5017"
"194.3270","2.1206","33.5221"
"194.3470","2.1202","33.4928"
"194.3670","2.1198","33.5381"
"194.3870","2.1194","33.5366"
"194.4070","2.1192","33.3998"
"194.4270","2.1190","33.4072"
"194.4470","2.1187","33.4215"
"194.4670","2.1184","33.4737"
"194.4870","2.1180","33.4230"
"194.5070","2.1177","33.3883"
"194.5270","2.1173","33.4105"
"194.5470","2.1169","33.4381"
"194.5670","2.1166","33.3575"
"194.5870","2.1163","33.4084"
"194.6070","2.1160","33.3979"
"194.6270","2.1157","33.3848"
"194.6470","2.1154","33.3284"
"194.6670","2.1150","33.3160"
"194.6870","2.1146","33.3787"
"194.7070","2.1142","33.3540"
"194.7270","2.1138","33.3452"
"194.7470","2.1134","33.3099"
"194.7670","2.1131","33.3285"
"194.7870","2.1129","33.3087"
"194.8070","2.1126","33.3548"
"194.8270","2.1122","33.3459"
"194.8470","2.1119","33.3177"
"194.8670","2.1115","33.3497"
"194.8870","2.1112","33.3143"
"194.9070","2.1109","33.2578"
"194.9270","2.1106","33.2578"
"194.9470","2.1104","33.2976"
"194.9670","2.1100","33.2315"
"194.9870","2.1097","33.3078"
"195.0070","2.1093","33.3717"
"195.0270","2.1088","33.3290"
"195.0470","2.1084","33.2552"
"195.0670","2.1080","33.2558"
"195.0870","2.1078","33.2303"
"195.1070","2.1076","33.2207"
"195.1270","2.1073","33.2911"
"195.1470","2.1071","33.1947"
"195.1670","2.1067","33.1929"
"195.1870","2.1064","33.1312"
"195.2070","2.1060","33.1312"
"195.2270","2.1056","33.1310"
"195.2470","2.1052","33.1607"
"195.2670","2.1049","33.1543"
"195.2870","2.1047","33.1190"
"195.3070","2.1044","33.0878"
"195.3270","2.1041","33.0511"
"195.3470","2.1037","33.1095"
"195.3670","2.1033","33.1698"
"195.3870","2.1029","33.1204"
"195.4070","2.1025","33.1452"
"195.4270","2.1021","33.1215"
"195.4470","2.1018","33.0143"
"195.4670","2.1015","33.0161"
"195.4870","2.1012","33.0460"
"195.5070","2.1009","33.0834"
"195.5270","2.1006","33.1637"
"195.5470","2.1002","33.1638"
"195.5670","2.0999","33.0673"
"195.5870","2.0996","33.0537"
"195.6070","2.0993","33.0749"
"195.6270","2.0991","33.0551"
"195.6470","2.0988","33.0357"
"195.6670","2.0984","33.0893"
"195.6870","2.0980","33.0364"
"195.7070","2.0976","32.9320"
"195.7270","2.0971","32.9154"
"195.7470","2.0967","32.9298"
"195.7670","2.0964","32.9266"
"195.7870","2.0962","32.9383"
"195.8070","2.0960","32.9023"
"195.8270","2.0957","32.9452"
"195.8470","2.0954","32.9470"
"195.8670","2.0951","32.9549"
"195.8870","2.0947","32.9711"
"195.9070","2.0943","32.9273"
"195.9270","2.0939","32.9089"
"195.9470","2.0936","32.8929"
"195.9670","2.0933","32.9290"
"195.9870","2.0931","32.8482"
"196.0070","2.0928","32.8665"
"196.0270","2.0924","32.8834"
"196.0470","2.0920","32.9168"
"196.0670","2.0916","32.9268"
"196.0870","2.0912","32.9198"
"196.1070","2.0908","32.8583"
"196.1270","2.0904","32.7985"
"196.1470","2.0902","32.9099"
"196.1670","2.0899","32.9402"
"196.1870","2.0896","32.8664"
"196.2070","2.0892","32.9057"
"196.2270","2.0889","32.8870"
"196.2470","2.0885","32.8574"
"196.2670","2.0882","32.8630"
"196.2870","2.0880","32.8027"
"196.3070","2.0877","32.6889"
"196.3270","2.0874","32.6528"
"196.3470","2.0871","32.6608"
"196.3670","2.0867","32.7317"
"196.3870","2.0863","32.7853"
"196.4070","2.0858","32.8550"
"196.4270","2.0854","32.8327"
"196.4470","2.0850","32.7567"
"196.4670","2.0848","32.6698"
"196.4870","2.0846","32.6369"
"196.5070","2.0843","32.7104"
"196.5270","2.0840","32.7757"
"196.5470","2.0837","32.7594"
"196.5670","2.0833","32.6692"
"196.5870","2.0829","32.6921"
"196.6070","2.0826","32.6377"
"196.6270","2.0822","32.6563"
"196.6470","2.0819","32.6263"
"196.6670","2.0817","32.6278"
"196.6870","2.0814","32.5874"
"196.7070","2.0811","32.5976"
"196.7270","2.0807","32.6787"
"196.7470","2.0803","32.6865"
"196.7670","2.0799","32.6280"
"196.7870","2.0795","32.6801"
"196.8070","2.0791","32.5860"
"196.8270","2.0788","32.5756"
"196.8470","2.0785","32.6564"
"196.8670","2.0782","32.6646"
"196.8870","2.0779","32.6848"
"196.9070","2.0775","32.6695"
"196.9270","2.0772","32.6906"
"196.9470","2.0768","32.6342"
"196.9670","2.0765","32.5307"
"196.9870","2.0763","32.4197"
"197.0070","2.0760","32.4895"
"197.0270","2.0757","32.5777"
"197.0470","2.0754","32.5766"
"197.0670","2.0750","32.6186"
"197.0870","2.0745","32.5519"
"197.1070","2.0741","32.5346"
"197.1270","2.0737","32.5214"
"197.1470","2.0734","32.4510"
"197.1670","2.0732","32.4254"
"197.1870","2.0729","32.4587"
"197.2070","2.0727","32.4967"
"197.2270","2.0724","32.5129"
"197.2470","2.0720","32.5282"
"197.2670","2.0716","32.4399"
"197.2870","2.0713","32.5184"
"197.3070","2.0709","32.5003"
"197.3270","2.0706","32.4506"
"197.3470","2.0703","32.3988"
"197.3670","2.0700","32.4359"
"197.3870","2.0697","32.4221"
"197.4070","2.0694","32.4127"
"197.4270","2.0690","32.4308"
"197.4470","2.0686","32.4165"
"197.4670","2.0682","32.3939"
"197.4870","2.0678","32.3918"
"197.5070","2.0675","32.4136"
"197.5270","2.0672","32.3681"
"197.5470","2.0669","32.3632"
"197.5670","2.0666","32.3109"
"197.5870","2.0662","32.3460"
"197.6070","2.0659","32.3785"
"197.6270","2.0655","32.3629"
"197.6470","2.0652","32.4238"
"197.6670","2.0650","32.3345"
"197.6870","2.0647","32.3234"
"197.7070","2.0644","32.2753"
"197.7270","2.0641","32.3427"
"197.7470","2.0637","32.2651"
"197.7670","2.0633","32.2403"
"197.7870","2.0628","32.3235"
"197.8070","2.0624","32.2692"
"197.8270","2.0620","32.2160"
"197.8470","2.0618","32.2402"
"197.8670","2.0616","32.2673"
"197.8870","2.0613","32.2131"
"197.9070","2.0610","32.3334"
"197.9270","2.0607","32.3773"
"197.9470","2.0603","32.2535"
"197.9670","2.0599","32.1809"
"197.9870","2.0596","32.1911"
"198.0070","2.0593","32.1888"
"198.0270","2.0590","32.2026"
"198.0470","2.0587","32.2057"
"198.0670","2.0584","32.1622"
"198.0870","2.0581","32.1957"
"198.1070","2.0577","32.1690"
"198.1270","2.0573","32.1352"
"198.1470","2.0569","32.0916"
"198.1670","2.0565","32.1166"
"198.1870","2.0561","32.1299"
"198.2070","2.0558","32.0410"
"198.2270","2.0555","32.0839"
"198.2470","2.0552","32.1696"
"198.2670","2.0549","32.1143"
"198.2870","2.0546","32.0659"
"198.3070","2.0542","32.0648"
"198.3270","2.0539","32.0531"
"198.3470","2.0536","32.0769"
"198.3670","2.0533","32.0918"
"198.3870","2.0531","32.0486"
"198.4070","2.0527","31.9957"
"198.4270","2.0524","31.9729"
"198.4470","2.0520","32.0204"
"198.4670","2.0515","32.0813"
"198.4870","2.0511","32.0706"
"198.5070","2.0507","32.0133"
"198.5270","2.0505","32.0245"
"198.5470","2.0502","32.0073"
"198.5670","2.0500","31.9661"
"198.5870","2.0497","31.9227"
"198.6070","2.0494","32.0017"
"198.6270","2.0490","32.0354"
"198.6470","2.0487","31.9841"
"198.6670","2.0483","31.9825"
"198.6870","2.0479","31.9750"
"198.7070","2.0476","31.9178"
"198.7270","2.0473","31.9685"
"198.7470","2.0470","31.9076"
"198.7670","2.0467","31.9523"
"198.7870","2.0464","32.0639"
"198.8070","2.0460","31.9920"
"198.8270","2.0456","31.9577"
"198.8470","2.0452","31.9612"
"198.8670","2.0448","31.8798"
"198.8870","2.0445","31.8553"
"198.9070","2.0442","31.8787"
"198.9270","2.0439","31.8521"
"198.9470","2.0436","31.8292"
"198.9670","2.0432","31.8520"
"198.9870","2.0429","31.8816"
"199.0070","2.0425","31.8429"
"199.0270","2.0423","31.7139"
"199.0470","2.0420","31.7913"
"199.0670","2.0417","31.8325"
"199.0870","2.0414","31.8324"
"199.1070","2.0411","31.7779"
"199.1270","2.0407","31.6805"
"199.1470","2.0402","31.6962"
"199.1670","2.0398","31.7053"
"199.1870","2.0394","31.7067"
"199.2070","2.0391","31.7214"
"199.2270","2.0389","31.7462"
"199.2470","2.0386","31.7020"
"199.2670","2.0384","31.7037"
"199.2870","2.0380","31.7143"
"199.3070","2.0377","31.7817"
"199.3270","2.0373","31.7795"
"199.3470","2.0369","31.7127"
"199.3670","2.0366","31.7143"
"199.3870","2.0363","31.7838"
"199.4070","2.0360","31.7381"
"199.4270","2.0357","31.6779"
"199.4470","2.0354","31.6141"
"199.4670","2.0351","31.6296"
"199.4870","2.0347","31.6519"
"199.5070","2.0343","31.6770"
"199.5270","2.0339","31.6329"
"199.5470","2.0335","31.5624"
"199.5670","2.0331","31.5862"
"199.5870","2.0328","31.5518"
"199.6070","2.0326","31.5581"
"199.6270","2.0323","31.5511"
"199.6470","2.0319","31.6084"
"199.6670","2.0316","31.6073"
"199.6870","2.0312","31.6251"
"199.7070","2.0309","31.6238"
"199.7270","2.0306","31.6422"
"199.7470","2.0303","31.5587"
"199.7670","2.0300","31.5417"
"199.7870","2.0297","31.4943"
"199.8070","2.0294","31.4758"
"199.8270","2.0289","31.4351"
"199.8470","2.0285","31.5763"
"199.8670","2.0280","31.5825"
"199.8870","2.0277","31.5938"
"199.9070","2.0275","31.5989"
"199.9270","2.0272","31.5280"
"199.9470","2.0270","31.5018"
"199.9670","2.0267","31.5347"
"199.9870","2.0264","31.4988"
"200.0070","2.0260","31.3990"
"200.0270","2.0256","31.4878"
"200.0470","2.0252","31.5037"
"200.0670","2.0249","31.4568"
"200.0870","2.0246","31.4625"
"200.1070","2.0243","31.4373"
"200.1270","2.0240","31.4119"
"200.1470","2.0237","31.4102"
"200.1670","2.0233","31.4751"
"200.1870","2.0229","31.5731"
"200.2070","2.0225","31.5496"
"200.2270","2.0221","31.4569"
"200.2470","2.0218","31.3640"
"200.2670","2.0215","31.3860"
"200.2870","2.0212","31.3998"
"200.3070","2.0209","31.3837"
"200.3270","2.0206","31.3329"
"200.3470","2.0203","31.3710"
"200.3670","2.0199","31.2037"
"200.3870","2.0196","31.1764"
"200.4070","2.0193","31.1918"
"200.4270","2.0190","31.2829"
"200.4470","2.0187","31.3403"
"200.4670","2.0184","31.4011"
"200.4870","2.0180","31.3693"
"200.5070","2.0176","31.3773"
"200.5270","2.0172","31.4221"
"200.5470","2.0167","31.3715"
"200.5670","2.0163","31.2885"
"200.5870","2.0161","31.2539"
"200.6070","2.0159","31.2666"
"200.6270","2.0156","31.2000"
"200.6470","2.0154","31.2609"
"200.6670","2.0151","31.2366"
"200.6870","2.0147","31.1975"
"200.7070","2.0143","31.2785"
"200.7270","2.0139","31.2530"
"200.7470","2.0136","31.2209"
"200.7670","2.0132","31.2806"
"200.7870","2.0130","31.3574"
"200.8070","2.0127","31.2973"
"200.8270","2.0124","31.2390"
"200.8470","2.0120","31.1828"
"200.8670","2.0117","31.2139"
"200.8870","2.0112","31.1922"
"200.9070","2.0108","31.2463"
"200.9270","2.0104","31.1758"
"200.9470","2.0101","31.0781"
"200.9670","2.0098","31.1190"
"200.9870","2.0096","31.1614"
"201.0070","2.0093","31.1649"
"201.0270","2.0089","31.1022"
"201.0470","2.0086","31.0938"
"201.0670","2.0083","31.1299"
"201.0870","2.0079","31.1016"
"201.1070","2.0076","31.0529"
"201.1270","2.0074","31.1500"
"201.1470","2.0071","31.1480"
"201.1670","2.0067","31.0971"
"201.1870","2.0063","31.0305"
"201.2070","2.0059","31.0345"
"201.2270","2.0054","31.0240"
"201.2470","2.0050","31.0004"
"201.2670","2.0047","30.9780"
"201.2870","2.0045","31.0343"
"201.3070","2.0043","31.0934"
"201.3270","2.0040","30.9438"
"201.3470","2.0037","30.8697"
"201.3670","2.0034","30.8544"
"201.3870","2.0030","30.9204"
"201.4070","2.0026","31.0066"
"201.4270","2.0022","30.9132"
"201.4470","2.0019","30.8925"
"201.4670","2.0016","30.9395"
"201.4870","2.0013","30.9664"
"201.5070","2.0010","30.9784"
"201.5270","2.0007","30.9390"
"201.5470","2.0004","30.9058"
"201.5670","2.0000","30.9375"
"201.5870","1.9995","30.9878"
"201.6070","1.9991","30.9906"
"201.6270","1.9988","30.9454"
"201.6470","1.9985","30.9317"
"201.6670","1.9982","30.9653"
"201.6870","1.9979","30.9462"
"201.7070","1.9976","30.8742"
"201.7270","1.9973","30.8239"
"201.7470","1.9969","30.8233"
"201.7670","1.9966","30.8197"
"201.7870","1.9963","30.7863"
"201.8070","1.9960","30.8628"
"201.8270","1.9957","30.8848"
"201.8470","1.9954","30.8239"
"201.8670","1.9951","30.8593"
"201.8870","1.9947","30.8642"
"201.9070","1.9942","30.7448"
"201.9270","1.9937","30.7845"
"201.9470","1.9934","30.8323"
"201.9670","1.9931","30.8563"
"201.9870","1.9929","30.8302"
"202.0070","1.9927","30.7955"
"202.0270","1.9924","30.8094"
"202.0470","1.9921","30.8469"
"202.0670","1.9917","30.8193"
"202.0870","1.9913","30.7621"
"202.1070","1.9909","30.7120"
"202.1270","1.9906","30.7660"
"202.1470","1.9903","30.7680"
"202.1670","1.9900","30.6969"
"202.1870","1.9897","30.7507"
"202.2070","1.9894","30.6887"
"202.2270","1.9890","30.6438"
"202.2470","1.9887","30.5585"
"202.2670","1.9882","30.6386"
"202.2870","1.9878","30.7098"
"202.3070","1.9875","30.7123"
"202.3270","1.9871","30.6716"
"202.3470","1.9869","30.7259"
"202.3670","1.9866","30.6821"
"202.3870","1.9863","30.6210"
"202.4070","1.9860","30.6406"
"202.4270","1.9856","30.7072"
"202.4470","1.9852","30.6852"
"202.4670","1.9849","30.7087"
"202.4870","1.9846","30.6770"
"202.5070","1.9843","30.6757"
"202.5270","1.9841","30.6674"
"202.5470","1.9837","30.5504"
"202.5670","1.9834","30.4601"
"202.5870","1.9829","30.5112"
"202.6070","1.9825","30.5627"
"202.6270","1.9820","30.6269"
"202.6470","1.9817","30.5778"
"202.6670","1.9815","30.5990"
"202.6870","1.9813","30.5657"
"202.7070","1.9810","30.5442"
"202.7270","1.9807","30.5435"
"202.7470","1.9804","30.5481"
"202.7670","1.9800","30.5453"
"202.7870","1.9796","30.5569"
"202.8070","1.9792","30.5590"
"202.8270","1.9789","30.5627"
"202.8470","1.9786","30.4519"
"202.8670","1.9783","30.4197"
"202.8870","1.9780","30.4722"
"202.9070","1.9777","30.4418"
"202.9270","1.9774","30.3981"
"202.9470","1.9770","30.3871"
"202.9670","1.9765","30.4168"
"202.9870","1.9761","30.4595"
"203.0070","1.9758","30.4495"
"203.0270","1.9755","30.4175"
"203.0470","1.9752","30.3732"
"203.0670","1.9749","30.4657"
"203.0870","1.9746","30.5415"
"203.1070","1.9743","30.4741"
"203.1270","1.9739","30.3803"
"203.1470","1.9736","30.3776"
"203.1670","1.9733","30.3228"
"203.1870","1.9730","30.3396"
"203.2070","1.9727","30.4371"
"203.2270","1.9724","30.4450"
"203.2470","1.9721","30.4019"
"203.2670","1.9716","30.3136"
"203.2870","1.9712","30.3548"
"203.3070","1.9707","30.3518"
"203.3270","1.9703","30.2583"
"203.3470","1.9701","30.3004"
"203.3670","1.9699","30.3652"
"203.3870","1.9697","30.3463"
"203.4070","1.9694","30.3137"
"203.4270","1.9691","30.3224"
"203.4470","1.9687","30.3446"
"203.4670","1.9683","30.3743"
"203.4870","1.9679","30.3768"
"203.5070","1.9675","30.3820"
"203.5270","1.9672","30.3326"
"203.5470","1.9670","30.2978"
"203.5670","1.9667","30.2356"
"203.5870","1.9664","30.2689"
"203.6070","1.9661","30.2149"
"203.6270","1.9657","30.1919"
"203.6470","1.9652","30.1094"
"203.6670","1.9648","30.2224"
"203.6870","1.9645","30.2611"
"203.7070","1.9641","30.2508"
"203.7270","1.9638","30.2627"
"203.7470","1.9636","30.1962"
"203.7670","1.9632","30.1903"
"203.7870","1.9629","30.2506"
"203.8070","1.9625","30.2685"
"203.8270","1.9622","30.2172"
"203.8470","1.9619","30.1532"
"203.8670","1.9616","30.1842"
"203.8870","1.9614","30.2071"
"203.9070","1.9611","30.1495"
"203.9270","1.9607","30.1991"
"203.9470","1.9604","30.1191"
"203.9670","1.9599","30.0961"
"203.9870","1.9595","30.1436"
"204.0070","1.9591","30.1226"
"204.0270","1.9587","30.0740"
"204.0470","1.9585","30.1423"
"204.0670","1.9583","30.1127"
"204.0870","1.9580","30.0466"
"204.1070","1.9577","30.1326"
"204.1270","1.9574","30.1219"
"204.1470","1.9570","30.1241"
"204.1670","1.9566","30.1353"
"204.1870","1.9562","30.0688"
"204.2070","1.9559","29.9775"
"204.2270","1.9556","29.9977"
"204.2470","1.9553","30.0272"
"204.2670","1.9550","30.0092"
"204.2870","1.9547","30.0766"
"204.3070","1.9543","30.0367"
"204.3270","1.9539","29.9676"
"204.3470","1.9535","29.9521"
"204.3670","1.9531","29.9992"
"204.3870","1.9528","29.9219"
"204.4070","1.9525","29.9638"
"204.4270","1.9522","29.9310"
"204.4470","1.9519","29.9780"
"204.4670","1.9516","30.0298"
"204.4870","1.9512","29.9663"
"204.5070","1.9509","29.8505"
"204.5270","1.9505","29.9027"
"204.5470","1.9502","29.9471"
"204.5670","1.9500","29.9404"
"204.5870","1.9497","29.8952"
"204.6070","1.9494","29.8854"
"204.6270","1.9490","29.8812"
"204.6470","1.9486","29.8268"
"204.6670","1.9482","29.8090"
"204.6870","1.9477","29.8444"
"204.7070","1.9474","29.8563"
"204.7270","1.9471","29.8905"
"204.7470","1.9469","29.8819"
"204.7670","1.9467","29.9196"
"204.7870","1.9464","29.8752"
"204.8070","1.9460","29.8187"
"204.8270","1.9457","29.8837"
"204.8470","1.9453","29.9181"
"204.8670","1.9449","29.8245"
"204.8870","1.9445","29.8086"
"204.9070","1.9442","29.8230"
"204.9270","1.9440","29.7912"
"204.9470","1.9437","29.8073"
"204.9670","1.9434","29.8180"
"204.9870","1.9430","29.7859"
"205.0070","1.9426","29.7541"
"205.0270","1.9422","29.7526"
"205.0470","1.9418","29.7474"
"205.0670","1.9414","29.7477"
"205.0870","1.9411","29.7661"
"205.1070","1.9409","29.7110"
"205.1270","1.9406","29.7467"
"205.1470","1.9403","29.7510"
"205.1670","1.9399","29.6836"
"205.1870","1.9396","29.6396"
"205.2070","1.9392","29.7268"
"205.2270","1.9389","29.6918"
"205.2470","1.9386","29.6128"
"205.2670","1.9384","29.5868"
"205.2870","1.9381","29.6719"
"205.3070","1.9378","29.6483"
"205.3270","1.9374","29.6306"
"205.3470","1.9369","29.7227"
"205.3670","1.9365","29.7222"
"205.3870","1.9361","29.7560"
"205.4070","1.9357","29.7165"
"205.4270","1.9355","29.6328"
"205.4470","1.9353","29.6148"
"205.4670","1.9350","29.5965"
"205.4870","1.9347","29.6525"
"205.5070","1.9344","29.6376"
"205.5270","1.9340","29.5865"
"205.5470","1.9336","29.6022"
"205.5670","1.9332","29.6419"
"205.5870","1.9329","29.6518"
"205.6070","1.9326","29.5998"
"205.6270","1.9323","29.5304"
"205.6470","1.9320","29.5419"
"205.6670","1.9317","29.5981"
"205.6870","1.9313","29.6485"
"205.7070","1.9309","29.5570"
"205.7270","1.9305","29.5433"
"205.7470","1.9301","29.5149"
"205.7670","1.9298","29.5346"
"205.7870","1.9295","29.4991"
"205.8070","1.9292","29.5938"
"205.8270","1.9289","29.5806"
"205.8470","1.9286","29.5645"
"205.8670","1.9283","29.5443"
"205.8870","1.9279","29.5104"
"205.9070","1.9276","29.4992"
"205.9270","1.9273","29.4797"
"205.9470","1.9270","29.4180"
"205.9670","1.9267","29.4697"
"205.9870","1.9264","29.4743"
"206.0070","1.9261","29.4173"
"206.0270","1.9257","29.3114"
"206.0470","1.9252","29.3863"
"206.0670","1.9248","29.5421"
"206.0870","1.9244","29.5327"
"206.1070","1.9241","29.4939"
"206.1270","1.9239","29.4406"
"206.1470","1.9237","29.4596"
"206.1670","1.9234","29.5381"
"206.1870","1.9231","29.4823"
"206.2070","1.9227","29.4625"
"206.2270","1.9223","29.3480"
"206.2470","1.9219","29.3471"
"206.2670","1.9216","29.3754"
"206.2870","1.9213","29.3438"
"206.3070","1.9210","29.3004"
"206.3270","1.9207","29.2748"
"206.3470","1.9204","29.3194"
"206.3670","1.9200","29.3644"
"206.3870","1.9196","29.2957"
"206.4070","1.9192","29.2750"
"206.4270","1.9188","29.3559"
"206.4470","1.9185","29.3294"
"206.4670","1.9182","29.2781"
"206.4870","1.9179","29.3004"
"206.5070","1.9176","29.3193"
"206.5270","1.9173","29.2420"
"206.5470","1.9169","29.2150"
"206.5670","1.9166","29.2302"
"206.5870","1.9162","29.2120"
"206.6070","1.9159","29.2893"
"206.6270","1.9156","29.3090"
"206.6470","1.9154","29.2984"
"206.6670","1.9151","29.2157"
"206.6870","1.9147","29.2877"
"206.7070","1.9143","29.2811"
"206.7270","1.9139","29.2581"
"206.7470","1.9135","29.2301"
"206.7670","1.9131","29.1351"
"206.7870","1.9128","29.1008"
"206.8070","1.9126","29.1838"
"206.8270","1.9123","29.2196"
"206.8470","1.9121","29.2300"
"206.8670","1.9118","29.2055"
"206.8870","1.9114","29.1279"
"206.9070","1.9110","29.1627"
"206.9270","1.9106","29.2023"
"206.9470","1.9102","29.1924"
"206.9670","1.9099","29.2082"
"206.9870","1.9096","29.1595"
"207.0070","1.9093","29.1475"
"207.0270","1.9090","29.1547"
"207.0470","1.9087","29.0962"
"207.0670","1.9083","29.1177"
"207.0870","1.9079","29.1879"
"207.1070","1.9075","29.2194"
"207.1270","1.9071","29.2323"
"207.1470","1.9068","29.1685"
"207.1670","1.9065","29.0924"
"207.1870","1.9062","28.9804"
"207.2070","1.9059","29.0135"
"207.2270","1.9056","29.1285"
"207.2470","1.9052","29.0687"
"207.2670","1.9049","29.0785"
"207.2870","1.9046","29.0837"
"207.3070","1.9043","29.1485"
"207.3270","1.9040","29.1182"
"207.3470","1.9037","29.0982"
"207.3670","1.9034","29.0464"
"207.3870","1.9030","29.0072"
"207.4070","1.9026","28.9858"
"207.4270","1.9021","29.0070"
"207.4470","1.9017","29.0267"
"207.4670","1.9014","28.9901"
"207.4870","1.9011","28.9521"
"207.5070","1.9009","29.0090"
"207.5270","1.9007","28.9499"
"207.5470","1.9004","28.9707"
"207.5670","1.9001","28.9406"
"207.5870","1.8997","28.8967"
"207.6070","1.8993","28.8623"
"207.6270","1.8989","28.8483"
"207.6470","1.8986","28.9031"
"207.6670","1.8983","28.8940"
"207.6870","1.8980","28.9931"
"207.7070","1.8977","28.9706"
"207.7270","1.8974","28.9003"
"207.7470","1.8970","28.8870"
"207.7670","1.8966","28.9009"
"207.7870","1.8961","28.9059"
"207.8070","1.8957","28.8717"
"207.8270","1.8954","28.8730"
"207.8470","1.8951","28.8547"
"207.8670","1.8948","28.7965"
"207.8870","1.8946","28.7837"
"207.9070","1.8943","28.8361"
"207.9270","1.8939","28.8116"
"207.9470","1.8936","28.8142"
"207.9670","1.8932","28.7658"
"207.9870","1.8929","28.7608"
"208.0070","1.8926","28.7744"
"208.0270","1.8923","28.7252"
"208.0470","1.8920","28.7644"
"208.0670","1.8917","28.7752"
"208.0870","1.8913","28.8074"
"208.1070","1.8908","28.7809"
"208.1270","1.8904","28.7452"
"208.1470","1.8900","28.7257"
"208.1670","1.8898","28.7764"
"208.1870","1.8895","28.7599"
"208.2070","1.8893","28.7057"
"208.2270","1.8891","28.7121"
"208.2470","1.8888","28.7127"
"208.2670","1.8884","28.6536"
"208.2870","1.8880","28.6486"
"208.3070","1.8876","28.6310"
"208.3270","1.8872","28.6485"
"208.3470","1.8869","28.6700"
"208.3670","1.8866","28.6787"
"208.3870","1.8864","28.6204"
"208.4070","1.8861","28.6379"
"208.4270","1.8857","28.6528"
"208.4470","1.8853","28.6665"
"208.4670","1.8849","28.6920"
"208.4870","1.8844","28.6310"
"208.5070","1.8841","28.5927"
"208.5270","1.8838","28.6013"
"208.5470","1.8835","28.6510"
"208.5670","1.8832","28.6490"
"208.5870","1.8829","28.7208"
"208.6070","1.8826","28.6374"
"208.6270","1.8822","28.5854"
"208.6470","1.8819","28.6649"
"208.6670","1.8816","28.6546"
"208.6870","1.8813","28.5260"
"208.7070","1.8810","28.4919"
"208.7270","1.8807","28.5342"
"208.7470","1.8804","28.5657"
"208.7670","1.8800","28.5637"
"208.7870","1.8796","28.6179"
"208.8070","1.8792","28.6095"
"208.8270","1.8787","28.5815"
"208.8470","1.8784","28.5007"
"208.8670","1.8782","28.4919"
"208.8870","1.8779","28.5227"
"208.9070","1.8777","28.5263"
"208.9270","1.8774","28.5566"
"208.9470","1.8771","28.5394"
"208.9670","1.8767","28.5097"
"208.9870","1.8763","28.5438"
"209.0070","1.8759","28.4787"
"209.0270","1.8756","28.4288"
"209.0470","1.8753","28.3950"
"209.0670","1.8750","28.4391"
"209.0870","1.8748","28.5305"
"209.1070","1.8744","28.4939"
"209.1270","1.8741","28.3286"
"209.1470","1.8736","28.2446"
"209.1670","1.8732","28.3319"
"209.1870","1.8728","28.4612"
"209.2070","1.8725","28.4426"
"209.2270","1.8722","28.4309"
"209.2470","1.8719","28.4196"
"209.2670","1.8716","28.4636"
"209.2870","1.8713","28.4118"
"209.3070","1.8709","28.3841"
"209.3270","1.8706","28.4696"
"209.3470","1.8703","28.4340"
"209.3670","1.8699","28.3583"
"209.3870","1.8697","28.3797"
"209.4070","1.8694","28.3473"
"209.4270","1.8691","28.3204"
"209.4470","1.8687","28.2919"
"209.4670","1.8683","28.2780"
"209.4870","1.8679","28.2229"
"209.5070","1.8674","28.3077"
"209.5270","1.8671","28.3778"
"209.5470","1.8668","28.3439"
"209.5670","1.8666","28.3545"
"209.5870","1.8663","28.3109"
"209.6070","1.8661","28.2713"
"209.6270","1.8657","28.2239"
"209.6470","1.8654","28.3358"
"209.6670","1.8650","28.4299"
"209.6870","1.8646","28.4008"
"209.7070","1.8643","28.3496"
"209.7270","1.8640","28.2727"
"209.7470","1.8637","28.2096"
"209.7670","1.8634","28.2073"
"209.7870","1.8631","28.2240"
"209.8070","1.8627","28.2809"
"209.8270","1.8624","28.2515"
"209.8470","1.8619","28.2078"
"209.8670","1.8615","28.2358"
"209.8870","1.8611","28.2485"
"209.9070","1.8608","28.1965"
"209.9270","1.8605","28.1127"
"209.9470","1.8602","28.1062"
"209.9670","1.8599","28.1281"
"209.9870","1.8596","28.2331"
"210.0070","1.8592","28.2033"
"210.0270","1.8589","28.1523"
"210.0470","1.8586","28.1107"
"210.0670","1.8583","28.1087"
"210.0870","1.8580","28.1141"
"210.1070","1.8577","28.1827"
"210.1270","1.8574","28.1563"
"210.1470","1.8570","28.1219"
"210.1670","1.8566","28.1396"
"210.1870","1.8561","28.1735"
"210.2070","1.8557","28.0845"
"210.2270","1.8554","28.0635"
"210.2470","1.8552","28.1110"
"210.2670","1.8549","28.0797"
"210.2870","1.8547","28.1210"
"210.3070","1.8544","28.0940"
"210.3270","1.8540","28.0527"
"210.3470","1.8537","28.1236"
"210.3670","1.8533","28.1385"
"210.3870","1.8529","28.0898"
"210.4070","1.8526","28.0045"
"210.4270","1.8523","27.8921"
"210.4470","1.8520","27.8537"
"210.4670","1.8518","27.9767"
"210.4870","1.8514","28.0077"
"210.5070","1.8510","27.9679"
"210.5270","1.8506","28.0171"
"210.5470","1.8502","27.9757"
"210.5670","1.8498","27.9178"
"210.5870","1.8494","27.9189"
"210.6070","1.8491","27.9536"
"210.6270","1.8489","28.0000"
"210.6470","1.8486","28.0438"
"210.6670","1.8482","27.9916"
"210.6870","1.8479","27.9893"
"210.7070","1.8475","27.9064"
"210.7270","1.8472","27.8873"
"210.7470","1.8469","27.9252"
"210.7670","1.8467","27.9168"
"210.7870","1.8464","27.8401"
"210.8070","1.8461","27.8302"
"210.8270","1.8457","27.8639"
"210.8470","1.8453","27.8996"
"210.8670","1.8448","27.9336"
"210.8870","1.8444","27.9188"
"210.9070","1.8440","27.8425"
"210.9270","1.8438","27.8109"
"210.9470","1.8435","27.8716"
"210.9670","1.8433","27.7965"
"210.9870","1.8430","27.7722"
"211.0070","1.8427","27.7835"
"211.0270","1.8423","27.7802"
"211.0470","1.8420","27.7823"
"211.0670","1.8416","27.7526"
"211.0870","1.8412","27.7628"
"211.1070","1.8409","27.7791"
"211.1270","1.8407","27.6957"
"211.1470","1.8404","27.6737"
"211.1670","1.8401","27.7624"
"211.1870","1.8397","27.7156"
"211.2070","1.8393","27.7146"
"211.2270","1.8389","27.7059"
"211.2470","1.8385","27.7375"
"211.2670","1.8381","27.7322"
"211.2870","1.8378","27.7466"
"211.3070","1.8375","27.6976"
"211.3270","1.8372","27.7742"
"211.3470","1.8369","27.7228"
"211.3670","1.8365","27.7095"
"211.3870","1.8362","27.7661"
"211.4070","1.8358","27.7868"
"211.4270","1.8355","27.7423"
"211.4470","1.8353","27.6567"
"211.4670","1.8350","27.6400"
"211.4870","1.8347","27.6729"
"211.5070","1.8344","27.6396"
"211.5270","1.8340","27.6818"
"211.5470","1.8336","27.6400"
"211.5670","1.8331","27.6762"
"211.5870","1.8327","27.7173"
"211.6070","1.8324","27.7271"
"211.6270","1.8321","27.6920"
"211.6470","1.8319","27.6112"
"211.6670","1.8317","27.5586"
"211.6870","1.8314","27.5637"
"211.7070","1.8310","27.5927"
"211.7270","1.8307","27.5700"
"211.7470","1.8303","27.5259"
"211.7670","1.8299","27.5084"
"211.7870","1.8296","27.5062"
"211.8070","1.8293","27.5676"
"211.8270","1.8290","27.6224"
"211.8470","1.8287","27.6743"
"211.8670","1.8284","27.6399"
"211.8870","1.8280","27.5496"
"211.9070","1.8276","27.4800"
"211.9270","1.8272","27.4785"
"211.9470","1.8268","27.5194"
"211.9670","1.8265","27.4492"
"211.9870","1.8262","27.4835"
"212.0070","1.8259","27.4390"
"212.0270","1.8256","27.3975"
"212.0470","1.8252","27.3840"
"212.0670","1.8249","27.4286"
"212.0870","1.8245","27.3447"
"212.1070","1.8242","27.4580"
"212.1270","1.8240","27.4976"
"212.1470","1.8237","27.4494"
"212.1670","1.8234","27.4487"
"212.1870","1.8231","27.4610"
"212.2070","1.8227","27.3158"
"212.2270","1.8223","27.3171"
"212.2470","1.8218","27.3571"
"212.2670","1.8214","27.3737"
"212.2870","1.8210","27.3973"
"212.3070","1.8208","27.4420"
"212.3270","1.8206","27.4078"
"212.3470","1.8203","27.4279"
"212.3670","1.8200","27.4336"
"212.3870","1.8197","27.4124"
"212.4070","1.8194","27.3549"
"212.4270","1.8190","27.3143"
"212.4470","1.8186","27.3370"
"212.4670","1.8183","27.4284"
"212.4870","1.8180","27.4064"
"212.5070","1.8177","27.3250"
"212.5270","1.8174","27.3527"
"212.5470","1.8171","27.3339"
"212.5670","1.8167","27.3070"
"212.5870","1.8163","27.3059"
"212.6070","1.8159","27.2943"
"212.6270","1.8155","27.2833"
"212.6470","1.8152","27.2694"
"212.6670","1.8148","27.2765"
"212.6870","1.8145","27.2504"
"212.7070","1.8142","27.2257"
"212.7270","1.8139","27.2305"
"212.7470","1.8136","27.1849"
"212.7670","1.8132","27.2050"
"212.7870","1.8129","27.2380"
"212.8070","1.8126","27.2427"
"212.8270","1.8123","27.2035"
"212.8470","1.8120","27.2152"
"212.8670","1.8117","27.2395"
"212.8870","1.8114","27.2782"
"212.9070","1.8110","27.2449"
"212.9270","1.8105","27.1768"
"212.9470","1.8101","27.1878"
"212.9670","1.8097","27.1393"
"212.9870","1.8094","27.1117"
"213.0070","1.8092","27.1631"
"213.0270","1.8090","27.1884"
"213.0470","1.8087","27.2670"
"213.0670","1.8084","27.2354"
"213.0870","1.8080","27.1715"
"213.1070","1.8076","27.1180"
"213.1270","1.8072","27.1283"
"213.1470","1.8069","27.0751"
"213.1670","1.8066","27.1057"
"213.1870","1.8063","27.1444"
"213.2070","1.8060","27.0273"
"213.2270","1.8057","26.9761"
"213.2470","1.8054","27.0811"
"213.2670","1.8050","27.1179"
"213.2870","1.8046","26.9981"
"213.3070","1.8042","26.9608"
"213.3270","1.8038","27.0334"
"213.3470","1.8035","27.0273"
"213.3670","1.8032","27.1114"
"213.3870","1.8029","27.0613"
"213.4070","1.8026","27.0219"
"213.4270","1.8022","26.9750"
"213.4470","1.8019","26.9737"
"213.4670","1.8015","26.9774"
"213.4870","1.8012","27.0684"
"213.5070","1.8010","27.0234"
"213.5270","1.8007","26.9596"
"213.5470","1.8004","26.9562"
"213.5670","1.8001","27.0167"
"213.5870","1.7997","27.0439"
"213.6070","1.7993","26.9969"
"213.6270","1.7988","26.9932"
"213.6470","1.7984","26.9618"
"213.6670","1.7981","26.9880"
"213.6870","1.7978","26.9355"
"213.7070","1.7976","26.9333"
"213.7270","1.7974","27.0255"
"213.7470","1.7970","27.0227"
"213.7670","1.7967","26.8884"
"213.7870","1.7963","26.9087"
"213.8070","1.7959","26.8872"
"213.8270","1.7956","26.8707"
"213.8470","1.7952","26.8287"
"213.8670","1.7950","26.8584"
"213.8870","1.7947","26.9148"
"213.9070","1.7944","26.8820"
"213.9270","1.7941","26.9017"
"213.9470","1.7937","26.8805"
"213.9670","1.7933","26.8380"
"213.9870","1.7929","26.8293"
"214.0070","1.7925","26.9017"
"214.0270","1.7921","26.9058"
"214.0470","1.7918","26.8832"
"214.0670","1.7916","26.8176"
"214.0870","1.7913","26.7522"
"214.1070","1.7909","26.7002"
"214.1270","1.7906","26.6577"
"214.1470","1.7902","26.7202"
"214.1670","1.7899","26.7452"
"214.1870","1.7896","26.6628"
"214.2070","1.7893","26.6593"
"214.2270","1.7890","26.7034"
"214.2470","1.7887","26.7713"
"214.2670","1.7884","26.7604"
"214.2870","1.7880","26.7411"
"214.3070","1.7875","26.7496"
"214.3270","1.7871","26.6950"
"214.3470","1.7867","26.6861"
"214.3670","1.7864","26.6996"
"214.3870","1.7862","26.7696"
"214.4070","1.7860","26.7913"
"214.4270","1.7857","26.7249"
"214.4470","1.7854","26.7555"
"214.4670","1.7850","26.7035"
"214.4870","1.7846","26.6816"
"214.5070","1.7842","26.7223"
"214.5270","1.7839","26.7064"
"214.5470","1.7836","26.7056"
"214.5670","1.7833","26.6912"
"214.5870","1.7830","26.6376"
"214.6070","1.7827","26.5552"
"214.6270","1.7824","26.5329"
"214.6470","1.7820","26.5728"
"214.6670","1.7815","26.6814"
"214.6870","1.7811","26.6200"
"214.7070","1.7808","26.5939"
"214.7270","1.7805","26.6018"
"214.7470","1.7802","26.6305"
"214.7670","1.7799","26.5632"
"214.7870","1.7796","26.5527"
"214.8070","1.7793","26.5563"
"214.8270","1.7789","26.5271"
"214.8470","1.7786","26.5092"
"214.8670","1.7783","26.5115"
"214.8870","1.7780","26.5770"
"214.9070","1.7777","26.4626"
"214.9270","1.7774","26.4791"
"214.9470","1.7771","26.4473"
"214.9670","1.7767","26.5105"
"214.9870","1.7762","26.5646"
"215.0070","1.7757","26.6108"
"215.0270","1.7753","26.6355"
"215.0470","1.7750","26.5055"
"215.0670","1.7748","26.5888"
"215.0870","1.7746","26.6452"
"215.1070","1.7744","26.5425"
"215.1270","1.7741","26.4923"
"215.1470","1.7737","26.4837"
"215.1670","1.7733","26.5094"
"215.1870","1.7729","26.4698"
"215.2070","1.7726","26.5398"
"215.2270","1.7722","26.5003"
"215.2470","1.7719","26.4693"
"215.2670","1.7717","26.4728"
"215.2870","1.7714","26.4167"
"215.3070","1.7711","26.4551"
"215.3270","1.7707","26.3876"
"215.3470","1.7703","26.2650"
"215.3670","1.7698","26.3568"
"215.3870","1.7695","26.4396"
"215.4070","1.7691","26.4358"
"215.4270","1.7688","26.4333"
"215.4470","1.7685","26.3697"
"215.4670","1.7683","26.3085"
"215.4870","1.7679","26.2901"
"215.5070","1.7676","26.2850"
"215.5270","1.7672","26.2746"
"215.5470","1.7669","26.3762"
"215.5670","1.7666","26.3853"
"215.5870","1.7664","26.3781"
"215.6070","1.7661","26.2797"
"215.6270","1.7657","26.2748"
"215.6470","1.7654","26.2755"
"215.6670","1.7649","26.2847"
"215.6870","1.7644","26.2583"
"215.7070","1.7640","26.1950"
"215.7270","1.7637","26.3557"
"215.7470","1.7634","26.3054"
"215.7670","1.7632","26.3214"
"215.7870","1.7630","26.2436"
"215.8070","1.7627","26.1707"
"215.8270","1.7624","26.1736"
"215.8470","1.7620","26.2588"
"215.8670","1.7616","26.2807"
"215.8870","1.7612","26.2520"
"215.9070","1.7609","26.2314"
"215.9270","1.7606","26.2183"
"215.9470","1.7603","26.1869"
"215.9670","1.7600","26.1917"
"215.9870","1.7597","26.2121"
"216.0070","1.7594","26.1386"
"216.0270","1.7590","26.2078"
"216.0470","1.7586","26.2229"
"216.0670","1.7582","26.2563"
"216.0870","1.7578","26.2263"
"216.1070","1.7575","26.1629"
"216.1270","1.7572","26.0958"
"216.1470","1.7569","26.1774"
"216.1670","1.7566","26.2577"
"216.1870","1.7563","26.2490"
"216.2070","1.7559","26.1475"
"216.2270","1.7556","26.1211"
"216.2470","1.7553","26.0464"
"216.2670","1.7550","25.9675"
"216.2870","1.7547","25.9626"
"216.3070","1.7544","26.0540"
"216.3270","1.7541","26.1479"
"216.3470","1.7537","26.0780"
"216.3670","1.7532","26.0472"
"216.3870","1.7527","26.0566"
"216.4070","1.7523","26.0537"
"216.4270","1.7520","25.9960"
"216.4470","1.7518","25.9759"
"216.4670","1.7516","25.9578"
"216.4870","1.7514","26.1034"
"216.5070","1.7511","26.1024"
"216.5270","1.7507","26.0485"
"216.5470","1.7503","26.0712"
"216.5670","1.7499","26.0721"
"216.5870","1.7496","26.1160"
"216.6070","1.7492","26.1665"
"216.6270","1.7489","26.0472"
"216.6470","1.7487","25.9608"
"216.6670","1.7484","25.9053"
"216.6870","1.7480","25.8933"
"216.7070","1.7477","25.9386"
"216.7270","1.7472","25.9734"
"216.7470","1.7468","25.8613"
"216.7670","1.7465","25.8741"
"216.7870","1.7461","25.8340"
"216.8070","1.7459","25.8765"
"216.8270","1.7456","25.9194"
"216.8470","1.7453","25.9281"
"216.8670","1.7450","25.8365"
"216.8870","1.7446","25.8838"
"216.9070","1.7443","25.9304"
"216.9270","1.7439","25.8602"
"216.9470","1.7436","25.8606"
"216.9670","1.7433","25.8565"
"216.9870","1.7431","25.8806"
"217.0070","1.7428","25.8937"
"217.0270","1.7424","25.7799"
"217.0470","1.7420","25.7984"
"217.0670","1.7415","25.8644"
"217.0870","1.7411","25.9051"
"217.1070","1.7407","25.8593"
"217.1270","1.7405","25.8034"
"217.1470","1.7403","25.7829"
"217.1670","1.7400","25.7656"
"217.1870","1.7397","25.7816"
"217.2070","1.7394","25.8819"
"217.2270","1.7390","25.8273"
"217.2470","1.7386","25.7655"
"217.2670","1.7382","25.7265"
"217.2870","1.7379","25.7110"
"217.3070","1.7376","25.7717"
"217.3270","1.7373","25.7475"
"217.3470","1.7370","25.6542"
"217.3670","1.7367","25.7101"
"217.3870","1.7364","25.6692"
"217.4070","1.7360","25.6579"
"217.4270","1.7355","25.6516"
"217.4470","1.7351","25.6441"
"217.4670","1.7348","25.7089"
"217.4870","1.7345","25.7067"
"217.5070","1.7342","25.6979"
"217.5270","1.7339","25.7070"
"217.5470","1.7336","25.6476"
"217.5670","1.7332","25.6350"
"217.5870","1.7329","25.6827"
"217.6070","1.7326","25.7320"
"217.6270","1.7323","25.6860"
"217.6470","1.7320","25.6291"
"217.6670","1.7317","25.6318"
"217.6870","1.7314","25.6775"
"217.7070","1.7311","25.6051"
"217.7270","1.7307","25.5687"
"217.7470","1.7302","25.5514"
"217.7670","1.7298","25.5993"
"217.7870","1.7294","25.6150"
"217.8070","1.7291","25.5559"
"217.8270","1.7289","25.6119"
"217.8470","1.7287","25.6315"
"217.8670","1.7284","25.5850"
"217.8870","1.7281","25.5196"
"217.9070","1.7277","25.5115"
"217.9270","1.7274","25.5513"
"217.9470","1.7270","25.6300"
"217.9670","1.7266","25.6186"
"217.9870","1.7263","25.5801"
"218.0070","1.7260","25.4758"
"218.0270","1.7257","25.4308"
"218.0470","1.7254","25.5221"
"218.0670","1.7251","25.5252"
"218.0870","1.7247","25.4086"
"218.1070","1.7243","25.3776"
"218.1270","1.7238","25.3997"
"218.1470","1.7235","25.5096"
"218.1670","1.7231","25.4506"
"218.1870","1.7228","25.4191"
"218.2070","1.7226","25.4264"
"218.2270","1.7222","25.4628"
"218.2470","1.7219","25.5235"
"218.2670","1.7215","25.5393"
"218.2870","1.7212","25.4841"
"218.3070","1.7209","25.4014"
"218.3270","1.7206","25.4567"
"218.3470","1.7203","25.4441"
"218.3670","1.7200","25.3597"
"218.3870","1.7197","25.4313"
"218.4070","1.7194","25.4541"
"218.4270","1.7189","25.4150"
"218.4470","1.7185","25.4334"
"218.4670","1.7180","25.3793"
"218.4870","1.7177","25.3839"
"218.5070","1.7175","25.4032"
"218.5270","1.7172","25.4308"
"218.5470","1.7170","25.4435"
"218.5670","1.7167","25.3488"
"218.5870","1.7163","25.3275"
"218.6070","1.7160","25.3807"
"218.6270","1.7156","25.4405"
"218.6470","1.7152","25.3346"
"218.6670","1.7149","25.3903"
"218.6870","1.7146","25.3421"
"218.7070","1.7143","25.3323"
"218.7270","1.7140","25.3906"
"218.7470","1.7137","25.4218"
"218.7670","1.7133","25.3760"
"218.7870","1.7129","25.1966"
"218.8070","1.7125","25.1699"
"218.8270","1.7121","25.2078"
"218.8470","1.7118","25.2285"
"218.8670","1.7115","25.2738"
"218.8870","1.7112","25.2574"
"218.9070","1.7109","25.2000"
"218.9270","1.7106","25.2800"
"218.9470","1.7102","25.3321"
"218.9670","1.7099","25.3429"
"218.9870","1.7095","25.2495"
"219.0070","1.7092","25.2218"
"219.0270","1.7090","25.1945"
"219.0470","1.7087","25.1778"
"219.0670","1.7084","25.1704"
"219.0870","1.7080","25.2597"
"219.1070","1.7076","25.2419"
"219.1270","1.7072","25.1841"
"219.1470","1.7067","25.2143"
"219.1670","1.7063","25.1795"
"219.1870","1.7061","25.1896"
"219.2070","1.7059","25.2350"
"219.2270","1.7056","25.2126"
"219.2470","1.7054","25.2224"
"219.2670","1.7050","25.1905"
"219.2870","1.7047","25.2149"
"219.3070","1.7043","25.1864"
"219.3270","1.7039","25.1532"
"219.3470","1.7035","25.1627"
"219.3670","1.7032","25.2045"
"219.3870","1.7029","25.1750"
"219.4070","1.7027","25.1697"
"219.4270","1.7024","25.1428"
"219.4470","1.7020","25.0674"
"219.4670","1.7016","25.0932"
"219.4870","1.7012","25.0520"
"219.5070","1.7008","25.1003"
"219.5270","1.7005","25.1299"
"219.5470","1.7001","25.0638"
"219.5670","1.6999","25.0725"
"219.5870","1.6996","25.0528"
"219.6070","1.6993","25.0578"
"219.6270","1.6990","25.0743"
"219.6470","1.6986","25.0298"
"219.6670","1.6982","24.9732"
"219.6870","1.6979","25.0093"
"219.7070","1.6976","25.1192"
"219.7270","1.6974","25.0263"
"219.7470","1.6971","24.9624"
"219.7670","1.6968","24.9807"
"219.7870","1.6964","24.9650"
"219.8070","1.6960","25.0120"
"219.8270","1.6955","24.9879"
"219.8470","1.6951","24.9598"
"219.8670","1.6948","24.9010"
"219.8870","1.6945","24.9214"
"219.9070","1.6943","24.9076"
"219.9270","1.6940","24.9651"
"219.9470","1.6937","24.9587"
"219.9670","1.6934","24.9477"
"219.9870","1.6930","24.9288"
"220.0070","1.6926","24.8411"
"220.0270","1.6923","24.8395"
"220.0470","1.6919","24.9515"
"220.0670","1.6916","24.8989"
"220.0870","1.6913","24.8997"
"220.1070","1.6910","24.8582"
"220.1270","1.6907","24.9309"
"220.1470","1.6903","24.8940"
"220.1670","1.6899","24.8400"
"220.1870","1.6895","24.7856"
"220.2070","1.6891","24.7726"
"220.2270","1.6888","24.8150"
"220.2470","1.6885","24.9032"
"220.2670","1.6882","24.8784"
"220.2870","1.6879","24.7650"
"220.3070","1.6876","24.6952"
"220.3270","1.6873","24.7513"
"220.3470","1.6869","24.8121"
"220.3670","1.6866","24.7872"
"220.3870","1.6863","24.8025"
"220.4070","1.6860","24.8591"
"220.4270","1.6857","24.7908"
"220.4470","1.6854","24.7017"
"220.4670","1.6851","24.7555"
"220.4870","1.6847","24.7494"
"220.5070","1.6842","24.7035"
"220.5270","1.6838","24.7369"
"220.5470","1.6834","24.7766"
"220.5670","1.6831","24.7679"
"220.5870","1.6829","24.7053"
"220.6070","1.6827","24.6433"
"220.6270","1.6824","24.6291"
"220.6470","1.6821","24.7595"
"220.6670","1.6817","24.7532"
"220.6870","1.6813","24.6773"
"220.7070","1.6809","24.6193"
"220.7270","1.6806","24.6281"
"220.7470","1.6803","24.6505"
"220.7670","1.6800","24.5815"
"220.7870","1.6797","24.6132"
"220.8070","1.6794","24.6287"
"220.8270","1.6790","24.6607"
"220.8470","1.6786","24.6247"
"220.8670","1.6782","24.6727"
"220.8870","1.6778","24.6848"
"220.9070","1.6774","24.7363"
"220.9270","1.6771","24.6544"
"220.9470","1.6769","24.6315"
"220.9670","1.6766","24.5915"
"220.9870","1.6763","24.6314"
"221.0070","1.6759","24.7066"
"221.0270","1.6756","24.6604"
"221.0470","1.6752","24.6359"
"221.0670","1.6749","24.5736"
"221.0870","1.6746","24.5483"
"221.1070","1.6743","24.6217"
"221.1270","1.6741","24.6044"
"221.1470","1.6737","24.5984"
"221.1670","1.6734","24.4831"
"221.1870","1.6729","24.4983"
"221.2070","1.6725","24.5543"
"221.2270","1.6721","24.5281"
"221.2470","1.6718","24.4781"
"221.2670","1.6715","24.4936"
"221.2870","1.6713","24.5184"
"221.3070","1.6710","24.5106"
"221.3270","1.6708","24.5437"
"221.3470","1.6704","24.5185"
"221.3670","1.6700","24.4808"
"221.3870","1.6696","24.4795"
"221.4070","1.6692","24.4899"
"221.4270","1.6689","24.5134"
"221.4470","1.6686","24.5647"
"221.4670","1.6683","24.5202"
"221.4870","1.6680","24.4826"
"221.5070","1.6677","24.4569"
"221.5270","1.6673","24.4430"
"221.5470","1.6669","24.4377"
"221.5670","1.6665","24.5016"
"221.5870","1.6661","24.4788"
"221.6070","1.6658","24.4133"
"221.6270","1.6655","24.4361"
"221.6470","1.6652","24.4267"
"221.6670","1.6649","24.4079"
"221.6870","1.6646","24.4491"
"221.7070","1.6643","24.4174"
"221.7270","1.6639","24.4374"
"221.7470","1.6636","24.4380"
"221.7670","1.6633","24.4223"
"221.7870","1.6630","24.3481"
"221.8070","1.6627","24.2850"
"221.8270","1.6624","24.3210"
"221.8470","1.6620","24.3056"
"221.8670","1.6616","24.2577"
"221.8870","1.6612","24.2961"
"221.9070","1.6607","24.3314"
"221.9270","1.6604","24.3245"
"221.9470","1.6601","24.2805"
"221.9670","1.6599","24.2473"
"221.9870","1.6597","24.2736"
"222.0070","1.6594","24.2995"
"222.0270","1.6591","24.2752"
"222.0470","1.6587","24.2804"
"222.0670","1.6583","24.3526"
"222.0870","1.6579","24.3334"
"222.1070","1.6576","24.3118"
"222.1270","1.6573","24.2539"
"222.1470","1.6570","24.2354"
"222.1670","1.6567","24.2128"
"222.1870","1.6564","24.2413"
"222.2070","1.6560","24.3272"
"222.2270","1.6556","24.2109"
"222.2470","1.6552","24.1820"
"222.2670","1.6548","24.1846"
"222.2870","1.6544","24.1703"
"222.3070","1.6541","24.0959"
"222.3270","1.6539","24.1026"
"222.3470","1.6536","24.1215"
"222.3670","1.6533","24.1258"
"222.3870","1.6530","24.1223"
"222.4070","1.6526","24.1506"
"222.4270","1.6523","24.0420"
"222.4470","1.6519","24.0587"
"222.4670","1.6516","24.0746"
"222.4870","1.6513","24.1901"
"222.5070","1.6510","24.1016"
"222.5270","1.6507","24.0206"
"222.5470","1.6503","24.0500"
"222.5670","1.6499","24.0036"
"222.5870","1.6494","24.0450"
"222.6070","1.6490","24.1088"
"222.6270","1.6487","24.0237"
"222.6470","1.6485","24.0576"
"222.6670","1.6483","24.0475"
"222.6870","1.6481","24.0494"
"222.7070","1.6478","24.0933"
"222.7270","1.6474","24.0031"
"222.7470","1.6470","24.0821"
"222.7670","1.6466","24.0911"
"222.7870","1.6463","24.0377"
"222.8070","1.6459","24.0271"
"222.8270","1.6457","24.0560"
"222.8470","1.6454","24.0703"
"222.8670","1.6451","24.0193"
"222.8870","1.6447","23.9812"
"222.9070","1.6443","23.9932"
"222.9270","1.6439","24.0002"
"222.9470","1.6435","23.9460"
"222.9670","1.6431","23.9660"
"222.9870","1.6428","23.9393"
"223.0070","1.6425","24.0226"
"223.0270","1.6422","24.0243"
"223.0470","1.6419","23.9563"
"223.0670","1.6416","23.9368"
"223.0870","1.6413","23.9411"
"223.1070","1.6409","23.9240"
"223.1270","1.6406","23.9376"
"223.1470","1.6403","24.0045"
"223.1670","1.6400","24.0087"
"223.1870","1.6397","23.8959"
"223.2070","1.6394","23.9057"
"223.2270","1.6390","23.9922"
"223.2470","1.6386","23.9852"
"223.2670","1.6382","23.8592"
"223.2870","1.6377","23.8850"
"223.3070","1.6374","23.8367"
"223.3270","1.6371","23.7623"
"223.3470","1.6369","23.7665"
"223.3670","1.6367","23.7174"
"223.3870","1.6364","23.8142"
"223.4070","1.6361","23.8719"
"223.4270","1.6357","23.8384"
"223.4470","1.6353","23.7464"
"223.4670","1.6349","23.7138"
"223.4870","1.6346","23.6695"
"223.5070","1.6343","23.6859"
"223.5270","1.6340","23.7602"
"223.5470","1.6337","23.8513"
"223.5670","1.6334","23.7737"
"223.5870","1.6330","23.7499"
"223.6070","1.6326","23.7619"
"223.6270","1.6322","23.6824"
"223.6470","1.6318","23.6633"
"223.6670","1.6314","23.6970"
"223.6870","1.6311","23.7445"
"223.7070","1.6308","23.7331"
"223.7270","1.6306","23.7388"
"223.7470","1.6302","23.7293"
"223.7670","1.6299","23.7386"
"223.7870","1.6296","23.7622"
"223.8070","1.6292","23.7081"
"223.8270","1.6289","23.6209"
"223.8470","1.6286","23.6848"
"223.8670","1.6283","23.6533"
"223.8870","1.6280","23.6088"
"223.9070","1.6277","23.6096"
"223.9270","1.6273","23.6751"
"223.9470","1.6269","23.6859"
"223.9670","1.6264","23.6458"
"223.9870","1.6260","23.5502"
"224.0070","1.6257","23.5611"
"224.0270","1.6255","23.5348"
"224.0470","1.6253","23.5444"
"224.0670","1.6250","23.5692"
"224.0870","1.6247","23.6325"
"224.1070","1.6244","23.7062"
"224.1270","1.6240","23.6888"
"224.1470","1.6236","23.6512"
"224.1670","1.6232","23.6295"
"224.1870","1.6229","23.5731"
"224.2070","1.6226","23.5830"
"224.2270","1.6224","23.6824"
"224.2470","1.6221","23.6085"
"224.2670","1.6217","23.5481"
"224.2870","1.6213","23.5684"
"224.3070","1.6209","23.5815"
"224.3270","1.6205","23.5682"
"224.3470","1.6202","23.5947"
"224.3670","1.6198","23.5814"
"224.3870","1.6195","23.4743"
"224.4070","1.6192","23.4041"
"224.4270","1.6189","23.5036"
"224.4470","1.6186","23.5924"
"224.4670","1.6182","23.5615"
"224.4870","1.6179","23.5219"
"224.5070","1.6176","23.5653"
"224.5270","1.6173","23.5115"
"224.5470","1.6170","23.4609"
"224.5670","1.6167","23.4392"
"224.5870","1.6164","23.4550"
"224.6070","1.6160","23.5150"
"224.6270","1.6156","23.4525"
"224.6470","1.6151","23.4931"
"224.6670","1.6147","23.4746"
"224.6870","1.6144","23.3636"
"224.7070","1.6141","23.4261"
"224.7270","1.6139","23.4321"
"224.7470","1.6137","23.4455"
"224.7670","1.6134","23.4212"
"224.7870","1.6131","23.3686"
"224.8070","1.6127","23.3977"
"224.8270","1.6123","23.4980"
"224.8470","1.6120","23.4676"
"224.8670","1.6116","23.3549"
"224.8870","1.6113","23.3438"
"224.9070","1.6110","23.3474"
"224.9270","1.6108","23.3445"
"224.9470","1.6104","23.3048"
"224.9670","1.6101","23.2832"
"224.9870","1.6097","23.3156"
"225.0070","1.6092","23.3672"
"225.0270","1.6088","23.3592"
"225.0470","1.6084","23.3617"
"225.0670","1.6081","23.3347"
"225.0870","1.6078","23.3077"
"225.1070","1.6076","23.2611"
"225.1270","1.6072","23.2559"
"225.1470","1.6069","23.3249"
"225.1670","1.6065","23.2579"
"225.1870","1.6062","23.2272"
"225.2070","1.6059","23.1591"
"225.2270","1.6057","23.1598"
"225.2470","1.6054","23.1348"
"225.2670","1.6051","23.2243"
"225.2870","1.6047","23.2104"
"225.3070","1.6043","23.2462"
"225.3270","1.6039","23.2382"
"225.3470","1.6034","23.2012"
"225.3670","1.6030","23.1547"
"225.3870","1.6028","23.2158"
"225.4070","1.6025","23.2395"
"225.4270","1.6023","23.1777"
"225.4470","1.6020","23.1717"
"225.4670","1.6017","23.2190"
"225.4870","1.6014","23.2666"
"225.5070","1.6010","23.1792"
"225.5270","1.6006","23.2240"
"225.5470","1.6002","23.2152"
"225.5670","1.5999","23.1122"
"225.5870","1.5996","23.1055"
"225.6070","1.5994","23.1067"
"225.6270","1.5991","23.1489"
"225.6470","1.5988","23.1086"
"225.6670","1.5984","23.0441"
"225.6870","1.5980","23.0366"
"225.7070","1.5975","23.0891"
"225.7270","1.5972","23.1380"
"225.7470","1.5968","23.1112"
"225.7670","1.5965","23.0790"
"225.7870","1.5962","23.1467"
"225.8070","1.5959","23.1637"
"225.8270","1.5956","23.1812"
"225.8470","1.5952","23.1024"
"225.8670","1.5948","23.0393"
"225.8870","1.5945","22.9159"
"225.9070","1.5943","22.9405"
"225.9270","1.5940","23.0182"
"225.9470","1.5937","23.0364"
"225.9670","1.5934","23.0727"
"225.9870","1.5930","23.0518"
"226.0070","1.5926","23.0444"
"226.0270","1.5921","23.0125"
"226.0470","1.5917","23.0352"
"226.0670","1.5914","23.0076"
"226.0870","1.5911","22.9213"
"226.1070","1.5909","22.9646"
"226.1270","1.5907","23.0164"
"226.1470","1.5904","23.0270"
"226.1670","1.5900","22.9744"
"226.1870","1.5897","22.9056"
"226.2070","1.5893","22.8345"
"226.2270","1.5889","22.8961"
"226.2470","1.5886","22.8957"
"226.2670","1.5883","22.9246"
"226.2870","1.5880","22.8681"
"226.3070","1.5877","22.9067"
"226.3270","1.5874","22.9037"
"226.3470","1.5870","22.9074"
"226.3670","1.5866","22.8429"
"226.3870","1.5862","22.8340"
"226.4070","1.5858","22.9516"
"226.4270","1.5855","22.9308"
"226.4470","1.5852","22.9587"
"226.4670","1.5849","22.9714"
"226.4870","1.5846","22.8948"
"226.5070","1.5842","22.7732"
"226.5270","1.5839","22.7576"
"226.5470","1.5835","22.8729"
"226.5670","1.5832","22.9792"
"226.5870","1.5829","22.8829"
"226.6070","1.5827","22.8505"
"226.6270","1.5824","22.8482"
"226.6470","1.5821","22.8725"
"226.6670","1.5817","22.8360"
"226.6870","1.5813","22.7257"
"226.7070","1.5808","22.6913"
"226.7270","1.5804","22.7152"
"226.7470","1.5800","22.7415"
"226.7670","1.5798","22.7154"
"226.7870","1.5795","22.7816"
"226.8070","1.5793","22.8076"
"226.8270","1.5790","22.8373"
"226.8470","1.5787","22.9171"
"226.8670","1.5783","22.8143"
"226.8870","1.5780","22.7659"
"226.9070","1.5776","22.8231"
"226.9270","1.5773","22.7753"
"226.9470","1.5769","22.7319"
"226.9670","1.5767","22.7253"
"226.9870","1.5764","22.7240"
"227.0070","1.5761","22.7962"
"227.0270","1.5757","22.7867"
"227.0470","1.5753","22.7002"
"227.0670","1.5749","22.5949"
"227.0870","1.5745","22.6073"
"227.1070","1.5741","22.6290"
"227.1270","1.5738","22.6309"
"227.1470","1.5735","22.6162"
"227.1670","1.5732","22.5374"
"227.1870","1.5729","22.4511"
"227.2070","1.5726","22.4816"
"227.2270","1.5722","22.5608"
"227.2470","1.5719","22.6573"
"227.2670","1.5716","22.7238"
"227.2870","1.5713","22.6426"
"227.3070","1.5710","22.5702"
"227.3270","1.5707","22.6450"
"227.3470","1.5704","22.6842"
"227.3670","1.5700","22.6101"
"227.3870","1.5696","22.5876"
"227.4070","1.5691","22.6123"
"227.4270","1.5687","22.5401"
"227.4470","1.5684","22.4998"
"227.4670","1.5682","22.5830"
"227.4870","1.5680","22.5362"
"227.5070","1.5677","22.5236"
"227.5270","1.5674","22.5135"
"227.5470","1.5671","22.5269"
"227.5670","1.5667","22.4881"
"227.5870","1.5663","22.5605"
"227.6070","1.5659","22.5152"
"227.6270","1.5656","22.4547"
"227.6470","1.5653","22.4997"
"227.6670","1.5650","22.4612"
"227.6870","1.5647","22.4196"
"227.7070","1.5644","22.4189"
"227.7270","1.5640","22.4620"
"227.7470","1.5636","22.4964"
"227.7670","1.5632","22.4562"
"227.7870","1.5628","22.4129"
"227.8070","1.5625","22.3928"
"227.8270","1.5622","22.4028"
"227.8470","1.5619","22.3713"
"227.8670","1.5616","22.3685"
"227.8870","1.5613","22.4322"
"227.9070","1.5609","22.4279"
"227.9270","1.5605","22.3363"
"227.9470","1.5602","22.4314"
"227.9670","1.5599","22.4148"
"227.9870","1.5597","22.4021"
"228.0070","1.5594","22.3944"
"228.0270","1.5591","22.3859"
"228.0470","1.5587","22.3638"
"228.0670","1.5583","22.2578"
"228.0870","1.5578","22.2982"
"228.1070","1.5574","22.3527"
"228.1270","1.5571","22.3369"
"228.1470","1.5568","22.2192"
"228.1670","1.5566","22.2512"
"228.1870","1.5563","22.2665"
"228.2070","1.5560","22.3503"
"228.2270","1.5557","22.3311"
"228.2470","1.5553","22.3229"
"228.2670","1.5549","22.3129"
"228.2870","1.5546","22.2403"
"228.3070","1.5542","22.2807"
"228.3270","1.5540","22.2754"
"228.3470","1.5537","22.3048"
"228.3670","1.5534","22.2355"
"228.3870","1.5531","22.2290"
"228.4070","1.5527","22.2394"
"228.4270","1.5523","22.3113"
"228.4470","1.5519","22.2175"
"228.4670","1.5515","22.1894"
"228.4870","1.5511","22.1780"
"228.5070","1.5508","22.1709"
"228.5270","1.5505","22.2228"
"228.5470","1.5503","22.2307"
"228.5670","1.5499","22.2069"
"228.5870","1.5496","22.1758"
"228.6070","1.5492","22.1292"
"228.6270","1.5489","22.1627"
"228.6470","1.5486","22.0888"
"228.6670","1.5483","22.0879"
"228.6870","1.5480","22.1885"
"228.7070","1.5477","22.1707"
"228.7270","1.5474","22.1209"
"228.7470","1.5470","22.1404"
"228.7670","1.5465","22.1489"
"228.7870","1.5461","22.1328"
"228.8070","1.5457","22.0394"
"228.8270","1.5454","22.0108"
"228.8470","1.5452","22.0723"
"228.8670","1.5450","22.1393"
"228.8870","1.5447","22.1738"
"228.9070","1.5444","22.0843"
"228.9270","1.5440","22.0621"
"228.9470","1.5436","21.9814"
"228.9670","1.5432","21.9400"
"228.9870","1.5429","21.9356"
"229.0070","1.5426","22.0534"
"229.0270","1.5423","22.1027"
"229.0470","1.5420","22.0630"
"229.0670","1.5417","22.0579"
"229.0870","1.5414","22.0691"
"229.1070","1.5410","22.0768"
"229.1270","1.5405","22.0702"
"229.1470","1.5401","22.0843"
"229.1670","1.5398","22.1208"
"229.1870","1.5394","22.0573"
"229.2070","1.5392","22.0381"
"229.2270","1.5389","21.9859"
"229.2470","1.5386","22.0268"
"229.2670","1.5382","21.9602"
"229.2870","1.5379","21.9398"
"229.3070","1.5375","21.9432"
"229.3270","1.5372","21.9693"
"229.3470","1.5370","21.9869"
"229.3670","1.5367","21.9997"
"229.3870","1.5364","22.0014"
"229.4070","1.5361","22.0033"
"229.4270","1.5356","21.9162"
"229.4470","1.5352","21.8422"
"229.4670","1.5347","21.8641"
"229.4870","1.5343","21.8206"
"229.5070","1.5340","21.8699"
"229.5270","1.5338","21.8538"
"229.5470","1.5336","21.9366"
"229.5670","1.5334","21.9162"
"229.5870","1.5331","21.8983"
"229.6070","1.5327","21.8707"
"229.6270","1.5323","21.7462"
"229.6470","1.5320","21.8102"
"229.6670","1.5316","21.9156"
"229.6870","1.5312","21.9040"
"229.7070","1.5309","21.8000"
"229.7270","1.5306","21.7783"
"229.7470","1.5304","21.8802"
"229.7670","1.5300","21.8546"
"229.7870","1.5297","21.7811"
"229.8070","1.5293","21.7135"
"229.8270","1.5289","21.7276"
"229.8470","1.5285","21.8208"
"229.8670","1.5281","21.8072"
"229.8870","1.5278","21.8079"
"229.9070","1.5275","21.7723"
"229.9270","1.5272","21.7174"
"229.9470","1.5269","21.7449"
"229.9670","1.5266","21.7106"
"229.9870","1.5262","21.7793"
"230.0070","1.5259","21.7895"
"230.0270","1.5256","21.7629"
"230.0470","1.5253","21.7151"
"230.0670","1.5251","21.7622"
"230.0870","1.5247","21.8194"
"230.1070","1.5244","21.8123"
"230.1270","1.5239","21.7426"
"230.1470","1.5235","21.7745"
"230.1670","1.5230","21.7520"
"230.1870","1.5227","21.7148"
"230.2070","1.5224","21.7514"
"230.2270","1.5222","21.7205"
"230.2470","1.5220","21.6839"
"230.2670","1.5217","21.6362"
"230.2870","1.5214","21.6918"
"230.3070","1.5211","21.6846"
"230.3270","1.5207","21.6461"
"230.3470","1.5203","21.5798"
"230.3670","1.5199","21.6315"
"230.3870","1.5196","21.6243"
"230.4070","1.5193","21.5692"
"230.4270","1.5190","21.5658"
"230.4470","1.5187","21.6185"
"230.4670","1.5184","21.6210"
"230.4870","1.5180","21.6855"
"230.5070","1.5176","21.6337"
"230.5270","1.5172","21.5160"
"230.5470","1.5168","21.5981"
"230.5670","1.5165","21.5896"
"230.5870","1.5162","21.6199"
"230.6070","1.5159","21.5468"
"230.6270","1.5156","21.4534"
"230.6470","1.5153","21.4438"
"230.6670","1.5149","21.5557"
"230.6870","1.5146","21.6326"
"230.7070","1.5143","21.5380"
"230.7270","1.5140","21.4650"
"230.7470","1.5137","21.5267"
"230.7670","1.5134","21.5185"
"230.7870","1.5131","21.4568"
"230.8070","1.5127","21.4646"
"230.8270","1.5123","21.5040"
"230.8470","1.5118","21.5883"
"230.8670","1.5114","21.5207"
"230.8870","1.5110","21.5167"
"230.9070","1.5108","21.4863"
"230.9270","1.5106","21.4754"
"230.9470","1.5104","21.4239"
"230.9670","1.5101","21.4637"
"230.9870","1.5097","21.5081"
"231.0070","1.5094","21.5021"
"231.0270","1.5090","21.4356"
"231.0470","1.5086","21.3663"
"231.0670","1.5082","21.3692"
"231.0870","1.5079","21.4390"
"231.1070","1.5077","21.5535"
"231.1270","1.5074","21.5553"
"231.1470","1.5071","21.5123"
"231.1670","1.5067","21.4841"
"231.1870","1.5063","21.3996"
"231.2070","1.5059","21.3709"
"231.2270","1.5055","21.3517"
"231.2470","1.5051","21.3237"
"231.2670","1.5048","21.3418"
"231.2870","1.5046","21.3466"
"231.3070","1.5043","21.3622"
"231.3270","1.5040","21.4433"
"231.3470","1.5036","21.4195"
"231.3670","1.5033","21.3193"
"231.3870","1.5029","21.3099"
"231.4070","1.5026","21.3517"
"231.4270","1.5023","21.3352"
"231.4470","1.5021","21.2972"
"231.4670","1.5017","21.2366"
"231.4870","1.5014","21.2481"
"231.5070","1.5010","21.2510"
"231.5270","1.5005","21.2236"
"231.5470","1.5001","21.2221"
"231.5670","1.4997","21.2440"
"231.5870","1.4994","21.2247"
"231.6070","1.4992","21.2287"
"231.6270","1.4990","21.2241"
"231.6470","1.4987","21.2306"
"231.6670","1.4984","21.2773"
"231.6870","1.4980","21.2302"
"231.7070","1.4976","21.3430"
"231.7270","1.4973","21.2460"
"231.7470","1.4969","21.1875"
"231.7670","1.4966","21.2144"
"231.7870","1.4963","21.2351"
"231.8070","1.4960","21.1947"
"231.8270","1.4957","21.2514"
"231.8470","1.4954","21.2272"
"231.8670","1.4950","21.1971"
"231.8870","1.4946","21.1580"
"231.9070","1.4942","21.2045"
"231.9270","1.4938","21.2029"
"231.9470","1.4935","21.1435"
"231.9670","1.4932","21.1976"
"231.9870","1.4929","21.2263"
"232.0070","1.4926","21.1953"
"232.0270","1.4922","21.1379"
"232.0470","1.4919","21.1636"
"232.0670","1.4916","21.1714"
"232.0870","1.4912","21.1364"
"232.1070","1.4910","21.0833"
"232.1270","1.4907","21.0467"
"232.1470","1.4904","21.0866"
"232.1670","1.4901","21.0995"
"232.1870","1.4897","21.0513"
"232.2070","1.4892","21.0983"
"232.2270","1.4888","21.0778"
"232.2470","1.4883","20.9952"
"232.2670","1.4880","20.9384"
"232.2870","1.4878","21.0163"
"232.3070","1.4876","21.1142"
"232.3270","1.4874","21.1147"
"232.3470","1.4871","21.0784"
"232.3670","1.4867","20.9901"
"232.3870","1.4863","20.9408"
"232.4070","1.4859","20.9768"
"232.4270","1.4855","21.0061"
"232.4470","1.4852","21.0310"
"232.4670","1.4849","21.0529"
"232.4870","1.4847","21.0350"
"232.5070","1.4844","21.0665"
"232.5270","1.4841","21.0525"
"232.5470","1.4837","20.9393"
"232.5670","1.4833","20.9712"
"232.5870","1.4828","20.9249"
"232.6070","1.4824","20.9011"
"232.6270","1.4821","20.8645"
"232.6470","1.4818","20.8448"
"232.6670","1.4815","20.9022"
"232.6870","1.4812","20.8920"
"232.7070","1.4809","20.8406"
"232.7270","1.4806","20.8802"
"232.7470","1.4802","20.8466"
"232.7670","1.4799","20.9053"
"232.7870","1.4796","20.8978"
"232.8070","1.4793","20.8733"
"232.8270","1.4791","20.8730"
"232.8470","1.4788","20.8753"
"232.8670","1.4784","20.8755"
"232.8870","1.4780","20.8531"
"232.9070","1.4775","20.8185"
"232.9270","1.4771","20.8482"
"232.9470","1.4767","20.8531"
"232.9670","1.4765","20.8474"
"232.9870","1.4762","20.7798"
"233.0070","1.4760","20.8180"
"233.0270","1.4757","20.8087"
"233.0470","1.4754","20.8192"
"233.0670","1.4750","20.7838"
"233.0870","1.4746","20.7833"
"233.1070","1.4742","20.7907"
"233.1270","1.4739","20.8005"
"233.1470","1.4736","20.8345"
"233.1670","1.4733","20.8723"
"233.1870","1.4730","20.8381"
"233.2070","1.4727","20.8552"
"233.2270","1.4724","20.7690"
"233.2470","1.4720","20.7445"
"233.2670","1.4716","20.6542"
"233.2870","1.4712","20.7422"
"233.3070","1.4708","20.7995"
"233.3270","1.4705","20.8292"
"233.3470","1.4702","20.7128"
"233.3670","1.4699","20.6323"
"233.3870","1.4696","20.6408"
"233.4070","1.4693","20.6873"
"233.4270","1.4689","20.6179"
"233.4470","1.4686","20.7417"
"233.4670","1.4682","20.7414"
"233.4870","1.4680","20.6553"
"233.5070","1.4677","20.5311"
"233.5270","1.4674","20.5547"
"233.5470","1.4671","20.6870"
"233.5670","1.4667","20.6352"
"233.5870","1.4662","20.6778"
"233.6070","1.4658","20.6897"
"233.6270","1.4654","20.6791"
"233.6470","1.4651","20.6482"
"233.6670","1.4648","20.6140"
"233.6870","1.4646","20.6042"
"233.7070","1.4644","20.7234"
"233.7270","1.4641","20.6859"
"233.7470","1.4637","20.5719"
"233.7670","1.4633","20.5348"
"233.7870","1.4629","20.5318"
"233.8070","1.4626","20.5718"
"233.8270","1.4622","20.6157"
"233.8470","1.4620","20.5647"
"233.8670","1.4617","20.5786"
"233.8870","1.4614","20.6044"
"233.9070","1.4610","20.6744"
"233.9270","1.4607","20.5690"
"233.9470","1.4603","20.5465"
"233.9670","1.4599","20.5731"
"233.9870","1.4595","20.5158"
"234.0070","1.4592","20.5463"
"234.0270","1.4589","20.5049"
"234.0470","1.4586","20.5289"
"234.0670","1.4583","20.5191"
"234.0870","1.4580","20.4432"
"234.1070","1.4576","20.4257"
"234.1270","1.4572","20.4828"
"234.1470","1.4569","20.6609"
"234.1670","1.4566","20.6254"
"234.1870","1.4563","20.5671"
"234.2070","1.4560","20.4929"
"234.2270","1.4557","20.5105"
"234.2470","1.4554","20.5327"
"234.2670","1.4550","20.5419"
"234.2870","1.4545","20.4823"
"234.3070","1.4541","20.4556"
"234.3270","1.4537","20.4698"
"234.3470","1.4535","20.4519"
"234.3670","1.4533","20.4015"
"234.3870","1.4530","20.3649"
"234.4070","1.4527","20.4236"
"234.4270","1.4524","20.4129"
"234.4470","1.4520","20.3909"
"234.4670","1.4516","20.4040"
"234.4870","1.4512","20.3472"
"234.5070","1.4509","20.3616"
"234.5270","1.4506","20.4181"
"234.5470","1.4503","20.3769"
"234.5670","1.4500","20.3408"
"234.5870","1.4497","20.3099"
"234.6070","1.4493","20.2704"
"234.6270","1.4489","20.3017"
"234.6470","1.4485","20.3475"
"234.6670","1.4481","20.3683"
"234.6870","1.4478","20.2816"
"234.7070","1.4475","20.3448"
"234.7270","1.4472","20.3667"
"234.7470","1.4469","20.2350"
"234.7670","1.4466","20.2421"
"234.7870","1.4463","20.2408"
"234.8070","1.4459","20.2710"
"234.8270","1.4455","20.2704"
"234.8470","1.4452","20.2720"
"234.8670","1.4450","20.2987"
"234.8870","1.4447","20.3108"
"234.9070","1.4444","20.2951"
"234.9270","1.4441","20.3327"
"234.9470","1.4437","20.2916"
"234.9670","1.4432","20.2204"
"234.9870","1.4428","20.2348"
"235.0070","1.4424","20.2266"
"235.0270","1.4421","20.2420"
"235.0470","1.4419","20.2769"
"235.0670","1.4416","20.2788"
"235.0870","1.4414","20.1960"
"235.1070","1.4411","20.1305"
"235.1270","1.4407","20.1539"
"235.1470","1.4403","20.0844"
"235.1670","1.4399","20.0881"
"235.1870","1.4396","20.1838"
"235.2070","1.4392","20.2403"
"235.2270","1.4389","20.3021"
"235.2470","1.4387","20.2827"
"235.2670","1.4384","20.1989"
"235.2870","1.4380","20.0689"
"235.3070","1.4376","20.0340"
"235.3270","1.4372","20.1117"
"235.3470","1.4368","20.0627"
"235.3670","1.4364","20.0343"
"235.3870","1.4361","20.0987"
"235.4070","1.4358","20.1952"
"235.4270","1.4356","20.1894"
"235.4470","1.4353","20.1337"
"235.4670","1.4349","20.0280"
"235.4870","1.4346","19.9442"
"235.5070","1.4342","19.9611"
"235.5270","1.4339","20.0495"
"235.5470","1.4336","20.0525"
"235.5670","1.4333","20.0764"
"235.5870","1.4331","20.0772"
"235.6070","1.4327","20.0455"
"235.6270","1.4324","20.0112"
"235.6470","1.4320","19.9707"
"235.6670","1.4315","20.0650"
"235.6870","1.4311","20.1385"
"235.7070","1.4308","20.0552"
"235.7270","1.4305","19.9889"
"235.7470","1.4303","19.9456"
"235.7670","1.4300","19.8971"
"235.7870","1.4298","19.9201"
"235.8070","1.4294","19.9984"
"235.8270","1.4291","20.1044"
"235.8470","1.4287","20.0739"
"235.8670","1.4283","19.9963"
"235.8870","1.4279","19.9164"
"235.9070","1.4276","19.8929"
"235.9270","1.4273","19.9369"
"235.9470","1.4270","19.9587"
"235.9670","1.4267","19.9449"
"235.9870","1.4263","19.9563"
"236.0070","1.4259","19.8611"
"236.0270","1.4255","19.8141"
"236.0470","1.4251","19.8082"
"236.0670","1.4248","19.8197"
"236.0870","1.4245","19.8658"
"236.1070","1.4242","19.8948"
"236.1270","1.4239","19.9573"
"236.1470","1.4236","19.9945"
"236.1670","1.4233","19.9451"
"236.1870","1.4229","19.8097"
"236.2070","1.4226","19.7999"
"236.2270","1.4223","19.8018"
"236.2470","1.4220","19.7901"
"236.2670","1.4217","19.9009"
"236.2870","1.4214","19.8996"
"236.3070","1.4210","19.8698"
"236.3270","1.4206","19.8489"
"236.3470","1.4202","19.8403"
"236.3670","1.4198","19.8468"
"236.3870","1.4194","19.7807"
"236.4070","1.4191","19.7443"
"236.4270","1.4189","19.7818"
"236.4470","1.4187","19.8157"
"236.4670","1.4184","19.8544"
"236.4870","1.4181","19.8635"
"236.5070","1.4177","19.7668"
"236.5270","1.4173","19.7844"
"236.5470","1.4170","19.8098"
"236.5670","1.4166","19.8310"
"236.5870","1.4163","19.7531"
"236.6070","1.4160","19.7096"
"236.6270","1.4157","19.7409"
"236.6470","1.4154","19.7490"
"236.6670","1.4150","19.7108"
"236.6870","1.4146","19.6960"
"236.7070","1.4142","19.6906"
"236.7270","1.4138","19.7038"
"236.7470","1.4134","19.7184"
"236.7670","1.4131","19.6693"
"236.7870","1.4128","19.6787"
"236.8070","1.4125","19.6782"
"236.8270","1.4123","19.7003"
"236.8470","1.4119","19.6772"
"236.8670","1.4116","19.6061"
"236.8870","1.4112","19.5955"
"236.9070","1.4109","19.5935"
"236.9270","1.4106","19.6122"
"236.9470","1.4103","19.6418"
"236.9670","1.4100","19.7127"
"236.9870","1.4097","19.6646"
"237.0070","1.4093","19.6015"
"237.0270","1.4089","19.5853"
"237.0470","1.4084","19.5653"
"237.0670","1.4080","19.5619"
"237.0870","1.4077","19.5331"
"237.1070","1.4075","19.5699"
"237.1270","1.4073","19.5868"
"237.1470","1.4070","19.4933"
"237.1670","1.4067","19.4743"
"237.1870","1.4064","19.6278"
"237.2070","1.4060","19.6347"
"237.2270","1.4056","19.5722"
"237.2470","1.4053","19.4677"
"237.2670","1.4049","19.4728"
"237.2870","1.4046","19.5542"
"237.3070","1.4044","19.5881"
"237.3270","1.4041","19.5361"
"237.3470","1.4037","19.4437"
"237.3670","1.4033","19.4788"
"237.3870","1.4029","19.5424"
"237.4070","1.4025","19.4532"
"237.4270","1.4021","19.3872"
"237.4470","1.4018","19.3865"
"237.4670","1.4015","19.4482"
"237.4870","1.4012","19.4988"
"237.5070","1.4009","19.4058"
"237.5270","1.4006","19.4036"
"237.5470","1.4002","19.4984"
"237.5670","1.3999","19.4860"
"237.5870","1.3996","19.3994"
"237.6070","1.3993","19.4175"
"237.6270","1.3990","19.4367"
"237.6470","1.3987","19.4667"
"237.6670","1.3984","19.4806"
"237.6870","1.3980","19.4368"
"237.7070","1.3976","19.3742"
"237.7270","1.3972","19.3622"
"237.7470","1.3967","19.3686"
"237.7670","1.3964","19.3946"
"237.7870","1.3961","19.4325"
"237.8070","1.3959","19.4173"
"237.8270","1.3957","19.3706"
"237.8470","1.3954","19.3180"
"237.8670","1.3951","19.3413"
"237.8870","1.3947","19.3962"
"237.9070","1.3943","19.3799"
"237.9270","1.3939","19.2917"
"237.9470","1.3936","19.2304"
"237.9670","1.3933","19.3105"
"237.9870","1.3930","19.3914"
"238.0070","1.3927","19.3594"
"238.0270","1.3924","19.2900"
"238.0470","1.3921","19.2635"
"238.0670","1.3917","19.3455"
"238.0870","1.3912","19.3441"
"238.1070","1.3908","19.3350"
"238.1270","1.3905","19.3200"
"238.1470","1.3901","19.2335"
"238.1670","1.3899","19.1396"
"238.1870","1.3896","19.2567"
"238.2070","1.3893","19.3251"
"238.2270","1.3889","19.2485"
"238.2470","1.3886","19.2233"
"238.2670","1.3883","19.2421"
"238.2870","1.3879","19.2614"
"238.3070","1.3876","19.3232"
"238.3270","1.3874","19.2920"
"238.3470","1.3871","19.3524"
"238.3670","1.3867","19.3419"
"238.3870","1.3864","19.2347"
"238.4070","1.3859","19.1863"
"238.4270","1.3855","19.1479"
"238.4470","1.3851","19.1888"
"238.4670","1.3848","19.2366"
"238.4870","1.3845","19.2835"
"238.5070","1.3843","19.2562"
"238.5270","1.3840","19.1257"
"238.5470","1.3837","19.1444"
"238.5670","1.3834","19.1681"
"238.5870","1.3830","19.2204"
"238.6070","1.3826","19.1193"
"238.6270","1.3823","19.0706"
"238.6470","1.3819","19.0935"
"238.6670","1.3816","19.1971"
"238.6870","1.3814","19.2512"
"238.7070","1.3811","19.1890"
"238.7270","1.3808","19.1313"
"238.7470","1.3804","19.1688"
"238.7670","1.3800","19.2017"
"238.7870","1.3796","19.1752"
"238.8070","1.3792","19.1317"
"238.8270","1.3788","19.0059"
"238.8470","1.3785","19.0389"
"238.8670","1.3782","19.0187"
"238.8870","1.3779","19.0631"
"238.9070","1.3776","18.9951"
"238.9270","1.3772","18.9140"
"238.9470","1.3769","18.9477"
"238.9670","1.3766","19.0863"
"238.9870","1.3763","19.1123"
"239.0070","1.3760","19.0948"
"239.0270","1.3757","19.0899"
"239.0470","1.3754","19.0905"
"239.0670","1.3751","19.0051"
"239.0870","1.3747","18.9630"
"239.1070","1.3742","18.9837"
"239.1270","1.3737","18.9618"
"239.1470","1.3734","18.9788"
"239.1670","1.3731","18.9808"
"239.1870","1.3729","19.0907"
"239.2070","1.3727","19.0689"
"239.2270","1.3724","18.9855"
"239.2470","1.3721","18.9800"
"239.2670","1.3717","18.8474"
"239.2870","1.3713","18.8185"
"239.3070","1.3710","18.8524"
"239.3270","1.3706","18.8681"
"239.3470","1.3703","18.8936"
"239.3670","1.3700","18.9041"
"239.3870","1.3698","18.9175"
"239.4070","1.3695","18.8812"
"239.4270","1.3691","18.8267"
"239.4470","1.3687","18.8988"
"239.4670","1.3682","18.9062"
"239.4870","1.3678","18.9304"
"239.5070","1.3674","18.9382"
"239.5270","1.3671","18.9063"
"239.5470","1.3668","18.8152"
"239.5670","1.3665","18.8139"
"239.5870","1.3662","18.8137"
"239.6070","1.3659","18.8090"
"239.6270","1.3655","18.7656"
"239.6470","1.3652","18.8031"
"239.6670","1.3649","18.7747"
"239.6870","1.3646","18.7708"
"239.7070","1.3644","18.8583"
"239.7270","1.3641","18.9157"
"239.7470","1.3637","18.8863"
"239.7670","1.3633","18.7828"
"239.7870","1.3629","18.7507"
"239.8070","1.3624","18.7850"
"239.8270","1.3620","18.8392"
"239.8470","1.3617","18.7640"
"239.8670","1.3615","18.7798"
"239.8870","1.3613","18.6990"
"239.9070","1.3610","18.6898"
"239.9270","1.3607","18.7360"
"239.9470","1.3603","18.6906"
"239.9670","1.3600","18.6829"
"239.9870","1.3596","18.7260"
"240.0070","1.3592","18.6518"
"240.0270","1.3589","18.6887"
"240.0470","1.3586","18.7884"
"240.0670","1.3583","18.7384"
"240.0870","1.3581","18.6543"
"240.1070","1.3577","18.6997"
"240.1270","1.3574","18.7007"
"240.1470","1.3570","18.6414"
"240.1670","1.3565","18.6112"
"240.1870","1.3561","18.5700"
"240.2070","1.3558","18.6690"
"240.2270","1.3555","18.7092"
"240.2470","1.3552","18.6421"
"240.2670","1.3549","18.5984"
"240.2870","1.3545","18.6588"
"240.3070","1.3542","18.5689"
"240.3270","1.3538","18.5516"
"240.3470","1.3535","18.6189"
"240.3670","1.3532","18.6367"
"240.3870","1.3530","18.5939"
"240.4070","1.3527","18.6405"
"240.4270","1.3524","18.6708"
"240.4470","1.3520","18.6124"
"240.4670","1.3516","18.5379"
"240.4870","1.3512","18.5159"
"240.5070","1.3507","18.4949"
"240.5270","1.3504","18.4512"
"240.5470","1.3501","18.4517"
"240.5670","1.3499","18.5599"
"240.5870","1.3496","18.5019"
"240.6070","1.3493","18.4759"
"240.6270","1.3490","18.5275"
"240.6470","1.3487","18.5687"
"240.6670","1.3483","18.5142"
"240.6870","1.3479","18.4458"
"240.7070","1.3476","18.4508"
"240.7270","1.3473","18.5061"
"240.7470","1.3470","18.5851"
"240.7670","1.3467","18.5886"
"240.7870","1.3464","18.6241"
"240.8070","1.3460","18.5536"
"240.8270","1.3456","18.5612"
"240.8470","1.3452","18.4509"
"240.8670","1.3448","18.3626"
"240.8870","1.3445","18.4207"
"240.9070","1.3442","18.4191"
"240.9270","1.3439","18.4548"
"240.9470","1.3436","18.4336"
"240.9670","1.3432","18.4294"
"240.9870","1.3429","18.4426"
"241.0070","1.3425","18.4059"
"241.0270","1.3422","18.4315"
"241.0470","1.3419","18.4164"
"241.0670","1.3417","18.4475"
"241.0870","1.3414","18.3999"
"241.1070","1.3411","18.3729"
"241.1270","1.3407","18.3771"
"241.1470","1.3403","18.4071"
"241.1670","1.3399","18.4111"
"241.1870","1.3394","18.4188"
"241.2070","1.3390","18.3364"
"241.2270","1.3387","18.3882"
"241.2470","1.3385","18.3413"
"241.2670","1.3383","18.4003"
"241.2870","1.3380","18.4297"
"241.3070","1.3377","18.3235"
"241.3270","1.3374","18.3599"
"241.3470","1.3370","18.3527"
"241.3670","1.3366","18.3299"
"241.3870","1.3362","18.3246"
"241.4070","1.3359","18.3305"
"241.4270","1.3357","18.3073"
"241.4470","1.3354","18.3239"
"241.4670","1.3351","18.3386"
"241.4870","1.3347","18.3224"
"241.5070","1.3344","18.3289"
"241.5270","1.3339","18.3389"
"241.5470","1.3335","18.2416"
"241.5670","1.3332","18.1450"
"241.5870","1.3328","18.1307"
"241.6070","1.3325","18.2003"
"241.6270","1.3322","18.1667"
"241.6470","1.3319","18.1504"
"241.6670","1.3316","18.2184"
"241.6870","1.3312","18.2805"
"241.7070","1.3309","18.2476"
"241.7270","1.3306","18.2405"
"241.7470","1.3303","18.2499"
"241.7670","1.3300","18.2463"
"241.7870","1.3297","18.2032"
"241.8070","1.3294","18.1173"
"241.8270","1.3291","18.2130"
"241.8470","1.3286","18.2544"
"241.8670","1.3282","18.1772"
"241.8870","1.3277","18.1247"
"241.9070","1.3274","18.0500"
"241.9270","1.3272","18.0150"
"241.9470","1.3269","18.1220"
"241.9670","1.3267","18.1987"
"241.9870","1.3264","18.1792"
"242.0070","1.3261","18.1382"
"242.0270","1.3257","18.1185"
"242.0470","1.3253","18.0736"
"242.0670","1.3249","18.0452"
"242.0870","1.3246","18.0404"
"242.1070","1.3243","17.9599"
"242.1270","1.3240","17.9799"
"242.1470","1.3237","18.0618"
"242.1670","1.3234","18.0787"
"242.1870","1.3230","18.0732"
"242.2070","1.3226","18.0094"
"242.2270","1.3222","18.0954"
"242.2470","1.3218","18.1053"
"242.2670","1.3214","18.0985"
"242.2870","1.3211","18.0358"
"242.3070","1.3209","18.0276"
"242.3270","1.3206","18.0079"
"242.3470","1.3202","17.9281"
"242.3670","1.3199","17.8778"
"242.3870","1.3195","17.8815"
"242.4070","1.3192","18.0071"
"242.4270","1.3189","18.0807"
"242.4470","1.3187","18.0516"
"242.4670","1.3184","18.0271"
"242.4870","1.3181","18.1035"
"242.5070","1.3177","18.0736"
"242.5270","1.3173","17.9894"
"242.5470","1.3168","17.9855"
"242.5670","1.3164","17.9491"
"242.5870","1.3160","17.9125"
"242.6070","1.3158","17.8912"
"242.6270","1.3156","17.9216"
"242.6470","1.3153","17.9451"
"242.6670","1.3150","17.9830"
"242.6870","1.3147","17.8883"
"242.7070","1.3143","17.8481"
"242.7270","1.3139","17.9468"
"242.7470","1.3136","17.9201"
"242.7670","1.3132","17.9180"
"242.7870","1.3129","17.8786"
"242.8070","1.3127","17.8919"
"242.8270","1.3124","17.9561"
"242.8470","1.3121","17.8277"
"242.8670","1.3117","17.8445"
"242.8870","1.3113","17.8845"
"242.9070","1.3109","17.8975"
"242.9270","1.3105","17.8674"
"242.9470","1.3101","17.8523"
"242.9670","1.3098","17.8182"
"242.9870","1.3095","17.7506"
"243.0070","1.3092","17.7769"
"243.0270","1.3089","17.7730"
"243.0470","1.3086","17.8415"
"243.0670","1.3082","17.8575"
"243.0870","1.3079","17.8037"
"243.1070","1.3076","17.7939"
"243.1270","1.3073","17.7750"
"243.1470","1.3070","17.7594"
"243.1670","1.3067","17.7572"
"243.1870","1.3064","17.7456"
"243.2070","1.3060","17.7256"
"243.2270","1.3056","17.7141"
"243.2470","1.3051","17.7221"
"243.2670","1.3047","17.8292"
"243.2870","1.3044","17.8122"
"243.3070","1.3042","17.7221"
"243.3270","1.3039","17.7375"
"243.3470","1.3037","17.7541"
"243.3670","1.3034","17.7367"
"243.3870","1.3030","17.7281"
"243.4070","1.3026","17.6654"
"243.4270","1.3022","17.6007"
"243.4470","1.3019","17.6824"
"243.4670","1.3016","17.6885"
"243.4870","1.3013","17.6488"
"243.5070","1.3010","17.6501"
"243.5270","1.3007","17.6475"
"243.5470","1.3004","17.5774"
"243.5670","1.3000","17.5375"
"243.5870","1.2996","17.5301"
"243.6070","1.2992","17.5618"
"243.6270","1.2988","17.5107"
"243.6470","1.2985","17.5822"
"243.6670","1.2982","17.6275"
"243.6870","1.2979","17.6459"
"243.7070","1.2976","17.6682"
"243.7270","1.2973","17.6395"
"243.7470","1.2969","17.6570"
"243.7670","1.2966","17.6586"
"243.7870","1.2962","17.6077"
"243.8070","1.2960","17.4702"
"243.8270","1.2957","17.4447"
"243.8470","1.2954","17.5035"
"243.8670","1.2951","17.5748"
"243.8870","1.2947","17.5318"
"243.9070","1.2942","17.4997"
"243.9270","1.2938","17.5185"
"243.9470","1.2933","17.5444"
"243.9670","1.2930","17.5546"
"243.9870","1.2928","17.5948"
"244.0070","1.2926","17.5652"
"244.0270","1.2923","17.5323"
"244.0470","1.2921","17.5704"
"244.0670","1.2917","17.5554"
"244.0870","1.2914","17.5142"
"244.1070","1.2910","17.5168"
"244.1270","1.2906","17.4748"
"244.1470","1.2902","17.4416"
"244.1670","1.2899","17.4230"
"244.1870","1.2896","17.3987"
"244.2070","1.2894","17.4350"
"244.2270","1.2891","17.4604"
"244.2470","1.2887","17.4734"
"244.2670","1.2883","17.4788"
"244.2870","1.2879","17.3473"
"244.3070","1.2875","17.4605"
"244.3270","1.2871","17.4513"
"244.3470","1.2868","17.3435"
"244.3670","1.2865","17.3839"
"244.3870","1.2862","17.4231"
"244.4070","1.2859","17.3902"
"244.4270","1.2856","17.3561"
"244.4470","1.2853","17.3515"
"244.4670","1.2849","17.3825"
"244.4870","1.2846","17.3461"
"244.5070","1.2843","17.3756"
"244.5270","1.2841","17.4011"
"244.5470","1.2838","17.4067"
"244.5670","1.2834","17.3782"
"244.5870","1.2830","17.3902"
"244.6070","1.2825","17.4266"
"244.6270","1.2821","17.3353"
"244.6470","1.2817","17.2558"
"244.6670","1.2814","17.3285"
"244.6870","1.2812","17.3723"
"244.7070","1.2810","17.4181"
"244.7270","1.2807","17.3152"
"244.7470","1.2804","17.2283"
"244.7670","1.2801","17.2280"
"244.7870","1.2797","17.2808"
"244.8070","1.2793","17.2801"
"244.8270","1.2789","17.3098"
"244.8470","1.2786","17.2990"
"244.8670","1.2783","17.2898"
"244.8870","1.2780","17.2388"
"244.9070","1.2777","17.2455"
"244.9270","1.2774","17.2152"
"244.9470","1.2770","17.2753"
"244.9670","1.2766","17.3420"
"244.9870","1.2762","17.2196"
"245.0070","1.2758","17.1344"
"245.0270","1.2755","17.2378"
"245.0470","1.2752","17.2792"
"245.0670","1.2749","17.2480"
"245.0870","1.2746","17.1954"
"245.1070","1.2743","17.1892"
"245.1270","1.2739","17.2278"
"245.1470","1.2736","17.2619"
"245.1670","1.2732","17.3062"
"245.1870","1.2730","17.2168"
"245.2070","1.2727","17.1196"
"245.2270","1.2724","17.0955"
"245.2470","1.2721","17.1028"
"245.2670","1.2717","17.0508"
"245.2870","1.2713","17.0711"
"245.3070","1.2708","17.2144"
"245.3270","1.2703","17.1644"
"245.3470","1.2700","17.0888"
"245.3670","1.2698","17.0493"
"245.3870","1.2696","17.0806"
"245.4070","1.2693","17.1037"
"245.4270","1.2690","17.0874"
"245.4470","1.2687","17.0670"
"245.4670","1.2683","17.0859"
"245.4870","1.2680","17.0714"
"245.5070","1.2676","17.0886"
"245.5270","1.2672","17.0628"
"245.5470","1.2669","17.0010"
"245.5670","1.2666","17.0825"
"245.5870","1.2664","17.1230"
"245.6070","1.2660","17.0799"
"245.6270","1.2657","17.0512"
"245.6470","1.2653","16.9889"
"245.6670","1.2649","16.9184"
"245.6870","1.2645","16.9011"
"245.7070","1.2641","16.9176"
"245.7270","1.2638","16.9174"
"245.7470","1.2636","16.9180"
"245.7670","1.2633","16.9380"
"245.7870","1.2630","16.8802"
"245.8070","1.2626","16.9290"
"245.8270","1.2623","17.0009"
"245.8470","1.2619","17.0029"
"245.8670","1.2616","17.0439"
"245.8870","1.2613","17.0118"
"245.9070","1.2610","16.9864"
"245.9270","1.2607","16.9889"
"245.9470","1.2604","16.9929"
"245.9670","1.2600","16.9421"
"245.9870","1.2595","16.9671"
"246.0070","1.2591","16.9898"
"246.0270","1.2587","17.0144"
"246.0470","1.2584","17.0433"
"246.0670","1.2582","16.9495"
"246.0870","1.2580","16.9300"
"246.1070","1.2577","16.9142"
"246.1270","1.2574","16.8707"
"246.1470","1.2571","16.9163"
"246.1670","1.2567","16.8868"
"246.1870","1.2563","16.8962"
"246.2070","1.2559","16.8802"
"246.2270","1.2556","16.8792"
"246.2470","1.2553","16.8941"
"246.2670","1.2550","16.8334"
"246.2870","1.2547","16.8012"
"246.3070","1.2544","16.8394"
"246.3270","1.2540","16.8089"
"246.3470","1.2536","16.8130"
"246.3670","1.2532","16.8779"
"246.3870","1.2528","16.8397"
"246.4070","1.2525","16.8273"
"246.4270","1.2522","16.7922"
"246.4470","1.2519","16.7545"
"246.4670","1.2516","16.8257"
"246.4870","1.2513","16.8267"
"246.5070","1.2509","16.8790"
"246.5270","1.2506","16.8365"
"246.5470","1.2502","16.7480"
"246.5670","1.2500","16.7945"
"246.5870","1.2497","16.8377"
"246.6070","1.2494","16.8850"
"246.6270","1.2491","16.8188"
"246.6470","1.2487","16.8024"
"246.6670","1.2483","16.7265"
"246.6870","1.2478","16.6334"
"246.7070","1.2474","16.6618"
"246.7270","1.2470","16.7130"
"246.7470","1.2468","16.7476"
"246.7670","1.2466","16.6899"
"246.7870","1.2464","16.6423"
"246.8070","1.2461","16.6210"
"246.8270","1.2457","16.7003"
"246.8470","1.2454","16.7454"
"246.8670","1.2450","16.7905"
"246.8870","1.2446","16.7301"
"246.9070","1.2442","16.6261"
"246.9270","1.2439","16.5983"
"246.9470","1.2437","16.5919"
"246.9670","1.2434","16.6102"
"246.9870","1.2431","16.6078"
"247.0070","1.2427","16.5799"
"247.0270","1.2423","16.6659"
"247.0470","1.2419","16.6144"
"247.0670","1.2415","16.5485"
"247.0870","1.2411","16.5146"
"247.1070","1.2408","16.5780"
"247.1270","1.2405","16.5411"
"247.1470","1.2402","16.5518"
"247.1670","1.2399","16.4791"
"247.1870","1.2396","16.5226"
"247.2070","1.2392","16.5051"
"247.2270","1.2389","16.4909"
"247.2470","1.2386","16.5840"
"247.2670","1.2383","16.6061"
"247.2870","1.2380","16.5555"
"247.3070","1.2378","16.5609"
"247.3270","1.2374","16.5648"
"247.3470","1.2370","16.5436"
"247.3670","1.2365","16.6072"
"247.3870","1.2361","16.5420"
"247.4070","1.2357","16.5219"
"247.4270","1.2354","16.5033"
"247.4470","1.2352","16.4601"
"247.4670","1.2350","16.4871"
"247.4870","1.2347","16.5355"
"247.5070","1.2344","16.4990"
"247.5270","1.2340","16.4396"
"247.5470","1.2336","16.5173"
"247.5670","1.2332","16.5618"
"247.5870","1.2328","16.5601"
"247.6070","1.2325","16.5284"
"247.6270","1.2323","16.4656"
"247.6470","1.2320","16.4586"
"247.6670","1.2317","16.4552"
"247.6870","1.2314","16.4681"
"247.7070","1.2310","16.5219"
"247.7270","1.2306","16.5075"
"247.7470","1.2302","16.4931"
"247.7670","1.2298","16.4394"
"247.7870","1.2295","16.4087"
"247.8070","1.2292","16.4108"
"247.8270","1.2289","16.2993"
"247.8470","1.2286","16.2742"
"247.8670","1.2283","16.3427"
"247.8870","1.2279","16.3715"
"247.9070","1.2275","16.3513"
"247.9270","1.2272","16.3053"
"247.9470","1.2269","16.4085"
"247.9670","1.2267","16.4443"
"247.9870","1.2264","16.4004"
"248.0070","1.2261","16.3788"
"248.0270","1.2257","16.3659"
"248.0470","1.2252","16.3052"
"248.0670","1.2248","16.3846"
"248.0870","1.2244","16.4179"
"248.1070","1.2241","16.3332"
"248.1270","1.2238","16.3414"
"248.1470","1.2236","16.2811"
"248.1670","1.2233","16.2641"
"248.1870","1.2230","16.2497"
"248.2070","1.2227","16.3239"
"248.2270","1.2223","16.3404"
"248.2470","1.2219","16.3089"
"248.2670","1.2216","16.2288"
"248.2870","1.2212","16.1853"
"248.3070","1.2209","16.1844"
"248.3270","1.2207","16.1667"
"248.3470","1.2204","16.0933"
"248.3670","1.2200","16.1161"
"248.3870","1.2197","16.1798"
"248.4070","1.2193","16.2136"
"248.4270","1.2189","16.2172"
"248.4470","1.2185","16.1905"
"248.4670","1.2181","16.2446"
"248.4870","1.2178","16.2136"
"248.5070","1.2176","16.1546"
"248.5270","1.2173","16.0956"
"248.5470","1.2170","16.1838"
"248.5670","1.2166","16.2654"
"248.5870","1.2162","16.2678"
"248.6070","1.2159","16.2426"
"248.6270","1.2156","16.1973"
"248.6470","1.2153","16.1405"
"248.6670","1.2150","16.1845"
"248.6870","1.2147","16.1865"
"248.7070","1.2144","16.0877"
"248.7270","1.2140","16.1210"
"248.7470","1.2135","16.1510"
"248.7670","1.2131","16.1647"
"248.7870","1.2127","16.0998"
"248.8070","1.2124","16.0529"
"248.8270","1.2122","16.0975"
"248.8470","1.2120","16.1365"
"248.8670","1.2117","16.1652"
"248.8870","1.2114","16.1480"
"248.9070","1.2110","16.1528"
"248.9270","1.2106","16.0981"
"248.9470","1.2103","16.0201"
"248.9670","1.2099","16.0245"
"248.9870","1.2096","16.0262"
"249.0070","1.2093","16.1212"
"249.0270","1.2090","16.1619"
"249.0470","1.2087","16.1536"
"249.0670","1.2084","16.0109"
"249.0870","1.2080","16.0125"
"249.1070","1.2076","16.0325"
"249.1270","1.2071","16.0379"
"249.1470","1.2068","16.0839"
"249.1670","1.2065","16.0451"
"249.1870","1.2062","16.0653"
"249.2070","1.2059","16.0582"
"249.2270","1.2056","16.0174"
"249.2470","1.2053","16.0570"
"249.2670","1.2049","16.0302"
"249.2870","1.2045","16.0000"
"249.3070","1.2042","15.9885"
"249.3270","1.2040","16.0305"
"249.3470","1.2037","16.0465"
"249.3670","1.2034","15.9676"
"249.3870","1.2031","15.8309"
"249.4070","1.2027","15.8755"
"249.4270","1.2023","15.9665"
"249.4470","1.2018","15.9150"
"249.4670","1.2014","15.8086"
"249.4870","1.2011","15.7136"
"249.5070","1.2009","15.8552"
"249.5270","1.2006","15.9588"
"249.5470","1.2004","15.9034"
"249.5670","1.2001","15.9144"
"249.5870","1.1997","15.9440"
"249.6070","1.1994","16.0095"
"249.6270","1.1990","15.9443"
"249.6470","1.1986","15.8630"
"249.6670","1.1982","15.8111"
"249.6870","1.1979","15.8752"
"249.7070","1.1977","15.8796"
"249.7270","1.1974","15.8066"
"249.7470","1.1970","15.7428"
"249.7670","1.1967","15.7437"
"249.7870","1.1962","15.8647"
"249.8070","1.1958","15.8947"
"249.8270","1.1954","15.7749"
"249.8470","1.1951","15.6723"
"249.8670","1.1948","15.7719"
"249.8870","1.1946","15.8418"
"249.9070","1.1943","15.8369"
"249.9270","1.1940","15.8128"
"249.9470","1.1936","15.6930"
"249.9670","1.1933","15.6766"
"249.9870","1.1929","15.7080"
"250.0070","1.1926","15.7246"
"250.0270","1.1923","15.7247"
"250.0470","1.1921","15.8019"
"250.0670","1.1918","15.8441"
"250.0870","1.1914","15.8039"
"250.1070","1.1910","15.7459"
"250.1270","1.1905","15.7221"
"250.1470","1.1901","15.6605"
"250.1670","1.1898","15.6996"
"250.1870","1.1895","15.6906"
"250.2070","1.1893","15.6537"
"250.2270","1.1890","15.6875"
"250.2470","1.1887","15.7551"
"250.2670","1.1884","15.7439"
"250.2870","1.1880","15.7018"
"250.3070","1.1876","15.6835"
"250.3270","1.1872","15.6913"
"250.3470","1.1869","15.6408"
"250.3670","1.1866","15.5592"
"250.3870","1.1863","15.5624"
"250.4070","1.1860","15.6417"
"250.4270","1.1857","15.6650"
"250.4470","1.1853","15.6373"
"250.4670","1.1849","15.5850"
"250.4870","1.1845","15.5895"
"250.5070","1.1841","15.6528"
"250.5270","1.1838","15.6216"
"250.5470","1.1835","15.5152"
"250.5670","1.1832","15.5485"
"250.5870","1.1829","15.5928"
"250.6070","1.1826","15.5781"
"250.6270","1.1823","15.6216"
"250.6470","1.1819","15.5921"
"250.6670","1.1816","15.5743"
"250.6870","1.1813","15.5225"
"250.7070","1.1810","15.4967"
"250.7270","1.1807","15.5398"
"250.7470","1.1804","15.5740"
"250.7670","1.1800","15.5752"
"250.7870","1.1796","15.5151"
"250.8070","1.1792","15.4995"
"250.8270","1.1787","15.5259"
"250.8470","1.1784","15.5730"
"250.8670","1.1781","15.5527"
"250.8870","1.1779","15.5464"
"250.9070","1.1776","15.5465"
"250.9270","1.1774","15.5112"
"250.9470","1.1771","15.5371"
"250.9670","1.1767","15.5728"
"250.9870","1.1764","15.5130"
"251.0070","1.1760","15.4761"
"251.0270","1.1756","15.4343"
"251.0470","1.1753","15.4506"
"251.0670","1.1750","15.3802"
"251.0870","1.1747","15.3671"
"251.1070","1.1744","15.3497"
"251.1270","1.1740","15.4122"
"251.1470","1.1736","15.4798"
"251.1670","1.1732","15.5014"
"251.1870","1.1728","15.3869"
"251.2070","1.1724","15.3303"
"251.2270","1.1721","15.3504"
"251.2470","1.1718","15.4428"
"251.2670","1.1715","15.4447"
"251.2870","1.1713","15.4243"
"251.3070","1.1709","15.4333"
"251.3270","1.1706","15.3953"
"251.3470","1.1702","15.3317"
"251.3670","1.1699","15.2812"
"251.3870","1.1696","15.3570"
"251.4070","1.1693","15.3051"
"251.4270","1.1690","15.2907"
"251.4470","1.1687","15.3075"
"251.4670","1.1683","15.2762"
"251.4870","1.1679","15.2568"
"251.5070","1.1675","15.3666"
"251.5270","1.1670","15.2902"
"251.5470","1.1667","15.3190"
"251.5670","1.1665","15.3196"
"251.5870","1.1662","15.3094"
"251.6070","1.1660","15.2734"
"251.6270","1.1657","15.2902"
"251.6470","1.1654","15.3413"
"251.6670","1.1650","15.3574"
"251.6870","1.1647","15.3407"
"251.7070","1.1643","15.3085"
"251.7270","1.1639","15.2450"
"251.7470","1.1636","15.2181"
"251.7670","1.1634","15.2274"
"251.7870","1.1631","15.1704"
"251.8070","1.1627","15.1927"
"251.8270","1.1624","15.1855"
"251.8470","1.1619","15.1259"
"251.8670","1.1615","15.1768"
"251.8870","1.1611","15.2326"
"251.9070","1.1607","15.2143"
"251.9270","1.1604","15.2010"
"251.9470","1.1602","15.1429"
"251.9670","1.1599","15.1545"
"251.9870","1.1596","15.1702"
"252.0070","1.1593","15.2367"
"252.0270","1.1589","15.1908"
"252.0470","1.1586","15.1201"
"252.0670","1.1583","15.0480"
"252.0870","1.1580","15.0306"
"252.1070","1.1577","15.0781"
"252.1270","1.1574","15.1350"
"252.1470","1.1571","15.1787"
"252.1670","1.1567","15.1725"
"252.1870","1.1562","15.1571"
"252.2070","1.1558","15.1032"
"252.2270","1.1554","15.0471"
"252.2470","1.1551","15.0632"
"252.2670","1.1549","15.0891"
"252.2870","1.1546","15.0638"
"252.3070","1.1544","15.0998"
"252.3270","1.1541","15.0627"
"252.3470","1.1537","15.0505"
"252.3670","1.1533","15.0629"
"252.3870","1.1529","15.0841"
"252.4070","1.1526","15.1040"
"252.4270","1.1522","15.0399"
"252.4470","1.1520","14.9961"
"252.4670","1.1517","15.0210"
"252.4870","1.1514","14.9498"
"252.5070","1.1511","14.9899"
"252.5270","1.1507","15.0284"
"252.5470","1.1503","14.9873"
"252.5670","1.1499","15.0470"
"252.5870","1.1495","15.0617"
"252.6070","1.1492","14.9860"
"252.6270","1.1489","14.8463"
"252.6470","1.1486","14.8729"
"252.6670","1.1483","14.9413"
"252.6870","1.1479","14.9813"
"252.7070","1.1476","15.0915"
"252.7270","1.1473","15.0913"
"252.7470","1.1469","15.0721"
"252.7670","1.1466","15.0802"
"252.7870","1.1464","15.0240"
"252.8070","1.1461","14.9542"
"252.8270","1.1457","15.0063"
"252.8470","1.1454","15.0303"
"252.8670","1.1449","15.0204"
"252.8870","1.1445","14.9742"
"252.9070","1.1441","14.8944"
"252.9270","1.1437","14.9174"
"252.9470","1.1435","14.8600"
"252.9670","1.1432","14.7896"
"252.9870","1.1430","14.8371"
"253.0070","1.1427","14.7788"
"253.0270","1.1424","14.7240"
"253.0470","1.1420","14.7983"
"253.0670","1.1416","14.8209"
"253.0870","1.1413","14.7900"
"253.1070","1.1409","14.7624"
"253.1270","1.1406","14.7411"
"253.1470","1.1403","14.8621"
"253.1670","1.1401","14.8772"
"253.1870","1.1397","14.9521"
"253.2070","1.1394","14.9369"
"253.2270","1.1390","14.8136"
"253.2470","1.1385","14.8103"
"253.2670","1.1382","14.7684"
"253.2870","1.1378","14.7844"
"253.3070","1.1375","14.7934"
"253.3270","1.1372","14.8514"
"253.3470","1.1369","14.8633"
"253.3670","1.1366","14.7667"
"253.3870","1.1362","14.7150"
"253.4070","1.1359","14.6838"
"253.4270","1.1356","14.6770"
"253.4470","1.1352","14.7051"
"253.4670","1.1350","14.7246"
"253.4870","1.1347","14.7220"
"253.5070","1.1344","14.7822"
"253.5270","1.1340","14.7176"
"253.5470","1.1336","14.6760"
"253.5670","1.1332","14.6620"
"253.5870","1.1327","14.6534"
"253.6070","1.1324","14.6391"
"253.6270","1.1321","14.6018"
"253.6470","1.1319","14.6357"
"253.6670","1.1317","14.7251"
"253.6870","1.1314","14.7906"
"253.7070","1.1311","14.7616"
"253.7270","1.1307","14.7271"
"253.7470","1.1303","14.6711"
"253.7670","1.1300","14.6672"
"253.7870","1.1296","14.6510"
"253.8070","1.1293","14.7275"
"253.8270","1.1290","14.7643"
"253.8470","1.1287","14.6858"
"253.8670","1.1284","14.6965"
"253.8870","1.1281","14.6130"
"253.9070","1.1277","14.5290"
"253.9270","1.1273","14.5155"
"253.9470","1.1268","14.4857"
"253.9670","1.1264","14.5078"
"253.9870","1.1261","14.5486"
"254.0070","1.1258","14.6330"
"254.0270","1.1255","14.6154"
"254.0470","1.1252","14.6504"
"254.0670","1.1249","14.7331"
"254.0870","1.1245","14.6675"
"254.1070","1.1242","14.7006"
"254.1270","1.1239","14.6187"
"254.1470","1.1236","14.5602"
"254.1670","1.1234","14.4943"
"254.1870","1.1231","14.5787"
"254.2070","1.1227","14.6022"
"254.2270","1.1224","14.5890"
"254.2470","1.1219","14.4983"
"254.2670","1.1215","14.4919"
"254.2870","1.1211","14.5512"
"254.3070","1.1207","14.5564"
"254.3270","1.1205","14.5238"
"254.3470","1.1203","14.5431"
"254.3670","1.1200","14.5177"
"254.3870","1.1197","14.5442"
"254.4070","1.1194","14.4924"
"254.4270","1.1190","14.4930"
"254.4470","1.1186","14.4685"
"254.4670","1.1182","14.4213"
"254.4870","1.1179","14.4024"
"254.5070","1.1176","14.5187"
"254.5270","1.1173","14.5521"
"254.5470","1.1170","14.5401"
"254.5670","1.1167","14.5097"
"254.5870","1.1164","14.5040"
"254.6070","1.1160","14.5701"
"254.6270","1.1155","14.5286"
"254.6470","1.1151","14.4175"
"254.6670","1.1148","14.3456"
"254.6870","1.1145","14.3232"
"254.7070","1.1142","14.3812"
"254.7270","1.1139","14.3013"
"254.7470","1.1136","14.3534"
"254.7670","1.1132","14.3751"
"254.7870","1.1128","14.4014"
"254.8070","1.1125","14.4319"
"254.8270","1.1122","14.4690"
"254.8470","1.1120","14.3521"
"254.8670","1.1117","14.3398"
"254.8870","1.1114","14.3362"
"254.9070","1.1111","14.3520"
"254.9270","1.1106","14.2780"
"254.9470","1.1102","14.2254"
"254.9670","1.1097","14.3077"
"254.9870","1.1094","14.3850"
"255.0070","1.1091","14.3564"
"255.0270","1.1089","14.2949"
"255.0470","1.1086","14.2413"
"255.0670","1.1083","14.2923"
"255.0870","1.1080","14.3734"
"255.1070","1.1077","14.3496"
"255.1270","1.1073","14.3030"
"255.1470","1.1069","14.3431"
"255.1670","1.1066","14.2679"
"255.1870","1.1063","14.3032"
"255.2070","1.1060","14.2853"
"255.2270","1.1057","14.1974"
"255.2470","1.1054","14.2282"
"255.2670","1.1051","14.3096"
"255.2870","1.1047","14.2336"
"255.3070","1.1043","14.2425"
"255.3270","1.1039","14.2384"
"255.3470","1.1035","14.1792"
"255.3670","1.1032","14.1289"
"255.3870","1.1029","14.0803"
"255.4070","1.1026","14.1568"
"255.4270","1.1023","14.1885"
"255.4470","1.1019","14.2285"
"255.4670","1.1015","14.2043"
"255.4870","1.1012","14.2136"
"255.5070","1.1009","14.1737"
"255.5270","1.1007","14.0798"
"255.5470","1.1004","14.0603"
"255.5670","1.1001","14.0717"
"255.5870","1.0997","14.1479"
"255.6070","1.0993","14.1872"
"255.6270","1.0989","14.1926"
"255.6470","1.0984","14.1915"
"255.6670","1.0980","14.1735"
"255.6870","1.0977","14.1379"
"255.7070","1.0975","14.0794"
"255.7270","1.0973","14.0008"
"255.7470","1.0970","13.9419"
"255.7670","1.0967","14.0338"
"255.7870","1.0964","14.1193"
"255.8070","1.0960","14.0927"
"255.8270","1.0956","14.0005"
"255.8470","1.0952","14.0129"
"255.8670","1.0949","14.1047"
"255.8870","1.0946","14.0571"
"255.9070","1.0944","14.0671"
"255.9270","1.0941","14.0311"
"255.9470","1.0937","14.0273"
"255.9670","1.0934","14.0336"
"255.9870","1.0929","14.0122"
"256.0070","1.0925","14.0056"
"256.0270","1.0921","13.9788"
"256.0470","1.0918","13.9466"
"256.0670","1.0915","13.9599"
"256.0870","1.0912","14.0070"
"256.1070","1.0909","14.0287"
"256.1270","1.0905","14.0909"
"256.1470","1.0902","14.0718"
"256.1670","1.0898","13.9960"
"256.1870","1.0895","13.9269"
"256.2070","1.0893","13.9254"
"256.2270","1.0890","14.0431"
"256.2470","1.0887","14.0061"
"256.2670","1.0884","13.9865"
"256.2870","1.0880","13.9333"
"256.3070","1.0876","13.8831"
"256.3270","1.0872","13.8364"
"256.3470","1.0867","13.8083"
"256.3670","1.0864","13.8688"
"256.3870","1.0861","13.8766"
"256.4070","1.0859","13.9076"
"256.4270","1.0857","13.8518"
"256.4470","1.0854","13.8035"
"256.4670","1.0851","13.8423"
"256.4870","1.0847","13.8383"
"256.5070","1.0843","13.8364"
"256.5270","1.0839","13.8232"
"256.5470","1.0836","13.8421"
"256.5670","1.0833","13.8402"
"256.5870","1.0830","13.8110"
"256.6070","1.0827","13.8466"
"256.6270","1.0824","13.9788"
"256.6470","1.0820","13.8812"
"256.6670","1.0816","13.8064"
"256.6870","1.0812","13.7491"
"256.7070","1.0808","13.7591"
"256.7270","1.0804","13.7985"
"256.7470","1.0801","13.7457"
"256.7670","1.0799","13.7566"
"256.7870","1.0796","13.7135"
"256.8070","1.0793","13.7036"
"256.8270","1.0789","13.7353"
"256.8470","1.0786","13.7161"
"256.8670","1.0782","13.6970"
"256.8870","1.0779","13.7339"
"256.9070","1.0777","13.7766"
"256.9270","1.0774","13.7773"
"256.9470","1.0771","13.7625"
"256.9670","1.0768","13.7054"
"256.9870","1.0764","13.6818"
"257.0070","1.0759","13.7401"
"257.0270","1.0755","13.7662"
"257.0470","1.0751","13.6618"
"257.0670","1.0748","13.6182"
"257.0870","1.0745","13.7273"
"257.1070","1.0743","13.7944"
"257.1270","1.0740","13.7935"
"257.1470","1.0737","13.7627"
"257.1670","1.0734","13.6910"
"257.1870","1.0730","13.7139"
"257.2070","1.0726","13.6628"
"257.2270","1.0722","13.6800"
"257.2470","1.0719","13.6359"
"257.2670","1.0716","13.6687"
"257.2870","1.0714","13.6611"
"257.3070","1.0711","13.6037"
"257.3270","1.0708","13.5852"
"257.3470","1.0704","13.6650"
"257.3670","1.0699","13.6363"
"257.3870","1.0695","13.6501"
"257.4070","1.0691","13.6795"
"257.4270","1.0688","13.5739"
"257.4470","1.0685","13.5640"
"257.4670","1.0682","13.5179"
"257.4870","1.0679","13.5314"
"257.5070","1.0676","13.5936"
"257.5270","1.0673","13.4931"
"257.5470","1.0669","13.4790"
"257.5670","1.0666","13.5696"
"257.5870","1.0663","13.5883"
"257.6070","1.0660","13.5108"
"257.6270","1.0657","13.4638"
"257.6470","1.0654","13.5265"
"257.6670","1.0651","13.5799"
"257.6870","1.0646","13.5397"
"257.7070","1.0641","13.4654"
"257.7270","1.0637","13.4488"
"257.7470","1.0634","13.5014"
"257.7670","1.0631","13.5273"
"257.7870","1.0629","13.5265"
"257.8070","1.0627","13.4411"
"257.8270","1.0624","13.3907"
"257.8470","1.0620","13.5033"
"257.8670","1.0617","13.5244"
"257.8870","1.0613","13.4660"
"257.9070","1.0609","13.4126"
"257.9270","1.0606","13.4410"
"257.9470","1.0603","13.4387"
"257.9670","1.0600","13.5184"
"257.9870","1.0597","13.5233"
"258.0070","1.0594","13.4128"
"258.0270","1.0590","13.3746"
"258.0470","1.0586","13.3813"
"258.0670","1.0582","13.3589"
"258.0870","1.0578","13.3738"
"258.1070","1.0574","13.4037"
"258.1270","1.0572","13.4726"
"258.1470","1.0569","13.4158"
"258.1670","1.0566","13.3802"
"258.1870","1.0563","13.4358"
"258.2070","1.0559","13.5030"
"258.2270","1.0556","13.4471"
"258.2470","1.0552","13.3643"
"258.2670","1.0549","13.3098"
"258.2870","1.0547","13.2654"
"258.3070","1.0544","13.3292"
"258.3270","1.0540","13.3326"
"258.3470","1.0537","13.2962"
"258.3670","1.0532","13.3329"
"258.3870","1.0528","13.2413"
"258.4070","1.0523","13.2737"
"258.4270","1.0520","13.3067"
"258.4470","1.0517","13.2244"
"258.4670","1.0515","13.2134"
"258.4870","1.0513","13.2380"
"258.5070","1.0510","13.2977"
"258.5270","1.0507","13.2838"
"258.5470","1.0504","13.2803"
"258.5670","1.0500","13.2242"
"258.5870","1.0496","13.2424"
"258.6070","1.0492","13.3219"
"258.6270","1.0489","13.3727"
"258.6470","1.0486","13.3487"
"258.6670","1.0484","13.2618"
"258.6870","1.0481","13.2040"
"258.7070","1.0477","13.2560"
"258.7270","1.0473","13.2390"
"258.7470","1.0469","13.2737"
"258.7670","1.0465","13.2178"
"258.7870","1.0461","13.1361"
"258.8070","1.0458","13.1735"
"258.8270","1.0455","13.1754"
"258.8470","1.0452","13.1954"
"258.8670","1.0449","13.1851"
"258.8870","1.0446","13.1670"
"258.9070","1.0442","13.1763"
"258.9270","1.0439","13.1158"
"258.9470","1.0436","13.1192"
"258.9670","1.0433","13.0637"
"258.9870","1.0431","13.1675"
"259.0070","1.0428","13.1982"
"259.0270","1.0424","13.2114"
"259.0470","1.0420","13.1059"
"259.0670","1.0415","13.1325"
"259.0870","1.0411","13.2240"
"259.1070","1.0407","13.1899"
"259.1270","1.0404","13.1268"
"259.1470","1.0402","13.1071"
"259.1670","1.0400","13.1465"
"259.1870","1.0397","13.1706"
"259.2070","1.0394","13.1165"
"259.2270","1.0391","13.1210"
"259.2470","1.0387","13.1324"
"259.2670","1.0383","13.1858"
"259.2870","1.0379","13.1950"
"259.3070","1.0375","13.0731"
"259.3270","1.0372","12.9953"
"259.3470","1.0370","13.0421"
"259.3670","1.0367","13.1154"
"259.3870","1.0364","13.0639"
"259.4070","1.0360","13.0536"
"259.4270","1.0356","13.0240"
"259.4470","1.0352","12.9987"
"259.4670","1.0348","12.9093"
"259.4870","1.0345","12.9567"
"259.5070","1.0342","13.0042"
"259.5270","1.0339","13.0514"
"259.5470","1.0336","13.0342"
"259.5670","1.0333","12.9237"
"259.5870","1.0329","12.8249"
"259.6070","1.0326","12.8604"
"259.6270","1.0323","12.8727"
"259.6470","1.0320","12.9415"
"259.6670","1.0317","12.9372"
"259.6870","1.0314","12.8841"
"259.7070","1.0311","12.8968"
"259.7270","1.0307","12.8950"
"259.7470","1.0303","12.9803"
"259.7670","1.0299","12.9441"
"259.7870","1.0294","12.9095"
"259.8070","1.0290","12.8731"
"259.8270","1.0288","12.9000"
"259.8470","1.0285","13.0060"
"259.8670","1.0283","12.9679"
"259.8870","1.0280","12.8416"
"259.9070","1.0277","12.8082"
"259.9270","1.0274","12.9025"
"259.9470","1.0270","12.9400"
"259.9670","1.0266","12.8686"
"259.9870","1.0262","12.8284"
"260.0070","1.0259","12.8614"
"260.0270","1.0256","12.8951"
"260.0470","1.0254","12.8794"
"260.0670","1.0251","12.9262"
"260.0870","1.0247","12.8837"
"260.1070","1.0243","12.7902"
"260.1270","1.0239","12.7216"
"260.1470","1.0235","12.7789"
"260.1670","1.0231","12.8214"
"260.1870","1.0228","12.7016"
"260.2070","1.0225","12.6582"
"260.2270","1.0223","12.7376"
"260.2470","1.0220","12.8492"
"260.2670","1.0216","12.8124"
"260.2870","1.0213","12.6783"
"260.3070","1.0209","12.6632"
"260.3270","1.0206","12.7706"
"260.3470","1.0203","12.8202"
"260.3670","1.0200","12.8091"
"260.3870","1.0197","12.7818"
"260.4070","1.0194","12.7820"
"260.4270","1.0190","12.8311"
"260.4470","1.0186","12.7696"
"260.4670","1.0181","12.6724"
"260.4870","1.0177","12.6639"
"260.5070","1.0174","12.7534"
"260.5270","1.0172","12.7407"
"260.5470","1.0170","12.7144"
"260.5670","1.0167","12.6741"
"260.5870","1.0164","12.7063"
"260.6070","1.0161","12.7267"
"260.6270","1.0157","12.7401"
"260.6470","1.0153","12.7037"
"260.6670","1.0149","12.6414"
"260.6870","1.0146","12.5904"
"260.7070","1.0143","12.6367"
"260.7270","1.0140","12.7053"
"260.7470","1.0137","12.7134"
"260.7670","1.0134","12.7050"
"260.7870","1.0130","12.6693"
"260.8070","1.0126","12.6369"
"260.8270","1.0122","12.6370"
"260.8470","1.0118","12.6474"
"260.8670","1.0115","12.6310"
"260.8870","1.0112","12.5754"
"260.9070","1.0109","12.5996"
"260.9270","1.0106","12.5899"
"260.9470","1.0103","12.6077"
"260.9670","1.0099","12.6674"
"260.9870","1.0095","12.6324"
"261.0070","1.0092","12.5794"
"261.0270","1.0089","12.5875"
"261.0470","1.0087","12.5716"
"261.0670","1.0084","12.6090"
"261.0870","1.0081","12.5921"
"261.1070","1.0077","12.5631"
"261.1270","1.0073","12.4671"
"261.1470","1.0069","12.4687"
"261.1670","1.0064","12.5666"
"261.1870","1.0060","12.5378"
"261.2070","1.0058","12.5548"
"261.2270","1.0056","12.5633"
"261.2470","1.0053","12.5084"
"261.2670","1.0051","12.4965"
"261.2870","1.0048","12.5032"
"261.3070","1.0044","12.5227"
"261.3270","1.0040","12.4619"
"261.3470","1.0036","12.4504"
"261.3670","1.0032","12.4448"
"261.3870","1.0029","12.4045"
"261.4070","1.0026","12.4168"
"261.4270","1.0024","12.4293"
"261.4470","1.0021","12.4166"
"261.4670","1.0017","12.4078"
"261.4870","1.0013","12.4176"
"261.5070","1.0009","12.4629"
"261.5270","1.0004","12.4635"
"261.5470","1.0001","12.4044"
"261.5670","0.9998","12.4275"
"261.5870","0.9995","12.3912"
"261.6070","0.9992","12.3839"
"261.6270","0.9989","12.3842"
"261.6470","0.9986","12.4259"
"261.6670","0.9982","12.4215"
"261.6870","0.9979","12.4094"
"261.7070","0.9976","12.3112"
"261.7270","0.9973","12.3170"
"261.7470","0.9970","12.3531"
"261.7670","0.9967","12.3683"
"261.7870","0.9964","12.3164"
"261.8070","0.9960","12.2744"
"261.8270","0.9956","12.4123"
"261.8470","0.9951","12.3454"
"261.8670","0.9947","12.3408"
"261.8870","0.9944","12.3556"
"261.9070","0.9942","12.3575"
"261.9270","0.9940","12.2810"
"261.9470","0.9937","12.3041"
"261.9670","0.9934","12.2321"
"261.9870","0.9930","12.2619"
"262.0070","0.9926","12.3004"
"262.0270","0.9922","12.2756"
"262.0470","0.9918","12.2453"
"262.0670","0.9915","12.2814"
"262.0870","0.9912","12.2649"
"262.1070","0.9910","12.2623"
"262.1270","0.9907","12.2577"
"262.1470","0.9904","12.2579"
"262.1670","0.9900","12.1446"
"262.1870","0.9896","12.1311"
"262.2070","0.9892","12.1626"
"262.2270","0.9888","12.2195"
"262.2470","0.9885","12.2716"
"262.2670","0.9882","12.2714"
"262.2870","0.9879","12.2364"
"262.3070","0.9876","12.1348"
"262.3270","0.9873","12.0702"
"262.3470","0.9869","12.1830"
"262.3670","0.9865","12.1843"
"262.3870","0.9862","12.1796"
"262.4070","0.9859","12.1192"
"262.4270","0.9857","12.1328"
"262.4470","0.9854","12.1741"
"262.4670","0.9851","12.2114"
"262.4870","0.9847","12.2375"
"262.5070","0.9843","12.2320"
"262.5270","0.9838","12.2006"
"262.5470","0.9834","12.1435"
"262.5670","0.9830","12.1359"
"262.5870","0.9828","12.1465"
"262.6070","0.9826","12.0637"
"262.6270","0.9823","12.0453"
"262.6470","0.9820","12.0741"
"262.6670","0.9817","12.0911"
"262.6870","0.9813","12.1157"
"262.7070","0.9809","12.1367"
"262.7270","0.9806","12.1068"
"262.7470","0.9802","12.0429"
"262.7670","0.9799","12.0378"
"262.7870","0.9797","12.0906"
"262.8070","0.9794","12.0603"
"262.8270","0.9791","12.0412"
"262.8470","0.9787","12.0789"
"262.8670","0.9783","12.0737"
"262.8870","0.9779","12.0310"
"262.9070","0.9775","12.0094"
"262.9270","0.9771","12.0425"
"262.9470","0.9768","12.0106"
"262.9670","0.9766","11.9851"
"262.9870","0.9763","12.0551"
"263.0070","0.9760","11.9751"
"263.0270","0.9756","11.9644"
"263.0470","0.9752","11.9779"
"263.0670","0.9749","12.0237"
"263.0870","0.9746","11.9981"
"263.1070","0.9743","11.9334"
"263.1270","0.9740","11.9156"
"263.1470","0.9737","11.8947"
"263.1670","0.9734","11.8844"
"263.1870","0.9730","11.8342"
"263.2070","0.9726","11.8918"
"263.2270","0.9721","11.9649"
"263.2470","0.9717","12.0208"
"263.2670","0.9715","11.9438"
"263.2870","0.9712","11.9044"
"263.3070","0.9710","11.9199"
"263.3270","0.9707","11.9437"
"263.3470","0.9704","11.8932"
"263.3670","0.9701","11.9514"
"263.3870","0.9697","11.9885"
"263.4070","0.9693","11.9605"
"263.4270","0.9689","11.8674"
"263.4470","0.9686","11.7932"
"263.4670","0.9683","11.8570"
"263.4870","0.9680","11.8781"
"263.5070","0.9677","11.8189"
"263.5270","0.9674","11.7877"
"263.5470","0.9670","11.8905"
"263.5670","0.9666","11.9256"
"263.5870","0.9662","11.9479"
"263.6070","0.9658","11.8392"
"263.6270","0.9655","11.7759"
"263.6470","0.9652","11.8271"
"263.6670","0.9649","11.8735"
"263.6870","0.9646","11.8866"
"263.7070","0.9643","11.8904"
"263.7270","0.9639","11.8307"
"263.7470","0.9635","11.7974"
"263.7670","0.9632","11.8029"
"263.7870","0.9629","11.8269"
"263.8070","0.9627","11.8204"
"263.8270","0.9624","11.8409"
"263.8470","0.9621","11.7618"
"263.8670","0.9617","11.7012"
"263.8870","0.9613","11.7718"
"263.9070","0.9609","11.7245"
"263.9270","0.9604","11.6510"
"263.9470","0.9601","11.7407"
"263.9670","0.9598","11.7848"
"263.9870","0.9596","11.7267"
"264.0070","0.9594","11.7026"
"264.0270","0.9591","11.6923"
"264.0470","0.9587","11.6480"
"264.0670","0.9584","11.6570"
"264.0870","0.9580","11.6712"
"264.1070","0.9576","11.6200"
"264.1270","0.9572","11.6753"
"264.1470","0.9569","11.6067"
"264.1670","0.9566","11.6444"
"264.1870","0.9563","11.6796"
"264.2070","0.9560","11.6936"
"264.2270","0.9557","11.7119"
"264.2470","0.9552","11.6847"
"264.2670","0.9548","11.6660"
"264.2870","0.9544","11.6639"
"264.3070","0.9541","11.6085"
"264.3270","0.9538","11.5843"
"264.3470","0.9536","11.5358"
"264.3670","0.9533","11.4651"
"264.3870","0.9529","11.6020"
"264.4070","0.9526","11.6020"
"264.4270","0.9522","11.6191"
"264.4470","0.9519","11.6610"
"264.4670","0.9516","11.6701"
"264.4870","0.9513","11.6955"
"264.5070","0.9510","11.6689"
"264.5270","0.9507","11.7099"
"264.5470","0.9504","11.6369"
"264.5670","0.9500","11.5680"
"264.5870","0.9496","11.4941"
"264.6070","0.9491","11.5670"
"264.6270","0.9487","11.5993"
"264.6470","0.9485","11.5716"
"264.6670","0.9482","11.4666"
"264.6870","0.9480","11.4351"
"264.7070","0.9477","11.5058"
"264.7270","0.9474","11.5184"
"264.7470","0.9470","11.4903"
"264.7670","0.9466","11.4320"
"264.7870","0.9463","11.4564"
"264.8070","0.9459","11.4664"
"264.8270","0.9456","11.4789"
"264.8470","0.9453","11.5106"
"264.8670","0.9450","11.4468"
"264.8870","0.9447","11.4358"
"264.9070","0.9443","11.4062"
"264.9270","0.9440","11.3675"
"264.9470","0.9435","11.3979"
"264.9670","0.9431","11.3997"
"264.9870","0.9428","11.3515"
"265.0070","0.9425","11.3717"
"265.0270","0.9422","11.3687"
"265.0470","0.9419","11.3037"
"265.0670","0.9416","11.3311"
"265.0870","0.9413","11.3450"
"265.1070","0.9409","11.3283"
"265.1270","0.9406","11.3355"
"265.1470","0.9402","11.4402"
"265.1670","0.9399","11.4315"
"265.1870","0.9397","11.3851"
"265.2070","0.9394","11.3749"
"265.2270","0.9390","11.3751"
"265.2470","0.9387","11.3766"
"265.2670","0.9382","11.3445"
"265.2870","0.9378","11.3757"
"265.3070","0.9374","11.3184"
"265.3270","0.9371","11.3755"
"265.3470","0.9368","11.4469"
"265.3670","0.9366","11.4129"
"265.3870","0.9364","11.3442"
"265.4070","0.9361","11.2258"
"265.4270","0.9357","11.2046"
"265.4470","0.9354","11.2515"
"265.4670","0.9350","11.3800"
"265.4870","0.9346","11.3663"
"265.5070","0.9343","11.3422"
"265.5270","0.9340","11.2958"
"265.5470","0.9337","11.2987"
"265.5670","0.9334","11.2993"
"265.5870","0.9331","11.2322"
"265.6070","0.9327","11.1490"
"265.6270","0.9322","11.1903"
"265.6470","0.9318","11.3275"
"265.6670","0.9314","11.3208"
"265.6870","0.9311","11.2549"
"265.7070","0.9308","11.1882"
"265.7270","0.9305","11.2093"
"265.7470","0.9303","11.2830"
"265.7670","0.9299","11.3020"
"265.7870","0.9296","11.3026"
"265.8070","0.9292","11.2700"
"265.8270","0.9289","11.2271"
"265.8470","0.9286","11.1540"
"265.8670","0.9283","11.1237"
"265.8870","0.9280","11.1126"
"265.9070","0.9277","11.0795"
"265.9270","0.9273","11.1227"
"265.9470","0.9269","11.1456"
"265.9670","0.9265","11.1424"
"265.9870","0.9261","11.1369"
"266.0070","0.9257","11.0521"
"266.0270","0.9254","11.0476"
"266.0470","0.9252","11.0805"
"266.0670","0.9250","11.1496"
"266.0870","0.9247","11.1733"
"266.1070","0.9244","11.1240"
"266.1270","0.9241","11.1306"
"266.1470","0.9237","11.1189"
"266.1670","0.9233","11.1015"
"266.1870","0.9229","11.0681"
"266.2070","0.9226","11.0724"
"266.2270","0.9223","11.1390"
"266.2470","0.9221","11.1081"
"266.2670","0.9217","11.1165"
"266.2870","0.9214","11.1540"
"266.3070","0.9210","11.1456"
"266.3270","0.9205","11.0767"
"266.3470","0.9201","11.1016"
"266.3670","0.9197","11.0715"
"266.3870","0.9194","10.9701"
"266.4070","0.9192","10.9979"
"266.4270","0.9189","11.0194"
"266.4470","0.9186","11.0254"
"266.4670","0.9183","11.0103"
"266.4870","0.9179","11.0033"
"266.5070","0.9176","11.1155"
"266.5270","0.9173","11.0998"
"266.5470","0.9170","11.0145"
"266.5670","0.9167","11.0280"
"266.5870","0.9164","11.0047"
"266.6070","0.9161","11.0609"
"266.6270","0.9157","11.0222"
"266.6470","0.9153","10.9526"
"266.6670","0.9148","10.9205"
"266.6870","0.9144","10.9722"
"266.7070","0.9141","11.0423"
"266.7270","0.9138","11.0089"
"266.7470","0.9136","10.9997"
"266.7670","0.9134","10.9574"
"266.7870","0.9131","10.9385"
"266.8070","0.9127","10.8813"
"266.8270","0.9123","10.9430"
"266.8470","0.9119","11.0423"
"266.8670","0.9116","10.9980"
"266.8870","0.9112","10.9989"
"266.9070","0.9110","10.9737"
"266.9270","0.9107","10.9086"
"266.9470","0.9104","10.8680"
"266.9670","0.9101","10.8984"
"266.9870","0.9097","10.8853"
"267.0070","0.9093","10.8732"
"267.0270","0.9088","10.9077"
"267.0470","0.9084","10.8112"
"267.0670","0.9081","10.8318"
"267.0870","0.9078","10.8270"
"267.1070","0.9075","10.8246"
"267.1270","0.9072","10.8451"
"267.1470","0.9069","10.8412"
"267.1670","0.9066","10.7967"
"267.1870","0.9062","10.7668"
"267.2070","0.9059","10.7536"
"267.2270","0.9056","10.7495"
"267.2470","0.9053","10.8392"
"267.2670","0.9050","10.8154"
"267.2870","0.9047","10.7710"
"267.3070","0.9044","10.8476"
"267.3270","0.9040","10.7789"
"267.3470","0.9035","10.7266"
"267.3670","0.9031","10.7010"
"267.3870","0.9027","10.7199"
"267.4070","0.9025","10.8279"
"267.4270","0.9022","10.7795"
"267.4470","0.9020","10.7091"
"267.4670","0.9017","10.6796"
"267.4870","0.9014","10.7466"
"267.5070","0.9010","10.8057"
"267.5270","0.9007","10.8148"
"267.5470","0.9003","10.7629"
"267.5670","0.8999","10.7648"
"267.5870","0.8996","10.8130"
"267.6070","0.8993","10.7946"
"267.6270","0.8990","10.7970"
"267.6470","0.8987","10.7279"
"267.6670","0.8984","10.6170"
"267.6870","0.8980","10.4948"
"267.7070","0.8976","10.5000"
"267.7270","0.8972","10.5749"
"267.7470","0.8968","10.6402"
"267.7670","0.8965","10.6868"
"267.7870","0.8962","10.6621"
"267.8070","0.8959","10.6434"
"267.8270","0.8956","10.6804"
"267.8470","0.8953","10.6339"
"267.8670","0.8949","10.6361"
"267.8870","0.8945","10.5787"
"267.9070","0.8942","10.6190"
"267.9270","0.8940","10.7087"
"267.9470","0.8937","10.6854"
"267.9670","0.8934","10.5972"
"267.9870","0.8931","10.5672"
"268.0070","0.8927","10.5829"
"268.0270","0.8922","10.5830"
"268.0470","0.8918","10.5661"
"268.0670","0.8914","10.5332"
"268.0870","0.8911","10.4986"
"268.1070","0.8908","10.5387"
"268.1270","0.8906","10.5222"
"268.1470","0.8904","10.4860"
"268.1670","0.8901","10.5469"
"268.1870","0.8897","10.5955"
"268.2070","0.8894","10.5670"
"268.2270","0.8890","10.5338"
"268.2470","0.8886","10.4987"
"268.2670","0.8883","10.5585"
"268.2870","0.8880","10.5496"
"268.3070","0.8877","10.5723"
"268.3270","0.8874","10.4010"
"268.3470","0.8871","10.4286"
"268.3670","0.8867","10.5337"
"268.3870","0.8863","10.5254"
"268.4070","0.8858","10.4574"
"268.4270","0.8854","10.3678"
"268.4470","0.8851","10.3912"
"268.4670","0.8848","10.3973"
"268.4870","0.8845","10.4161"
"268.5070","0.8842","10.3291"
"268.5270","0.8839","10.3246"
"268.5470","0.8836","10.2917"
"268.5670","0.8832","10.3199"
"268.5870","0.8829","10.3933"
"268.6070","0.8826","10.4573"
"268.6270","0.8824","10.4599"
"268.6470","0.8821","10.4564"
"268.6670","0.8818","10.4174"
"268.6870","0.8814","10.2607"
"268.7070","0.8810","10.3096"
"268.7270","0.8805","10.3682"
"268.7470","0.8801","10.4158"
"268.7670","0.8797","10.3691"
"268.7870","0.8795","10.4057"
"268.8070","0.8792","10.4009"
"268.8270","0.8790","10.4830"
"268.8470","0.8787","10.3965"
"268.8670","0.8784","10.2490"
"268.8870","0.8780","10.2276"
"268.9070","0.8776","10.2554"
"268.9270","0.8772","10.2614"
"268.9470","0.8769","10.2315"
"268.9670","0.8766","10.2262"
"268.9870","0.8763","10.2212"
"269.0070","0.8760","10.1764"
"269.0270","0.8757","10.2319"
"269.0470","0.8754","10.2516"
"269.0670","0.8750","10.2184"
"269.0870","0.8746","10.1907"
"269.1070","0.8742","10.1367"
"269.1270","0.8738","10.2033"
"269.1470","0.8735","10.1768"
"269.1670","0.8732","10.1455"
"269.1870","0.8729","10.2085"
"269.2070","0.8725","10.2396"
"269.2270","0.8722","10.2654"
"269.2470","0.8718","10.2371"
"269.2670","0.8715","10.2629"
"269.2870","0.8712","10.2373"
"269.3070","0.8710","10.2589"
"269.3270","0.8707","10.2538"
"269.3470","0.8704","10.1924"
"269.3670","0.8701","10.1747"
"269.3870","0.8697","10.1969"
"269.4070","0.8692","10.2412"
"269.4270","0.8687","10.1362"
"269.4470","0.8684","10.1037"
"269.4670","0.8681","10.1399"
"269.4870","0.8678","10.1377"
"269.5070","0.8676","10.1316"
"269.5270","0.8673","10.1797"
"269.5470","0.8670","10.1530"
"269.5670","0.8667","10.0943"
"269.5870","0.8663","9.9909"
"269.6070","0.8659","10.0455"
"269.6270","0.8656","10.1115"
"269.6470","0.8653","10.1109"
"269.6670","0.8650","10.1058"
"269.6870","0.8647","10.2545"
"269.7070","0.8644","10.1664"
"269.7270","0.8641","10.0884"
"269.7470","0.8637","10.1126"
"269.7670","0.8633","10.0988"
"269.7870","0.8629","10.0634"
"269.8070","0.8625","10.0139"
"269.8270","0.8622","10.0533"
"269.8470","0.8619","10.0383"
"269.8670","0.8616","10.0060"
"269.8870","0.8612","10.0942"
"269.9070","0.8609","10.1331"
"269.9270","0.8605","10.1045"
"269.9470","0.8602","9.9989"
"269.9670","0.8599","9.9612"
"269.9870","0.8596","9.9243"
"270.0070","0.8594","10.0579"
"270.0270","0.8591","10.0821"
"270.0470","0.8587","10.0592"
"270.0670","0.8584","9.9878"
"270.0870","0.8579","9.9767"
"270.1070","0.8575","10.0262"
"270.1270","0.8570","9.9917"
"270.1470","0.8567","10.0012"
"270.1670","0.8565","9.9384"
"270.1870","0.8562","9.9724"
"270.2070","0.8560","9.9487"
"270.2270","0.8557","9.9350"
"270.2470","0.8554","9.9733"
"270.2670","0.8550","9.9556"
"270.2870","0.8546","9.8190"
"270.3070","0.8542","9.9104"
"270.3270","0.8539","9.9263"
"270.3470","0.8536","9.9203"
"270.3670","0.8534","9.9362"
"270.3870","0.8531","9.9799"
"270.4070","0.8528","9.9425"
"270.4270","0.8524","9.9886"
"270.4470","0.8520","9.9870"
"270.4670","0.8516","9.8683"
"270.4870","0.8512","9.8944"
"270.5070","0.8508","9.8918"
"270.5270","0.8505","9.8776"
"270.5470","0.8502","9.8429"
"270.5670","0.8499","9.7686"
"270.5870","0.8496","9.8018"
"270.6070","0.8492","9.8585"
"270.6270","0.8489","9.8225"
"270.6470","0.8485","9.7704"
"270.6670","0.8483","9.8273"
"270.6870","0.8480","9.8633"
"270.7070","0.8477","9.7746"
"270.7270","0.8474","9.7919"
"270.7470","0.8471","9.8698"
"270.7670","0.8466","9.8715"
"270.7870","0.8462","9.7874"
"270.8070","0.8457","9.7680"
"270.8270","0.8454","9.7339"
"270.8470","0.8451","9.7738"
"270.8670","0.8449","9.7786"
"270.8870","0.8447","9.7757"
"270.9070","0.8444","9.7335"
"270.9270","0.8441","9.7309"
"270.9470","0.8437","9.6823"
"270.9670","0.8433","9.7627"
"270.9870","0.8429","9.8012"
"271.0070","0.8426","9.7875"
"271.0270","0.8423","9.7645"
"271.0470","0.8420","9.7898"
"271.0670","0.8417","9.8640"
"271.0870","0.8414","9.7878"
"271.1070","0.8411","9.7117"
"271.1270","0.8407","9.6390"
"271.1470","0.8403","9.6800"
"271.1670","0.8399","9.7018"
"271.1870","0.8395","9.6938"
"271.2070","0.8392","9.6062"
"271.2270","0.8389","9.5575"
"271.2470","0.8386","9.5890"
"271.2670","0.8383","9.6474"
"271.2870","0.8379","9.6512"
"271.3070","0.8376","9.6743"
"271.3270","0.8372","9.6904"
"271.3470","0.8369","9.6551"
"271.3670","0.8366","9.5299"
"271.3870","0.8364","9.5373"
"271.4070","0.8361","9.6179"
"271.4270","0.8358","9.5948"
"271.4470","0.8354","9.6030"
"271.4670","0.8349","9.6185"
"271.4870","0.8345","9.6289"
"271.5070","0.8341","9.5939"
"271.5270","0.8338","9.6267"
"271.5470","0.8335","9.5797"
"271.5670","0.8333","9.5727"
"271.5870","0.8330","9.5726"
"271.6070","0.8327","9.5468"
"271.6270","0.8324","9.5064"
"271.6470","0.8320","9.4538"
"271.6670","0.8316","9.4141"
"271.6870","0.8312","9.4922"
"271.7070","0.8309","9.5345"
"271.7270","0.8306","9.5030"
"271.7470","0.8304","9.4549"
"271.7670","0.8301","9.4754"
"271.7870","0.8298","9.4821"
"271.8070","0.8294","9.5461"
"271.8270","0.8290","9.5466"
"271.8470","0.8285","9.5100"
"271.8670","0.8281","9.4941"
"271.8870","0.8278","9.3937"
"271.9070","0.8275","9.4334"
"271.9270","0.8272","9.4184"
"271.9470","0.8269","9.4180"
"271.9670","0.8266","9.3499"
"271.9870","0.8263","9.3514"
"272.0070","0.8259","9.3729"
"272.0270","0.8256","9.4347"
"272.0470","0.8253","9.4047"
"272.0670","0.8250","9.3935"
"272.0870","0.8247","9.4011"
"272.1070","0.8244","9.3918"
"272.1270","0.8241","9.4396"
"272.1470","0.8236","9.3917"
"272.1670","0.8232","9.3547"
"272.1870","0.8227","9.3534"
"272.2070","0.8224","9.3897"
"272.2270","0.8221","9.3721"
"272.2470","0.8219","9.2753"
"272.2670","0.8217","9.3243"
"272.2870","0.8214","9.3283"
"272.3070","0.8210","9.4115"
"272.3270","0.8207","9.3396"
"272.3470","0.8203","9.2699"
"272.3670","0.8199","9.2805"
"272.3870","0.8195","9.3530"
"272.4070","0.8192","9.3344"
"272.4270","0.8190","9.3227"
"272.4470","0.8187","9.2951"
"272.4670","0.8184","9.3088"
"272.4870","0.8180","9.2245"
"272.5070","0.8176","9.2250"
"272.5270","0.8172","9.2686"
"272.5470","0.8168","9.3116"
"272.5670","0.8164","9.3667"
"272.5870","0.8161","9.3702"
"272.6070","0.8158","9.3414"
"272.6270","0.8156","9.2987"
"272.6470","0.8152","9.2171"
"272.6670","0.8149","9.2881"
"272.6870","0.8145","9.3456"
"272.7070","0.8142","9.3290"
"272.7270","0.8139","9.2674"
"272.7470","0.8136","9.2632"
"272.7670","0.8134","9.2416"
"272.7870","0.8131","9.2242"
"272.8070","0.8127","9.2323"
"272.8270","0.8123","9.1789"
"272.8470","0.8118","9.1167"
"272.8670","0.8113","9.2049"
"272.8870","0.8110","9.2162"
"272.9070","0.8107","9.1572"
"272.9270","0.8105","9.1633"
"272.9470","0.8103","9.1391"
"272.9670","0.8100","9.1234"
"272.9870","0.8097","9.1143"
"273.0070","0.8094","9.1759"
"273.0270","0.8090","9.1605"
"273.0470","0.8086","9.1245"
"273.0670","0.8082","9.0737"
"273.0870","0.8079","9.1774"
"273.1070","0.8076","9.1926"
"273.1270","0.8073","9.2057"
"273.1470","0.8070","9.1645"
"273.1670","0.8067","9.1255"
"273.1870","0.8063","9.1444"
"273.2070","0.8059","9.1418"
"273.2270","0.8055","9.1724"
"273.2470","0.8051","9.1338"
"273.2670","0.8048","9.1084"
"273.2870","0.8045","9.0058"
"273.3070","0.8042","9.0365"
"273.3270","0.8039","9.0107"
"273.3470","0.8036","8.9835"
"273.3670","0.8033","9.0506"
"273.3870","0.8029","9.0867"
"273.4070","0.8026","9.0502"
"273.4270","0.8023","8.9792"
"273.4470","0.8020","9.0011"
"273.4670","0.8018","8.9187"
"273.4870","0.8014","9.0056"
"273.5070","0.8010","9.0304"
"273.5270","0.8006","8.9509"
"273.5470","0.8001","8.9228"
"273.5670","0.7997","8.9562"
"273.5870","0.7994","9.0165"
"273.6070","0.7992","8.9800"
"273.6270","0.7990","8.9425"
"273.6470","0.7987","8.9280"
"273.6670","0.7984","8.9888"
"273.6870","0.7981","8.9449"
"273.7070","0.7977","8.9294"
"273.7270","0.7973","9.0111"
"273.7470","0.7969","8.9830"
"273.7670","0.7966","8.8994"
"273.7870","0.7963","8.9096"
"273.8070","0.7960","8.9177"
"273.8270","0.7957","8.9956"
"273.8470","0.7954","8.9730"
"273.8670","0.7950","8.8605"
"273.8870","0.7946","8.8329"
"273.9070","0.7942","8.9114"
"273.9270","0.7938","8.8748"
"273.9470","0.7935","8.8381"
"273.9670","0.7932","8.9061"
"273.9870","0.7929","8.9088"
"274.0070","0.7926","8.8149"
"274.0270","0.7923","8.8053"
"274.0470","0.7919","8.7519"
"274.0670","0.7916","8.7691"
"274.0870","0.7913","8.8567"
"274.1070","0.7910","8.8267"
"274.1270","0.7907","8.8704"
"274.1470","0.7904","8.7699"
"274.1670","0.7901","8.7852"
"274.1870","0.7898","8.8144"
"274.2070","0.7893","8.8163"
"274.2270","0.7889","8.8499"
"274.2470","0.7884","8.7925"
"274.2670","0.7880","8.7396"
"274.2870","0.7877","8.7479"
"274.3070","0.7875","8.7806"
"274.3270","0.7873","8.8183"
"274.3470","0.7870","8.8168"
"274.3670","0.7867","8.7766"
"274.3870","0.7864","8.7816"
"274.4070","0.7860","8.7595"
"274.4270","0.7856","8.8000"
"274.4470","0.7852","8.8015"
"274.4670","0.7849","8.7823"
"274.4870","0.7846","8.7605"
"274.5070","0.7843","8.7160"
"274.5270","0.7840","8.7408"
"274.5470","0.7837","8.7024"
"274.5670","0.7833","8.6994"
"274.5870","0.7829","8.6854"
"274.6070","0.7825","8.7074"
"274.6270","0.7821","8.7597"
"274.6470","0.7818","8.7087"
"274.6670","0.7815","8.7152"
"274.6870","0.7812","8.5719"
"274.7070","0.7809","8.6016"
"274.7270","0.7806","8.6571"
"274.7470","0.7803","8.6092"
"274.7670","0.7799","8.6037"
"274.7870","0.7796","8.6772"
"274.8070","0.7793","8.6326"
"274.8270","0.7790","8.5584"
"274.8470","0.7787","8.6172"
"274.8670","0.7784","8.6719"
"274.8870","0.7780","8.6221"
"274.9070","0.7776","8.5804"
"274.9270","0.7771","8.6126"
"274.9470","0.7767","8.5853"
"274.9670","0.7764","8.6025"
"274.9870","0.7762","8.5908"
"275.0070","0.7759","8.5975"
"275.0270","0.7757","8.6094"
"275.0470","0.7754","8.5962"
"275.0670","0.7751","8.6486"
"275.0870","0.7747","8.6918"
"275.1070","0.7743","8.6464"
"275.1270","0.7739","8.5040"
"275.1470","0.7736","8.5114"
"275.1670","0.7733","8.5402"
"275.1870","0.7730","8.5185"
"275.2070","0.7727","8.4701"
"275.2270","0.7724","8.5380"
"275.2470","0.7720","8.5238"
"275.2670","0.7716","8.4902"
"275.2870","0.7712","8.4459"
"275.3070","0.7708","8.3987"
"275.3270","0.7705","8.4430"
"275.3470","0.7702","8.4736"
"275.3670","0.7699","8.5418"
"275.3870","0.7696","8.4798"
"275.4070","0.7693","8.4459"
"275.4270","0.7689","8.4891"
"275.4470","0.7686","8.5490"
"275.4670","0.7682","8.5322"
"275.4870","0.7679","8.5197"
"275.5070","0.7677","8.5404"
"275.5270","0.7674","8.5085"
"275.5470","0.7671","8.5200"
"275.5670","0.7667","8.4994"
"275.5870","0.7663","8.3963"
"275.6070","0.7659","8.3800"
"275.6270","0.7654","8.3801"
"275.6470","0.7650","8.3753"
"275.6670","0.7647","8.4560"
"275.6870","0.7645","8.3954"
"275.7070","0.7643","8.3652"
"275.7270","0.7641","8.3803"
"275.7470","0.7637","8.3452"
"275.7670","0.7634","8.3247"
"275.7870","0.7630","8.3267"
"275.8070","0.7626","8.3407"
"275.8270","0.7622","8.2728"
"275.8470","0.7619","8.3120"
"275.8670","0.7616","8.3464"
"275.8870","0.7614","8.3207"
"275.9070","0.7611","8.3691"
"275.9270","0.7607","8.3608"
"275.9470","0.7603","8.2375"
"275.9670","0.7599","8.1822"
"275.9870","0.7595","8.2887"
"276.0070","0.7591","8.2633"
"276.0270","0.7588","8.3085"
"276.0470","0.7585","8.3407"
"276.0670","0.7582","8.3468"
"276.0870","0.7579","8.3080"
"276.1070","0.7576","8.2884"
"276.1270","0.7572","8.2629"
"276.1470","0.7569","8.2448"
"276.1670","0.7566","8.2459"
"276.1870","0.7563","8.2028"
"276.2070","0.7560","8.2558"
"276.2270","0.7557","8.2549"
"276.2470","0.7554","8.2355"
"276.2670","0.7550","8.2182"
"276.2870","0.7546","8.2386"
"276.3070","0.7541","8.2327"
"276.3270","0.7537","8.1960"
"276.3470","0.7534","8.1167"
"276.3670","0.7532","8.1831"
"276.3870","0.7529","8.1862"
"276.4070","0.7527","8.1543"
"276.4270","0.7524","8.0956"
"276.4470","0.7520","8.0993"
"276.4670","0.7516","8.1244"
"276.4870","0.7512","8.1447"
"276.5070","0.7509","8.1533"
"276.5270","0.7505","8.1777"
"276.5470","0.7502","8.1046"
"276.5670","0.7500","8.0346"
"276.5870","0.7497","8.0829"
"276.6070","0.7494","8.1460"
"276.6270","0.7490","8.1257"
"276.6470","0.7486","8.0415"
"276.6670","0.7482","8.0745"
"276.6870","0.7478","8.0875"
"276.7070","0.7475","8.0335"
"276.7270","0.7472","8.0716"
"276.7470","0.7469","8.1237"
"276.7670","0.7466","8.1259"
"276.7870","0.7463","8.0929"
"276.8070","0.7459","8.0540"
"276.8270","0.7456","8.0968"
"276.8470","0.7452","8.0380"
"276.8670","0.7449","7.9719"
"276.8870","0.7446","8.0240"
"276.9070","0.7444","8.0328"
"276.9270","0.7441","7.9923"
"276.9470","0.7437","8.0428"
"276.9670","0.7433","8.0126"
"276.9870","0.7428","7.9902"
"277.0070","0.7424","7.9574"
"277.0270","0.7420","7.8908"
"277.0470","0.7418","7.9350"
"277.0670","0.7416","7.9760"
"277.0870","0.7413","7.9963"
"277.1070","0.7410","7.9904"
"277.1270","0.7407","7.8939"
"277.1470","0.7403","7.9261"
"277.1670","0.7400","8.0216"
"277.1870","0.7396","7.9428"
"277.2070","0.7392","7.8903"
"277.2270","0.7389","7.8818"
"277.2470","0.7386","7.9015"
"277.2670","0.7383","7.9145"
"277.2870","0.7380","7.8844"
"277.3070","0.7377","7.9114"
"277.3270","0.7373","7.9227"
"277.3470","0.7369","7.9144"
"277.3670","0.7365","7.8580"
"277.3870","0.7361","7.8446"
"277.4070","0.7358","7.8626"
"277.4270","0.7355","7.9426"
"277.4470","0.7352","7.9682"
"277.4670","0.7349","7.8790"
"277.4870","0.7346","7.8001"
"277.5070","0.7342","7.7341"
"277.5270","0.7339","7.8016"
"277.5470","0.7336","7.8961"
"277.5670","0.7333","7.8834"
"277.5870","0.7330","7.8698"
"277.6070","0.7327","7.7988"
"277.6270","0.7324","7.8182"
"277.6470","0.7320","7.8553"
"277.6670","0.7316","7.8467"
"277.6870","0.7311","7.7291"
"277.7070","0.7307","7.6943"
"277.7270","0.7304","7.7096"
"277.7470","0.7302","7.7810"
"277.7670","0.7300","7.7886"
"277.7870","0.7297","7.7630"
"277.8070","0.7294","7.8042"
"277.8270","0.7291","7.8796"
"277.8470","0.7287","7.8727"
"277.8670","0.7283","7.8636"
"277.8870","0.7279","7.8272"
"277.9070","0.7276","7.8741"
"277.9270","0.7273","7.8445"
"277.9470","0.7270","7.8313"
"277.9670","0.7267","7.7479"
"277.9870","0.7264","7.7242"
"278.0070","0.7260","7.6895"
"278.0270","0.7256","7.7469"
"278.0470","0.7252","7.7457"
"278.0670","0.7248","7.7282"
"278.0870","0.7245","7.7725"
"278.1070","0.7242","7.7900"
"278.1270","0.7239","7.7321"
"278.1470","0.7236","7.6715"
"278.1670","0.7233","7.7030"
"278.1870","0.7229","7.6816"
"278.2070","0.7226","7.6593"
"278.2270","0.7222","7.6903"
"278.2470","0.7219","7.7592"
"278.2670","0.7216","7.6826"
"278.2870","0.7214","7.5923"
"278.3070","0.7211","7.6014"
"278.3270","0.7207","7.6872"
"278.3470","0.7203","7.6661"
"278.3670","0.7199","7.5849"
"278.3870","0.7194","7.6053"
"278.4070","0.7191","7.6222"
"278.4270","0.7188","7.6882"
"278.4470","0.7186","7.7216"
"278.4670","0.7183","7.7387"
"278.4870","0.7181","7.6465"
"278.5070","0.7177","7.6189"
"278.5270","0.7174","7.6211"
"278.5470","0.7170","7.6400"
"278.5670","0.7166","7.5899"
"278.5870","0.7162","7.6042"
"278.6070","0.7159","7.6039"
"278.6270","0.7156","7.4983"
"278.6470","0.7153","7.4777"
"278.6670","0.7150","7.5283"
"278.6870","0.7147","7.5774"
"278.7070","0.7143","7.5250"
"278.7270","0.7139","7.5934"
"278.7470","0.7135","7.6189"
"278.7670","0.7131","7.5577"
"278.7870","0.7128","7.5208"
"278.8070","0.7125","7.5498"
"278.8270","0.7123","7.6168"
"278.8470","0.7120","7.5919"
"278.8670","0.7116","7.6081"
"278.8870","0.7113","7.5250"
"278.9070","0.7109","7.4480"
"278.9270","0.7106","7.4892"
"278.9470","0.7103","7.5097"
"278.9670","0.7100","7.4924"
"278.9870","0.7098","7.4318"
"279.0070","0.7094","7.4794"
"279.0270","0.7090","7.4506"
"279.0470","0.7086","7.4620"
"279.0670","0.7081","7.3899"
"279.0870","0.7078","7.3788"
"279.1070","0.7075","7.4465"
"279.1270","0.7072","7.4235"
"279.1470","0.7070","7.3705"
"279.1670","0.7067","7.3578"
"279.1870","0.7064","7.4210"
"279.2070","0.7061","7.5520"
"279.2270","0.7057","7.5001"
"279.2470","0.7053","7.3779"
"279.2670","0.7049","7.2476"
"279.2870","0.7046","7.2935"
"279.3070","0.7043","7.3840"
"279.3270","0.7040","7.3920"
"279.3470","0.7037","7.3616"
"279.3670","0.7034","7.3407"
"279.3870","0.7030","7.3015"
"279.4070","0.7026","7.3279"
"279.4270","0.7022","7.3554"
"279.4470","0.7018","7.3054"
"279.4670","0.7015","7.2429"
"279.4870","0.7012","7.1683"
"279.5070","0.7009","7.1988"
"279.5270","0.7006","7.2961"
"279.5470","0.7003","7.3546"
"279.5670","0.6999","7.4018"
"279.5870","0.6996","7.3309"
"279.6070","0.6992","7.3138"
"279.6270","0.6989","7.3457"
"279.6470","0.6986","7.2879"
"279.6670","0.6984","7.2529"
"279.6870","0.6980","7.2741"
"279.7070","0.6977","7.2005"
"279.7270","0.6972","7.2541"
"279.7470","0.6968","7.2995"
"279.7670","0.6964","7.2695"
"279.7870","0.6961","7.3151"
"279.8070","0.6958","7.2830"
"279.8270","0.6956","7.2394"
"279.8470","0.6953","7.1694"
"279.8670","0.6951","7.1468"
"279.8870","0.6947","7.1658"
"279.9070","0.6944","7.1254"
"279.9270","0.6940","7.2566"
"279.9470","0.6936","7.2452"
"279.9670","0.6933","7.1320"
"279.9870","0.6929","7.1234"
"280.0070","0.6927","7.2164"
"280.0270","0.6924","7.2519"
"280.0470","0.6921","7.2173"
"280.0670","0.6917","7.1715"
"280.0870","0.6913","7.2778"
"280.1070","0.6908","7.2742"
"280.1270","0.6904","7.1580"
"280.1470","0.6901","7.0638"
"280.1670","0.6898","7.1280"
"280.1870","0.6895","7.1706"
"280.2070","0.6893","7.1275"
"280.2270","0.6889","7.0486"
"280.2470","0.6886","7.0124"
"280.2670","0.6882","7.0924"
"280.2870","0.6879","7.1678"
"280.3070","0.6876","7.1370"
"280.3270","0.6873","7.0901"
"280.3470","0.6870","7.0414"
"280.3670","0.6867","7.0408"
"280.3870","0.6863","7.0103"
"280.4070","0.6860","7.1081"
"280.4270","0.6855","7.0786"
"280.4470","0.6851","7.0541"
"280.4670","0.6847","7.0332"
"280.4870","0.6844","7.0306"
"280.5070","0.6842","7.0553"
"280.5270","0.6840","7.1125"
"280.5470","0.6837","7.0285"
"280.5670","0.6834","6.9680"
"280.5870","0.6831","7.0277"
"280.6070","0.6827","7.0860"
"280.6270","0.6823","7.0452"
"280.6470","0.6819","7.0856"
"280.6670","0.6816","7.0852"
"280.6870","0.6813","7.0169"
"280.7070","0.6810","6.9219"
"280.7270","0.6807","6.9345"
"280.7470","0.6804","6.9139"
"280.7670","0.6800","6.8843"
"280.7870","0.6795","6.9433"
"280.8070","0.6791","7.0102"
"280.8270","0.6788","6.9177"
"280.8470","0.6784","6.8797"
"280.8670","0.6782","6.8535"
"280.8870","0.6779","6.9865"
"280.9070","0.6776","6.9680"
"280.9270","0.6773","6.9132"
"280.9470","0.6769","6.8679"
"280.9670","0.6766","6.9265"
"280.9870","0.6762","6.9962"
"281.0070","0.6759","6.9352"
"281.0270","0.6757","6.9148"
"281.0470","0.6754","6.8931"
"281.0670","0.6750","6.8633"
"281.0870","0.6747","6.8135"
"281.1070","0.6743","6.9366"
"281.1270","0.6738","6.9604"
"281.1470","0.6734","6.8804"
"281.1670","0.6731","6.8859"
"281.1870","0.6728","6.8502"
"281.2070","0.6726","6.8597"
"281.2270","0.6724","6.8441"
"281.2470","0.6721","6.8290"
"281.2670","0.6717","6.7987"
"281.2870","0.6714","6.8326"
"281.3070","0.6710","6.7995"
"281.3270","0.6706","6.8491"
"281.3470","0.6703","6.8052"
"281.3670","0.6700","6.7536"
"281.3870","0.6697","6.7586"
"281.4070","0.6694","6.8210"
"281.4270","0.6691","6.8274"
"281.4470","0.6687","6.8241"
"281.4670","0.6683","6.7512"
"281.4870","0.6679","6.7517"
"281.5070","0.6675","6.7297"
"281.5270","0.6671","6.7485"
"281.5470","0.6668","6.6884"
"281.5670","0.6665","6.6932"
"281.5870","0.6662","6.7403"
"281.6070","0.6659","6.7203"
"281.6270","0.6656","6.7505"
"281.6470","0.6653","6.7241"
"281.6670","0.6649","6.7472"
"281.6870","0.6646","6.7262"
"281.7070","0.6643","6.6685"
"281.7270","0.6640","6.6064"
"281.7470","0.6637","6.6484"
"281.7670","0.6634","6.6885"
"281.7870","0.6630","6.6995"
"281.8070","0.6625","6.6435"
"281.8270","0.6621","6.6467"
"281.8470","0.6617","6.7197"
"281.8670","0.6614","6.6401"
"281.8870","0.6612","6.6418"
"281.9070","0.6610","6.6496"
"281.9270","0.6607","6.6168"
"281.9470","0.6604","6.6563"
"281.9670","0.6600","6.6624"
"281.9870","0.6597","6.6488"
"282.0070","0.6593","6.6296"
"282.0270","0.6589","6.5933"
"282.0470","0.6586","6.6842"
"282.0670","0.6583","6.6455"
"282.0870","0.6580","6.5550"
"282.1070","0.6577","6.5968"
"282.1270","0.6574","6.5895"
"282.1470","0.6570","6.6078"
"282.1670","0.6566","6.5970"
"282.1870","0.6562","6.5648"
"282.2070","0.6558","6.5290"
"282.2270","0.6555","6.4818"
"282.2470","0.6552","6.4333"
"282.2670","0.6549","6.5116"
"282.2870","0.6546","6.5037"
"282.3070","0.6542","6.5254"
"282.3270","0.6539","6.5294"
"282.3470","0.6535","6.3847"
"282.3670","0.6532","6.4443"
"282.3870","0.6529","6.4417"
"282.4070","0.6527","6.4540"
"282.4270","0.6524","6.4085"
"282.4470","0.6521","6.4241"
"282.4670","0.6517","6.4327"
"282.4870","0.6512","6.3469"
"282.5070","0.6508","6.3575"
"282.5270","0.6504","6.3593"
"282.5470","0.6501","6.4038"
"282.5670","0.6498","6.4879"
"282.5870","0.6496","6.4503"
"282.6070","0.6493","6.4673"
"282.6270","0.6491","6.4778"
"282.6470","0.6487","6.4848"
"282.6670","0.6484","6.4002"
"282.6870","0.6480","6.4114"
"282.7070","0.6476","6.4421"
"282.7270","0.6473","6.4900"
"282.7470","0.6470","6.4241"
"282.7670","0.6467","6.3966"
"282.7870","0.6464","6.3487"
"282.8070","0.6461","6.2790"
"282.8270","0.6457","6.3703"
"282.8470","0.6453","6.3941"
"282.8670","0.6449","6.4161"
"282.8870","0.6444","6.3288"
"282.9070","0.6441","6.2789"
"282.9270","0.6438","6.2180"
"282.9470","0.6435","6.3372"
"282.9670","0.6432","6.3776"
"282.9870","0.6429","6.3510"
"283.0070","0.6425","6.3606"
"283.0270","0.6422","6.3750"
"283.0470","0.6419","6.3483"
"283.0670","0.6416","6.2650"
"283.0870","0.6413","6.2440"
"283.1070","0.6411","6.2140"
"283.1270","0.6408","6.2245"
"283.1470","0.6404","6.2322"
"283.1670","0.6400","6.2400"
"283.1870","0.6395","6.2091"
"283.2070","0.6391","6.2499"
"283.2270","0.6387","6.3185"
"283.2470","0.6384","6.3008"
"283.2670","0.6382","6.1696"
"283.2870","0.6380","6.0668"
"283.3070","0.6377","6.1816"
"283.3270","0.6374","6.2574"
"283.3470","0.6370","6.2631"
"283.3670","0.6366","6.2733"
"283.3870","0.6362","6.1605"
"283.4070","0.6359","6.1170"
"283.4270","0.6356","6.1501"
"283.4470","0.6353","6.2564"
"283.4670","0.6350","6.2282"
"283.4870","0.6347","6.1821"
"283.5070","0.6344","6.1703"
"283.5270","0.6340","6.2025"
"283.5470","0.6336","6.1907"
"283.5670","0.6332","6.1399"
"283.5870","0.6328","6.1676"
"283.6070","0.6325","6.1815"
"283.6270","0.6322","6.1224"
"283.6470","0.6319","6.0996"
"283.6670","0.6315","6.1311"
"283.6870","0.6312","6.1250"
"283.7070","0.6308","6.1344"
"283.7270","0.6305","6.1056"
"283.7470","0.6302","6.1686"
"283.7670","0.6299","6.1068"
"283.7870","0.6297","6.0394"
"283.8070","0.6294","6.0325"
"283.8270","0.6291","6.0746"
"283.8470","0.6287","6.0650"
"283.8670","0.6283","6.0721"
"283.8870","0.6278","6.0908"
"283.9070","0.6274","6.0960"
"283.9270","0.6271","6.0790"
"283.9470","0.6268","6.1026"
"283.9670","0.6266","5.9724"
"283.9870","0.6263","5.9156"
"284.0070","0.6260","5.9560"
"284.0270","0.6257","5.9959"
"284.0470","0.6253","5.9863"
"284.0670","0.6249","5.9759"
"284.0870","0.6246","5.9782"
"284.1070","0.6243","6.0070"
"284.1270","0.6240","6.0331"
"284.1470","0.6237","5.9766"
"284.1670","0.6234","6.0377"
"284.1870","0.6231","6.0548"
"284.2070","0.6227","6.0383"
"284.2270","0.6223","6.0586"
"284.2470","0.6219","5.9876"
"284.2670","0.6215","5.8833"
"284.2870","0.6212","5.9168"
"284.3070","0.6209","5.9452"
"284.3270","0.6206","5.9308"
"284.3470","0.6202","5.8560"
"284.3670","0.6199","5.8435"
"284.3870","0.6195","5.9017"
"284.4070","0.6192","6.0159"
"284.4270","0.6189","6.0011"
"284.4470","0.6186","5.9272"
"284.4670","0.6183","5.9048"
"284.4870","0.6181","5.9603"
"284.5070","0.6177","5.9951"
"284.5270","0.6174","5.9551"
"284.5470","0.6169","5.8557"
"284.5670","0.6165","5.8314"
"284.5870","0.6160","5.8642"
"284.6070","0.6157","5.8092"
"284.6270","0.6154","5.8703"
"284.6470","0.6152","5.8663"
"284.6670","0.6150","5.8369"
"284.6870","0.6147","5.7597"
"284.7070","0.6144","5.7591"
"284.7270","0.6140","5.8639"
"284.7470","0.6136","5.7962"
"284.7670","0.6133","5.7788"
"284.7870","0.6129","5.8167"
"284.8070","0.6126","5.8590"
"284.8270","0.6124","5.7917"
"284.8470","0.6121","5.7977"
"284.8670","0.6118","5.8154"
"284.8870","0.6114","5.8602"
"284.9070","0.6110","5.8156"
"284.9270","0.6106","5.8129"
"284.9470","0.6102","5.8133"
"284.9670","0.6098","5.7290"
"284.9870","0.6095","5.7346"
"285.0070","0.6092","5.7472"
"285.0270","0.6089","5.8503"
"285.0470","0.6086","5.9340"
"285.0670","0.6082","5.9148"
"285.0870","0.6079","5.8942"
"285.1070","0.6075","5.9042"
"285.1270","0.6072","5.8682"
"285.1470","0.6070","5.8116"
"285.1670","0.6067","5.7952"
"285.1870","0.6064","5.8085"
"285.2070","0.6061","5.7958"
"285.2270","0.6057","5.7836"
"285.2470","0.6052","5.7930"
"285.2670","0.6047","5.7500"
"285.2870","0.6044","5.7956"
"285.3070","0.6041","5.8401"
"285.3270","0.6038","5.7465"
"285.3470","0.6036","5.7032"
"285.3670","0.6034","5.7375"
"285.3870","0.6030","5.7548"
"285.4070","0.6027","5.7583"
"285.4270","0.6023","5.7577"
"285.4470","0.6019","5.8051"
"285.4670","0.6016","5.7733"
"285.4870","0.6013","5.7464"
"285.5070","0.6010","5.8036"
"285.5270","0.6007","5.8006"
"285.5470","0.6004","5.8358"
"285.5670","0.6001","5.7721"
"285.5870","0.5997","5.7723"
"285.6070","0.5993","5.7654"
"285.6270","0.5988","5.7269"
"285.6470","0.5985","5.7266"
"285.6670","0.5981","5.7597"
"285.6870","0.5978","5.8319"
"285.7070","0.5975","5.8143"
"285.7270","0.5972","5.7935"
"285.7470","0.5969","5.7463"
"285.7670","0.5966","5.7419"
"285.7870","0.5962","5.7324"
"285.8070","0.5959","5.6675"
"285.8270","0.5956","5.6846"
"285.8470","0.5954","5.8025"
"285.8670","0.5951","5.8576"
"285.8870","0.5948","5.8051"
"285.9070","0.5944","5.8024"
"285.9270","0.5939","5.7712"
"285.9470","0.5935","5.7383"
"285.9670","0.5931","5.7565"
"285.9870","0.5927","5.7478"
"286.0070","0.5925","5.7767"
"286.0270","0.5923","5.6886"
"286.0470","0.5920","5.6082"
"286.0670","0.5917","5.4980"
"286.0870","0.5914","5.5645"
"286.1070","0.5910","5.6961"
"286.1270","0.5906","5.7589"
"286.1470","0.5902","5.7979"
"286.1670","0.5899","5.7968"
"286.1870","0.5896","5.7978"
"286.2070","0.5894","5.7677"
"286.2270","0.5891","5.7799"
"286.2470","0.5888","5.6426"
"286.2670","0.5884","5.7458"
"286.2870","0.5880","5.7931"
"286.3070","0.5875","5.7598"
"286.3270","0.5871","5.8002"
"286.3470","0.5868","5.7798"
"286.3670","0.5865","5.7804"
"286.3870","0.5862","5.7345"
"286.4070","0.5859","5.7348"
"286.4270","0.5856","5.7374"
"286.4470","0.5853","5.8242"
"286.4670","0.5849","5.7655"
"286.4870","0.5846","5.6714"
"286.5070","0.5843","5.6046"
"286.5270","0.5840","5.6925"
"286.5470","0.5837","5.6524"
"286.5670","0.5834","5.6789"
"286.5870","0.5831","5.6919"
"286.6070","0.5827","5.6816"
"286.6270","0.5822","5.7135"
"286.6470","0.5817","5.7956"
"286.6670","0.5814","5.7462"
"286.6870","0.5811","5.7068"
"286.7070","0.5809","5.6253"
"286.7270","0.5806","5.6494"
"286.7470","0.5804","5.6600"
"286.7670","0.5800","5.7391"
"286.7870","0.5797","5.7446"
"286.8070","0.5793","5.7005"
"286.8270","0.5789","5.7314"
"286.8470","0.5786","5.7303"
"286.8670","0.5783","5.7601"
"286.8870","0.5780","5.7165"
"286.9070","0.5777","5.6218"
"286.9270","0.5774","5.5577"
"286.9470","0.5771","5.6184"
"286.9670","0.5767","5.6790"
"286.9870","0.5762","5.6800"
"287.0070","0.5758","5.6651"
"287.0270","0.5754","5.6928"
"287.0470","0.5751","5.6412"
"287.0670","0.5749","5.6297"
"287.0870","0.5746","5.6544"
"287.1070","0.5743","5.6176"
"287.1270","0.5739","5.5869"
"287.1470","0.5736","5.6316"
"287.1670","0.5732","5.6457"
"287.1870","0.5729","5.6360"
"287.2070","0.5727","5.7107"
"287.2270","0.5724","5.6485"
"287.2470","0.5721","5.6422"
"287.2670","0.5717","5.7038"
"287.2870","0.5713","5.6368"
"287.3070","0.5709","5.6920"
"287.3270","0.5704","5.6987"
"287.3470","0.5700","5.6227"
"287.3670","0.5697","5.5907"
"287.3870","0.5695","5.5576"
"287.4070","0.5693","5.4642"
"287.4270","0.5690","5.4749"
"287.4470","0.5687","5.5505"
"287.4670","0.5684","5.5581"
"287.4870","0.5680","5.5787"
"287.5070","0.5676","5.5490"
"287.5270","0.5672","5.5261"
"287.5470","0.5669","5.4797"
"287.5670","0.5666","5.4978"
"287.5870","0.5663","5.5436"
"287.6070","0.5660","5.5414"
"287.6270","0.5657","5.5872"
"287.6470","0.5653","5.5575"
"287.6670","0.5649","5.5350"
"287.6870","0.5645","5.4542"
"287.7070","0.5641","5.4703"
"287.7270","0.5638","5.5254"
"287.7470","0.5635","5.5420"
"287.7670","0.5632","5.4582"
"287.7870","0.5629","5.4483"
"287.8070","0.5626","5.5063"
"287.8270","0.5623","5.5212"
"287.8470","0.5619","5.4606"
"287.8670","0.5616","5.4110"
"287.8870","0.5613","5.3972"
"287.9070","0.5610","5.4352"
"287.9270","0.5608","5.4440"
"287.9470","0.5604","5.5026"
"287.9670","0.5600","5.5272"
"287.9870","0.5596","5.5493"
"288.0070","0.5591","5.4505"
"288.0270","0.5587","5.4481"
"288.0470","0.5584","5.4323"
"288.0670","0.5581","5.4077"
"288.0870","0.5579","5.4117"
"288.1070","0.5577","5.4910"
"288.1270","0.5574","5.5070"
"288.1470","0.5571","5.5247"
"288.1670","0.5567","5.5041"
"288.1870","0.5563","5.3858"
"288.2070","0.5559","5.3283"
"288.2270","0.5556","5.3870"
"288.2470","0.5552","5.4673"
"288.2670","0.5550","5.4417"
"288.2870","0.5547","5.3876"
"288.3070","0.5544","5.3805"
"288.3270","0.5540","5.3662"
"288.3470","0.5536","5.3855"
"288.3670","0.5532","5.3897"
"288.3870","0.5528","5.3366"
"288.4070","0.5525","5.3604"
"288.4270","0.5521","5.4457"
"288.4470","0.5519","5.3349"
"288.4670","0.5516","5.3770"
"288.4870","0.5513","5.4413"
"288.5070","0.5509","5.4461"
"288.5270","0.5506","5.3734"
"288.5470","0.5502","5.3429"
"288.5670","0.5499","5.4285"
"288.5870","0.5496","5.4491"
"288.6070","0.5494","5.4197"
"288.6270","0.5491","5.4453"
"288.6470","0.5487","5.2733"
"288.6670","0.5483","5.3062"
"288.6870","0.5479","5.4122"
"288.7070","0.5474","5.4610"
"288.7270","0.5470","5.3638"
"288.7470","0.5467","5.3099"
"288.7670","0.5465","5.3283"
"288.7870","0.5463","5.4144"
"288.8070","0.5460","5.4319"
"288.8270","0.5457","5.4688"
"288.8470","0.5454","5.4805"
"288.8670","0.5450","5.4771"
"288.8870","0.5446","5.4569"
"288.9070","0.5442","5.4094"
"288.9270","0.5439","5.2912"
"288.9470","0.5436","5.4026"
"288.9670","0.5433","5.4218"
"288.9870","0.5430","5.3504"
"289.0070","0.5427","5.3506"
"289.0270","0.5423","5.3442"
"289.0470","0.5419","5.2797"
"289.0670","0.5415","5.3177"
"289.0870","0.5411","5.3159"
"289.1070","0.5408","5.3842"
"289.1270","0.5405","5.3751"
"289.1470","0.5402","5.3589"
"289.1670","0.5399","5.4113"
"289.1870","0.5396","5.4384"
"289.2070","0.5393","5.4183"
"289.2270","0.5389","5.4303"
"289.2470","0.5386","5.3479"
"289.2670","0.5383","5.3099"
"289.2870","0.5380","5.3337"
"289.3070","0.5377","5.3818"
"289.3270","0.5374","5.3897"
"289.3470","0.5371","5.3663"
"289.3670","0.5366","5.4116"
"289.3870","0.5362","5.3776"
"289.4070","0.5357","5.3534"
"289.4270","0.5354","5.4326"
"289.4470","0.5351","5.3836"
"289.4670","0.5349","5.3785"
"289.4870","0.5347","5.3337"
"289.5070","0.5344","5.3616"
"289.5270","0.5341","5.3696"
"289.5470","0.5337","5.4331"
"289.5670","0.5333","5.3580"
"289.5870","0.5329","5.3038"
"289.6070","0.5326","5.2949"
"289.6270","0.5323","5.3564"
"289.6470","0.5320","5.3420"
"289.6670","0.5317","5.3300"
"289.6870","0.5314","5.4027"
"289.7070","0.5311","5.4264"
"289.7270","0.5307","5.2762"
"289.7470","0.5302","5.1991"
"289.7670","0.5298","5.2157"
"289.7870","0.5295","5.2157"
"289.8070","0.5292","5.3152"
"289.8270","0.5289","5.3537"
"289.8470","0.5286","5.3135"
"289.8670","0.5283","5.3450"
"289.8870","0.5279","5.3858"
"289.9070","0.5276","5.3541"
"289.9270","0.5272","5.3263"
"289.9470","0.5269","5.2930"
"289.9670","0.5267","5.3419"
"289.9870","0.5264","5.3738"
"290.0070","0.5261","5.3701"
"290.0270","0.5258","5.4071"
"290.0470","0.5254","5.3582"
"290.0670","0.5249","5.2495"
"290.0870","0.5244","5.2393"
"290.1070","0.5240","5.2857"
"290.1270","0.5237","5.3236"
"290.1470","0.5235","5.2992"
"290.1670","0.5233","5.3074"
"290.1870","0.5230","5.3043"
"290.2070","0.5227","5.3299"
"290.2270","0.5224","5.3526"
"290.2470","0.5220","5.2977"
"290.2670","0.5216","5.2859"
"290.2870","0.5212","5.3761"
"290.3070","0.5209","5.3126"
"290.3270","0.5206","5.2624"
"290.3470","0.5203","5.2505"
"290.3670","0.5201","5.2120"
"290.3870","0.5197","5.2585"
"290.4070","0.5194","5.2882"
"290.4270","0.5189","5.2616"
"290.4470","0.5185","5.2893"
"290.4670","0.5181","5.3219"
"290.4870","0.5178","5.2706"
"290.5070","0.5175","5.2542"
"290.5270","0.5172","5.2773"
"290.5470","0.5169","5.2705"
"290.5670","0.5166","5.2687"
"290.5870","0.5162","5.3030"
"290.6070","0.5159","5.3092"
"290.6270","0.5155","5.2062"
"290.6470","0.5153","5.2452"
"290.6670","0.5150","5.2959"
"290.6870","0.5147","5.3040"
"290.7070","0.5144","5.2460"
"290.7270","0.5140","5.1598"
"290.7470","0.5136","5.2007"
"290.7670","0.5131","5.2579"
"290.7870","0.5127","5.3130"
"290.8070","0.5124","5.3405"
"290.8270","0.5121","5.2925"
"290.8470","0.5119","5.2804"
"290.8670","0.5117","5.3114"
"290.8870","0.5114","5.2318"
"290.9070","0.5110","5.1833"
"290.9270","0.5106","5.1705"
"290.9470","0.5102","5.2833"
"290.9670","0.5099","5.1940"
"290.9870","0.5095","5.2761"
"291.0070","0.5092","5.2930"
"291.0270","0.5090","5.2982"
"291.0470","0.5087","5.2230"
"291.0670","0.5084","5.1642"
"291.0870","0.5080","5.2266"
"291.1070","0.5076","5.2589"
"291.1270","0.5072","5.2798"
"291.1470","0.5068","5.3136"
"291.1670","0.5065","5.3228"
"291.1870","0.5061","5.2741"
"291.2070","0.5059","5.1908"
"291.2270","0.5056","5.2350"
"291.2470","0.5053","5.2433"
"291.2670","0.5049","5.2695"
"291.2870","0.5046","5.3273"
"291.3070","0.5042","5.3657"
"291.3270","0.5039","5.3230"
"291.3470","0.5036","5.3437"
"291.3670","0.5034","5.3019"
"291.3870","0.5031","5.2254"
"291.4070","0.5027","5.2788"
"291.4270","0.5023","5.2971"
"291.4470","0.5019","5.3241"
"291.4670","0.5014","5.2633"
"291.4870","0.5010","5.2489"
"291.5070","0.5008","5.2548"
"291.5270","0.5005","5.2131"
"291.5470","0.5003","5.3329"
"291.5670","0.5000","5.3318"
"291.5870","0.4997","5.3166"
"291.6070","0.4994","5.2669"
"291.6270","0.4990","5.2593"
"291.6470","0.4986","5.2536"
"291.6670","0.4982","5.2584"
"291.6870","0.4979","5.2200"
"291.7070","0.4976","5.2459"
"291.7270","0.4973","5.2694"
"291.7470","0.4970","5.2222"
"291.7670","0.4967","5.2354"
"291.7870","0.4963","5.3296"
"291.8070","0.4959","5.3796"
"291.8270","0.4955","5.3422"
"291.8470","0.4951","5.3467"
"291.8670","0.4948","5.2461"
"291.8870","0.4945","5.2158"
"291.9070","0.4942","5.2194"
"291.9270","0.4939","5.1939"
"291.9470","0.4936","5.1859"
"291.9670","0.4932","5.1891"
"291.9870","0.4929","5.1973"
"292.0070","0.4926","5.2411"
"292.0270","0.4923","5.2882"
"292.0470","0.4920","5.1643"
"292.0670","0.4917","5.1495"
"292.0870","0.4914","5.0959"
"292.1070","0.4910","5.1606"
"292.1270","0.4906","5.1646"
"292.1470","0.4902","5.0968"
"292.1670","0.4897","5.0988"
"292.1870","0.4894","5.1383"
"292.2070","0.4892","5.1497"
"292.2270","0.4889","5.1840"
"292.2470","0.4887","5.2250"
"292.2670","0.4884","5.2447"
"292.2870","0.4881","5.1436"
"292.3070","0.4877","5.1274"
"292.3270","0.4873","5.2302"
"292.3470","0.4869","5.1224"
"292.3670","0.4866","5.0937"
"292.3870","0.4863","5.0970"
"292.4070","0.4860","5.0565"
"292.4270","0.4857","5.0663"
"292.4470","0.4854","5.0588"
"292.4670","0.4850","5.1051"
"292.4870","0.4846","5.2145"
"292.5070","0.4842","5.1999"
"292.5270","0.4838","5.0842"
"292.5470","0.4835","5.1070"
"292.5670","0.4832","5.1755"
"292.5870","0.4829","5.0952"
"292.6070","0.4826","5.0224"
"292.6270","0.4823","5.1285"
"292.6470","0.4819","5.1863"
"292.6670","0.4816","5.1245"
"292.6870","0.4812","5.0942"
"292.7070","0.4809","5.0782"
"292.7270","0.4806","5.1043"
"292.7470","0.4804","5.1823"
"292.7670","0.4801","5.1318"
"292.7870","0.4797","5.0662"
"292.8070","0.4793","5.0756"
"292.8270","0.4789","5.0578"
"292.8470","0.4785","5.0993"
"292.8670","0.4781","5.0906"
"292.8870","0.4778","5.1382"
"292.9070","0.4776","5.1168"
"292.9270","0.4773","5.0925"
"292.9470","0.4771","5.1777"
"292.9670","0.4767","5.1862"
"292.9870","0.4764","5.1888"
"293.0070","0.4760","5.0265"
"293.0270","0.4756","5.0085"
"293.0470","0.4752","5.0654"
"293.0670","0.4749","5.0976"
"293.0870","0.4746","5.0115"
"293.1070","0.4744","4.9995"
"293.1270","0.4741","5.0297"
"293.1470","0.4737","5.1105"
"293.1670","0.4733","5.1369"
"293.1870","0.4729","5.1623"
"293.2070","0.4725","5.1023"
"293.2270","0.4721","5.0380"
"293.2470","0.4718","5.0117"
"293.2670","0.4715","4.9725"
"293.2870","0.4712","5.0018"
"293.3070","0.4709","5.0228"
"293.3270","0.4706","5.0451"
"293.3470","0.4703","5.0818"
"293.3670","0.4699","5.1089"
"293.3870","0.4696","5.0846"
"293.4070","0.4693","5.0682"
"293.4270","0.4690","4.9999"
"293.4470","0.4687","4.9611"
"293.4670","0.4684","4.9272"
"293.4870","0.4680","4.9565"
"293.5070","0.4676","4.9675"
"293.5270","0.4672","4.9404"
"293.5470","0.4667","4.9533"
"293.5670","0.4664","4.9491"
"293.5870","0.4662","4.9456"
"293.6070","0.4660","4.9463"
"293.6270","0.4657","4.9965"
"293.6470","0.4654","4.9976"
"293.6670","0.4651","5.0136"
"293.6870","0.4647","4.9715"
"293.7070","0.4643","4.8640"
"293.7270","0.4639","4.9016"
"293.7470","0.4636","4.9525"
"293.7670","0.4632","4.9635"
"293.7870","0.4630","4.9407"
"293.8070","0.4627","4.9491"
"293.8270","0.4624","4.9484"
"293.8470","0.4620","4.9589"
"293.8670","0.4616","4.9850"
"293.8870","0.4611","4.9501"
"293.9070","0.4608","4.9195"
"293.9270","0.4604","4.8829"
"293.9470","0.4602","4.9259"
"293.9670","0.4599","4.9736"
"293.9870","0.4596","4.9773"
"294.0070","0.4593","4.9761"
"294.0270","0.4589","4.9157"
"294.0470","0.4586","5.0249"
"294.0670","0.4582","5.0395"
"294.0870","0.4579","5.0821"
"294.1070","0.4576","4.9909"
"294.1270","0.4573","4.9020"
"294.1470","0.4570","4.8190"
"294.1670","0.4567","4.8482"
"294.1870","0.4563","4.9069"
"294.2070","0.4558","4.9946"
"294.2270","0.4554","5.0001"
"294.2470","0.4550","4.9953"
"294.2670","0.4548","4.9513"
"294.2870","0.4546","4.8934"
"294.3070","0.4543","4.9248"
"294.3270","0.4541","4.8868"
"294.3470","0.4537","4.9640"
"294.3670","0.4534","4.9797"
"294.3870","0.4530","4.8917"
"294.4070","0.4526","4.8289"
"294.4270","0.4523","4.8509"
"294.4470","0.4519","4.8586"
"294.4670","0.4517","4.8620"
"294.4870","0.4514","4.7771"
"294.5070","0.4511","4.7714"
"294.5270","0.4507","4.8826"
"294.5470","0.4503","4.9657"
"294.5670","0.4498","4.9286"
"294.5870","0.4494","4.9033"
"294.6070","0.4491","4.8650"
"294.6270","0.4488","4.8868"
"294.6470","0.4485","4.8863"
"294.6670","0.4482","4.8362"
"294.6870","0.4479","4.8393"
"294.7070","0.4476","4.8740"
"294.7270","0.4473","4.8925"
"294.7470","0.4469","4.8900"
"294.7670","0.4466","4.7426"
"294.7870","0.4463","4.6989"
"294.8070","0.4460","4.7869"
"294.8270","0.4457","4.8386"
"294.8470","0.4454","4.8116"
"294.8670","0.4450","4.7776"
"294.8870","0.4445","4.8787"
"294.9070","0.4441","4.9029"
"294.9270","0.4437","4.8841"
"294.9470","0.4434","4.8565"
"294.9670","0.4432","4.8085"
"294.9870","0.4430","4.7919"
"295.0070","0.4427","4.7389"
"295.0270","0.4424","4.7528"
"295.0470","0.4421","4.8219"
"295.0670","0.4417","4.8444"
"295.0870","0.4413","4.7748"
"295.1070","0.4409","4.7443"
"295.1270","0.4406","4.7953"
"295.1470","0.4403","4.7686"
"295.1670","0.4400","4.7735"
"295.1870","0.4397","4.8325"
"295.2070","0.4394","4.8088"
"295.2270","0.4390","4.8580"
"295.2470","0.4386","4.7921"
"295.2670","0.4382","4.7275"
"295.2870","0.4378","4.6934"
"295.3070","0.4374","4.6974"
"295.3270","0.4372","4.7131"
"295.3470","0.4369","4.6879"
"295.3670","0.4366","4.7091"
"295.3870","0.4363","4.7626"
"295.4070","0.4359","4.7323"
"295.4270","0.4356","4.6844"
"295.4470","0.4353","4.7371"
"295.4670","0.4350","4.8057"
"295.4870","0.4347","4.7713"
"295.5070","0.4344","4.7670"
"295.5270","0.4341","4.6841"
"295.5470","0.4337","4.7019"
"295.5670","0.4333","4.7094"
"295.5870","0.4329","4.6845"
"295.6070","0.4324","4.6880"
"295.6270","0.4321","4.6932"
"295.6470","0.4318","4.6742"
"295.6670","0.4316","4.6889"
"295.6870","0.4313","4.7117"
"295.7070","0.4311","4.6994"
"295.7270","0.4307","4.7702"
"295.7470","0.4304","4.7131"
"295.7670","0.4300","4.6126"
"295.7870","0.4296","4.6622"
"295.8070","0.4292","4.6330"
"295.8270","0.4289","4.6335"
"295.8470","0.4287","4.6226"
"295.8670","0.4284","4.6273"
"295.8870","0.4281","4.5903"
"295.9070","0.4277","4.5900"
"295.9270","0.4273","4.6350"
"295.9470","0.4269","4.6509"
"295.9670","0.4265","4.6245"
"295.9870","0.4261","4.5322"
"296.0070","0.4258","4.5577"
"296.0270","0.4255","4.6437"
"296.0470","0.4252","4.5734"
"296.0670","0.4249","4.5568"
"296.0870","0.4246","4.5200"
"296.1070","0.4242","4.5030"
"296.1270","0.4239","4.5173"
"296.1470","0.4236","4.6192"
"296.1670","0.4233","4.6486"
"296.1870","0.4230","4.5618"
"296.2070","0.4227","4.5196"
"296.2270","0.4224","4.5197"
"296.2470","0.4220","4.5308"
"296.2670","0.4215","4.5620"
"296.2870","0.4211","4.5613"
"296.3070","0.4207","4.5119"
"296.3270","0.4204","4.4800"
"296.3470","0.4202","4.4395"
"296.3670","0.4200","4.4344"
"296.3870","0.4197","4.4311"
"296.4070","0.4194","4.5243"
"296.4270","0.4191","4.5058"
"296.4470","0.4187","4.5152"
"296.4670","0.4183","4.5285"
"296.4870","0.4179","4.5535"
"296.5070","0.4176","4.4591"
"296.5270","0.4173","4.4017"
"296.5470","0.4170","4.4577"
"296.5670","0.4167","4.5162"
"296.5870","0.4164","4.4785"
"296.6070","0.4160","4.4914"
"296.6270","0.4156","4.5001"
"296.6470","0.4152","4.5405"
"296.6670","0.4148","4.4089"
"296.6870","0.4145","4.3619"
"296.7070","0.4142","4.3850"
"296.7270","0.4139","4.4815"
"296.7470","0.4136","4.4955"
"296.7670","0.4132","4.4849"
"296.7870","0.4129","4.4514"
"296.8070","0.4125","4.4270"
"296.8270","0.4122","4.4964"
"296.8470","0.4119","4.4441"
"296.8670","0.4117","4.3813"
"296.8870","0.4114","4.4299"
"296.9070","0.4111","4.4241"
"296.9270","0.4107","4.4553"
"296.9470","0.4103","4.4184"
"296.9670","0.4098","4.3737"
"296.9870","0.4094","4.3780"
"297.0070","0.4091","4.3822"
"297.0270","0.4088","4.3473"
"297.0470","0.4086","4.3459"
"297.0670","0.4083","4.2979"
"297.0870","0.4081","4.3821"
"297.1070","0.4077","4.3848"
"297.1270","0.4074","4.3909"
"297.1470","0.4070","4.4279"
"297.1670","0.4066","4.3904"
"297.1870","0.4063","4.4034"
"297.2070","0.4060","4.3631"
"297.2270","0.4057","4.3441"
"297.2470","0.4054","4.3930"
"297.2670","0.4051","4.4421"
"297.2870","0.4047","4.4143"
"297.3070","0.4043","4.3184"
"297.3270","0.4039","4.2805"
"297.3470","0.4035","4.2824"
"297.3670","0.4031","4.3804"
"297.3870","0.4028","4.3665"
"297.4070","0.4025","4.2856"
"297.4270","0.4022","4.2964"
"297.4470","0.4019","4.3749"
"297.4670","0.4016","4.3512"
"297.4870","0.4012","4.3202"
"297.5070","0.4009","4.2977"
"297.5270","0.4006","4.2678"
"297.5470","0.4003","4.2873"
"297.5670","0.4001","4.2651"
"297.5870","0.3998","4.2760"
"297.6070","0.3994","4.3219"
"297.6270","0.3990","4.3876"
"297.6470","0.3985","4.3103"
"297.6670","0.3981","4.2809"
"297.6870","0.3977","4.2681"
"297.7070","0.3974","4.2969"
"297.7270","0.3972","4.2882"
"297.7470","0.3970","4.1858"
"297.7670","0.3967","4.2529"
"297.7870","0.3964","4.1986"
"297.8070","0.3960","4.2454"
"297.8270","0.3956","4.2418"
"297.8470","0.3952","4.3301"
"297.8670","0.3949","4.2895"
"297.8870","0.3946","4.3104"
"297.9070","0.3943","4.2820"
"297.9270","0.3940","4.2227"
"297.9470","0.3938","4.2335"
"297.9670","0.3934","4.2446"
"297.9870","0.3930","4.3197"
"298.0070","0.3926","4.3159"
"298.0270","0.3922","4.1894"
"298.0470","0.3918","4.2081"
"298.0670","0.3915","4.1898"
"298.0870","0.3912","4.1444"
"298.1070","0.3909","4.1675"
"298.1270","0.3906","4.2533"
"298.1470","0.3902","4.2494"
"298.1670","0.3899","4.1832"
"298.1870","0.3895","4.1371"
"298.2070","0.3892","4.0595"
"298.2270","0.3889","4.0550"
"298.2470","0.3887","4.0946"
"298.2670","0.3884","4.0906"
"298.2870","0.3881","4.1786"
"298.3070","0.3877","4.2231"
"298.3270","0.3873","4.1941"
"298.3470","0.3868","4.1485"
"298.3670","0.3864","4.1189"
"298.3870","0.3860","4.2109"
"298.4070","0.3858","4.1202"
"298.4270","0.3856","4.1268"
"298.4470","0.3853","4.1199"
"298.4670","0.3850","4.1421"
"298.4870","0.3847","4.1251"
"298.5070","0.3843","4.1920"
"298.5270","0.3840","4.1811"
"298.5470","0.3836","4.1038"
"298.5670","0.3833","4.1211"
"298.5870","0.3830","4.1213"
"298.6070","0.3827","4.1105"
"298.6270","0.3824","4.1268"
"298.6470","0.3821","4.0364"
"298.6670","0.3817","4.0351"
"298.6870","0.3813","4.0679"
"298.7070","0.3809","4.1090"
"298.7270","0.3805","4.0385"
"298.7470","0.3801","4.0819"
"298.7670","0.3798","4.1056"
"298.7870","0.3795","4.1072"
"298.8070","0.3792","4.0953"
"298.8270","0.3789","4.0396"
"298.8470","0.3785","4.1099"
"298.8670","0.3782","4.1016"
"298.8870","0.3779","3.9874"
"298.9070","0.3776","3.9322"
"298.9270","0.3773","3.9667"
"298.9470","0.3770","3.9821"
"298.9670","0.3767","4.0224"
"298.9870","0.3764","4.0066"
"299.0070","0.3760","4.0178"
"299.0270","0.3755","3.9808"
"299.0470","0.3751","3.9700"
"299.0670","0.3747","3.9463"
"299.0870","0.3744","3.9959"
"299.1070","0.3742","4.0138"
"299.1270","0.3740","3.9442"
"299.1470","0.3737","3.9865"
"299.1670","0.3734","3.9830"
"299.1870","0.3730","4.0448"
"299.2070","0.3726","3.9219"
"299.2270","0.3723","3.8746"
"299.2470","0.3719","3.9014"
"299.2670","0.3716","3.8388"
"299.2870","0.3713","3.8052"
"299.3070","0.3711","3.9631"
"299.3270","0.3707","3.9882"
"299.3470","0.3704","3.9901"
"299.3670","0.3700","3.9749"
"299.3870","0.3696","4.0283"
"299.4070","0.3692","3.9655"
"299.4270","0.3688","3.9086"
"299.4470","0.3685","3.8658"
"299.4670","0.3682","3.9131"
"299.4870","0.3679","3.9135"
"299.5070","0.3676","3.9556"
"299.5270","0.3673","3.9884"
"299.5470","0.3669","3.9453"
"299.5670","0.3666","3.9217"
"299.5870","0.3662","3.9118"
"299.6070","0.3660","3.8581"
"299.6270","0.3657","3.8029"
"299.6470","0.3654","3.8216"
"299.6670","0.3651","3.8525"
"299.6870","0.3647","3.7236"
"299.7070","0.3642","3.7083"
"299.7270","0.3638","3.7844"
"299.7470","0.3634","3.7934"
"299.7670","0.3631","3.7797"
"299.7870","0.3628","3.8128"
"299.8070","0.3626","3.7484"
"299.8270","0.3624","3.8076"
"299.8470","0.3621","3.7957"
"299.8670","0.3617","3.7343"
"299.8870","0.3613","3.7257"
"299.9070","0.3609","3.7931"
"299.9270","0.3606","3.8079"
"299.9470","0.3602","3.7714"
"299.9670","0.3600","3.7171"
"299.9870","0.3597","3.7226"
"300.0070","0.3594","3.7155"
"300.0270","0.3591","3.7666"
"300.0470","0.3587","3.7725"
"300.0670","0.3583","3.7805"
"300.0870","0.3579","3.7687"
"300.1070","0.3575","3.6899"
"300.1270","0.3571","3.6381"
"300.1470","0.3568","3.7041"
"300.1670","0.3565","3.7832"
"300.1870","0.3562","3.7601"
"300.2070","0.3559","3.7722"
"300.2270","0.3556","3.7259"
"300.2470","0.3552","3.6220"
"300.2670","0.3549","3.5802"
"300.2870","0.3546","3.6274"
"300.3070","0.3543","3.6021"
"300.3270","0.3541","3.6865"
"300.3470","0.3538","3.7146"
"300.3670","0.3534","3.6869"
"300.3870","0.3530","3.6957"
"300.4070","0.3525","3.6918"
"300.4270","0.3521","3.7141"
"300.4470","0.3517","3.6833"
"300.4670","0.3515","3.5727"
"300.4870","0.3512","3.4617"
"300.5070","0.3510","3.4895"
"300.5270","0.3507","3.5883"
"300.5470","0.3504","3.6861"
"300.5670","0.3500","3.6753"
"300.5870","0.3496","3.6405"
"300.6070","0.3493","3.6485"
"300.6270","0.3489","3.5952"
"300.6470","0.3486","3.5926"
"300.6670","0.3484","3.5839"
"300.6870","0.3481","3.5546"
"300.7070","0.3478","3.5312"
"300.7270","0.3474","3.5757"
"300.7470","0.3470","3.4766"
"300.7670","0.3466","3.4735"
"300.7870","0.3462","3.4580"
"300.8070","0.3458","3.4590"
"300.8270","0.3455","3.5839"
"300.8470","0.3452","3.5501"
"300.8670","0.3449","3.4108"
"300.8870","0.3446","3.3606"
"300.9070","0.3443","3.4411"
"300.9270","0.3439","3.4857"
"300.9470","0.3436","3.4353"
"300.9670","0.3432","3.4942"
"300.9870","0.3430","3.5241"
"301.0070","0.3427","3.5322"
"301.0270","0.3424","3.4096"
"301.0470","0.3421","3.4302"
"301.0670","0.3417","3.4881"
"301.0870","0.3412","3.5086"
"301.1070","0.3408","3.4843"
"301.1270","0.3404","3.4288"
"301.1470","0.3401","3.4181"
"301.1670","0.3399","3.4513"
"301.1870","0.3396","3.3419"
"301.2070","0.3394","3.3926"
"301.2270","0.3390","3.3819"
"301.2470","0.3387","3.3321"
"301.2670","0.3383","3.3421"
"301.2870","0.3379","3.3430"
"301.3070","0.3375","3.4094"
"301.3270","0.3372","3.4121"
"301.3470","0.3369","3.3359"
"301.3670","0.3367","3.3394"
"301.3870","0.3364","3.4367"
"301.4070","0.3360","3.4581"
"301.4270","0.3357","3.3056"
"301.4470","0.3352","3.3133"
"301.4670","0.3348","3.4190"
"301.4870","0.3344","3.4271"
"301.5070","0.3341","3.4430"
"301.5270","0.3338","3.3415"
"301.5470","0.3336","3.3176"
"301.5670","0.3333","3.3457"
"301.5870","0.3329","3.3206"
"301.6070","0.3326","3.2600"
"301.6270","0.3322","3.1973"
"301.6470","0.3319","3.2641"
"301.6670","0.3316","3.3065"
"301.6870","0.3314","3.2826"
"301.7070","0.3311","3.2611"
"301.7270","0.3307","3.1921"
"301.7470","0.3303","3.2074"
"301.7670","0.3299","3.2106"
"301.7870","0.3294","3.2248"
"301.8070","0.3290","3.3234"
"301.8270","0.3287","3.3093"
"301.8470","0.3285","3.2814"
"301.8670","0.3282","3.2397"
"301.8870","0.3280","3.2354"
"301.9070","0.3277","3.2048"
"301.9270","0.3274","3.1478"
"301.9470","0.3270","3.1489"
"301.9670","0.3266","3.1251"
"301.9870","0.3262","3.0989"
"302.0070","0.3259","3.1012"
"302.0270","0.3256","3.1000"
"302.0470","0.3253","3.1169"
"302.0670","0.3250","3.1864"
"302.0870","0.3247","3.1666"
"302.1070","0.3243","3.1590"
"302.1270","0.3239","3.1232"
"302.1470","0.3235","3.1825"
"302.1670","0.3231","3.1649"
"302.1870","0.3228","3.1279"
"302.2070","0.3225","3.1813"
"302.2270","0.3222","3.1626"
"302.2470","0.3219","3.2259"
"302.2670","0.3216","3.2013"
"302.2870","0.3213","3.0710"
"302.3070","0.3209","3.0519"
"302.3270","0.3206","3.0182"
"302.3470","0.3203","3.0115"
"302.3670","0.3200","3.0569"
"302.3870","0.3197","3.1406"
"302.4070","0.3194","3.1601"
"302.4270","0.3190","3.0308"
"302.4470","0.3186","2.9854"
"302.4670","0.3181","2.9955"
"302.4870","0.3177","3.0152"
"302.5070","0.3173","2.9216"
"302.5270","0.3171","2.9615"
"302.5470","0.3169","2.9816"
"302.5670","0.3167","3.0569"
"302.5870","0.3164","3.0695"
"302.6070","0.3161","3.0908"
"302.6270","0.3157","3.0807"
"302.6470","0.3153","3.0875"
"302.6670","0.3149","2.9738"
"302.6870","0.3146","2.9635"
"302.7070","0.3142","3.0023"
"302.7270","0.3140","3.0641"
"302.7470","0.3137","2.9834"
"302.7670","0.3134","2.8777"
"302.7870","0.3130","2.8753"
"302.8070","0.3127","2.8740"
"302.8270","0.3123","2.9400"
"302.8470","0.3118","2.9785"
"302.8670","0.3115","2.9922"
"302.8870","0.3111","2.9469"
"302.9070","0.3109","2.9396"
"302.9270","0.3106","2.9239"
"302.9470","0.3103","2.9516"
"302.9670","0.3099","2.9345"
"302.9870","0.3096","2.9948"
"303.0070","0.3093","2.9895"
"303.0270","0.3089","2.9899"
"303.0470","0.3087","2.9661"
"303.0670","0.3084","2.9597"
"303.0870","0.3081","2.8847"
"303.1070","0.3078","2.8161"
"303.1270","0.3074","2.8140"
"303.1470","0.3069","2.7785"
"303.1670","0.3065","2.8496"
"303.1870","0.3060","2.8277"
"303.2070","0.3057","2.8791"
"303.2270","0.3055","2.9012"
"303.2470","0.3053","2.8466"
"303.2670","0.3050","2.8535"
"303.2870","0.3047","2.9034"
"303.3070","0.3044","2.8224"
"303.3270","0.3040","2.7687"
"303.3470","0.3036","2.7667"
"303.3670","0.3033","2.7358"
"303.3870","0.3029","2.7117"
"303.4070","0.3026","2.7801"
"303.4270","0.3023","2.8230"
"303.4470","0.3020","2.8171"
"303.4670","0.3017","2.8097"
"303.4870","0.3014","2.8807"
"303.5070","0.3009","2.7987"
"303.5270","0.3005","2.7569"
"303.5470","0.3001","2.7323"
"303.5670","0.2998","2.7076"
"303.5870","0.2995","2.7092"
"303.6070","0.2992","2.7208"
"303.6270","0.2989","2.6684"
"303.6470","0.2986","2.6745"
"303.6670","0.2983","2.7020"
"303.6870","0.2979","2.6662"
"303.7070","0.2976","2.6887"
"303.7270","0.2973","2.7373"
"303.7470","0.2970","2.6839"
"303.7670","0.2967","2.7165"
"303.7870","0.2964","2.6797"
"303.8070","0.2961","2.6253"
"303.8270","0.2957","2.5835"
"303.8470","0.2952","2.5861"
"303.8670","0.2948","2.6494"
"303.8870","0.2944","2.6044"
"303.9070","0.2941","2.6205"
"303.9270","0.2939","2.7584"
"303.9470","0.2937","2.6567"
"303.9670","0.2934","2.5912"
"303.9870","0.2931","2.5587"
"304.0070","0.2927","2.5652"
"304.0270","0.2923","2.6645"
"304.0470","0.2919","2.6156"
"304.0670","0.2916","2.5891"
"304.0870","0.2912","2.6538"
"304.1070","0.2909","2.6513"
"304.1270","0.2907","2.6381"
"304.1470","0.2904","2.6425"
"304.1670","0.2900","2.6448"
"304.1870","0.2896","2.5956"
"304.2070","0.2892","2.5535"
"304.2270","0.2888","2.6093"
"304.2470","0.2885","2.6234"
"304.2670","0.2881","2.5706"
"304.2870","0.2879","2.4777"
"304.3070","0.2876","2.4635"
"304.3270","0.2873","2.5057"
"304.3470","0.2869","2.5705"
"304.3670","0.2866","2.5720"
"304.3870","0.2863","2.5620"
"304.4070","0.2859","2.5657"
"304.4270","0.2856","2.5577"
"304.4470","0.2854","2.5847"
"304.4670","0.2851","2.5180"
"304.4870","0.2848","2.5233"
"304.5070","0.2844","2.5216"
"304.5270","0.2839","2.5071"
"304.5470","0.2835","2.4368"
"304.5670","0.2830","2.4438"
"304.5870","0.2827","2.4239"
"304.6070","0.2825","2.4452"
"304.6270","0.2823","2.4577"
"304.6470","0.2820","2.5521"
"304.6670","0.2817","2.4502"
"304.6870","0.2814","2.3877"
"304.7070","0.2810","2.3559"
"304.7270","0.2806","2.3508"
"304.7470","0.2802","2.3351"
"304.7670","0.2799","2.3709"
"304.7870","0.2796","2.3737"
"304.8070","0.2793","2.4305"
"304.8270","0.2790","2.4353"
"304.8470","0.2787","2.3782"
"304.8670","0.2783","2.4935"
"304.8870","0.2779","2.4147"
"304.9070","0.2775","2.3896"
"304.9270","0.2771","2.3412"
"304.9470","0.2768","2.2629"
"304.9670","0.2765","2.3026"
"304.9870","0.2762","2.3272"
"305.0070","0.2759","2.3397"
"305.0270","0.2756","2.2979"
"305.0470","0.2752","2.3567"
"305.0670","0.2749","2.4041"
"305.0870","0.2745","2.3675"
"305.1070","0.2742","2.3243"
"305.1270","0.2740","2.2695"
"305.1470","0.2737","2.2285"
"305.1670","0.2734","2.2722"
"305.1870","0.2730","2.2816"
"305.2070","0.2726","2.3533"
"305.2270","0.2722","2.3586"
"305.2470","0.2717","2.3106"
"305.2670","0.2714","2.2474"
"305.2870","0.2711","2.3276"
"305.3070","0.2709","2.3051"
"305.3270","0.2707","2.2124"
"305.3470","0.2704","2.1945"
"305.3670","0.2700","2.2121"
"305.3870","0.2697","2.1887"
"305.4070","0.2693","2.1014"
"305.4270","0.2689","2.1945"
"305.4470","0.2685","2.2760"
"305.4670","0.2682","2.2667"
"305.4870","0.2680","2.2979"
"305.5070","0.2677","2.2600"
"305.5270","0.2674","2.2442"
"305.5470","0.2670","2.2085"
"305.5670","0.2667","2.2565"
"305.5870","0.2662","2.3200"
"305.6070","0.2658","2.2715"
"305.6270","0.2655","2.1603"
"305.6470","0.2651","2.0808"
"305.6670","0.2649","2.1495"
"305.6870","0.2646","2.1881"
"305.7070","0.2643","2.2122"
"305.7270","0.2639","2.2313"
"305.7470","0.2636","2.1566"
"305.7670","0.2632","2.0950"
"305.7870","0.2629","2.0923"
"305.8070","0.2626","2.0622"
"305.8270","0.2623","2.0733"
"305.8470","0.2621","2.1026"
"305.8670","0.2617","2.1053"
"305.8870","0.2613","2.1090"
"305.9070","0.2609","2.1574"
"305.9270","0.2604","2.1004"
"305.9470","0.2600","2.0554"
"305.9670","0.2597","2.0990"
"305.9870","0.2595","2.0713"
"306.0070","0.2593","2.1116"
"306.0270","0.2590","2.0477"
"306.0470","0.2587","2.0111"
"306.0670","0.2584","2.1081"
"306.0870","0.2580","2.1731"
"306.1070","0.2576","2.0618"
"306.1270","0.2572","1.9688"
"306.1470","0.2569","1.9531"
"306.1670","0.2566","2.0069"
"306.1870","0.2563","2.1029"
"306.2070","0.2560","2.0663"
"306.2270","0.2557","1.9938"
"306.2470","0.2553","1.9708"
"306.2670","0.2549","2.0813"
"306.2870","0.2545","2.0969"
"306.3070","0.2541","2.0209"
"306.3270","0.2538","2.0633"
"306.3470","0.2535","1.9498"
"306.3670","0.2532","1.9244"
"306.3870","0.2529","1.9703"
"306.4070","0.2526","1.9200"
"306.4270","0.2523","1.9135"
"306.4470","0.2519","1.8685"
"306.4670","0.2516","1.8496"
"306.4870","0.2513","1.8999"
"306.5070","0.2510","1.9868"
"306.5270","0.2507","1.9879"
"306.5470","0.2504","1.9526"
"306.5670","0.2501","1.9090"
"306.5870","0.2497","1.8804"
"306.6070","0.2492","1.9082"
"306.6270","0.2488","1.9502"
"306.6470","0.2484","1.8911"
"306.6670","0.2481","1.7617"
"306.6870","0.2479","1.8042"
"306.7070","0.2477","1.8637"
"306.7270","0.2474","1.8533"
"306.7470","0.2471","1.9209"
"306.7670","0.2467","1.9278"
"306.7870","0.2463","1.8944"
"306.8070","0.2459","1.8221"
"306.8270","0.2456","1.7064"
"306.8470","0.2453","1.6968"
"306.8670","0.2450","1.8329"
"306.8870","0.2447","1.8946"
"306.9070","0.2444","1.8918"
"306.9270","0.2440","1.8708"
"306.9470","0.2436","1.8533"
"306.9670","0.2432","1.8503"
"306.9870","0.2428","1.8630"
"307.0070","0.2425","1.8475"
"307.0270","0.2422","1.7871"
"307.0470","0.2419","1.7847"
"307.0670","0.2416","1.8145"
"307.0870","0.2413","1.8005"
"307.1070","0.2409","1.8038"
"307.1270","0.2406","1.7778"
"307.1470","0.2402","1.7257"
"307.1670","0.2399","1.7746"
"307.1870","0.2396","1.7947"
"307.2070","0.2394","1.7819"
"307.2270","0.2391","1.6911"
"307.2470","0.2387","1.7234"
"307.2670","0.2384","1.7991"
"307.2870","0.2379","1.7117"
"307.3070","0.2375","1.6306"
"307.3270","0.2371","1.6274"
"307.3470","0.2368","1.7089"
"307.3670","0.2365","1.7111"
"307.3870","0.2363","1.6935"
"307.4070","0.2360","1.6882"
"307.4270","0.2357","1.6677"
"307.4470","0.2354","1.6133"
"307.4670","0.2350","1.6360"
"307.4870","0.2346","1.6305"
"307.5070","0.2342","1.5376"
"307.5270","0.2339","1.5400"
"307.5470","0.2336","1.6136"
"307.5670","0.2333","1.5620"
"307.5870","0.2330","1.6385"
"307.6070","0.2327","1.7157"
"307.6270","0.2323","1.7154"
"307.6470","0.2319","1.6649"
"307.6670","0.2315","1.5994"
"307.6870","0.2311","1.5873"
"307.7070","0.2308","1.5944"
"307.7270","0.2305","1.5656"
"307.7470","0.2302","1.5485"
"307.7670","0.2299","1.6568"
"307.7870","0.2296","1.6082"
"307.8070","0.2293","1.5933"
"307.8270","0.2289","1.6120"
"307.8470","0.2286","1.6181"
"307.8670","0.2283","1.5165"
"307.8870","0.2280","1.4570"
"307.9070","0.2277","1.4996"
"307.9270","0.2274","1.6125"
"307.9470","0.2271","1.5999"
"307.9670","0.2266","1.5228"
"307.9870","0.2262","1.5507"
"308.0070","0.2258","1.5128"
"308.0270","0.2254","1.5035"
"308.0470","0.2252","1.5149"
"308.0670","0.2249","1.4431"
"308.0870","0.2247","1.3646"
"308.1070","0.2244","1.4375"
"308.1270","0.2241","1.5181"
"308.1470","0.2237","1.5547"
"308.1670","0.2233","1.4852"
"308.1870","0.2229","1.3824"
"308.2070","0.2226","1.3050"
"308.2270","0.2222","1.3458"
"308.2470","0.2220","1.3954"
"308.2670","0.2217","1.4930"
"308.2870","0.2214","1.5539"
"308.3070","0.2210","1.5328"
"308.3270","0.2206","1.4456"
"308.3470","0.2202","1.5096"
"308.3670","0.2198","1.4969"
"308.3870","0.2194","1.4168"
"308.4070","0.2191","1.4473"
"308.4270","0.2189","1.4757"
"308.4470","0.2186","1.5498"
"308.4670","0.2183","1.4110"
"308.4870","0.2179","1.3136"
"308.5070","0.2176","1.2793"
"308.5270","0.2172","1.2779"
"308.5470","0.2169","1.3161"
"308.5670","0.2166","1.3726"
"308.5870","0.2163","1.3343"
"308.6070","0.2160","1.3886"
"308.6270","0.2157","1.3994"
"308.6470","0.2153","1.2899"
"308.6670","0.2149","1.3009"
"308.6870","0.2144","1.3442"
"308.7070","0.2141","1.3103"
"308.7270","0.2138","1.3179"
"308.7470","0.2135","1.4082"
"308.7670","0.2133","1.3913"
"308.7870","0.2131","1.3046"
"308.8070","0.2127","1.3117"
"308.8270","0.2124","1.2459"
"308.8470","0.2120","1.2877"
"308.8670","0.2116","1.2923"
"308.8870","0.2113","1.3107"
"308.9070","0.2109","1.3274"
"308.9270","0.2106","1.3748"
"308.9470","0.2104","1.3071"
"308.9670","0.2101","1.2522"
"308.9870","0.2097","1.2651"
"309.0070","0.2093","1.2218"
"309.0270","0.2089","1.2281"
"309.0470","0.2084","1.3127"
"309.0670","0.2081","1.3073"
"309.0870","0.2077","1.3716"
"309.1070","0.2075","1.2797"
"309.1270","0.2072","1.2535"
"309.1470","0.2069","1.1986"
"309.1670","0.2066","1.2436"
"309.1870","0.2063","1.2438"
"309.2070","0.2059","1.2903"
"309.2270","0.2056","1.2313"
"309.2470","0.2053","1.2133"
"309.2670","0.2050","1.2061"
"309.2870","0.2047","1.3106"
"309.3070","0.2044","1.3024"
"309.3270","0.2040","1.2512"
"309.3470","0.2036","1.2024"
"309.3670","0.2031","1.1573"
"309.3870","0.2027","1.1488"
"309.4070","0.2024","1.1116"
"309.4270","0.2021","1.2095"
"309.4470","0.2019","1.1718"
"309.4670","0.2017","1.1168"
"309.4870","0.2014","1.1960"
"309.5070","0.2011","1.1584"
"309.5270","0.2007","1.0896"
"309.5470","0.2003","1.1101"
"309.5670","0.1999","1.2204"
"309.5870","0.1996","1.2165"
"309.6070","0.1993","1.1433"
"309.6270","0.1990","1.0395"
"309.6470","0.1987","0.9836"
"309.6670","0.1984","1.0374"
"309.6870","0.1980","1.0848"
"309.7070","0.1976","1.1142"
"309.7270","0.1972","1.1118"
"309.7470","0.1968","1.1181"
"309.7670","0.1964","1.0600"
"309.7870","0.1961","1.0385"
"309.8070","0.1959","1.0844"
"309.8270","0.1956","1.0931"
"309.8470","0.1953","1.0491"
"309.8670","0.1949","1.0555"
"309.8870","0.1946","1.1507"
"309.9070","0.1942","1.1420"
"309.9270","0.1939","1.0229"
"309.9470","0.1937","1.0233"
"309.9670","0.1934","1.1129"
"309.9870","0.1931","1.0940"
"310.0070","0.1927","1.0592"
"310.0270","0.1923","1.0885"
"310.0470","0.1919","1.0736"
"310.0670","0.1914","0.9796"
"310.0870","0.1911","1.0021"
"310.1070","0.1908","1.0198"
"310.1270","0.1905","0.9561"
"310.1470","0.1903","0.9705"
"310.1670","0.1900","0.9372"
"310.1870","0.1897","0.9237"
"310.2070","0.1894","0.9425"
"310.2270","0.1890","0.9481"
"310.2470","0.1886","0.9960"
"310.2670","0.1882","0.9952"
"310.2870","0.1879","0.9594"
"310.3070","0.1876","0.9129"
"310.3270","0.1874","0.9650"
"310.3470","0.1871","0.9855"
"310.3670","0.1867","0.9531"
"310.3870","0.1863","0.9721"
"310.4070","0.1859","0.9180"
"310.4270","0.1855","0.9297"
"310.4470","0.1851","0.8912"
"310.4670","0.1848","0.8949"
"310.4870","0.1845","0.8557"
"310.5070","0.1842","0.9776"
"310.5270","0.1839","0.9230"
"310.5470","0.1836","0.9194"
"310.5670","0.1832","0.9447"
"310.5870","0.1829","1.0027"
"310.6070","0.1826","0.9348"
"310.6270","0.1823","0.9015"
"310.6470","0.1820","0.8618"
"310.6670","0.1817","0.8502"
"310.6870","0.1814","0.8605"
"310.7070","0.1810","0.9300"
"310.7270","0.1806","0.9346"
"310.7470","0.1801","0.9026"
"310.7670","0.1797","0.8869"
"310.7870","0.1794","0.8806"
"310.8070","0.1792","0.8133"
"310.8270","0.1790","0.8794"
"310.8470","0.1787","0.9421"
"310.8670","0.1784","0.9019"
"310.8870","0.1781","0.7715"
"310.9070","0.1777","0.7763"
"310.9270","0.1773","0.8274"
"310.9470","0.1769","0.8904"
"310.9670","0.1766","0.8594"
"310.9870","0.1763","0.8620"
"311.0070","0.1760","0.7840"
"311.0270","0.1757","0.7675"
"311.0470","0.1754","0.7536"
"311.0670","0.1750","0.8021"
"311.0870","0.1746","0.8885"
"311.1070","0.1742","0.8643"
"311.1270","0.1738","0.7575"
"311.1470","0.1735","0.8491"
"311.1670","0.1732","0.7817"
"311.1870","0.1729","0.7272"
"311.2070","0.1726","0.7613"
"311.2270","0.1722","0.7996"
"311.2470","0.1719","0.7052"
"311.2670","0.1715","0.7062"
"311.2870","0.1712","0.7340"
"311.3070","0.1709","0.8228"
"311.3270","0.1707","0.8558"
"311.3470","0.1704","0.7597"
"311.3670","0.1701","0.6783"
"311.3870","0.1697","0.6882"
"311.4070","0.1693","0.6234"
"311.4270","0.1688","0.6373"
"311.4470","0.1684","0.6304"
"311.4670","0.1680","0.6535"
"311.4870","0.1678","0.6938"
"311.5070","0.1676","0.6220"
"311.5270","0.1673","0.6586"
"311.5470","0.1671","0.6896"
"311.5670","0.1667","0.6204"
"311.5870","0.1664","0.5999"
"311.6070","0.1660","0.6056"
"311.6270","0.1656","0.6547"
"311.6470","0.1653","0.7244"
"311.6670","0.1650","0.7037"
"311.6870","0.1647","0.7117"
"311.7070","0.1644","0.7147"
"311.7270","0.1641","0.6600"
"311.7470","0.1638","0.7022"
"311.7670","0.1634","0.6441"
"311.7870","0.1629","0.6726"
"311.8070","0.1625","0.6932"
"311.8270","0.1621","0.6418"
"311.8470","0.1618","0.6341"
"311.8670","0.1615","0.5990"
"311.8870","0.1612","0.5812"
"311.9070","0.1609","0.6052"
"311.9270","0.1606","0.6050"
"311.9470","0.1602","0.5854"
"311.9670","0.1599","0.6213"
"311.9870","0.1596","0.6061"
"312.0070","0.1593","0.4778"
"312.0270","0.1591","0.5328"
"312.0470","0.1588","0.5668"
"312.0670","0.1584","0.6418"
"312.0870","0.1580","0.6524"
"312.1070","0.1576","0.6945"
"312.1270","0.1571","0.5969"
"312.1470","0.1567","0.5083"
"312.1670","0.1564","0.5843"
"312.1870","0.1562","0.5328"
"312.2070","0.1559","0.5435"
"312.2270","0.1557","0.5536"
"312.2470","0.1554","0.5809"
"312.2670","0.1550","0.5757"
"312.2870","0.1546","0.5468"
"312.3070","0.1543","0.4820"
"312.3270","0.1539","0.5259"
"312.3470","0.1536","0.4086"
"312.3670","0.1533","0.4815"
"312.3870","0.1530","0.6110"
"312.4070","0.1527","0.6200"
"312.4270","0.1524","0.6015"
"312.4470","0.1520","0.5949"
"312.4670","0.1516","0.5128"
"312.4870","0.1512","0.4837"
"312.5070","0.1508","0.5427"
"312.5270","0.1505","0.5661"
"312.5470","0.1501","0.5935"
"312.5670","0.1499","0.6032"
"312.5870","0.1495","0.4732"
"312.6070","0.1492","0.3833"
"312.6270","0.1489","0.4247"
"312.6470","0.1485","0.4767"
"312.6670","0.1482","0.5305"
"312.6870","0.1479","0.5133"
"312.7070","0.1477","0.4871"
"312.7270","0.1474","0.4415"
"312.7470","0.1471","0.5371"
"312.7670","0.1467","0.5905"
"312.7870","0.1463","0.5836"
"312.8070","0.1458","0.5445"
"312.8270","0.1454","0.5518"
"312.8470","0.1450","0.4369"
"312.8670","0.1448","0.3550"
"312.8870","0.1445","0.3727"
"312.9070","0.1443","0.4993"
"312.9270","0.1440","0.5387"
"312.9470","0.1437","0.4097"
"312.9670","0.1433","0.3130"
"312.9870","0.1430","0.4132"
"313.0070","0.1426","0.4953"
"313.0270","0.1422","0.4048"
"313.0470","0.1419","0.3234"
"313.0670","0.1417","0.3320"
"313.0870","0.1414","0.3672"
"313.1070","0.1411","0.3576"
"313.1270","0.1407","0.3532"
"313.1470","0.1403","0.4305"
"313.1670","0.1399","0.4488"
"313.1870","0.1395","0.4322"
"313.2070","0.1391","0.4346"
"313.2270","0.1388","0.3933"
"313.2470","0.1385","0.3578"
"313.2670","0.1382","0.3529"
"313.2870","0.1379","0.3719"
"313.3070","0.1376","0.4492"
"313.3270","0.1372","0.3911"
"313.3470","0.1369","0.3301"
"313.3670","0.1366","0.3897"
"313.3870","0.1363","0.3587"
"313.4070","0.1361","0.3968"
"313.4270","0.1357","0.3653"
"313.4470","0.1354","0.2790"
"313.4670","0.1350","0.3454"
"313.4870","0.1346","0.3051"
"313.5070","0.1341","0.3289"
"313.5270","0.1337","0.2649"
"313.5470","0.1334","0.2566"
"313.5670","0.1332","0.3400"
"313.5870","0.1330","0.3643"
"313.6070","0.1327","0.3446"
"313.6270","0.1324","0.3282"
"313.6470","0.1320","0.3620"
"313.6670","0.1317","0.4099"
"313.6870","0.1313","0.3955"
"313.7070","0.1309","0.2807"
"313.7270","0.1306","0.2372"
"313.7470","0.1303","0.2602"
"313.7670","0.1301","0.2960"
"313.7870","0.1298","0.3028"
"313.8070","0.1294","0.3414"
"313.8270","0.1290","0.3011"
"313.8470","0.1286","0.2989"
"313.8670","0.1282","0.3397"
"313.8870","0.1278","0.4140"
"313.9070","0.1275","0.3020"
"313.9270","0.1272","0.3306"
"313.9470","0.1269","0.1701"
"313.9670","0.1266","0.1778"
"313.9870","0.1262","0.1216"
"314.0070","0.1259","0.1884"
"314.0270","0.1255","0.2572"
"314.0470","0.1252","0.2936"
"314.0670","0.1249","0.1940"
"314.0870","0.1247","0.2040"
"314.1070","0.1244","0.2149"
"314.1270","0.1241","0.2080"
"314.1470","0.1237","0.2204"
"314.1670","0.1233","0.2409"
"314.1870","0.1228","0.3040"
"314.2070","0.1224","0.3137"
"314.2270","0.1221","0.2824"
"314.2470","0.1218","0.2249"
"314.2670","0.1216","0.2432"
"314.2870","0.1213","0.2492"
"314.3070","0.1211","0.1869"
"314.3270","0.1207","0.1853"
"314.3470","0.1203","0.2618"
"314.3670","0.1200","0.3600"
"314.3870","0.1196","0.2547"
"314.4070","0.1193","0.1934"
"314.4270","0.1190","0.1268"
"314.4470","0.1187","0.1360"
"314.4670","0.1184","0.1610"
"314.4870","0.1181","0.2004"
"314.5070","0.1177","0.1968"
"314.5270","0.1173","0.2093"
"314.5470","0.1169","0.1374"
"314.5670","0.1165","0.1233"
"314.5870","0.1161","0.2430"
"314.6070","0.1158","0.3154"
"314.6270","0.1155","0.1901"
"314.6470","0.1152","0.2202"
"314.6670","0.1149","0.1952"
"314.6870","0.1146","0.1580"
"314.7070","0.1142","0.1096"
"314.7270","0.1139","0.1821"
"314.7470","0.1136","0.1944"
"314.7670","0.1133","0.1849"
"314.7870","0.1131","0.1876"
"314.8070","0.1128","0.0878"
"314.8270","0.1124","0.0966"
"314.8470","0.1120","0.1468"
"314.8670","0.1115","0.2054"
"314.8870","0.1111","0.2530"
"314.9070","0.1107","0.2080"
"314.9270","0.1104","0.1089"
"314.9470","0.1102","0.1519"
"314.9670","0.1100","0.1768"
"314.9870","0.1097","0.0961"
"315.0070","0.1094","0.0790"
"315.0270","0.1090","0.1062"
"315.0470","0.1086","0.1915"
"315.0670","0.1082","0.1158"
"315.0870","0.1079","0.1315"
"315.1070","0.1076","0.1166"
"315.1270","0.1073","0.0141"
"315.1470","0.1071","0.0194"
"315.1670","0.1068","0.0798"
"315.1870","0.1064","0.0964"
"315.2070","0.1060","0.1327"
"315.2270","0.1056","0.1688"
"315.2470","0.1052","0.1602"
"315.2670","0.1048","0.1270"
"315.2870","0.1045","0.1450"
"315.3070","0.1042","0.1479"
"315.3270","0.1039","0.0704"
"315.3470","0.1036","0.0947"
"315.3670","0.1033","0.1746"
"315.3870","0.1029","0.0866"
"315.4070","0.1026","0.0259"
"315.4270","0.1022","0.0701"
"315.4470","0.1020","0.1553"
"315.4670","0.1017","0.1081"
"315.4870","0.1014","0.0975"
"315.5070","0.1011","0.1106"
"315.5270","0.1007","0.0040"
"315.5470","0.1002","-0.0448"
"315.5670","0.0998","0.0454"
"315.5870","0.0994","0.0807"
"315.6070","0.0991","0.0678"
"315.6270","0.0988","0.0591"
"315.6470","0.0986","0.0303"
"315.6670","0.0984","0.1209"
"315.6870","0.0980","0.0707"
"315.7070","0.0977","0.0993"
"315.7270","0.0973","0.1135"
"315.7470","0.0969","0.0105"
"315.7670","0.0965","-0.0494"
"315.7870","0.0962","0.0249"
"315.8070","0.0959","0.0688"
"315.8270","0.0957","0.0304"
"315.8470","0.0954","0.0419"
"315.8670","0.0951","0.0705"
"315.8870","0.0947","0.0791"
"315.9070","0.0942","-0.0087"
"315.9270","0.0938","-0.0075"
"315.9470","0.0934","0.0085"
"315.9670","0.0931","-0.0066"
"315.9870","0.0928","0.0331"
"316.0070","0.0925","0.0326"
"316.0270","0.0923","0.1125"
"316.0470","0.0919","0.0819"
"316.0670","0.0916","0.0665"
"316.0870","0.0912","0.0436"
"316.1070","0.0909","0.0906"
"316.1270","0.0906","0.0363"
"316.1470","0.0903","0.0037"
"316.1670","0.0901","-0.0083"
"316.1870","0.0897","-0.0280"
"316.2070","0.0893","0.0577"
"316.2270","0.0889","0.0892"
"316.2470","0.0884","0.1062"
"316.2670","0.0880","0.0978"
"316.2870","0.0877","0.1457"
"316.3070","0.0874","0.1344"
"316.3270","0.0872","0.0420"
"316.3470","0.0870","0.0212"
"316.3670","0.0867","-0.0099"
"316.3870","0.0864","0.0216"
"316.4070","0.0860","0.0077"
"316.4270","0.0856","-0.0167"
"316.4470","0.0852","-0.0026"
"316.4670","0.0849","0.0431"
"316.4870","0.0846","0.0180"
"316.5070","0.0843","0.0000"
"316.5270","0.0840","-0.0184"
"316.5470","0.0837","-0.0151"
"316.5670","0.0834","0.0273"
"316.5870","0.0830","0.0012"
"316.6070","0.0826","0.0027"
"316.6270","0.0821","0.0638"
"316.6470","0.0818","0.0562"
"316.6670","0.0815","0.0182"
"316.6870","0.0812","0.0382"
"316.7070","0.0809","0.0280"
"316.7270","0.0806","0.0045"
"316.7470","0.0803","0.0223"
"316.7670","0.0799","0.0659"
"316.7870","0.0796","0.0843"
"316.8070","0.0793","0.0166"
"316.8270","0.0790","-0.0105"
"316.8470","0.0787","-0.0238"
"316.8670","0.0784","-0.0305"
"316.8870","0.0781","-0.0775"
"316.9070","0.0776","-0.0688"
"316.9270","0.0772","-0.0107"
"316.9470","0.0767","-0.0057"
"316.9670","0.0763","-0.0333"
"316.9870","0.0761","-0.1008"
"317.0070","0.0759","-0.0731"
"317.0270","0.0756","-0.0123"
"317.0470","0.0754","-0.0206"
"317.0670","0.0751","0.0313"
"317.0870","0.0747","0.0389"
"317.1070","0.0743","-0.0117"
"317.1270","0.0739","0.0496"
"317.1410","0.0737","0.0397"

