Time,Displacement,Force
(s),(mm),(N)
"0.0000","0.0000","-0.0110"
"0.0200","0.0000","-0.0036"
"0.0400","0.0000","0.0305"
"0.0600","0.0001","0.0693"
"0.0800","0.0002","0.0983"
"0.1000","0.0004","0.1189"
"0.1200","0.0004","-0.0009"
"0.1400","0.0004","-0.0256"
"0.1600","0.0004","-0.0303"
"0.1800","0.0005","0.0884"
"0.2000","0.0007","0.0719"
"0.2200","0.0011","0.0276"
"0.2400","0.0016","0.0274"
"0.2600","0.0022","0.1337"
"0.2800","0.0026","0.1127"
"0.3000","0.0030","0.0492"
"0.3200","0.0033","0.0640"
"0.3400","0.0037","0.0763"
"0.3600","0.0041","-0.0230"
"0.3800","0.0045","0.0071"
"0.4000","0.0049","0.0886"
"0.4200","0.0053","0.2357"
"0.4400","0.0057","0.2007"
"0.4600","0.0060","0.1929"
"0.4800","0.0064","0.1300"
"0.5000","0.0068","0.2020"
"0.5200","0.0072","0.2968"
"0.5400","0.0078","0.2896"
"0.5600","0.0082","0.2044"
"0.5800","0.0086","0.1090"
"0.6000","0.0089","0.1375"
"0.6200","0.0092","0.1374"
"0.6400","0.0095","0.1912"
"0.6600","0.0098","0.2982"
"0.6800","0.0102","0.2525"
"0.7000","0.0105","0.2845"
"0.7200","0.0109","0.2931"
"0.7400","0.0113","0.3495"
"0.7600","0.0116","0.3361"
"0.7800","0.0119","0.2653"
"0.8000","0.0122","0.2884"
"0.8200","0.0126","0.2846"
"0.8400","0.0130","0.2599"
"0.8600","0.0133","0.3347"
"0.8800","0.0137","0.3598"
"0.9000","0.0139","0.3221"
"0.9200","0.0142","0.4038"
"0.9400","0.0144","0.5065"
"0.9600","0.0147","0.4608"
"0.9800","0.0149","0.3469"
"1.0000","0.0153","0.3659"
"1.0200","0.0156","0.3978"
"1.0400","0.0160","0.4011"
"1.0600","0.0164","0.3893"
"1.0800","0.0167","0.4057"
"1.1000","0.0170","0.4959"
"1.1200","0.0173","0.4630"
"1.1400","0.0176","0.3895"
"1.1600","0.0179","0.3658"
"1.1800","0.0183","0.3554"
"1.2000","0.0187","0.4365"
"1.2200","0.0192","0.4876"
"1.2400","0.0196","0.3885"
"1.2600","0.0199","0.4159"
"1.2800","0.0202","0.4073"
"1.3000","0.0204","0.3674"
"1.3200","0.0207","0.3198"
"1.3400","0.0210","0.3551"
"1.3600","0.0213","0.3533"
"1.3800","0.0216","0.3707"
"1.4000","0.0220","0.4814"
"1.4200","0.0224","0.4247"
"1.4400","0.0227","0.4209"
"1.4600","0.0230","0.4332"
"1.4800","0.0234","0.4714"
"1.5000","0.0237","0.5449"
"1.5200","0.0241","0.5385"
"1.5400","0.0245","0.5332"
"1.5600","0.0249","0.4716"
"1.5800","0.0252","0.4311"
"1.6000","0.0255","0.4490"
"1.6200","0.0257","0.4761"
"1.6400","0.0260","0.4716"
"1.6600","0.0262","0.4478"
"1.6800","0.0265","0.4360"
"1.7000","0.0269","0.5436"
"1.7200","0.0273","0.4548"
"1.7400","0.0277","0.4187"
"1.7600","0.0280","0.4380"
"1.7800","0.0283","0.4763"
"1.8000","0.0286","0.4262"
"1.8200","0.0289","0.4125"
"1.8400","0.0292","0.4247"
"1.8600","0.0295","0.4346"
"1.8800","0.0300","0.4206"
"1.9000","0.0304","0.4399"
"1.9200","0.0308","0.4044"
"1.9400","0.0312","0.4589"
"1.9600","0.0315","0.4858"
"1.9800","0.0317","0.4735"
"2.0000","0.0319","0.4995"
"2.0200","0.0322","0.5341"
"2.0400","0.0325","0.4868"
"2.0600","0.0329","0.5058"
"2.0800","0.0333","0.4485"
"2.1000","0.0337","0.4719"
"2.1200","0.0340","0.4942"
"2.1400","0.0344","0.4050"
"2.1600","0.0347","0.4623"
"2.1800","0.0350","0.4585"
"2.2000","0.0354","0.4168"
"2.2200","0.0358","0.4491"
"2.2400","0.0362","0.4124"
"2.2600","0.0366","0.3792"
"2.2800","0.0369","0.5175"
"2.3000","0.0372","0.5315"
"2.3200","0.0374","0.4337"
"2.3400","0.0377","0.5527"
"2.3600","0.0380","0.5335"
"2.3800","0.0383","0.4569"
"2.4000","0.0387","0.4530"
"2.4200","0.0391","0.4663"
"2.4400","0.0395","0.4835"
"2.4600","0.0398","0.4985"
"2.4800","0.0400","0.4687"
"2.5000","0.0403","0.4483"
"2.5200","0.0406","0.5066"
"2.5400","0.0409","0.5238"
"2.5600","0.0413","0.3757"
"2.5800","0.0418","0.4293"
"2.6000","0.0422","0.4265"
"2.6200","0.0426","0.5242"
"2.6400","0.0429","0.5424"
"2.6600","0.0431","0.4995"
"2.6800","0.0433","0.4267"
"2.7000","0.0436","0.5059"
"2.7200","0.0439","0.4931"
"2.7400","0.0442","0.4241"
"2.7600","0.0446","0.4050"
"2.7800","0.0450","0.5159"
"2.8000","0.0454","0.5398"
"2.8200","0.0457","0.5188"
"2.8400","0.0461","0.4782"
"2.8600","0.0464","0.4976"
"2.8800","0.0467","0.4667"
"2.9000","0.0471","0.5144"
"2.9200","0.0474","0.4843"
"2.9400","0.0478","0.5133"
"2.9600","0.0482","0.5232"
"2.9800","0.0485","0.5523"
"3.0000","0.0487","0.5182"
"3.0200","0.0490","0.5519"
"3.0400","0.0492","0.5783"
"3.0600","0.0495","0.5422"
"3.0800","0.0499","0.5323"
"3.1000","0.0503","0.5594"
"3.1200","0.0507","0.6051"
"3.1400","0.0511","0.6170"
"3.1600","0.0514","0.6262"
"3.1800","0.0516","0.6182"
"3.2000","0.0519","0.6998"
"3.2200","0.0522","0.5983"
"3.2400","0.0526","0.4863"
"3.2600","0.0530","0.4624"
"3.2800","0.0535","0.4759"
"3.3000","0.0540","0.5086"
"3.3200","0.0543","0.4565"
"3.3400","0.0546","0.4130"
"3.3600","0.0548","0.5045"
"3.3800","0.0550","0.5145"
"3.4000","0.0553","0.4745"
"3.4200","0.0556","0.4946"
"3.4400","0.0560","0.4266"
"3.4600","0.0564","0.4596"
"3.4800","0.0568","0.5856"
"3.5000","0.0571","0.5866"
"3.5200","0.0574","0.5694"
"3.5400","0.0577","0.5479"
"3.5600","0.0581","0.5166"
"3.5800","0.0584","0.5304"
"3.6000","0.0588","0.5510"
"3.6200","0.0592","0.5648"
"3.6400","0.0595","0.5938"
"3.6600","0.0598","0.5560"
"3.6800","0.0601","0.6506"
"3.7000","0.0603","0.5443"
"3.7200","0.0606","0.4473"
"3.7400","0.0609","0.5218"
"3.7600","0.0612","0.5657"
"3.7800","0.0616","0.5751"
"3.8000","0.0620","0.5857"
"3.8200","0.0623","0.5707"
"3.8400","0.0627","0.5629"
"3.8600","0.0629","0.5410"
"3.8800","0.0632","0.5208"
"3.9000","0.0635","0.5370"
"3.9200","0.0638","0.5961"
"3.9400","0.0643","0.6476"
"3.9600","0.0647","0.6379"
"3.9800","0.0652","0.6014"
"4.0000","0.0656","0.5583"
"4.0200","0.0659","0.6026"
"4.0400","0.0662","0.5668"
"4.0600","0.0664","0.6212"
"4.0800","0.0666","0.6538"
"4.1000","0.0669","0.6076"
"4.1200","0.0673","0.5683"
"4.1400","0.0677","0.6037"
"4.1600","0.0680","0.6239"
"4.1800","0.0684","0.6739"
"4.2000","0.0688","0.6894"
"4.2200","0.0691","0.6282"
"4.2400","0.0694","0.6326"
"4.2600","0.0698","0.6673"
"4.2800","0.0701","0.6323"
"4.3000","0.0705","0.6266"
"4.3200","0.0709","0.6067"
"4.3400","0.0713","0.5602"
"4.3600","0.0715","0.5886"
"4.3800","0.0718","0.6040"
"4.4000","0.0720","0.6278"
"4.4200","0.0723","0.5782"
"4.4400","0.0727","0.5964"
"4.4600","0.0730","0.6072"
"4.4800","0.0734","0.6050"
"4.5000","0.0738","0.6444"
"4.5200","0.0741","0.5925"
"4.5400","0.0744","0.6140"
"4.5600","0.0746","0.5831"
"4.5800","0.0749","0.6248"
"4.6000","0.0752","0.6663"
"4.6200","0.0756","0.5569"
"4.6400","0.0760","0.5642"
"4.6600","0.0765","0.5436"
"4.6800","0.0769","0.6229"
"4.7000","0.0772","0.6003"
"4.7200","0.0775","0.6479"
"4.7400","0.0777","0.6791"
"4.7600","0.0779","0.6703"
"4.7800","0.0782","0.6169"
"4.8000","0.0785","0.6742"
"4.8200","0.0789","0.6077"
"4.8400","0.0792","0.6080"
"4.8600","0.0796","0.6465"
"4.8800","0.0799","0.6850"
"4.9000","0.0803","0.6044"
"4.9200","0.0806","0.5408"
"4.9400","0.0809","0.4833"
"4.9600","0.0813","0.4725"
"4.9800","0.0817","0.5380"
"5.0000","0.0821","0.6263"
"5.0200","0.0825","0.7029"
"5.0400","0.0828","0.6801"
"5.0600","0.0831","0.6467"
"5.0800","0.0833","0.5328"
"5.1000","0.0836","0.5285"
"5.1200","0.0839","0.5634"
"5.1400","0.0842","0.6211"
"5.1600","0.0846","0.6370"
"5.1800","0.0850","0.6314"
"5.2000","0.0854","0.6507"
"5.2200","0.0857","0.5711"
"5.2400","0.0860","0.4942"
"5.2600","0.0863","0.5652"
"5.2800","0.0866","0.6329"
"5.3000","0.0869","0.6329"
"5.3200","0.0873","0.6389"
"5.3400","0.0878","0.6547"
"5.3600","0.0883","0.5714"
"5.3800","0.0886","0.5370"
"5.4000","0.0889","0.5797"
"5.4200","0.0891","0.5327"
"5.4400","0.0894","0.6101"
"5.4600","0.0896","0.6636"
"5.4800","0.0899","0.6488"
"5.5000","0.0903","0.6040"
"5.5200","0.0907","0.6263"
"5.5400","0.0911","0.5645"
"5.5600","0.0914","0.5817"
"5.5800","0.0917","0.5978"
"5.6000","0.0920","0.5855"
"5.6200","0.0923","0.5668"
"5.6400","0.0927","0.5912"
"5.6600","0.0931","0.6445"
"5.6800","0.0935","0.6578"
"5.7000","0.0939","0.5772"
"5.7200","0.0942","0.5167"
"5.7400","0.0945","0.5234"
"5.7600","0.0947","0.6097"
"5.7800","0.0950","0.5786"
"5.8000","0.0953","0.6388"
"5.8200","0.0956","0.6762"
"5.8400","0.0960","0.7029"
"5.8600","0.0963","0.7098"
"5.8800","0.0967","0.7745"
"5.9000","0.0970","0.7222"
"5.9200","0.0973","0.6514"
"5.9400","0.0976","0.6094"
"5.9600","0.0979","0.5974"
"5.9800","0.0982","0.5952"
"6.0000","0.0986","0.6794"
"6.0200","0.0990","0.6835"
"6.0400","0.0995","0.6884"
"6.0600","0.0999","0.6697"
"6.0800","0.1003","0.5505"
"6.1000","0.1005","0.5484"
"6.1200","0.1007","0.6381"
"6.1400","0.1010","0.6613"
"6.1600","0.1013","0.6237"
"6.1800","0.1016","0.6344"
"6.2000","0.1020","0.6344"
"6.2200","0.1024","0.6943"
"6.2400","0.1027","0.6489"
"6.2600","0.1031","0.6575"
"6.2800","0.1034","0.6325"
"6.3000","0.1037","0.6171"
"6.3200","0.1040","0.6829"
"6.3400","0.1044","0.6570"
"6.3600","0.1048","0.5621"
"6.3800","0.1053","0.5779"
"6.4000","0.1056","0.6169"
"6.4200","0.1059","0.6414"
"6.4400","0.1061","0.7536"
"6.4600","0.1064","0.7252"
"6.4800","0.1066","0.6189"
"6.5000","0.1070","0.6505"
"6.5200","0.1073","0.7095"
"6.5400","0.1077","0.7207"
"6.5600","0.1081","0.7137"
"6.5800","0.1084","0.7711"
"6.6000","0.1087","0.7822"
"6.6200","0.1090","0.7318"
"6.6400","0.1092","0.6878"
"6.6600","0.1095","0.7006"
"6.6800","0.1099","0.6618"
"6.7000","0.1103","0.7105"
"6.7200","0.1108","0.7320"
"6.7400","0.1112","0.7424"
"6.7600","0.1116","0.7036"
"6.7800","0.1119","0.7386"
"6.8000","0.1121","0.7133"
"6.8200","0.1123","0.6609"
"6.8400","0.1126","0.6816"
"6.8600","0.1129","0.6429"
"6.8800","0.1133","0.7188"
"6.9000","0.1137","0.8063"
"6.9200","0.1141","0.7038"
"6.9400","0.1144","0.7206"
"6.9600","0.1147","0.8074"
"6.9800","0.1150","0.7838"
"7.0000","0.1153","0.7432"
"7.0200","0.1157","0.6395"
"7.0400","0.1161","0.6498"
"7.0600","0.1165","0.6594"
"7.0800","0.1169","0.6878"
"7.1000","0.1172","0.7258"
"7.1200","0.1175","0.7982"
"7.1400","0.1177","0.7699"
"7.1600","0.1180","0.7147"
"7.1800","0.1183","0.7231"
"7.2000","0.1186","0.7169"
"7.2200","0.1190","0.6749"
"7.2400","0.1194","0.6542"
"7.2600","0.1197","0.6965"
"7.2800","0.1201","0.7066"
"7.3000","0.1203","0.6209"
"7.3200","0.1206","0.6271"
"7.3400","0.1209","0.6935"
"7.3600","0.1212","0.7022"
"7.3800","0.1216","0.6615"
"7.4000","0.1220","0.6535"
"7.4200","0.1225","0.6839"
"7.4400","0.1229","0.7917"
"7.4600","0.1232","0.8627"
"7.4800","0.1234","0.7476"
"7.5000","0.1237","0.6654"
"7.5200","0.1239","0.7121"
"7.5400","0.1242","0.7336"
"7.5600","0.1246","0.7033"
"7.5800","0.1250","0.7362"
"7.6000","0.1254","0.8015"
"7.6200","0.1257","0.8212"
"7.6400","0.1261","0.8060"
"7.6600","0.1264","0.7875"
"7.6800","0.1267","0.6996"
"7.7000","0.1270","0.7246"
"7.7200","0.1274","0.7611"
"7.7400","0.1278","0.8117"
"7.7600","0.1282","0.8036"
"7.7800","0.1286","0.7139"
"7.8000","0.1289","0.6386"
"7.8200","0.1291","0.7486"
"7.8400","0.1293","0.8342"
"7.8600","0.1296","0.8154"
"7.8800","0.1300","0.7434"
"7.9000","0.1303","0.7397"
"7.9200","0.1307","0.8514"
"7.9400","0.1310","0.8295"
"7.9600","0.1314","0.8360"
"7.9800","0.1317","0.8142"
"8.0000","0.1319","0.7211"
"8.0200","0.1322","0.6629"
"8.0400","0.1325","0.6715"
"8.0600","0.1329","0.6884"
"8.0800","0.1333","0.7322"
"8.1000","0.1338","0.7906"
"8.1200","0.1342","0.8610"
"8.1400","0.1345","0.8732"
"8.1600","0.1348","0.8401"
"8.1800","0.1351","0.7936"
"8.2000","0.1353","0.7665"
"8.2200","0.1356","0.7569"
"8.2400","0.1359","0.7395"
"8.2600","0.1363","0.7581"
"8.2800","0.1367","0.7835"
"8.3000","0.1370","0.7475"
"8.3200","0.1374","0.7341"
"8.3400","0.1377","0.7171"
"8.3600","0.1380","0.7748"
"8.3800","0.1383","0.7760"
"8.4000","0.1387","0.7981"
"8.4200","0.1391","0.7197"
"8.4400","0.1395","0.7430"
"8.4600","0.1399","0.8843"
"8.4800","0.1402","0.8871"
"8.5000","0.1405","0.8171"
"8.5200","0.1407","0.7862"
"8.5400","0.1410","0.8181"
"8.5600","0.1413","0.8734"
"8.5800","0.1416","0.8072"
"8.6000","0.1420","0.7837"
"8.6200","0.1424","0.8798"
"8.6400","0.1427","0.8852"
"8.6600","0.1431","0.8279"
"8.6800","0.1433","0.7588"
"8.7000","0.1436","0.7426"
"8.7200","0.1439","0.7466"
"8.7400","0.1442","0.7459"
"8.7600","0.1446","0.7496"
"8.7800","0.1451","0.8594"
"8.8000","0.1455","0.8360"
"8.8200","0.1459","0.8189"
"8.8400","0.1462","0.8003"
"8.8600","0.1465","0.8038"
"8.8800","0.1467","0.8498"
"8.9000","0.1469","0.7822"
"8.9200","0.1472","0.7666"
"8.9400","0.1476","0.7808"
"8.9600","0.1480","0.8399"
"8.9800","0.1484","0.8293"
"9.0000","0.1487","0.8177"
"9.0200","0.1490","0.7970"
"9.0400","0.1493","0.7597"
"9.0600","0.1497","0.7178"
"9.0800","0.1500","0.6915"
"9.1000","0.1504","0.6775"
"9.1200","0.1508","0.7555"
"9.1400","0.1512","0.7412"
"9.1600","0.1516","0.7668"
"9.1800","0.1518","0.8156"
"9.2000","0.1521","0.8263"
"9.2200","0.1523","0.8497"
"9.2400","0.1526","0.8134"
"9.2600","0.1529","0.7832"
"9.2800","0.1533","0.7782"
"9.3000","0.1537","0.7382"
"9.3200","0.1541","0.7930"
"9.3400","0.1544","0.7591"
"9.3600","0.1547","0.7592"
"9.3800","0.1550","0.7997"
"9.4000","0.1553","0.8421"
"9.4200","0.1556","0.7476"
"9.4400","0.1559","0.7659"
"9.4600","0.1563","0.7464"
"9.4800","0.1568","0.7877"
"9.5000","0.1572","0.8198"
"9.5200","0.1576","0.8627"
"9.5400","0.1579","0.8443"
"9.5600","0.1581","0.7756"
"9.5800","0.1583","0.7308"
"9.6000","0.1586","0.7094"
"9.6200","0.1589","0.7427"
"9.6400","0.1593","0.7604"
"9.6600","0.1597","0.7796"
"9.6800","0.1601","0.8585"
"9.7000","0.1604","0.8834"
"9.7200","0.1607","0.8360"
"9.7400","0.1610","0.8577"
"9.7600","0.1613","0.7992"
"9.7800","0.1617","0.7996"
"9.8000","0.1622","0.7621"
"9.8200","0.1626","0.7975"
"9.8400","0.1629","0.8526"
"9.8600","0.1632","0.8492"
"9.8800","0.1635","0.8992"
"9.9000","0.1637","0.8336"
"9.9200","0.1640","0.8062"
"9.9400","0.1643","0.8605"
"9.9600","0.1646","0.8916"
"9.9800","0.1650","0.8365"
"10.0000","0.1654","0.8464"
"10.0200","0.1658","0.8348"
"10.0400","0.1661","0.8538"
"10.0600","0.1663","0.9096"
"10.0800","0.1666","0.9592"
"10.1000","0.1669","0.9920"
"10.1200","0.1672","0.9525"
"10.1400","0.1676","0.9349"
"10.1600","0.1681","1.0166"
"10.1800","0.1685","0.9838"
"10.2000","0.1689","0.9609"
"10.2200","0.1692","1.0210"
"10.2400","0.1694","1.0646"
"10.2600","0.1697","1.0553"
"10.2800","0.1699","1.0145"
"10.3000","0.1702","0.9447"
"10.3200","0.1706","0.9499"
"10.3400","0.1710","0.8979"
"10.3600","0.1714","0.9395"
"10.3800","0.1717","1.0187"
"10.4000","0.1720","1.0423"
"10.4200","0.1723","1.1234"
"10.4400","0.1727","1.1063"
"10.4600","0.1730","1.0673"
"10.4800","0.1734","1.1125"
"10.5000","0.1738","1.1021"
"10.5200","0.1742","1.0042"
"10.5400","0.1745","0.9955"
"10.5600","0.1748","1.0318"
"10.5800","0.1750","1.0047"
"10.6000","0.1753","1.0445"
"10.6200","0.1756","1.0683"
"10.6400","0.1759","1.0848"
"10.6600","0.1763","1.0848"
"10.6800","0.1767","1.1454"
"10.7000","0.1771","1.1821"
"10.7200","0.1774","1.0909"
"10.7400","0.1777","1.0721"
"10.7600","0.1780","1.1084"
"10.7800","0.1782","1.1054"
"10.8000","0.1785","1.1151"
"10.8200","0.1789","1.0732"
"10.8400","0.1794","1.0811"
"10.8600","0.1798","1.0844"
"10.8800","0.1803","1.1389"
"10.9000","0.1806","1.1412"
"10.9200","0.1809","1.1746"
"10.9400","0.1811","1.1524"
"10.9600","0.1813","1.1108"
"10.9800","0.1816","1.1814"
"11.0000","0.1819","1.1868"
"11.0200","0.1823","1.1128"
"11.0400","0.1826","1.1180"
"11.0600","0.1830","1.1074"
"11.0800","0.1833","1.1861"
"11.1000","0.1836","1.1804"
"11.1200","0.1840","1.2166"
"11.1400","0.1843","1.1557"
"11.1600","0.1847","1.0830"
"11.1800","0.1851","1.0991"
"11.2000","0.1855","1.2101"
"11.2200","0.1859","1.2162"
"11.2400","0.1862","1.2091"
"11.2600","0.1865","1.1371"
"11.2800","0.1867","1.1152"
"11.3000","0.1870","1.1351"
"11.3200","0.1873","1.1788"
"11.3400","0.1876","1.1621"
"11.3600","0.1880","1.1279"
"11.3800","0.1884","1.1676"
"11.4000","0.1888","1.2207"
"11.4200","0.1891","1.2148"
"11.4400","0.1893","1.1790"
"11.4600","0.1896","1.2208"
"11.4800","0.1899","1.1723"
"11.5000","0.1902","1.2160"
"11.5200","0.1907","1.3377"
"11.5400","0.1911","1.3336"
"11.5600","0.1916","1.3304"
"11.5800","0.1919","1.3472"
"11.6000","0.1922","1.3110"
"11.6200","0.1925","1.2454"
"11.6400","0.1927","1.2082"
"11.6600","0.1930","1.2961"
"11.6800","0.1932","1.3553"
"11.7000","0.1936","1.3167"
"11.7200","0.1939","1.2826"
"11.7400","0.1943","1.3323"
"11.7600","0.1947","1.3499"
"11.7800","0.1950","1.3631"
"11.8000","0.1953","1.3226"
"11.8200","0.1956","1.3271"
"11.8400","0.1960","1.4637"
"11.8600","0.1964","1.4251"
"11.8800","0.1968","1.3991"
"11.9000","0.1972","1.4396"
"11.9200","0.1976","1.4081"
"11.9400","0.1978","1.3647"
"11.9600","0.1981","1.3456"
"11.9800","0.1983","1.3675"
"12.0000","0.1986","1.3405"
"12.0200","0.1989","1.3206"
"12.0400","0.1993","1.4393"
"12.0600","0.1997","1.4545"
"12.0800","0.2001","1.4405"
"12.1000","0.2004","1.3749"
"12.1200","0.2007","1.3312"
"12.1400","0.2010","1.3614"
"12.1600","0.2012","1.4116"
"12.1800","0.2016","1.4092"
"12.2000","0.2019","1.4296"
"12.2200","0.2024","1.4760"
"12.2400","0.2028","1.5061"
"12.2600","0.2033","1.5148"
"12.2800","0.2036","1.5033"
"12.3000","0.2038","1.4848"
"12.3200","0.2041","1.4782"
"12.3400","0.2043","1.4379"
"12.3600","0.2046","1.4126"
"12.3800","0.2049","1.4054"
"12.4000","0.2053","1.4400"
"12.4200","0.2056","1.4816"
"12.4400","0.2060","1.5062"
"12.4600","0.2064","1.5227"
"12.4800","0.2067","1.5567"
"12.5000","0.2070","1.5698"
"12.5200","0.2073","1.5578"
"12.5400","0.2077","1.5234"
"12.5600","0.2081","1.5593"
"12.5800","0.2086","1.4898"
"12.6000","0.2089","1.5103"
"12.6200","0.2092","1.5137"
"12.6400","0.2094","1.5004"
"12.6600","0.2097","1.5417"
"12.6800","0.2099","1.5890"
"12.7000","0.2102","1.5545"
"12.7200","0.2106","1.5777"
"12.7400","0.2110","1.6372"
"12.7600","0.2114","1.6220"
"12.7800","0.2117","1.6430"
"12.8000","0.2121","1.6186"
"12.8200","0.2123","1.5133"
"12.8400","0.2126","1.5528"
"12.8600","0.2129","1.6089"
"12.8800","0.2132","1.6571"
"12.9000","0.2136","1.5969"
"12.9200","0.2141","1.5794"
"12.9400","0.2146","1.5932"
"12.9600","0.2150","1.5960"
"12.9800","0.2153","1.6828"
"13.0000","0.2155","1.7060"
"13.0200","0.2157","1.7014"
"13.0400","0.2160","1.6182"
"13.0600","0.2163","1.5782"
"13.0800","0.2166","1.5225"
"13.1000","0.2170","1.5792"
"13.1200","0.2174","1.6993"
"13.1400","0.2177","1.7775"
"13.1600","0.2180","1.8317"
"13.1800","0.2183","1.8273"
"13.2000","0.2187","1.7713"
"13.2200","0.2190","1.6516"
"13.2400","0.2194","1.6733"
"13.2600","0.2198","1.6976"
"13.2800","0.2202","1.6800"
"13.3000","0.2205","1.6822"
"13.3200","0.2208","1.6714"
"13.3400","0.2210","1.6911"
"13.3600","0.2213","1.6888"
"13.3800","0.2216","1.6402"
"13.4000","0.2219","1.5995"
"13.4200","0.2223","1.6374"
"13.4400","0.2227","1.6576"
"13.4600","0.2231","1.7086"
"13.4800","0.2234","1.6013"
"13.5000","0.2237","1.6052"
"13.5200","0.2240","1.6308"
"13.5400","0.2242","1.6596"
"13.5600","0.2245","1.6269"
"13.5800","0.2249","1.6634"
"13.6000","0.2254","1.6975"
"13.6200","0.2259","1.6806"
"13.6400","0.2263","1.6554"
"13.6600","0.2266","1.6734"
"13.6800","0.2269","1.7549"
"13.7000","0.2271","1.8230"
"13.7200","0.2273","1.7528"
"13.7400","0.2276","1.7487"
"13.7600","0.2279","1.7400"
"13.7800","0.2283","1.6865"
"13.8000","0.2287","1.7738"
"13.8200","0.2290","1.7916"
"13.8400","0.2294","1.7736"
"13.8600","0.2297","1.7935"
"13.8800","0.2300","1.7928"
"13.9000","0.2303","1.7231"
"13.9200","0.2307","1.7380"
"13.9400","0.2311","1.7469"
"13.9600","0.2315","1.7258"
"13.9800","0.2319","1.7556"
"14.0000","0.2322","1.8332"
"14.0200","0.2324","1.8468"
"14.0400","0.2327","1.7719"
"14.0600","0.2329","1.7636"
"14.0800","0.2332","1.7567"
"14.1000","0.2336","1.7568"
"14.1200","0.2340","1.8565"
"14.1400","0.2344","1.8075"
"14.1600","0.2348","1.7668"
"14.1800","0.2351","1.7503"
"14.2000","0.2353","1.8039"
"14.2200","0.2356","1.8044"
"14.2400","0.2359","1.7677"
"14.2600","0.2363","1.7509"
"14.2800","0.2367","1.8406"
"14.3000","0.2371","1.8927"
"14.3200","0.2376","1.9065"
"14.3400","0.2380","1.8342"
"14.3600","0.2382","1.7972"
"14.3800","0.2385","1.8394"
"14.4000","0.2387","1.7989"
"14.4200","0.2390","1.7833"
"14.4400","0.2393","1.8537"
"14.4600","0.2396","1.7967"
"14.4800","0.2400","1.7810"
"14.5000","0.2404","1.7998"
"14.5200","0.2407","1.8547"
"14.5400","0.2410","1.8923"
"14.5600","0.2413","1.8448"
"14.5800","0.2416","1.8818"
"14.6000","0.2420","1.9400"
"14.6200","0.2424","1.8507"
"14.6400","0.2428","1.8307"
"14.6600","0.2432","1.8537"
"14.6800","0.2435","1.9384"
"14.7000","0.2438","1.9878"
"14.7200","0.2440","2.0228"
"14.7400","0.2443","2.0577"
"14.7600","0.2445","2.0772"
"14.7800","0.2449","2.0187"
"14.8000","0.2452","2.0688"
"14.8200","0.2456","1.9982"
"14.8400","0.2460","1.8964"
"14.8600","0.2464","1.9383"
"14.8800","0.2467","1.9747"
"14.9000","0.2470","1.9345"
"14.9200","0.2473","1.9355"
"14.9400","0.2476","1.8874"
"14.9600","0.2480","1.9325"
"14.9800","0.2484","1.9444"
"15.0000","0.2489","2.0200"
"15.0200","0.2493","1.9620"
"15.0400","0.2496","1.9721"
"15.0600","0.2498","2.0181"
"15.0800","0.2501","2.0566"
"15.1000","0.2503","2.0812"
"15.1200","0.2506","1.9587"
"15.1400","0.2509","1.8962"
"15.1600","0.2513","1.8809"
"15.1800","0.2517","1.8577"
"15.2000","0.2521","1.9098"
"15.2200","0.2524","2.0107"
"15.2400","0.2527","1.9616"
"15.2600","0.2530","1.9319"
"15.2800","0.2534","1.9447"
"15.3000","0.2538","1.9537"
"15.3200","0.2542","1.9250"
"15.3400","0.2545","1.9288"
"15.3600","0.2549","1.9515"
"15.3800","0.2551","2.0119"
"15.4000","0.2554","1.9983"
"15.4200","0.2556","2.0057"
"15.4400","0.2559","1.9930"
"15.4600","0.2562","1.9888"
"15.4800","0.2566","2.0403"
"15.5000","0.2570","2.0322"
"15.5200","0.2574","2.0012"
"15.5400","0.2577","2.0566"
"15.5600","0.2580","2.1357"
"15.5800","0.2583","2.1131"
"15.6000","0.2586","2.0828"
"15.6200","0.2589","2.0942"
"15.6400","0.2592","2.0468"
"15.6600","0.2596","2.0547"
"15.6800","0.2601","2.0460"
"15.7000","0.2605","2.0620"
"15.7200","0.2609","2.0500"
"15.7400","0.2612","2.1134"
"15.7600","0.2614","2.1164"
"15.7800","0.2617","2.0555"
"15.8000","0.2620","2.0410"
"15.8200","0.2623","2.0225"
"15.8400","0.2626","2.0804"
"15.8600","0.2630","2.1259"
"15.8800","0.2634","2.1654"
"15.9000","0.2637","2.1498"
"15.9200","0.2640","2.0689"
"15.9400","0.2644","2.0175"
"15.9600","0.2647","2.0192"
"15.9800","0.2651","2.0776"
"16.0000","0.2655","2.0869"
"16.0200","0.2659","2.0521"
"16.0400","0.2662","2.1026"
"16.0600","0.2665","2.1099"
"16.0800","0.2668","2.0862"
"16.1000","0.2670","2.0386"
"16.1200","0.2673","2.0771"
"16.1400","0.2675","2.1421"
"16.1600","0.2679","2.1331"
"16.1800","0.2683","2.1619"
"16.2000","0.2686","2.1708"
"16.2200","0.2690","2.1541"
"16.2400","0.2693","2.1126"
"16.2600","0.2696","2.0773"
"16.2800","0.2699","2.1613"
"16.3000","0.2702","2.2160"
"16.3200","0.2705","2.2504"
"16.3400","0.2709","2.1795"
"16.3600","0.2714","2.1991"
"16.3800","0.2719","2.2348"
"16.4000","0.2723","2.2350"
"16.4200","0.2725","2.1614"
"16.4400","0.2728","2.1421"
"16.4600","0.2730","2.2493"
"16.4800","0.2733","2.2930"
"16.5000","0.2736","2.1731"
"16.5200","0.2739","2.1125"
"16.5400","0.2743","2.1066"
"16.5600","0.2747","2.1817"
"16.5800","0.2751","2.2102"
"16.6000","0.2754","2.2684"
"16.6200","0.2757","2.2554"
"16.6400","0.2760","2.2680"
"16.6600","0.2764","2.2681"
"16.6800","0.2768","2.3052"
"16.7000","0.2772","2.2636"
"16.7200","0.2775","2.2717"
"16.7400","0.2779","2.3016"
"16.7600","0.2782","2.3101"
"16.7800","0.2784","2.3556"
"16.8000","0.2787","2.2985"
"16.8200","0.2789","2.1824"
"16.8400","0.2793","2.2648"
"16.8600","0.2796","2.3536"
"16.8800","0.2800","2.3676"
"16.9000","0.2804","2.3807"
"16.9200","0.2807","2.4062"
"16.9400","0.2810","2.3689"
"16.9600","0.2813","2.3805"
"16.9800","0.2816","2.3762"
"17.0000","0.2819","2.3369"
"17.0200","0.2823","2.1981"
"17.0400","0.2827","2.2749"
"17.0600","0.2832","2.4349"
"17.0800","0.2836","2.5646"
"17.1000","0.2840","2.5707"
"17.1200","0.2842","2.5015"
"17.1400","0.2844","2.4549"
"17.1600","0.2846","2.4466"
"17.1800","0.2849","2.4444"
"17.2000","0.2853","2.4424"
"17.2200","0.2856","2.5268"
"17.2400","0.2860","2.5550"
"17.2600","0.2864","2.5002"
"17.2800","0.2868","2.4669"
"17.3000","0.2871","2.4772"
"17.3200","0.2874","2.5227"
"17.3400","0.2877","2.5927"
"17.3600","0.2881","2.5659"
"17.3800","0.2885","2.4904"
"17.4000","0.2889","2.5135"
"17.4200","0.2892","2.5150"
"17.4400","0.2895","2.5003"
"17.4600","0.2897","2.5422"
"17.4800","0.2900","2.5169"
"17.5000","0.2903","2.5690"
"17.5200","0.2906","2.5839"
"17.5400","0.2909","2.6301"
"17.5600","0.2913","2.6684"
"17.5800","0.2917","2.6558"
"17.6000","0.2921","2.6547"
"17.6200","0.2924","2.6303"
"17.6400","0.2926","2.5611"
"17.6600","0.2929","2.5590"
"17.6800","0.2932","2.6110"
"17.7000","0.2936","2.6643"
"17.7200","0.2940","2.6534"
"17.7400","0.2945","2.6363"
"17.7600","0.2949","2.6491"
"17.7800","0.2953","2.6115"
"17.8000","0.2956","2.6676"
"17.8200","0.2958","2.7317"
"17.8400","0.2960","2.6422"
"17.8600","0.2963","2.6295"
"17.8800","0.2966","2.5777"
"17.9000","0.2969","2.6232"
"17.9200","0.2973","2.6580"
"17.9400","0.2978","2.7151"
"17.9600","0.2981","2.6746"
"17.9800","0.2985","2.8120"
"18.0000","0.2988","2.8079"
"18.0200","0.2991","2.7760"
"18.0400","0.2994","2.7536"
"18.0600","0.2998","2.7536"
"18.0800","0.3002","2.7921"
"18.1000","0.3005","2.7464"
"18.1200","0.3008","2.8075"
"18.1400","0.3011","2.8419"
"18.1600","0.3014","2.7978"
"18.1800","0.3016","2.8098"
"18.2000","0.3019","2.8503"
"18.2200","0.3022","2.8259"
"18.2400","0.3026","2.8861"
"18.2600","0.3029","2.9118"
"18.2800","0.3033","2.8085"
"18.3000","0.3037","2.7895"
"18.3200","0.3040","2.8826"
"18.3400","0.3042","2.9857"
"18.3600","0.3045","2.9678"
"18.3800","0.3048","3.0145"
"18.4000","0.3052","2.9400"
"18.4200","0.3057","2.8221"
"18.4400","0.3062","2.8863"
"18.4600","0.3066","2.9441"
"18.4800","0.3070","2.8999"
"18.5000","0.3072","2.9280"
"18.5200","0.3074","2.9445"
"18.5400","0.3076","2.9938"
"18.5600","0.3079","2.9934"
"18.5800","0.3083","3.0286"
"18.6000","0.3086","3.0475"
"18.6200","0.3090","3.0671"
"18.6400","0.3094","3.0715"
"18.6600","0.3097","2.9181"
"18.6800","0.3100","2.8779"
"18.7000","0.3103","2.8690"
"18.7200","0.3107","2.9702"
"18.7400","0.3110","3.0821"
"18.7600","0.3114","3.1273"
"18.7800","0.3118","3.0862"
"18.8000","0.3122","3.1290"
"18.8200","0.3125","3.1932"
"18.8400","0.3127","3.1118"
"18.8600","0.3130","3.0257"
"18.8800","0.3133","3.0165"
"18.9000","0.3136","3.0168"
"18.9200","0.3139","3.0697"
"18.9400","0.3143","3.1033"
"18.9600","0.3147","3.1777"
"18.9800","0.3150","3.0757"
"19.0000","0.3153","2.9851"
"19.0200","0.3156","3.0508"
"19.0400","0.3159","3.0584"
"19.0600","0.3162","3.0434"
"19.0800","0.3165","3.0088"
"19.1000","0.3170","3.0376"
"19.1200","0.3174","3.0617"
"19.1400","0.3179","3.1126"
"19.1600","0.3183","3.1412"
"19.1800","0.3186","3.1440"
"19.2000","0.3188","3.1927"
"19.2200","0.3190","3.1263"
"19.2400","0.3193","3.1475"
"19.2600","0.3196","3.1414"
"19.2800","0.3199","3.0905"
"19.3000","0.3203","3.1923"
"19.3200","0.3207","3.2674"
"19.3400","0.3210","3.2538"
"19.3600","0.3214","3.2500"
"19.3800","0.3217","3.2768"
"19.4000","0.3220","3.1379"
"19.4200","0.3224","3.1082"
"19.4400","0.3228","3.1487"
"19.4600","0.3232","3.2672"
"19.4800","0.3236","3.3251"
"19.5000","0.3239","3.2926"
"19.5200","0.3241","3.3222"
"19.5400","0.3244","3.2756"
"19.5600","0.3246","3.2095"
"19.5800","0.3249","3.2576"
"19.6000","0.3253","3.3013"
"19.6200","0.3256","3.2522"
"19.6400","0.3260","3.2336"
"19.6600","0.3264","3.1795"
"19.6800","0.3267","3.2728"
"19.7000","0.3270","3.3423"
"19.7200","0.3273","3.3811"
"19.7400","0.3275","3.3611"
"19.7600","0.3279","3.3671"
"19.7800","0.3283","3.3932"
"19.8000","0.3287","3.3561"
"19.8200","0.3292","3.4129"
"19.8400","0.3296","3.4275"
"19.8600","0.3299","3.4097"
"19.8800","0.3301","3.3940"
"19.9000","0.3304","3.4061"
"19.9200","0.3306","3.4950"
"19.9400","0.3309","3.5353"
"19.9600","0.3313","3.4814"
"19.9800","0.3317","3.4316"
"20.0000","0.3320","3.4575"
"20.0200","0.3324","3.5522"
"20.0400","0.3327","3.5464"
"20.0600","0.3330","3.5056"
"20.0800","0.3333","3.5503"
"20.1000","0.3337","3.5428"
"20.1200","0.3341","3.5524"
"20.1400","0.3345","3.5574"
"20.1600","0.3349","3.5288"
"20.1800","0.3352","3.5140"
"20.2000","0.3355","3.4649"
"20.2200","0.3357","3.5102"
"20.2400","0.3360","3.5119"
"20.2600","0.3363","3.4727"
"20.2800","0.3366","3.4947"
"20.3000","0.3370","3.5321"
"20.3200","0.3373","3.5472"
"20.3400","0.3377","3.5864"
"20.3600","0.3380","3.5823"
"20.3800","0.3383","3.6305"
"20.4000","0.3386","3.6993"
"20.4200","0.3389","3.6670"
"20.4400","0.3392","3.5804"
"20.4600","0.3396","3.5918"
"20.4800","0.3400","3.6139"
"20.5000","0.3405","3.5912"
"20.5200","0.3409","3.5570"
"20.5400","0.3413","3.6262"
"20.5600","0.3415","3.5588"
"20.5800","0.3417","3.6113"
"20.6000","0.3420","3.6672"
"20.6200","0.3423","3.6364"
"20.6400","0.3426","3.5616"
"20.6600","0.3430","3.4715"
"20.6800","0.3434","3.4632"
"20.7000","0.3437","3.5668"
"20.7200","0.3441","3.6869"
"20.7400","0.3444","3.7459"
"20.7600","0.3447","3.6687"
"20.7800","0.3450","3.6359"
"20.8000","0.3454","3.6293"
"20.8200","0.3458","3.6949"
"20.8400","0.3462","3.7807"
"20.8600","0.3466","3.7925"
"20.8800","0.3469","3.7281"
"20.9000","0.3471","3.7821"
"20.9200","0.3474","3.6936"
"20.9400","0.3476","3.6797"
"20.9600","0.3479","3.7774"
"20.9800","0.3483","3.8019"
"21.0000","0.3486","3.7775"
"21.0200","0.3490","3.7069"
"21.0400","0.3494","3.8546"
"21.0600","0.3497","3.8423"
"21.0800","0.3500","3.7631"
"21.1000","0.3502","3.7997"
"21.1200","0.3505","3.9124"
"21.1400","0.3508","3.9038"
"21.1600","0.3512","3.9334"
"21.1800","0.3517","3.9289"
"21.2000","0.3522","3.8528"
"21.2200","0.3526","3.8758"
"21.2400","0.3529","3.9089"
"21.2600","0.3531","3.8968"
"21.2800","0.3534","3.8725"
"21.3000","0.3536","3.9087"
"21.3200","0.3539","3.8769"
"21.3400","0.3543","3.9123"
"21.3600","0.3547","3.8361"
"21.3800","0.3551","3.7746"
"21.4000","0.3554","3.8114"
"21.4200","0.3557","3.8960"
"21.4400","0.3560","3.9135"
"21.4600","0.3563","3.8762"
"21.4800","0.3567","3.7925"
"21.5000","0.3571","3.8584"
"21.5200","0.3575","3.9963"
"21.5400","0.3579","3.9694"
"21.5600","0.3582","3.9766"
"21.5800","0.3585","3.9445"
"21.6000","0.3588","3.8922"
"21.6200","0.3590","3.8548"
"21.6400","0.3593","3.8898"
"21.6600","0.3596","3.8764"
"21.6800","0.3600","3.7510"
"21.7000","0.3604","3.7827"
"21.7200","0.3608","3.9455"
"21.7400","0.3611","4.0418"
"21.7600","0.3613","4.0182"
"21.7800","0.3616","4.0220"
"21.8000","0.3619","4.0937"
"21.8200","0.3622","4.0807"
"21.8400","0.3625","4.0816"
"21.8600","0.3630","4.0946"
"21.8800","0.3634","4.0768"
"21.9000","0.3639","4.0780"
"21.9200","0.3642","4.0649"
"21.9400","0.3645","4.0969"
"21.9600","0.3647","4.0425"
"21.9800","0.3650","4.0441"
"22.0000","0.3653","4.0568"
"22.0200","0.3656","4.1121"
"22.0400","0.3660","4.0944"
"22.0600","0.3664","4.0770"
"22.0800","0.3667","4.0087"
"22.1000","0.3671","4.0157"
"22.1200","0.3674","4.0332"
"22.1400","0.3677","4.0864"
"22.1600","0.3680","4.1906"
"22.1800","0.3684","4.1457"
"22.2000","0.3688","4.1404"
"22.2200","0.3692","4.1400"
"22.2400","0.3696","4.1480"
"22.2600","0.3699","4.1258"
"22.2800","0.3701","4.1534"
"22.3000","0.3704","4.1617"
"22.3200","0.3706","4.1141"
"22.3400","0.3710","4.1311"
"22.3600","0.3713","4.2135"
"22.3800","0.3717","4.1705"
"22.4000","0.3720","4.1907"
"22.4200","0.3724","4.1347"
"22.4400","0.3727","4.1603"
"22.4600","0.3730","4.2052"
"22.4800","0.3732","4.2139"
"22.5000","0.3735","4.2246"
"22.5200","0.3739","4.2316"
"22.5400","0.3743","4.2454"
"22.5600","0.3747","4.2039"
"22.5800","0.3752","4.2281"
"22.6000","0.3756","4.1931"
"22.6200","0.3758","4.1803"
"22.6400","0.3761","4.2773"
"22.6600","0.3763","4.2989"
"22.6800","0.3766","4.2892"
"22.7000","0.3769","4.1853"
"22.7200","0.3773","4.1865"
"22.7400","0.3777","4.2368"
"22.7600","0.3780","4.2143"
"22.7800","0.3784","4.2787"
"22.8000","0.3787","4.2647"
"22.8200","0.3790","4.3999"
"22.8400","0.3793","4.4434"
"22.8600","0.3797","4.3465"
"22.8800","0.3801","4.1837"
"22.9000","0.3805","4.2193"
"22.9200","0.3809","4.3094"
"22.9400","0.3812","4.4341"
"22.9600","0.3815","4.3941"
"22.9800","0.3817","4.3144"
"23.0000","0.3820","4.3241"
"23.0200","0.3823","4.3178"
"23.0400","0.3826","4.3030"
"23.0600","0.3830","4.3271"
"23.0800","0.3834","4.3175"
"23.1000","0.3837","4.3479"
"23.1200","0.3841","4.2629"
"23.1400","0.3843","4.3982"
"23.1600","0.3846","4.4566"
"23.1800","0.3849","4.4550"
"23.2000","0.3852","4.4279"
"23.2200","0.3856","4.4193"
"23.2400","0.3860","4.4985"
"23.2600","0.3865","4.5538"
"23.2800","0.3869","4.5199"
"23.3000","0.3872","4.4096"
"23.3200","0.3875","4.4382"
"23.3400","0.3877","4.4768"
"23.3600","0.3880","4.4414"
"23.3800","0.3883","4.4622"
"23.4000","0.3886","4.5499"
"23.4200","0.3890","4.6235"
"23.4400","0.3894","4.5339"
"23.4600","0.3898","4.4718"
"23.4800","0.3901","4.5184"
"23.5000","0.3904","4.5498"
"23.5200","0.3907","4.5231"
"23.5400","0.3911","4.3791"
"23.5600","0.3915","4.4405"
"23.5800","0.3919","4.5082"
"23.6000","0.3923","4.5133"
"23.6200","0.3926","4.5417"
"23.6400","0.3929","4.5757"
"23.6600","0.3931","4.6234"
"23.6800","0.3933","4.6784"
"23.7000","0.3936","4.6270"
"23.7200","0.3939","4.5280"
"23.7400","0.3942","4.5148"
"23.7600","0.3946","4.5996"
"23.7800","0.3950","4.6140"
"23.8000","0.3954","4.6032"
"23.8200","0.3957","4.6775"
"23.8400","0.3960","4.6680"
"23.8600","0.3963","4.6144"
"23.8800","0.3965","4.5883"
"23.9000","0.3969","4.5383"
"23.9200","0.3973","4.5862"
"23.9400","0.3978","4.7088"
"23.9600","0.3982","4.7194"
"23.9800","0.3986","4.6196"
"24.0000","0.3989","4.6460"
"24.0200","0.3991","4.6734"
"24.0400","0.3993","4.6896"
"24.0600","0.3996","4.6944"
"24.0800","0.3999","4.6713"
"24.1000","0.4002","4.6097"
"24.1200","0.4006","4.7237"
"24.1400","0.4010","4.8019"
"24.1600","0.4013","4.7739"
"24.1800","0.4016","4.7600"
"24.2000","0.4019","4.7938"
"24.2200","0.4022","4.7092"
"24.2400","0.4026","4.6842"
"24.2600","0.4030","4.6753"
"24.2800","0.4034","4.7232"
"24.3000","0.4038","4.8114"
"24.3200","0.4041","4.8156"
"24.3400","0.4044","4.7490"
"24.3600","0.4047","4.7638"
"24.3800","0.4049","4.8583"
"24.4000","0.4052","4.9306"
"24.4200","0.4056","4.8739"
"24.4400","0.4060","4.8211"
"24.4600","0.4064","4.7786"
"24.4800","0.4068","4.9098"
"24.5000","0.4071","4.9644"
"24.5200","0.4074","4.8915"
"24.5400","0.4077","4.8011"
"24.5600","0.4080","4.7931"
"24.5800","0.4083","4.8230"
"24.6000","0.4087","4.8663"
"24.6200","0.4092","4.8728"
"24.6400","0.4096","4.9552"
"24.6600","0.4100","4.9590"
"24.6800","0.4103","4.9840"
"24.7000","0.4105","4.9585"
"24.7200","0.4108","4.9738"
"24.7400","0.4110","5.0238"
"24.7600","0.4113","4.9855"
"24.7800","0.4117","5.0012"
"24.8000","0.4120","4.9705"
"24.8200","0.4124","4.9207"
"24.8400","0.4128","4.9163"
"24.8600","0.4131","4.9529"
"24.8800","0.4134","4.9612"
"24.9000","0.4137","4.9905"
"24.9200","0.4141","5.0257"
"24.9400","0.4145","5.0463"
"24.9600","0.4149","5.0804"
"24.9800","0.4153","5.0817"
"25.0000","0.4156","5.0770"
"25.0200","0.4159","5.0700"
"25.0400","0.4161","5.0566"
"25.0600","0.4163","5.1128"
"25.0800","0.4166","5.1789"
"25.1000","0.4169","5.1806"
"25.1200","0.4173","5.1304"
"25.1400","0.4177","5.1353"
"25.1600","0.4181","5.1377"
"25.1800","0.4184","5.0755"
"25.2000","0.4187","5.1420"
"25.2200","0.4190","5.1733"
"25.2400","0.4193","5.1922"
"25.2600","0.4196","5.2147"
"25.2800","0.4199","5.2336"
"25.3000","0.4204","5.1801"
"25.3200","0.4208","5.2980"
"25.3400","0.4213","5.3173"
"25.3600","0.4216","5.1685"
"25.3800","0.4219","5.1445"
"25.4000","0.4221","5.2375"
"25.4200","0.4223","5.2717"
"25.4400","0.4226","5.2680"
"25.4600","0.4229","5.2256"
"25.4800","0.4233","5.2078"
"25.5000","0.4236","5.1027"
"25.5200","0.4240","5.0930"
"25.5400","0.4243","5.1476"
"25.5600","0.4246","5.1638"
"25.5800","0.4250","5.1559"
"25.6000","0.4253","5.2416"
"25.6200","0.4257","5.2066"
"25.6400","0.4261","5.1885"
"25.6600","0.4265","5.2763"
"25.6800","0.4269","5.2903"
"25.7000","0.4272","5.2691"
"25.7200","0.4275","5.3117"
"25.7400","0.4277","5.2911"
"25.7600","0.4280","5.2859"
"25.7800","0.4282","5.2131"
"25.8000","0.4286","5.2323"
"25.8200","0.4289","5.3052"
"25.8400","0.4293","5.2850"
"25.8600","0.4297","5.2796"
"25.8800","0.4300","5.2747"
"25.9000","0.4303","5.3343"
"25.9200","0.4306","5.3145"
"25.9400","0.4309","5.2549"
"25.9600","0.4312","5.2506"
"25.9800","0.4316","5.2440"
"26.0000","0.4320","5.2572"
"26.0200","0.4325","5.2990"
"26.0400","0.4329","5.3148"
"26.0600","0.4333","5.2743"
"26.0800","0.4335","5.2935"
"26.1000","0.4337","5.2970"
"26.1200","0.4340","5.3398"
"26.1400","0.4343","5.3122"
"26.1600","0.4346","5.2676"
"26.1800","0.4350","5.2937"
"26.2000","0.4353","5.3395"
"26.2200","0.4357","5.3650"
"26.2400","0.4360","5.4145"
"26.2600","0.4363","5.4166"
"26.2800","0.4367","5.4001"
"26.3000","0.4370","5.4624"
"26.3200","0.4374","5.4513"
"26.3400","0.4378","5.4021"
"26.3600","0.4382","5.3760"
"26.3800","0.4386","5.3502"
"26.4000","0.4388","5.3715"
"26.4200","0.4391","5.3806"
"26.4400","0.4393","5.4373"
"26.4600","0.4396","5.4568"
"26.4800","0.4399","5.3375"
"26.5000","0.4402","5.2558"
"26.5200","0.4406","5.3313"
"26.5400","0.4410","5.4487"
"26.5600","0.4414","5.4721"
"26.5800","0.4417","5.4761"
"26.6000","0.4419","5.5276"
"26.6200","0.4422","5.5797"
"26.6400","0.4425","5.4566"
"26.6600","0.4429","5.4262"
"26.6800","0.4433","5.4804"
"26.7000","0.4438","5.4615"
"26.7200","0.4442","5.4757"
"26.7400","0.4446","5.4914"
"26.7600","0.4449","5.5163"
"26.7800","0.4451","5.4156"
"26.8000","0.4453","5.4486"
"26.8200","0.4456","5.4562"
"26.8400","0.4459","5.4799"
"26.8600","0.4462","5.5564"
"26.8800","0.4466","5.4561"
"26.9000","0.4470","5.4551"
"26.9200","0.4473","5.5303"
"26.9400","0.4477","5.4914"
"26.9600","0.4480","5.4067"
"26.9800","0.4483","5.4305"
"27.0000","0.4487","5.5323"
"27.0200","0.4491","5.6132"
"27.0400","0.4495","5.5970"
"27.0600","0.4499","5.5732"
"27.0800","0.4502","5.5318"
"27.1000","0.4505","5.6063"
"27.1200","0.4507","5.5679"
"27.1400","0.4510","5.5086"
"27.1600","0.4513","5.4226"
"27.1800","0.4516","5.4730"
"27.2000","0.4520","5.4988"
"27.2200","0.4524","5.4892"
"27.2400","0.4527","5.4794"
"27.2600","0.4531","5.5448"
"27.2800","0.4533","5.4971"
"27.3000","0.4536","5.4560"
"27.3200","0.4539","5.4832"
"27.3400","0.4542","5.5146"
"27.3600","0.4546","5.5505"
"27.3800","0.4551","5.5551"
"27.4000","0.4555","5.5449"
"27.4200","0.4560","5.5082"
"27.4400","0.4563","5.5030"
"27.4600","0.4565","5.5244"
"27.4800","0.4567","5.5102"
"27.5000","0.4570","5.5514"
"27.5200","0.4573","5.5517"
"27.5400","0.4576","5.4888"
"27.5600","0.4579","5.4663"
"27.5800","0.4583","5.4640"
"27.6000","0.4587","5.4123"
"27.6200","0.4591","5.4456"
"27.6400","0.4594","5.4816"
"27.6600","0.4597","5.5762"
"27.6800","0.4600","5.5686"
"27.7000","0.4604","5.4889"
"27.7200","0.4608","5.4575"
"27.7400","0.4612","5.4471"
"27.7600","0.4616","5.4884"
"27.7800","0.4618","5.4499"
"27.8000","0.4621","5.4295"
"27.8200","0.4623","5.3953"
"27.8400","0.4626","5.3896"
"27.8600","0.4629","5.4704"
"27.8800","0.4633","5.5382"
"27.9000","0.4637","5.5325"
"27.9200","0.4641","5.5222"
"27.9400","0.4644","5.5507"
"27.9600","0.4647","5.5088"
"27.9800","0.4650","5.5206"
"28.0000","0.4653","5.5151"
"28.0200","0.4656","5.5192"
"28.0400","0.4659","5.5384"
"28.0600","0.4664","5.4991"
"28.0800","0.4669","5.4175"
"28.1000","0.4674","5.4839"
"28.1200","0.4677","5.3900"
"28.1400","0.4680","5.4290"
"28.1600","0.4682","5.4996"
"28.1800","0.4684","5.5211"
"28.2000","0.4687","5.5434"
"28.2200","0.4690","5.5090"
"28.2400","0.4693","5.4862"
"28.2600","0.4697","5.4376"
"28.2800","0.4701","5.4935"
"28.3000","0.4704","5.5550"
"28.3200","0.4707","5.5501"
"28.3400","0.4710","5.4960"
"28.3600","0.4714","5.5340"
"28.3800","0.4717","5.5776"
"28.4000","0.4721","5.5584"
"28.4200","0.4725","5.5019"
"28.4400","0.4729","5.4462"
"28.4600","0.4732","5.4329"
"28.4800","0.4734","5.4943"
"28.5000","0.4737","5.5384"
"28.5200","0.4739","5.5675"
"28.5400","0.4742","5.5448"
"28.5600","0.4746","5.4916"
"28.5800","0.4750","5.4819"
"28.6000","0.4754","5.6264"
"28.6200","0.4757","5.6160"
"28.6400","0.4761","5.5028"
"28.6600","0.4763","5.4758"
"28.6800","0.4766","5.4516"
"28.7000","0.4769","5.4254"
"28.7200","0.4772","5.4903"
"28.7400","0.4776","5.5533"
"28.7600","0.4781","5.5786"
"28.7800","0.4785","5.6034"
"28.8000","0.4789","5.6137"
"28.8200","0.4792","5.5525"
"28.8400","0.4795","5.5596"
"28.8600","0.4797","5.5584"
"28.8800","0.4799","5.5212"
"28.9000","0.4802","5.4185"
"28.9200","0.4806","5.5132"
"28.9400","0.4809","5.5676"
"28.9600","0.4813","5.5738"
"28.9800","0.4817","5.5222"
"29.0000","0.4820","5.5292"
"29.0200","0.4823","5.5670"
"29.0400","0.4826","5.5757"
"29.0600","0.4830","5.5330"
"29.0800","0.4834","5.5507"
"29.1000","0.4838","5.4846"
"29.1200","0.4841","5.4611"
"29.1400","0.4845","5.5131"
"29.1600","0.4848","5.6189"
"29.1800","0.4850","5.5611"
"29.2000","0.4853","5.5359"
"29.2200","0.4856","5.5155"
"29.2400","0.4859","5.5398"
"29.2600","0.4863","5.6160"
"29.2800","0.4866","5.6068"
"29.3000","0.4870","5.5835"
"29.3200","0.4874","5.6101"
"29.3400","0.4877","5.6642"
"29.3600","0.4880","5.6199"
"29.3800","0.4883","5.6363"
"29.4000","0.4886","5.5952"
"29.4200","0.4889","5.5733"
"29.4400","0.4894","5.5570"
"29.4600","0.4898","5.6295"
"29.4800","0.4903","5.6393"
"29.5000","0.4906","5.5683"
"29.5200","0.4909","5.5658"
"29.5400","0.4911","5.5974"
"29.5600","0.4913","5.6081"
"29.5800","0.4916","5.6355"
"29.6000","0.4919","5.6383"
"29.6200","0.4923","5.5974"
"29.6400","0.4927","5.5912"
"29.6600","0.4930","5.6287"
"29.6800","0.4934","5.6201"
"29.7000","0.4937","5.6214"
"29.7200","0.4940","5.6830"
"29.7400","0.4944","5.6424"
"29.7600","0.4948","5.7363"
"29.7800","0.4952","5.8077"
"29.8000","0.4955","5.8009"
"29.8200","0.4959","5.6236"
"29.8400","0.4962","5.6343"
"29.8600","0.4964","5.7031"
"29.8800","0.4967","5.7219"
"29.9000","0.4969","5.7003"
"29.9200","0.4972","5.6902"
"29.9400","0.4976","5.7111"
"29.9600","0.4980","5.7077"
"29.9800","0.4983","5.7464"
"30.0000","0.4987","5.7144"
"30.0200","0.4990","5.7540"
"30.0400","0.4993","5.7403"
"30.0600","0.4996","5.7653"
"30.0800","0.4999","5.7949"
"30.1000","0.5002","5.8034"
"30.1200","0.5006","5.8230"
"30.1400","0.5011","5.8265"
"30.1600","0.5016","5.8716"
"30.1800","0.5019","5.8238"
"30.2000","0.5022","5.8312"
"30.2200","0.5025","5.8610"
"30.2400","0.5027","5.9518"
"30.2600","0.5030","5.8637"
"30.2800","0.5033","5.7739"
"30.3000","0.5036","5.8046"
"30.3200","0.5040","5.7911"
"30.3400","0.5044","5.8425"
"30.3600","0.5047","5.8201"
"30.3800","0.5050","5.8565"
"30.4000","0.5054","5.8270"
"30.4200","0.5057","5.8329"
"30.4400","0.5061","5.9566"
"30.4600","0.5065","5.9609"
"30.4800","0.5069","5.9133"
"30.5000","0.5072","5.8769"
"30.5200","0.5075","5.9598"
"30.5400","0.5078","5.9111"
"30.5600","0.5080","5.9015"
"30.5800","0.5083","5.8858"
"30.6000","0.5086","5.9124"
"30.6200","0.5089","5.9915"
"30.6400","0.5093","5.9914"
"30.6600","0.5096","5.9364"
"30.6800","0.5100","5.9777"
"30.7000","0.5104","5.9269"
"30.7200","0.5107","5.9243"
"30.7400","0.5109","5.9225"
"30.7600","0.5112","5.9539"
"30.7800","0.5116","6.0176"
"30.8000","0.5120","6.0097"
"30.8200","0.5124","6.0114"
"30.8400","0.5129","6.0500"
"30.8600","0.5133","5.9866"
"30.8800","0.5136","6.0602"
"30.9000","0.5138","6.0752"
"30.9200","0.5140","6.0540"
"30.9400","0.5143","6.0261"
"30.9600","0.5146","6.0271"
"30.9800","0.5149","6.0660"
"31.0000","0.5153","6.0972"
"31.0200","0.5157","6.0303"
"31.0400","0.5161","6.0810"
"31.0600","0.5164","6.0625"
"31.0800","0.5167","6.1538"
"31.1000","0.5170","6.1588"
"31.1200","0.5174","6.1493"
"31.1400","0.5178","6.1332"
"31.1600","0.5181","6.1956"
"31.1800","0.5185","6.2535"
"31.2000","0.5189","6.1870"
"31.2200","0.5191","6.2221"
"31.2400","0.5194","6.1977"
"31.2600","0.5197","6.1755"
"31.2800","0.5199","6.2336"
"31.3000","0.5202","6.2275"
"31.3200","0.5206","6.1616"
"31.3400","0.5210","6.1288"
"31.3600","0.5214","6.0934"
"31.3800","0.5217","6.1671"
"31.4000","0.5220","6.2688"
"31.4200","0.5223","6.2386"
"31.4400","0.5226","6.2100"
"31.4600","0.5229","6.2035"
"31.4800","0.5233","6.2198"
"31.5000","0.5237","6.3173"
"31.5200","0.5242","6.3564"
"31.5400","0.5246","6.3830"
"31.5600","0.5250","6.3545"
"31.5800","0.5252","6.2607"
"31.6000","0.5254","6.2753"
"31.6200","0.5257","6.3605"
"31.6400","0.5259","6.3480"
"31.6600","0.5262","6.3419"
"31.6800","0.5266","6.3632"
"31.7000","0.5270","6.3305"
"31.7200","0.5274","6.3295"
"31.7400","0.5278","6.3044"
"31.7600","0.5281","6.3517"
"31.7800","0.5284","6.3662"
"31.8000","0.5287","6.3670"
"31.8200","0.5291","6.4016"
"31.8400","0.5295","6.3692"
"31.8600","0.5298","6.3815"
"31.8800","0.5302","6.3647"
"31.9000","0.5305","6.3363"
"31.9200","0.5308","6.4074"
"31.9400","0.5310","6.4285"
"31.9600","0.5313","6.4258"
"31.9800","0.5316","6.4555"
"32.0000","0.5319","6.4481"
"32.0200","0.5323","6.4383"
"32.0400","0.5327","6.4469"
"32.0600","0.5330","6.4512"
"32.0800","0.5334","6.4675"
"32.1000","0.5336","6.4614"
"32.1200","0.5339","6.4636"
"32.1400","0.5342","6.5082"
"32.1600","0.5345","6.5383"
"32.1800","0.5349","6.5301"
"32.2000","0.5354","6.5204"
"32.2200","0.5359","6.5673"
"32.2400","0.5363","6.5007"
"32.2600","0.5366","6.5004"
"32.2800","0.5368","6.6235"
"32.3000","0.5370","6.6711"
"32.3200","0.5373","6.6154"
"32.3400","0.5376","6.6105"
"32.3600","0.5379","6.6592"
"32.3800","0.5383","6.7060"
"32.4000","0.5387","6.6426"
"32.4200","0.5391","6.6535"
"32.4400","0.5394","6.6572"
"32.4600","0.5398","6.5960"
"32.4800","0.5401","6.6013"
"32.5000","0.5404","6.6459"
"32.5200","0.5408","6.6114"
"32.5400","0.5411","6.5761"
"32.5600","0.5415","6.5809"
"32.5800","0.5419","6.6499"
"32.6000","0.5421","6.7063"
"32.6200","0.5424","6.7389"
"32.6400","0.5426","6.7343"
"32.6600","0.5429","6.7289"
"32.6800","0.5432","6.7382"
"32.7000","0.5436","6.7477"
"32.7200","0.5440","6.7965"
"32.7400","0.5444","6.7412"
"32.7600","0.5447","6.6333"
"32.7800","0.5450","6.6672"
"32.8000","0.5453","6.6691"
"32.8200","0.5455","6.7225"
"32.8400","0.5458","6.7017"
"32.8600","0.5462","6.6985"
"32.8800","0.5467","6.7595"
"32.9000","0.5472","6.8784"
"32.9200","0.5476","6.8195"
"32.9400","0.5480","6.8277"
"32.9600","0.5482","6.8234"
"32.9800","0.5485","6.8586"
"33.0000","0.5487","6.8363"
"33.0200","0.5489","6.8685"
"33.0400","0.5493","6.9224"
"33.0600","0.5496","6.9290"
"33.0800","0.5500","6.8787"
"33.1000","0.5504","6.8666"
"33.1200","0.5507","6.8499"
"33.1400","0.5511","6.9057"
"33.1600","0.5514","6.9961"
"33.1800","0.5517","6.8830"
"33.2000","0.5521","6.8691"
"33.2200","0.5524","6.8805"
"33.2400","0.5528","6.9971"
"33.2600","0.5532","7.0099"
"33.2800","0.5535","6.9865"
"33.3000","0.5538","6.9046"
"33.3200","0.5540","6.9492"
"33.3400","0.5543","6.9847"
"33.3600","0.5546","7.0050"
"33.3800","0.5549","7.0333"
"33.4000","0.5553","6.9970"
"33.4200","0.5557","6.9825"
"33.4400","0.5560","7.0252"
"33.4600","0.5564","7.0334"
"33.4800","0.5566","6.9520"
"33.5000","0.5569","6.9848"
"33.5200","0.5572","7.0238"
"33.5400","0.5575","7.0084"
"33.5600","0.5579","7.0302"
"33.5800","0.5584","7.0605"
"33.6000","0.5589","7.1292"
"33.6200","0.5593","7.0675"
"33.6400","0.5596","7.1146"
"33.6600","0.5598","7.1107"
"33.6800","0.5600","7.0836"
"33.7000","0.5603","7.1762"
"33.7200","0.5606","7.1676"
"33.7400","0.5609","7.1819"
"33.7600","0.5613","7.1528"
"33.7800","0.5617","7.0674"
"33.8000","0.5621","7.1335"
"33.8200","0.5624","7.1590"
"33.8400","0.5627","7.1948"
"33.8600","0.5630","7.1805"
"33.8800","0.5634","7.2157"
"33.9000","0.5638","7.2533"
"33.9200","0.5642","7.2691"
"33.9400","0.5645","7.2899"
"33.9600","0.5649","7.2582"
"33.9800","0.5651","7.2688"
"34.0000","0.5654","7.3769"
"34.0200","0.5657","7.3557"
"34.0400","0.5659","7.3298"
"34.0600","0.5663","7.2999"
"34.0800","0.5666","7.3176"
"34.1000","0.5670","7.3501"
"34.1200","0.5673","7.3876"
"34.1400","0.5677","7.4618"
"34.1600","0.5680","7.4084"
"34.1800","0.5683","7.4363"
"34.2000","0.5685","7.4711"
"34.2200","0.5689","7.3212"
"34.2400","0.5692","7.2690"
"34.2600","0.5697","7.3118"
"34.2800","0.5701","7.3693"
"34.3000","0.5706","7.4213"
"34.3200","0.5709","7.4938"
"34.3400","0.5711","7.4738"
"34.3600","0.5714","7.4356"
"34.3800","0.5716","7.4342"
"34.4000","0.5719","7.4487"
"34.4200","0.5723","7.4495"
"34.4400","0.5726","7.3470"
"34.4600","0.5730","7.3929"
"34.4800","0.5734","7.4456"
"34.5000","0.5737","7.4988"
"34.5200","0.5740","7.4549"
"34.5400","0.5743","7.4827"
"34.5600","0.5747","7.5384"
"34.5800","0.5751","7.5749"
"34.6000","0.5755","7.4836"
"34.6200","0.5759","7.5351"
"34.6400","0.5762","7.5836"
"34.6600","0.5765","7.5845"
"34.6800","0.5768","7.5693"
"34.7000","0.5770","7.6153"
"34.7200","0.5773","7.6299"
"34.7400","0.5776","7.6590"
"34.7600","0.5780","7.5733"
"34.7800","0.5783","7.6221"
"34.8000","0.5787","7.6038"
"34.8200","0.5790","7.6215"
"34.8400","0.5793","7.6188"
"34.8600","0.5796","7.5711"
"34.8800","0.5799","7.5521"
"34.9000","0.5802","7.5962"
"34.9200","0.5805","7.6280"
"34.9400","0.5810","7.6136"
"34.9600","0.5814","7.6100"
"34.9800","0.5819","7.7118"
"35.0000","0.5822","7.7137"
"35.0200","0.5825","7.6606"
"35.0400","0.5828","7.5917"
"35.0600","0.5830","7.5971"
"35.0800","0.5833","7.7286"
"35.1000","0.5836","7.7501"
"35.1200","0.5840","7.7585"
"35.1400","0.5844","7.7487"
"35.1600","0.5847","7.6620"
"35.1800","0.5851","7.6759"
"35.2000","0.5854","7.6181"
"35.2200","0.5857","7.6342"
"35.2400","0.5860","7.6744"
"35.2600","0.5864","7.6699"
"35.2800","0.5868","7.6986"
"35.3000","0.5872","7.7620"
"35.3200","0.5876","7.8087"
"35.3400","0.5879","7.8586"
"35.3600","0.5882","7.7366"
"35.3800","0.5884","7.7145"
"35.4000","0.5887","7.7665"
"35.4200","0.5890","7.7654"
"35.4400","0.5893","7.6822"
"35.4600","0.5897","7.7103"
"35.4800","0.5900","7.8136"
"35.5000","0.5904","7.7749"
"35.5200","0.5907","7.8158"
"35.5400","0.5910","7.8464"
"35.5600","0.5913","7.8257"
"35.5800","0.5915","7.7701"
"35.6000","0.5919","7.8367"
"35.6200","0.5923","7.8509"
"35.6400","0.5927","7.8652"
"35.6600","0.5932","7.8452"
"35.6800","0.5936","7.8714"
"35.7000","0.5939","7.8530"
"35.7200","0.5942","7.9398"
"35.7400","0.5944","7.9620"
"35.7600","0.5947","7.9336"
"35.7800","0.5950","7.8738"
"35.8000","0.5953","7.8990"
"35.8200","0.5957","7.9448"
"35.8400","0.5961","7.9429"
"35.8600","0.5964","7.9001"
"35.8800","0.5967","7.8616"
"35.9000","0.5970","7.9821"
"35.9200","0.5973","8.0776"
"35.9400","0.5977","8.0394"
"35.9600","0.5981","7.9162"
"35.9800","0.5985","7.8762"
"36.0000","0.5989","7.9173"
"36.0200","0.5992","7.9161"
"36.0400","0.5995","7.9843"
"36.0600","0.5998","7.9847"
"36.0800","0.6000","7.9443"
"36.1000","0.6003","8.0224"
"36.1200","0.6006","8.0299"
"36.1400","0.6010","8.0297"
"36.1600","0.6014","8.0261"
"36.1800","0.6018","8.0448"
"36.2000","0.6021","7.9927"
"36.2200","0.6024","8.0298"
"36.2400","0.6026","8.1032"
"36.2600","0.6029","8.0628"
"36.2800","0.6032","8.0652"
"36.3000","0.6035","7.9720"
"36.3200","0.6040","7.9844"
"36.3400","0.6044","8.0890"
"36.3600","0.6049","8.0750"
"36.3800","0.6052","8.0660"
"36.4000","0.6055","8.0826"
"36.4200","0.6057","8.1185"
"36.4400","0.6060","8.1691"
"36.4600","0.6063","8.0602"
"36.4800","0.6066","8.0808"
"36.5000","0.6070","8.1523"
"36.5200","0.6073","8.0811"
"36.5400","0.6077","8.0601"
"36.5600","0.6081","8.1169"
"36.5800","0.6084","8.1701"
"36.6000","0.6087","8.1509"
"36.6200","0.6090","8.2185"
"36.6400","0.6094","8.1974"
"36.6600","0.6098","8.1982"
"36.6800","0.6102","8.2416"
"36.7000","0.6106","8.2447"
"36.7200","0.6109","8.2500"
"36.7400","0.6111","8.2310"
"36.7600","0.6114","8.2818"
"36.7800","0.6116","8.2801"
"36.8000","0.6119","8.2440"
"36.8200","0.6123","8.2889"
"36.8400","0.6127","8.3151"
"36.8600","0.6130","8.2931"
"36.8800","0.6134","8.3245"
"36.9000","0.6137","8.3299"
"36.9200","0.6140","8.3367"
"36.9400","0.6143","8.2795"
"36.9600","0.6145","8.2519"
"36.9800","0.6149","8.2109"
"37.0000","0.6153","8.2373"
"37.0200","0.6157","8.2892"
"37.0400","0.6161","8.3727"
"37.0600","0.6165","8.4659"
"37.0800","0.6169","8.4141"
"37.1000","0.6171","8.2666"
"37.1200","0.6173","8.2241"
"37.1400","0.6176","8.3131"
"37.1600","0.6179","8.3997"
"37.1800","0.6183","8.4747"
"37.2000","0.6186","8.4707"
"37.2200","0.6190","8.4194"
"37.2400","0.6194","8.4411"
"37.2600","0.6197","8.4427"
"37.2800","0.6200","8.3909"
"37.3000","0.6203","8.3374"
"37.3200","0.6207","8.3551"
"37.3400","0.6211","8.3561"
"37.3600","0.6215","8.3375"
"37.3800","0.6219","8.3766"
"37.4000","0.6222","8.4488"
"37.4200","0.6225","8.5073"
"37.4400","0.6227","8.4633"
"37.4600","0.6230","8.5201"
"37.4800","0.6233","8.4831"
"37.5000","0.6236","8.5092"
"37.5200","0.6240","8.5403"
"37.5400","0.6244","8.4799"
"37.5600","0.6247","8.4434"
"37.5800","0.6251","8.4864"
"37.6000","0.6254","8.5058"
"37.6200","0.6256","8.5256"
"37.6400","0.6259","8.4636"
"37.6600","0.6262","8.4313"
"37.6800","0.6265","8.4722"
"37.7000","0.6270","8.5364"
"37.7200","0.6274","8.5249"
"37.7400","0.6279","8.4978"
"37.7600","0.6282","8.5176"
"37.7800","0.6285","8.5546"
"37.8000","0.6287","8.5547"
"37.8200","0.6290","8.5980"
"37.8400","0.6292","8.6329"
"37.8600","0.6296","8.6418"
"37.8800","0.6299","8.5820"
"37.9000","0.6303","8.6364"
"37.9200","0.6307","8.7186"
"37.9400","0.6311","8.6834"
"37.9600","0.6314","8.6426"
"37.9800","0.6317","8.7672"
"38.0000","0.6320","8.7075"
"38.0200","0.6324","8.6855"
"38.0400","0.6328","8.6682"
"38.0600","0.6332","8.6959"
"38.0800","0.6336","8.7109"
"38.1000","0.6339","8.7549"
"38.1200","0.6341","8.8077"
"38.1400","0.6344","8.7712"
"38.1600","0.6346","8.6570"
"38.1800","0.6349","8.7019"
"38.2000","0.6353","8.7438"
"38.2200","0.6356","8.7825"
"38.2400","0.6361","8.7807"
"38.2600","0.6364","8.7385"
"38.2800","0.6368","8.6790"
"38.3000","0.6370","8.6790"
"38.3200","0.6373","8.7271"
"38.3400","0.6376","8.8404"
"38.3600","0.6379","8.8786"
"38.3800","0.6383","8.8142"
"38.4000","0.6388","8.8280"
"38.4200","0.6392","8.8009"
"38.4400","0.6396","8.8288"
"38.4600","0.6399","8.8615"
"38.4800","0.6401","8.8822"
"38.5000","0.6404","8.9514"
"38.5200","0.6406","8.8924"
"38.5400","0.6409","8.8920"
"38.5600","0.6413","9.0036"
"38.5800","0.6417","8.9444"
"38.6000","0.6420","8.9696"
"38.6200","0.6424","8.9712"
"38.6400","0.6427","8.9143"
"38.6600","0.6430","8.8727"
"38.6800","0.6433","8.8465"
"38.7000","0.6437","8.9138"
"38.7200","0.6441","8.9632"
"38.7400","0.6445","9.0182"
"38.7600","0.6449","9.0154"
"38.7800","0.6452","8.9981"
"38.8000","0.6455","8.9863"
"38.8200","0.6457","9.0580"
"38.8400","0.6460","9.0541"
"38.8600","0.6463","9.0068"
"38.8800","0.6466","8.9764"
"38.9000","0.6470","8.9147"
"38.9200","0.6474","8.9557"
"38.9400","0.6478","8.9623"
"38.9600","0.6481","8.9728"
"38.9800","0.6484","9.0415"
"39.0000","0.6486","9.0667"
"39.0200","0.6489","9.1268"
"39.0400","0.6492","9.1570"
"39.0600","0.6496","9.0954"
"39.0800","0.6500","9.0772"
"39.1000","0.6505","9.0666"
"39.1200","0.6509","9.0655"
"39.1400","0.6512","9.1051"
"39.1600","0.6515","9.1298"
"39.1800","0.6517","9.0808"
"39.2000","0.6520","9.0784"
"39.2200","0.6523","9.1474"
"39.2400","0.6526","9.1317"
"39.2600","0.6530","9.0483"
"39.2800","0.6533","9.0850"
"39.3000","0.6537","9.1875"
"39.3200","0.6540","9.1909"
"39.3400","0.6543","9.1879"
"39.3600","0.6547","9.2144"
"39.3800","0.6550","9.2364"
"39.4000","0.6554","9.2174"
"39.4200","0.6558","9.1956"
"39.4400","0.6562","9.2126"
"39.4600","0.6566","9.1190"
"39.4800","0.6569","9.1455"
"39.5000","0.6571","9.2054"
"39.5200","0.6573","9.2755"
"39.5400","0.6576","9.2867"
"39.5600","0.6579","9.2555"
"39.5800","0.6583","9.2396"
"39.6000","0.6587","9.3238"
"39.6200","0.6591","9.3718"
"39.6400","0.6594","9.3806"
"39.6600","0.6597","9.2692"
"39.6800","0.6600","9.2158"
"39.7000","0.6603","9.2398"
"39.7200","0.6606","9.2935"
"39.7400","0.6609","9.3718"
"39.7600","0.6613","9.4418"
"39.7800","0.6618","9.3925"
"39.8000","0.6622","9.3603"
"39.8200","0.6626","9.4072"
"39.8400","0.6629","9.3492"
"39.8600","0.6631","9.3223"
"39.8800","0.6634","9.3487"
"39.9000","0.6636","9.3142"
"39.9200","0.6639","9.3854"
"39.9400","0.6643","9.4436"
"39.9600","0.6646","9.4461"
"39.9800","0.6650","9.3751"
"40.0000","0.6653","9.4781"
"40.0200","0.6656","9.4818"
"40.0400","0.6660","9.5000"
"40.0600","0.6663","9.5304"
"40.0800","0.6667","9.5849"
"40.1000","0.6671","9.5213"
"40.1200","0.6675","9.4957"
"40.1400","0.6679","9.4724"
"40.1600","0.6682","9.4492"
"40.1800","0.6685","9.4818"
"40.2000","0.6687","9.4131"
"40.2200","0.6690","9.4617"
"40.2400","0.6692","9.5777"
"40.2600","0.6696","9.6112"
"40.2800","0.6699","9.5438"
"40.3000","0.6703","9.6080"
"40.3200","0.6707","9.6575"
"40.3400","0.6711","9.6591"
"40.3600","0.6713","9.5706"
"40.3800","0.6716","9.5540"
"40.4000","0.6719","9.5822"
"40.4200","0.6722","9.5727"
"40.4400","0.6726","9.5592"
"40.4600","0.6730","9.5025"
"40.4800","0.6735","9.4687"
"40.5000","0.6739","9.5606"
"40.5200","0.6743","9.6532"
"40.5400","0.6745","9.6983"
"40.5600","0.6748","9.6877"
"40.5800","0.6750","9.6641"
"40.6000","0.6753","9.6456"
"40.6200","0.6756","9.6573"
"40.6400","0.6759","9.6988"
"40.6600","0.6763","9.7348"
"40.6800","0.6767","9.6564"
"40.7000","0.6770","9.6888"
"40.7200","0.6773","9.6944"
"40.7400","0.6776","9.7548"
"40.7600","0.6780","9.7853"
"40.7800","0.6784","9.7093"
"40.8000","0.6788","9.6965"
"40.8200","0.6792","9.8194"
"40.8400","0.6796","9.7645"
"40.8600","0.6799","9.7692"
"40.8800","0.6801","9.7113"
"40.9000","0.6803","9.7256"
"40.9200","0.6806","9.7719"
"40.9400","0.6809","9.8194"
"40.9600","0.6813","9.7714"
"40.9800","0.6817","9.8242"
"41.0000","0.6821","9.8317"
"41.0200","0.6824","9.8353"
"41.0400","0.6827","9.9621"
"41.0600","0.6830","9.9580"
"41.0800","0.6833","9.8342"
"41.1000","0.6836","9.8904"
"41.1200","0.6839","9.8492"
"41.1400","0.6843","9.7899"
"41.1600","0.6848","9.8090"
"41.1800","0.6853","9.9091"
"41.2000","0.6856","9.9017"
"41.2200","0.6859","9.8893"
"41.2400","0.6861","9.9084"
"41.2600","0.6864","9.9592"
"41.2800","0.6866","9.9686"
"41.3000","0.6869","9.9783"
"41.3200","0.6873","9.8803"
"41.3400","0.6876","9.8163"
"41.3600","0.6880","9.8594"
"41.3800","0.6884","9.9417"
"41.4000","0.6887","9.9863"
"41.4200","0.6890","9.9946"
"41.4400","0.6893","9.9920"
"41.4600","0.6897","9.9729"
"41.4800","0.6901","9.8424"
"41.5000","0.6905","9.8338"
"41.5200","0.6909","9.9192"
"41.5400","0.6912","10.0233"
"41.5600","0.6915","10.0786"
"41.5800","0.6917","10.0610"
"41.6000","0.6920","10.0025"
"41.6200","0.6922","9.9785"
"41.6400","0.6926","9.9446"
"41.6600","0.6930","9.9309"
"41.6800","0.6934","9.9777"
"41.7000","0.6937","10.0252"
"41.7200","0.6941","10.1177"
"41.7400","0.6944","10.0165"
"41.7600","0.6946","10.0401"
"41.7800","0.6949","10.0954"
"41.8000","0.6952","10.1002"
"41.8200","0.6956","10.0787"
"41.8400","0.6960","10.1113"
"41.8600","0.6965","10.1302"
"41.8800","0.6970","10.1213"
"41.9000","0.6973","10.1356"
"41.9200","0.6975","10.0694"
"41.9400","0.6978","9.9648"
"41.9600","0.6980","9.9848"
"41.9800","0.6983","9.9984"
"42.0000","0.6986","10.0157"
"42.0200","0.6989","10.0855"
"42.0400","0.6993","10.0991"
"42.0600","0.6997","10.1319"
"42.0800","0.7000","10.1334"
"42.1000","0.7003","10.1404"
"42.1200","0.7007","10.1154"
"42.1400","0.7010","10.1438"
"42.1600","0.7014","10.1835"
"42.1800","0.7018","10.2404"
"42.2000","0.7022","10.2580"
"42.2200","0.7026","10.2164"
"42.2400","0.7028","10.1979"
"42.2600","0.7031","10.2482"
"42.2800","0.7033","10.1885"
"42.3000","0.7036","10.1899"
"42.3200","0.7039","10.1601"
"42.3400","0.7043","10.1903"
"42.3600","0.7047","10.2627"
"42.3800","0.7050","10.2973"
"42.4000","0.7054","10.3051"
"42.4200","0.7057","10.2460"
"42.4400","0.7060","10.2274"
"42.4600","0.7062","10.2894"
"42.4800","0.7065","10.3256"
"42.5000","0.7069","10.3783"
"42.5200","0.7073","10.3657"
"42.5400","0.7078","10.3654"
"42.5600","0.7083","10.3700"
"42.5800","0.7087","10.3672"
"42.6000","0.7089","10.4130"
"42.6200","0.7092","10.3786"
"42.6400","0.7094","10.2456"
"42.6600","0.7096","10.1971"
"42.6800","0.7099","10.3237"
"42.7000","0.7103","10.3465"
"42.7200","0.7106","10.3446"
"42.7400","0.7110","10.2996"
"42.7600","0.7114","10.2797"
"42.7800","0.7117","10.3357"
"42.8000","0.7120","10.3736"
"42.8200","0.7123","10.3367"
"42.8400","0.7127","10.3221"
"42.8600","0.7131","10.3861"
"42.8800","0.7135","10.4734"
"42.9000","0.7139","10.4456"
"42.9200","0.7142","10.4428"
"42.9400","0.7145","10.4906"
"42.9600","0.7147","10.4527"
"42.9800","0.7150","10.4257"
"43.0000","0.7152","10.5158"
"43.0200","0.7156","10.5071"
"43.0400","0.7160","10.5180"
"43.0600","0.7163","10.4857"
"43.0800","0.7167","10.4711"
"43.1000","0.7171","10.4926"
"43.1200","0.7174","10.4669"
"43.1400","0.7176","10.4615"
"43.1600","0.7179","10.4700"
"43.1800","0.7182","10.5435"
"43.2000","0.7186","10.4815"
"43.2200","0.7191","10.6115"
"43.2400","0.7195","10.5757"
"43.2600","0.7199","10.5472"
"43.2800","0.7203","10.5452"
"43.3000","0.7205","10.5081"
"43.3200","0.7207","10.6443"
"43.3400","0.7210","10.6448"
"43.3600","0.7213","10.5613"
"43.3800","0.7216","10.6175"
"43.4000","0.7220","10.6031"
"43.4200","0.7224","10.6440"
"43.4400","0.7227","10.6049"
"43.4600","0.7230","10.5466"
"43.4800","0.7233","10.5349"
"43.5000","0.7237","10.6171"
"43.5200","0.7240","10.6235"
"43.5400","0.7244","10.6190"
"43.5600","0.7248","10.7191"
"43.5800","0.7252","10.6799"
"43.6000","0.7256","10.5969"
"43.6200","0.7258","10.6206"
"43.6400","0.7261","10.6461"
"43.6600","0.7263","10.6988"
"43.6800","0.7266","10.6982"
"43.7000","0.7269","10.7209"
"43.7200","0.7273","10.7397"
"43.7400","0.7277","10.7177"
"43.7600","0.7280","10.7098"
"43.7800","0.7284","10.8450"
"43.8000","0.7287","10.8672"
"43.8200","0.7290","10.7901"
"43.8400","0.7293","10.7636"
"43.8600","0.7296","10.7617"
"43.8800","0.7299","10.8149"
"43.9000","0.7304","10.8597"
"43.9200","0.7308","10.8125"
"43.9400","0.7312","10.7384"
"43.9600","0.7316","10.7958"
"43.9800","0.7319","10.8592"
"44.0000","0.7321","10.8628"
"44.0200","0.7323","10.8865"
"44.0400","0.7326","10.8275"
"44.0600","0.7329","10.7413"
"44.0800","0.7333","10.8261"
"44.1000","0.7336","10.7723"
"44.1200","0.7340","10.8532"
"44.1400","0.7344","10.8514"
"44.1600","0.7347","10.8273"
"44.1800","0.7350","10.8199"
"44.2000","0.7354","10.8653"
"44.2200","0.7357","10.8937"
"44.2400","0.7361","10.8843"
"44.2600","0.7365","10.8627"
"44.2800","0.7369","10.9519"
"44.3000","0.7372","10.9438"
"44.3200","0.7374","10.9492"
"44.3400","0.7377","10.9134"
"44.3600","0.7379","10.9266"
"44.3800","0.7382","10.9401"
"44.4000","0.7386","10.9345"
"44.4200","0.7389","10.9744"
"44.4400","0.7393","10.9465"
"44.4600","0.7397","10.9310"
"44.4800","0.7400","10.9328"
"44.5000","0.7403","10.9387"
"44.5200","0.7406","10.9611"
"44.5400","0.7409","10.9910"
"44.5600","0.7412","10.9961"
"44.5800","0.7416","10.9572"
"44.6000","0.7421","11.0106"
"44.6200","0.7425","11.0915"
"44.6400","0.7429","11.0483"
"44.6600","0.7432","11.0290"
"44.6800","0.7435","11.0854"
"44.7000","0.7437","11.1373"
"44.7200","0.7440","11.1227"
"44.7400","0.7443","11.0996"
"44.7600","0.7446","11.0888"
"44.7800","0.7450","11.1289"
"44.8000","0.7454","11.1807"
"44.8200","0.7457","11.1952"
"44.8400","0.7460","11.1206"
"44.8600","0.7463","11.0762"
"44.8800","0.7467","11.1301"
"44.9000","0.7470","11.1340"
"44.9200","0.7474","11.1460"
"44.9400","0.7478","11.1395"
"44.9600","0.7482","11.0584"
"44.9800","0.7485","11.1916"
"45.0000","0.7488","11.2098"
"45.0200","0.7490","11.1802"
"45.0400","0.7493","11.1679"
"45.0600","0.7496","11.2077"
"45.0800","0.7499","11.1803"
"45.1000","0.7502","11.1892"
"45.1200","0.7506","11.2270"
"45.1400","0.7510","11.2115"
"45.1600","0.7514","11.2881"
"45.1800","0.7517","11.3343"
"45.2000","0.7520","11.2638"
"45.2200","0.7522","11.2803"
"45.2400","0.7526","11.2699"
"45.2600","0.7529","11.2183"
"45.2800","0.7534","11.1951"
"45.3000","0.7539","11.1880"
"45.3200","0.7543","11.2424"
"45.3400","0.7546","11.3097"
"45.3600","0.7548","11.3687"
"45.3800","0.7551","11.3535"
"45.4000","0.7553","11.2608"
"45.4200","0.7556","11.3261"
"45.4400","0.7559","11.3529"
"45.4600","0.7563","11.3514"
"45.4800","0.7567","11.3376"
"45.5000","0.7571","11.3909"
"45.5200","0.7574","11.4156"
"45.5400","0.7577","11.4132"
"45.5600","0.7580","11.4513"
"45.5800","0.7584","11.4337"
"45.6000","0.7588","11.4277"
"45.6200","0.7591","11.3053"
"45.6400","0.7595","11.2658"
"45.6600","0.7599","11.4094"
"45.6800","0.7602","11.4673"
"45.7000","0.7604","11.4059"
"45.7200","0.7607","11.4298"
"45.7400","0.7610","11.4170"
"45.7600","0.7613","11.4254"
"45.7800","0.7616","11.4643"
"45.8000","0.7620","11.4639"
"45.8200","0.7624","11.5008"
"45.8400","0.7627","11.5370"
"45.8600","0.7630","11.4710"
"45.8800","0.7633","11.5088"
"45.9000","0.7636","11.6046"
"45.9200","0.7639","11.6056"
"45.9400","0.7642","11.5067"
"45.9600","0.7647","11.4848"
"45.9800","0.7651","11.4934"
"46.0000","0.7656","11.5164"
"46.0200","0.7660","11.5160"
"46.0400","0.7662","11.5275"
"46.0600","0.7665","11.5140"
"46.0800","0.7667","11.5120"
"46.1000","0.7669","11.5497"
"46.1200","0.7672","11.4872"
"46.1400","0.7676","11.5550"
"46.1600","0.7680","11.5302"
"46.1800","0.7684","11.5903"
"46.2000","0.7688","11.6554"
"46.2200","0.7691","11.5911"
"46.2400","0.7694","11.5351"
"46.2600","0.7697","11.5797"
"46.2800","0.7701","11.6235"
"46.3000","0.7704","11.6170"
"46.3200","0.7708","11.5735"
"46.3400","0.7712","11.6423"
"46.3600","0.7715","11.6579"
"46.3800","0.7718","11.6001"
"46.4000","0.7720","11.6561"
"46.4200","0.7723","11.7006"
"46.4400","0.7726","11.6626"
"46.4600","0.7729","11.6809"
"46.4800","0.7733","11.7806"
"46.5000","0.7737","11.8497"
"46.5200","0.7740","11.7630"
"46.5400","0.7744","11.7104"
"46.5600","0.7747","11.6643"
"46.5800","0.7749","11.7117"
"46.6000","0.7752","11.7517"
"46.6200","0.7755","11.7092"
"46.6400","0.7759","11.7500"
"46.6600","0.7764","11.7950"
"46.6800","0.7769","11.8581"
"46.7000","0.7773","11.8027"
"46.7200","0.7776","11.7663"
"46.7400","0.7778","11.7576"
"46.7600","0.7781","11.8181"
"46.7800","0.7783","11.8473"
"46.8000","0.7786","11.8234"
"46.8200","0.7789","11.8165"
"46.8400","0.7793","11.8244"
"46.8600","0.7797","11.8853"
"46.8800","0.7801","11.9011"
"46.9000","0.7804","11.8999"
"46.9200","0.7808","11.8404"
"46.9400","0.7811","11.8376"
"46.9600","0.7814","11.8671"
"46.9800","0.7818","11.8776"
"47.0000","0.7821","11.8895"
"47.0200","0.7825","11.9670"
"47.0400","0.7829","12.0362"
"47.0600","0.7832","12.0129"
"47.0800","0.7834","12.0134"
"47.1000","0.7837","11.9704"
"47.1200","0.7839","11.9176"
"47.1400","0.7842","11.9602"
"47.1600","0.7846","11.9595"
"47.1800","0.7850","11.9070"
"47.2000","0.7854","11.8740"
"47.2200","0.7857","11.9074"
"47.2400","0.7860","11.9239"
"47.2600","0.7863","11.9793"
"47.2800","0.7866","12.0210"
"47.3000","0.7869","12.0601"
"47.3200","0.7873","12.0574"
"47.3400","0.7877","12.0992"
"47.3600","0.7882","12.0404"
"47.3800","0.7886","12.0085"
"47.4000","0.7890","12.1076"
"47.4200","0.7893","12.1495"
"47.4400","0.7895","12.1354"
"47.4600","0.7897","12.1143"
"47.4800","0.7900","12.1380"
"47.5000","0.7903","12.1254"
"47.5200","0.7906","12.1128"
"47.5400","0.7910","12.1427"
"47.5600","0.7914","12.1470"
"47.5800","0.7917","12.1275"
"47.6000","0.7921","12.1481"
"47.6200","0.7924","12.1874"
"47.6400","0.7927","12.2298"
"47.6600","0.7930","12.2274"
"47.6800","0.7934","12.2175"
"47.7000","0.7938","12.2031"
"47.7200","0.7942","12.2391"
"47.7400","0.7945","12.1565"
"47.7600","0.7947","12.1861"
"47.7800","0.7950","12.1791"
"47.8000","0.7953","12.1502"
"47.8200","0.7956","12.1554"
"47.8400","0.7959","12.2123"
"47.8600","0.7963","12.2206"
"47.8800","0.7966","12.2224"
"47.9000","0.7970","12.2110"
"47.9200","0.7973","12.2294"
"47.9400","0.7976","12.2589"
"47.9600","0.7979","12.3348"
"47.9800","0.7982","12.3672"
"48.0000","0.7985","12.2434"
"48.0200","0.7988","12.2885"
"48.0400","0.7993","12.3184"
"48.0600","0.7997","12.3297"
"48.0800","0.8002","12.3178"
"48.1000","0.8005","12.3427"
"48.1200","0.8007","12.3884"
"48.1400","0.8010","12.4240"
"48.1600","0.8012","12.4548"
"48.1800","0.8015","12.3802"
"48.2000","0.8019","12.3594"
"48.2200","0.8022","12.3816"
"48.2400","0.8026","12.3854"
"48.2600","0.8030","12.5049"
"48.2800","0.8034","12.5430"
"48.3000","0.8037","12.4805"
"48.3200","0.8040","12.3923"
"48.3400","0.8044","12.3497"
"48.3600","0.8047","12.4765"
"48.3800","0.8052","12.5672"
"48.4000","0.8056","12.5689"
"48.4200","0.8059","12.5508"
"48.4400","0.8062","12.4914"
"48.4600","0.8065","12.5217"
"48.4800","0.8067","12.5047"
"48.5000","0.8070","12.5202"
"48.5200","0.8073","12.5768"
"48.5400","0.8076","12.6009"
"48.5600","0.8080","12.5477"
"48.5800","0.8084","12.5820"
"48.6000","0.8088","12.5592"
"48.6200","0.8091","12.6063"
"48.6400","0.8093","12.6386"
"48.6600","0.8096","12.6957"
"48.6800","0.8099","12.6248"
"48.7000","0.8103","12.5734"
"48.7200","0.8107","12.6633"
"48.7400","0.8112","12.6521"
"48.7600","0.8116","12.6808"
"48.7800","0.8120","12.7449"
"48.8000","0.8122","12.6946"
"48.8200","0.8124","12.6479"
"48.8400","0.8127","12.7419"
"48.8600","0.8129","12.7905"
"48.8800","0.8133","12.7139"
"48.9000","0.8136","12.6119"
"48.9200","0.8140","12.6060"
"48.9400","0.8144","12.6727"
"48.9600","0.8147","12.6543"
"48.9800","0.8150","12.7623"
"49.0000","0.8153","12.8120"
"49.0200","0.8157","12.7477"
"49.0400","0.8161","12.7093"
"49.0600","0.8165","12.7463"
"49.0800","0.8169","12.7442"
"49.1000","0.8172","12.7669"
"49.1200","0.8175","12.8350"
"49.1400","0.8178","12.7889"
"49.1600","0.8180","12.7838"
"49.1800","0.8183","12.8434"
"49.2000","0.8186","12.9025"
"49.2200","0.8190","12.9633"
"49.2400","0.8193","12.9211"
"49.2600","0.8197","12.7770"
"49.2800","0.8200","12.6853"
"49.3000","0.8204","12.7738"
"49.3200","0.8206","12.8522"
"49.3400","0.8209","12.8606"
"49.3600","0.8212","12.8757"
"49.3800","0.8215","12.8475"
"49.4000","0.8219","12.9604"
"49.4200","0.8224","13.0507"
"49.4400","0.8229","13.0851"
"49.4600","0.8233","13.1139"
"49.4800","0.8235","12.9946"
"49.5000","0.8238","12.9210"
"49.5200","0.8240","12.9283"
"49.5400","0.8243","12.9804"
"49.5600","0.8246","12.9642"
"49.5800","0.8250","12.9888"
"49.6000","0.8253","13.0033"
"49.6200","0.8257","13.0511"
"49.6400","0.8261","13.0576"
"49.6600","0.8264","13.0410"
"49.6800","0.8267","13.1114"
"49.7000","0.8270","13.0999"
"49.7200","0.8274","12.9914"
"49.7400","0.8278","13.0786"
"49.7600","0.8282","13.1603"
"49.7800","0.8286","13.1694"
"49.8000","0.8289","13.1700"
"49.8200","0.8292","13.1880"
"49.8400","0.8294","13.1615"
"49.8600","0.8297","13.0881"
"49.8800","0.8300","13.1710"
"49.9000","0.8303","13.2081"
"49.9200","0.8306","13.1366"
"49.9400","0.8310","13.1435"
"49.9600","0.8314","13.1540"
"49.9800","0.8317","13.1718"
"50.0000","0.8320","13.1871"
"50.0200","0.8323","13.1818"
"50.0400","0.8326","13.1655"
"50.0600","0.8329","13.1509"
"50.0800","0.8333","13.1217"
"50.1000","0.8337","13.2047"
"50.1200","0.8342","13.2883"
"50.1400","0.8346","13.2357"
"50.1600","0.8349","13.2447"
"50.1800","0.8352","13.2637"
"50.2000","0.8354","13.3211"
"50.2200","0.8357","13.2789"
"50.2400","0.8360","13.2849"
"50.2600","0.8363","13.1973"
"50.2800","0.8367","13.2148"
"50.3000","0.8370","13.3175"
"50.3200","0.8374","13.3540"
"50.3400","0.8377","13.4030"
"50.3600","0.8380","13.4204"
"50.3800","0.8383","13.4231"
"50.4000","0.8386","13.4185"
"50.4200","0.8390","13.3857"
"50.4400","0.8394","13.3408"
"50.4600","0.8398","13.3509"
"50.4800","0.8402","13.3390"
"50.5000","0.8405","13.4235"
"50.5200","0.8408","13.4581"
"50.5400","0.8410","13.4514"
"50.5600","0.8413","13.4191"
"50.5800","0.8416","13.4870"
"50.6000","0.8420","13.4602"
"50.6200","0.8423","13.5281"
"50.6400","0.8427","13.5748"
"50.6600","0.8431","13.5454"
"50.6800","0.8434","13.5823"
"50.7000","0.8436","13.5999"
"50.7200","0.8439","13.5008"
"50.7400","0.8442","13.5240"
"50.7600","0.8445","13.5143"
"50.7800","0.8449","13.4657"
"50.8000","0.8454","13.6019"
"50.8200","0.8458","13.6254"
"50.8400","0.8462","13.6633"
"50.8600","0.8465","13.6019"
"50.8800","0.8467","13.6277"
"50.9000","0.8470","13.6314"
"50.9200","0.8473","13.6822"
"50.9400","0.8476","13.6300"
"50.9600","0.8479","13.5791"
"50.9800","0.8483","13.6522"
"51.0000","0.8487","13.6107"
"51.0200","0.8491","13.5770"
"51.0400","0.8494","13.6164"
"51.0600","0.8497","13.6349"
"51.0800","0.8500","13.6631"
"51.1000","0.8504","13.6699"
"51.1200","0.8508","13.7124"
"51.1400","0.8512","13.7377"
"51.1600","0.8516","13.6987"
"51.1800","0.8519","13.6994"
"51.2000","0.8522","13.7728"
"51.2200","0.8524","13.8187"
"51.2400","0.8527","13.7196"
"51.2600","0.8529","13.7171"
"51.2800","0.8533","13.7334"
"51.3000","0.8537","13.7389"
"51.3200","0.8540","13.7800"
"51.3400","0.8544","13.7283"
"51.3600","0.8547","13.7907"
"51.3800","0.8550","13.8642"
"51.4000","0.8553","13.8699"
"51.4200","0.8555","13.8069"
"51.4400","0.8559","13.7874"
"51.4600","0.8562","13.7001"
"51.4800","0.8567","13.7747"
"51.5000","0.8571","13.8737"
"51.5200","0.8575","13.8789"
"51.5400","0.8579","13.9515"
"51.5600","0.8581","14.0016"
"51.5800","0.8584","13.9660"
"51.6000","0.8586","13.9129"
"51.6200","0.8589","13.9143"
"51.6400","0.8592","13.9290"
"51.6600","0.8596","13.8894"
"51.6800","0.8600","13.8490"
"51.7000","0.8604","13.8272"
"51.7200","0.8607","13.8304"
"51.7400","0.8610","13.8297"
"51.7600","0.8613","13.8934"
"51.7800","0.8617","13.9859"
"51.8000","0.8621","13.9371"
"51.8200","0.8625","13.9327"
"51.8400","0.8629","13.9516"
"51.8600","0.8633","13.9921"
"51.8800","0.8636","14.0003"
"51.9000","0.8638","13.9521"
"51.9200","0.8641","13.9244"
"51.9400","0.8643","13.9699"
"51.9600","0.8646","14.0458"
"51.9800","0.8650","14.1120"
"52.0000","0.8654","14.1461"
"52.0200","0.8658","14.1825"
"52.0400","0.8661","14.1899"
"52.0600","0.8664","14.1199"
"52.0800","0.8667","14.0664"
"52.1000","0.8669","14.1021"
"52.1200","0.8672","14.0584"
"52.1400","0.8676","14.0318"
"52.1600","0.8680","14.0853"
"52.1800","0.8684","14.1390"
"52.2000","0.8689","14.1645"
"52.2200","0.8693","14.1292"
"52.2400","0.8695","14.1196"
"52.2600","0.8698","14.1551"
"52.2800","0.8700","14.1773"
"52.3000","0.8703","14.1219"
"52.3200","0.8706","14.1278"
"52.3400","0.8709","14.2045"
"52.3600","0.8713","14.1977"
"52.3800","0.8717","14.0906"
"52.4000","0.8720","14.1250"
"52.4200","0.8724","14.2905"
"52.4400","0.8727","14.3250"
"52.4600","0.8730","14.3114"
"52.4800","0.8734","14.3254"
"52.5000","0.8738","14.3403"
"52.5200","0.8742","14.2886"
"52.5400","0.8746","14.2824"
"52.5600","0.8749","14.2954"
"52.5800","0.8751","14.2736"
"52.6000","0.8754","14.3320"
"52.6200","0.8756","14.3365"
"52.6400","0.8759","14.3446"
"52.6600","0.8762","14.4448"
"52.6800","0.8766","14.4230"
"52.7000","0.8770","14.3523"
"52.7200","0.8774","14.3690"
"52.7400","0.8777","14.3647"
"52.7600","0.8780","14.3776"
"52.7800","0.8783","14.3694"
"52.8000","0.8785","14.3061"
"52.8200","0.8789","14.4175"
"52.8400","0.8792","14.5051"
"52.8600","0.8797","14.5109"
"52.8800","0.8801","14.4622"
"52.9000","0.8805","14.4854"
"52.9200","0.8809","14.5385"
"52.9400","0.8811","14.5185"
"52.9600","0.8814","14.4944"
"52.9800","0.8816","14.4595"
"53.0000","0.8819","14.5569"
"53.0200","0.8823","14.5357"
"53.0400","0.8826","14.4320"
"53.0600","0.8830","14.4245"
"53.0800","0.8834","14.4972"
"53.1000","0.8837","14.5185"
"53.1200","0.8840","14.4871"
"53.1400","0.8843","14.5173"
"53.1600","0.8847","14.5462"
"53.1800","0.8851","14.5397"
"53.2000","0.8855","14.5787"
"53.2200","0.8859","14.5991"
"53.2400","0.8863","14.5935"
"53.2600","0.8865","14.5611"
"53.2800","0.8868","14.5699"
"53.3000","0.8870","14.5369"
"53.3200","0.8873","14.5725"
"53.3400","0.8876","14.6035"
"53.3600","0.8880","14.5467"
"53.3800","0.8884","14.6340"
"53.4000","0.8888","14.6808"
"53.4200","0.8891","14.7633"
"53.4400","0.8894","14.8081"
"53.4600","0.8897","14.7290"
"53.4800","0.8899","14.7566"
"53.5000","0.8902","14.6964"
"53.5200","0.8906","14.7336"
"53.5400","0.8910","14.7460"
"53.5600","0.8915","14.7494"
"53.5800","0.8919","14.7048"
"53.6000","0.8923","14.7342"
"53.6200","0.8925","14.8007"
"53.6400","0.8927","14.7111"
"53.6600","0.8930","14.6973"
"53.6800","0.8933","14.7569"
"53.7000","0.8936","14.8064"
"53.7200","0.8939","14.8031"
"53.7400","0.8943","14.8304"
"53.7600","0.8947","14.7695"
"53.7800","0.8950","14.8061"
"53.8000","0.8953","14.8122"
"53.8200","0.8957","14.8521"
"53.8400","0.8960","14.8755"
"53.8600","0.8964","14.8693"
"53.8800","0.8968","14.8529"
"53.9000","0.8972","14.8067"
"53.9200","0.8976","14.7882"
"53.9400","0.8979","14.7881"
"53.9600","0.8981","14.8255"
"53.9800","0.8984","14.8178"
"54.0000","0.8986","14.8679"
"54.0200","0.8989","15.0157"
"54.0400","0.8993","15.0689"
"54.0600","0.8996","15.0438"
"54.0800","0.9000","14.9724"
"54.1000","0.9004","15.0059"
"54.1200","0.9007","14.9745"
"54.1400","0.9010","14.9446"
"54.1600","0.9013","14.9431"
"54.1800","0.9016","14.8720"
"54.2000","0.9019","14.9199"
"54.2200","0.9023","14.9674"
"54.2400","0.9028","14.9655"
"54.2600","0.9032","15.0030"
"54.2800","0.9036","15.1160"
"54.3000","0.9039","15.1352"
"54.3200","0.9042","15.0696"
"54.3400","0.9044","15.1027"
"54.3600","0.9046","15.0789"
"54.3800","0.9049","15.0093"
"54.4000","0.9053","15.0299"
"54.4200","0.9056","15.0789"
"54.4400","0.9060","15.1187"
"54.4600","0.9063","15.0920"
"54.4800","0.9067","15.0411"
"54.5000","0.9070","15.0370"
"54.5200","0.9073","15.1109"
"54.5400","0.9077","15.0588"
"54.5600","0.9081","15.0903"
"54.5800","0.9085","15.1753"
"54.6000","0.9089","15.1159"
"54.6200","0.9092","15.1207"
"54.6400","0.9095","15.1325"
"54.6600","0.9098","15.2249"
"54.6800","0.9100","15.2326"
"54.7000","0.9103","15.2014"
"54.7200","0.9106","15.1783"
"54.7400","0.9109","15.1478"
"54.7600","0.9113","15.1872"
"54.7800","0.9117","15.2510"
"54.8000","0.9121","15.3047"
"54.8200","0.9124","15.2977"
"54.8400","0.9126","15.3286"
"54.8600","0.9129","15.2983"
"54.8800","0.9132","15.2847"
"54.9000","0.9136","15.2540"
"54.9200","0.9140","15.3431"
"54.9400","0.9145","15.2936"
"54.9600","0.9149","15.3038"
"54.9800","0.9153","15.4054"
"55.0000","0.9155","15.4249"
"55.0200","0.9158","15.3901"
"55.0400","0.9160","15.3887"
"55.0600","0.9163","15.3201"
"55.0800","0.9166","15.3928"
"55.1000","0.9169","15.4896"
"55.1200","0.9173","15.3988"
"55.1400","0.9177","15.3317"
"55.1600","0.9180","15.4154"
"55.1800","0.9183","15.3830"
"55.2000","0.9186","15.3456"
"55.2200","0.9190","15.3238"
"55.2400","0.9194","15.3153"
"55.2600","0.9198","15.4154"
"55.2800","0.9202","15.3893"
"55.3000","0.9206","15.4066"
"55.3200","0.9209","15.4510"
"55.3400","0.9211","15.4461"
"55.3600","0.9213","15.5315"
"55.3800","0.9216","15.6270"
"55.4000","0.9219","15.6016"
"55.4200","0.9222","15.5622"
"55.4400","0.9226","15.5629"
"55.4600","0.9230","15.5838"
"55.4800","0.9234","15.5952"
"55.5000","0.9237","15.5117"
"55.5200","0.9240","15.5426"
"55.5400","0.9243","15.5821"
"55.5600","0.9245","15.5458"
"55.5800","0.9249","15.5840"
"55.6000","0.9253","15.6815"
"55.6200","0.9257","15.6426"
"55.6400","0.9262","15.6982"
"55.6600","0.9266","15.7307"
"55.6800","0.9269","15.6933"
"55.7000","0.9272","15.5639"
"55.7200","0.9274","15.5321"
"55.7400","0.9276","15.6508"
"55.7600","0.9279","15.7775"
"55.7800","0.9282","15.7869"
"55.8000","0.9286","15.7359"
"55.8200","0.9290","15.7339"
"55.8400","0.9294","15.7158"
"55.8600","0.9297","15.7167"
"55.8800","0.9300","15.7703"
"55.9000","0.9303","15.7448"
"55.9200","0.9307","15.7498"
"55.9400","0.9311","15.8646"
"55.9600","0.9315","15.8491"
"55.9800","0.9319","15.8476"
"56.0000","0.9322","15.8284"
"56.0200","0.9325","15.9130"
"56.0400","0.9327","15.8548"
"56.0600","0.9330","15.7995"
"56.0800","0.9332","15.8441"
"56.1000","0.9336","15.8410"
"56.1200","0.9339","15.9289"
"56.1400","0.9343","15.9899"
"56.1600","0.9347","15.9173"
"56.1800","0.9351","15.9362"
"56.2000","0.9354","15.8856"
"56.2200","0.9356","15.8788"
"56.2400","0.9359","15.8673"
"56.2600","0.9362","15.9065"
"56.2800","0.9366","15.8500"
"56.3000","0.9370","15.8716"
"56.3200","0.9375","15.9845"
"56.3400","0.9379","16.0529"
"56.3600","0.9383","15.9342"
"56.3800","0.9386","15.9597"
"56.4000","0.9388","15.9769"
"56.4200","0.9390","15.9722"
"56.4400","0.9393","16.0280"
"56.4600","0.9396","15.9945"
"56.4800","0.9399","15.9784"
"56.5000","0.9403","16.0282"
"56.5200","0.9407","15.9887"
"56.5400","0.9411","16.0560"
"56.5600","0.9414","16.0995"
"56.5800","0.9417","16.0173"
"56.6000","0.9420","16.0144"
"56.6200","0.9424","16.0923"
"56.6400","0.9428","16.1213"
"56.6600","0.9432","16.1156"
"56.6800","0.9436","16.0777"
"56.7000","0.9439","16.1541"
"56.7200","0.9441","16.1492"
"56.7400","0.9444","16.1648"
"56.7600","0.9446","16.1418"
"56.7800","0.9449","16.1444"
"56.8000","0.9453","16.1951"
"56.8200","0.9456","16.2254"
"56.8400","0.9460","16.2294"
"56.8600","0.9464","16.2159"
"56.8800","0.9467","16.1816"
"56.9000","0.9470","16.2148"
"56.9200","0.9473","16.2307"
"56.9400","0.9475","16.2990"
"56.9600","0.9479","16.3203"
"56.9800","0.9483","16.3207"
"57.0000","0.9488","16.3307"
"57.0200","0.9493","16.3428"
"57.0400","0.9497","16.2736"
"57.0600","0.9500","16.3143"
"57.0800","0.9502","16.2525"
"57.1000","0.9504","16.2495"
"57.1200","0.9507","16.2982"
"57.1400","0.9509","16.3099"
"57.1600","0.9513","16.2694"
"57.1800","0.9516","16.2591"
"57.2000","0.9520","16.2931"
"57.2200","0.9524","16.3112"
"57.2400","0.9527","16.3784"
"57.2600","0.9530","16.4035"
"57.2800","0.9533","16.3771"
"57.3000","0.9537","16.4151"
"57.3200","0.9541","16.4040"
"57.3400","0.9545","16.4325"
"57.3600","0.9549","16.4238"
"57.3800","0.9552","16.4335"
"57.4000","0.9555","16.5030"
"57.4200","0.9557","16.5132"
"57.4400","0.9560","16.5359"
"57.4600","0.9562","16.4267"
"57.4800","0.9566","16.4092"
"57.5000","0.9570","16.4275"
"57.5200","0.9574","16.4602"
"57.5400","0.9577","16.4546"
"57.5600","0.9581","16.5309"
"57.5800","0.9584","16.5499"
"57.6000","0.9586","16.4993"
"57.6200","0.9589","16.5099"
"57.6400","0.9592","16.5856"
"57.6600","0.9596","16.6194"
"57.6800","0.9600","16.6511"
"57.7000","0.9605","16.6628"
"57.7200","0.9609","16.5564"
"57.7400","0.9613","16.5319"
"57.7600","0.9615","16.6333"
"57.7800","0.9618","16.6332"
"57.8000","0.9620","16.6368"
"57.8200","0.9623","16.6688"
"57.8400","0.9626","16.6605"
"57.8600","0.9630","16.5494"
"57.8800","0.9634","16.5462"
"57.9000","0.9637","16.6373"
"57.9200","0.9641","16.7237"
"57.9400","0.9644","16.7535"
"57.9600","0.9647","16.7546"
"57.9800","0.9650","16.7207"
"58.0000","0.9654","16.7370"
"58.0200","0.9658","16.7182"
"58.0400","0.9662","16.6777"
"58.0600","0.9665","16.7461"
"58.0800","0.9668","16.8151"
"58.1000","0.9671","16.8175"
"58.1200","0.9673","16.8197"
"58.1400","0.9676","16.7393"
"58.1600","0.9679","16.7291"
"58.1800","0.9682","16.7700"
"58.2000","0.9686","16.7892"
"58.2200","0.9690","16.8356"
"58.2400","0.9694","16.7988"
"58.2600","0.9697","16.8376"
"58.2800","0.9700","16.8854"
"58.3000","0.9703","16.9402"
"58.3200","0.9706","16.9014"
"58.3400","0.9709","16.8557"
"58.3600","0.9713","16.7955"
"58.3800","0.9718","16.9226"
"58.4000","0.9722","17.0021"
"58.4200","0.9726","16.9145"
"58.4400","0.9729","16.8109"
"58.4600","0.9731","16.8121"
"58.4800","0.9733","16.8259"
"58.5000","0.9736","16.8215"
"58.5200","0.9739","16.8891"
"58.5400","0.9743","16.8590"
"58.5600","0.9746","16.8612"
"58.5800","0.9750","16.9277"
"58.6000","0.9754","16.9379"
"58.6200","0.9757","16.9132"
"58.6400","0.9760","16.9231"
"58.6600","0.9764","16.9623"
"58.6800","0.9767","17.0387"
"58.7000","0.9771","17.1415"
"58.7200","0.9775","17.0875"
"58.7400","0.9779","17.0051"
"58.7600","0.9782","16.9671"
"58.7800","0.9784","17.0071"
"58.8000","0.9787","17.0858"
"58.8200","0.9789","17.0266"
"58.8400","0.9792","16.9760"
"58.8600","0.9795","17.0974"
"58.8800","0.9799","17.1455"
"58.9000","0.9803","17.1945"
"58.9200","0.9807","17.2011"
"58.9400","0.9810","17.1628"
"58.9600","0.9813","17.1933"
"58.9800","0.9816","17.2114"
"59.0000","0.9819","17.2069"
"59.0200","0.9822","17.2796"
"59.0400","0.9826","17.2477"
"59.0600","0.9830","17.1320"
"59.0800","0.9835","17.1014"
"59.1000","0.9839","17.1490"
"59.1200","0.9843","17.1859"
"59.1400","0.9845","17.2210"
"59.1600","0.9847","17.1956"
"59.1800","0.9850","17.2236"
"59.2000","0.9853","17.1740"
"59.2200","0.9856","17.1971"
"59.2400","0.9860","17.2518"
"59.2600","0.9864","17.2361"
"59.2800","0.9867","17.2443"
"59.3000","0.9871","17.2686"
"59.3200","0.9874","17.2925"
"59.3400","0.9877","17.3133"
"59.3600","0.9880","17.2478"
"59.3800","0.9884","17.3400"
"59.4000","0.9888","17.2977"
"59.4200","0.9892","17.3747"
"59.4400","0.9895","17.3987"
"59.4600","0.9898","17.3030"
"59.4800","0.9900","17.2993"
"59.5000","0.9903","17.3813"
"59.5200","0.9906","17.4046"
"59.5400","0.9909","17.4598"
"59.5600","0.9912","17.4816"
"59.5800","0.9916","17.4490"
"59.6000","0.9920","17.4017"
"59.6200","0.9924","17.4900"
"59.6400","0.9927","17.5151"
"59.6600","0.9930","17.4183"
"59.6800","0.9933","17.4275"
"59.7000","0.9936","17.4621"
"59.7200","0.9939","17.5052"
"59.7400","0.9944","17.5125"
"59.7600","0.9949","17.4985"
"59.7800","0.9953","17.4357"
"59.8000","0.9956","17.3860"
"59.8200","0.9959","17.4664"
"59.8400","0.9961","17.5596"
"59.8600","0.9963","17.6175"
"59.8800","0.9966","17.5347"
"59.9000","0.9969","17.5682"
"59.9200","0.9973","17.5729"
"59.9400","0.9977","17.5776"
"59.9600","0.9981","17.5410"
"59.9800","0.9984","17.5715"
"60.0000","0.9987","17.5573"
"60.0200","0.9991","17.5884"
"60.0400","0.9994","17.6012"
"60.0600","0.9997","17.6334"
"60.0800","1.0001","17.5635"
"60.1000","1.0005","17.5411"
"60.1200","1.0009","17.5834"
"60.1400","1.0012","17.6210"
"60.1600","1.0015","17.6616"
"60.1800","1.0017","17.6869"
"60.2000","1.0020","17.6452"
"60.2200","1.0023","17.7028"
"60.2400","1.0026","17.6948"
"60.2600","1.0030","17.6348"
"60.2800","1.0034","17.7212"
"60.3000","1.0037","17.7589"
"60.3200","1.0041","17.7638"
"60.3400","1.0044","17.7173"
"60.3600","1.0046","17.7486"
"60.3800","1.0049","17.7937"
"60.4000","1.0052","17.8050"
"60.4200","1.0057","17.7511"
"60.4400","1.0061","17.7254"
"60.4600","1.0066","17.7893"
"60.4800","1.0070","17.8538"
"60.5000","1.0073","17.8021"
"60.5200","1.0075","17.7949"
"60.5400","1.0077","17.8220"
"60.5600","1.0079","17.8753"
"60.5800","1.0082","17.9050"
"60.6000","1.0086","17.8864"
"60.6200","1.0090","17.8579"
"60.6400","1.0094","17.8418"
"60.6600","1.0097","17.8834"
"60.6800","1.0101","17.9058"
"60.7000","1.0104","17.8880"
"60.7200","1.0107","17.9480"
"60.7400","1.0111","17.9765"
"60.7600","1.0114","17.9727"
"60.7800","1.0118","17.9428"
"60.8000","1.0122","17.9516"
"60.8200","1.0125","17.8964"
"60.8400","1.0128","17.8995"
"60.8600","1.0130","17.8926"
"60.8800","1.0133","17.8971"
"60.9000","1.0136","17.9880"
"60.9200","1.0139","17.9811"
"60.9400","1.0143","17.9522"
"60.9600","1.0146","17.9622"
"60.9800","1.0150","18.0929"
"61.0000","1.0154","18.0901"
"61.0200","1.0157","18.0776"
"61.0400","1.0159","18.0626"
"61.0600","1.0162","18.0463"
"61.0800","1.0165","18.0311"
"61.1000","1.0169","18.0316"
"61.1200","1.0173","18.0575"
"61.1400","1.0178","18.0730"
"61.1600","1.0183","18.1104"
"61.1800","1.0186","18.1136"
"61.2000","1.0189","18.1162"
"61.2200","1.0191","18.0346"
"61.2400","1.0193","18.0528"
"61.2600","1.0196","18.1318"
"61.2800","1.0199","18.1291"
"61.3000","1.0203","18.1923"
"61.3200","1.0207","18.2673"
"61.3400","1.0211","18.2823"
"61.3600","1.0215","18.1852"
"61.3800","1.0218","18.2239"
"61.4000","1.0221","18.2500"
"61.4200","1.0224","18.2694"
"61.4400","1.0228","18.2328"
"61.4600","1.0231","18.1938"
"61.4800","1.0235","18.2329"
"61.5000","1.0238","18.2438"
"61.5200","1.0241","18.2659"
"61.5400","1.0244","18.2718"
"61.5600","1.0247","18.2800"
"61.5800","1.0249","18.2393"
"61.6000","1.0252","18.2392"
"61.6200","1.0256","18.3501"
"61.6400","1.0259","18.2894"
"61.6600","1.0263","18.2508"
"61.6800","1.0267","18.2499"
"61.7000","1.0270","18.3175"
"61.7200","1.0273","18.3328"
"61.7400","1.0275","18.3517"
"61.7600","1.0278","18.3134"
"61.7800","1.0282","18.2318"
"61.8000","1.0286","18.3060"
"61.8200","1.0291","18.3895"
"61.8400","1.0296","18.3130"
"61.8600","1.0300","18.3465"
"61.8800","1.0303","18.3521"
"61.9000","1.0305","18.3522"
"61.9200","1.0307","18.3818"
"61.9400","1.0310","18.3961"
"61.9600","1.0313","18.4093"
"61.9800","1.0316","18.4133"
"62.0000","1.0320","18.4134"
"62.0200","1.0324","18.4131"
"62.0400","1.0327","18.4234"
"62.0600","1.0331","18.4525"
"62.0800","1.0334","18.5249"
"62.1000","1.0337","18.5475"
"62.1200","1.0340","18.6011"
"62.1400","1.0344","18.5111"
"62.1600","1.0348","18.4468"
"62.1800","1.0352","18.5157"
"62.2000","1.0355","18.5647"
"62.2200","1.0358","18.5957"
"62.2400","1.0360","18.5495"
"62.2600","1.0363","18.4422"
"62.2800","1.0366","18.3910"
"62.3000","1.0369","18.4854"
"62.3200","1.0373","18.5367"
"62.3400","1.0377","18.5363"
"62.3600","1.0380","18.6089"
"62.3800","1.0384","18.6739"
"62.4000","1.0387","18.6628"
"62.4200","1.0389","18.6562"
"62.4400","1.0392","18.6988"
"62.4600","1.0395","18.6808"
"62.4800","1.0399","18.7011"
"62.5000","1.0403","18.6485"
"62.5200","1.0408","18.6528"
"62.5400","1.0413","18.7003"
"62.5600","1.0416","18.7618"
"62.5800","1.0418","18.7052"
"62.6000","1.0421","18.7187"
"62.6200","1.0423","18.7261"
"62.6400","1.0426","18.8133"
"62.6600","1.0429","18.7939"
"62.6800","1.0433","18.7065"
"62.7000","1.0437","18.7636"
"62.7200","1.0440","18.8358"
"62.7400","1.0444","18.8699"
"62.7600","1.0447","18.8911"
"62.7800","1.0450","18.8790"
"62.8000","1.0453","18.8326"
"62.8200","1.0457","18.8107"
"62.8400","1.0461","18.7943"
"62.8600","1.0465","18.7993"
"62.8800","1.0469","18.8183"
"62.9000","1.0472","18.8689"
"62.9200","1.0474","18.8553"
"62.9400","1.0477","18.8852"
"62.9600","1.0480","18.8603"
"62.9800","1.0483","18.8140"
"63.0000","1.0486","18.8307"
"63.0200","1.0490","18.8095"
"63.0400","1.0494","18.8579"
"63.0600","1.0497","18.9075"
"63.0800","1.0500","18.9385"
"63.1000","1.0503","18.9412"
"63.1200","1.0506","18.9487"
"63.1400","1.0509","18.9750"
"63.1600","1.0512","19.0193"
"63.1800","1.0516","18.9600"
"63.2000","1.0521","18.9539"
"63.2200","1.0526","18.9393"
"63.2400","1.0529","18.9947"
"63.2600","1.0532","19.0544"
"63.2800","1.0534","19.0187"
"63.3000","1.0537","18.9817"
"63.3200","1.0539","18.9748"
"63.3400","1.0542","18.9507"
"63.3600","1.0546","18.9278"
"63.3800","1.0550","18.9582"
"63.4000","1.0554","19.0937"
"63.4200","1.0557","19.1912"
"63.4400","1.0560","19.0520"
"63.4600","1.0563","18.9471"
"63.4800","1.0567","19.0161"
"63.5000","1.0571","19.0615"
"63.5200","1.0575","19.0484"
"63.5400","1.0579","19.0523"
"63.5600","1.0583","19.0352"
"63.5800","1.0586","19.1030"
"63.6000","1.0588","19.1754"
"63.6200","1.0591","19.1986"
"63.6400","1.0593","19.2167"
"63.6600","1.0596","19.2436"
"63.6800","1.0600","19.2488"
"63.7000","1.0603","19.2067"
"63.7200","1.0607","19.2359"
"63.7400","1.0610","19.2418"
"63.7600","1.0613","19.2583"
"63.7800","1.0616","19.3286"
"63.8000","1.0619","19.3109"
"63.8200","1.0622","19.1792"
"63.8400","1.0625","19.2738"
"63.8600","1.0629","19.2296"
"63.8800","1.0634","19.2180"
"63.9000","1.0638","19.2793"
"63.9200","1.0642","19.3048"
"63.9400","1.0646","19.2843"
"63.9600","1.0648","19.3141"
"63.9800","1.0650","19.3493"
"64.0000","1.0653","19.3340"
"64.0200","1.0656","19.3996"
"64.0400","1.0660","19.4093"
"64.0600","1.0664","19.4242"
"64.0800","1.0667","19.3918"
"64.1000","1.0671","19.3654"
"64.1200","1.0674","19.3077"
"64.1400","1.0677","19.2972"
"64.1600","1.0680","19.2895"
"64.1800","1.0683","19.3193"
"64.2000","1.0687","19.3895"
"64.2200","1.0692","19.4312"
"64.2400","1.0696","19.4550"
"64.2600","1.0699","19.4425"
"64.2800","1.0702","19.4836"
"64.3000","1.0704","19.5166"
"64.3200","1.0707","19.5271"
"64.3400","1.0709","19.5602"
"64.3600","1.0713","19.5345"
"64.3800","1.0716","19.5024"
"64.4000","1.0720","19.5059"
"64.4200","1.0724","19.5302"
"64.4400","1.0727","19.5778"
"64.4600","1.0730","19.6357"
"64.4800","1.0733","19.6586"
"64.5000","1.0735","19.5734"
"64.5200","1.0738","19.5527"
"64.5400","1.0742","19.5199"
"64.5600","1.0746","19.5322"
"64.5800","1.0751","19.5913"
"64.6000","1.0756","19.5798"
"64.6200","1.0759","19.6513"
"64.6400","1.0762","19.7171"
"64.6600","1.0764","19.6414"
"64.6800","1.0767","19.6826"
"64.7000","1.0770","19.6666"
"64.7200","1.0773","19.6123"
"64.7400","1.0777","19.6454"
"64.7600","1.0780","19.6737"
"64.7800","1.0784","19.7046"
"64.8000","1.0787","19.7124"
"64.8200","1.0790","19.7613"
"64.8400","1.0793","19.7782"
"64.8600","1.0797","19.7435"
"64.8800","1.0800","19.7549"
"64.9000","1.0804","19.7773"
"64.9200","1.0809","19.7548"
"64.9400","1.0812","19.6868"
"64.9600","1.0816","19.7729"
"64.9800","1.0818","19.8287"
"65.0000","1.0821","19.8678"
"65.0200","1.0823","19.8528"
"65.0400","1.0826","19.8681"
"65.0600","1.0830","19.9567"
"65.0800","1.0834","19.9966"
"65.1000","1.0837","19.8561"
"65.1200","1.0841","19.8259"
"65.1400","1.0844","19.8626"
"65.1600","1.0847","19.8101"
"65.1800","1.0849","19.9050"
"65.2000","1.0852","19.8733"
"65.2200","1.0855","19.8012"
"65.2400","1.0859","19.8218"
"65.2600","1.0864","19.8705"
"65.2800","1.0868","19.8973"
"65.3000","1.0872","19.8941"
"65.3200","1.0875","19.9563"
"65.3400","1.0878","19.9777"
"65.3600","1.0880","20.0061"
"65.3800","1.0883","20.0025"
"65.4000","1.0886","19.9925"
"65.4200","1.0889","20.0212"
"65.4400","1.0893","20.0793"
"65.4600","1.0897","20.1145"
"65.4800","1.0901","20.0902"
"65.5000","1.0904","20.1001"
"65.5200","1.0907","20.1029"
"65.5400","1.0910","20.0688"
"65.5600","1.0914","20.0730"
"65.5800","1.0917","20.0195"
"65.6000","1.0922","20.0310"
"65.6200","1.0926","20.1761"
"65.6400","1.0929","20.1276"
"65.6600","1.0932","20.1187"
"65.6800","1.0934","20.1621"
"65.7000","1.0937","20.1570"
"65.7200","1.0940","20.1235"
"65.7400","1.0943","20.1113"
"65.7600","1.0947","20.1630"
"65.7800","1.0950","20.1418"
"65.8000","1.0954","20.2095"
"65.8200","1.0957","20.1758"
"65.8400","1.0960","20.1627"
"65.8600","1.0963","20.1585"
"65.8800","1.0965","20.1625"
"65.9000","1.0969","20.1954"
"65.9200","1.0972","20.2781"
"65.9400","1.0976","20.2812"
"65.9600","1.0981","20.2574"
"65.9800","1.0985","20.2825"
"66.0000","1.0989","20.3061"
"66.0200","1.0991","20.3417"
"66.0400","1.0994","20.3794"
"66.0600","1.0996","20.2477"
"66.0800","1.0999","20.1839"
"66.1000","1.1002","20.2638"
"66.1200","1.1006","20.3499"
"66.1400","1.1010","20.3496"
"66.1600","1.1014","20.3600"
"66.1800","1.1017","20.4443"
"66.2000","1.1020","20.4431"
"66.2200","1.1024","20.3292"
"66.2400","1.1027","20.3318"
"66.2600","1.1030","20.3733"
"66.2800","1.1035","20.4254"
"66.3000","1.1039","20.4459"
"66.3200","1.1042","20.3781"
"66.3400","1.1045","20.4599"
"66.3600","1.1048","20.4912"
"66.3800","1.1050","20.3811"
"66.4000","1.1053","20.3419"
"66.4200","1.1056","20.3814"
"66.4400","1.1059","20.4555"
"66.4600","1.1063","20.4993"
"66.4800","1.1067","20.4827"
"66.5000","1.1071","20.4686"
"66.5200","1.1074","20.4751"
"66.5400","1.1076","20.5234"
"66.5600","1.1079","20.4818"
"66.5800","1.1082","20.5203"
"66.6000","1.1085","20.4937"
"66.6200","1.1089","20.4728"
"66.6400","1.1094","20.5629"
"66.6600","1.1098","20.6014"
"66.6800","1.1102","20.5651"
"66.7000","1.1105","20.5791"
"66.7200","1.1108","20.5389"
"66.7400","1.1110","20.5711"
"66.7600","1.1113","20.6092"
"66.7800","1.1116","20.6124"
"66.8000","1.1119","20.5902"
"66.8200","1.1123","20.5665"
"66.8400","1.1127","20.6341"
"66.8600","1.1131","20.5939"
"66.8800","1.1134","20.6207"
"66.9000","1.1137","20.7411"
"66.9200","1.1140","20.7193"
"66.9400","1.1144","20.6376"
"66.9600","1.1148","20.6468"
"66.9800","1.1152","20.7268"
"67.0000","1.1156","20.8244"
"67.0200","1.1159","20.8186"
"67.0400","1.1162","20.8253"
"67.0600","1.1164","20.8277"
"67.0800","1.1166","20.8317"
"67.1000","1.1169","20.8352"
"67.1200","1.1172","20.7805"
"67.1400","1.1176","20.7558"
"67.1600","1.1180","20.8369"
"67.1800","1.1184","20.7808"
"67.2000","1.1188","20.7992"
"67.2200","1.1191","20.8460"
"67.2400","1.1193","20.8809"
"67.2600","1.1196","20.8871"
"67.2800","1.1199","20.8952"
"67.3000","1.1203","20.8673"
"67.3200","1.1207","20.8371"
"67.3400","1.1212","20.8839"
"67.3600","1.1216","20.9926"
"67.3800","1.1219","21.0118"
"67.4000","1.1222","20.9829"
"67.4200","1.1224","20.8931"
"67.4400","1.1227","20.8789"
"67.4600","1.1229","20.9790"
"67.4800","1.1233","20.9837"
"67.5000","1.1236","21.0079"
"67.5200","1.1240","21.0656"
"67.5400","1.1244","21.0776"
"67.5600","1.1247","21.0816"
"67.5800","1.1250","21.0559"
"67.6000","1.1253","21.0720"
"67.6200","1.1257","21.0434"
"67.6400","1.1261","20.9922"
"67.6600","1.1265","21.0763"
"67.6800","1.1269","21.1548"
"67.7000","1.1273","21.0824"
"67.7200","1.1275","21.0508"
"67.7400","1.1278","21.1438"
"67.7600","1.1280","21.2069"
"67.7800","1.1283","21.1291"
"67.8000","1.1286","21.1090"
"67.8200","1.1290","21.1504"
"67.8400","1.1294","21.1962"
"67.8600","1.1298","21.1884"
"67.8800","1.1301","21.1244"
"67.9000","1.1304","21.1017"
"67.9200","1.1307","21.2609"
"67.9400","1.1309","21.3372"
"67.9600","1.1312","21.3251"
"67.9800","1.1316","21.2948"
"68.0000","1.1320","21.2595"
"68.0200","1.1324","21.2311"
"68.0400","1.1329","21.2434"
"68.0600","1.1332","21.2069"
"68.0800","1.1335","21.2231"
"68.1000","1.1338","21.3359"
"68.1200","1.1340","21.2710"
"68.1400","1.1343","21.3240"
"68.1600","1.1346","21.3331"
"68.1800","1.1349","21.2916"
"68.2000","1.1353","21.2958"
"68.2200","1.1357","21.3121"
"68.2400","1.1360","21.2894"
"68.2600","1.1364","21.2995"
"68.2800","1.1367","21.3251"
"68.3000","1.1370","21.4109"
"68.3200","1.1374","21.4654"
"68.3400","1.1378","21.4106"
"68.3600","1.1382","21.3409"
"68.3800","1.1386","21.3275"
"68.4000","1.1389","21.3712"
"68.4200","1.1392","21.4102"
"68.4400","1.1394","21.3785"
"68.4600","1.1396","21.3829"
"68.4800","1.1399","21.4100"
"68.5000","1.1403","21.3970"
"68.5200","1.1406","21.4216"
"68.5400","1.1410","21.4981"
"68.5600","1.1414","21.5273"
"68.5800","1.1417","21.4615"
"68.6000","1.1420","21.5205"
"68.6200","1.1423","21.5143"
"68.6400","1.1426","21.5157"
"68.6600","1.1429","21.5847"
"68.6800","1.1433","21.5942"
"68.7000","1.1437","21.5482"
"68.7200","1.1442","21.5238"
"68.7400","1.1446","21.5610"
"68.7600","1.1449","21.5901"
"68.7800","1.1451","21.6241"
"68.8000","1.1454","21.6070"
"68.8200","1.1456","21.5671"
"68.8400","1.1459","21.6609"
"68.8600","1.1463","21.7246"
"68.8800","1.1466","21.7178"
"68.9000","1.1470","21.6989"
"68.9200","1.1474","21.6861"
"68.9400","1.1477","21.7228"
"68.9600","1.1480","21.7317"
"68.9800","1.1483","21.7449"
"69.0000","1.1487","21.7074"
"69.0200","1.1490","21.6985"
"69.0400","1.1495","21.7326"
"69.0600","1.1499","21.8156"
"69.0800","1.1502","21.8323"
"69.1000","1.1505","21.7815"
"69.1200","1.1508","21.7208"
"69.1400","1.1510","21.7361"
"69.1600","1.1513","21.8066"
"69.1800","1.1516","21.8391"
"69.2000","1.1519","21.7852"
"69.2200","1.1523","21.7588"
"69.2400","1.1527","21.7488"
"69.2600","1.1531","21.9297"
"69.2800","1.1534","21.9154"
"69.3000","1.1536","21.9378"
"69.3200","1.1539","21.9366"
"69.3400","1.1542","21.9177"
"69.3600","1.1546","21.9784"
"69.3800","1.1550","21.9454"
"69.4000","1.1555","21.8843"
"69.4200","1.1559","21.8671"
"69.4400","1.1563","21.8269"
"69.4600","1.1566","21.8703"
"69.4800","1.1568","21.8970"
"69.5000","1.1570","21.9615"
"69.5200","1.1573","22.0056"
"69.5400","1.1576","21.9437"
"69.5600","1.1579","21.8702"
"69.5800","1.1583","21.9527"
"69.6000","1.1586","22.0279"
"69.6200","1.1590","22.0599"
"69.6400","1.1593","22.0644"
"69.6600","1.1596","22.1115"
"69.6800","1.1600","22.0246"
"69.7000","1.1603","21.9840"
"69.7200","1.1607","22.0502"
"69.7400","1.1612","22.0773"
"69.7600","1.1615","22.0572"
"69.7800","1.1619","22.0086"
"69.8000","1.1621","22.0509"
"69.8200","1.1624","22.0867"
"69.8400","1.1626","22.0908"
"69.8600","1.1629","22.0522"
"69.8800","1.1632","22.0593"
"69.9000","1.1636","22.1276"
"69.9200","1.1640","22.2141"
"69.9400","1.1644","22.2267"
"69.9600","1.1647","22.1371"
"69.9800","1.1650","22.0756"
"70.0000","1.1653","22.1401"
"70.0200","1.1656","22.1741"
"70.0400","1.1659","22.1769"
"70.0600","1.1663","22.1990"
"70.0800","1.1667","22.0743"
"70.1000","1.1672","22.1062"
"70.1200","1.1676","22.2221"
"70.1400","1.1679","22.3050"
"70.1600","1.1682","22.3457"
"70.1800","1.1684","22.3161"
"70.2000","1.1686","22.3247"
"70.2200","1.1689","22.3111"
"70.2400","1.1692","22.3709"
"70.2600","1.1696","22.3367"
"70.2800","1.1700","22.3247"
"70.3000","1.1704","22.2708"
"70.3200","1.1707","22.2398"
"70.3400","1.1710","22.1576"
"70.3600","1.1713","22.2409"
"70.3800","1.1717","22.3602"
"70.4000","1.1721","22.3120"
"70.4200","1.1725","22.2348"
"70.4400","1.1729","22.3572"
"70.4600","1.1733","22.4125"
"70.4800","1.1735","22.4011"
"70.5000","1.1738","22.4456"
"70.5200","1.1740","22.4558"
"70.5400","1.1743","22.4278"
"70.5600","1.1746","22.4806"
"70.5800","1.1750","22.4904"
"70.6000","1.1753","22.4742"
"70.6200","1.1757","22.4210"
"70.6400","1.1761","22.4747"
"70.6600","1.1764","22.6122"
"70.6800","1.1766","22.6352"
"70.7000","1.1769","22.5474"
"70.7200","1.1772","22.5052"
"70.7400","1.1775","22.4864"
"70.7600","1.1780","22.4624"
"70.7800","1.1784","22.5988"
"70.8000","1.1789","22.6957"
"70.8200","1.1793","22.6558"
"70.8400","1.1796","22.6776"
"70.8600","1.1798","22.6538"
"70.8800","1.1800","22.6396"
"70.9000","1.1803","22.6546"
"70.9200","1.1806","22.7317"
"70.9400","1.1809","22.6683"
"70.9600","1.1813","22.6523"
"70.9800","1.1817","22.6378"
"71.0000","1.1821","22.5776"
"71.0200","1.1824","22.6815"
"71.0400","1.1828","22.8270"
"71.0600","1.1831","22.8092"
"71.0800","1.1835","22.7046"
"71.1000","1.1839","22.7429"
"71.1200","1.1843","22.7304"
"71.1400","1.1846","22.7012"
"71.1600","1.1849","22.7331"
"71.1800","1.1851","22.7328"
"71.2000","1.1854","22.7223"
"71.2200","1.1856","22.8097"
"71.2400","1.1859","22.8024"
"71.2600","1.1863","22.7582"
"71.2800","1.1866","22.7621"
"71.3000","1.1870","22.8411"
"71.3200","1.1874","22.8179"
"71.3400","1.1877","22.8470"
"71.3600","1.1880","22.7252"
"71.3800","1.1883","22.7761"
"71.4000","1.1885","22.8148"
"71.4200","1.1889","22.8406"
"71.4400","1.1893","22.9159"
"71.4600","1.1897","22.8517"
"71.4800","1.1902","22.8098"
"71.5000","1.1906","22.8474"
"71.5200","1.1909","22.8797"
"71.5400","1.1912","22.9785"
"71.5600","1.1914","22.9804"
"71.5800","1.1917","22.9004"
"71.6000","1.1920","22.8966"
"71.6200","1.1923","22.9426"
"71.6400","1.1926","23.0133"
"71.6600","1.1930","22.9816"
"71.6800","1.1933","22.9405"
"71.7000","1.1937","23.0222"
"71.7200","1.1940","23.0371"
"71.7400","1.1943","23.0198"
"71.7600","1.1946","23.0037"
"71.7800","1.1950","22.9822"
"71.8000","1.1954","23.0080"
"71.8200","1.1958","23.0462"
"71.8400","1.1962","23.0537"
"71.8600","1.1965","23.0231"
"71.8800","1.1967","23.0723"
"71.9000","1.1969","23.0955"
"71.9200","1.1972","23.1356"
"71.9400","1.1975","23.0738"
"71.9600","1.1979","23.0482"
"71.9800","1.1983","23.1034"
"72.0000","1.1987","23.1310"
"72.0200","1.1990","23.1166"
"72.0400","1.1993","23.1464"
"72.0600","1.1996","23.1927"
"72.0800","1.1999","23.1879"
"72.1000","1.2002","23.1295"
"72.1200","1.2006","23.1316"
"72.1400","1.2010","23.1803"
"72.1600","1.2015","23.2689"
"72.1800","1.2019","23.3086"
"72.2000","1.2023","23.3162"
"72.2200","1.2026","23.2497"
"72.2400","1.2028","23.1689"
"72.2600","1.2030","23.2067"
"72.2800","1.2033","23.2180"
"72.3000","1.2036","23.2782"
"72.3200","1.2040","23.3267"
"72.3400","1.2044","23.4099"
"72.3600","1.2047","23.3622"
"72.3800","1.2051","23.2723"
"72.4000","1.2054","23.2019"
"72.4200","1.2057","23.3266"
"72.4400","1.2060","23.3697"
"72.4600","1.2064","23.3441"
"72.4800","1.2068","23.4246"
"72.5000","1.2072","23.4323"
"72.5200","1.2076","23.3885"
"72.5400","1.2079","23.3916"
"72.5600","1.2081","23.3318"
"72.5800","1.2084","23.3330"
"72.6000","1.2086","23.4224"
"72.6200","1.2089","23.5410"
"72.6400","1.2093","23.5574"
"72.6600","1.2097","23.5752"
"72.6800","1.2101","23.5749"
"72.7000","1.2104","23.4493"
"72.7200","1.2108","23.4075"
"72.7400","1.2110","23.4415"
"72.7600","1.2113","23.4870"
"72.7800","1.2116","23.5244"
"72.8000","1.2119","23.5192"
"72.8200","1.2123","23.5524"
"72.8400","1.2127","23.4607"
"72.8600","1.2132","23.4364"
"72.8800","1.2136","23.5004"
"72.9000","1.2139","23.6414"
"72.9200","1.2141","23.6179"
"72.9400","1.2144","23.5689"
"72.9600","1.2146","23.5460"
"72.9800","1.2149","23.5436"
"73.0000","1.2152","23.5956"
"73.0200","1.2156","23.6137"
"73.0400","1.2160","23.5529"
"73.0600","1.2164","23.5575"
"73.0800","1.2167","23.5532"
"73.1000","1.2170","23.6075"
"73.1200","1.2173","23.6840"
"73.1400","1.2177","23.6677"
"73.1600","1.2181","23.7222"
"73.1800","1.2185","23.7433"
"73.2000","1.2189","23.6847"
"73.2200","1.2192","23.6561"
"73.2400","1.2195","23.6481"
"73.2600","1.2197","23.6966"
"73.2800","1.2200","23.6697"
"73.3000","1.2202","23.6979"
"73.3200","1.2205","23.6976"
"73.3400","1.2209","23.7365"
"73.3600","1.2213","23.7597"
"73.3800","1.2217","23.7366"
"73.4000","1.2220","23.7087"
"73.4200","1.2223","23.7065"
"73.4400","1.2226","23.7555"
"73.4600","1.2229","23.7879"
"73.4800","1.2232","23.7914"
"73.5000","1.2235","23.7556"
"73.5200","1.2240","23.8419"
"73.5400","1.2245","23.9079"
"73.5600","1.2249","23.8625"
"73.5800","1.2253","23.8265"
"73.6000","1.2255","23.8807"
"73.6200","1.2258","23.9101"
"73.6400","1.2260","23.9304"
"73.6600","1.2263","23.9431"
"73.6800","1.2266","23.9179"
"73.7000","1.2270","23.9500"
"73.7200","1.2274","24.0043"
"73.7400","1.2277","23.9907"
"73.7600","1.2281","23.9600"
"73.7800","1.2284","24.0315"
"73.8000","1.2287","24.0628"
"73.8200","1.2290","23.9626"
"73.8400","1.2294","23.9127"
"73.8600","1.2298","23.9620"
"73.8800","1.2302","24.0673"
"73.9000","1.2306","24.1038"
"73.9200","1.2308","24.0279"
"73.9400","1.2311","24.0755"
"73.9600","1.2313","24.0098"
"73.9800","1.2316","23.9829"
"74.0000","1.2319","24.0768"
"74.0200","1.2322","24.1035"
"74.0400","1.2326","24.0901"
"74.0600","1.2330","24.1405"
"74.0800","1.2334","24.0941"
"74.1000","1.2337","24.1254"
"74.1200","1.2340","24.0439"
"74.1400","1.2342","24.1507"
"74.1600","1.2345","24.1800"
"74.1800","1.2349","24.2080"
"74.2000","1.2353","24.1882"
"74.2200","1.2358","24.1525"
"74.2400","1.2363","24.1785"
"74.2600","1.2366","24.1756"
"74.2800","1.2369","24.2599"
"74.3000","1.2371","24.2523"
"74.3200","1.2373","24.2028"
"74.3400","1.2376","24.2216"
"74.3600","1.2379","24.1981"
"74.3800","1.2383","24.1618"
"74.4000","1.2387","24.2320"
"74.4200","1.2390","24.2839"
"74.4400","1.2394","24.2974"
"74.4600","1.2397","24.3267"
"74.4800","1.2400","24.3874"
"74.5000","1.2404","24.3347"
"74.5200","1.2407","24.3171"
"74.5400","1.2411","24.2909"
"74.5600","1.2415","24.2778"
"74.5800","1.2419","24.2676"
"74.6000","1.2422","24.3175"
"74.6200","1.2424","24.3525"
"74.6400","1.2427","24.4043"
"74.6600","1.2430","24.3546"
"74.6800","1.2433","24.3338"
"74.7000","1.2436","24.4036"
"74.7200","1.2439","24.4135"
"74.7400","1.2443","24.4089"
"74.7600","1.2447","24.3552"
"74.7800","1.2451","24.4303"
"74.8000","1.2454","24.4820"
"74.8200","1.2456","24.5552"
"74.8400","1.2459","24.4854"
"74.8600","1.2462","24.5308"
"74.8800","1.2466","24.5496"
"74.9000","1.2471","24.4730"
"74.9200","1.2476","24.3577"
"74.9400","1.2480","24.4439"
"74.9600","1.2483","24.5036"
"74.9800","1.2485","24.5787"
"75.0000","1.2487","24.6059"
"75.0200","1.2490","24.6442"
"75.0400","1.2492","24.5884"
"75.0600","1.2496","24.5296"
"75.0800","1.2500","24.5088"
"75.1000","1.2504","24.5854"
"75.1200","1.2507","24.5912"
"75.1400","1.2511","24.5781"
"75.1600","1.2514","24.5867"
"75.1800","1.2517","24.7067"
"75.2000","1.2521","24.6480"
"75.2200","1.2524","24.6356"
"75.2400","1.2528","24.6099"
"75.2600","1.2532","24.5914"
"75.2800","1.2535","24.6443"
"75.3000","1.2538","24.6536"
"75.3200","1.2541","24.6597"
"75.3400","1.2543","24.6419"
"75.3600","1.2546","24.6427"
"75.3800","1.2549","24.7352"
"75.4000","1.2553","24.7579"
"75.4200","1.2556","24.7373"
"75.4400","1.2560","24.8085"
"75.4600","1.2564","24.8934"
"75.4800","1.2567","24.7520"
"75.5000","1.2570","24.7154"
"75.5200","1.2572","24.6773"
"75.5400","1.2575","24.6651"
"75.5600","1.2579","24.7663"
"75.5800","1.2583","24.8892"
"75.6000","1.2588","24.8924"
"75.6200","1.2593","24.7683"
"75.6400","1.2597","24.7432"
"75.6600","1.2599","24.8062"
"75.6800","1.2601","24.9087"
"75.7000","1.2604","24.9343"
"75.7200","1.2606","24.9207"
"75.7400","1.2609","24.8900"
"75.7600","1.2613","24.9159"
"75.7800","1.2617","25.0007"
"75.8000","1.2621","25.0006"
"75.8200","1.2625","24.9835"
"75.8400","1.2628","24.9687"
"75.8600","1.2631","24.9550"
"75.8800","1.2634","24.9502"
"75.9000","1.2638","25.0432"
"75.9200","1.2642","25.0888"
"75.9400","1.2645","25.0329"
"75.9600","1.2649","25.0294"
"75.9800","1.2652","25.0182"
"76.0000","1.2654","24.9740"
"76.0200","1.2657","24.9292"
"76.0400","1.2659","24.9463"
"76.0600","1.2662","24.9977"
"76.0800","1.2666","25.0244"
"76.1000","1.2669","25.0733"
"76.1200","1.2673","25.1091"
"76.1400","1.2677","25.0492"
"76.1600","1.2680","25.1080"
"76.1800","1.2683","25.2127"
"76.2000","1.2686","25.1375"
"76.2200","1.2688","24.9678"
"76.2400","1.2692","25.0339"
"76.2600","1.2696","25.1114"
"76.2800","1.2701","25.2010"
"76.3000","1.2706","25.2099"
"76.3200","1.2710","25.1912"
"76.3400","1.2713","25.2674"
"76.3600","1.2715","25.2357"
"76.3800","1.2717","25.2859"
"76.4000","1.2720","25.3405"
"76.4200","1.2723","25.2765"
"76.4400","1.2726","25.2791"
"76.4600","1.2730","25.2598"
"76.4800","1.2734","25.2317"
"76.5000","1.2737","25.2723"
"76.5200","1.2741","25.3107"
"76.5400","1.2744","25.2827"
"76.5600","1.2747","25.3085"
"76.5800","1.2750","25.3573"
"76.6000","1.2754","25.3657"
"76.6200","1.2757","25.3612"
"76.6400","1.2761","25.4292"
"76.6600","1.2765","25.3802"
"76.6800","1.2768","25.3193"
"76.7000","1.2770","25.3293"
"76.7200","1.2773","25.3731"
"76.7400","1.2776","25.3938"
"76.7600","1.2779","25.4587"
"76.7800","1.2782","25.4830"
"76.8000","1.2786","25.4041"
"76.8200","1.2790","25.3693"
"76.8400","1.2793","25.3883"
"76.8600","1.2797","25.4672"
"76.8800","1.2799","25.4665"
"76.9000","1.2802","25.4250"
"76.9200","1.2805","25.4191"
"76.9400","1.2809","25.4671"
"76.9600","1.2813","25.5004"
"76.9800","1.2818","25.4994"
"77.0000","1.2823","25.5203"
"77.0200","1.2826","25.5212"
"77.0400","1.2829","25.5496"
"77.0600","1.2831","25.5585"
"77.0800","1.2833","25.5510"
"77.1000","1.2836","25.4913"
"77.1200","1.2839","25.5306"
"77.1400","1.2843","25.6030"
"77.1600","1.2847","25.5704"
"77.1800","1.2850","25.6456"
"77.2000","1.2854","25.6445"
"77.2200","1.2857","25.6190"
"77.2400","1.2860","25.6038"
"77.2600","1.2863","25.6612"
"77.2800","1.2867","25.6341"
"77.3000","1.2871","25.5686"
"77.3200","1.2875","25.5917"
"77.3400","1.2879","25.6265"
"77.3600","1.2882","25.5887"
"77.3800","1.2884","25.6682"
"77.4000","1.2887","25.7114"
"77.4200","1.2890","25.6690"
"77.4400","1.2893","25.7605"
"77.4600","1.2896","25.7071"
"77.4800","1.2900","25.7332"
"77.5000","1.2903","25.7968"
"77.5200","1.2907","25.7016"
"77.5400","1.2910","25.7462"
"77.5600","1.2913","25.7689"
"77.5800","1.2916","25.8099"
"77.6000","1.2919","25.7712"
"77.6200","1.2922","25.7002"
"77.6400","1.2926","25.7288"
"77.6600","1.2931","25.8049"
"77.6800","1.2935","25.7738"
"77.7000","1.2939","25.8021"
"77.7200","1.2942","25.7686"
"77.7400","1.2944","25.8228"
"77.7600","1.2947","25.8787"
"77.7800","1.2949","25.9336"
"77.8000","1.2952","25.9789"
"77.8200","1.2956","25.9259"
"77.8400","1.2960","25.9076"
"77.8600","1.2964","25.9223"
"77.8800","1.2967","25.9765"
"77.9000","1.2970","25.8886"
"77.9200","1.2973","25.9612"
"77.9400","1.2977","26.0596"
"77.9600","1.2980","26.0067"
"77.9800","1.2985","25.9726"
"78.0000","1.2989","25.9930"
"78.0200","1.2993","25.9656"
"78.0400","1.2996","25.9175"
"78.0600","1.2998","25.9489"
"78.0800","1.3001","26.0092"
"78.1000","1.3003","26.0437"
"78.1200","1.3006","26.0273"
"78.1400","1.3009","26.0449"
"78.1600","1.3013","26.1315"
"78.1800","1.3017","26.0999"
"78.2000","1.3021","26.0954"
"78.2200","1.3024","26.0604"
"78.2400","1.3027","26.0687"
"78.2600","1.3029","26.0930"
"78.2800","1.3032","26.1203"
"78.3000","1.3035","26.0977"
"78.3200","1.3039","26.1486"
"78.3400","1.3044","26.1278"
"78.3600","1.3048","26.2045"
"78.3800","1.3052","26.2880"
"78.4000","1.3056","26.2476"
"78.4200","1.3058","26.1900"
"78.4400","1.3061","26.1764"
"78.4600","1.3063","26.1970"
"78.4800","1.3066","26.1171"
"78.5000","1.3070","26.1633"
"78.5200","1.3074","26.1845"
"78.5400","1.3077","26.2176"
"78.5600","1.3081","26.1670"
"78.5800","1.3084","26.1719"
"78.6000","1.3087","26.2750"
"78.6200","1.3090","26.3960"
"78.6400","1.3093","26.3199"
"78.6600","1.3097","26.2659"
"78.6800","1.3102","26.2896"
"78.7000","1.3106","26.3156"
"78.7200","1.3109","26.3464"
"78.7400","1.3112","26.4116"
"78.7600","1.3115","26.4246"
"78.7800","1.3117","26.4073"
"78.8000","1.3120","26.4099"
"78.8200","1.3123","26.3939"
"78.8400","1.3126","26.3695"
"78.8600","1.3130","26.3881"
"78.8800","1.3134","26.4392"
"78.9000","1.3137","26.4383"
"78.9200","1.3140","26.4298"
"78.9400","1.3143","26.3601"
"78.9600","1.3146","26.3493"
"78.9800","1.3148","26.4282"
"79.0000","1.3152","26.4429"
"79.0200","1.3156","26.4865"
"79.0400","1.3161","26.5299"
"79.0600","1.3166","26.5520"
"79.0800","1.3170","26.5649"
"79.1000","1.3172","26.5857"
"79.1200","1.3175","26.5366"
"79.1400","1.3177","26.5099"
"79.1600","1.3180","26.5072"
"79.1800","1.3183","26.5797"
"79.2000","1.3187","26.5972"
"79.2200","1.3190","26.5198"
"79.2400","1.3194","26.4854"
"79.2600","1.3198","26.4494"
"79.2800","1.3201","26.5108"
"79.3000","1.3203","26.5580"
"79.3200","1.3207","26.6234"
"79.3400","1.3210","26.6708"
"79.3600","1.3214","26.7263"
"79.3800","1.3218","26.7094"
"79.4000","1.3222","26.6683"
"79.4200","1.3225","26.6879"
"79.4400","1.3228","26.5780"
"79.4600","1.3231","26.6199"
"79.4800","1.3233","26.6419"
"79.5000","1.3236","26.7159"
"79.5200","1.3239","26.7740"
"79.5400","1.3243","26.7359"
"79.5600","1.3247","26.6617"
"79.5800","1.3251","26.6577"
"79.6000","1.3254","26.6723"
"79.6200","1.3257","26.7388"
"79.6400","1.3259","26.7544"
"79.6600","1.3262","26.7194"
"79.6800","1.3265","26.7181"
"79.7000","1.3269","26.8045"
"79.7200","1.3273","26.8649"
"79.7400","1.3278","26.8750"
"79.7600","1.3282","26.8184"
"79.7800","1.3285","26.8340"
"79.8000","1.3288","26.8557"
"79.8200","1.3290","26.8638"
"79.8400","1.3293","26.8395"
"79.8600","1.3296","26.8883"
"79.8800","1.3299","26.9619"
"79.9000","1.3303","26.8714"
"79.9200","1.3307","26.8815"
"79.9400","1.3311","26.9406"
"79.9600","1.3314","26.9448"
"79.9800","1.3317","27.0095"
"80.0000","1.3320","27.0328"
"80.0200","1.3323","27.0237"
"80.0400","1.3327","26.9104"
"80.0600","1.3331","26.8519"
"80.0800","1.3336","26.8597"
"80.1000","1.3339","26.9937"
"80.1200","1.3342","27.0092"
"80.1400","1.3344","27.0521"
"80.1600","1.3347","27.0499"
"80.1800","1.3350","26.9568"
"80.2000","1.3353","26.9263"
"80.2200","1.3356","27.0217"
"80.2400","1.3360","27.0933"
"80.2600","1.3364","27.0649"
"80.2800","1.3367","27.0140"
"80.3000","1.3370","26.9620"
"80.3200","1.3373","26.9424"
"80.3400","1.3376","26.9719"
"80.3600","1.3379","26.9912"
"80.3800","1.3382","26.9797"
"80.4000","1.3386","27.0662"
"80.4200","1.3391","27.1097"
"80.4400","1.3395","27.0932"
"80.4600","1.3399","27.1156"
"80.4800","1.3402","27.1843"
"80.5000","1.3404","27.1508"
"80.5200","1.3406","27.0587"
"80.5400","1.3409","27.0516"
"80.5600","1.3412","27.0928"
"80.5800","1.3416","27.1614"
"80.6000","1.3420","27.1312"
"80.6200","1.3424","27.0964"
"80.6400","1.3427","27.1144"
"80.6600","1.3431","27.1490"
"80.6800","1.3433","27.1975"
"80.7000","1.3437","27.1896"
"80.7200","1.3440","27.1828"
"80.7400","1.3444","27.2068"
"80.7600","1.3449","27.2873"
"80.7800","1.3452","27.1933"
"80.8000","1.3456","27.2315"
"80.8200","1.3458","27.2741"
"80.8400","1.3461","27.2622"
"80.8600","1.3463","27.2624"
"80.8800","1.3466","27.2678"
"80.9000","1.3470","27.3060"
"80.9200","1.3473","27.3267"
"80.9400","1.3477","27.3422"
"80.9600","1.3481","27.3764"
"80.9800","1.3484","27.3603"
"81.0000","1.3487","27.3420"
"81.0200","1.3489","27.3055"
"81.0400","1.3492","27.3078"
"81.0600","1.3495","27.3438"
"81.0800","1.3499","27.3535"
"81.1000","1.3503","27.3461"
"81.1200","1.3508","27.4070"
"81.1400","1.3512","27.4558"
"81.1600","1.3516","27.3709"
"81.1800","1.3518","27.2860"
"81.2000","1.3520","27.3333"
"81.2200","1.3523","27.3900"
"81.2400","1.3526","27.4176"
"81.2600","1.3529","27.4499"
"81.2800","1.3533","27.4917"
"81.3000","1.3537","27.5404"
"81.3200","1.3541","27.5780"
"81.3400","1.3544","27.5494"
"81.3600","1.3547","27.4680"
"81.3800","1.3550","27.4255"
"81.4000","1.3554","27.5613"
"81.4200","1.3558","27.5841"
"81.4400","1.3562","27.6371"
"81.4600","1.3566","27.6175"
"81.4800","1.3569","27.6421"
"81.5000","1.3572","27.6372"
"81.5200","1.3574","27.5507"
"81.5400","1.3577","27.4975"
"81.5600","1.3579","27.5469"
"81.5800","1.3582","27.6551"
"81.6000","1.3586","27.6287"
"81.6200","1.3590","27.5842"
"81.6400","1.3594","27.6408"
"81.6600","1.3598","27.6670"
"81.6800","1.3601","27.6366"
"81.7000","1.3603","27.6201"
"81.7200","1.3606","27.6477"
"81.7400","1.3609","27.7075"
"81.7600","1.3613","27.7745"
"81.7800","1.3617","27.7622"
"81.8000","1.3621","27.7773"
"81.8200","1.3626","27.8027"
"81.8400","1.3629","27.7896"
"81.8600","1.3632","27.7989"
"81.8800","1.3634","27.8170"
"81.9000","1.3637","27.7871"
"81.9200","1.3640","27.8076"
"81.9400","1.3643","27.8777"
"81.9600","1.3647","27.9100"
"81.9800","1.3650","27.8236"
"82.0000","1.3654","27.7891"
"82.0200","1.3657","27.8544"
"82.0400","1.3660","27.8888"
"82.0600","1.3663","27.9304"
"82.0800","1.3667","27.8558"
"82.1000","1.3671","27.7817"
"82.1200","1.3675","27.7869"
"82.1400","1.3679","27.8260"
"82.1600","1.3682","27.8229"
"82.1800","1.3685","27.7723"
"82.2000","1.3688","27.8292"
"82.2200","1.3690","27.8185"
"82.2400","1.3693","27.9210"
"82.2600","1.3696","27.9950"
"82.2800","1.3699","27.9913"
"82.3000","1.3703","27.9921"
"82.3200","1.3707","27.9608"
"82.3400","1.3711","28.0696"
"82.3600","1.3714","28.1099"
"82.3800","1.3717","28.1070"
"82.4000","1.3720","28.0682"
"82.4200","1.3722","28.0252"
"82.4400","1.3726","28.0058"
"82.4600","1.3730","28.0120"
"82.4800","1.3734","28.0848"
"82.5000","1.3739","28.1449"
"82.5200","1.3743","28.0999"
"82.5400","1.3745","28.0639"
"82.5600","1.3748","28.1309"
"82.5800","1.3750","28.1454"
"82.6000","1.3753","28.1315"
"82.6200","1.3756","28.0939"
"82.6400","1.3759","28.0542"
"82.6600","1.3763","28.1172"
"82.6800","1.3767","28.1867"
"82.7000","1.3770","28.1919"
"82.7200","1.3773","28.1706"
"82.7400","1.3777","28.2056"
"82.7600","1.3780","28.2483"
"82.7800","1.3784","28.1497"
"82.8000","1.3788","28.1140"
"82.8200","1.3792","28.1823"
"82.8400","1.3796","28.2952"
"82.8600","1.3799","28.2972"
"82.8800","1.3802","28.3153"
"82.9000","1.3804","28.2863"
"82.9200","1.3806","28.2422"
"82.9400","1.3809","28.2856"
"82.9600","1.3813","28.3677"
"82.9800","1.3816","28.3188"
"83.0000","1.3820","28.2588"
"83.0200","1.3824","28.2655"
"83.0400","1.3827","28.2629"
"83.0600","1.3830","28.2902"
"83.0800","1.3833","28.2970"
"83.1000","1.3836","28.3036"
"83.1200","1.3839","28.3602"
"83.1400","1.3842","28.3598"
"83.1600","1.3847","28.4321"
"83.1800","1.3852","28.4105"
"83.2000","1.3856","28.4236"
"83.2200","1.3859","28.4199"
"83.2400","1.3862","28.3743"
"83.2600","1.3864","28.4022"
"83.2800","1.3866","28.5130"
"83.3000","1.3869","28.4667"
"83.3200","1.3872","28.4123"
"83.3400","1.3876","28.4496"
"83.3600","1.3880","28.5154"
"83.3800","1.3883","28.5797"
"83.4000","1.3887","28.4985"
"83.4200","1.3890","28.4659"
"83.4400","1.3893","28.4981"
"83.4600","1.3896","28.4087"
"83.4800","1.3900","28.4851"
"83.5000","1.3905","28.5917"
"83.5200","1.3909","28.5804"
"83.5400","1.3913","28.5505"
"83.5600","1.3916","28.6151"
"83.5800","1.3918","28.6093"
"83.6000","1.3920","28.5911"
"83.6200","1.3923","28.5555"
"83.6400","1.3926","28.5551"
"83.6600","1.3929","28.5871"
"83.6800","1.3933","28.5557"
"83.7000","1.3937","28.6091"
"83.7200","1.3941","28.6112"
"83.7400","1.3944","28.6583"
"83.7600","1.3947","28.6635"
"83.7800","1.3949","28.6585"
"83.8000","1.3952","28.6663"
"83.8200","1.3955","28.7445"
"83.8400","1.3960","28.6037"
"83.8600","1.3964","28.5256"
"83.8800","1.3969","28.5085"
"83.9000","1.3973","28.6049"
"83.9200","1.3976","28.6989"
"83.9400","1.3978","28.6658"
"83.9600","1.3980","28.5980"
"83.9800","1.3983","28.6867"
"84.0000","1.3986","28.6592"
"84.0200","1.3989","28.7072"
"84.0400","1.3993","28.7736"
"84.0600","1.3997","28.7254"
"84.0800","1.4000","28.6526"
"84.1000","1.4004","28.6802"
"84.1200","1.4007","28.7901"
"84.1400","1.4010","28.8202"
"84.1600","1.4013","28.8392"
"84.1800","1.4018","28.8309"
"84.2000","1.4022","28.7773"
"84.2200","1.4026","28.7491"
"84.2400","1.4029","28.7435"
"84.2600","1.4032","28.8012"
"84.2800","1.4034","28.8342"
"84.3000","1.4036","28.8537"
"84.3200","1.4039","28.8715"
"84.3400","1.4042","28.9005"
"84.3600","1.4046","28.8842"
"84.3800","1.4050","28.8249"
"84.4000","1.4054","28.9196"
"84.4200","1.4057","28.9357"
"84.4400","1.4060","28.9025"
"84.4600","1.4063","28.9674"
"84.4800","1.4066","28.9851"
"84.5000","1.4069","28.9303"
"84.5200","1.4073","28.9356"
"84.5400","1.4077","28.9467"
"84.5600","1.4082","28.9326"
"84.5800","1.4086","28.9454"
"84.6000","1.4090","28.8954"
"84.6200","1.4092","28.9738"
"84.6400","1.4094","28.9900"
"84.6600","1.4097","29.0587"
"84.6800","1.4099","28.9571"
"84.7000","1.4102","28.9554"
"84.7200","1.4106","29.0033"
"84.7400","1.4110","29.0309"
"84.7600","1.4114","29.0265"
"84.7800","1.4117","29.0319"
"84.8000","1.4120","29.0706"
"84.8200","1.4123","29.1057"
"84.8400","1.4126","29.0624"
"84.8600","1.4130","29.1144"
"84.8800","1.4134","29.1635"
"84.9000","1.4139","29.0955"
"84.9200","1.4142","29.1674"
"84.9400","1.4145","29.1806"
"84.9600","1.4148","29.1008"
"84.9800","1.4150","29.0468"
"85.0000","1.4153","29.1399"
"85.0200","1.4156","29.1480"
"85.0400","1.4159","29.0789"
"85.0600","1.4163","29.0972"
"85.0800","1.4167","29.1690"
"85.1000","1.4171","29.2256"
"85.1200","1.4174","29.2437"
"85.1400","1.4177","29.2545"
"85.1600","1.4179","29.2758"
"85.1800","1.4182","29.2420"
"85.2000","1.4185","29.2707"
"85.2200","1.4189","29.2716"
"85.2400","1.4194","29.1923"
"85.2600","1.4199","29.1504"
"85.2800","1.4203","29.2143"
"85.3000","1.4206","29.2438"
"85.3200","1.4208","29.2477"
"85.3400","1.4210","29.3278"
"85.3600","1.4213","29.3457"
"85.3800","1.4216","29.3720"
"85.4000","1.4219","29.4398"
"85.4200","1.4223","29.4236"
"85.4400","1.4227","29.3378"
"85.4600","1.4230","29.2899"
"85.4800","1.4234","29.3779"
"85.5000","1.4237","29.4619"
"85.5200","1.4240","29.4447"
"85.5400","1.4244","29.3758"
"85.5600","1.4248","29.3990"
"85.5800","1.4252","29.4682"
"85.6000","1.4256","29.5120"
"85.6200","1.4259","29.4769"
"85.6400","1.4262","29.4686"
"85.6600","1.4264","29.4264"
"85.6800","1.4266","29.4176"
"85.7000","1.4269","29.5455"
"85.7200","1.4273","29.5997"
"85.7400","1.4276","29.5373"
"85.7600","1.4280","29.5216"
"85.7800","1.4284","29.5038"
"85.8000","1.4287","29.5000"
"85.8200","1.4290","29.5174"
"85.8400","1.4293","29.5142"
"85.8600","1.4296","29.5175"
"85.8800","1.4299","29.5851"
"85.9000","1.4302","29.5761"
"85.9200","1.4307","29.5799"
"85.9400","1.4312","29.6360"
"85.9600","1.4316","29.6529"
"85.9800","1.4320","29.6349"
"86.0000","1.4322","29.5940"
"86.0200","1.4325","29.6113"
"86.0400","1.4327","29.6281"
"86.0600","1.4330","29.6084"
"86.0800","1.4333","29.5602"
"86.1000","1.4336","29.5550"
"86.1200","1.4340","29.5656"
"86.1400","1.4344","29.6543"
"86.1600","1.4347","29.7533"
"86.1800","1.4350","29.7315"
"86.2000","1.4353","29.6837"
"86.2200","1.4357","29.6973"
"86.2400","1.4361","29.7320"
"86.2600","1.4365","29.7501"
"86.2800","1.4369","29.7609"
"86.3000","1.4372","29.7600"
"86.3200","1.4375","29.7645"
"86.3400","1.4378","29.7592"
"86.3600","1.4380","29.7905"
"86.3800","1.4383","29.8343"
"86.4000","1.4386","29.8154"
"86.4200","1.4389","29.7459"
"86.4400","1.4393","29.8460"
"86.4600","1.4397","29.8456"
"86.4800","1.4401","29.8174"
"86.5000","1.4404","29.8596"
"86.5200","1.4407","29.8782"
"86.5400","1.4409","29.8559"
"86.5600","1.4412","29.8618"
"86.5800","1.4416","29.8732"
"86.6000","1.4420","29.9107"
"86.6200","1.4424","29.9869"
"86.6400","1.4429","29.9435"
"86.6600","1.4433","29.8175"
"86.6800","1.4436","29.8539"
"86.7000","1.4438","29.9580"
"86.7200","1.4440","29.9320"
"86.7400","1.4443","29.9227"
"86.7600","1.4446","29.9440"
"86.7800","1.4450","29.9230"
"86.8000","1.4453","29.9630"
"86.8200","1.4457","29.9326"
"86.8400","1.4461","29.9153"
"86.8600","1.4464","29.9656"
"86.8800","1.4467","30.0441"
"86.9000","1.4470","30.0299"
"86.9200","1.4474","30.0792"
"86.9400","1.4478","30.0451"
"86.9600","1.4482","30.0487"
"86.9800","1.4485","30.0635"
"87.0000","1.4489","30.0717"
"87.0200","1.4491","30.0942"
"87.0400","1.4494","30.1149"
"87.0600","1.4496","30.1237"
"87.0800","1.4499","30.0868"
"87.1000","1.4502","30.1395"
"87.1200","1.4506","30.1642"
"87.1400","1.4510","30.1472"
"87.1600","1.4514","30.1163"
"87.1800","1.4517","30.0863"
"87.2000","1.4520","30.0750"
"87.2200","1.4523","30.1969"
"87.2400","1.4526","30.3063"
"87.2600","1.4529","30.2123"
"87.2800","1.4533","30.1406"
"87.3000","1.4537","30.2126"
"87.3200","1.4542","30.2501"
"87.3400","1.4546","30.3005"
"87.3600","1.4549","30.3307"
"87.3800","1.4552","30.3226"
"87.4000","1.4554","30.3224"
"87.4200","1.4556","30.3334"
"87.4400","1.4559","30.3359"
"87.4600","1.4563","30.3256"
"87.4800","1.4566","30.2135"
"87.5000","1.4570","30.2766"
"87.5200","1.4574","30.2861"
"87.5400","1.4577","30.3659"
"87.5600","1.4580","30.4152"
"87.5800","1.4584","30.4513"
"87.6000","1.4587","30.5126"
"87.6200","1.4591","30.4323"
"87.6400","1.4595","30.3857"
"87.6600","1.4599","30.4015"
"87.6800","1.4602","30.4203"
"87.7000","1.4605","30.4389"
"87.7200","1.4607","30.4659"
"87.7400","1.4610","30.4890"
"87.7600","1.4612","30.3743"
"87.7800","1.4616","30.3704"
"87.8000","1.4619","30.4034"
"87.8200","1.4623","30.5252"
"87.8400","1.4627","30.6054"
"87.8600","1.4630","30.6092"
"87.8800","1.4633","30.5621"
"87.9000","1.4636","30.5364"
"87.9200","1.4639","30.5039"
"87.9400","1.4642","30.5359"
"87.9600","1.4645","30.6031"
"87.9800","1.4649","30.6205"
"88.0000","1.4654","30.6043"
"88.0200","1.4659","30.5214"
"88.0400","1.4663","30.5015"
"88.0600","1.4665","30.4683"
"88.0800","1.4668","30.5457"
"88.1000","1.4670","30.5899"
"88.1200","1.4673","30.6545"
"88.1400","1.4676","30.6312"
"88.1600","1.4679","30.5992"
"88.1800","1.4683","30.6261"
"88.2000","1.4687","30.6047"
"88.2200","1.4690","30.6407"
"88.2400","1.4694","30.7127"
"88.2600","1.4697","30.6127"
"88.2800","1.4700","30.6064"
"88.3000","1.4704","30.6894"
"88.3200","1.4708","30.7603"
"88.3400","1.4712","30.7722"
"88.3600","1.4715","30.7432"
"88.3800","1.4718","30.7931"
"88.4000","1.4721","30.7822"
"88.4200","1.4723","30.7283"
"88.4400","1.4726","30.7658"
"88.4600","1.4729","30.8513"
"88.4800","1.4732","30.8400"
"88.5000","1.4736","30.7361"
"88.5200","1.4740","30.8423"
"88.5400","1.4744","30.7886"
"88.5600","1.4747","30.8443"
"88.5800","1.4750","30.9062"
"88.6000","1.4753","30.9061"
"88.6200","1.4756","30.8113"
"88.6400","1.4759","30.7978"
"88.6600","1.4763","30.8225"
"88.6800","1.4768","30.9636"
"88.7000","1.4772","31.0004"
"88.7200","1.4776","30.9624"
"88.7400","1.4779","30.9313"
"88.7600","1.4781","30.9955"
"88.7800","1.4784","31.0409"
"88.8000","1.4786","31.0768"
"88.8200","1.4789","31.0322"
"88.8400","1.4793","30.9998"
"88.8600","1.4797","31.0039"
"88.8800","1.4801","30.9819"
"88.9000","1.4804","31.0340"
"88.9200","1.4808","31.0965"
"88.9400","1.4811","30.9801"
"88.9600","1.4814","30.9595"
"88.9800","1.4817","30.9964"
"89.0000","1.4821","30.9626"
"89.0200","1.4825","30.9153"
"89.0400","1.4829","30.9936"
"89.0600","1.4832","31.0437"
"89.0800","1.4835","31.0723"
"89.1000","1.4837","31.1324"
"89.1200","1.4840","31.1429"
"89.1400","1.4843","31.1300"
"89.1600","1.4846","31.0982"
"89.1800","1.4849","31.1484"
"89.2000","1.4853","31.1607"
"89.2200","1.4857","31.1413"
"89.2400","1.4861","31.1280"
"89.2600","1.4864","31.1990"
"89.2800","1.4866","31.2424"
"89.3000","1.4869","31.1762"
"89.3200","1.4872","31.1643"
"89.3400","1.4876","31.2604"
"89.3600","1.4881","31.1908"
"89.3800","1.4885","31.2411"
"89.4000","1.4890","31.2820"
"89.4200","1.4893","31.2944"
"89.4400","1.4895","31.2930"
"89.4600","1.4897","31.2003"
"89.4800","1.4900","31.2466"
"89.5000","1.4903","31.2570"
"89.5200","1.4906","31.2432"
"89.5400","1.4910","31.3055"
"89.5600","1.4914","31.3666"
"89.5800","1.4917","31.3485"
"89.6000","1.4921","31.3130"
"89.6200","1.4924","31.3118"
"89.6400","1.4927","31.3752"
"89.6600","1.4931","31.3819"
"89.6800","1.4934","31.4065"
"89.7000","1.4938","31.3887"
"89.7200","1.4942","31.3610"
"89.7400","1.4945","31.4318"
"89.7600","1.4948","31.4639"
"89.7800","1.4951","31.4208"
"89.8000","1.4953","31.3825"
"89.8200","1.4956","31.4377"
"89.8400","1.4959","31.4721"
"89.8600","1.4962","31.4352"
"89.8800","1.4966","31.4552"
"89.9000","1.4970","31.4574"
"89.9200","1.4974","31.4844"
"89.9400","1.4977","31.4764"
"89.9600","1.4980","31.4462"
"89.9800","1.4983","31.4930"
"90.0000","1.4985","31.4732"
"90.0200","1.4989","31.4738"
"90.0400","1.4993","31.4368"
"90.0600","1.4998","31.5103"
"90.0800","1.5003","31.5311"
"90.1000","1.5006","31.5595"
"90.1200","1.5009","31.5864"
"90.1400","1.5011","31.5472"
"90.1600","1.5013","31.5549"
"90.1800","1.5016","31.5449"
"90.2000","1.5019","31.5664"
"90.2200","1.5023","31.5068"
"90.2400","1.5027","31.5239"
"90.2600","1.5031","31.6458"
"90.2800","1.5034","31.5905"
"90.3000","1.5038","31.5655"
"90.3200","1.5041","31.6338"
"90.3400","1.5044","31.6827"
"90.3600","1.5047","31.6735"
"90.3800","1.5051","31.7171"
"90.4000","1.5055","31.6660"
"90.4200","1.5059","31.6679"
"90.4400","1.5062","31.7646"
"90.4600","1.5064","31.7790"
"90.4800","1.5067","31.7267"
"90.5000","1.5069","31.7302"
"90.5200","1.5072","31.7506"
"90.5400","1.5076","31.7794"
"90.5600","1.5079","31.8629"
"90.5800","1.5083","31.7899"
"90.6000","1.5087","31.7793"
"90.6200","1.5090","31.8908"
"90.6400","1.5093","31.8495"
"90.6600","1.5096","31.8922"
"90.6800","1.5098","31.8689"
"90.7000","1.5102","31.8205"
"90.7200","1.5106","31.7632"
"90.7400","1.5110","31.7989"
"90.7600","1.5115","31.7817"
"90.7800","1.5120","31.7826"
"90.8000","1.5123","31.7994"
"90.8200","1.5126","31.8756"
"90.8400","1.5128","31.9035"
"90.8600","1.5130","31.8779"
"90.8800","1.5133","31.9346"
"90.9000","1.5136","31.9090"
"90.9200","1.5140","31.9498"
"90.9400","1.5144","31.9893"
"90.9600","1.5147","32.0903"
"90.9800","1.5151","32.0629"
"91.0000","1.5154","32.0099"
"91.0200","1.5157","31.9480"
"91.0400","1.5160","32.0312"
"91.0600","1.5164","31.9925"
"91.0800","1.5168","31.9536"
"91.1000","1.5172","32.0078"
"91.1200","1.5175","32.0081"
"91.1400","1.5178","32.0322"
"91.1600","1.5181","32.0292"
"91.1800","1.5183","32.0699"
"91.2000","1.5186","32.0002"
"91.2200","1.5189","31.9489"
"91.2400","1.5193","31.9489"
"91.2600","1.5197","32.0383"
"91.2800","1.5200","32.0660"
"91.3000","1.5204","32.0525"
"91.3200","1.5207","32.2064"
"91.3400","1.5210","32.1633"
"91.3600","1.5212","32.0526"
"91.3800","1.5215","32.0605"
"91.4000","1.5219","32.1030"
"91.4200","1.5223","32.2147"
"91.4400","1.5228","32.2501"
"91.4600","1.5232","32.1846"
"91.4800","1.5236","32.2558"
"91.5000","1.5239","32.2661"
"91.5200","1.5241","32.2903"
"91.5400","1.5243","32.2959"
"91.5600","1.5246","32.3077"
"91.5800","1.5249","32.2632"
"91.6000","1.5253","32.2095"
"91.6200","1.5256","32.3130"
"91.6400","1.5260","32.4014"
"91.6600","1.5264","32.3466"
"91.6800","1.5267","32.3227"
"91.7000","1.5270","32.2926"
"91.7200","1.5273","32.3289"
"91.7400","1.5277","32.4134"
"91.7600","1.5281","32.3599"
"91.7800","1.5285","32.3974"
"91.8000","1.5289","32.4143"
"91.8200","1.5292","32.4507"
"91.8400","1.5295","32.4474"
"91.8600","1.5297","32.3981"
"91.8800","1.5300","32.3845"
"91.9000","1.5303","32.4484"
"91.9200","1.5306","32.4905"
"91.9400","1.5309","32.4928"
"91.9600","1.5313","32.5250"
"91.9800","1.5317","32.4819"
"92.0000","1.5320","32.5163"
"92.0200","1.5323","32.5876"
"92.0400","1.5326","32.5499"
"92.0600","1.5329","32.5048"
"92.0800","1.5332","32.4360"
"92.1000","1.5336","32.4957"
"92.1200","1.5341","32.5273"
"92.1400","1.5345","32.5465"
"92.1600","1.5349","32.5073"
"92.1800","1.5353","32.5353"
"92.2000","1.5355","32.5528"
"92.2200","1.5357","32.5436"
"92.2400","1.5360","32.6099"
"92.2600","1.5363","32.5888"
"92.2800","1.5366","32.5629"
"92.3000","1.5370","32.5633"
"92.3200","1.5374","32.5444"
"92.3400","1.5377","32.5480"
"92.3600","1.5381","32.5251"
"92.3800","1.5384","32.6045"
"92.4000","1.5387","32.6335"
"92.4200","1.5390","32.6372"
"92.4400","1.5394","32.6754"
"92.4600","1.5398","32.7588"
"92.4800","1.5402","32.8127"
"92.5000","1.5406","32.7237"
"92.5200","1.5408","32.6568"
"92.5400","1.5411","32.6666"
"92.5600","1.5413","32.7428"
"92.5800","1.5416","32.7664"
"92.6000","1.5419","32.8309"
"92.6200","1.5423","32.8039"
"92.6400","1.5427","32.8291"
"92.6600","1.5430","32.8244"
"92.6800","1.5434","32.7812"
"92.7000","1.5437","32.8102"
"92.7200","1.5440","32.8802"
"92.7400","1.5442","32.8837"
"92.7600","1.5445","32.9095"
"92.7800","1.5449","32.8765"
"92.8000","1.5453","32.8881"
"92.8200","1.5458","32.9426"
"92.8400","1.5462","32.9769"
"92.8600","1.5466","32.9578"
"92.8800","1.5469","32.9208"
"92.9000","1.5471","32.9291"
"92.9200","1.5473","32.9479"
"92.9400","1.5476","32.9144"
"92.9600","1.5480","32.9386"
"92.9800","1.5483","32.9404"
"93.0000","1.5487","32.9419"
"93.0200","1.5491","32.9460"
"93.0400","1.5494","32.9267"
"93.0600","1.5497","32.9793"
"93.0800","1.5500","33.0454"
"93.1000","1.5503","33.0338"
"93.1200","1.5507","33.0150"
"93.1400","1.5511","33.0378"
"93.1600","1.5516","33.0316"
"93.1800","1.5519","33.0379"
"93.2000","1.5522","33.0508"
"93.2200","1.5525","32.9821"
"93.2400","1.5527","32.9112"
"93.2600","1.5530","32.9826"
"93.2800","1.5533","33.1068"
"93.3000","1.5536","33.1363"
"93.3200","1.5540","33.1602"
"93.3400","1.5544","33.1280"
"93.3600","1.5547","33.1987"
"93.3800","1.5550","33.1150"
"93.4000","1.5553","33.0245"
"93.4200","1.5556","33.0123"
"93.4400","1.5558","33.1146"
"93.4600","1.5562","33.2597"
"93.4800","1.5566","33.2791"
"93.5000","1.5571","33.2126"
"93.5200","1.5575","33.1946"
"93.5400","1.5579","33.1628"
"93.5600","1.5582","33.2239"
"93.5800","1.5585","33.2098"
"93.6000","1.5587","33.2086"
"93.6200","1.5590","33.1921"
"93.6400","1.5593","33.2183"
"93.6600","1.5596","33.3247"
"93.6800","1.5600","33.3106"
"93.7000","1.5604","33.2466"
"93.7200","1.5607","33.2466"
"93.7400","1.5611","33.2776"
"93.7600","1.5614","33.3033"
"93.7800","1.5617","33.2905"
"93.8000","1.5620","33.2704"
"93.8200","1.5624","33.3355"
"93.8400","1.5628","33.3582"
"93.8600","1.5632","33.3877"
"93.8800","1.5636","33.4397"
"93.9000","1.5638","33.4620"
"93.9200","1.5641","33.4491"
"93.9400","1.5643","33.3806"
"93.9600","1.5646","33.3601"
"93.9800","1.5649","33.3385"
"94.0000","1.5653","33.3927"
"94.0200","1.5657","33.4292"
"94.0400","1.5661","33.4318"
"94.0600","1.5664","33.4210"
"94.0800","1.5667","33.3947"
"94.1000","1.5669","33.4142"
"94.1200","1.5672","33.4702"
"94.1400","1.5675","33.5334"
"94.1600","1.5679","33.4739"
"94.1800","1.5683","33.4957"
"94.2000","1.5688","33.5224"
"94.2200","1.5692","33.4486"
"94.2400","1.5695","33.4265"
"94.2600","1.5698","33.5314"
"94.2800","1.5700","33.5795"
"94.3000","1.5703","33.6929"
"94.3200","1.5706","33.6667"
"94.3400","1.5709","33.6196"
"94.3600","1.5713","33.5650"
"94.3800","1.5717","33.6323"
"94.4000","1.5721","33.6575"
"94.4200","1.5724","33.6819"
"94.4400","1.5727","33.6754"
"94.4600","1.5730","33.6233"
"94.4800","1.5733","33.5910"
"94.5000","1.5737","33.6391"
"94.5200","1.5741","33.7348"
"94.5400","1.5745","33.7704"
"94.5600","1.5749","33.6710"
"94.5800","1.5752","33.6487"
"94.6000","1.5755","33.6790"
"94.6200","1.5757","33.7410"
"94.6400","1.5760","33.7302"
"94.6600","1.5763","33.6888"
"94.6800","1.5766","33.6780"
"94.7000","1.5770","33.7566"
"94.7200","1.5774","33.7479"
"94.7400","1.5777","33.7400"
"94.7600","1.5780","33.7169"
"94.7800","1.5783","33.7028"
"94.8000","1.5786","33.7297"
"94.8200","1.5789","33.8265"
"94.8400","1.5792","33.8084"
"94.8600","1.5796","33.7812"
"94.8800","1.5801","33.7384"
"94.9000","1.5805","33.7942"
"94.9200","1.5809","33.8872"
"94.9400","1.5812","33.7810"
"94.9600","1.5814","33.6622"
"94.9800","1.5817","33.7412"
"95.0000","1.5819","33.9126"
"95.0200","1.5823","33.9374"
"95.0400","1.5826","33.9246"
"95.0600","1.5830","33.9969"
"95.0800","1.5834","33.9833"
"95.1000","1.5837","33.9190"
"95.1200","1.5841","33.9431"
"95.1400","1.5844","33.9434"
"95.1600","1.5847","33.9556"
"95.1800","1.5850","33.9884"
"95.2000","1.5854","34.0964"
"95.2200","1.5858","34.0770"
"95.2400","1.5862","34.0296"
"95.2600","1.5865","34.0535"
"95.2800","1.5868","34.0747"
"95.3000","1.5871","34.0073"
"95.3200","1.5873","33.9758"
"95.3400","1.5876","34.0295"
"95.3600","1.5879","34.0700"
"95.3800","1.5883","34.0712"
"95.4000","1.5887","34.0405"
"95.4200","1.5891","34.0172"
"95.4400","1.5894","34.1054"
"95.4600","1.5897","34.1311"
"95.4800","1.5899","34.1498"
"95.5000","1.5902","34.1685"
"95.5200","1.5905","34.1999"
"95.5400","1.5909","34.1584"
"95.5600","1.5913","34.1362"
"95.5800","1.5918","34.1775"
"95.6000","1.5922","34.1508"
"95.6200","1.5925","34.1658"
"95.6400","1.5928","34.2211"
"95.6600","1.5930","34.2749"
"95.6800","1.5933","34.2243"
"95.7000","1.5936","34.2398"
"95.7200","1.5939","34.2334"
"95.7400","1.5942","34.1673"
"95.7600","1.5946","34.1319"
"95.7800","1.5950","34.1564"
"95.8000","1.5954","34.2418"
"95.8200","1.5956","34.2956"
"95.8400","1.5959","34.2606"
"95.8600","1.5963","34.2130"
"95.8800","1.5967","34.3370"
"95.9000","1.5971","34.4114"
"95.9200","1.5975","34.4566"
"95.9400","1.5979","34.4082"
"95.9600","1.5982","34.2974"
"95.9800","1.5984","34.2688"
"96.0000","1.5987","34.2907"
"96.0200","1.5989","34.2285"
"96.0400","1.5992","34.3817"
"96.0600","1.5996","34.4441"
"96.0800","1.6000","34.5006"
"96.1000","1.6004","34.5179"
"96.1200","1.6008","34.3578"
"96.1400","1.6011","34.2683"
"96.1600","1.6014","34.3557"
"96.1800","1.6016","34.3960"
"96.2000","1.6019","34.3676"
"96.2200","1.6023","34.3969"
"96.2400","1.6027","34.3910"
"96.2600","1.6032","34.4531"
"96.2800","1.6036","34.5455"
"96.3000","1.6040","34.5424"
"96.3200","1.6043","34.4601"
"96.3400","1.6045","34.4707"
"96.3600","1.6047","34.4514"
"96.3800","1.6050","34.4484"
"96.4000","1.6053","34.5071"
"96.4200","1.6056","34.5602"
"96.4400","1.6060","34.5687"
"96.4600","1.6064","34.5030"
"96.4800","1.6067","34.5250"
"96.5000","1.6070","34.6269"
"96.5200","1.6073","34.5301"
"96.5400","1.6077","34.4799"
"96.5600","1.6080","34.5088"
"96.5800","1.6084","34.5324"
"96.6000","1.6089","34.5101"
"96.6200","1.6093","34.5688"
"96.6400","1.6096","34.6775"
"96.6600","1.6098","34.6523"
"96.6800","1.6100","34.6012"
"96.7000","1.6103","34.5350"
"96.7200","1.6106","34.6328"
"96.7400","1.6109","34.6049"
"96.7600","1.6113","34.6944"
"96.7800","1.6117","34.7798"
"96.8000","1.6121","34.7969"
"96.8200","1.6124","34.8369"
"96.8400","1.6127","34.7326"
"96.8600","1.6130","34.6980"
"96.8800","1.6132","34.7446"
"96.9000","1.6135","34.8462"
"96.9200","1.6139","34.8467"
"96.9400","1.6144","34.8762"
"96.9600","1.6148","34.9142"
"96.9800","1.6152","34.8570"
"97.0000","1.6156","34.7953"
"97.0200","1.6158","34.7684"
"97.0400","1.6160","34.7695"
"97.0600","1.6163","34.7646"
"97.0800","1.6166","34.8124"
"97.1000","1.6169","34.8404"
"97.1200","1.6173","34.8728"
"97.1400","1.6177","34.8762"
"97.1600","1.6181","34.8736"
"97.1800","1.6184","34.9284"
"97.2000","1.6187","34.9549"
"97.2200","1.6190","34.9651"
"97.2400","1.6194","34.9870"
"97.2600","1.6198","34.9384"
"97.2800","1.6202","34.9295"
"97.3000","1.6206","34.9383"
"97.3200","1.6209","34.8975"
"97.3400","1.6212","34.9549"
"97.3600","1.6214","34.9803"
"97.3800","1.6217","34.9503"
"97.4000","1.6219","34.9401"
"97.4200","1.6223","34.9842"
"97.4400","1.6226","34.9769"
"97.4600","1.6230","34.9802"
"97.4800","1.6234","35.0595"
"97.5000","1.6238","35.1689"
"97.5200","1.6241","35.2086"
"97.5400","1.6243","35.1549"
"97.5600","1.6246","35.1538"
"97.5800","1.6249","35.1507"
"97.6000","1.6252","35.1867"
"97.6200","1.6257","35.1505"
"97.6400","1.6262","35.1504"
"97.6600","1.6266","35.1622"
"97.6800","1.6270","35.1794"
"97.7000","1.6272","35.1790"
"97.7200","1.6274","35.1917"
"97.7400","1.6277","35.1748"
"97.7600","1.6279","35.2121"
"97.7800","1.6282","35.2771"
"97.8000","1.6286","35.2434"
"97.8200","1.6290","35.1868"
"97.8400","1.6293","35.1880"
"97.8600","1.6297","35.2352"
"97.8800","1.6300","35.2443"
"97.9000","1.6303","35.2899"
"97.9200","1.6306","35.2316"
"97.9400","1.6310","35.1807"
"97.9600","1.6314","35.1932"
"97.9800","1.6319","35.2432"
"98.0000","1.6323","35.3258"
"98.0200","1.6326","35.3256"
"98.0400","1.6328","35.3249"
"98.0600","1.6330","35.3699"
"98.0800","1.6333","35.3373"
"98.1000","1.6336","35.3064"
"98.1200","1.6339","35.3572"
"98.1400","1.6343","35.3698"
"98.1600","1.6347","35.4426"
"98.1800","1.6351","35.4674"
"98.2000","1.6354","35.4303"
"98.2200","1.6357","35.4362"
"98.2400","1.6359","35.4369"
"98.2600","1.6362","35.4259"
"98.2800","1.6365","35.4187"
"98.3000","1.6369","35.3955"
"98.3200","1.6374","35.3190"
"98.3400","1.6379","35.3186"
"98.3600","1.6383","35.4670"
"98.3800","1.6386","35.5666"
"98.4000","1.6388","35.5700"
"98.4200","1.6391","35.5198"
"98.4400","1.6393","35.4512"
"98.4600","1.6396","35.4989"
"98.4800","1.6399","35.5681"
"98.5000","1.6403","35.4988"
"98.5200","1.6407","35.4405"
"98.5400","1.6410","35.4611"
"98.5600","1.6413","35.5373"
"98.5800","1.6417","35.6138"
"98.6000","1.6420","35.6514"
"98.6200","1.6423","35.6090"
"98.6400","1.6427","35.5402"
"98.6600","1.6431","35.5132"
"98.6800","1.6435","35.5486"
"98.7000","1.6439","35.5424"
"98.7200","1.6442","35.5228"
"98.7400","1.6444","35.5895"
"98.7600","1.6446","35.5557"
"98.7800","1.6449","35.6315"
"98.8000","1.6452","35.6481"
"98.8200","1.6456","35.5980"
"98.8400","1.6460","35.6087"
"98.8600","1.6464","35.7350"
"98.8800","1.6467","35.7220"
"98.9000","1.6470","35.7024"
"98.9200","1.6473","35.7410"
"98.9400","1.6476","35.7764"
"98.9600","1.6479","35.8359"
"98.9800","1.6482","35.8480"
"99.0000","1.6487","35.7875"
"99.0200","1.6491","35.7558"
"99.0400","1.6496","35.8249"
"99.0600","1.6499","35.8158"
"99.0800","1.6502","35.7619"
"99.1000","1.6504","35.7445"
"99.1200","1.6507","35.7255"
"99.1400","1.6509","35.8317"
"99.1600","1.6512","35.8667"
"99.1800","1.6516","35.8336"
"99.2000","1.6519","35.7735"
"99.2200","1.6523","35.8388"
"99.2400","1.6527","35.8991"
"99.2600","1.6530","35.8997"
"99.2800","1.6533","35.9245"
"99.3000","1.6536","35.9032"
"99.3200","1.6540","35.8486"
"99.3400","1.6545","35.8140"
"99.3600","1.6549","35.7866"
"99.3800","1.6552","35.7843"
"99.4000","1.6555","35.9584"
"99.4200","1.6558","36.0404"
"99.4400","1.6560","35.9695"
"99.4600","1.6563","35.9585"
"99.4800","1.6566","35.9886"
"99.5000","1.6569","35.9520"
"99.5200","1.6573","35.9835"
"99.5400","1.6577","36.0452"
"99.5600","1.6581","36.0685"
"99.5800","1.6584","36.0181"
"99.6000","1.6587","35.9421"
"99.6200","1.6590","35.9474"
"99.6400","1.6592","36.0439"
"99.6600","1.6595","36.0367"
"99.6800","1.6599","35.9774"
"99.7000","1.6604","36.1062"
"99.7200","1.6609","36.1849"
"99.7400","1.6613","36.1547"
"99.7600","1.6616","36.1847"
"99.7800","1.6619","36.2559"
"99.8000","1.6621","36.1797"
"99.8200","1.6623","36.1199"
"99.8400","1.6626","36.0935"
"99.8600","1.6629","36.1206"
"99.8800","1.6633","36.2266"
"99.9000","1.6637","36.2819"
"99.9200","1.6641","36.2687"
"99.9400","1.6644","36.2134"
"99.9600","1.6647","36.2569"
"99.9800","1.6650","36.2439"
"100.0000","1.6654","36.1915"
"100.0200","1.6658","36.2010"
"100.0400","1.6662","36.2632"
"100.0600","1.6666","36.3099"
"100.0800","1.6669","36.3209"
"100.1000","1.6672","36.3190"
"100.1200","1.6674","36.3579"
"100.1400","1.6677","36.3474"
"100.1600","1.6679","36.3059"
"100.1800","1.6682","36.3171"
"100.2000","1.6686","36.3900"
"100.2200","1.6690","36.5026"
"100.2400","1.6694","36.4476"
"100.2600","1.6697","36.3709"
"100.2800","1.6700","36.3853"
"100.3000","1.6703","36.3910"
"100.3200","1.6706","36.3320"
"100.3400","1.6709","36.3736"
"100.3600","1.6712","36.4055"
"100.3800","1.6717","36.4528"
"100.4000","1.6722","36.4892"
"100.4200","1.6726","36.5571"
"100.4400","1.6730","36.5787"
"100.4600","1.6732","36.5374"
"100.4800","1.6734","36.4965"
"100.5000","1.6737","36.4857"
"100.5200","1.6739","36.4920"
"100.5400","1.6742","36.4674"
"100.5600","1.6746","36.5253"
"100.5800","1.6750","36.6134"
"100.6000","1.6753","36.5996"
"100.6200","1.6757","36.5608"
"100.6400","1.6760","36.5612"
"100.6600","1.6763","36.5868"
"100.6800","1.6767","36.6287"
"100.7000","1.6770","36.6000"
"100.7200","1.6774","36.5825"
"100.7400","1.6779","36.5681"
"100.7600","1.6782","36.6155"
"100.7800","1.6785","36.5845"
"100.8000","1.6788","36.5574"
"100.8200","1.6790","36.5901"
"100.8400","1.6793","36.7017"
"100.8600","1.6796","36.6673"
"100.8800","1.6799","36.6236"
"100.9000","1.6803","36.5622"
"100.9200","1.6807","36.6914"
"100.9400","1.6811","36.6704"
"100.9600","1.6814","36.7573"
"100.9800","1.6817","36.7595"
"101.0000","1.6819","36.6851"
"101.0200","1.6822","36.6191"
"101.0400","1.6826","36.5996"
"101.0600","1.6830","36.7180"
"101.0800","1.6834","36.7275"
"101.1000","1.6839","36.8072"
"101.1200","1.6843","36.8682"
"101.1400","1.6846","36.8236"
"101.1600","1.6848","36.7339"
"101.1800","1.6851","36.6853"
"101.2000","1.6853","36.7860"
"101.2200","1.6856","36.8609"
"101.2400","1.6859","36.8279"
"101.2600","1.6863","36.8200"
"101.2800","1.6867","36.8605"
"101.3000","1.6870","36.8459"
"101.3200","1.6874","36.8707"
"101.3400","1.6877","36.9002"
"101.3600","1.6880","36.8561"
"101.3800","1.6883","36.8735"
"101.4000","1.6887","36.8636"
"101.4200","1.6891","36.8807"
"101.4400","1.6895","36.8986"
"101.4600","1.6899","36.9337"
"101.4800","1.6901","36.8590"
"101.5000","1.6904","36.8520"
"101.5200","1.6906","36.9112"
"101.5400","1.6909","36.9120"
"101.5600","1.6912","36.9002"
"101.5800","1.6916","36.8828"
"101.6000","1.6920","36.9547"
"101.6200","1.6924","36.9773"
"101.6400","1.6927","37.0390"
"101.6600","1.6930","37.0796"
"101.6800","1.6933","37.0670"
"101.7000","1.6936","37.0424"
"101.7200","1.6939","37.0152"
"101.7400","1.6943","36.9960"
"101.7600","1.6947","37.0567"
"101.7800","1.6952","37.1306"
"101.8000","1.6956","37.1354"
"101.8200","1.6959","37.0488"
"101.8400","1.6962","37.0403"
"101.8600","1.6964","37.0956"
"101.8800","1.6967","37.0986"
"101.9000","1.6969","37.1452"
"101.9200","1.6972","37.1390"
"101.9400","1.6976","37.1297"
"101.9600","1.6980","37.1049"
"101.9800","1.6984","37.0798"
"102.0000","1.6987","37.1571"
"102.0200","1.6990","37.1735"
"102.0400","1.6993","37.1845"
"102.0600","1.6997","37.1791"
"102.0800","1.7000","37.2456"
"102.1000","1.7004","37.2952"
"102.1200","1.7008","37.3113"
"102.1400","1.7012","37.2892"
"102.1600","1.7015","37.2086"
"102.1800","1.7017","37.1646"
"102.2000","1.7020","37.2812"
"102.2200","1.7023","37.3498"
"102.2400","1.7026","37.3102"
"102.2600","1.7029","37.2607"
"102.2800","1.7033","37.2674"
"102.3000","1.7037","37.2534"
"102.3200","1.7040","37.3282"
"102.3400","1.7044","37.3928"
"102.3600","1.7047","37.4706"
"102.3800","1.7049","37.3886"
"102.4000","1.7052","37.3606"
"102.4200","1.7055","37.3559"
"102.4400","1.7059","37.3698"
"102.4600","1.7064","37.3886"
"102.4800","1.7069","37.3689"
"102.5000","1.7073","37.4210"
"102.5200","1.7076","37.4731"
"102.5400","1.7078","37.3831"
"102.5600","1.7080","37.4412"
"102.5800","1.7083","37.4935"
"102.6000","1.7086","37.4358"
"102.6200","1.7089","37.4578"
"102.6400","1.7093","37.4679"
"102.6600","1.7097","37.4978"
"102.6800","1.7100","37.4969"
"102.7000","1.7104","37.4582"
"102.7200","1.7107","37.4871"
"102.7400","1.7110","37.4348"
"102.7600","1.7114","37.4690"
"102.7800","1.7118","37.6329"
"102.8000","1.7122","37.7275"
"102.8200","1.7125","37.6559"
"102.8400","1.7129","37.5920"
"102.8600","1.7131","37.5934"
"102.8800","1.7134","37.5862"
"102.9000","1.7136","37.5716"
"102.9200","1.7139","37.5064"
"102.9400","1.7142","37.5728"
"102.9600","1.7146","37.6589"
"102.9800","1.7150","37.6055"
"103.0000","1.7154","37.5848"
"103.0200","1.7157","37.6109"
"103.0400","1.7160","37.6781"
"103.0600","1.7163","37.7803"
"103.0800","1.7166","37.7444"
"103.1000","1.7169","37.7768"
"103.1200","1.7173","37.7195"
"103.1400","1.7178","37.7272"
"103.1600","1.7182","37.7040"
"103.1800","1.7186","37.7209"
"103.2000","1.7189","37.7273"
"103.2200","1.7192","37.7156"
"103.2400","1.7194","37.6986"
"103.2600","1.7196","37.6756"
"103.2800","1.7199","37.6529"
"103.3000","1.7203","37.7342"
"103.3200","1.7207","37.7955"
"103.3400","1.7210","37.8220"
"103.3600","1.7214","37.7374"
"103.3800","1.7218","37.7585"
"103.4000","1.7221","37.8392"
"103.4200","1.7224","37.8045"
"103.4400","1.7227","37.9348"
"103.4600","1.7231","37.9364"
"103.4800","1.7235","37.8387"
"103.5000","1.7239","37.8339"
"103.5200","1.7242","37.8743"
"103.5400","1.7245","37.8813"
"103.5600","1.7247","37.9247"
"103.5800","1.7250","37.8936"
"103.6000","1.7253","37.9297"
"103.6200","1.7256","37.9320"
"103.6400","1.7259","37.8894"
"103.6600","1.7263","37.8961"
"103.6800","1.7267","37.8956"
"103.7000","1.7271","37.9704"
"103.7200","1.7274","38.0283"
"103.7400","1.7276","38.0379"
"103.7600","1.7279","38.0470"
"103.7800","1.7282","38.1465"
"103.8000","1.7286","38.0283"
"103.8200","1.7290","37.9742"
"103.8400","1.7295","38.0012"
"103.8600","1.7300","38.0653"
"103.8800","1.7303","38.0771"
"103.9000","1.7306","38.0798"
"103.9200","1.7308","38.0973"
"103.9400","1.7310","38.1190"
"103.9600","1.7313","38.2258"
"103.9800","1.7316","38.3193"
"104.0000","1.7319","38.2297"
"104.0200","1.7323","38.0982"
"104.0400","1.7327","38.1097"
"104.0600","1.7331","38.1478"
"104.0800","1.7334","38.1745"
"104.1000","1.7337","38.1936"
"104.1200","1.7341","38.1594"
"104.1400","1.7344","38.1119"
"104.1600","1.7348","38.1299"
"104.1800","1.7352","38.1385"
"104.2000","1.7355","38.2075"
"104.2200","1.7358","38.2542"
"104.2400","1.7361","38.2798"
"104.2600","1.7363","38.2167"
"104.2800","1.7366","38.2226"
"104.3000","1.7369","38.2295"
"104.3200","1.7372","38.2016"
"104.3400","1.7376","38.1727"
"104.3600","1.7380","38.3434"
"104.3800","1.7384","38.3504"
"104.4000","1.7387","38.2425"
"104.4200","1.7390","38.2084"
"104.4400","1.7392","38.2315"
"104.4600","1.7395","38.3284"
"104.4800","1.7399","38.3931"
"104.5000","1.7403","38.4558"
"104.5200","1.7407","38.4725"
"104.5400","1.7412","38.4800"
"104.5600","1.7416","38.5232"
"104.5800","1.7419","38.4752"
"104.6000","1.7422","38.4146"
"104.6200","1.7424","38.4099"
"104.6400","1.7426","38.3540"
"104.6600","1.7429","38.4004"
"104.6800","1.7433","38.3891"
"104.7000","1.7437","38.3951"
"104.7200","1.7441","38.4183"
"104.7400","1.7444","38.4456"
"104.7600","1.7448","38.4658"
"104.7800","1.7451","38.4279"
"104.8000","1.7454","38.4281"
"104.8200","1.7457","38.5130"
"104.8400","1.7461","38.6171"
"104.8600","1.7465","38.5655"
"104.8800","1.7469","38.5238"
"104.9000","1.7472","38.5227"
"104.9200","1.7475","38.5632"
"104.9400","1.7477","38.5275"
"104.9600","1.7480","38.5601"
"104.9800","1.7482","38.6342"
"105.0000","1.7486","38.6294"
"105.0200","1.7489","38.6017"
"105.0400","1.7493","38.6183"
"105.0600","1.7497","38.6149"
"105.0800","1.7500","38.6869"
"105.1000","1.7503","38.6864"
"105.1200","1.7506","38.7339"
"105.1400","1.7509","38.7472"
"105.1600","1.7512","38.7642"
"105.1800","1.7515","38.7422"
"105.2000","1.7520","38.7749"
"105.2200","1.7525","38.7125"
"105.2400","1.7530","38.6861"
"105.2600","1.7533","38.7466"
"105.2800","1.7536","38.7616"
"105.3000","1.7538","38.7896"
"105.3200","1.7540","38.8021"
"105.3400","1.7543","38.7630"
"105.3600","1.7546","38.7812"
"105.3800","1.7550","38.8416"
"105.4000","1.7554","38.8649"
"105.4200","1.7557","38.8496"
"105.4400","1.7561","38.8128"
"105.4600","1.7564","38.7238"
"105.4800","1.7567","38.7527"
"105.5000","1.7570","38.8095"
"105.5200","1.7574","38.8310"
"105.5400","1.7578","38.9621"
"105.5600","1.7582","38.9860"
"105.5800","1.7585","38.9238"
"105.6000","1.7588","38.8738"
"105.6200","1.7591","38.8078"
"105.6400","1.7594","38.8883"
"105.6600","1.7596","38.9464"
"105.6800","1.7599","38.9634"
"105.7000","1.7603","38.9953"
"105.7200","1.7606","39.0258"
"105.7400","1.7610","39.0918"
"105.7600","1.7614","39.1431"
"105.7800","1.7617","39.0393"
"105.8000","1.7620","39.0899"
"105.8200","1.7622","39.1189"
"105.8400","1.7625","39.0861"
"105.8600","1.7629","39.0311"
"105.8800","1.7633","39.0006"
"105.9000","1.7637","39.0634"
"105.9200","1.7642","39.0769"
"105.9400","1.7646","39.0483"
"105.9600","1.7649","39.0304"
"105.9800","1.7651","39.1239"
"106.0000","1.7654","39.1316"
"106.0200","1.7656","39.1617"
"106.0400","1.7659","39.1948"
"106.0600","1.7663","39.1903"
"106.0800","1.7666","39.1167"
"106.1000","1.7670","39.0190"
"106.1200","1.7674","39.0026"
"106.1400","1.7677","39.1367"
"106.1600","1.7680","39.2074"
"106.1800","1.7683","39.2290"
"106.2000","1.7687","39.2634"
"106.2200","1.7691","39.3453"
"106.2400","1.7695","39.3155"
"106.2600","1.7699","39.2819"
"106.2800","1.7702","39.1900"
"106.3000","1.7705","39.2606"
"106.3200","1.7707","39.2681"
"106.3400","1.7710","39.1630"
"106.3600","1.7713","39.1466"
"106.3800","1.7716","39.1462"
"106.4000","1.7719","39.2680"
"106.4200","1.7723","39.2496"
"106.4400","1.7727","39.3212"
"106.4600","1.7730","39.3033"
"106.4800","1.7733","39.3348"
"106.5000","1.7736","39.3813"
"106.5200","1.7739","39.3741"
"106.5400","1.7742","39.3477"
"106.5600","1.7746","39.3496"
"106.5800","1.7750","39.3526"
"106.6000","1.7755","39.3568"
"106.6200","1.7759","39.4546"
"106.6400","1.7762","39.5687"
"106.6600","1.7765","39.4909"
"106.6800","1.7767","39.4277"
"106.7000","1.7770","39.3662"
"106.7200","1.7773","39.3509"
"106.7400","1.7776","39.4474"
"106.7600","1.7780","39.5220"
"106.7800","1.7784","39.5212"
"106.8000","1.7787","39.4772"
"106.8200","1.7791","39.4734"
"106.8400","1.7794","39.5171"
"106.8600","1.7797","39.4539"
"106.8800","1.7800","39.5137"
"106.9000","1.7804","39.5464"
"106.9200","1.7808","39.5542"
"106.9400","1.7812","39.5975"
"106.9600","1.7816","39.7070"
"106.9800","1.7818","39.5879"
"107.0000","1.7821","39.5205"
"107.0200","1.7823","39.5470"
"107.0400","1.7826","39.5082"
"107.0600","1.7829","39.5171"
"107.0800","1.7833","39.5515"
"107.1000","1.7837","39.6180"
"107.1200","1.7840","39.6800"
"107.1400","1.7844","39.6764"
"107.1600","1.7847","39.6515"
"107.1800","1.7850","39.6655"
"107.2000","1.7852","39.6799"
"107.2200","1.7855","39.7592"
"107.2400","1.7859","39.6913"
"107.2600","1.7863","39.6356"
"107.2800","1.7868","39.7542"
"107.3000","1.7872","39.7939"
"107.3200","1.7876","39.7479"
"107.3400","1.7879","39.7314"
"107.3600","1.7881","39.7434"
"107.3800","1.7884","39.8009"
"107.4000","1.7886","39.7530"
"107.4200","1.7889","39.7989"
"107.4400","1.7893","39.7967"
"107.4600","1.7897","39.8062"
"107.4800","1.7901","39.8489"
"107.5000","1.7904","39.7982"
"107.5200","1.7907","39.7858"
"107.5400","1.7910","39.8173"
"107.5600","1.7913","39.8644"
"107.5800","1.7917","39.9437"
"107.6000","1.7921","39.9268"
"107.6200","1.7925","39.9053"
"107.6400","1.7929","39.9490"
"107.6600","1.7932","39.9834"
"107.6800","1.7935","39.9091"
"107.7000","1.7937","39.9304"
"107.7200","1.7940","39.9728"
"107.7400","1.7943","40.0062"
"107.7600","1.7946","39.9753"
"107.7800","1.7950","40.0066"
"107.8000","1.7954","40.0508"
"107.8200","1.7957","40.0590"
"107.8400","1.7961","40.0433"
"107.8600","1.7963","39.9744"
"107.8800","1.7966","39.9088"
"107.9000","1.7969","39.9414"
"107.9200","1.7972","40.0296"
"107.9400","1.7976","40.1435"
"107.9600","1.7980","40.0765"
"107.9800","1.7985","40.0576"
"108.0000","1.7989","40.1064"
"108.0200","1.7992","40.0902"
"108.0400","1.7995","40.1399"
"108.0600","1.7997","40.1293"
"108.0800","1.8000","40.0700"
"108.1000","1.8003","40.0281"
"108.1200","1.8006","40.0880"
"108.1400","1.8010","40.0882"
"108.1600","1.8014","40.1211"
"108.1800","1.8017","40.1382"
"108.2000","1.8021","40.1247"
"108.2200","1.8024","40.0887"
"108.2400","1.8027","40.1560"
"108.2600","1.8030","40.1154"
"108.2800","1.8034","40.1257"
"108.3000","1.8038","40.1459"
"108.3200","1.8042","40.1772"
"108.3400","1.8046","40.2546"
"108.3600","1.8049","40.2703"
"108.3800","1.8051","40.2154"
"108.4000","1.8054","40.2041"
"108.4200","1.8056","40.2157"
"108.4400","1.8060","40.2266"
"108.4600","1.8063","40.3095"
"108.4800","1.8067","40.4162"
"108.5000","1.8071","40.4145"
"108.5200","1.8074","40.4047"
"108.5400","1.8077","40.3173"
"108.5600","1.8080","40.3490"
"108.5800","1.8082","40.3484"
"108.6000","1.8085","40.3644"
"108.6200","1.8089","40.3808"
"108.6400","1.8093","40.4038"
"108.6600","1.8097","40.3880"
"108.6800","1.8102","40.3823"
"108.7000","1.8106","40.3881"
"108.7200","1.8108","40.4256"
"108.7400","1.8111","40.4096"
"108.7600","1.8113","40.3968"
"108.7800","1.8116","40.3959"
"108.8000","1.8119","40.4807"
"108.8200","1.8123","40.4817"
"108.8400","1.8127","40.3883"
"108.8600","1.8131","40.3755"
"108.8800","1.8134","40.5197"
"108.9000","1.8137","40.5623"
"108.9200","1.8140","40.6023"
"108.9400","1.8143","40.5857"
"108.9600","1.8147","40.5127"
"108.9800","1.8151","40.5401"
"109.0000","1.8155","40.5831"
"109.0200","1.8159","40.5384"
"109.0400","1.8162","40.5418"
"109.0600","1.8165","40.5902"
"109.0800","1.8167","40.6096"
"109.1000","1.8170","40.6756"
"109.1200","1.8173","40.7238"
"109.1400","1.8176","40.6832"
"109.1600","1.8180","40.6366"
"109.1800","1.8184","40.5695"
"109.2000","1.8187","40.5386"
"109.2200","1.8190","40.6872"
"109.2400","1.8193","40.6997"
"109.2600","1.8196","40.7077"
"109.2800","1.8199","40.6854"
"109.3000","1.8202","40.6464"
"109.3200","1.8206","40.6803"
"109.3400","1.8210","40.6153"
"109.3600","1.8215","40.5973"
"109.3800","1.8219","40.6465"
"109.4000","1.8222","40.7216"
"109.4200","1.8224","40.7612"
"109.4400","1.8227","40.7978"
"109.4600","1.8229","40.7370"
"109.4800","1.8232","40.7635"
"109.5000","1.8236","40.6933"
"109.5200","1.8240","40.5988"
"109.5400","1.8244","40.7170"
"109.5600","1.8247","40.7802"
"109.5800","1.8251","40.8454"
"109.6000","1.8254","40.7740"
"109.6200","1.8257","40.7780"
"109.6400","1.8260","40.8387"
"109.6600","1.8264","40.8415"
"109.6800","1.8268","40.8748"
"109.7000","1.8272","40.8793"
"109.7200","1.8276","40.9440"
"109.7400","1.8278","40.9189"
"109.7600","1.8281","40.8291"
"109.7800","1.8283","40.8977"
"109.8000","1.8286","40.9510"
"109.8200","1.8289","40.9408"
"109.8400","1.8293","40.9238"
"109.8600","1.8297","40.9388"
"109.8800","1.8301","40.9610"
"109.9000","1.8304","40.9389"
"109.9200","1.8307","40.9874"
"109.9400","1.8310","40.9971"
"109.9600","1.8312","40.9285"
"109.9800","1.8315","40.8931"
"110.0000","1.8319","40.9740"
"110.0200","1.8323","41.0255"
"110.0400","1.8328","40.9772"
"110.0600","1.8332","41.0715"
"110.0800","1.8336","41.1598"
"110.1000","1.8338","41.1384"
"110.1200","1.8341","41.1014"
"110.1400","1.8343","41.0247"
"110.1600","1.8346","41.0498"
"110.1800","1.8349","41.0402"
"110.2000","1.8353","41.0482"
"110.2200","1.8357","41.1259"
"110.2400","1.8360","41.1598"
"110.2600","1.8364","41.1707"
"110.2800","1.8367","41.2183"
"110.3000","1.8370","41.1615"
"110.3200","1.8373","41.0906"
"110.3400","1.8377","41.0728"
"110.3600","1.8381","41.0977"
"110.3800","1.8385","41.1181"
"110.4000","1.8389","41.2268"
"110.4200","1.8392","41.2683"
"110.4400","1.8395","41.1801"
"110.4600","1.8397","41.1691"
"110.4800","1.8400","41.1195"
"110.5000","1.8402","41.1523"
"110.5200","1.8406","41.2797"
"110.5400","1.8410","41.2214"
"110.5600","1.8414","41.1064"
"110.5800","1.8418","41.1664"
"110.6000","1.8421","41.3486"
"110.6200","1.8424","41.3486"
"110.6400","1.8426","41.3607"
"110.6600","1.8429","41.2756"
"110.6800","1.8432","41.2974"
"110.7000","1.8436","41.3485"
"110.7200","1.8441","41.3707"
"110.7400","1.8445","41.4369"
"110.7600","1.8450","41.4568"
"110.7800","1.8453","41.4873"
"110.8000","1.8455","41.4738"
"110.8200","1.8457","41.4368"
"110.8400","1.8460","41.4444"
"110.8600","1.8463","41.3869"
"110.8800","1.8466","41.3754"
"110.9000","1.8470","41.4205"
"110.9200","1.8474","41.5482"
"110.9400","1.8477","41.4478"
"110.9600","1.8481","41.5043"
"110.9800","1.8484","41.4814"
"111.0000","1.8487","41.4411"
"111.0200","1.8490","41.5254"
"111.0400","1.8494","41.4842"
"111.0600","1.8499","41.5089"
"111.0800","1.8503","41.5525"
"111.1000","1.8506","41.5704"
"111.1200","1.8508","41.5349"
"111.1400","1.8511","41.5183"
"111.1600","1.8513","41.5376"
"111.1800","1.8516","41.6254"
"111.2000","1.8519","41.6912"
"111.2200","1.8523","41.7290"
"111.2400","1.8527","41.6165"
"111.2600","1.8531","41.6344"
"111.2800","1.8534","41.6961"
"111.3000","1.8537","41.7343"
"111.3200","1.8540","41.6599"
"111.3400","1.8542","41.5788"
"111.3600","1.8546","41.5841"
"111.3800","1.8549","41.6061"
"111.4000","1.8554","41.6300"
"111.4200","1.8558","41.6611"
"111.4400","1.8563","41.7377"
"111.4600","1.8566","41.7532"
"111.4800","1.8568","41.8043"
"111.5000","1.8571","41.7555"
"111.5200","1.8573","41.6900"
"111.5400","1.8576","41.7037"
"111.5600","1.8579","41.7236"
"111.5800","1.8583","41.7817"
"111.6000","1.8587","41.7937"
"111.6200","1.8591","41.7876"
"111.6400","1.8594","41.8520"
"111.6600","1.8597","41.8117"
"111.6800","1.8600","41.8407"
"111.7000","1.8604","41.8229"
"111.7200","1.8607","41.8670"
"111.7400","1.8611","41.8499"
"111.7600","1.8615","41.8152"
"111.7800","1.8619","41.7750"
"111.8000","1.8622","41.7058"
"111.8200","1.8624","41.7661"
"111.8400","1.8627","41.8206"
"111.8600","1.8629","41.8569"
"111.8800","1.8632","41.8292"
"111.9000","1.8636","41.7839"
"111.9200","1.8640","41.8283"
"111.9400","1.8644","41.9498"
"111.9600","1.8647","42.0368"
"111.9800","1.8650","42.0302"
"112.0000","1.8653","41.9733"
"112.0200","1.8656","41.9548"
"112.0400","1.8659","41.9446"
"112.0600","1.8662","41.9494"
"112.0800","1.8666","41.9856"
"112.1000","1.8671","41.9833"
"112.1200","1.8676","41.9667"
"112.1400","1.8679","41.9859"
"112.1600","1.8682","41.9351"
"112.1800","1.8685","42.0377"
"112.2000","1.8687","42.1128"
"112.2200","1.8689","42.1229"
"112.2400","1.8692","42.0923"
"112.2600","1.8696","42.0264"
"112.2800","1.8700","42.0771"
"112.3000","1.8703","42.0827"
"112.3200","1.8707","42.1409"
"112.3400","1.8710","42.2621"
"112.3600","1.8713","42.2373"
"112.3800","1.8716","42.1943"
"112.4000","1.8720","42.0850"
"112.4200","1.8724","42.0519"
"112.4400","1.8728","42.0720"
"112.4600","1.8732","42.1552"
"112.4800","1.8736","42.2580"
"112.5000","1.8738","42.2155"
"112.5200","1.8741","42.2033"
"112.5400","1.8743","42.1808"
"112.5600","1.8746","42.2445"
"112.5800","1.8749","42.2638"
"112.6000","1.8753","42.2549"
"112.6200","1.8757","42.2675"
"112.6400","1.8761","42.3413"
"112.6600","1.8764","42.3743"
"112.6800","1.8767","42.2671"
"112.7000","1.8770","42.2844"
"112.7200","1.8772","42.1867"
"112.7400","1.8775","42.2784"
"112.7600","1.8779","42.3207"
"112.7800","1.8784","42.2996"
"112.8000","1.8788","42.2967"
"112.8200","1.8793","42.3327"
"112.8400","1.8796","42.3434"
"112.8600","1.8799","42.3451"
"112.8800","1.8801","42.3095"
"112.9000","1.8803","42.3119"
"112.9200","1.8806","42.3234"
"112.9400","1.8809","42.3390"
"112.9600","1.8813","42.3882"
"112.9800","1.8816","42.4144"
"113.0000","1.8820","42.4348"
"113.0200","1.8823","42.5200"
"113.0400","1.8827","42.4793"
"113.0600","1.8830","42.4535"
"113.0800","1.8833","42.3963"
"113.1000","1.8837","42.4165"
"113.1200","1.8841","42.4663"
"113.1400","1.8845","42.5310"
"113.1600","1.8849","42.5969"
"113.1800","1.8852","42.5905"
"113.2000","1.8854","42.5439"
"113.2200","1.8857","42.5000"
"113.2400","1.8859","42.5875"
"113.2600","1.8862","42.5850"
"113.2800","1.8866","42.5747"
"113.3000","1.8870","42.5632"
"113.3200","1.8874","42.5699"
"113.3400","1.8877","42.6960"
"113.3600","1.8880","42.6715"
"113.3800","1.8883","42.6072"
"113.4000","1.8886","42.5776"
"113.4200","1.8889","42.6134"
"113.4400","1.8892","42.7022"
"113.4600","1.8896","42.7102"
"113.4800","1.8901","42.7000"
"113.5000","1.8906","42.6598"
"113.5200","1.8910","42.7203"
"113.5400","1.8912","42.7299"
"113.5600","1.8915","42.7002"
"113.5800","1.8917","42.6500"
"113.6000","1.8919","42.7734"
"113.6200","1.8922","42.7984"
"113.6400","1.8926","42.7596"
"113.6600","1.8930","42.7080"
"113.6800","1.8933","42.7350"
"113.7000","1.8937","42.7439"
"113.7200","1.8940","42.6737"
"113.7400","1.8943","42.6596"
"113.7600","1.8947","42.7554"
"113.7800","1.8950","42.7543"
"113.8000","1.8954","42.7797"
"113.8200","1.8959","42.8730"
"113.8400","1.8962","42.8674"
"113.8600","1.8965","42.8682"
"113.8800","1.8968","42.7563"
"113.9000","1.8970","42.7460"
"113.9200","1.8973","42.7060"
"113.9400","1.8976","42.7880"
"113.9600","1.8979","42.8234"
"113.9800","1.8983","42.8598"
"114.0000","1.8987","42.9495"
"114.0200","1.8991","42.9480"
"114.0400","1.8994","42.9239"
"114.0600","1.8997","42.8560"
"114.0800","1.9000","42.8935"
"114.1000","1.9002","42.8761"
"114.1200","1.9005","42.9205"
"114.1400","1.9009","42.9810"
"114.1600","1.9014","43.0211"
"114.1800","1.9018","43.0189"
"114.2000","1.9023","43.0441"
"114.2200","1.9026","42.9822"
"114.2400","1.9029","42.9896"
"114.2600","1.9031","43.0259"
"114.2800","1.9033","42.9998"
"114.3000","1.9036","42.9684"
"114.3200","1.9039","42.9840"
"114.3400","1.9043","43.0745"
"114.3600","1.9047","43.0858"
"114.3800","1.9050","43.1082"
"114.4000","1.9054","43.1276"
"114.4200","1.9057","43.1423"
"114.4400","1.9060","43.1467"
"114.4600","1.9064","43.1183"
"114.4800","1.9068","43.1653"
"114.5000","1.9072","43.2134"
"114.5200","1.9076","43.1545"
"114.5400","1.9079","43.0925"
"114.5600","1.9082","43.1563"
"114.5800","1.9084","43.1810"
"114.6000","1.9087","43.1976"
"114.6200","1.9089","43.2601"
"114.6400","1.9092","43.2251"
"114.6600","1.9096","43.2271"
"114.6800","1.9100","43.2934"
"114.7000","1.9104","43.2488"
"114.7200","1.9107","43.2161"
"114.7400","1.9110","43.2717"
"114.7600","1.9113","43.2632"
"114.7800","1.9116","43.2757"
"114.8000","1.9119","43.3317"
"114.8200","1.9122","43.3231"
"114.8400","1.9126","43.2850"
"114.8600","1.9131","43.3405"
"114.8800","1.9136","43.3629"
"114.9000","1.9140","43.3148"
"114.9200","1.9143","43.2447"
"114.9400","1.9145","43.3304"
"114.9600","1.9147","43.3994"
"114.9800","1.9150","43.3682"
"115.0000","1.9153","43.3431"
"115.0200","1.9156","43.3171"
"115.0400","1.9160","43.3269"
"115.0600","1.9164","43.3766"
"115.0800","1.9167","43.4826"
"115.1000","1.9170","43.4757"
"115.1200","1.9173","43.4582"
"115.1400","1.9177","43.4509"
"115.1600","1.9180","43.4442"
"115.1800","1.9184","43.4544"
"115.2000","1.9189","43.4893"
"115.2200","1.9192","43.5237"
"115.2400","1.9195","43.5071"
"115.2600","1.9198","43.5215"
"115.2800","1.9200","43.5143"
"115.3000","1.9203","43.5047"
"115.3200","1.9206","43.4712"
"115.3400","1.9209","43.4234"
"115.3600","1.9213","43.4561"
"115.3800","1.9217","43.4552"
"115.4000","1.9221","43.4633"
"115.4200","1.9224","43.4965"
"115.4400","1.9227","43.5472"
"115.4600","1.9230","43.5960"
"115.4800","1.9232","43.6226"
"115.5000","1.9235","43.5984"
"115.5200","1.9239","43.6025"
"115.5400","1.9244","43.6435"
"115.5600","1.9248","43.6473"
"115.5800","1.9253","43.6973"
"115.6000","1.9256","43.7129"
"115.6200","1.9258","43.6925"
"115.6400","1.9261","43.7212"
"115.6600","1.9263","43.7168"
"115.6800","1.9266","43.7713"
"115.7000","1.9269","43.7635"
"115.7200","1.9273","43.7608"
"115.7400","1.9277","43.7593"
"115.7600","1.9280","43.7257"
"115.7800","1.9284","43.7395"
"115.8000","1.9287","43.8431"
"115.8200","1.9290","43.9178"
"115.8400","1.9293","43.8615"
"115.8600","1.9297","43.7981"
"115.8800","1.9301","43.7718"
"115.9000","1.9305","43.7954"
"115.9200","1.9309","43.7854"
"115.9400","1.9312","43.8506"
"115.9600","1.9314","43.8934"
"115.9800","1.9316","43.9084"
"116.0000","1.9319","43.8717"
"116.0200","1.9322","43.7769"
"116.0400","1.9326","43.8503"
"116.0600","1.9330","43.9293"
"116.0800","1.9334","44.0208"
"116.1000","1.9337","43.9630"
"116.1200","1.9340","43.9535"
"116.1400","1.9343","43.9563"
"116.1600","1.9346","43.9359"
"116.1800","1.9349","43.9015"
"116.2000","1.9353","43.8723"
"116.2200","1.9357","43.8811"
"116.2400","1.9361","43.9629"
"116.2600","1.9366","44.0263"
"116.2800","1.9369","43.9946"
"116.3000","1.9372","44.0177"
"116.3200","1.9374","44.0723"
"116.3400","1.9377","44.1080"
"116.3600","1.9379","44.1447"
"116.3800","1.9383","44.1273"
"116.4000","1.9386","44.0188"
"116.4200","1.9390","44.0602"
"116.4400","1.9394","44.0376"
"116.4600","1.9397","44.0502"
"116.4800","1.9401","44.0725"
"116.5000","1.9404","44.0968"
"116.5200","1.9407","44.1093"
"116.5400","1.9411","44.0522"
"116.5600","1.9415","44.1128"
"116.5800","1.9419","44.1954"
"116.6000","1.9422","44.1567"
"116.6200","1.9425","44.0846"
"116.6400","1.9428","44.1434"
"116.6600","1.9430","44.2311"
"116.6800","1.9433","44.2277"
"116.7000","1.9436","44.2795"
"116.7200","1.9439","44.2310"
"116.7400","1.9443","44.2283"
"116.7600","1.9447","44.1303"
"116.7800","1.9450","44.1317"
"116.8000","1.9454","44.1954"
"116.8200","1.9457","44.2688"
"116.8400","1.9460","44.2558"
"116.8600","1.9462","44.2565"
"116.8800","1.9465","44.2559"
"116.9000","1.9469","44.3447"
"116.9200","1.9474","44.3244"
"116.9400","1.9479","44.3072"
"116.9600","1.9483","44.2520"
"116.9800","1.9486","44.2026"
"117.0000","1.9488","44.3072"
"117.0200","1.9490","44.3102"
"117.0400","1.9493","44.3060"
"117.0600","1.9496","44.3248"
"117.0800","1.9499","44.3625"
"117.1000","1.9503","44.3946"
"117.1200","1.9507","44.4467"
"117.1400","1.9510","44.4149"
"117.1600","1.9514","44.3897"
"117.1800","1.9517","44.3585"
"117.2000","1.9520","44.4679"
"117.2200","1.9524","44.5046"
"117.2400","1.9527","44.5324"
"117.2600","1.9531","44.5312"
"117.2800","1.9535","44.4748"
"117.3000","1.9538","44.4806"
"117.3200","1.9541","44.4452"
"117.3400","1.9544","44.4994"
"117.3600","1.9546","44.4789"
"117.3800","1.9549","44.5056"
"117.4000","1.9552","44.5306"
"117.4200","1.9555","44.5056"
"117.4400","1.9559","44.4742"
"117.4600","1.9563","44.4671"
"117.4800","1.9567","44.5026"
"117.5000","1.9570","44.5910"
"117.5200","1.9573","44.5805"
"117.5400","1.9576","44.5351"
"117.5600","1.9579","44.5041"
"117.5800","1.9583","44.5434"
"117.6000","1.9587","44.5434"
"117.6200","1.9592","44.6061"
"117.6400","1.9596","44.6120"
"117.6600","1.9599","44.6601"
"117.6800","1.9602","44.6421"
"117.7000","1.9604","44.6446"
"117.7200","1.9606","44.6859"
"117.7400","1.9609","44.6045"
"117.7600","1.9612","44.6212"
"117.7800","1.9616","44.6378"
"117.8000","1.9620","44.6415"
"117.8200","1.9624","44.6282"
"117.8400","1.9628","44.5918"
"117.8600","1.9631","44.5913"
"117.8800","1.9634","44.6450"
"117.9000","1.9637","44.6301"
"117.9200","1.9641","44.6837"
"117.9400","1.9645","44.7840"
"117.9600","1.9649","44.8618"
"117.9800","1.9652","44.7855"
"118.0000","1.9655","44.7841"
"118.0200","1.9658","44.7773"
"118.0400","1.9660","44.7960"
"118.0600","1.9663","44.8004"
"118.0800","1.9666","44.8718"
"118.1000","1.9669","44.8001"
"118.1200","1.9673","44.7711"
"118.1400","1.9677","44.7910"
"118.1600","1.9681","44.8409"
"118.1800","1.9684","44.8360"
"118.2000","1.9687","44.8788"
"118.2200","1.9689","44.9189"
"118.2400","1.9692","44.9047"
"118.2600","1.9696","44.9152"
"118.2800","1.9700","44.9423"
"118.3000","1.9705","44.9043"
"118.3200","1.9709","44.8550"
"118.3400","1.9713","44.9485"
"118.3600","1.9716","44.9978"
"118.3800","1.9718","45.0688"
"118.4000","1.9720","45.0662"
"118.4200","1.9723","44.9908"
"118.4400","1.9726","44.9991"
"118.4600","1.9729","45.0142"
"118.4800","1.9733","45.0478"
"118.5000","1.9737","45.0636"
"118.5200","1.9741","45.1050"
"118.5400","1.9744","45.0901"
"118.5600","1.9748","45.0559"
"118.5800","1.9751","45.0481"
"118.6000","1.9754","45.0382"
"118.6200","1.9758","45.1209"
"118.6400","1.9762","45.1006"
"118.6600","1.9765","45.1057"
"118.6800","1.9769","45.0339"
"118.7000","1.9771","45.0490"
"118.7200","1.9774","45.0691"
"118.7400","1.9776","45.1769"
"118.7600","1.9779","45.1957"
"118.7800","1.9782","45.1628"
"118.8000","1.9786","45.1318"
"118.8200","1.9790","45.1711"
"118.8400","1.9794","45.2272"
"118.8600","1.9797","45.2239"
"118.8800","1.9800","45.2166"
"118.9000","1.9803","45.2338"
"118.9200","1.9806","45.3005"
"118.9400","1.9809","45.2316"
"118.9600","1.9813","45.2053"
"118.9800","1.9817","45.2405"
"119.0000","1.9822","45.2594"
"119.0200","1.9826","45.2300"
"119.0400","1.9830","45.2266"
"119.0600","1.9832","45.3204"
"119.0800","1.9834","45.3792"
"119.1000","1.9836","45.3859"
"119.1200","1.9839","45.3645"
"119.1400","1.9843","45.3141"
"119.1600","1.9846","45.2111"
"119.1800","1.9851","45.2208"
"119.2000","1.9854","45.2872"
"119.2200","1.9858","45.3436"
"119.2400","1.9861","45.3381"
"119.2600","1.9864","45.3652"
"119.2800","1.9867","45.2717"
"119.3000","1.9871","45.2393"
"119.3200","1.9874","45.3685"
"119.3400","1.9878","45.4278"
"119.3600","1.9882","45.5061"
"119.3800","1.9885","45.5044"
"119.4000","1.9887","45.4867"
"119.4200","1.9890","45.4042"
"119.4400","1.9892","45.4466"
"119.4600","1.9895","45.4357"
"119.4800","1.9899","45.4412"
"119.5000","1.9903","45.4577"
"119.5200","1.9906","45.4717"
"119.5400","1.9910","45.4996"
"119.5600","1.9913","45.4906"
"119.5800","1.9916","45.4711"
"119.6000","1.9919","45.4581"
"119.6200","1.9922","45.4764"
"119.6400","1.9925","45.5435"
"119.6600","1.9929","45.5053"
"119.6800","1.9934","45.5713"
"119.7000","1.9939","45.6216"
"119.7200","1.9943","45.6482"
"119.7400","1.9946","45.6497"
"119.7600","1.9948","45.6118"
"119.7800","1.9950","45.6714"
"119.8000","1.9953","45.6597"
"119.8200","1.9956","45.6650"
"119.8400","1.9959","45.6733"
"119.8600","1.9963","45.6279"
"119.8800","1.9967","45.6707"
"119.9000","1.9971","45.6133"
"119.9200","1.9974","45.6413"
"119.9400","1.9977","45.7191"
"119.9600","1.9980","45.6957"
"119.9800","1.9984","45.6973"
"120.0000","1.9988","45.7102"
"120.0200","1.9991","45.7976"
"120.0400","1.9995","45.8109"
"120.0600","1.9998","45.7827"
"120.0800","2.0001","45.7112"
"120.1000","2.0004","45.6604"
"120.1200","2.0007","45.7237"
"120.1400","2.0009","45.7514"
"120.1600","2.0013","45.7694"
"120.1800","2.0017","45.7936"
"120.2000","2.0020","45.8727"
"120.2200","2.0024","45.9473"
"120.2400","2.0027","46.0005"
"120.2600","2.0030","45.9241"
"120.2800","2.0033","45.8824"
"120.3000","2.0036","45.8080"
"120.3200","2.0039","45.8297"
"120.3400","2.0043","45.9064"
"120.3600","2.0047","45.9118"
"120.3800","2.0052","45.9226"
"120.4000","2.0056","45.9371"
"120.4200","2.0059","45.9319"
"120.4400","2.0062","45.9553"
"120.4600","2.0064","45.9846"
"120.4800","2.0066","45.9616"
"120.5000","2.0069","45.9381"
"120.5200","2.0073","45.9349"
"120.5400","2.0076","46.0671"
"120.5600","2.0080","46.0809"
"120.5800","2.0084","46.0789"
"120.6000","2.0087","46.0441"
"120.6200","2.0090","45.9959"
"120.6400","2.0093","46.0003"
"120.6600","2.0097","46.0063"
"120.6800","2.0100","45.9976"
"120.7000","2.0104","46.1232"
"120.7200","2.0108","46.2108"
"120.7400","2.0112","46.1916"
"120.7600","2.0115","46.1743"
"120.7800","2.0117","46.0846"
"120.8000","2.0120","46.0123"
"120.8200","2.0123","46.0065"
"120.8400","2.0126","46.0504"
"120.8600","2.0129","46.1158"
"120.8800","2.0133","46.1428"
"120.9000","2.0137","46.1719"
"120.9200","2.0140","46.1730"
"120.9400","2.0143","46.1599"
"120.9600","2.0146","46.2078"
"120.9800","2.0149","46.1575"
"121.0000","2.0152","46.1824"
"121.0200","2.0155","46.2146"
"121.0400","2.0160","46.1922"
"121.0600","2.0164","46.2024"
"121.0800","2.0169","46.2631"
"121.1000","2.0173","46.3409"
"121.1200","2.0175","46.3437"
"121.1400","2.0177","46.2980"
"121.1600","2.0180","46.3203"
"121.1800","2.0183","46.2502"
"121.2000","2.0186","46.2148"
"121.2200","2.0189","46.2669"
"121.2400","2.0193","46.3248"
"121.2600","2.0197","46.3905"
"121.2800","2.0201","46.2467"
"121.3000","2.0204","46.2537"
"121.3200","2.0207","46.3360"
"121.3400","2.0210","46.3823"
"121.3600","2.0214","46.4188"
"121.3800","2.0218","46.4498"
"121.4000","2.0222","46.4210"
"121.4200","2.0226","46.4458"
"121.4400","2.0229","46.4208"
"121.4600","2.0231","46.4593"
"121.4800","2.0234","46.5278"
"121.5000","2.0236","46.5071"
"121.5200","2.0239","46.5180"
"121.5400","2.0243","46.4952"
"121.5600","2.0247","46.4630"
"121.5800","2.0250","46.5124"
"121.6000","2.0254","46.4377"
"121.6200","2.0257","46.4594"
"121.6400","2.0260","46.4910"
"121.6600","2.0263","46.5861"
"121.6800","2.0266","46.6337"
"121.7000","2.0269","46.5931"
"121.7200","2.0273","46.5391"
"121.7400","2.0278","46.5192"
"121.7600","2.0282","46.5328"
"121.7800","2.0286","46.6113"
"121.8000","2.0289","46.6657"
"121.8200","2.0291","46.5664"
"121.8400","2.0294","46.5873"
"121.8600","2.0296","46.5750"
"121.8800","2.0300","46.5917"
"121.9000","2.0303","46.6179"
"121.9200","2.0307","46.6663"
"121.9400","2.0311","46.7187"
"121.9600","2.0314","46.6653"
"121.9800","2.0317","46.6712"
"122.0000","2.0320","46.5665"
"122.0200","2.0323","46.6375"
"122.0400","2.0327","46.6856"
"122.0600","2.0331","46.7430"
"122.0800","2.0335","46.7327"
"122.1000","2.0339","46.7424"
"122.1200","2.0343","46.7636"
"122.1400","2.0345","46.7045"
"122.1600","2.0348","46.7333"
"122.1800","2.0350","46.7726"
"122.2000","2.0353","46.6855"
"122.2200","2.0356","46.6868"
"122.2400","2.0360","46.7211"
"122.2600","2.0363","46.7985"
"122.2800","2.0367","46.8026"
"122.3000","2.0371","46.8104"
"122.3200","2.0373","46.8315"
"122.3400","2.0376","46.8179"
"122.3600","2.0379","46.8503"
"122.3800","2.0382","46.9329"
"122.4000","2.0386","46.8031"
"122.4200","2.0390","46.8300"
"122.4400","2.0395","46.8645"
"122.4600","2.0399","46.9409"
"122.4800","2.0403","46.9391"
"122.5000","2.0405","46.9371"
"122.5200","2.0407","46.8558"
"122.5400","2.0410","46.7971"
"122.5600","2.0413","46.8639"
"122.5800","2.0416","46.9651"
"122.6000","2.0420","46.9194"
"122.6200","2.0424","47.0025"
"122.6400","2.0427","47.0517"
"122.6600","2.0431","47.0898"
"122.6800","2.0434","47.0683"
"122.7000","2.0437","47.0148"
"122.7200","2.0440","47.0075"
"122.7400","2.0444","47.0626"
"122.7600","2.0448","47.0763"
"122.7800","2.0452","47.0803"
"122.8000","2.0455","47.1044"
"122.8200","2.0459","47.1006"
"122.8400","2.0461","47.0890"
"122.8600","2.0464","47.0354"
"122.8800","2.0466","46.9885"
"122.9000","2.0469","47.1339"
"122.9200","2.0473","47.1558"
"122.9400","2.0477","47.1957"
"122.9600","2.0481","47.2154"
"122.9800","2.0484","47.2720"
"123.0000","2.0487","47.2480"
"123.0200","2.0490","47.2534"
"123.0400","2.0492","47.1947"
"123.0600","2.0495","47.1632"
"123.0800","2.0498","47.1787"
"123.1000","2.0502","47.2375"
"123.1200","2.0507","47.2202"
"123.1400","2.0512","47.2377"
"123.1600","2.0516","47.2330"
"123.1800","2.0518","47.2082"
"123.2000","2.0521","47.2455"
"123.2200","2.0523","47.3433"
"123.2400","2.0526","47.3801"
"123.2600","2.0529","47.3586"
"123.2800","2.0533","47.3390"
"123.3000","2.0537","47.3678"
"123.3200","2.0541","47.4049"
"123.3400","2.0544","47.3072"
"123.3600","2.0547","47.3194"
"123.3800","2.0550","47.3559"
"123.4000","2.0554","47.3686"
"123.4200","2.0557","47.3793"
"123.4400","2.0561","47.3501"
"123.4600","2.0565","47.3946"
"123.4800","2.0569","47.4120"
"123.5000","2.0572","47.4483"
"123.5200","2.0575","47.3970"
"123.5400","2.0578","47.4099"
"123.5600","2.0580","47.4465"
"123.5800","2.0583","47.4564"
"123.6000","2.0586","47.4738"
"123.6200","2.0590","47.5058"
"123.6400","2.0594","47.4736"
"123.6600","2.0597","47.3810"
"123.6800","2.0600","47.3759"
"123.7000","2.0603","47.3903"
"123.7200","2.0606","47.4661"
"123.7400","2.0609","47.5062"
"123.7600","2.0612","47.4791"
"123.7800","2.0616","47.4982"
"123.8000","2.0620","47.4713"
"123.8200","2.0625","47.5012"
"123.8400","2.0629","47.4700"
"123.8600","2.0632","47.4500"
"123.8800","2.0635","47.5450"
"123.9000","2.0637","47.5479"
"123.9200","2.0639","47.5438"
"123.9400","2.0642","47.5487"
"123.9600","2.0646","47.5446"
"123.9800","2.0650","47.6278"
"124.0000","2.0653","47.6502"
"124.0200","2.0657","47.5872"
"124.0400","2.0661","47.5205"
"124.0600","2.0664","47.5665"
"124.0800","2.0666","47.6654"
"124.1000","2.0670","47.7381"
"124.1200","2.0674","47.6507"
"124.1400","2.0678","47.6853"
"124.1600","2.0682","47.7053"
"124.1800","2.0686","47.7541"
"124.2000","2.0688","47.7737"
"124.2200","2.0691","47.7072"
"124.2400","2.0693","47.7127"
"124.2600","2.0696","47.7078"
"124.2800","2.0699","47.6733"
"124.3000","2.0703","47.6369"
"124.3200","2.0707","47.7403"
"124.3400","2.0710","47.7142"
"124.3600","2.0714","47.7619"
"124.3800","2.0717","47.8148"
"124.4000","2.0720","47.8200"
"124.4200","2.0722","47.8637"
"124.4400","2.0725","47.8266"
"124.4600","2.0729","47.9236"
"124.4800","2.0733","47.8486"
"124.5000","2.0737","47.9052"
"124.5200","2.0742","47.9555"
"124.5400","2.0746","47.9220"
"124.5600","2.0749","47.8955"
"124.5800","2.0751","47.8984"
"124.6000","2.0753","47.9279"
"124.6200","2.0756","47.9153"
"124.6400","2.0759","47.9916"
"124.6600","2.0763","48.0066"
"124.6800","2.0767","47.9368"
"124.7000","2.0771","47.8590"
"124.7200","2.0774","47.9809"
"124.7400","2.0777","47.9618"
"124.7600","2.0780","48.0603"
"124.7800","2.0783","48.0626"
"124.8000","2.0787","48.0163"
"124.8200","2.0791","48.0190"
"124.8400","2.0795","48.0146"
"124.8600","2.0799","48.0949"
"124.8800","2.0802","48.1387"
"124.9000","2.0805","48.1185"
"124.9200","2.0807","48.0297"
"124.9400","2.0810","48.0190"
"124.9600","2.0812","48.1521"
"124.9800","2.0816","48.2016"
"125.0000","2.0819","48.1278"
"125.0200","2.0823","48.1509"
"125.0400","2.0827","48.1697"
"125.0600","2.0831","48.1559"
"125.0800","2.0834","48.2015"
"125.1000","2.0837","48.1508"
"125.1200","2.0839","48.1824"
"125.1400","2.0842","48.1491"
"125.1600","2.0846","48.2109"
"125.1800","2.0851","48.2258"
"125.2000","2.0855","48.2094"
"125.2200","2.0859","48.1981"
"125.2400","2.0863","48.2205"
"125.2600","2.0865","48.2479"
"125.2800","2.0867","48.2998"
"125.3000","2.0870","48.3191"
"125.3200","2.0873","48.2654"
"125.3400","2.0876","48.2564"
"125.3600","2.0880","48.2464"
"125.3800","2.0884","48.2174"
"125.4000","2.0887","48.2570"
"125.4200","2.0890","48.2689"
"125.4400","2.0893","48.3257"
"125.4600","2.0896","48.4593"
"125.4800","2.0900","48.4503"
"125.5000","2.0904","48.4768"
"125.5200","2.0908","48.4635"
"125.5400","2.0912","48.3813"
"125.5600","2.0916","48.3599"
"125.5800","2.0918","48.2718"
"125.6000","2.0921","48.1989"
"125.6200","2.0923","48.2930"
"125.6400","2.0926","48.4688"
"125.6600","2.0929","48.3982"
"125.6800","2.0933","48.4155"
"125.7000","2.0937","48.4204"
"125.7200","2.0941","48.3760"
"125.7400","2.0944","48.4253"
"125.7600","2.0947","48.5212"
"125.7800","2.0950","48.5068"
"125.8000","2.0953","48.4824"
"125.8200","2.0956","48.4898"
"125.8400","2.0959","48.4586"
"125.8600","2.0963","48.4904"
"125.8800","2.0968","48.5613"
"125.9000","2.0972","48.5643"
"125.9200","2.0976","48.5457"
"125.9400","2.0979","48.5743"
"125.9600","2.0981","48.5939"
"125.9800","2.0983","48.5371"
"126.0000","2.0986","48.4868"
"126.0200","2.0989","48.5006"
"126.0400","2.0993","48.5155"
"126.0600","2.0997","48.6101"
"126.0800","2.1001","48.6320"
"126.1000","2.1004","48.6435"
"126.1200","2.1007","48.6208"
"126.1400","2.1010","48.5503"
"126.1600","2.1014","48.6580"
"126.1800","2.1017","48.6552"
"126.2000","2.1021","48.6356"
"126.2200","2.1026","48.6103"
"126.2400","2.1029","48.6187"
"126.2600","2.1032","48.6580"
"126.2800","2.1035","48.7371"
"126.3000","2.1037","48.7151"
"126.3200","2.1039","48.7496"
"126.3400","2.1042","48.8068"
"126.3600","2.1046","48.8467"
"126.3800","2.1050","48.8768"
"126.4000","2.1054","48.8014"
"126.4200","2.1057","48.8061"
"126.4400","2.1061","48.7880"
"126.4600","2.1063","48.8190"
"126.4800","2.1066","48.7364"
"126.5000","2.1069","48.7240"
"126.5200","2.1072","48.7859"
"126.5400","2.1076","48.8001"
"126.5600","2.1081","48.7630"
"126.5800","2.1086","48.7435"
"126.6000","2.1090","48.8163"
"126.6200","2.1093","49.0046"
"126.6400","2.1095","48.9642"
"126.6600","2.1097","48.8429"
"126.6800","2.1100","48.8459"
"126.7000","2.1103","48.9639"
"126.7200","2.1106","49.0391"
"126.7400","2.1110","48.9433"
"126.7600","2.1113","48.9256"
"126.7800","2.1117","49.0246"
"126.8000","2.1120","48.9914"
"126.8200","2.1123","48.9022"
"126.8400","2.1126","48.9157"
"126.8600","2.1130","48.8940"
"126.8800","2.1134","48.9248"
"126.9000","2.1138","48.8927"
"126.9200","2.1142","48.9202"
"126.9400","2.1146","49.0207"
"126.9600","2.1149","48.9745"
"126.9800","2.1151","49.0133"
"127.0000","2.1153","49.0389"
"127.0200","2.1156","49.1408"
"127.0400","2.1159","49.1279"
"127.0600","2.1163","49.0971"
"127.0800","2.1167","49.0161"
"127.1000","2.1171","49.0407"
"127.1200","2.1174","49.0700"
"127.1400","2.1177","49.0742"
"127.1600","2.1180","49.0504"
"127.1800","2.1182","49.1221"
"127.2000","2.1185","49.2191"
"127.2200","2.1189","49.2096"
"127.2400","2.1194","49.1138"
"127.2600","2.1198","49.1204"
"127.2800","2.1203","49.1931"
"127.3000","2.1206","49.1901"
"127.3200","2.1209","49.1807"
"127.3400","2.1211","49.2041"
"127.3600","2.1213","49.2332"
"127.3800","2.1216","49.2897"
"127.4000","2.1219","49.2571"
"127.4200","2.1223","49.2166"
"127.4400","2.1226","49.2868"
"127.4600","2.1230","49.3559"
"127.4800","2.1234","49.3273"
"127.5000","2.1237","49.3449"
"127.5200","2.1240","49.3169"
"127.5400","2.1243","49.3078"
"127.5600","2.1247","49.3033"
"127.5800","2.1251","49.2796"
"127.6000","2.1255","49.3824"
"127.6200","2.1259","49.3289"
"127.6400","2.1262","49.2508"
"127.6600","2.1265","49.2165"
"127.6800","2.1267","49.2939"
"127.7000","2.1270","49.3858"
"127.7200","2.1272","49.4334"
"127.7400","2.1276","49.3603"
"127.7600","2.1280","49.3628"
"127.7800","2.1284","49.4689"
"127.8000","2.1287","49.4993"
"127.8200","2.1291","49.3788"
"127.8400","2.1293","49.3835"
"127.8600","2.1296","49.4454"
"127.8800","2.1299","49.4637"
"127.9000","2.1302","49.4744"
"127.9200","2.1306","49.4276"
"127.9400","2.1311","49.4039"
"127.9600","2.1315","49.4487"
"127.9800","2.1320","49.6006"
"128.0000","2.1323","49.5784"
"128.0200","2.1325","49.5315"
"128.0400","2.1327","49.5086"
"128.0600","2.1329","49.5826"
"128.0800","2.1332","49.5791"
"128.1000","2.1336","49.5636"
"128.1200","2.1339","49.5661"
"128.1400","2.1343","49.5319"
"128.1600","2.1347","49.5783"
"128.1800","2.1350","49.6241"
"128.2000","2.1353","49.5888"
"128.2200","2.1356","49.6208"
"128.2400","2.1360","49.6845"
"128.2600","2.1364","49.6201"
"128.2800","2.1368","49.6483"
"128.3000","2.1372","49.7327"
"128.3200","2.1375","49.7056"
"128.3400","2.1378","49.6439"
"128.3600","2.1381","49.6556"
"128.3800","2.1383","49.6071"
"128.4000","2.1386","49.7056"
"128.4200","2.1389","49.6774"
"128.4400","2.1393","49.6887"
"128.4600","2.1397","49.6742"
"128.4800","2.1401","49.7236"
"128.5000","2.1404","49.7478"
"128.5200","2.1407","49.7725"
"128.5400","2.1410","49.8306"
"128.5600","2.1412","49.8225"
"128.5800","2.1415","49.7791"
"128.6000","2.1419","49.7551"
"128.6200","2.1423","49.7443"
"128.6400","2.1428","49.7346"
"128.6600","2.1433","49.8351"
"128.6800","2.1436","49.8806"
"128.7000","2.1439","49.9110"
"128.7200","2.1441","49.8656"
"128.7400","2.1443","49.9240"
"128.7600","2.1446","49.9190"
"128.7800","2.1449","49.9464"
"128.8000","2.1453","49.9331"
"128.8200","2.1456","49.8170"
"128.8400","2.1460","49.9015"
"128.8600","2.1464","49.8906"
"128.8800","2.1467","49.8637"
"128.9000","2.1470","49.8941"
"128.9200","2.1474","49.9148"
"128.9400","2.1477","49.8761"
"128.9600","2.1481","49.9397"
"128.9800","2.1485","49.9711"
"129.0000","2.1489","49.9994"
"129.0200","2.1492","50.0073"
"129.0400","2.1494","49.9708"
"129.0600","2.1497","50.0751"
"129.0800","2.1499","50.1202"
"129.1000","2.1502","49.9920"
"129.1200","2.1506","50.0345"
"129.1400","2.1510","50.0271"
"129.1600","2.1514","50.0614"
"129.1800","2.1517","50.0717"
"129.2000","2.1521","50.0724"
"129.2200","2.1523","50.0247"
"129.2400","2.1526","50.0038"
"129.2600","2.1529","50.0804"
"129.2800","2.1532","50.2048"
"129.3000","2.1536","50.1639"
"129.3200","2.1541","50.1536"
"129.3400","2.1546","50.1979"
"129.3600","2.1550","50.1731"
"129.3800","2.1553","50.0610"
"129.4000","2.1555","50.1177"
"129.4200","2.1557","50.2406"
"129.4400","2.1560","50.2617"
"129.4600","2.1563","50.2830"
"129.4800","2.1566","50.3148"
"129.5000","2.1570","50.2162"
"129.5200","2.1574","50.1726"
"129.5400","2.1577","50.2443"
"129.5600","2.1580","50.2627"
"129.5800","2.1583","50.2267"
"129.6000","2.1587","50.2648"
"129.6200","2.1590","50.2987"
"129.6400","2.1594","50.3396"
"129.6600","2.1598","50.3018"
"129.6800","2.1602","50.2798"
"129.7000","2.1606","50.2812"
"129.7200","2.1608","50.3815"
"129.7400","2.1611","50.4742"
"129.7600","2.1613","50.4660"
"129.7800","2.1616","50.3985"
"129.8000","2.1619","50.3443"
"129.8200","2.1623","50.3104"
"129.8400","2.1627","50.3431"
"129.8600","2.1631","50.4196"
"129.8800","2.1634","50.5245"
"129.9000","2.1637","50.4862"
"129.9200","2.1640","50.4412"
"129.9400","2.1643","50.3992"
"129.9600","2.1646","50.3433"
"129.9800","2.1649","50.3779"
"130.0000","2.1654","50.3991"
"130.0200","2.1658","50.2984"
"130.0400","2.1663","50.4336"
"130.0600","2.1666","50.5112"
"130.0800","2.1669","50.5196"
"130.1000","2.1671","50.4802"
"130.1200","2.1673","50.4153"
"130.1400","2.1676","50.3518"
"130.1600","2.1679","50.4113"
"130.1800","2.1683","50.5148"
"130.2000","2.1687","50.5594"
"130.2200","2.1690","50.6054"
"130.2400","2.1694","50.6129"
"130.2600","2.1697","50.5530"
"130.2800","2.1700","50.6004"
"130.3000","2.1703","50.6414"
"130.3200","2.1707","50.5594"
"130.3400","2.1711","50.5131"
"130.3600","2.1715","50.5557"
"130.3800","2.1719","50.6917"
"130.4000","2.1722","50.7293"
"130.4200","2.1724","50.7249"
"130.4400","2.1727","50.7743"
"130.4600","2.1729","50.7322"
"130.4800","2.1732","50.6740"
"130.5000","2.1736","50.6426"
"130.5200","2.1739","50.7009"
"130.5400","2.1743","50.7052"
"130.5600","2.1747","50.7015"
"130.5800","2.1750","50.6570"
"130.6000","2.1753","50.6708"
"130.6200","2.1756","50.7179"
"130.6400","2.1759","50.6775"
"130.6600","2.1762","50.7451"
"130.6800","2.1766","50.7320"
"130.7000","2.1771","50.7408"
"130.7200","2.1775","50.7363"
"130.7400","2.1779","50.8202"
"130.7600","2.1782","50.7963"
"130.7800","2.1784","50.8606"
"130.8000","2.1787","50.8860"
"130.8200","2.1789","50.7783"
"130.8400","2.1792","50.7743"
"130.8600","2.1796","50.8001"
"130.8800","2.1800","50.8567"
"130.9000","2.1803","50.9042"
"130.9200","2.1807","50.8620"
"130.9400","2.1810","50.8296"
"130.9600","2.1814","50.8444"
"130.9800","2.1817","50.8712"
"131.0000","2.1820","50.9113"
"131.0200","2.1824","50.9185"
"131.0400","2.1828","50.9785"
"131.0600","2.1832","50.8804"
"131.0800","2.1835","50.9211"
"131.1000","2.1838","50.9050"
"131.1200","2.1840","50.8130"
"131.1400","2.1843","50.9295"
"131.1600","2.1846","51.0223"
"131.1800","2.1849","50.9783"
"131.2000","2.1853","50.9923"
"131.2200","2.1856","51.0117"
"131.2400","2.1860","51.0272"
"131.2600","2.1864","51.0306"
"131.2800","2.1867","50.9995"
"131.3000","2.1870","50.9386"
"131.3200","2.1872","50.9682"
"131.3400","2.1875","51.0317"
"131.3600","2.1879","50.9931"
"131.3800","2.1884","51.0159"
"131.4000","2.1888","51.0550"
"131.4200","2.1893","51.0999"
"131.4400","2.1896","51.1340"
"131.4600","2.1899","51.1319"
"131.4800","2.1901","51.1276"
"131.5000","2.1903","51.0986"
"131.5200","2.1906","51.0916"
"131.5400","2.1909","51.1116"
"131.5600","2.1913","51.1458"
"131.5800","2.1917","51.2244"
"131.6000","2.1921","51.2997"
"131.6200","2.1924","51.2648"
"131.6400","2.1927","51.2263"
"131.6600","2.1930","51.2394"
"131.6800","2.1934","51.2150"
"131.7000","2.1937","51.1192"
"131.7200","2.1941","51.1935"
"131.7400","2.1945","51.2382"
"131.7600","2.1949","51.2592"
"131.7800","2.1951","51.2732"
"131.8000","2.1954","51.2873"
"131.8200","2.1956","51.3034"
"131.8400","2.1959","51.2170"
"131.8600","2.1962","51.2097"
"131.8800","2.1966","51.3242"
"131.9000","2.1969","51.3304"
"131.9200","2.1973","51.2670"
"131.9400","2.1977","51.3517"
"131.9600","2.1980","51.3579"
"131.9800","2.1983","51.4278"
"132.0000","2.1986","51.4321"
"132.0200","2.1989","51.4027"
"132.0400","2.1992","51.3728"
"132.0600","2.1997","51.3506"
"132.0800","2.2002","51.3537"
"132.1000","2.2006","51.3754"
"132.1200","2.2010","51.3210"
"132.1400","2.2012","51.3749"
"132.1600","2.2014","51.4384"
"132.1800","2.2017","51.4208"
"132.2000","2.2019","51.4379"
"132.2200","2.2022","51.4730"
"132.2400","2.2026","51.4608"
"132.2600","2.2030","51.4402"
"132.2800","2.2034","51.4969"
"132.3000","2.2038","51.5468"
"132.3200","2.2041","51.5692"
"132.3400","2.2044","51.4785"
"132.3600","2.2047","51.4257"
"132.3800","2.2051","51.4311"
"132.4000","2.2055","51.4990"
"132.4200","2.2059","51.5586"
"132.4400","2.2062","51.5791"
"132.4600","2.2065","51.6246"
"132.4800","2.2068","51.6332"
"132.5000","2.2070","51.5517"
"132.5200","2.2073","51.5348"
"132.5400","2.2076","51.6036"
"132.5600","2.2079","51.6768"
"132.5800","2.2083","51.6960"
"132.6000","2.2087","51.6770"
"132.6200","2.2091","51.6865"
"132.6400","2.2094","51.6868"
"132.6600","2.2097","51.7003"
"132.6800","2.2099","51.6855"
"132.7000","2.2102","51.6612"
"132.7200","2.2106","51.6703"
"132.7400","2.2110","51.7237"
"132.7600","2.2115","51.7538"
"132.7800","2.2119","51.7167"
"132.8000","2.2123","51.7755"
"132.8200","2.2126","51.8525"
"132.8400","2.2128","51.7699"
"132.8600","2.2130","51.7595"
"132.8800","2.2133","51.7596"
"132.9000","2.2136","51.8222"
"132.9200","2.2139","51.7314"
"132.9400","2.2143","51.7308"
"132.9600","2.2147","51.8069"
"132.9800","2.2151","51.8915"
"133.0000","2.2154","51.9198"
"133.0200","2.2158","51.7845"
"133.0400","2.2161","51.7856"
"133.0600","2.2164","51.8669"
"133.0800","2.2168","51.8546"
"133.1000","2.2172","51.9030"
"133.1200","2.2175","51.8260"
"133.1400","2.2179","51.8689"
"133.1600","2.2181","51.8552"
"133.1800","2.2184","51.8611"
"133.2000","2.2186","51.8745"
"133.2200","2.2189","51.9387"
"133.2400","2.2192","51.9748"
"133.2600","2.2196","51.9565"
"133.2800","2.2200","51.9627"
"133.3000","2.2204","51.9953"
"133.3200","2.2207","51.9138"
"133.3400","2.2210","51.9224"
"133.3600","2.2213","51.9702"
"133.3800","2.2216","51.9863"
"133.4000","2.2219","51.9982"
"133.4200","2.2222","52.0146"
"133.4400","2.2227","51.9887"
"133.4600","2.2232","51.9692"
"133.4800","2.2236","52.0722"
"133.5000","2.2240","52.1225"
"133.5200","2.2242","52.0677"
"133.5400","2.2244","52.0172"
"133.5600","2.2246","52.0197"
"133.5800","2.2249","52.0228"
"133.6000","2.2253","52.1483"
"133.6200","2.2256","52.1269"
"133.6400","2.2260","52.1917"
"133.6600","2.2264","52.1805"
"133.6800","2.2268","52.1447"
"133.7000","2.2271","52.1983"
"133.7200","2.2274","52.2229"
"133.7400","2.2277","52.1843"
"133.7600","2.2281","52.2037"
"133.7800","2.2284","52.1432"
"133.8000","2.2288","52.2230"
"133.8200","2.2292","52.2795"
"133.8400","2.2295","52.3522"
"133.8600","2.2297","52.2376"
"133.8800","2.2300","52.1779"
"133.9000","2.2303","52.2186"
"133.9200","2.2305","52.2506"
"133.9400","2.2309","52.2706"
"133.9600","2.2313","52.2812"
"133.9800","2.2316","52.2878"
"134.0000","2.2320","52.3439"
"134.0200","2.2323","52.3688"
"134.0400","2.2326","52.3275"
"134.0600","2.2329","52.2422"
"134.0800","2.2332","52.2682"
"134.1000","2.2335","52.2236"
"134.1200","2.2339","52.2566"
"134.1400","2.2344","52.3148"
"134.1600","2.2349","52.2792"
"134.1800","2.2353","52.2741"
"134.2000","2.2356","52.2880"
"134.2200","2.2358","52.2993"
"134.2400","2.2360","52.3218"
"134.2600","2.2363","52.4445"
"134.2800","2.2366","52.4937"
"134.3000","2.2369","52.4323"
"134.3200","2.2373","52.4522"
"134.3400","2.2377","52.3683"
"134.3600","2.2381","52.3312"
"134.3800","2.2384","52.3124"
"134.4000","2.2387","52.4470"
"134.4200","2.2390","52.5182"
"134.4400","2.2394","52.5175"
"134.4600","2.2397","52.5265"
"134.4800","2.2401","52.4944"
"134.5000","2.2405","52.5080"
"134.5200","2.2408","52.5277"
"134.5400","2.2411","52.5354"
"134.5600","2.2414","52.5587"
"134.5800","2.2417","52.6428"
"134.6000","2.2419","52.6031"
"134.6200","2.2423","52.5340"
"134.6400","2.2426","52.6156"
"134.6600","2.2430","52.5943"
"134.6800","2.2434","52.5878"
"134.7000","2.2437","52.5885"
"134.7200","2.2440","52.5878"
"134.7400","2.2443","52.5972"
"134.7600","2.2446","52.5290"
"134.7800","2.2449","52.6032"
"134.8000","2.2452","52.6110"
"134.8200","2.2457","52.5788"
"134.8400","2.2462","52.6719"
"134.8600","2.2466","52.6935"
"134.8800","2.2469","52.7168"
"134.9000","2.2472","52.6780"
"134.9200","2.2474","52.6553"
"134.9400","2.2477","52.7039"
"134.9600","2.2479","52.7535"
"134.9800","2.2483","52.7619"
"135.0000","2.2486","52.7519"
"135.0200","2.2490","52.8053"
"135.0400","2.2494","52.8309"
"135.0600","2.2497","52.7654"
"135.0800","2.2500","52.7453"
"135.1000","2.2504","52.7916"
"135.1200","2.2507","52.8590"
"135.1400","2.2511","52.8187"
"135.1600","2.2515","52.8514"
"135.1800","2.2519","52.9069"
"135.2000","2.2522","52.8460"
"135.2200","2.2525","52.8963"
"135.2400","2.2528","52.9053"
"135.2600","2.2530","52.8998"
"135.2800","2.2533","52.9100"
"135.3000","2.2536","52.8651"
"135.3200","2.2539","52.8431"
"135.3400","2.2543","52.8788"
"135.3600","2.2547","52.9187"
"135.3800","2.2550","52.9588"
"135.4000","2.2553","52.9007"
"135.4200","2.2556","52.8445"
"135.4400","2.2559","52.8755"
"135.4600","2.2562","52.9951"
"135.4800","2.2565","52.9672"
"135.5000","2.2569","52.9601"
"135.5200","2.2574","53.0280"
"135.5400","2.2579","53.0216"
"135.5600","2.2583","52.9946"
"135.5800","2.2585","53.0171"
"135.6000","2.2588","53.0292"
"135.6200","2.2590","53.0203"
"135.6400","2.2593","53.0392"
"135.6600","2.2596","53.0696"
"135.6800","2.2599","53.1027"
"135.7000","2.2603","53.1165"
"135.7200","2.2607","53.1381"
"135.7400","2.2611","53.1074"
"135.7600","2.2614","53.0555"
"135.7800","2.2617","53.0977"
"135.8000","2.2620","53.1558"
"135.8200","2.2624","53.0644"
"135.8400","2.2628","53.1214"
"135.8600","2.2632","53.2343"
"135.8800","2.2636","53.2197"
"135.9000","2.2639","53.1611"
"135.9200","2.2641","53.1279"
"135.9400","2.2644","53.2141"
"135.9600","2.2646","53.2285"
"135.9800","2.2649","53.2171"
"136.0000","2.2653","53.3046"
"136.0200","2.2656","53.2506"
"136.0400","2.2660","53.2138"
"136.0600","2.2664","53.3239"
"136.0800","2.2667","53.3626"
"136.1000","2.2670","53.2463"
"136.1200","2.2673","53.2284"
"136.1400","2.2675","53.2749"
"136.1600","2.2679","53.2260"
"136.1800","2.2682","53.1348"
"136.2000","2.2687","53.2273"
"136.2200","2.2692","53.2635"
"136.2400","2.2696","53.2828"
"136.2600","2.2699","53.2790"
"136.2800","2.2701","53.2674"
"136.3000","2.2704","53.2317"
"136.3200","2.2706","53.2791"
"136.3400","2.2709","53.3362"
"136.3600","2.2713","53.3760"
"136.3800","2.2717","53.3510"
"136.4000","2.2721","53.3365"
"136.4200","2.2724","53.3405"
"136.4400","2.2727","53.3345"
"136.4600","2.2730","53.3752"
"136.4800","2.2733","53.4116"
"136.5000","2.2737","53.3099"
"136.5200","2.2741","53.3437"
"136.5400","2.2745","53.3949"
"136.5600","2.2749","53.4164"
"136.5800","2.2753","53.4312"
"136.6000","2.2755","53.4673"
"136.6200","2.2758","53.5541"
"136.6400","2.2760","53.5841"
"136.6600","2.2763","53.5156"
"136.6800","2.2766","53.4454"
"136.7000","2.2770","53.4047"
"136.7200","2.2773","53.4413"
"136.7400","2.2777","53.4838"
"136.7600","2.2781","53.5093"
"136.7800","2.2784","53.5443"
"136.8000","2.2786","53.5745"
"136.8200","2.2789","53.4890"
"136.8400","2.2792","53.4781"
"136.8600","2.2795","53.5324"
"136.8800","2.2800","53.5815"
"136.9000","2.2804","53.6531"
"136.9200","2.2809","53.6905"
"136.9400","2.2812","53.6998"
"136.9600","2.2815","53.7381"
"136.9800","2.2818","53.7556"
"137.0000","2.2820","53.6686"
"137.0200","2.2823","53.6565"
"137.0400","2.2826","53.6551"
"137.0600","2.2830","53.6297"
"137.0800","2.2834","53.5665"
"137.1000","2.2837","53.5557"
"137.1200","2.2841","53.6078"
"137.1400","2.2844","53.7697"
"137.1600","2.2847","53.8352"
"137.1800","2.2850","53.7724"
"137.2000","2.2854","53.7083"
"137.2200","2.2858","53.7636"
"137.2400","2.2862","53.7318"
"137.2600","2.2866","53.7361"
"137.2800","2.2869","53.7480"
"137.3000","2.2871","53.7705"
"137.3200","2.2874","53.7359"
"137.3400","2.2877","53.8222"
"137.3600","2.2880","53.8551"
"137.3800","2.2883","53.8796"
"137.4000","2.2887","53.9044"
"137.4200","2.2891","53.9577"
"137.4400","2.2894","53.8932"
"137.4600","2.2897","53.8949"
"137.4800","2.2900","53.8646"
"137.5000","2.2903","53.8927"
"137.5200","2.2905","53.8542"
"137.5400","2.2908","53.8610"
"137.5600","2.2912","53.8108"
"137.5800","2.2917","53.7698"
"137.6000","2.2922","53.9099"
"137.6200","2.2926","53.9891"
"137.6400","2.2929","53.9588"
"137.6600","2.2931","53.9045"
"137.6800","2.2933","53.9587"
"137.7000","2.2936","53.9883"
"137.7200","2.2939","53.9416"
"137.7400","2.2943","53.9244"
"137.7600","2.2947","53.9845"
"137.7800","2.2951","53.9636"
"137.8000","2.2954","53.9692"
"137.8200","2.2957","53.9515"
"137.8400","2.2960","54.0739"
"137.8600","2.2963","54.0313"
"137.8800","2.2967","54.1019"
"137.9000","2.2971","54.1569"
"137.9200","2.2975","54.1161"
"137.9400","2.2979","54.1561"
"137.9600","2.2982","54.0785"
"137.9800","2.2985","54.0619"
"138.0000","2.2988","54.0661"
"138.0200","2.2990","54.1363"
"138.0400","2.2993","54.1508"
"138.0600","2.2996","54.1861"
"138.0800","2.3000","54.2324"
"138.1000","2.3004","54.1931"
"138.1200","2.3007","54.1596"
"138.1400","2.3011","54.2141"
"138.1600","2.3013","54.1414"
"138.1800","2.3016","54.1575"
"138.2000","2.3019","54.1805"
"138.2200","2.3022","54.1133"
"138.2400","2.3026","54.0606"
"138.2600","2.3030","54.1048"
"138.2800","2.3034","54.1780"
"138.3000","2.3039","54.2923"
"138.3200","2.3042","54.2559"
"138.3400","2.3045","54.2485"
"138.3600","2.3047","54.1817"
"138.3800","2.3050","54.1484"
"138.4000","2.3052","54.1786"
"138.4200","2.3056","54.2696"
"138.4400","2.3059","54.3607"
"138.4600","2.3063","54.4102"
"138.4800","2.3067","54.4543"
"138.5000","2.3071","54.3987"
"138.5200","2.3074","54.3408"
"138.5400","2.3077","54.3649"
"138.5600","2.3080","54.3830"
"138.5800","2.3084","54.4213"
"138.6000","2.3088","54.3313"
"138.6200","2.3092","54.2527"
"138.6400","2.3096","54.2447"
"138.6600","2.3099","54.3794"
"138.6800","2.3101","54.4687"
"138.7000","2.3104","54.5030"
"138.7200","2.3106","54.4394"
"138.7400","2.3109","54.4298"
"138.7600","2.3113","54.3658"
"138.7800","2.3117","54.3270"
"138.8000","2.3121","54.2427"
"138.8200","2.3124","54.3344"
"138.8400","2.3127","54.4145"
"138.8600","2.3130","54.5566"
"138.8800","2.3132","54.5438"
"138.9000","2.3135","54.5535"
"138.9200","2.3139","54.5011"
"138.9400","2.3142","54.5137"
"138.9600","2.3147","54.5641"
"138.9800","2.3152","54.5589"
"139.0000","2.3156","54.5173"
"139.0200","2.3159","54.4501"
"139.0400","2.3161","54.4404"
"139.0600","2.3163","54.5358"
"139.0800","2.3166","54.6518"
"139.1000","2.3169","54.6307"
"139.1200","2.3173","54.5658"
"139.1400","2.3176","54.5775"
"139.1600","2.3180","54.5915"
"139.1800","2.3184","54.5855"
"139.2000","2.3187","54.5787"
"139.2200","2.3190","54.5926"
"139.2400","2.3193","54.6185"
"139.2600","2.3197","54.5562"
"139.2800","2.3201","54.5724"
"139.3000","2.3205","54.5657"
"139.3200","2.3209","54.6366"
"139.3400","2.3212","54.6012"
"139.3600","2.3215","54.5850"
"139.3800","2.3217","54.6155"
"139.4000","2.3220","54.6575"
"139.4200","2.3222","54.6608"
"139.4400","2.3226","54.6564"
"139.4600","2.3229","54.5875"
"139.4800","2.3233","54.4639"
"139.5000","2.3237","54.0849"
"139.5200","2.3241","53.8576"
"139.5400","2.3244","53.6700"
"139.5600","2.3247","53.5325"
"139.5800","2.3249","53.1655"
"139.6000","2.3252","52.3104"
"139.6200","2.3256","51.6337"
"139.6400","2.3260","51.2017"
"139.6600","2.3265","51.1111"
"139.6800","2.3269","51.0095"
"139.7000","2.3273","50.8667"
"139.7200","2.3275","50.7499"
"139.7400","2.3277","50.5920"
"139.7600","2.3280","50.3878"
"139.7800","2.3283","50.2557"
"139.8000","2.3286","50.1233"
"139.8200","2.3290","49.8980"
"139.8400","2.3293","49.8315"
"139.8600","2.3297","49.7534"
"139.8800","2.3301","49.6127"
"139.9000","2.3304","49.5253"
"139.9200","2.3307","49.4726"
"139.9400","2.3310","49.4880"
"139.9600","2.3314","49.4383"
"139.9800","2.3318","49.3607"
"140.0000","2.3322","49.1840"
"140.0200","2.3326","49.1583"
"140.0400","2.3329","49.1115"
"140.0600","2.3331","49.1269"
"140.0800","2.3334","49.0813"
"140.1000","2.3336","48.9992"
"140.1200","2.3339","49.0037"
"140.1400","2.3343","48.9739"
"140.1600","2.3347","48.9224"
"140.1800","2.3351","48.9237"
"140.2000","2.3354","48.8797"
"140.2200","2.3357","48.7635"
"140.2400","2.3360","48.7621"
"140.2600","2.3363","48.7754"
"140.2800","2.3365","48.6740"
"140.3000","2.3369","48.6318"
"140.3200","2.3373","48.6857"
"140.3400","2.3378","48.6396"
"140.3600","2.3382","48.5644"
"140.3800","2.3386","48.4532"
"140.4000","2.3389","48.3978"
"140.4200","2.3391","48.4168"
"140.4400","2.3393","48.3813"
"140.4600","2.3396","48.2510"
"140.4800","2.3399","48.2681"
"140.5000","2.3403","48.3269"
"140.5200","2.3407","48.2104"
"140.5400","2.3410","48.1370"
"140.5600","2.3414","48.1838"
"140.5800","2.3417","48.1185"
"140.6000","2.3420","48.1057"
"140.6200","2.3424","48.0724"
"140.6400","2.3427","48.0500"
"140.6600","2.3431","48.0541"
"140.6800","2.3435","48.0636"
"140.7000","2.3439","47.9803"
"140.7200","2.3442","47.8700"
"140.7400","2.3445","47.9201"
"140.7600","2.3447","47.9553"
"140.7800","2.3450","47.8925"
"140.8000","2.3453","47.8919"
"140.8200","2.3456","47.8458"
"140.8400","2.3460","47.9055"
"140.8600","2.3464","47.8938"
"140.8800","2.3467","47.9085"
"140.9000","2.3471","47.8721"
"140.9200","2.3474","47.8328"
"140.9400","2.3476","47.8357"
"140.9600","2.3479","47.7565"
"140.9800","2.3482","47.7620"
"141.0000","2.3486","47.8140"
"141.0200","2.3490","47.8218"
"141.0400","2.3495","47.8346"
"141.0600","2.3499","47.8071"
"141.0800","2.3503","47.8434"
"141.1000","2.3505","47.8620"
"141.1200","2.3507","47.7954"
"141.1400","2.3510","47.8131"
"141.1600","2.3513","47.7934"
"141.1800","2.3516","47.7712"
"141.2000","2.3519","47.7839"
"141.2200","2.3523","47.7551"
"141.2400","2.3527","47.7819"
"141.2600","2.3530","47.7902"
"141.2800","2.3533","47.8316"
"141.3000","2.3536","47.7978"
"141.3200","2.3540","47.8443"
"141.3400","2.3544","47.7974"
"141.3600","2.3548","47.7870"
"141.3800","2.3552","47.7589"
"141.4000","2.3556","47.7550"
"141.4200","2.3559","47.7283"
"141.4400","2.3561","47.6901"
"141.4600","2.3563","47.6909"
"141.4800","2.3566","47.6994"
"141.5000","2.3569","47.7245"
"141.5200","2.3573","47.7179"
"141.5400","2.3576","47.6221"
"141.5600","2.3580","47.6617"
"141.5800","2.3584","47.7523"
"141.6000","2.3587","47.6757"
"141.6200","2.3590","47.6385"
"141.6400","2.3592","47.6523"
"141.6600","2.3595","47.7316"
"141.6800","2.3599","47.7080"
"141.7000","2.3603","47.6089"
"141.7200","2.3608","47.6126"
"141.7400","2.3612","47.6304"
"141.7600","2.3616","47.6563"
"141.7800","2.3619","47.6519"
"141.8000","2.3621","47.6940"
"141.8200","2.3624","47.6829"
"141.8360","2.3626","47.6795"
"141.8370","2.3626","47.6786"
"141.8570","2.3629","47.6424"
"141.8770","2.3632","47.6267"
"141.8970","2.3635","47.6340"
"141.9170","2.3638","47.5661"
"141.9370","2.3639","47.5656"
"141.9570","2.3639","47.6054"
"141.9770","2.3639","47.5389"
"141.9970","2.3639","47.5408"
"142.0170","2.3639","47.5537"
"142.0370","2.3639","47.4807"
"142.0570","2.3639","47.4440"
"142.0770","2.3639","47.4542"
"142.0970","2.3639","47.5213"
"142.1170","2.3639","47.5210"
"142.1370","2.3639","47.4427"
"142.1570","2.3639","47.4455"
"142.1770","2.3639","47.4667"
"142.1970","2.3638","47.4687"
"142.2170","2.3638","47.3946"
"142.2370","2.3638","47.3760"
"142.2570","2.3638","47.3628"
"142.2770","2.3638","47.2859"
"142.2970","2.3638","47.2023"
"142.3170","2.3638","47.1913"
"142.3370","2.3638","47.2091"
"142.3570","2.3637","47.3045"
"142.3770","2.3637","47.2663"
"142.3970","2.3637","47.2259"
"142.4170","2.3637","47.2362"
"142.4370","2.3637","47.2748"
"142.4570","2.3637","47.3171"
"142.4770","2.3636","47.2451"
"142.4970","2.3636","47.1340"
"142.5170","2.3636","47.1587"
"142.5370","2.3636","47.1303"
"142.5570","2.3636","47.0714"
"142.5770","2.3636","47.1314"
"142.5970","2.3636","47.1316"
"142.6170","2.3636","47.0972"
"142.6370","2.3636","47.0625"
"142.6570","2.3636","47.0834"
"142.6770","2.3636","47.1660"
"142.6970","2.3635","47.2195"
"142.7170","2.3635","47.1806"
"142.7370","2.3635","47.1278"
"142.7570","2.3635","47.1599"
"142.7770","2.3635","47.1637"
"142.7970","2.3635","47.1231"
"142.8170","2.3635","47.0307"
"142.8370","2.3635","47.0026"
"142.8570","2.3635","47.0251"
"142.8770","2.3635","47.0514"
"142.8970","2.3635","47.0907"
"142.9170","2.3635","47.1246"
"142.9370","2.3635","47.0187"
"142.9570","2.3635","47.0042"
"142.9770","2.3635","47.1121"
"142.9970","2.3635","47.0881"
"143.0170","2.3635","47.0852"
"143.0370","2.3635","46.9737"
"143.0570","2.3635","46.9434"
"143.0770","2.3635","46.9128"
"143.0970","2.3635","46.9254"
"143.1170","2.3635","47.0064"
"143.1370","2.3635","47.0281"
"143.1570","2.3635","46.9740"
"143.1770","2.3635","46.9678"
"143.1970","2.3635","46.9683"
"143.2170","2.3635","46.9561"
"143.2370","2.3635","47.0001"
"143.2570","2.3635","46.9710"
"143.2770","2.3635","46.9892"
"143.2970","2.3635","47.0029"
"143.3170","2.3635","46.9685"
"143.3370","2.3635","46.8801"
"143.3570","2.3635","46.9198"
"143.3770","2.3635","46.9733"
"143.3970","2.3635","46.9065"
"143.4170","2.3635","46.9177"
"143.4370","2.3635","46.9775"
"143.4570","2.3635","46.9708"
"143.4770","2.3635","46.9016"
"143.4970","2.3635","46.8577"
"143.5170","2.3635","46.8569"
"143.5370","2.3635","46.8480"
"143.5570","2.3635","46.8249"
"143.5770","2.3635","46.8028"
"143.5970","2.3635","46.8098"
"143.6170","2.3635","46.7966"
"143.6370","2.3635","46.8022"
"143.6570","2.3635","46.7783"
"143.6770","2.3635","46.8131"
"143.6970","2.3635","46.8047"
"143.7170","2.3635","46.7733"
"143.7370","2.3635","46.7502"
"143.7570","2.3635","46.8020"
"143.7770","2.3635","46.8014"
"143.7970","2.3635","46.7885"
"143.8170","2.3635","46.7756"
"143.8370","2.3635","46.7887"
"143.8570","2.3635","46.8466"
"143.8770","2.3635","46.7690"
"143.8970","2.3635","46.7361"
"143.9170","2.3635","46.7939"
"143.9370","2.3635","46.7776"
"143.9570","2.3635","46.7752"
"143.9770","2.3635","46.7514"
"143.9970","2.3635","46.7205"
"144.0170","2.3635","46.6609"
"144.0370","2.3635","46.7044"
"144.0570","2.3635","46.6891"
"144.0770","2.3635","46.7903"
"144.0970","2.3635","46.7919"
"144.1170","2.3635","46.6887"
"144.1370","2.3635","46.6612"
"144.1570","2.3635","46.7200"
"144.1770","2.3635","46.7068"
"144.1970","2.3635","46.6789"
"144.2170","2.3635","46.7051"
"144.2370","2.3635","46.6886"
"144.2570","2.3635","46.6373"
"144.2770","2.3635","46.6215"
"144.2970","2.3635","46.5844"
"144.3170","2.3635","46.6296"
"144.3370","2.3635","46.6542"
"144.3570","2.3635","46.6290"
"144.3770","2.3635","46.5548"
"144.3970","2.3635","46.5073"
"144.4170","2.3635","46.4861"
"144.4370","2.3635","46.5121"
"144.4570","2.3635","46.5610"
"144.4770","2.3635","46.5545"
"144.4970","2.3635","46.5932"
"144.5170","2.3635","46.6249"
"144.5370","2.3635","46.5440"
"144.5570","2.3635","46.5675"
"144.5770","2.3635","46.6273"
"144.5970","2.3635","46.5760"
"144.6170","2.3635","46.5813"
"144.6370","2.3635","46.6221"
"144.6570","2.3635","46.6140"
"144.6770","2.3635","46.6538"
"144.6970","2.3635","46.5753"
"144.7170","2.3635","46.5500"
"144.7370","2.3635","46.5309"
"144.7570","2.3635","46.5698"
"144.7770","2.3635","46.6161"
"144.7970","2.3635","46.6356"
"144.8170","2.3635","46.5357"
"144.8370","2.3635","46.4787"
"144.8570","2.3635","46.4399"
"144.8770","2.3635","46.4487"
"144.8970","2.3635","46.5319"
"144.9170","2.3635","46.5356"
"144.9370","2.3635","46.5591"
"144.9570","2.3635","46.4963"
"144.9770","2.3635","46.3758"
"144.9970","2.3635","46.3703"
"145.0170","2.3635","46.4137"
"145.0370","2.3635","46.4360"
"145.0570","2.3635","46.5037"
"145.0770","2.3635","46.4257"
"145.0970","2.3635","46.4392"
"145.1170","2.3635","46.5010"
"145.1370","2.3635","46.5509"
"145.1570","2.3635","46.4923"
"145.1770","2.3635","46.4292"
"145.1970","2.3635","46.4466"
"145.2170","2.3635","46.5608"
"145.2370","2.3635","46.5007"
"145.2570","2.3635","46.5143"
"145.2770","2.3635","46.5198"
"145.2970","2.3635","46.4874"
"145.3170","2.3635","46.4394"
"145.3370","2.3635","46.4558"
"145.3570","2.3635","46.4887"
"145.3770","2.3635","46.5007"
"145.3970","2.3635","46.5670"
"145.4170","2.3635","46.5169"
"145.4370","2.3635","46.4130"
"145.4570","2.3635","46.3977"
"145.4770","2.3635","46.4366"
"145.4970","2.3635","46.4322"
"145.5170","2.3635","46.4564"
"145.5370","2.3635","46.4431"
"145.5570","2.3635","46.4256"
"145.5770","2.3635","46.3069"
"145.5970","2.3635","46.2890"
"145.6170","2.3635","46.3931"
"145.6370","2.3635","46.4630"
"145.6570","2.3635","46.4108"
"145.6770","2.3635","46.3960"
"145.6970","2.3635","46.4197"
"145.7170","2.3635","46.4591"
"145.7370","2.3635","46.4103"
"145.7570","2.3635","46.3730"
"145.7770","2.3635","46.4031"
"145.7970","2.3635","46.3889"
"145.8170","2.3635","46.3995"
"145.8370","2.3635","46.4641"
"145.8570","2.3635","46.4624"
"145.8770","2.3635","46.4117"
"145.8970","2.3635","46.4120"
"145.9170","2.3635","46.3941"
"145.9370","2.3635","46.4098"
"145.9570","2.3635","46.4268"
"145.9770","2.3635","46.3978"
"145.9970","2.3635","46.4057"
"146.0170","2.3635","46.3985"
"146.0370","2.3635","46.3400"
"146.0570","2.3635","46.3040"
"146.0770","2.3635","46.3761"
"146.0970","2.3635","46.3603"
"146.1170","2.3635","46.3295"
"146.1370","2.3635","46.2665"
"146.1570","2.3635","46.2797"
"146.1770","2.3635","46.3535"
"146.1970","2.3635","46.3353"
"146.2170","2.3635","46.2524"
"146.2370","2.3635","46.1808"
"146.2570","2.3635","46.2383"
"146.2770","2.3635","46.2183"
"146.2970","2.3635","46.2778"
"146.3170","2.3635","46.2486"
"146.3370","2.3635","46.2362"
"146.3570","2.3635","46.2578"
"146.3770","2.3635","46.3136"
"146.3970","2.3635","46.3641"
"146.4170","2.3635","46.3707"
"146.4370","2.3635","46.3885"
"146.4570","2.3635","46.3283"
"146.4770","2.3635","46.4281"
"146.4970","2.3635","46.4384"
"146.5170","2.3635","46.4111"
"146.5370","2.3635","46.3371"
"146.5570","2.3635","46.3270"
"146.5770","2.3635","46.3612"
"146.5970","2.3635","46.4038"
"146.6170","2.3635","46.3538"
"146.6370","2.3635","46.3161"
"146.6570","2.3635","46.2693"
"146.6770","2.3635","46.2257"
"146.6970","2.3635","46.3032"
"146.7170","2.3635","46.3869"
"146.7260","2.3635","46.4229"
"146.7270","2.3635","46.4234"
"146.7470","2.3635","46.3825"
"146.7670","2.3635","46.3962"
"146.7870","2.3635","46.3791"
"146.8070","2.3635","46.3357"
"146.8270","2.3635","46.1693"
"146.8470","2.3636","46.1495"
"146.8670","2.3637","46.2392"
"146.8870","2.3639","46.3310"
"146.9070","2.3639","46.3068"
"146.9270","2.3639","46.2652"
"146.9470","2.3638","46.3046"
"146.9670","2.3639","46.4211"
"146.9870","2.3640","46.3690"
"147.0070","2.3643","46.2515"
"147.0270","2.3647","46.2726"
"147.0470","2.3652","46.2020"
"147.0670","2.3659","46.2647"
"147.0870","2.3666","46.2864"
"147.1070","2.3672","46.2332"
"147.1270","2.3677","46.2125"
"147.1470","2.3680","46.3045"
"147.1670","2.3683","46.3807"
"147.1870","2.3686","46.3695"
"147.2070","2.3690","46.4309"
"147.2270","2.3694","46.4556"
"147.2470","2.3698","46.4713"
"147.2670","2.3702","46.4663"
"147.2870","2.3705","46.5206"
"147.3070","2.3707","46.5304"
"147.3270","2.3710","46.4721"
"147.3470","2.3714","46.4466"
"147.3670","2.3718","46.4916"
"147.3870","2.3723","46.5238"
"147.4070","2.3727","46.5139"
"147.4270","2.3731","46.5121"
"147.4470","2.3734","46.5511"
"147.4670","2.3736","46.5737"
"147.4870","2.3739","46.5606"
"147.5070","2.3741","46.5923"
"147.5270","2.3744","46.5173"
"147.5470","2.3747","46.6080"
"147.5670","2.3751","46.6698"
"147.5870","2.3755","46.5954"
"147.6070","2.3759","46.6181"
"147.6270","2.3762","46.6618"
"147.6470","2.3765","46.6282"
"147.6670","2.3768","46.6099"
"147.6870","2.3772","46.6493"
"147.7070","2.3776","46.6529"
"147.7270","2.3780","46.6598"
"147.7470","2.3784","46.5794"
"147.7670","2.3787","46.6365"
"147.7870","2.3790","46.6563"
"147.8070","2.3792","46.6734"
"147.8270","2.3795","46.6768"
"147.8470","2.3797","46.6181"
"147.8670","2.3801","46.6074"
"147.8870","2.3804","46.7463"
"147.9070","2.3808","46.6971"
"147.9270","2.3812","46.6450"
"147.9470","2.3816","46.6657"
"147.9670","2.3818","46.6538"
"147.9870","2.3821","46.6199"
"148.0070","2.3824","46.7495"
"148.0270","2.3827","46.7608"
"148.0470","2.3831","46.7198"
"148.0670","2.3835","46.7094"
"148.0870","2.3840","46.7241"
"148.1070","2.3844","46.7906"
"148.1270","2.3848","46.7723"
"148.1470","2.3850","46.7145"
"148.1670","2.3852","46.7230"
"148.1870","2.3855","46.7417"
"148.2070","2.3857","46.7999"
"148.2270","2.3860","46.8224"
"148.2470","2.3864","46.7812"
"148.2670","2.3868","46.8276"
"148.2870","2.3872","46.7915"
"148.3070","2.3875","46.7699"
"148.3270","2.3879","46.8707"
"148.3470","2.3882","46.9242"
"148.3670","2.3885","46.9290"
"148.3870","2.3889","46.8656"
"148.4070","2.3893","46.9198"
"148.4270","2.3897","46.9417"
"148.4470","2.3901","46.8719"
"148.4670","2.3903","46.8596"
"148.4870","2.3906","46.9083"
"148.5070","2.3908","46.9025"
"148.5270","2.3911","46.9483"
"148.5470","2.3914","46.9633"
"148.5670","2.3917","46.9091"
"148.5870","2.3921","46.8422"
"148.6070","2.3925","46.8761"
"148.6270","2.3929","46.8842"
"148.6470","2.3932","46.8745"
"148.6670","2.3935","46.9029"
"148.6870","2.3937","47.0311"
"148.7070","2.3940","47.0979"
"148.7270","2.3944","46.9808"
"148.7470","2.3948","46.9150"
"148.7670","2.3953","46.9550"
"148.7870","2.3958","46.9233"
"148.8070","2.3962","46.9298"
"148.8270","2.3964","46.9947"
"148.8470","2.3967","47.0229"
"148.8670","2.3969","46.9833"
"148.8870","2.3972","47.0785"
"148.9070","2.3974","47.0165"
"148.9270","2.3978","46.9147"
"148.9470","2.3982","46.9638"
"148.9670","2.3985","47.0511"
"148.9870","2.3989","47.0133"
"149.0070","2.3992","46.9695"
"149.0270","2.3995","46.9245"
"149.0470","2.3998","46.8935"
"149.0670","2.4002","47.0346"
"149.0870","2.4006","47.0250"
"149.1070","2.4010","47.1163"
"149.1270","2.4014","47.1120"
"149.1470","2.4017","47.0824"
"149.1670","2.4020","47.0223"
"149.1870","2.4022","47.1035"
"149.2070","2.4024","47.1234"
"149.2270","2.4027","47.0469"
"149.2470","2.4031","46.9768"
"149.2670","2.4034","47.0515"
"149.2870","2.4038","47.1233"
"149.3070","2.4042","47.0760"
"149.3270","2.4046","47.0463"
"149.3470","2.4048","47.1196"
"149.3670","2.4051","47.1782"
"149.3870","2.4054","47.2360"
"149.4070","2.4057","47.1601"
"149.4270","2.4061","47.1181"
"149.4470","2.4065","47.1597"
"149.4670","2.4070","47.1583"
"149.4870","2.4074","47.1199"
"149.5070","2.4077","47.1246"
"149.5270","2.4080","47.1619"
"149.5470","2.4082","47.1671"
"149.5670","2.4085","47.1774"
"149.5870","2.4087","47.1164"
"149.6070","2.4091","47.1799"
"149.6270","2.4094","47.1951"
"149.6470","2.4098","47.1472"
"149.6670","2.4102","47.1357"
"149.6870","2.4105","47.1566"
"149.7070","2.4108","47.1821"
"149.7270","2.4111","47.1680"
"149.7470","2.4115","47.1827"
"149.7670","2.4119","47.2393"
"149.7870","2.4123","47.2018"
"149.8070","2.4127","47.2181"
"149.8270","2.4130","47.2321"
"149.8470","2.4133","47.2149"
"149.8670","2.4135","47.1978"
"149.8870","2.4138","47.2730"
"149.9070","2.4141","47.2729"
"149.9270","2.4144","47.1771"
"149.9470","2.4147","47.1762"
"149.9670","2.4151","47.1788"
"149.9870","2.4155","47.2449"
"150.0070","2.4159","47.2206"
"150.0270","2.4162","47.0911"
"150.0470","2.4165","47.0162"
"150.0670","2.4167","47.1363"
"150.0870","2.4170","47.2759"
"150.1070","2.4174","47.3488"
"150.1270","2.4178","47.3040"
"150.1470","2.4183","47.2268"
"150.1670","2.4187","47.1586"
"150.1870","2.4191","47.1979"
"150.2070","2.4193","47.2158"
"150.2270","2.4196","47.1699"
"150.2470","2.4198","47.2564"
"150.2670","2.4201","47.2243"
"150.2870","2.4204","47.1498"
"150.3070","2.4207","47.1835"
"150.3270","2.4211","47.2666"
"150.3470","2.4215","47.3130"
"150.3670","2.4219","47.2784"
"150.3870","2.4222","47.2144"
"150.4070","2.4225","47.2710"
"150.4270","2.4229","47.2493"
"150.4470","2.4232","47.2486"
"150.4670","2.4236","47.2624"
"150.4870","2.4240","47.2130"
"150.5070","2.4244","47.2476"
"150.5270","2.4247","47.2103"
"150.5470","2.4249","47.2870"
"150.5670","2.4252","47.2887"
"150.5870","2.4254","47.2464"
"150.6070","2.4257","47.2152"
"150.6270","2.4261","47.2542"
"150.6470","2.4264","47.2364"
"150.6670","2.4268","47.3077"
"150.6870","2.4272","47.3567"
"150.7070","2.4275","47.3116"
"150.7270","2.4278","47.3068"
"150.7470","2.4281","47.2399"
"150.7670","2.4284","47.2551"
"150.7870","2.4287","47.2961"
"150.8070","2.4291","47.2757"
"150.8270","2.4295","47.2578"
"150.8470","2.4300","47.2690"
"150.8670","2.4304","47.2942"
"150.8870","2.4307","47.3086"
"150.9070","2.4310","47.3114"
"150.9270","2.4312","47.3453"
"150.9470","2.4315","47.3778"
"150.9670","2.4318","47.3648"
"150.9870","2.4321","47.3667"
"151.0070","2.4325","47.3003"
"151.0270","2.4329","47.3212"
"151.0470","2.4332","47.2589"
"151.0670","2.4335","47.2757"
"151.0870","2.4338","47.2599"
"151.1070","2.4342","47.3759"
"151.1270","2.4345","47.3657"
"151.1470","2.4349","47.3492"
"151.1670","2.4353","47.3258"
"151.1870","2.4357","47.3255"
"151.2070","2.4360","47.2690"
"151.2270","2.4363","47.2443"
"151.2470","2.4365","47.3520"
"151.2670","2.4368","47.4015"
"151.2870","2.4370","47.3563"
"151.3070","2.4374","47.2434"
"151.3270","2.4377","47.3059"
"151.3470","2.4381","47.3468"
"151.3670","2.4385","47.4437"
"151.3870","2.4389","47.4395"
"151.4070","2.4392","47.3777"
"151.4270","2.4394","47.3017"
"151.4470","2.4397","47.3038"
"151.4670","2.4400","47.3475"
"151.4870","2.4404","47.3059"
"151.5070","2.4409","47.2631"
"151.5270","2.4413","47.2503"
"151.5470","2.4418","47.3116"
"151.5670","2.4421","47.3406"
"151.5870","2.4423","47.2794"
"151.6070","2.4426","47.2925"
"151.6270","2.4428","47.2798"
"151.6470","2.4431","47.2417"
"151.6670","2.4434","47.3022"
"151.6870","2.4438","47.3238"
"151.7070","2.4442","47.2545"
"151.7270","2.4446","47.3023"
"151.7470","2.4449","47.3044"
"151.7670","2.4452","47.3106"
"151.7870","2.4455","47.2985"
"151.8070","2.4459","47.3183"
"151.8270","2.4462","47.3361"
"151.8470","2.4466","47.4111"
"151.8670","2.4470","47.4266"
"151.8870","2.4473","47.3608"
"151.9070","2.4476","47.3376"
"151.9270","2.4479","47.3224"
"151.9470","2.4481","47.3536"
"151.9670","2.4484","47.3851"
"151.9870","2.4487","47.4758"
"152.0070","2.4491","47.5162"
"152.0270","2.4494","47.3852"
"152.0470","2.4498","47.3063"
"152.0670","2.4502","47.3260"
"152.0870","2.4505","47.4171"
"152.1070","2.4508","47.3680"
"152.1270","2.4511","47.3813"
"152.1470","2.4514","47.3675"
"152.1670","2.4517","47.4358"
"152.1870","2.4522","47.3730"
"152.2070","2.4526","47.2982"
"152.2270","2.4531","47.3335"
"152.2470","2.4535","47.4130"
"152.2670","2.4537","47.4211"
"152.2870","2.4539","47.4295"
"152.3070","2.4542","47.3908"
"152.3270","2.4544","47.3605"
"152.3470","2.4547","47.3037"
"152.3670","2.4551","47.2755"
"152.3870","2.4555","47.3264"
"152.4070","2.4559","47.3969"
"152.4270","2.4562","47.4740"
"152.4470","2.4566","47.4257"
"152.4670","2.4569","47.3308"
"152.4870","2.4572","47.3626"
"152.5070","2.4575","47.3784"
"152.5270","2.4579","47.3979"
"152.5470","2.4583","47.4006"
"152.5670","2.4587","47.4250"
"152.5870","2.4590","47.4684"
"152.6070","2.4593","47.5658"
"152.6270","2.4595","47.5210"
"152.6470","2.4598","47.4028"
"152.6670","2.4600","47.3619"
"152.6870","2.4604","47.3348"
"152.7070","2.4608","47.3747"
"152.7270","2.4612","47.4087"
"152.7470","2.4615","47.3857"
"152.7670","2.4619","47.4748"
"152.7870","2.4622","47.4977"
"152.8070","2.4624","47.4225"
"152.8270","2.4627","47.4320"
"152.8470","2.4630","47.4736"
"152.8670","2.4634","47.4333"
"152.8870","2.4639","47.3688"
"152.9070","2.4644","47.4185"
"152.9270","2.4648","47.5472"
"152.9470","2.4651","47.6282"
"152.9670","2.4653","47.5844"
"152.9870","2.4655","47.5452"
"153.0070","2.4658","47.5042"
"153.0270","2.4661","47.4560"
"153.0470","2.4664","47.4486"
"153.0670","2.4668","47.4840"
"153.0870","2.4672","47.5460"
"153.1070","2.4676","47.5771"
"153.1270","2.4679","47.6118"
"153.1470","2.4682","47.5007"
"153.1670","2.4685","47.4195"
"153.1870","2.4689","47.4607"
"153.2070","2.4692","47.4790"
"153.2270","2.4696","47.5632"
"153.2470","2.4700","47.5259"
"153.2670","2.4703","47.5008"
"153.2870","2.4706","47.5494"
"153.3070","2.4709","47.4827"
"153.3270","2.4711","47.5083"
"153.3470","2.4714","47.5097"
"153.3670","2.4717","47.5135"
"153.3870","2.4721","47.5536"
"153.4070","2.4724","47.5941"
"153.4270","2.4728","47.6027"
"153.4470","2.4732","47.6219"
"153.4670","2.4735","47.6041"
"153.4870","2.4738","47.6524"
"153.5070","2.4740","47.6242"
"153.5270","2.4743","47.5667"
"153.5470","2.4747","47.5468"
"153.5670","2.4751","47.5485"
"153.5870","2.4756","47.5708"
"153.6070","2.4761","47.6145"
"153.6270","2.4765","47.5860"
"153.6470","2.4768","47.5396"
"153.6670","2.4770","47.6056"
"153.6870","2.4772","47.5870"
"153.7070","2.4774","47.5114"
"153.7270","2.4777","47.5258"
"153.7470","2.4781","47.6206"
"153.7670","2.4785","47.7083"
"153.7870","2.4789","47.6862"
"153.8070","2.4792","47.5934"
"153.8270","2.4796","47.6180"
"153.8470","2.4799","47.6742"
"153.8670","2.4802","47.6834"
"153.8870","2.4805","47.7334"
"153.9070","2.4809","47.7150"
"153.9270","2.4813","47.6965"
"153.9470","2.4817","47.6629"
"153.9670","2.4820","47.7479"
"153.9870","2.4823","47.7269"
"154.0070","2.4825","47.6512"
"154.0270","2.4828","47.6860"
"154.0470","2.4831","47.6880"
"154.0670","2.4834","47.6784"
"154.0870","2.4838","47.6769"
"154.1070","2.4842","47.6837"
"154.1270","2.4845","47.6095"
"154.1470","2.4848","47.6771"
"154.1670","2.4851","47.7354"
"154.1870","2.4854","47.7454"
"154.2070","2.4857","47.7228"
"154.2270","2.4860","47.6868"
"154.2470","2.4864","47.7258"
"154.2670","2.4868","47.6959"
"154.2870","2.4873","47.7344"
"154.3070","2.4877","47.7489"
"154.3270","2.4881","47.7546"
"154.3470","2.4883","47.8086"
"154.3670","2.4885","47.8424"
"154.3870","2.4888","47.7446"
"154.4070","2.4891","47.7777"
"154.4270","2.4894","47.8341"
"154.4470","2.4898","47.7628"
"154.4670","2.4902","47.7430"
"154.4870","2.4905","47.7304"
"154.5070","2.4909","47.7448"
"154.5270","2.4912","47.7838"
"154.5470","2.4915","47.7873"
"154.5670","2.4918","47.7683"
"154.5870","2.4922","47.7742"
"154.6070","2.4926","47.8186"
"154.6270","2.4930","47.7960"
"154.6470","2.4934","47.7753"
"154.6670","2.4936","47.7612"
"154.6870","2.4939","47.8096"
"154.7070","2.4941","47.7914"
"154.7270","2.4944","47.7825"
"154.7470","2.4947","47.8284"
"154.7670","2.4951","47.8694"
"154.7870","2.4954","47.8843"
"154.8070","2.4958","47.8266"
"154.8270","2.4962","47.8329"
"154.8470","2.4965","47.8156"
"154.8670","2.4968","47.8433"
"154.8870","2.4970","47.8195"
"154.9070","2.4973","47.7244"
"154.9270","2.4977","47.8016"
"154.9470","2.4981","47.8363"
"154.9670","2.4986","47.8061"
"154.9870","2.4991","47.8457"
"155.0070","2.4994","47.9255"
"155.0270","2.4997","47.9552"
"155.0470","2.4999","47.8410"
"155.0670","2.5001","47.8609"
"155.0870","2.5004","47.8956"
"155.1070","2.5007","47.8856"
"155.1270","2.5011","47.9541"
"155.1470","2.5015","47.9998"
"155.1670","2.5019","48.0043"
"155.1870","2.5022","47.9267"
"155.2070","2.5025","47.8760"
"155.2270","2.5028","47.8189"
"155.2470","2.5031","47.8652"
"155.2670","2.5035","47.9653"
"155.2870","2.5039","47.9359"
"155.3070","2.5043","47.8475"
"155.3270","2.5047","47.9258"
"155.3470","2.5050","47.9483"
"155.3670","2.5053","47.9121"
"155.3870","2.5055","47.9408"
"155.4070","2.5058","47.9735"
"155.4270","2.5061","47.9783"
"155.4470","2.5064","47.9623"
"155.4670","2.5068","47.9075"
"155.4870","2.5072","47.9265"
"155.5070","2.5075","47.9043"
"155.5270","2.5079","47.9595"
"155.5470","2.5081","47.9821"
"155.5670","2.5084","47.9693"
"155.5870","2.5087","47.9614"
"155.6070","2.5090","47.9346"
"155.6270","2.5094","48.0304"
"155.6470","2.5099","48.0486"
"155.6670","2.5104","48.0304"
"155.6870","2.5108","47.9532"
"155.7070","2.5111","48.0121"
"155.7270","2.5113","48.0494"
"155.7470","2.5115","48.0254"
"155.7670","2.5118","47.9755"
"155.7870","2.5121","47.8774"
"155.8070","2.5125","47.9016"
"155.8270","2.5128","47.9974"
"155.8470","2.5132","48.0390"
"155.8670","2.5136","48.0476"
"155.8870","2.5139","48.0564"
"155.9070","2.5142","48.0756"
"155.9270","2.5145","48.0010"
"155.9470","2.5148","48.0928"
"155.9670","2.5153","48.1113"
"155.9870","2.5157","48.1253"
"156.0070","2.5161","48.1284"
"156.0270","2.5164","48.0770"
"156.0470","2.5167","48.1377"
"156.0670","2.5169","48.1362"
"156.0870","2.5172","48.0608"
"156.1070","2.5174","48.1066"
"156.1270","2.5178","48.1226"
"156.1470","2.5181","48.0497"
"156.1670","2.5185","48.0221"
"156.1870","2.5189","48.1037"
"156.2070","2.5192","48.0955"
"156.2270","2.5195","48.1064"
"156.2470","2.5198","48.0829"
"156.2670","2.5200","48.0774"
"156.2870","2.5203","48.0830"
"156.3070","2.5207","48.0330"
"156.3270","2.5211","48.0324"
"156.3470","2.5216","48.1309"
"156.3670","2.5221","48.1071"
"156.3870","2.5224","48.0830"
"156.4070","2.5227","48.1148"
"156.4270","2.5229","48.0774"
"156.4470","2.5231","48.1055"
"156.4670","2.5234","48.1662"
"156.4870","2.5238","48.1418"
"156.5070","2.5242","48.1615"
"156.5270","2.5245","48.1237"
"156.5470","2.5249","48.1105"
"156.5670","2.5252","48.1666"
"156.5870","2.5255","48.1201"
"156.6070","2.5258","48.0643"
"156.6270","2.5262","48.0797"
"156.6470","2.5265","48.1150"
"156.6670","2.5269","48.0769"
"156.6870","2.5274","48.0500"
"156.7070","2.5277","48.0427"
"156.7270","2.5280","48.0083"
"156.7470","2.5283","48.0378"
"156.7670","2.5285","48.0023"
"156.7870","2.5288","47.9581"
"156.8070","2.5291","47.9508"
"156.8270","2.5294","48.0987"
"156.8470","2.5298","48.0825"
"156.8670","2.5302","48.0165"
"156.8870","2.5306","48.0736"
"156.9070","2.5309","48.0633"
"156.9270","2.5311","48.0437"
"156.9470","2.5314","48.0496"
"156.9670","2.5317","48.0774"
"156.9870","2.5320","48.0825"
"157.0070","2.5324","48.0355"
"157.0270","2.5329","48.0450"
"157.0470","2.5333","48.0922"
"157.0670","2.5337","48.0331"
"157.0870","2.5340","48.0725"
"157.1070","2.5342","48.1156"
"157.1270","2.5345","48.1474"
"157.1470","2.5347","48.1006"
"157.1670","2.5351","48.0643"
"157.1870","2.5354","48.1226"
"157.2070","2.5358","48.1241"
"157.2270","2.5362","48.1067"
"157.2470","2.5366","48.1157"
"157.2670","2.5369","48.1398"
"157.2870","2.5372","48.0619"
"157.3070","2.5375","48.1215"
"157.3270","2.5378","48.2507"
"157.3470","2.5382","48.2035"
"157.3670","2.5387","48.1069"
"157.3870","2.5390","48.1291"
"157.4070","2.5394","48.1240"
"157.4270","2.5396","48.1180"
"157.4470","2.5399","48.1480"
"157.4670","2.5401","48.0983"
"157.4870","2.5404","48.1146"
"157.5070","2.5408","48.0965"
"157.5270","2.5411","48.0326"
"157.5470","2.5415","48.0837"
"157.5670","2.5419","48.0839"
"157.5870","2.5422","48.0890"
"157.6070","2.5425","48.1391"
"157.6270","2.5427","48.1622"
"157.6470","2.5430","48.0871"
"157.6670","2.5433","47.9400"
"157.6870","2.5437","47.9072"
"157.7070","2.5441","48.0029"
"157.7270","2.5446","48.1409"
"157.7470","2.5450","48.1113"
"157.7670","2.5454","48.1374"
"157.7870","2.5456","48.0709"
"157.8070","2.5458","48.0136"
"157.8270","2.5461","48.0177"
"157.8470","2.5464","48.0789"
"157.8670","2.5467","48.1724"
"157.8870","2.5471","48.1443"
"157.9070","2.5475","48.0765"
"157.9270","2.5479","48.1235"
"157.9470","2.5482","48.1760"
"157.9670","2.5485","48.1395"
"157.9870","2.5488","48.1369"
"158.0070","2.5491","48.1079"
"158.0270","2.5495","48.1213"
"158.0470","2.5499","48.1400"
"158.0670","2.5504","48.0969"
"158.0870","2.5507","48.0624"
"158.1070","2.5510","48.0544"
"158.1270","2.5513","48.1039"
"158.1470","2.5515","48.1919"
"158.1670","2.5518","48.2065"
"158.1870","2.5521","48.1879"
"158.2070","2.5524","48.1756"
"158.2270","2.5528","48.1201"
"158.2470","2.5532","48.0588"
"158.2670","2.5536","48.0522"
"158.2870","2.5539","48.0578"
"158.3070","2.5541","48.0717"
"158.3270","2.5544","48.1318"
"158.3470","2.5547","48.2177"
"158.3670","2.5550","48.2199"
"158.3870","2.5554","48.1375"
"158.4070","2.5559","48.0448"
"158.4270","2.5564","48.1467"
"158.4470","2.5567","48.1769"
"158.4670","2.5570","48.1834"
"158.4870","2.5572","48.1404"
"158.5070","2.5575","48.2423"
"158.5270","2.5577","48.2585"
"158.5470","2.5580","48.2250"
"158.5670","2.5584","48.2038"
"158.5870","2.5588","48.2032"
"158.6070","2.5592","48.2131"
"158.6270","2.5596","48.2517"
"158.6470","2.5599","48.2134"
"158.6670","2.5602","48.1957"
"158.6870","2.5605","48.1711"
"158.7070","2.5609","48.1727"
"158.7270","2.5613","48.2523"
"158.7470","2.5617","48.2988"
"158.7670","2.5621","48.2421"
"158.7870","2.5624","48.1957"
"158.8070","2.5626","48.1784"
"158.8270","2.5629","48.2009"
"158.8470","2.5631","48.2499"
"158.8670","2.5634","48.2202"
"158.8870","2.5637","48.2184"
"158.9070","2.5641","48.2830"
"158.9270","2.5645","48.2877"
"158.9470","2.5649","48.2010"
"158.9670","2.5652","48.1734"
"158.9870","2.5655","48.2098"
"159.0070","2.5658","48.2413"
"159.0270","2.5661","48.2546"
"159.0470","2.5664","48.2358"
"159.0670","2.5668","48.2722"
"159.0870","2.5672","48.2978"
"159.1070","2.5677","48.4052"
"159.1270","2.5681","48.3453"
"159.1470","2.5684","48.2945"
"159.1670","2.5687","48.3148"
"159.1870","2.5689","48.3307"
"159.2070","2.5691","48.4050"
"159.2270","2.5694","48.3835"
"159.2470","2.5698","48.2810"
"159.2670","2.5701","48.2279"
"159.2870","2.5705","48.2411"
"159.3070","2.5709","48.2545"
"159.3270","2.5712","48.3247"
"159.3470","2.5715","48.3332"
"159.3670","2.5718","48.3470"
"159.3870","2.5722","48.2775"
"159.4070","2.5726","48.2516"
"159.4270","2.5730","48.2262"
"159.4470","2.5734","48.2703"
"159.4670","2.5737","48.2565"
"159.4870","2.5740","48.2637"
"159.5070","2.5742","48.2819"
"159.5270","2.5745","48.3404"
"159.5470","2.5747","48.2851"
"159.5670","2.5751","48.3020"
"159.5870","2.5754","48.2884"
"159.6070","2.5758","48.3199"
"159.6270","2.5762","48.3238"
"159.6470","2.5766","48.2941"
"159.6670","2.5769","48.3169"
"159.6870","2.5771","48.3130"
"159.7070","2.5774","48.2801"
"159.7270","2.5777","48.3060"
"159.7470","2.5780","48.3341"
"159.7670","2.5785","48.2673"
"159.7870","2.5789","48.2321"
"159.8070","2.5794","48.1973"
"159.8270","2.5797","48.2280"
"159.8470","2.5800","48.2811"
"159.8670","2.5802","48.3839"
"159.8870","2.5805","48.4306"
"159.9070","2.5807","48.3438"
"159.9270","2.5811","48.2949"
"159.9470","2.5814","48.3775"
"159.9670","2.5818","48.4225"
"159.9870","2.5822","48.4218"
"160.0070","2.5825","48.4247"
"160.0270","2.5828","48.4129"
"160.0470","2.5832","48.4021"
"160.0670","2.5835","48.4370"
"160.0870","2.5839","48.3445"
"160.1070","2.5843","48.2780"
"160.1270","2.5847","48.2646"
"160.1470","2.5851","48.2962"
"160.1670","2.5854","48.3514"
"160.1870","2.5856","48.3835"
"160.2070","2.5859","48.3870"
"160.2270","2.5861","48.3701"
"160.2470","2.5864","48.3967"
"160.2670","2.5867","48.3846"
"160.2870","2.5871","48.4271"
"160.3070","2.5875","48.4044"
"160.3270","2.5879","48.4644"
"160.3470","2.5882","48.4879"
"160.3670","2.5885","48.4962"
"160.3870","2.5888","48.4868"
"160.4070","2.5890","48.3988"
"160.4270","2.5894","48.3257"
"160.4470","2.5898","48.3820"
"160.4670","2.5902","48.3219"
"160.4870","2.5907","48.3060"
"160.5070","2.5911","48.3284"
"160.5270","2.5914","48.3574"
"160.5470","2.5916","48.3883"
"160.5670","2.5918","48.3823"
"160.5870","2.5921","48.4236"
"160.6070","2.5924","48.4311"
"160.6270","2.5927","48.3709"
"160.6470","2.5931","48.3850"
"160.6670","2.5935","48.4699"
"160.6870","2.5938","48.4643"
"160.7070","2.5941","48.4702"
"160.7270","2.5944","48.4731"
"160.7470","2.5948","48.5282"
"160.7670","2.5951","48.5195"
"160.7870","2.5955","48.4001"
"160.8070","2.5960","48.3154"
"160.8270","2.5964","48.3920"
"160.8470","2.5967","48.4567"
"160.8670","2.5970","48.4141"
"160.8870","2.5972","48.4083"
"160.9070","2.5975","48.3598"
"160.9270","2.5978","48.3360"
"160.9470","2.5981","48.4339"
"160.9670","2.5984","48.5098"
"160.9870","2.5988","48.4207"
"161.0070","2.5992","48.2988"
"161.0270","2.5996","48.3722"
"161.0470","2.5999","48.4615"
"161.0670","2.6001","48.4009"
"161.0870","2.6004","48.3862"
"161.1070","2.6007","48.3969"
"161.1270","2.6011","48.4487"
"161.1470","2.6015","48.4683"
"161.1670","2.6020","48.4545"
"161.1870","2.6024","48.4585"
"161.2070","2.6028","48.5105"
"161.2270","2.6031","48.4681"
"161.2470","2.6033","48.4452"
"161.2670","2.6035","48.4485"
"161.2870","2.6037","48.5270"
"161.3070","2.6041","48.5320"
"161.3270","2.6044","48.4728"
"161.3470","2.6048","48.4276"
"161.3670","2.6052","48.4722"
"161.3870","2.6055","48.5620"
"161.4070","2.6058","48.4774"
"161.4270","2.6061","48.4663"
"161.4470","2.6065","48.4539"
"161.4670","2.6068","48.4505"
"161.4870","2.6073","48.4514"
"161.5070","2.6077","48.4396"
"161.5270","2.6081","48.4212"
"161.5470","2.6084","48.3981"
"161.5670","2.6086","48.4999"
"161.5870","2.6088","48.4810"
"161.6070","2.6091","48.4111"
"161.6270","2.6094","48.4018"
"161.6470","2.6097","48.4678"
"161.6670","2.6101","48.5041"
"161.6870","2.6105","48.4805"
"161.7070","2.6109","48.4489"
"161.7270","2.6112","48.4238"
"161.7470","2.6115","48.3861"
"161.7670","2.6117","48.4707"
"161.7870","2.6120","48.5590"
"161.8070","2.6124","48.3970"
"161.8270","2.6128","48.3359"
"161.8470","2.6132","48.3615"
"161.8670","2.6137","48.4191"
"161.8870","2.6141","48.5060"
"161.9070","2.6144","48.4886"
"161.9270","2.6146","48.4817"
"161.9470","2.6148","48.4770"
"161.9670","2.6151","48.4941"
"161.9870","2.6154","48.4275"
"162.0070","2.6157","48.4033"
"162.0270","2.6161","48.4411"
"162.0470","2.6165","48.4759"
"162.0670","2.6168","48.5521"
"162.0870","2.6172","48.5363"
"162.1070","2.6175","48.4433"
"162.1270","2.6178","48.3916"
"162.1470","2.6181","48.3918"
"162.1670","2.6186","48.3440"
"162.1870","2.6190","48.4430"
"162.2070","2.6194","48.5064"
"162.2270","2.6197","48.4805"
"162.2470","2.6200","48.4553"
"162.2670","2.6202","48.4975"
"162.2870","2.6205","48.4206"
"162.3070","2.6207","48.3818"
"162.3270","2.6211","48.3997"
"162.3470","2.6214","48.4014"
"162.3670","2.6218","48.3327"
"162.3870","2.6222","48.2980"
"162.4070","2.6225","48.3789"
"162.4270","2.6228","48.4086"
"162.4470","2.6231","48.3819"
"162.4670","2.6234","48.4706"
"162.4870","2.6237","48.4491"
"162.5070","2.6240","48.4484"
"162.5270","2.6245","48.4336"
"162.5470","2.6249","48.4531"
"162.5670","2.6254","48.4243"
"162.5870","2.6258","48.4859"
"162.6070","2.6260","48.5679"
"162.6270","2.6263","48.4963"
"162.6470","2.6265","48.3954"
"162.6670","2.6267","48.3213"
"162.6870","2.6270","48.4300"
"162.7070","2.6274","48.4682"
"162.7270","2.6278","48.4848"
"162.7470","2.6282","48.4829"
"162.7670","2.6285","48.4674"
"162.7870","2.6289","48.4718"
"162.8070","2.6292","48.4505"
"162.8270","2.6295","48.4405"
"162.8470","2.6299","48.3886"
"162.8670","2.6303","48.3237"
"162.8870","2.6307","48.3578"
"162.9070","2.6311","48.4370"
"162.9270","2.6314","48.5364"
"162.9470","2.6316","48.4963"
"162.9670","2.6318","48.3333"
"162.9870","2.6321","48.3794"
"163.0070","2.6324","48.3778"
"163.0270","2.6327","48.3707"
"163.0470","2.6331","48.4114"
"163.0670","2.6335","48.4366"
"163.0870","2.6339","48.4276"
"163.1070","2.6342","48.4299"
"163.1270","2.6345","48.3227"
"163.1470","2.6347","48.3369"
"163.1670","2.6350","48.3951"
"163.1870","2.6354","48.4071"
"163.2070","2.6358","48.3991"
"163.2270","2.6362","48.4226"
"163.2470","2.6367","48.5250"
"163.2670","2.6371","48.5087"
"163.2870","2.6374","48.4953"
"163.3070","2.6377","48.4562"
"163.3270","2.6379","48.3989"
"163.3470","2.6382","48.3982"
"163.3670","2.6384","48.4111"
"163.3870","2.6388","48.4239"
"163.4070","2.6391","48.4084"
"163.4270","2.6395","48.3421"
"163.4470","2.6399","48.3468"
"163.4670","2.6402","48.4633"
"163.4870","2.6405","48.5061"
"163.5070","2.6408","48.5158"
"163.5270","2.6412","48.5223"
"163.5470","2.6416","48.5332"
"163.5670","2.6420","48.4971"
"163.5870","2.6424","48.4448"
"163.6070","2.6427","48.3875"
"163.6270","2.6430","48.4516"
"163.6470","2.6432","48.4711"
"163.6670","2.6435","48.4993"
"163.6870","2.6437","48.5133"
"163.7070","2.6441","48.5575"
"163.7270","2.6444","48.5746"
"163.7470","2.6448","48.5758"
"163.7670","2.6452","48.6061"
"163.7870","2.6456","48.5750"
"163.8070","2.6459","48.4600"
"163.8270","2.6461","48.3560"
"163.8470","2.6464","48.3941"
"163.8670","2.6467","48.4850"
"163.8870","2.6471","48.4289"
"163.9070","2.6475","48.4402"
"163.9270","2.6480","48.4143"
"163.9470","2.6484","48.4732"
"163.9670","2.6488","48.4929"
"163.9870","2.6490","48.4085"
"164.0070","2.6492","48.4175"
"164.0270","2.6495","48.4738"
"164.0470","2.6498","48.4557"
"164.0670","2.6501","48.4424"
"164.0870","2.6504","48.4837"
"164.1070","2.6508","48.5106"
"164.1270","2.6512","48.5255"
"164.1470","2.6515","48.4520"
"164.1670","2.6518","48.4950"
"164.1870","2.6521","48.5271"
"164.2070","2.6525","48.5649"
"164.2270","2.6529","48.6089"
"164.2470","2.6533","48.5730"
"164.2670","2.6537","48.5376"
"164.2870","2.6540","48.4726"
"164.3070","2.6543","48.4605"
"164.3270","2.6546","48.5153"
"164.3470","2.6548","48.4747"
"164.3670","2.6551","48.4737"
"164.3870","2.6554","48.4564"
"164.4070","2.6557","48.4716"
"164.4270","2.6561","48.4703"
"164.4470","2.6565","48.4818"
"164.4670","2.6569","48.4667"
"164.4870","2.6572","48.4864"
"164.5070","2.6575","48.5177"
"164.5270","2.6578","48.5693"
"164.5470","2.6581","48.5041"
"164.5670","2.6584","48.5063"
"164.5870","2.6588","48.5715"
"164.6070","2.6592","48.5985"
"164.6270","2.6597","48.5668"
"164.6470","2.6601","48.5889"
"164.6670","2.6604","48.5945"
"164.6870","2.6606","48.6518"
"164.7070","2.6608","48.6929"
"164.7270","2.6611","48.6544"
"164.7470","2.6614","48.5313"
"164.7670","2.6617","48.5133"
"164.7870","2.6621","48.4818"
"164.8070","2.6625","48.4482"
"164.8270","2.6629","48.4641"
"164.8470","2.6632","48.5680"
"164.8670","2.6635","48.5410"
"164.8870","2.6639","48.5092"
"164.9070","2.6642","48.4773"
"164.9270","2.6646","48.5022"
"164.9470","2.6650","48.4927"
"164.9670","2.6654","48.4965"
"164.9870","2.6657","48.5715"
"165.0070","2.6659","48.6475"
"165.0270","2.6662","48.6498"
"165.0470","2.6664","48.5558"
"165.0670","2.6667","48.5642"
"165.0870","2.6670","48.5181"
"165.1070","2.6674","48.4172"
"165.1270","2.6678","48.4479"
"165.1470","2.6682","48.4898"
"165.1670","2.6685","48.5273"
"165.1870","2.6688","48.5758"
"165.2070","2.6691","48.5783"
"165.2270","2.6694","48.5843"
"165.2470","2.6697","48.5630"
"165.2670","2.6700","48.5157"
"165.2870","2.6705","48.4870"
"165.3070","2.6710","48.4608"
"165.3270","2.6714","48.5494"
"165.3470","2.6717","48.5330"
"165.3670","2.6720","48.5305"
"165.3870","2.6722","48.5134"
"165.4070","2.6725","48.5500"
"165.4270","2.6728","48.5770"
"165.4470","2.6731","48.4578"
"165.4670","2.6735","48.4055"
"165.4870","2.6739","48.4321"
"165.5070","2.6742","48.4524"
"165.5270","2.6746","48.4516"
"165.5470","2.6749","48.4730"
"165.5670","2.6752","48.4845"
"165.5870","2.6755","48.5150"
"165.6070","2.6759","48.5053"
"165.6270","2.6763","48.4231"
"165.6470","2.6767","48.3448"
"165.6670","2.6770","48.3474"
"165.6870","2.6773","48.3486"
"165.7070","2.6775","48.3661"
"165.7270","2.6778","48.3800"
"165.7470","2.6780","48.2871"
"165.7670","2.6783","48.2680"
"165.7870","2.6787","48.2324"
"165.8070","2.6791","48.2063"
"165.8270","2.6795","48.1682"
"165.8470","2.6798","48.2070"
"165.8670","2.6802","48.2498"
"165.8870","2.6804","48.2402"
"165.9070","2.6807","48.2676"
"165.9270","2.6810","48.3688"
"165.9470","2.6814","48.3905"
"165.9670","2.6818","48.3195"
"165.9870","2.6823","48.2746"
"166.0070","2.6828","48.1693"
"166.0270","2.6831","48.1429"
"166.0470","2.6834","48.1438"
"166.0670","2.6836","48.1529"
"166.0870","2.6838","48.0996"
"166.1070","2.6841","48.1167"
"166.1270","2.6844","48.0781"
"166.1470","2.6848","48.1291"
"166.1670","2.6852","48.1289"
"166.1870","2.6856","48.1753"
"166.2070","2.6859","48.1121"
"166.2270","2.6862","48.1305"
"166.2470","2.6865","48.1566"
"166.2670","2.6869","48.1495"
"166.2870","2.6872","48.0462"
"166.3070","2.6876","48.0761"
"166.3270","2.6880","48.1445"
"166.3470","2.6884","48.1067"
"166.3670","2.6887","48.1374"
"166.3870","2.6889","48.1921"
"166.4070","2.6892","48.1348"
"166.4270","2.6894","48.1337"
"166.4470","2.6897","48.1104"
"166.4670","2.6901","48.0908"
"166.4870","2.6904","48.1539"
"166.5070","2.6908","48.1647"
"166.5270","2.6912","48.1150"
"166.5470","2.6915","48.0215"
"166.5670","2.6918","48.0768"
"166.5870","2.6921","48.1598"
"166.6070","2.6924","48.1745"
"166.6270","2.6927","48.1160"
"166.6470","2.6931","48.0829"
"166.6670","2.6936","48.0275"
"166.6870","2.6941","48.0223"
"166.7070","2.6945","48.0648"
"166.7270","2.6947","48.1116"
"166.7470","2.6950","48.1539"
"166.7670","2.6952","48.1296"
"166.7870","2.6954","48.0915"
"166.8070","2.6957","48.0173"
"166.8270","2.6961","48.0083"
"166.8470","2.6964","48.0700"
"166.8670","2.6969","48.1155"
"166.8870","2.6972","48.1079"
"166.9070","2.6976","48.1125"
"166.9270","2.6979","48.0628"
"166.9470","2.6982","48.0695"
"166.9670","2.6986","48.0879"
"166.9870","2.6989","48.0653"
"167.0070","2.6993","48.1152"
"167.0270","2.6997","48.2230"
"167.0470","2.7000","48.2014"
"167.0670","2.7003","48.1243"
"167.0870","2.7006","48.0584"
"167.1070","2.7008","48.0788"
"167.1270","2.7011","48.0399"
"167.1470","2.7014","48.0009"
"167.1670","2.7018","48.0364"
"167.1870","2.7022","48.0162"
"167.2070","2.7025","48.0862"
"167.2270","2.7029","48.0788"
"167.2470","2.7032","48.0323"
"167.2670","2.7034","47.9771"
"167.2870","2.7037","48.0485"
"167.3070","2.7040","48.1605"
"167.3270","2.7044","48.1518"
"167.3470","2.7048","48.1006"
"167.3670","2.7053","48.0409"
"167.3870","2.7058","48.0298"
"167.4070","2.7061","48.0612"
"167.4270","2.7064","48.0435"
"167.4470","2.7066","48.0271"
"167.4670","2.7068","48.0489"
"167.4870","2.7071","48.0732"
"167.5070","2.7074","48.0013"
"167.5270","2.7078","47.9731"
"167.5470","2.7082","47.9273"
"167.5670","2.7086","47.9352"
"167.5870","2.7089","47.9854"
"167.6070","2.7093","47.9495"
"167.6270","2.7096","47.9563"
"167.6470","2.7099","48.0813"
"167.6670","2.7103","48.0258"
"167.6870","2.7106","47.9639"
"167.7070","2.7110","47.9118"
"167.7270","2.7113","47.8978"
"167.7470","2.7116","47.9663"
"167.7670","2.7119","48.0147"
"167.7870","2.7121","47.9301"
"167.8070","2.7124","47.8394"
"167.8270","2.7127","47.8830"
"167.8470","2.7130","47.9651"
"167.8670","2.7134","47.8860"
"167.8870","2.7138","47.8487"
"167.9070","2.7142","47.9018"
"167.9270","2.7145","47.8892"
"167.9470","2.7148","47.9220"
"167.9670","2.7150","47.8877"
"167.9870","2.7153","47.9208"
"168.0070","2.7157","47.9960"
"168.0270","2.7161","47.9393"
"168.0470","2.7165","47.8557"
"168.0670","2.7170","47.8646"
"168.0870","2.7175","47.8985"
"168.1070","2.7178","47.8721"
"168.1270","2.7180","47.9219"
"168.1470","2.7182","47.9023"
"168.1670","2.7185","47.9185"
"168.1870","2.7188","47.9008"
"168.2070","2.7191","47.8392"
"168.2270","2.7195","47.8610"
"168.2470","2.7199","47.8953"
"168.2670","2.7202","47.9294"
"168.2870","2.7206","47.9339"
"168.3070","2.7209","47.8924"
"168.3270","2.7212","47.8196"
"168.3470","2.7215","47.8343"
"168.3670","2.7219","47.9195"
"168.3870","2.7223","47.9362"
"168.4070","2.7226","47.9005"
"168.4270","2.7230","47.9059"
"168.4470","2.7233","47.9246"
"168.4670","2.7235","47.8316"
"168.4870","2.7238","47.7788"
"168.5070","2.7241","47.8304"
"168.5270","2.7244","47.8517"
"168.5470","2.7248","47.8559"
"168.5670","2.7251","47.8819"
"168.5870","2.7255","47.9325"
"168.6070","2.7258","47.8260"
"168.6270","2.7261","47.8444"
"168.6470","2.7264","47.8927"
"168.6670","2.7267","47.8454"
"168.6870","2.7270","47.7697"
"168.7070","2.7274","47.7587"
"168.7270","2.7278","47.7965"
"168.7470","2.7283","47.7990"
"168.7670","2.7287","47.7171"
"168.7870","2.7291","47.7121"
"168.8070","2.7293","47.7060"
"168.8270","2.7295","47.7551"
"168.8470","2.7298","47.7940"
"168.8670","2.7301","47.8180"
"168.8870","2.7304","47.7119"
"168.9070","2.7308","47.7271"
"168.9270","2.7312","47.6950"
"168.9470","2.7315","47.6680"
"168.9670","2.7319","47.6815"
"168.9870","2.7322","47.5872"
"169.0070","2.7325","47.5896"
"169.0270","2.7328","47.6013"
"169.0470","2.7332","47.5999"
"169.0670","2.7336","47.5337"
"169.0870","2.7340","47.4476"
"169.1070","2.7344","47.4778"
"169.1270","2.7347","47.5052"
"169.1470","2.7349","47.3996"
"169.1670","2.7352","47.4478"
"169.1870","2.7354","47.5643"
"169.2070","2.7358","47.5482"
"169.2270","2.7361","47.4453"
"169.2470","2.7365","47.3696"
"169.2670","2.7369","47.3738"
"169.2870","2.7372","47.4588"
"169.3070","2.7375","47.4895"
"169.3270","2.7378","47.4302"
"169.3470","2.7381","47.3982"
"169.3670","2.7384","47.3767"
"169.3870","2.7387","47.4655"
"169.4070","2.7391","47.4408"
"169.4270","2.7396","47.3697"
"169.4470","2.7400","47.3995"
"169.4670","2.7404","47.3645"
"169.4870","2.7407","47.2997"
"169.5070","2.7409","47.3184"
"169.5270","2.7411","47.3503"
"169.5470","2.7414","47.3380"
"169.5670","2.7417","47.3752"
"169.5870","2.7421","47.2931"
"169.6070","2.7425","47.2136"
"169.6270","2.7429","47.2331"
"169.6470","2.7432","47.3378"
"169.6670","2.7435","47.3794"
"169.6870","2.7438","47.3529"
"169.7070","2.7442","47.3075"
"169.7270","2.7445","47.3266"
"169.7470","2.7450","47.2583"
"169.7670","2.7454","47.2924"
"169.7870","2.7458","47.3132"
"169.8070","2.7461","47.2438"
"169.8270","2.7463","47.2611"
"169.8470","2.7465","47.2922"
"169.8670","2.7468","47.2611"
"169.8870","2.7471","47.2404"
"169.9070","2.7474","47.2493"
"169.9270","2.7478","47.3010"
"169.9470","2.7482","47.2900"
"169.9670","2.7485","47.3156"
"169.9870","2.7488","47.2489"
"170.0070","2.7491","47.2338"
"170.0270","2.7494","47.2278"
"170.0470","2.7497","47.1591"
"170.0670","2.7500","47.1351"
"170.0870","2.7504","47.1711"
"170.1070","2.7508","47.1954"
"170.1270","2.7513","47.1746"
"170.1470","2.7517","47.1737"
"170.1670","2.7521","47.1896"
"170.1870","2.7523","47.1606"
"170.2070","2.7525","47.0851"
"170.2270","2.7528","47.0580"
"170.2470","2.7531","47.0786"
"170.2670","2.7535","47.0880"
"170.2870","2.7539","47.1982"
"170.3070","2.7543","47.1694"
"170.3270","2.7546","47.1408"
"170.3470","2.7549","47.1266"
"170.3670","2.7552","47.1552"
"170.3870","2.7555","47.1609"
"170.4070","2.7559","47.1998"
"170.4270","2.7562","47.0598"
"170.4470","2.7567","47.0530"
"170.4670","2.7571","47.1571"
"170.4870","2.7574","47.1250"
"170.5070","2.7577","47.0175"
"170.5270","2.7579","46.9478"
"170.5470","2.7582","47.0116"
"170.5670","2.7584","47.0221"
"170.5870","2.7587","46.9778"
"170.6070","2.7591","47.0015"
"170.6270","2.7595","47.0679"
"170.6470","2.7598","47.0447"
"170.6670","2.7602","47.1168"
"170.6870","2.7605","47.0284"
"170.7070","2.7607","47.0174"
"170.7270","2.7610","47.0784"
"170.7470","2.7613","47.0540"
"170.7670","2.7616","46.9493"
"170.7870","2.7621","46.9774"
"170.8070","2.7626","47.0311"
"170.8270","2.7631","46.9928"
"170.8470","2.7634","47.0144"
"170.8670","2.7637","47.0336"
"170.8870","2.7639","46.9902"
"170.9070","2.7642","46.9430"
"170.9270","2.7644","46.8898"
"170.9470","2.7648","46.9537"
"170.9670","2.7651","46.9097"
"170.9870","2.7655","46.8686"
"171.0070","2.7659","46.7951"
"171.0270","2.7662","46.7616"
"171.0470","2.7665","46.9218"
"171.0670","2.7668","46.9626"
"171.0870","2.7671","46.7994"
"171.1070","2.7675","46.8153"
"171.1270","2.7679","46.8438"
"171.1470","2.7683","46.8013"
"171.1670","2.7687","46.7784"
"171.1870","2.7690","46.7747"
"171.2070","2.7693","46.7875"
"171.2270","2.7695","46.6715"
"171.2470","2.7698","46.6219"
"171.2670","2.7701","46.6818"
"171.2870","2.7704","46.7688"
"171.3070","2.7708","46.7950"
"171.3270","2.7712","46.8421"
"171.3470","2.7716","46.7812"
"171.3670","2.7719","46.6740"
"171.3870","2.7722","46.6297"
"171.4070","2.7724","46.6714"
"171.4270","2.7727","46.6374"
"171.4470","2.7730","46.6632"
"171.4670","2.7734","46.6720"
"171.4870","2.7739","46.7146"
"171.5070","2.7743","46.7015"
"171.5270","2.7747","46.6786"
"171.5470","2.7750","46.6388"
"171.5670","2.7752","46.6487"
"171.5870","2.7755","46.7071"
"171.6070","2.7758","46.7917"
"171.6270","2.7761","46.7007"
"171.6470","2.7764","46.6600"
"171.6670","2.7768","46.6611"
"171.6870","2.7772","46.7253"
"171.7070","2.7776","46.7118"
"171.7270","2.7779","46.6902"
"171.7470","2.7782","46.6258"
"171.7670","2.7785","46.5685"
"171.7870","2.7788","46.5730"
"171.8070","2.7792","46.5829"
"171.8270","2.7796","46.5781"
"171.8470","2.7800","46.5725"
"171.8670","2.7804","46.6104"
"171.8870","2.7807","46.5998"
"171.9070","2.7809","46.5835"
"171.9270","2.7812","46.4568"
"171.9470","2.7815","46.4428"
"171.9670","2.7818","46.4940"
"171.9870","2.7821","46.5920"
"172.0070","2.7825","46.6298"
"172.0270","2.7829","46.5771"
"172.0470","2.7832","46.5618"
"172.0670","2.7835","46.5269"
"172.0870","2.7837","46.4894"
"172.1070","2.7840","46.4568"
"172.1270","2.7843","46.4015"
"172.1470","2.7847","46.3797"
"172.1670","2.7851","46.3935"
"172.1870","2.7856","46.3650"
"172.2070","2.7860","46.4472"
"172.2270","2.7864","46.4011"
"172.2470","2.7866","46.3501"
"172.2670","2.7869","46.4393"
"172.2870","2.7871","46.3771"
"172.3070","2.7874","46.3315"
"172.3270","2.7877","46.2369"
"172.3470","2.7881","46.2829"
"172.3670","2.7885","46.3161"
"172.3870","2.7889","46.2337"
"172.4070","2.7892","46.1569"
"172.4270","2.7895","46.0803"
"172.4470","2.7898","46.0993"
"172.4670","2.7902","46.2072"
"172.4870","2.7905","46.1735"
"172.5070","2.7909","46.1872"
"172.5270","2.7913","46.1938"
"172.5470","2.7917","46.0873"
"172.5670","2.7920","45.9897"
"172.5870","2.7923","45.9501"
"172.6070","2.7925","46.1115"
"172.6270","2.7928","46.1536"
"172.6470","2.7931","46.0184"
"172.6670","2.7934","45.9059"
"172.6870","2.7938","45.8704"
"172.7070","2.7942","45.9824"
"172.7270","2.7946","46.0085"
"172.7470","2.7949","45.9490"
"172.7670","2.7951","45.9397"
"172.7870","2.7954","45.9309"
"172.8070","2.7957","45.9600"
"172.8270","2.7960","45.9365"
"172.8470","2.7964","45.8334"
"172.8670","2.7969","45.7537"
"172.8870","2.7973","45.7111"
"172.9070","2.7977","45.8058"
"172.9270","2.7980","45.9248"
"172.9470","2.7983","45.8050"
"172.9670","2.7985","45.7590"
"172.9870","2.7988","45.7216"
"173.0070","2.7991","45.7952"
"173.0270","2.7994","45.8084"
"173.0470","2.7998","45.8238"
"173.0670","2.8002","45.8635"
"173.0870","2.8005","45.7975"
"173.1070","2.8009","45.7927"
"173.1270","2.8011","45.8886"
"173.1470","2.8015","45.8416"
"173.1670","2.8018","45.8177"
"173.1870","2.8022","45.8198"
"173.2070","2.8026","45.8059"
"173.2270","2.8030","45.7383"
"173.2470","2.8034","45.8702"
"173.2670","2.8036","45.9602"
"173.2870","2.8039","45.8636"
"173.3070","2.8041","45.7012"
"173.3270","2.8044","45.6978"
"173.3470","2.8047","45.7865"
"173.3670","2.8051","45.8036"
"173.3870","2.8055","45.7949"
"173.4070","2.8059","45.7367"
"173.4270","2.8062","45.7666"
"173.4470","2.8065","45.8329"
"173.4670","2.8068","45.8094"
"173.4870","2.8071","45.7722"
"173.5070","2.8074","45.8399"
"173.5270","2.8078","45.8636"
"173.5470","2.8082","45.8361"
"173.5670","2.8087","45.7986"
"173.5870","2.8091","45.8351"
"173.6070","2.8094","45.8829"
"173.6270","2.8097","45.7775"
"173.6470","2.8099","45.6989"
"173.6670","2.8101","45.7154"
"173.6870","2.8104","45.7659"
"173.7070","2.8107","45.8218"
"173.7270","2.8111","45.7847"
"173.7470","2.8115","45.7736"
"173.7670","2.8119","45.8091"
"173.7870","2.8122","45.8135"
"173.8070","2.8125","45.8441"
"173.8270","2.8128","45.8431"
"173.8470","2.8131","45.7966"
"173.8670","2.8135","45.8751"
"173.8870","2.8140","45.8692"
"173.9070","2.8144","45.8242"
"173.9270","2.8147","45.8207"
"173.9470","2.8150","45.8502"
"173.9670","2.8153","45.7769"
"173.9870","2.8155","45.7856"
"174.0070","2.8158","45.8409"
"174.0270","2.8161","45.8610"
"174.0470","2.8165","45.8825"
"174.0670","2.8169","45.9029"
"174.0870","2.8172","45.8623"
"174.1070","2.8176","45.9004"
"174.1270","2.8179","45.9571"
"174.1470","2.8182","45.8985"
"174.1670","2.8184","45.8651"
"174.1870","2.8187","45.7790"
"174.2070","2.8190","45.8289"
"174.2270","2.8194","45.9042"
"174.2470","2.8199","45.8703"
"174.2670","2.8204","45.8108"
"174.2870","2.8207","45.8259"
"174.3070","2.8210","45.8985"
"174.3270","2.8213","45.9314"
"174.3470","2.8215","45.9040"
"174.3670","2.8218","45.8516"
"174.3870","2.8221","45.7810"
"174.4070","2.8224","45.8345"
"174.4270","2.8228","45.8706"
"174.4470","2.8232","45.8982"
"174.4670","2.8235","45.8736"
"174.4870","2.8239","45.8946"
"174.5070","2.8242","45.8915"
"174.5270","2.8245","45.8589"
"174.5470","2.8249","45.7753"
"174.5670","2.8253","45.7340"
"174.5870","2.8257","45.8105"
"174.6070","2.8261","45.8910"
"174.6270","2.8264","45.9301"
"174.6470","2.8266","45.8152"
"174.6670","2.8269","45.8197"
"174.6870","2.8271","45.8134"
"174.7070","2.8274","45.8253"
"174.7270","2.8277","45.8761"
"174.7470","2.8281","45.8671"
"174.7670","2.8285","45.8066"
"174.7870","2.8289","45.7943"
"174.8070","2.8292","45.7805"
"174.8270","2.8295","45.8098"
"174.8470","2.8298","45.7897"
"174.8670","2.8300","45.8526"
"174.8870","2.8304","45.8692"
"174.9070","2.8307","45.8939"
"174.9270","2.8312","45.9055"
"174.9470","2.8317","45.8575"
"174.9670","2.8321","45.9028"
"174.9870","2.8324","45.9298"
"175.0070","2.8326","45.9407"
"175.0270","2.8329","45.8938"
"175.0470","2.8331","45.9174"
"175.0670","2.8334","45.9667"
"175.0870","2.8337","45.8943"
"175.1070","2.8341","45.8522"
"175.1270","2.8345","45.8971"
"175.1470","2.8348","45.9474"
"175.1670","2.8352","45.8400"
"175.1870","2.8355","45.7369"
"175.2070","2.8358","45.7400"
"175.2270","2.8361","45.8452"
"175.2470","2.8365","45.8912"
"175.2670","2.8370","45.9020"
"175.2870","2.8374","45.9463"
"175.3070","2.8377","45.9232"
"175.3270","2.8380","45.8744"
"175.3470","2.8383","45.9311"
"175.3670","2.8385","45.9449"
"175.3870","2.8388","45.9507"
"175.4070","2.8391","45.9905"
"175.4270","2.8394","45.9062"
"175.4470","2.8398","45.9227"
"175.4670","2.8402","45.9567"
"175.4870","2.8406","45.9359"
"175.5070","2.8409","45.8921"
"175.5270","2.8411","45.9125"
"175.5470","2.8414","46.0050"
"175.5670","2.8417","45.9616"
"175.5870","2.8420","46.0066"
"175.6070","2.8425","45.9248"
"175.6270","2.8429","45.8168"
"175.6470","2.8434","45.8826"
"175.6670","2.8438","45.9562"
"175.6870","2.8441","45.8213"
"175.7070","2.8443","45.8092"
"175.7270","2.8445","45.8653"
"175.7470","2.8448","45.8297"
"175.7670","2.8451","45.7850"
"175.7870","2.8454","45.8266"
"175.8070","2.8458","45.9247"
"175.8270","2.8461","45.9328"
"175.8470","2.8465","45.8543"
"175.8670","2.8468","45.8360"
"175.8870","2.8471","45.8070"
"175.9070","2.8475","45.8918"
"175.9270","2.8478","45.8362"
"175.9470","2.8482","45.8987"
"175.9670","2.8487","45.9671"
"175.9870","2.8490","45.9586"
"176.0070","2.8494","45.8775"
"176.0270","2.8496","45.9460"
"176.0470","2.8499","46.0055"
"176.0670","2.8501","45.9958"
"176.0870","2.8504","45.9686"
"176.1070","2.8507","45.8450"
"176.1270","2.8511","45.8700"
"176.1470","2.8515","45.8107"
"176.1670","2.8519","45.8144"
"176.1870","2.8522","45.8633"
"176.2070","2.8525","45.9283"
"176.2270","2.8528","45.8975"
"176.2470","2.8530","45.8794"
"176.2670","2.8534","45.9271"
"176.2870","2.8537","45.9204"
"176.3070","2.8542","45.8769"
"176.3270","2.8547","45.8643"
"176.3470","2.8551","45.8995"
"176.3670","2.8554","45.8835"
"176.3870","2.8557","45.9297"
"176.4070","2.8559","45.8964"
"176.4270","2.8561","45.8694"
"176.4470","2.8564","45.9049"
"176.4670","2.8567","45.8519"
"176.4870","2.8571","45.7697"
"176.5070","2.8575","45.7478"
"176.5270","2.8578","45.8423"
"176.5470","2.8582","45.9300"
"176.5670","2.8585","45.8775"
"176.5870","2.8588","45.7999"
"176.6070","2.8591","45.8092"
"176.6270","2.8595","45.8035"
"176.6470","2.8599","45.7055"
"176.6670","2.8603","45.7541"
"176.6870","2.8607","45.7514"
"176.7070","2.8610","45.7058"
"176.7270","2.8612","45.8271"
"176.7470","2.8615","45.8686"
"176.7670","2.8617","45.9000"
"176.7870","2.8620","45.7798"
"176.8070","2.8624","45.7737"
"176.8270","2.8628","45.8462"
"176.8470","2.8632","45.7930"
"176.8670","2.8635","45.7808"
"176.8870","2.8639","45.8917"
"176.9070","2.8641","45.9184"
"176.9270","2.8644","45.9763"
"176.9470","2.8647","45.9299"
"176.9670","2.8650","45.8270"
"176.9870","2.8654","45.7793"
"177.0070","2.8659","45.8219"
"177.0270","2.8664","45.8896"
"177.0470","2.8668","45.8634"
"177.0670","2.8670","45.7401"
"177.0870","2.8673","45.7420"
"177.1070","2.8675","45.6992"
"177.1270","2.8678","45.6429"
"177.1470","2.8680","45.7096"
"177.1670","2.8684","45.8781"
"177.1870","2.8688","45.8958"
"177.2070","2.8692","45.8093"
"177.2270","2.8695","45.7899"
"177.2470","2.8699","45.8604"
"177.2670","2.8702","45.8447"
"177.2870","2.8705","45.7959"
"177.3070","2.8709","45.7538"
"177.3270","2.8713","45.7929"
"177.3470","2.8717","45.8980"
"177.3670","2.8721","45.8531"
"177.3870","2.8724","45.7659"
"177.4070","2.8726","45.7062"
"177.4270","2.8729","45.7523"
"177.4470","2.8731","45.7706"
"177.4670","2.8734","45.7674"
"177.4870","2.8737","45.7470"
"177.5070","2.8741","45.8270"
"177.5270","2.8745","45.8205"
"177.5470","2.8749","45.8178"
"177.5670","2.8752","45.6889"
"177.5870","2.8755","45.6477"
"177.6070","2.8758","45.7195"
"177.6270","2.8760","45.8260"
"177.6470","2.8764","45.7825"
"177.6670","2.8767","45.7296"
"177.6870","2.8772","45.7407"
"177.7070","2.8777","45.7282"
"177.7270","2.8781","45.7981"
"177.7470","2.8785","45.7597"
"177.7670","2.8787","45.6744"
"177.7870","2.8789","45.7178"
"177.8070","2.8792","45.6827"
"177.8270","2.8795","45.7146"
"177.8470","2.8798","45.7423"
"177.8670","2.8801","45.7475"
"177.8870","2.8805","45.7187"
"177.9070","2.8809","45.6685"
"177.9270","2.8812","45.6963"
"177.9470","2.8815","45.6466"
"177.9670","2.8818","45.5825"
"177.9870","2.8822","45.6160"
"178.0070","2.8826","45.6755"
"178.0270","2.8830","45.7102"
"178.0470","2.8834","45.7557"
"178.0670","2.8837","45.6882"
"178.0870","2.8840","45.6912"
"178.1070","2.8842","45.6903"
"178.1270","2.8845","45.6675"
"178.1470","2.8847","45.5537"
"178.1670","2.8851","45.5411"
"178.1870","2.8854","45.6063"
"178.2070","2.8858","45.6643"
"178.2270","2.8862","45.7071"
"178.2470","2.8866","45.6633"
"178.2670","2.8869","45.6781"
"178.2870","2.8871","45.6700"
"178.3070","2.8874","45.6578"
"178.3270","2.8877","45.6652"
"178.3470","2.8881","45.5932"
"178.3670","2.8885","45.5771"
"178.3870","2.8890","45.6279"
"178.4070","2.8894","45.6868"
"178.4270","2.8898","45.7303"
"178.4470","2.8900","45.6649"
"178.4670","2.8903","45.5805"
"178.4870","2.8905","45.6633"
"178.5070","2.8908","45.7255"
"178.5270","2.8911","45.7356"
"178.5470","2.8914","45.6887"
"178.5670","2.8918","45.6650"
"178.5870","2.8922","45.6137"
"178.6070","2.8925","45.5943"
"178.6270","2.8928","45.6294"
"178.6470","2.8931","45.7175"
"178.6670","2.8935","45.7123"
"178.6870","2.8938","45.6193"
"178.7070","2.8942","45.5983"
"178.7270","2.8946","45.6145"
"178.7470","2.8950","45.7649"
"178.7670","2.8953","45.7811"
"178.7870","2.8956","45.7367"
"178.8070","2.8958","45.6635"
"178.8270","2.8961","45.6435"
"178.8470","2.8964","45.6446"
"178.8670","2.8967","45.6032"
"178.8870","2.8971","45.5887"
"178.9070","2.8975","45.6769"
"178.9270","2.8979","45.7106"
"178.9470","2.8982","45.6588"
"178.9670","2.8985","45.6344"
"178.9870","2.8988","45.5618"
"179.0070","2.8991","45.5980"
"179.0270","2.8994","45.6163"
"179.0470","2.8998","45.5690"
"179.0670","2.9002","45.5274"
"179.0870","2.9007","45.6061"
"179.1070","2.9011","45.5994"
"179.1270","2.9014","45.5897"
"179.1470","2.9016","45.5419"
"179.1670","2.9018","45.5654"
"179.1870","2.9021","45.6262"
"179.2070","2.9024","45.6161"
"179.2270","2.9027","45.6031"
"179.2470","2.9031","45.5685"
"179.2670","2.9035","45.6211"
"179.2870","2.9038","45.6213"
"179.3070","2.9042","45.6671"
"179.3270","2.9045","45.5991"
"179.3470","2.9048","45.5983"
"179.3670","2.9052","45.6063"
"179.3870","2.9056","45.5818"
"179.4070","2.9060","45.5288"
"179.4270","2.9064","45.5160"
"179.4470","2.9067","45.5676"
"179.4670","2.9070","45.6241"
"179.4870","2.9072","45.5709"
"179.5070","2.9074","45.5975"
"179.5270","2.9077","45.6553"
"179.5470","2.9080","45.6831"
"179.5670","2.9084","45.7024"
"179.5870","2.9088","45.6698"
"179.6070","2.9092","45.6700"
"179.6270","2.9095","45.6880"
"179.6470","2.9099","45.5714"
"179.6670","2.9101","45.5236"
"179.6870","2.9104","45.5869"
"179.7070","2.9107","45.6080"
"179.7270","2.9111","45.6350"
"179.7470","2.9115","45.5518"
"179.7670","2.9120","45.5510"
"179.7870","2.9124","45.6271"
"179.8070","2.9128","45.6294"
"179.8270","2.9130","45.6460"
"179.8470","2.9132","45.6656"
"179.8670","2.9135","45.6792"
"179.8870","2.9138","45.6625"
"179.9070","2.9141","45.6561"
"179.9270","2.9145","45.6766"
"179.9470","2.9148","45.6424"
"179.9670","2.9152","45.5800"
"179.9870","2.9155","45.5471"
"180.0070","2.9159","45.4318"
"180.0270","2.9162","45.4729"
"180.0470","2.9165","45.5822"
"180.0670","2.9169","45.6399"
"180.0870","2.9173","45.5888"
"180.1070","2.9177","45.5676"
"180.1270","2.9180","45.5702"
"180.1470","2.9183","45.6520"
"180.1670","2.9186","45.7441"
"180.1870","2.9188","45.7517"
"180.2070","2.9191","45.7315"
"180.2270","2.9194","45.6361"
"180.2470","2.9197","45.5925"
"180.2670","2.9201","45.5979"
"180.2870","2.9205","45.6107"
"180.3070","2.9209","45.6725"
"180.3270","2.9212","45.6795"
"180.3470","2.9215","45.6830"
"180.3670","2.9217","45.6963"
"180.3870","2.9220","45.8254"
"180.4070","2.9224","45.7094"
"180.4270","2.9228","45.5867"
"180.4470","2.9233","45.6020"
"180.4670","2.9238","45.5875"
"180.4870","2.9241","45.6360"
"180.5070","2.9244","45.6417"
"180.5270","2.9246","45.6227"
"180.5470","2.9249","45.6482"
"180.5670","2.9251","45.6096"
"180.5870","2.9254","45.5346"
"180.6070","2.9258","45.5518"
"180.6270","2.9262","45.6037"
"180.6470","2.9265","45.6449"
"180.6670","2.9269","45.6130"
"180.6870","2.9272","45.5900"
"180.7070","2.9275","45.6087"
"180.7270","2.9279","45.5738"
"180.7470","2.9282","45.5039"
"180.7670","2.9286","45.5728"
"180.7870","2.9290","45.5977"
"180.8070","2.9294","45.5653"
"180.8270","2.9297","45.4848"
"180.8470","2.9299","45.5301"
"180.8670","2.9302","45.5117"
"180.8870","2.9304","45.5610"
"180.9070","2.9307","45.6066"
"180.9270","2.9311","45.6384"
"180.9470","2.9314","45.6310"
"180.9670","2.9318","45.5826"
"180.9870","2.9322","45.5302"
"181.0070","2.9325","45.6076"
"181.0270","2.9328","45.6464"
"181.0470","2.9331","45.6239"
"181.0670","2.9334","45.6886"
"181.0870","2.9337","45.7091"
"181.1070","2.9341","45.6561"
"181.1270","2.9346","45.6764"
"181.1470","2.9350","45.6782"
"181.1670","2.9355","45.7051"
"181.1870","2.9358","45.7427"
"181.2070","2.9360","45.7235"
"181.2270","2.9362","45.6519"
"181.2470","2.9364","45.5878"
"181.2670","2.9367","45.6438"
"181.2870","2.9371","45.6486"
"181.3070","2.9374","45.6705"
"181.3270","2.9378","45.7141"
"181.3470","2.9382","45.6757"
"181.3670","2.9386","45.7172"
"181.3870","2.9389","45.6577"
"181.4070","2.9392","45.6689"
"181.4270","2.9395","45.6836"
"181.4470","2.9399","45.7190"
"181.4670","2.9403","45.7855"
"181.4870","2.9406","45.7898"
"181.5070","2.9410","45.6186"
"181.5270","2.9413","45.5463"
"181.5470","2.9415","45.5753"
"181.5670","2.9418","45.6784"
"181.5870","2.9421","45.7080"
"181.6070","2.9424","45.6650"
"181.6270","2.9427","45.6313"
"181.6470","2.9431","45.6771"
"181.6670","2.9435","45.5887"
"181.6870","2.9439","45.6899"
"181.7070","2.9442","45.7389"
"181.7270","2.9444","45.7375"
"181.7470","2.9447","45.6814"
"181.7670","2.9450","45.5797"
"181.7870","2.9454","45.5892"
"181.8070","2.9458","45.6677"
"181.8270","2.9463","45.7165"
"181.8470","2.9468","45.6955"
"181.8670","2.9471","45.6617"
"181.8870","2.9474","45.6907"
"181.9070","2.9476","45.7309"
"181.9270","2.9478","45.7370"
"181.9470","2.9481","45.6914"
"181.9670","2.9484","45.7261"
"181.9870","2.9488","45.7448"
"182.0070","2.9492","45.6256"
"182.0270","2.9496","45.6353"
"182.0470","2.9499","45.6238"
"182.0670","2.9503","45.5926"
"182.0870","2.9506","45.6328"
"182.1070","2.9509","45.7133"
"182.1270","2.9512","45.6940"
"182.1470","2.9516","45.6555"
"182.1670","2.9520","45.7068"
"182.1870","2.9523","45.6801"
"182.2070","2.9526","45.6851"
"182.2270","2.9529","45.6878"
"182.2470","2.9532","45.7527"
"182.2670","2.9533","45.7415"
"182.2870","2.9533","45.7245"
"182.3070","2.9533","45.7274"
"182.3270","2.9532","45.6629"
"182.3470","2.9531","45.6545"
"182.3670","2.9528","45.6885"
"182.3870","2.9526","45.6869"
"182.4070","2.9524","45.6588"
"182.4270","2.9523","45.6482"
"182.4470","2.9521","45.6742"
"182.4670","2.9518","45.6081"
"182.4870","2.9515","45.5779"
"182.5070","2.9511","45.5980"
"182.5270","2.9507","45.6014"
"182.5470","2.9502","45.5854"
"182.5670","2.9499","45.5216"
"182.5870","2.9495","45.5547"
"182.6070","2.9492","45.5764"
"182.6270","2.9489","45.5610"
"182.6470","2.9485","45.5359"
"182.6670","2.9481","45.4922"
"182.6870","2.9478","45.4097"
"182.7070","2.9474","45.3694"
"182.7270","2.9472","45.3331"
"182.7470","2.9469","45.4163"
"182.7670","2.9466","45.4633"
"182.7870","2.9463","45.4384"
"182.8070","2.9459","45.4041"
"182.8270","2.9454","45.4337"
"182.8470","2.9449","45.4939"
"182.8670","2.9445","45.4339"
"182.8870","2.9442","45.3719"
"182.9070","2.9439","45.3035"
"182.9270","2.9437","45.3190"
"182.9470","2.9434","45.3890"
"182.9670","2.9431","45.3576"
"182.9870","2.9427","45.2757"
"183.0070","2.9423","45.3316"
"183.0270","2.9419","45.4083"
"183.0470","2.9415","45.3239"
"183.0670","2.9412","45.1724"
"183.0870","2.9409","45.1804"
"183.1070","2.9406","45.2397"
"183.1270","2.9403","45.2296"
"183.1470","2.9400","45.2224"
"183.1670","2.9395","45.2668"
"183.1870","2.9391","45.2063"
"183.2070","2.9387","45.1394"
"183.2270","2.9383","45.0994"
"183.2470","2.9380","45.1708"
"183.2670","2.9377","45.1056"
"183.2870","2.9374","45.0045"
"183.3070","2.9371","45.1161"
"183.3270","2.9368","45.1866"
"183.3470","2.9364","45.1360"
"183.3670","2.9361","45.0831"
"183.3870","2.9358","45.0500"
"183.4070","2.9356","45.0519"
"183.4270","2.9353","45.1661"
"183.4470","2.9350","45.1726"
"183.4670","2.9347","45.0909"
"183.4870","2.9343","45.0846"
"183.5070","2.9338","45.0535"
"183.5270","2.9334","44.9846"
"183.5470","2.9330","44.9645"
"183.5670","2.9327","44.9822"
"183.5870","2.9324","45.0076"
"183.6070","2.9322","45.0436"
"183.6270","2.9320","44.9850"
"183.6470","2.9316","44.9492"
"183.6670","2.9313","44.9430"
"183.6870","2.9309","44.9060"
"183.7070","2.9305","44.8618"
"183.7270","2.9302","44.8939"
"183.7470","2.9299","44.9064"
"183.7670","2.9296","44.8591"
"183.7870","2.9293","44.8019"
"183.8070","2.9290","44.8129"
"183.8270","2.9287","44.8675"
"183.8470","2.9283","44.8502"
"183.8670","2.9279","44.8863"
"183.8870","2.9275","44.8488"
"183.9070","2.9271","44.7315"
"183.9270","2.9268","44.7661"
"183.9470","2.9265","44.8148"
"183.9670","2.9262","44.8270"
"183.9870","2.9259","44.8542"
"184.0070","2.9255","44.8324"
"184.0270","2.9252","44.8039"
"184.0470","2.9248","44.7214"
"184.0670","2.9245","44.7714"
"184.0870","2.9242","44.7902"
"184.1070","2.9240","44.7014"
"184.1270","2.9237","44.6748"
"184.1470","2.9234","44.7370"
"184.1670","2.9230","44.7054"
"184.1870","2.9225","44.7808"
"184.2070","2.9221","44.7050"
"184.2270","2.9216","44.6012"
"184.2470","2.9213","44.6245"
"184.2670","2.9211","44.6489"
"184.2870","2.9208","44.6519"
"184.3070","2.9206","44.6754"
"184.3270","2.9203","44.6561"
"184.3470","2.9200","44.5871"
"184.3670","2.9196","44.6178"
"184.3870","2.9193","44.6738"
"184.4070","2.9189","44.6796"
"184.4270","2.9185","44.6772"
"184.4470","2.9182","44.6716"
"184.4670","2.9180","44.6630"
"184.4870","2.9177","44.6481"
"184.5070","2.9174","44.5850"
"184.5270","2.9170","44.5956"
"184.5470","2.9166","44.5517"
"184.5670","2.9162","44.5433"
"184.5870","2.9158","44.5499"
"184.6070","2.9154","44.5036"
"184.6270","2.9151","44.4902"
"184.6470","2.9148","44.5377"
"184.6670","2.9145","44.5190"
"184.6870","2.9142","44.4134"
"184.7070","2.9138","44.4114"
"184.7270","2.9135","44.4038"
"184.7470","2.9131","44.4842"
"184.7670","2.9129","44.5872"
"184.7870","2.9126","44.6127"
"184.8070","2.9123","44.5265"
"184.8270","2.9120","44.4876"
"184.8470","2.9117","44.4369"
"184.8670","2.9113","44.4061"
"184.8870","2.9108","44.4418"
"184.9070","2.9104","44.3738"
"184.9270","2.9100","44.3612"
"184.9470","2.9097","44.3328"
"184.9670","2.9095","44.3259"
"184.9870","2.9093","44.3024"
"185.0070","2.9090","44.2375"
"185.0270","2.9087","44.3109"
"185.0470","2.9083","44.3607"
"185.0670","2.9079","44.3410"
"185.0870","2.9075","44.3874"
"185.1070","2.9072","44.3053"
"185.1270","2.9069","44.3289"
"185.1470","2.9066","44.2791"
"185.1670","2.9063","44.3234"
"185.1870","2.9060","44.3414"
"185.2070","2.9057","44.2813"
"185.2270","2.9053","44.1952"
"185.2470","2.9049","44.2125"
"185.2670","2.9044","44.2922"
"185.2870","2.9040","44.2914"
"185.3070","2.9037","44.2980"
"185.3270","2.9034","44.2431"
"185.3470","2.9032","44.2154"
"185.3670","2.9029","44.1888"
"185.3870","2.9025","44.1714"
"185.4070","2.9022","44.1787"
"185.4270","2.9019","44.2208"
"185.4470","2.9015","44.2563"
"185.4670","2.9013","44.1908"
"185.4870","2.9010","44.1685"
"185.5070","2.9007","44.1658"
"185.5270","2.9004","44.2431"
"185.5470","2.9000","44.2163"
"185.5670","2.8996","44.1189"
"185.5870","2.8991","44.0688"
"185.6070","2.8987","44.0489"
"185.6270","2.8984","44.0507"
"185.6470","2.8981","44.1181"
"185.6670","2.8979","44.1205"
"185.6870","2.8976","44.1469"
"185.7070","2.8973","44.0991"
"185.7270","2.8970","43.9906"
"185.7470","2.8966","43.9976"
"185.7670","2.8962","43.9596"
"185.7870","2.8958","44.0103"
"185.8070","2.8955","44.0818"
"185.8270","2.8952","43.9848"
"185.8470","2.8950","43.9972"
"185.8670","2.8947","44.0367"
"185.8870","2.8944","44.0409"
"185.9070","2.8940","44.0797"
"185.9270","2.8936","44.0417"
"185.9470","2.8932","43.9805"
"185.9670","2.8928","44.0046"
"185.9870","2.8924","43.9526"
"186.0070","2.8921","43.9687"
"186.0270","2.8919","43.9969"
"186.0470","2.8916","43.9482"
"186.0670","2.8913","43.9854"
"186.0870","2.8909","43.9015"
"186.1070","2.8905","43.8101"
"186.1270","2.8902","43.8326"
"186.1470","2.8899","43.8672"
"186.1670","2.8896","43.9397"
"186.1870","2.8894","43.9693"
"186.2070","2.8891","43.8912"
"186.2270","2.8887","43.8537"
"186.2470","2.8883","43.7820"
"186.2670","2.8878","43.8395"
"186.2870","2.8873","43.9530"
"186.3070","2.8870","43.8534"
"186.3270","2.8867","43.8001"
"186.3470","2.8865","43.8689"
"186.3670","2.8862","43.9049"
"186.3870","2.8860","43.8417"
"186.4070","2.8857","43.7815"
"186.4270","2.8853","43.7369"
"186.4470","2.8849","43.7873"
"186.4670","2.8845","43.8337"
"186.4870","2.8842","43.7500"
"186.5070","2.8839","43.8620"
"186.5270","2.8836","43.8280"
"186.5470","2.8833","43.7788"
"186.5670","2.8830","43.8667"
"186.5870","2.8827","43.8698"
"186.6070","2.8823","43.8451"
"186.6270","2.8818","43.8076"
"186.6470","2.8814","43.7924"
"186.6670","2.8810","43.7244"
"186.6870","2.8807","43.6884"
"186.7070","2.8805","43.6506"
"186.7270","2.8802","43.6936"
"186.7470","2.8799","43.7124"
"186.7670","2.8795","43.6513"
"186.7870","2.8792","43.6401"
"186.8070","2.8788","43.6489"
"186.8270","2.8785","43.6585"
"186.8470","2.8783","43.6515"
"186.8670","2.8780","43.6180"
"186.8870","2.8777","43.5978"
"186.9070","2.8773","43.5804"
"186.9270","2.8769","43.5728"
"186.9470","2.8764","43.5906"
"186.9670","2.8760","43.6479"
"186.9870","2.8756","43.6126"
"187.0070","2.8753","43.6252"
"187.0270","2.8751","43.6209"
"187.0470","2.8749","43.6400"
"187.0670","2.8747","43.6416"
"187.0870","2.8743","43.5388"
"187.1070","2.8740","43.5600"
"187.1270","2.8736","43.4854"
"187.1470","2.8732","43.4882"
"187.1670","2.8728","43.4556"
"187.1870","2.8725","43.4790"
"187.2070","2.8722","43.5400"
"187.2270","2.8719","43.5216"
"187.2470","2.8717","43.5027"
"187.2670","2.8713","43.5742"
"187.2870","2.8710","43.5233"
"187.3070","2.8705","43.5014"
"187.3270","2.8701","43.5239"
"187.3470","2.8697","43.4519"
"187.3670","2.8694","43.3899"
"187.3870","2.8691","43.3844"
"187.4070","2.8688","43.4424"
"187.4270","2.8685","43.4513"
"187.4470","2.8682","43.3917"
"187.4670","2.8679","43.4025"
"187.4870","2.8675","43.4351"
"187.5070","2.8672","43.3907"
"187.5270","2.8669","43.4017"
"187.5470","2.8667","43.4903"
"187.5670","2.8664","43.4569"
"187.5870","2.8661","43.4015"
"187.6070","2.8657","43.3158"
"187.6270","2.8652","43.3602"
"187.6470","2.8648","43.3613"
"187.6670","2.8643","43.2388"
"187.6870","2.8640","43.1910"
"187.7070","2.8638","43.2227"
"187.7270","2.8636","43.2777"
"187.7470","2.8633","43.3301"
"187.7670","2.8630","43.3535"
"187.7870","2.8627","43.3693"
"187.8070","2.8623","43.2604"
"187.8270","2.8620","43.3172"
"187.8470","2.8616","43.2732"
"187.8670","2.8612","43.2564"
"187.8870","2.8609","43.3713"
"187.9070","2.8606","43.3791"
"187.9270","2.8603","43.3430"
"187.9470","2.8600","43.2791"
"187.9670","2.8597","43.2107"
"187.9870","2.8593","43.2501"
"188.0070","2.8589","43.3059"
"188.0270","2.8585","43.2850"
"188.0470","2.8581","43.2231"
"188.0670","2.8578","43.2740"
"188.0870","2.8575","43.2959"
"188.1070","2.8572","43.2376"
"188.1270","2.8569","43.1769"
"188.1470","2.8566","43.1551"
"188.1670","2.8562","43.1438"
"188.1870","2.8559","43.1416"
"188.2070","2.8556","43.1222"
"188.2270","2.8553","43.0464"
"188.2470","2.8550","43.0856"
"188.2670","2.8548","43.1629"
"188.2870","2.8544","43.1239"
"188.3070","2.8540","43.0806"
"188.3270","2.8535","43.0916"
"188.3470","2.8530","43.0719"
"188.3670","2.8526","43.0095"
"188.3870","2.8523","43.0558"
"188.4070","2.8521","43.0373"
"188.4270","2.8519","43.0331"
"188.4470","2.8516","43.0484"
"188.4670","2.8513","43.0536"
"188.4870","2.8510","43.0602"
"188.5070","2.8506","43.0751"
"188.5270","2.8502","43.0452"
"188.5470","2.8498","43.0043"
"188.5670","2.8495","43.0338"
"188.5870","2.8492","42.9752"
"188.6070","2.8490","43.0321"
"188.6270","2.8487","42.9704"
"188.6470","2.8484","42.9128"
"188.6670","2.8480","42.9446"
"188.6870","2.8476","42.9646"
"188.7070","2.8471","42.9656"
"188.7270","2.8467","43.0546"
"188.7470","2.8464","43.0363"
"188.7670","2.8461","43.0374"
"188.7870","2.8459","42.9536"
"188.8070","2.8456","42.9759"
"188.8270","2.8453","43.0030"
"188.8470","2.8449","42.8788"
"188.8670","2.8445","42.8859"
"188.8870","2.8442","42.9151"
"188.9070","2.8439","42.9233"
"188.9270","2.8436","42.9065"
"188.9470","2.8434","42.8721"
"188.9670","2.8430","42.8674"
"188.9870","2.8427","42.8255"
"189.0070","2.8422","42.7948"
"189.0270","2.8417","42.8226"
"189.0470","2.8413","42.8659"
"189.0670","2.8410","42.8625"
"189.0870","2.8407","42.8638"
"189.1070","2.8405","42.8105"
"189.1270","2.8403","42.7814"
"189.1470","2.8400","42.8654"
"189.1670","2.8397","42.8534"
"189.1870","2.8393","42.8488"
"189.2070","2.8389","42.8529"
"189.2270","2.8385","42.7748"
"189.2470","2.8382","42.7700"
"189.2670","2.8379","42.8209"
"189.2870","2.8376","42.7910"
"189.3070","2.8373","42.7293"
"189.3270","2.8370","42.7364"
"189.3470","2.8367","42.6694"
"189.3670","2.8362","42.6839"
"189.3870","2.8358","42.6903"
"189.4070","2.8354","42.6605"
"189.4270","2.8351","42.6793"
"189.4470","2.8348","42.6436"
"189.4670","2.8345","42.6555"
"189.4870","2.8342","42.6294"
"189.5070","2.8339","42.6716"
"189.5270","2.8335","42.6701"
"189.5470","2.8332","42.7146"
"189.5670","2.8328","42.6091"
"189.5870","2.8325","42.5544"
"189.6070","2.8323","42.6094"
"189.6270","2.8320","42.6678"
"189.6470","2.8317","42.6964"
"189.6670","2.8314","42.6030"
"189.6870","2.8310","42.6048"
"189.7070","2.8305","42.6074"
"189.7270","2.8300","42.6084"
"189.7470","2.8296","42.6105"
"189.7670","2.8293","42.5652"
"189.7870","2.8291","42.5090"
"189.8070","2.8289","42.5594"
"189.8270","2.8287","42.6420"
"189.8470","2.8284","42.6329"
"189.8670","2.8280","42.5880"
"189.8870","2.8276","42.5687"
"189.9070","2.8272","42.4723"
"189.9270","2.8268","42.4900"
"189.9470","2.8265","42.6116"
"189.9670","2.8262","42.6707"
"189.9870","2.8260","42.5630"
"190.0070","2.8257","42.4819"
"190.0270","2.8254","42.5003"
"190.0470","2.8250","42.5030"
"190.0670","2.8245","42.4966"
"190.0870","2.8241","42.4743"
"190.1070","2.8237","42.3988"
"190.1270","2.8234","42.4317"
"190.1470","2.8231","42.4433"
"190.1670","2.8228","42.4041"
"190.1870","2.8225","42.3353"
"190.2070","2.8222","42.3765"
"190.2270","2.8218","42.3896"
"190.2470","2.8215","42.3174"
"190.2670","2.8212","42.3003"
"190.2870","2.8209","42.3542"
"190.3070","2.8206","42.4037"
"190.3270","2.8204","42.4481"
"190.3470","2.8200","42.5052"
"190.3670","2.8197","42.4432"
"190.3870","2.8192","42.4441"
"190.4070","2.8188","42.3898"
"190.4270","2.8183","42.2965"
"190.4470","2.8180","42.2958"
"190.4670","2.8178","42.3623"
"190.4870","2.8175","42.3772"
"190.5070","2.8173","42.2731"
"190.5270","2.8170","42.2434"
"190.5470","2.8167","42.3163"
"190.5670","2.8163","42.3532"
"190.5870","2.8159","42.4108"
"190.6070","2.8155","42.4427"
"190.6270","2.8151","42.3770"
"190.6470","2.8148","42.3324"
"190.6670","2.8146","42.2696"
"190.6870","2.8143","42.3162"
"190.7070","2.8140","42.3188"
"190.7270","2.8137","42.3181"
"190.7470","2.8133","42.2814"
"190.7670","2.8128","42.2524"
"190.7870","2.8124","42.2000"
"190.8070","2.8121","42.2003"
"190.8270","2.8118","42.1712"
"190.8470","2.8115","42.2068"
"190.8670","2.8112","42.1822"
"190.8870","2.8109","42.1428"
"190.9070","2.8106","42.1794"
"190.9270","2.8102","42.1735"
"190.9470","2.8098","42.1729"
"190.9670","2.8095","42.1919"
"190.9870","2.8093","42.1937"
"191.0070","2.8090","42.1481"
"191.0270","2.8087","42.0994"
"191.0470","2.8084","42.1152"
"191.0670","2.8080","42.1164"
"191.0870","2.8075","42.1003"
"191.1070","2.8070","42.0652"
"191.1270","2.8066","42.0876"
"191.1470","2.8064","42.1328"
"191.1670","2.8061","42.0772"
"191.1870","2.8059","42.0613"
"191.2070","2.8057","42.0765"
"191.2270","2.8053","42.1784"
"191.2470","2.8050","42.1442"
"191.2670","2.8046","42.1008"
"191.2870","2.8042","42.0910"
"191.3070","2.8038","42.0822"
"191.3270","2.8035","42.1064"
"191.3470","2.8033","42.1544"
"191.3670","2.8030","42.0499"
"191.3870","2.8027","42.0145"
"191.4070","2.8023","41.9934"
"191.4270","2.8020","41.9964"
"191.4470","2.8015","41.9615"
"191.4670","2.8011","41.9488"
"191.4870","2.8007","41.9239"
"191.5070","2.8004","41.9499"
"191.5270","2.8001","41.9722"
"191.5470","2.7999","41.9451"
"191.5670","2.7996","41.9856"
"191.5870","2.7992","41.9391"
"191.6070","2.7989","41.8457"
"191.6270","2.7985","41.8508"
"191.6470","2.7982","41.9119"
"191.6670","2.7979","41.9253"
"191.6870","2.7976","41.8598"
"191.7070","2.7973","41.9021"
"191.7270","2.7970","41.9666"
"191.7470","2.7967","41.9197"
"191.7670","2.7962","41.8721"
"191.7870","2.7958","41.9026"
"191.8070","2.7953","41.8726"
"191.8270","2.7950","41.8650"
"191.8470","2.7948","41.8773"
"191.8670","2.7945","41.8729"
"191.8870","2.7943","41.8667"
"191.9070","2.7940","41.7761"
"191.9270","2.7937","41.7298"
"191.9470","2.7933","41.7772"
"191.9670","2.7929","41.8209"
"191.9870","2.7925","41.7745"
"192.0070","2.7922","41.7610"
"192.0270","2.7919","41.7160"
"192.0470","2.7916","41.6683"
"192.0670","2.7913","41.6600"
"192.0870","2.7910","41.6778"
"192.1070","2.7906","41.7343"
"192.1270","2.7902","41.7394"
"192.1470","2.7898","41.7364"
"192.1670","2.7894","41.7391"
"192.1870","2.7890","41.7523"
"192.2070","2.7888","41.7262"
"192.2270","2.7885","41.7469"
"192.2470","2.7882","41.7611"
"192.2670","2.7879","41.7257"
"192.2870","2.7875","41.7016"
"192.3070","2.7872","41.7415"
"192.3270","2.7868","41.6898"
"192.3470","2.7865","41.7338"
"192.3670","2.7863","41.6625"
"192.3870","2.7860","41.5946"
"192.4070","2.7857","41.6261"
"192.4270","2.7854","41.6675"
"192.4470","2.7850","41.7434"
"192.4670","2.7845","41.6687"
"192.4870","2.7841","41.6132"
"192.5070","2.7837","41.5273"
"192.5270","2.7834","41.5160"
"192.5470","2.7832","41.5935"
"192.5670","2.7829","41.5954"
"192.5870","2.7827","41.5592"
"192.6070","2.7824","41.5127"
"192.6270","2.7820","41.4887"
"192.6470","2.7816","41.5640"
"192.6670","2.7812","41.6163"
"192.6870","2.7808","41.5838"
"192.7070","2.7805","41.6262"
"192.7270","2.7802","41.5969"
"192.7470","2.7800","41.6123"
"192.7670","2.7797","41.5398"
"192.7870","2.7793","41.5386"
"192.8070","2.7789","41.6149"
"192.8270","2.7785","41.5604"
"192.8470","2.7781","41.5366"
"192.8670","2.7777","41.5197"
"192.8870","2.7774","41.5111"
"192.9070","2.7772","41.5634"
"192.9270","2.7769","41.5481"
"192.9470","2.7766","41.4990"
"192.9670","2.7762","41.4766"
"192.9870","2.7759","41.4436"
"193.0070","2.7755","41.4398"
"193.0270","2.7752","41.4511"
"193.0470","2.7749","41.4175"
"193.0670","2.7746","41.4200"
"193.0870","2.7744","41.4148"
"193.1070","2.7740","41.4169"
"193.1270","2.7737","41.3971"
"193.1470","2.7732","41.3846"
"193.1670","2.7728","41.4099"
"193.1870","2.7723","41.4255"
"193.2070","2.7720","41.3560"
"193.2270","2.7718","41.3071"
"193.2470","2.7716","41.4000"
"193.2670","2.7713","41.4149"
"193.2870","2.7710","41.3809"
"193.3070","2.7707","41.3676"
"193.3270","2.7703","41.3728"
"193.3470","2.7699","41.3315"
"193.3670","2.7695","41.2898"
"193.3870","2.7692","41.3284"
"193.4070","2.7689","41.3744"
"193.4270","2.7686","41.3962"
"193.4470","2.7683","41.4090"
"193.4670","2.7680","41.4009"
"193.4870","2.7676","41.3612"
"193.5070","2.7672","41.2435"
"193.5270","2.7668","41.2005"
"193.5470","2.7664","41.3077"
"193.5670","2.7661","41.2882"
"193.5870","2.7658","41.3060"
"193.6070","2.7655","41.2658"
"193.6270","2.7653","41.2338"
"193.6470","2.7649","41.2706"
"193.6670","2.7646","41.1554"
"193.6870","2.7642","41.0882"
"193.7070","2.7639","41.1409"
"193.7270","2.7636","41.2036"
"193.7470","2.7633","41.2523"
"193.7670","2.7630","41.1857"
"193.7870","2.7627","41.1230"
"193.8070","2.7623","41.0749"
"193.8270","2.7619","41.1708"
"193.8470","2.7614","41.1539"
"193.8670","2.7610","41.1449"
"193.8870","2.7607","41.1141"
"193.9070","2.7604","41.1448"
"193.9270","2.7602","41.1301"
"193.9470","2.7600","41.1790"
"193.9670","2.7597","41.1530"
"193.9870","2.7594","41.0953"
"194.0070","2.7590","41.0158"
"194.0270","2.7587","41.0267"
"194.0470","2.7583","41.0290"
"194.0670","2.7579","41.0649"
"194.0870","2.7576","40.9981"
"194.1070","2.7573","40.9719"
"194.1270","2.7570","40.9707"
"194.1470","2.7567","41.0336"
"194.1670","2.7564","41.0267"
"194.1870","2.7559","41.1169"
"194.2070","2.7555","41.0535"
"194.2270","2.7551","40.9755"
"194.2470","2.7547","40.9712"
"194.2670","2.7544","40.9550"
"194.2870","2.7541","40.8728"
"194.3070","2.7539","40.8930"
"194.3270","2.7535","40.9970"
"194.3470","2.7532","41.0004"
"194.3670","2.7528","40.8892"
"194.3870","2.7525","40.9347"
"194.4070","2.7522","40.9673"
"194.4270","2.7519","40.8966"
"194.4470","2.7516","40.8344"
"194.4670","2.7513","40.8794"
"194.4870","2.7510","40.9206"
"194.5070","2.7506","40.9263"
"194.5270","2.7502","40.8659"
"194.5470","2.7497","40.8390"
"194.5670","2.7493","40.8348"
"194.5870","2.7490","40.8058"
"194.6070","2.7488","40.8762"
"194.6270","2.7486","40.8628"
"194.6470","2.7483","40.8792"
"194.6670","2.7480","40.9088"
"194.6870","2.7477","40.9008"
"194.7070","2.7473","40.8668"
"194.7270","2.7469","40.9194"
"194.7470","2.7465","40.9289"
"194.7670","2.7462","40.9066"
"194.7870","2.7459","40.8739"
"194.8070","2.7456","40.8667"
"194.8270","2.7453","40.8261"
"194.8470","2.7450","40.7892"
"194.8670","2.7446","40.7389"
"194.8870","2.7442","40.7361"
"194.9070","2.7437","40.7449"
"194.9270","2.7433","40.7509"
"194.9470","2.7430","40.7797"
"194.9670","2.7428","40.7671"
"194.9870","2.7425","40.7780"
"195.0070","2.7422","40.7680"
"195.0270","2.7419","40.7721"
"195.0470","2.7415","40.7635"
"195.0670","2.7412","40.6980"
"195.0870","2.7409","40.6939"
"195.1070","2.7406","40.7053"
"195.1270","2.7403","40.6591"
"195.1470","2.7400","40.6644"
"195.1670","2.7397","40.7037"
"195.1870","2.7393","40.7282"
"195.2070","2.7389","40.7124"
"195.2270","2.7385","40.6736"
"195.2470","2.7380","40.6512"
"195.2670","2.7377","40.5840"
"195.2870","2.7374","40.5963"
"195.3070","2.7372","40.6983"
"195.3270","2.7370","40.6760"
"195.3470","2.7367","40.6423"
"195.3670","2.7363","40.6045"
"195.3870","2.7360","40.6357"
"195.4070","2.7356","40.5914"
"195.4270","2.7352","40.6294"
"195.4470","2.7348","40.6280"
"195.4670","2.7345","40.5019"
"195.4870","2.7343","40.5077"
"195.5070","2.7340","40.4761"
"195.5270","2.7337","40.5123"
"195.5470","2.7333","40.5678"
"195.5670","2.7329","40.5071"
"195.5870","2.7325","40.5354"
"195.6070","2.7321","40.5634"
"195.6270","2.7317","40.4966"
"195.6470","2.7314","40.4752"
"195.6670","2.7311","40.5465"
"195.6870","2.7309","40.5480"
"195.7070","2.7305","40.5588"
"195.7270","2.7302","40.5529"
"195.7470","2.7299","40.5699"
"195.7670","2.7295","40.5397"
"195.7870","2.7292","40.4684"
"195.8070","2.7289","40.4330"
"195.8270","2.7286","40.4823"
"195.8470","2.7284","40.5677"
"195.8670","2.7280","40.5431"
"195.8870","2.7276","40.4728"
"195.9070","2.7272","40.3981"
"195.9270","2.7267","40.4595"
"195.9470","2.7263","40.4616"
"195.9670","2.7260","40.3817"
"195.9870","2.7258","40.3547"
"196.0070","2.7256","40.3245"
"196.0270","2.7253","40.3254"
"196.0470","2.7250","40.3170"
"196.0670","2.7247","40.3966"
"196.0870","2.7243","40.4106"
"196.1070","2.7239","40.4541"
"196.1270","2.7236","40.3994"
"196.1470","2.7232","40.3300"
"196.1670","2.7230","40.2669"
"196.1870","2.7227","40.2934"
"196.2070","2.7224","40.2630"
"196.2270","2.7221","40.2953"
"196.2470","2.7217","40.3610"
"196.2670","2.7213","40.3680"
"196.2870","2.7208","40.3537"
"196.3070","2.7205","40.3046"
"196.3270","2.7201","40.2918"
"196.3470","2.7198","40.3191"
"196.3670","2.7195","40.2440"
"196.3870","2.7192","40.1877"
"196.4070","2.7189","40.2139"
"196.4270","2.7185","40.2469"
"196.4470","2.7182","40.2511"
"196.4670","2.7178","40.2438"
"196.4870","2.7176","40.2874"
"196.5070","2.7173","40.3249"
"196.5270","2.7170","40.3042"
"196.5470","2.7167","40.2676"
"196.5670","2.7163","40.2483"
"196.5870","2.7159","40.1980"
"196.6070","2.7154","40.1772"
"196.6270","2.7150","40.1558"
"196.6470","2.7147","40.1635"
"196.6670","2.7144","40.2279"
"196.6870","2.7142","40.2872"
"196.7070","2.7140","40.2293"
"196.7270","2.7137","40.2904"
"196.7470","2.7134","40.2150"
"196.7670","2.7130","40.1391"
"196.7870","2.7126","40.1388"
"196.8070","2.7122","40.1756"
"196.8270","2.7119","40.2206"
"196.8470","2.7116","40.1990"
"196.8670","2.7113","40.2052"
"196.8870","2.7110","40.2193"
"196.9070","2.7107","40.1623"
"196.9270","2.7104","40.0679"
"196.9470","2.7100","40.0611"
"196.9670","2.7095","40.0012"
"196.9870","2.7091","39.9042"
"197.0070","2.7087","39.9640"
"197.0270","2.7084","40.0072"
"197.0470","2.7081","40.0653"
"197.0670","2.7078","40.0734"
"197.0870","2.7075","40.0612"
"197.1070","2.7072","40.0556"
"197.1270","2.7068","40.0650"
"197.1470","2.7065","39.9615"
"197.1670","2.7062","39.9650"
"197.1870","2.7060","40.0414"
"197.2070","2.7057","40.0096"
"197.2270","2.7054","39.8945"
"197.2470","2.7050","39.8983"
"197.2670","2.7046","39.9895"
"197.2870","2.7042","39.9801"
"197.3070","2.7037","39.9190"
"197.3270","2.7033","39.8150"
"197.3470","2.7030","39.8652"
"197.3670","2.7028","39.9024"
"197.3870","2.7026","39.9016"
"197.4070","2.7023","39.8786"
"197.4270","2.7020","39.8423"
"197.4470","2.7016","39.8828"
"197.4670","2.7013","39.9612"
"197.4870","2.7009","39.9079"
"197.5070","2.7005","39.9003"
"197.5270","2.7002","39.8817"
"197.5470","2.6999","39.8034"
"197.5670","2.6996","39.8463"
"197.5870","2.6993","39.8697"
"197.6070","2.6990","39.8078"
"197.6270","2.6986","39.7825"
"197.6470","2.6982","39.8359"
"197.6670","2.6978","39.9644"
"197.6870","2.6974","39.8847"
"197.7070","2.6971","39.8335"
"197.7270","2.6968","39.8460"
"197.7470","2.6965","39.8307"
"197.7670","2.6962","39.7341"
"197.7870","2.6958","39.7193"
"197.8070","2.6955","39.7957"
"197.8270","2.6951","39.7963"
"197.8470","2.6948","39.7220"
"197.8670","2.6945","39.6604"
"197.8870","2.6943","39.7599"
"197.9070","2.6940","39.7852"
"197.9270","2.6937","39.7947"
"197.9470","2.6933","39.7378"
"197.9670","2.6929","39.7302"
"197.9870","2.6924","39.7620"
"198.0070","2.6920","39.6740"
"198.0270","2.6917","39.6069"
"198.0470","2.6914","39.5755"
"198.0670","2.6912","39.6079"
"198.0870","2.6909","39.6183"
"198.1070","2.6906","39.6925"
"198.1270","2.6903","39.7773"
"198.1470","2.6899","39.7094"
"198.1670","2.6896","39.6194"
"198.1870","2.6892","39.6512"
"198.2070","2.6889","39.6641"
"198.2270","2.6886","39.6843"
"198.2470","2.6883","39.6376"
"198.2670","2.6880","39.6273"
"198.2870","2.6877","39.7186"
"198.3070","2.6873","39.6770"
"198.3270","2.6869","39.5819"
"198.3470","2.6865","39.5024"
"198.3670","2.6861","39.4056"
"198.3870","2.6858","39.4529"
"198.4070","2.6855","39.5856"
"198.4270","2.6852","39.6321"
"198.4470","2.6849","39.6931"
"198.4670","2.6845","39.6386"
"198.4870","2.6842","39.5090"
"198.5070","2.6838","39.4793"
"198.5270","2.6835","39.5354"
"198.5470","2.6832","39.5682"
"198.5670","2.6830","39.4817"
"198.5870","2.6827","39.5233"
"198.6070","2.6824","39.5678"
"198.6270","2.6820","39.4989"
"198.6470","2.6816","39.4826"
"198.6670","2.6811","39.5103"
"198.6870","2.6807","39.4722"
"198.7070","2.6803","39.5036"
"198.7270","2.6800","39.4759"
"198.7470","2.6798","39.5266"
"198.7670","2.6796","39.5203"
"198.7870","2.6793","39.3506"
"198.8070","2.6790","39.3786"
"198.8270","2.6787","39.4459"
"198.8470","2.6783","39.5293"
"198.8670","2.6779","39.4907"
"198.8870","2.6776","39.4137"
"198.9070","2.6773","39.4023"
"198.9270","2.6770","39.4637"
"198.9470","2.6767","39.3529"
"198.9670","2.6764","39.3484"
"198.9870","2.6760","39.4152"
"199.0070","2.6756","39.4555"
"199.0270","2.6752","39.4274"
"199.0470","2.6748","39.4082"
"199.0670","2.6744","39.3894"
"199.0870","2.6741","39.3975"
"199.1070","2.6738","39.3193"
"199.1270","2.6735","39.2991"
"199.1470","2.6732","39.3437"
"199.1670","2.6728","39.3699"
"199.1870","2.6725","39.2538"
"199.2070","2.6721","39.2667"
"199.2270","2.6719","39.2716"
"199.2470","2.6716","39.2114"
"199.2670","2.6713","39.2439"
"199.2870","2.6710","39.3396"
"199.3070","2.6707","39.3541"
"199.3270","2.6703","39.2485"
"199.3470","2.6699","39.2614"
"199.3670","2.6694","39.2728"
"199.3870","2.6690","39.2228"
"199.4070","2.6687","39.2481"
"199.4270","2.6685","39.3014"
"199.4470","2.6682","39.2542"
"199.4670","2.6680","39.1557"
"199.4870","2.6677","39.2044"
"199.5070","2.6673","39.2010"
"199.5270","2.6670","39.2312"
"199.5470","2.6666","39.2028"
"199.5670","2.6662","39.1492"
"199.5870","2.6659","39.0752"
"199.6070","2.6656","39.0730"
"199.6270","2.6653","39.0259"
"199.6470","2.6650","39.0790"
"199.6670","2.6647","39.1188"
"199.6870","2.6643","39.1228"
"199.7070","2.6639","39.1796"
"199.7270","2.6635","39.1714"
"199.7470","2.6631","39.1660"
"199.7670","2.6627","39.0498"
"199.7870","2.6624","39.0623"
"199.8070","2.6622","39.0627"
"199.8270","2.6619","39.0631"
"199.8470","2.6615","39.0129"
"199.8670","2.6612","39.0284"
"199.8870","2.6608","39.1071"
"199.9070","2.6605","39.0980"
"199.9270","2.6602","39.0892"
"199.9470","2.6600","39.0307"
"199.9670","2.6597","39.0643"
"199.9870","2.6594","39.0085"
"200.0070","2.6590","38.9663"
"200.0270","2.6586","38.9981"
"200.0470","2.6581","39.0128"
"200.0670","2.6577","39.0250"
"200.0870","2.6573","38.9547"
"200.1070","2.6571","38.9985"
"200.1270","2.6569","39.0122"
"200.1470","2.6566","39.0007"
"200.1670","2.6563","39.0250"
"200.1870","2.6560","38.9592"
"200.2070","2.6556","38.9492"
"200.2270","2.6552","39.0019"
"200.2470","2.6549","38.9752"
"200.2670","2.6545","38.9081"
"200.2870","2.6542","38.9907"
"200.3070","2.6540","38.9890"
"200.3270","2.6537","38.8939"
"200.3470","2.6534","38.9211"
"200.3670","2.6530","38.8347"
"200.3870","2.6526","38.8258"
"200.4070","2.6522","38.8593"
"200.4270","2.6518","38.8377"
"200.4470","2.6514","38.7864"
"200.4670","2.6511","38.8400"
"200.4870","2.6508","38.8401"
"200.5070","2.6505","38.8862"
"200.5270","2.6502","38.8741"
"200.5470","2.6499","38.8420"
"200.5670","2.6495","38.8910"
"200.5870","2.6492","38.8717"
"200.6070","2.6489","38.8672"
"200.6270","2.6486","38.8237"
"200.6470","2.6483","38.8828"
"200.6670","2.6480","38.8325"
"200.6870","2.6477","38.7222"
"200.7070","2.6473","38.7559"
"200.7270","2.6468","38.7916"
"200.7470","2.6464","38.7460"
"200.7670","2.6460","38.7610"
"200.7870","2.6457","38.8308"
"200.8070","2.6455","38.8554"
"200.8270","2.6452","38.8549"
"200.8470","2.6450","38.7915"
"200.8670","2.6447","38.7378"
"200.8870","2.6443","38.7224"
"200.9070","2.6439","38.7405"
"200.9270","2.6435","38.8210"
"200.9470","2.6432","38.7989"
"200.9670","2.6429","38.7477"
"200.9870","2.6426","38.7644"
"201.0070","2.6423","38.7801"
"201.0270","2.6420","38.7935"
"201.0470","2.6417","38.7563"
"201.0670","2.6413","38.7657"
"201.0870","2.6408","38.6877"
"201.1070","2.6404","38.6048"
"201.1270","2.6400","38.5741"
"201.1470","2.6397","38.6644"
"201.1670","2.6395","38.6479"
"201.1870","2.6392","38.6269"
"201.2070","2.6389","38.6373"
"201.2270","2.6386","38.5826"
"201.2470","2.6382","38.5805"
"201.2670","2.6378","38.5792"
"201.2870","2.6375","38.5282"
"201.3070","2.6373","38.5432"
"201.3270","2.6370","38.5918"
"201.3470","2.6367","38.6075"
"201.3670","2.6363","38.5794"
"201.3870","2.6359","38.6556"
"201.4070","2.6355","38.5438"
"201.4270","2.6350","38.4937"
"201.4470","2.6346","38.4219"
"201.4670","2.6343","38.4466"
"201.4870","2.6341","38.5410"
"201.5070","2.6339","38.5231"
"201.5270","2.6336","38.5029"
"201.5470","2.6334","38.5077"
"201.5670","2.6330","38.4862"
"201.5870","2.6326","38.5314"
"201.6070","2.6322","38.5375"
"201.6270","2.6319","38.4443"
"201.6470","2.6315","38.4779"
"201.6670","2.6312","38.5493"
"201.6870","2.6309","38.5234"
"201.7070","2.6307","38.4988"
"201.7270","2.6303","38.4701"
"201.7470","2.6300","38.4466"
"201.7670","2.6296","38.3997"
"201.7870","2.6291","38.4899"
"201.8070","2.6287","38.4695"
"201.8270","2.6284","38.4622"
"201.8470","2.6281","38.4404"
"201.8670","2.6278","38.4022"
"201.8870","2.6275","38.5057"
"201.9070","2.6272","38.4382"
"201.9270","2.6269","38.4407"
"201.9470","2.6265","38.3896"
"201.9670","2.6262","38.3751"
"201.9870","2.6259","38.3103"
"202.0070","2.6256","38.3574"
"202.0270","2.6254","38.4318"
"202.0470","2.6251","38.3685"
"202.0670","2.6247","38.3308"
"202.0870","2.6243","38.3467"
"202.1070","2.6238","38.3958"
"202.1270","2.6233","38.3484"
"202.1470","2.6230","38.2942"
"202.1670","2.6227","38.2918"
"202.1870","2.6225","38.2841"
"202.2070","2.6223","38.2742"
"202.2270","2.6220","38.2720"
"202.2470","2.6217","38.3331"
"202.2670","2.6213","38.3344"
"202.2870","2.6209","38.3530"
"202.3070","2.6206","38.3203"
"202.3270","2.6202","38.3203"
"202.3470","2.6199","38.3454"
"202.3670","2.6196","38.2928"
"202.3870","2.6193","38.2344"
"202.4070","2.6190","38.2013"
"202.4270","2.6187","38.1789"
"202.4470","2.6183","38.1772"
"202.4670","2.6179","38.2014"
"202.4870","2.6175","38.1667"
"202.5070","2.6171","38.1479"
"202.5270","2.6168","38.1877"
"202.5470","2.6165","38.1581"
"202.5670","2.6162","38.1041"
"202.5870","2.6159","38.1347"
"202.6070","2.6156","38.1993"
"202.6270","2.6152","38.2679"
"202.6470","2.6149","38.2197"
"202.6670","2.6146","38.1469"
"202.6870","2.6143","38.1883"
"202.7070","2.6140","38.1441"
"202.7270","2.6137","38.1940"
"202.7470","2.6134","38.1691"
"202.7670","2.6130","38.1194"
"202.7870","2.6125","38.0782"
"202.8070","2.6121","38.1414"
"202.8270","2.6116","38.1496"
"202.8470","2.6113","38.1276"
"202.8670","2.6111","38.1550"
"202.8870","2.6109","38.0413"
"202.9070","2.6106","38.0450"
"202.9270","2.6104","38.1004"
"202.9470","2.6100","38.0781"
"202.9670","2.6096","38.0636"
"202.9870","2.6092","38.1092"
"203.0070","2.6088","38.1236"
"203.0270","2.6085","38.0204"
"203.0470","2.6082","37.9654"
"203.0670","2.6079","37.9787"
"203.0870","2.6077","37.9717"
"203.1070","2.6073","38.0492"
"203.1270","2.6070","38.0064"
"203.1470","2.6065","37.9921"
"203.1670","2.6061","38.0253"
"203.1870","2.6057","37.9676"
"203.2070","2.6054","37.9172"
"203.2270","2.6051","37.9240"
"203.2470","2.6048","37.8574"
"203.2670","2.6046","37.7904"
"203.2870","2.6042","37.7955"
"203.3070","2.6039","37.8599"
"203.3270","2.6035","37.8071"
"203.3470","2.6032","37.8414"
"203.3670","2.6029","37.9335"
"203.3870","2.6026","37.8731"
"203.4070","2.6023","37.8887"
"203.4270","2.6020","37.9076"
"203.4470","2.6017","37.8931"
"203.4670","2.6013","37.8051"
"203.4870","2.6008","37.7665"
"203.5070","2.6004","37.8023"
"203.5270","2.6000","37.8373"
"203.5470","2.5997","37.8699"
"203.5670","2.5995","37.8739"
"203.5870","2.5993","37.7799"
"203.6070","2.5990","37.8158"
"203.6270","2.5987","37.8667"
"203.6470","2.5983","37.8669"
"203.6670","2.5979","37.8762"
"203.6870","2.5975","37.8405"
"203.7070","2.5972","37.8526"
"203.7270","2.5969","37.8474"
"203.7470","2.5966","37.7787"
"203.7670","2.5963","37.7620"
"203.7870","2.5960","37.7653"
"203.8070","2.5957","37.7903"
"203.8270","2.5953","37.7970"
"203.8470","2.5949","37.7843"
"203.8670","2.5945","37.7207"
"203.8870","2.5941","37.6830"
"203.9070","2.5938","37.6610"
"203.9270","2.5935","37.7474"
"203.9470","2.5932","37.7721"
"203.9670","2.5929","37.7201"
"203.9870","2.5926","37.6699"
"204.0070","2.5922","37.6229"
"204.0270","2.5919","37.7270"
"204.0470","2.5915","37.8230"
"204.0670","2.5913","37.7384"
"204.0870","2.5910","37.6855"
"204.1070","2.5907","37.6864"
"204.1270","2.5904","37.6429"
"204.1470","2.5900","37.6410"
"204.1670","2.5895","37.5983"
"204.1870","2.5891","37.5516"
"204.2070","2.5887","37.6423"
"204.2270","2.5883","37.6670"
"204.2470","2.5881","37.6384"
"204.2670","2.5879","37.5153"
"204.2870","2.5877","37.5596"
"204.3070","2.5874","37.6488"
"204.3270","2.5870","37.6361"
"204.3470","2.5866","37.6683"
"204.3670","2.5862","37.6236"
"204.3870","2.5859","37.5705"
"204.4070","2.5855","37.5400"
"204.4270","2.5852","37.5484"
"204.4470","2.5850","37.5645"
"204.4670","2.5847","37.6013"
"204.4870","2.5843","37.5851"
"204.5070","2.5840","37.5304"
"204.5270","2.5836","37.4892"
"204.5470","2.5831","37.5223"
"204.5670","2.5828","37.5192"
"204.5870","2.5824","37.5039"
"204.6070","2.5821","37.4913"
"204.6270","2.5818","37.5022"
"204.6470","2.5815","37.5103"
"204.6670","2.5812","37.4977"
"204.6870","2.5808","37.4350"
"204.7070","2.5805","37.5080"
"204.7270","2.5802","37.5285"
"204.7470","2.5799","37.4052"
"204.7670","2.5796","37.3886"
"204.7870","2.5793","37.4840"
"204.8070","2.5790","37.5581"
"204.8270","2.5787","37.5373"
"204.8470","2.5783","37.4191"
"204.8670","2.5778","37.4459"
"204.8870","2.5774","37.5007"
"204.9070","2.5770","37.4383"
"204.9270","2.5767","37.4058"
"204.9470","2.5765","37.4124"
"204.9670","2.5763","37.4996"
"204.9870","2.5760","37.4825"
"205.0070","2.5757","37.3105"
"205.0270","2.5753","37.3075"
"205.0470","2.5749","37.3253"
"205.0670","2.5745","37.3484"
"205.0870","2.5741","37.3656"
"205.1070","2.5739","37.3199"
"205.1270","2.5736","37.3577"
"205.1470","2.5733","37.3260"
"205.1670","2.5730","37.2552"
"205.1870","2.5727","37.1667"
"205.2070","2.5723","37.1367"
"205.2270","2.5719","37.2904"
"205.2470","2.5714","37.2833"
"205.2670","2.5711","37.2618"
"205.2870","2.5708","37.3100"
"205.3070","2.5705","37.3072"
"205.3270","2.5702","37.3306"
"205.3470","2.5699","37.3088"
"205.3670","2.5695","37.2545"
"205.3870","2.5692","37.2060"
"205.4070","2.5688","37.1230"
"205.4270","2.5685","37.2366"
"205.4470","2.5682","37.2685"
"205.4670","2.5680","37.2958"
"205.4870","2.5677","37.2508"
"205.5070","2.5673","37.1530"
"205.5270","2.5670","37.1998"
"205.5470","2.5665","37.2050"
"205.5670","2.5660","37.1521"
"205.5870","2.5656","37.1213"
"205.6070","2.5654","37.1399"
"205.6270","2.5651","37.1512"
"205.6470","2.5649","37.1702"
"205.6670","2.5647","37.1600"
"205.6870","2.5643","37.1307"
"205.7070","2.5640","37.1764"
"205.7270","2.5636","37.1911"
"205.7470","2.5632","37.1531"
"205.7670","2.5628","37.1415"
"205.7870","2.5625","37.1142"
"205.8070","2.5622","37.0878"
"205.8270","2.5619","37.0855"
"205.8470","2.5616","37.1321"
"205.8670","2.5613","37.1286"
"205.8870","2.5609","37.1228"
"205.9070","2.5605","37.2270"
"205.9270","2.5601","37.1724"
"205.9470","2.5597","36.9623"
"205.9670","2.5594","36.8992"
"205.9870","2.5591","37.0265"
"206.0070","2.5588","37.0605"
"206.0270","2.5585","37.0518"
"206.0470","2.5582","37.0228"
"206.0670","2.5578","37.0482"
"206.0870","2.5575","36.9891"
"206.1070","2.5572","37.0123"
"206.1270","2.5569","37.0710"
"206.1470","2.5566","36.9805"
"206.1670","2.5563","36.9973"
"206.1870","2.5560","36.9704"
"206.2070","2.5557","36.9461"
"206.2270","2.5553","36.9243"
"206.2470","2.5548","36.9523"
"206.2670","2.5544","36.9419"
"206.2870","2.5540","36.9145"
"206.3070","2.5538","36.9224"
"206.3270","2.5535","37.0280"
"206.3470","2.5533","37.0652"
"206.3670","2.5530","36.9752"
"206.3870","2.5527","36.9272"
"206.4070","2.5523","36.8886"
"206.4270","2.5520","36.9166"
"206.4470","2.5516","36.9146"
"206.4670","2.5512","36.9160"
"206.4870","2.5509","36.8726"
"206.5070","2.5506","36.9026"
"206.5270","2.5504","36.8678"
"206.5470","2.5500","36.8883"
"206.5670","2.5497","36.8211"
"206.5870","2.5493","36.8374"
"206.6070","2.5489","36.8920"
"206.6270","2.5485","36.9321"
"206.6470","2.5481","36.8487"
"206.6670","2.5478","36.8449"
"206.6870","2.5475","36.7619"
"206.7070","2.5473","36.8045"
"206.7270","2.5469","36.7878"
"206.7470","2.5466","36.8555"
"206.7670","2.5462","36.9000"
"206.7870","2.5459","36.7975"
"206.8070","2.5456","36.7523"
"206.8270","2.5453","36.6861"
"206.8470","2.5450","36.7066"
"206.8670","2.5447","36.7502"
"206.8870","2.5444","36.7466"
"206.9070","2.5440","36.7206"
"206.9270","2.5435","36.7217"
"206.9470","2.5431","36.7370"
"206.9670","2.5427","36.7593"
"206.9870","2.5424","36.6989"
"207.0070","2.5421","36.6808"
"207.0270","2.5419","36.7062"
"207.0470","2.5416","36.7127"
"207.0670","2.5413","36.7277"
"207.0870","2.5410","36.6973"
"207.1070","2.5406","36.7008"
"207.1270","2.5402","36.6574"
"207.1470","2.5398","36.6373"
"207.1670","2.5395","36.6438"
"207.1870","2.5392","36.6298"
"207.2070","2.5389","36.7443"
"207.2270","2.5386","36.7079"
"207.2470","2.5383","36.6393"
"207.2670","2.5379","36.6230"
"207.2870","2.5375","36.5540"
"207.3070","2.5371","36.5674"
"207.3270","2.5367","36.5629"
"207.3470","2.5364","36.5685"
"207.3670","2.5361","36.5701"
"207.3870","2.5359","36.6467"
"207.4070","2.5356","36.5932"
"207.4270","2.5352","36.5676"
"207.4470","2.5349","36.5172"
"207.4670","2.5345","36.5922"
"207.4870","2.5342","36.5886"
"207.5070","2.5339","36.5258"
"207.5270","2.5336","36.4785"
"207.5470","2.5334","36.5191"
"207.5670","2.5330","36.5288"
"207.5870","2.5327","36.4959"
"207.6070","2.5323","36.5792"
"207.6270","2.5318","36.5625"
"207.6470","2.5314","36.5611"
"207.6670","2.5311","36.5539"
"207.6870","2.5308","36.5162"
"207.7070","2.5306","36.5073"
"207.7270","2.5303","36.4751"
"207.7470","2.5300","36.4711"
"207.7670","2.5297","36.4417"
"207.7870","2.5293","36.5240"
"207.8070","2.5289","36.5064"
"207.8270","2.5286","36.4678"
"207.8470","2.5282","36.4023"
"207.8670","2.5279","36.3766"
"207.8870","2.5276","36.3581"
"207.9070","2.5273","36.4315"
"207.9270","2.5270","36.4245"
"207.9470","2.5266","36.3832"
"207.9670","2.5262","36.3972"
"207.9870","2.5258","36.3200"
"208.0070","2.5254","36.3356"
"208.0270","2.5251","36.3219"
"208.0470","2.5248","36.2478"
"208.0670","2.5245","36.2962"
"208.0870","2.5242","36.3774"
"208.1070","2.5239","36.3976"
"208.1270","2.5235","36.3523"
"208.1470","2.5232","36.2792"
"208.1670","2.5228","36.3369"
"208.1870","2.5225","36.4375"
"208.2070","2.5222","36.4019"
"208.2270","2.5220","36.3768"
"208.2470","2.5216","36.2999"
"208.2670","2.5213","36.2988"
"208.2870","2.5209","36.3098"
"208.3070","2.5205","36.2949"
"208.3270","2.5200","36.3179"
"208.3470","2.5197","36.3158"
"208.3670","2.5194","36.2857"
"208.3870","2.5192","36.2825"
"208.4070","2.5189","36.2558"
"208.4270","2.5187","36.1689"
"208.4470","2.5184","36.2013"
"208.4670","2.5180","36.1842"
"208.4870","2.5176","36.2173"
"208.5070","2.5172","36.2229"
"208.5270","2.5169","36.1498"
"208.5470","2.5165","36.1765"
"208.5670","2.5163","36.1561"
"208.5870","2.5160","36.1416"
"208.6070","2.5157","36.1450"
"208.6270","2.5153","36.1408"
"208.6470","2.5149","36.0828"
"208.6670","2.5145","36.1005"
"208.6870","2.5141","36.2063"
"208.7070","2.5137","36.2301"
"208.7270","2.5134","36.2064"
"208.7470","2.5131","36.1665"
"208.7670","2.5128","36.1083"
"208.7870","2.5125","36.1222"
"208.8070","2.5122","36.1449"
"208.8270","2.5119","36.1876"
"208.8470","2.5115","36.0990"
"208.8670","2.5112","36.1328"
"208.8870","2.5109","36.1132"
"208.9070","2.5106","36.1278"
"208.9270","2.5103","36.1062"
"208.9470","2.5100","36.0830"
"208.9670","2.5096","36.0318"
"208.9870","2.5092","36.0863"
"209.0070","2.5087","36.0850"
"209.0270","2.5083","36.0752"
"209.0470","2.5080","36.0347"
"209.0670","2.5078","36.0132"
"209.0870","2.5076","36.0654"
"209.1070","2.5073","35.9314"
"209.1270","2.5070","35.9211"
"209.1470","2.5067","35.8999"
"209.1670","2.5063","35.9312"
"209.1870","2.5059","35.9846"
"209.2070","2.5056","35.9654"
"209.2270","2.5052","35.9220"
"209.2470","2.5049","35.8634"
"209.2670","2.5047","35.8966"
"209.2870","2.5044","35.8976"
"209.3070","2.5040","35.9543"
"209.3270","2.5036","35.9405"
"209.3470","2.5032","35.8715"
"209.3670","2.5028","35.8728"
"209.3870","2.5024","35.9083"
"209.4070","2.5021","35.9867"
"209.4270","2.5018","35.8789"
"209.4470","2.5015","35.7985"
"209.4670","2.5012","35.8528"
"209.4870","2.5009","35.9353"
"209.5070","2.5006","35.9677"
"209.5270","2.5002","35.9070"
"209.5470","2.4999","35.9310"
"209.5670","2.4996","35.8648"
"209.5870","2.4993","35.8435"
"209.6070","2.4990","35.8640"
"209.6270","2.4987","35.8215"
"209.6470","2.4983","35.7674"
"209.6670","2.4979","35.7240"
"209.6870","2.4975","35.7605"
"209.7070","2.4970","35.8444"
"209.7270","2.4967","35.8057"
"209.7470","2.4964","35.7546"
"209.7670","2.4962","35.7847"
"209.7870","2.4959","35.8307"
"209.8070","2.4957","35.7361"
"209.8270","2.4953","35.6754"
"209.8470","2.4950","35.7018"
"209.8670","2.4946","35.6647"
"209.8870","2.4942","35.6963"
"209.9070","2.4939","35.7749"
"209.9270","2.4936","35.6625"
"209.9470","2.4933","35.6394"
"209.9670","2.4930","35.6503"
"209.9870","2.4927","35.7146"
"210.0070","2.4924","35.7038"
"210.0270","2.4920","35.6619"
"210.0470","2.4915","35.6157"
"210.0670","2.4911","35.6184"
"210.0870","2.4907","35.6116"
"210.1070","2.4904","35.6135"
"210.1270","2.4901","35.6578"
"210.1470","2.4898","35.6498"
"210.1670","2.4895","35.7109"
"210.1870","2.4892","35.7522"
"210.2070","2.4889","35.7278"
"210.2270","2.4885","35.6429"
"210.2470","2.4882","35.5989"
"210.2670","2.4879","35.5319"
"210.2870","2.4876","35.5355"
"210.3070","2.4873","35.5406"
"210.3270","2.4870","35.6256"
"210.3470","2.4866","35.6660"
"210.3670","2.4862","35.6400"
"210.3870","2.4857","35.6164"
"210.4070","2.4853","35.6049"
"210.4270","2.4850","35.5865"
"210.4470","2.4848","35.5478"
"210.4670","2.4846","35.4835"
"210.4870","2.4843","35.5285"
"210.5070","2.4840","35.5833"
"210.5270","2.4837","35.5733"
"210.5470","2.4833","35.5965"
"210.5670","2.4829","35.5720"
"210.5870","2.4825","35.5053"
"210.6070","2.4822","35.5361"
"210.6270","2.4819","35.5288"
"210.6470","2.4816","35.5663"
"210.6670","2.4813","35.4702"
"210.6870","2.4810","35.3963"
"210.7070","2.4807","35.3740"
"210.7270","2.4802","35.4224"
"210.7470","2.4798","35.4460"
"210.7670","2.4794","35.4301"
"210.7870","2.4791","35.4445"
"210.8070","2.4788","35.4601"
"210.8270","2.4785","35.4382"
"210.8470","2.4782","35.4224"
"210.8670","2.4778","35.4447"
"210.8870","2.4775","35.4321"
"210.9070","2.4771","35.3686"
"210.9270","2.4768","35.4175"
"210.9470","2.4765","35.3881"
"210.9670","2.4763","35.3461"
"210.9870","2.4760","35.3309"
"211.0070","2.4757","35.3861"
"211.0270","2.4753","35.3832"
"211.0470","2.4749","35.3710"
"211.0670","2.4744","35.3657"
"211.0870","2.4740","35.2513"
"211.1070","2.4736","35.2004"
"211.1270","2.4734","35.2490"
"211.1470","2.4732","35.4398"
"211.1670","2.4729","35.4182"
"211.1870","2.4727","35.3628"
"211.2070","2.4724","35.3843"
"211.2270","2.4720","35.4000"
"211.2470","2.4716","35.3201"
"211.2670","2.4712","35.2797"
"211.2870","2.4709","35.2679"
"211.3070","2.4706","35.2440"
"211.3270","2.4703","35.2938"
"211.3470","2.4700","35.2186"
"211.3670","2.4697","35.3169"
"211.3870","2.4694","35.2938"
"211.4070","2.4690","35.2234"
"211.4270","2.4685","35.2228"
"211.4470","2.4681","35.2172"
"211.4670","2.4677","35.2681"
"211.4870","2.4674","35.2544"
"211.5070","2.4671","35.1144"
"211.5270","2.4668","35.0780"
"211.5470","2.4665","35.1653"
"211.5670","2.4662","35.1671"
"211.5870","2.4658","35.1537"
"211.6070","2.4655","35.2186"
"211.6270","2.4652","35.2393"
"211.6470","2.4649","35.2591"
"211.6670","2.4647","35.2129"
"211.6870","2.4644","35.2071"
"211.7070","2.4640","35.1747"
"211.7270","2.4636","35.1271"
"211.7470","2.4632","35.2191"
"211.7670","2.4627","35.2041"
"211.7870","2.4623","35.2078"
"211.8070","2.4620","35.1133"
"211.8270","2.4618","35.1132"
"211.8470","2.4616","35.1662"
"211.8670","2.4613","35.1610"
"211.8870","2.4610","35.1308"
"211.9070","2.4607","35.0696"
"211.9270","2.4603","35.0052"
"211.9470","2.4599","34.9842"
"211.9670","2.4595","35.0254"
"211.9870","2.4592","34.9669"
"212.0070","2.4589","34.9179"
"212.0270","2.4586","35.0042"
"212.0470","2.4583","34.9764"
"212.0670","2.4580","35.0066"
"212.0870","2.4577","34.9761"
"212.1070","2.4572","34.9813"
"212.1270","2.4568","35.0039"
"212.1470","2.4564","34.9731"
"212.1670","2.4561","35.0072"
"212.1870","2.4558","34.9957"
"212.2070","2.4555","34.9688"
"212.2270","2.4552","34.9518"
"212.2470","2.4548","35.0477"
"212.2670","2.4545","35.0227"
"212.2870","2.4541","34.9448"
"212.3070","2.4538","34.9103"
"212.3270","2.4535","34.9516"
"212.3470","2.4533","34.9580"
"212.3670","2.4530","34.9698"
"212.3870","2.4526","34.9738"
"212.4070","2.4516","34.9600"
"212.4270","2.4493","34.8800"
"212.4470","2.4470","34.7662"
"212.4670","2.4446","34.6580"
"212.4870","2.4416","34.6124"
"212.5070","2.4377","34.5686"
"212.5270","2.4335","34.5485"
"212.5470","2.4295","34.4515"
"212.5670","2.4258","34.2923"
"212.5870","2.4224","34.2461"
"212.6070","2.4191","34.2031"
"212.6270","2.4159","34.2237"
"212.6470","2.4126","34.1598"
"212.6670","2.4093","34.0711"
"212.6870","2.4060","33.9455"
"212.7070","2.4026","33.9409"
"212.7270","2.3992","33.8341"
"212.7470","2.3958","33.8245"
"212.7670","2.3924","33.7631"
"212.7870","2.3890","33.7045"
"212.8070","2.3857","33.6710"
"212.8270","2.3824","33.5712"
"212.8470","2.3791","33.5006"
"212.8670","2.3758","33.4082"
"212.8870","2.3725","33.3735"
"212.9070","2.3691","33.3146"
"212.9270","2.3658","33.2561"
"212.9470","2.3625","33.1764"
"212.9670","2.3592","33.0916"
"212.9870","2.3559","32.9944"
"213.0070","2.3526","32.9520"
"213.0270","2.3493","32.8392"
"213.0470","2.3459","32.7777"
"213.0670","2.3425","32.6841"
"213.0870","2.3391","32.5912"
"213.1070","2.3357","32.5587"
"213.1270","2.3324","32.5053"
"213.1470","2.3290","32.4821"
"213.1670","2.3257","32.4132"
"213.1870","2.3224","32.4425"
"213.2070","2.3191","32.4059"
"213.2270","2.3158","32.3996"
"213.2470","2.3125","32.3199"
"213.2670","2.3092","32.2485"
"213.2870","2.3059","32.2237"
"213.3070","2.3025","32.0313"
"213.3270","2.2992","31.8849"
"213.3470","2.2958","31.8692"
"213.3670","2.2925","31.8874"
"213.3870","2.2892","31.8940"
"213.4070","2.2858","31.8001"
"213.4270","2.2825","31.7293"
"213.4470","2.2792","31.6043"
"213.4670","2.2758","31.4844"
"213.4870","2.2725","31.4512"
"213.5070","2.2691","31.3786"
"213.5270","2.2658","31.3146"
"213.5470","2.2624","31.2846"
"213.5670","2.2591","31.2041"
"213.5870","2.2558","31.1148"
"213.6070","2.2525","31.0778"
"213.6270","2.2491","30.9849"
"213.6470","2.2458","30.8734"
"213.6670","2.2425","30.8200"
"213.6870","2.2392","30.7902"
"213.7070","2.2359","30.7686"
"213.7270","2.2325","30.7658"
"213.7470","2.2292","30.6531"
"213.7670","2.2259","30.5256"
"213.7870","2.2226","30.4345"
"213.8070","2.2192","30.3122"
"213.8270","2.2159","30.2665"
"213.8470","2.2125","30.2284"
"213.8670","2.2091","30.2582"
"213.8870","2.2057","30.2354"
"213.9070","2.2023","30.1703"
"213.9270","2.1990","30.1634"
"213.9470","2.1957","30.1175"
"213.9670","2.1924","30.0719"
"213.9870","2.1892","29.9040"
"214.0070","2.1859","29.8163"
"214.0270","2.1825","29.8000"
"214.0470","2.1792","29.7776"
"214.0670","2.1759","29.5938"
"214.0870","2.1726","29.5679"
"214.1070","2.1692","29.4989"
"214.1270","2.1659","29.3737"
"214.1470","2.1625","29.2574"
"214.1670","2.1591","29.3033"
"214.1870","2.1557","29.3429"
"214.2070","2.1524","29.2129"
"214.2270","2.1491","29.1186"
"214.2470","2.1458","29.0626"
"214.2670","2.1425","29.0110"
"214.2870","2.1391","28.9554"
"214.3070","2.1357","28.9036"
"214.3270","2.1324","28.7543"
"214.3470","2.1292","28.7445"
"214.3670","2.1259","28.7541"
"214.3870","2.1225","28.7960"
"214.4070","2.1192","28.7283"
"214.4270","2.1158","28.5740"
"214.4470","2.1125","28.4260"
"214.4670","2.1091","28.3802"
"214.4870","2.1058","28.3250"
"214.5070","2.1025","28.2754"
"214.5270","2.0992","28.2337"
"214.5470","2.0958","28.1876"
"214.5670","2.0925","28.1269"
"214.5870","2.0891","28.1268"
"214.6070","2.0858","28.0495"
"214.6270","2.0824","27.9624"
"214.6470","2.0790","27.8608"
"214.6670","2.0757","27.8221"
"214.6870","2.0724","27.7237"
"214.7070","2.0691","27.6352"
"214.7270","2.0658","27.6594"
"214.7470","2.0625","27.5994"
"214.7670","2.0592","27.5868"
"214.7870","2.0559","27.5457"
"214.8070","2.0526","27.4718"
"214.8270","2.0492","27.3767"
"214.8470","2.0459","27.3432"
"214.8670","2.0426","27.2551"
"214.8870","2.0392","27.1245"
"214.9070","2.0358","27.0572"
"214.9270","2.0324","26.9647"
"214.9470","2.0291","26.9842"
"214.9670","2.0257","26.9638"
"214.9870","2.0223","26.8676"
"215.0070","2.0190","26.7642"
"215.0270","2.0157","26.6782"
"215.0470","2.0124","26.6916"
"215.0670","2.0092","26.6129"
"215.0870","2.0059","26.6285"
"215.1070","2.0025","26.6168"
"215.1270","1.9992","26.4322"
"215.1470","1.9959","26.3874"
"215.1670","1.9926","26.2967"
"215.1870","1.9892","26.2086"
"215.2070","1.9859","26.1388"
"215.2270","1.9826","26.0719"
"215.2470","1.9792","25.9957"
"215.2670","1.9758","26.0182"
"215.2870","1.9724","25.9518"
"215.3070","1.9691","25.8828"
"215.3270","1.9657","25.8307"
"215.3470","1.9624","25.8031"
"215.3670","1.9591","25.7486"
"215.3870","1.9558","25.7343"
"215.4070","1.9525","25.6484"
"215.4270","1.9492","25.5422"
"215.4470","1.9459","25.4305"
"215.4670","1.9425","25.3738"
"215.4870","1.9392","25.3011"
"215.5070","1.9358","25.3396"
"215.5270","1.9325","25.2254"
"215.5470","1.9291","25.2000"
"215.5670","1.9258","25.0951"
"215.5870","1.9225","25.0295"
"215.6070","1.9192","25.0283"
"215.6270","1.9159","24.8736"
"215.6470","1.9125","24.7332"
"215.6670","1.9091","24.7397"
"215.6870","1.9058","24.7383"
"215.7070","1.9024","24.7259"
"215.7270","1.8991","24.7046"
"215.7470","1.8957","24.6599"
"215.7670","1.8925","24.5432"
"215.7870","1.8892","24.4688"
"215.8070","1.8859","24.4152"
"215.8270","1.8825","24.3802"
"215.8470","1.8792","24.3391"
"215.8670","1.8758","24.2422"
"215.8870","1.8725","24.1327"
"215.9070","1.8692","24.0552"
"215.9270","1.8659","24.0449"
"215.9470","1.8626","24.0442"
"215.9670","1.8592","23.9514"
"215.9870","1.8559","23.7866"
"216.0070","1.8525","23.7090"
"216.0270","1.8491","23.6732"
"216.0470","1.8457","23.6603"
"216.0670","1.8423","23.5524"
"216.0870","1.8390","23.4648"
"216.1070","1.8357","23.4505"
"216.1270","1.8324","23.4442"
"216.1470","1.8291","23.3412"
"216.1670","1.8259","23.3060"
"216.1870","1.8225","23.2487"
"216.2070","1.8192","23.2435"
"216.2270","1.8159","23.2173"
"216.2470","1.8126","23.0984"
"216.2670","1.8092","23.0098"
"216.2870","1.8058","22.9690"
"216.3070","1.8025","22.9807"
"216.3270","1.7991","22.9627"
"216.3470","1.7958","22.9014"
"216.3670","1.7924","22.7717"
"216.3870","1.7891","22.6700"
"216.4070","1.7857","22.5863"
"216.4270","1.7824","22.5862"
"216.4470","1.7791","22.5440"
"216.4670","1.7758","22.4546"
"216.4870","1.7725","22.3236"
"216.5070","1.7692","22.2232"
"216.5270","1.7659","22.1454"
"216.5470","1.7625","22.1757"
"216.5670","1.7591","22.1239"
"216.5870","1.7558","22.0473"
"216.6070","1.7525","21.9955"
"216.6270","1.7492","21.9804"
"216.6470","1.7459","21.9756"
"216.6670","1.7425","21.9721"
"216.6870","1.7392","21.8699"
"216.7070","1.7358","21.7855"
"216.7270","1.7325","21.7422"
"216.7470","1.7292","21.6465"
"216.7670","1.7258","21.6117"
"216.7870","1.7224","21.6628"
"216.8070","1.7191","21.5322"
"216.8270","1.7157","21.4277"
"216.8470","1.7124","21.3394"
"216.8670","1.7091","21.3432"
"216.8870","1.7058","21.1384"
"216.9070","1.7025","21.0914"
"216.9270","1.6992","21.0902"
"216.9470","1.6959","21.1168"
"216.9670","1.6925","21.0238"
"216.9870","1.6892","20.9355"
"217.0070","1.6859","20.8721"
"217.0270","1.6826","20.8458"
"217.0470","1.6792","20.6931"
"217.0670","1.6758","20.7350"
"217.0870","1.6725","20.6722"
"217.1070","1.6691","20.5689"
"217.1270","1.6657","20.5773"
"217.1470","1.6624","20.5177"
"217.1670","1.6590","20.4667"
"217.1870","1.6557","20.3846"
"217.2070","1.6525","20.2431"
"217.2270","1.6492","20.2038"
"217.2470","1.6459","20.2280"
"217.2670","1.6426","20.1537"
"217.2870","1.6392","20.1607"
"217.3070","1.6358","20.0328"
"217.3270","1.6325","19.9499"
"217.3470","1.6292","19.9395"
"217.3670","1.6259","19.8838"
"217.3870","1.6225","19.7848"
"217.4070","1.6192","19.6759"
"217.4270","1.6158","19.6441"
"217.4470","1.6124","19.6189"
"217.4670","1.6091","19.6065"
"217.4870","1.6057","19.5548"
"217.5070","1.6024","19.5223"
"217.5270","1.5990","19.4210"
"217.5470","1.5957","19.3239"
"217.5670","1.5925","19.2142"
"217.5870","1.5892","19.1318"
"217.6070","1.5859","19.0871"
"217.6270","1.5825","19.1451"
"217.6470","1.5791","19.1127"
"217.6670","1.5758","18.9499"
"217.6870","1.5725","18.8990"
"217.7070","1.5692","18.8548"
"217.7270","1.5659","18.7753"
"217.7470","1.5626","18.7113"
"217.7670","1.5593","18.6853"
"217.7870","1.5559","18.6672"
"217.8070","1.5525","18.6250"
"217.8270","1.5492","18.5220"
"217.8470","1.5458","18.4636"
"217.8670","1.5424","18.3713"
"217.8870","1.5390","18.4147"
"217.9070","1.5357","18.3063"
"217.9270","1.5324","18.2336"
"217.9470","1.5291","18.1971"
"217.9670","1.5258","18.0949"
"217.9870","1.5225","18.0136"
"218.0070","1.5192","18.0103"
"218.0270","1.5159","17.9666"
"218.0470","1.5126","17.8669"
"218.0670","1.5093","17.8222"
"218.0870","1.5059","17.7653"
"218.1070","1.5026","17.7889"
"218.1270","1.4992","17.7287"
"218.1470","1.4959","17.6527"
"218.1670","1.4925","17.5680"
"218.1870","1.4891","17.5200"
"218.2070","1.4857","17.4783"
"218.2270","1.4824","17.3610"
"218.2470","1.4790","17.3263"
"218.2670","1.4757","17.3102"
"218.2870","1.4724","17.2343"
"218.3070","1.4692","17.1459"
"218.3270","1.4659","17.1345"
"218.3470","1.4625","17.0550"
"218.3670","1.4592","16.9952"
"218.3870","1.4559","16.8698"
"218.4070","1.4525","16.8443"
"218.4270","1.4492","16.7739"
"218.4470","1.4458","16.7349"
"218.4670","1.4425","16.7433"
"218.4870","1.4391","16.7837"
"218.5070","1.4358","16.6761"
"218.5270","1.4324","16.6046"
"218.5470","1.4291","16.5674"
"218.5670","1.4257","16.5640"
"218.5870","1.4224","16.4518"
"218.6070","1.4191","16.3240"
"218.6270","1.4158","16.2640"
"218.6470","1.4125","16.2313"
"218.6670","1.4092","16.2043"
"218.6870","1.4058","16.1529"
"218.7070","1.4025","16.1459"
"218.7270","1.3992","16.0496"
"218.7470","1.3958","15.9738"
"218.7670","1.3925","15.8812"
"218.7870","1.3892","15.7763"
"218.8070","1.3858","15.7037"
"218.8270","1.3825","15.6318"
"218.8470","1.3792","15.6881"
"218.8670","1.3759","15.6855"
"218.8870","1.3725","15.5950"
"218.9070","1.3692","15.5204"
"218.9270","1.3658","15.4912"
"218.9470","1.3624","15.4030"
"218.9670","1.3590","15.3502"
"218.9870","1.3557","15.2784"
"219.0070","1.3524","15.2622"
"219.0270","1.3491","15.1684"
"219.0470","1.3458","15.1402"
"219.0670","1.3425","15.0786"
"219.0870","1.3391","14.9845"
"219.1070","1.3358","14.9618"
"219.1270","1.3325","14.8734"
"219.1470","1.3292","14.7528"
"219.1670","1.3259","14.6969"
"219.1870","1.3225","14.6405"
"219.2070","1.3192","14.6674"
"219.2270","1.3159","14.7054"
"219.2470","1.3125","14.5844"
"219.2670","1.3091","14.4743"
"219.2870","1.3058","14.3955"
"219.3070","1.3024","14.4252"
"219.3270","1.2990","14.3326"
"219.3470","1.2957","14.2275"
"219.3670","1.2924","14.1389"
"219.3870","1.2891","14.1306"
"219.4070","1.2858","14.1338"
"219.4270","1.2825","14.1556"
"219.4470","1.2792","14.0646"
"219.4670","1.2759","13.9390"
"219.4870","1.2726","13.9178"
"219.5070","1.2693","13.8420"
"219.5270","1.2659","13.7558"
"219.5470","1.2626","13.6880"
"219.5670","1.2592","13.5912"
"219.5870","1.2558","13.5483"
"219.6070","1.2525","13.5168"
"219.6270","1.2491","13.4736"
"219.6470","1.2458","13.5013"
"219.6670","1.2424","13.5166"
"219.6870","1.2391","13.3803"
"219.7070","1.2358","13.2710"
"219.7270","1.2324","13.2404"
"219.7470","1.2291","13.1717"
"219.7670","1.2258","13.0611"
"219.7870","1.2225","13.0307"
"219.8070","1.2192","13.0866"
"219.8270","1.2158","12.9956"
"219.8470","1.2125","12.9688"
"219.8670","1.2091","12.8859"
"219.8870","1.2058","12.7358"
"219.9070","1.2025","12.7120"
"219.9270","1.1992","12.7716"
"219.9470","1.1959","12.6932"
"219.9670","1.1925","12.5556"
"219.9870","1.1892","12.4980"
"220.0070","1.1858","12.4477"
"220.0270","1.1824","12.3735"
"220.0470","1.1790","12.3220"
"220.0670","1.1757","12.2680"
"220.0870","1.1724","12.2108"
"220.1070","1.1691","12.1316"
"220.1270","1.1658","12.0832"
"220.1470","1.1625","12.0082"
"220.1670","1.1592","11.9615"
"220.1870","1.1559","11.9294"
"220.2070","1.1525","11.8800"
"220.2270","1.1492","11.7746"
"220.2470","1.1459","11.8126"
"220.2670","1.1426","11.7554"
"220.2870","1.1392","11.5452"
"220.3070","1.1359","11.4684"
"220.3270","1.1325","11.5026"
"220.3470","1.1291","11.5366"
"220.3670","1.1258","11.4959"
"220.3870","1.1224","11.3543"
"220.4070","1.1190","11.2374"
"220.4270","1.1157","11.1941"
"220.4470","1.1124","11.1095"
"220.4670","1.1091","11.1089"
"220.4870","1.1058","11.1105"
"220.5070","1.1025","11.0892"
"220.5270","1.0992","11.0666"
"220.5470","1.0959","10.9160"
"220.5670","1.0925","10.8548"
"220.5870","1.0892","10.9101"
"220.6070","1.0858","10.8967"
"220.6270","1.0825","10.7956"
"220.6470","1.0792","10.6896"
"220.6670","1.0758","10.6347"
"220.6870","1.0725","10.5836"
"220.7070","1.0691","10.4490"
"220.7270","1.0658","10.3821"
"220.7470","1.0625","10.3208"
"220.7670","1.0591","10.2989"
"220.7870","1.0558","10.2713"
"220.8070","1.0525","10.1979"
"220.8270","1.0491","10.1723"
"220.8470","1.0458","10.0337"
"220.8670","1.0425","9.9663"
"220.8870","1.0392","9.9585"
"220.9070","1.0358","9.9018"
"220.9270","1.0325","9.8117"
"220.9470","1.0292","9.7605"
"220.9670","1.0259","9.7349"
"220.9870","1.0226","9.7188"
"221.0070","1.0192","9.6366"
"221.0270","1.0159","9.5810"
"221.0470","1.0125","9.5047"
"221.0670","1.0092","9.4439"
"221.0870","1.0058","9.4776"
"221.1070","1.0024","9.4383"
"221.1270","0.9991","9.3222"
"221.1470","0.9958","9.2936"
"221.1670","0.9924","9.1687"
"221.1870","0.9891","9.1662"
"221.2070","0.9858","9.2020"
"221.2270","0.9825","9.0670"
"221.2470","0.9792","8.9615"
"221.2670","0.9759","8.8566"
"221.2870","0.9725","8.8200"
"221.3070","0.9692","8.8261"
"221.3270","0.9659","8.8241"
"221.3470","0.9626","8.7485"
"221.3670","0.9593","8.7232"
"221.3870","0.9559","8.6900"
"221.4070","0.9525","8.5924"
"221.4270","0.9491","8.4469"
"221.4470","0.9457","8.2812"
"221.4670","0.9423","8.2211"
"221.4870","0.9390","8.2423"
"221.5070","0.9357","8.2059"
"221.5270","0.9324","8.1544"
"221.5470","0.9291","8.1051"
"221.5670","0.9259","8.0676"
"221.5870","0.9225","8.0887"
"221.6070","0.9192","8.0710"
"221.6270","0.9159","7.9873"
"221.6470","0.9125","7.9460"
"221.6670","0.9092","7.9041"
"221.6870","0.9058","7.7624"
"221.7070","0.9025","7.6822"
"221.7270","0.8991","7.5972"
"221.7470","0.8958","7.4943"
"221.7670","0.8925","7.4825"
"221.7870","0.8891","7.5075"
"221.8070","0.8858","7.4550"
"221.8270","0.8824","7.3381"
"221.8470","0.8793","7.2853"
"221.8670","0.8773","7.3304"
"221.8870","0.8767","7.3357"
"221.9070","0.8768","7.3381"
"221.9270","0.8769","7.2138"
"221.9470","0.8770","7.2548"
"221.9670","0.8770","7.3515"
"221.9870","0.8770","7.3865"
"222.0070","0.8769","7.3936"
"222.0270","0.8769","7.3897"
"222.0470","0.8769","7.3911"
"222.0670","0.8767","7.3818"
"222.0870","0.8763","7.3511"
"222.1070","0.8758","7.3883"
"222.1270","0.8753","7.3362"
"222.1470","0.8748","7.2983"
"222.1670","0.8745","7.2935"
"222.1870","0.8742","7.3291"
"222.2070","0.8738","7.3463"
"222.2270","0.8734","7.2856"
"222.2470","0.8730","7.2947"
"222.2670","0.8726","7.3030"
"222.2870","0.8722","7.2955"
"222.3070","0.8719","7.2693"
"222.3270","0.8716","7.3070"
"222.3470","0.8713","7.3297"
"222.3670","0.8710","7.2498"
"222.3870","0.8707","7.1313"
"222.4070","0.8703","7.2148"
"222.4270","0.8699","7.2081"
"222.4470","0.8696","7.2335"
"222.4670","0.8693","7.3061"
"222.4870","0.8691","7.2710"
"222.5070","0.8688","7.2512"
"222.5270","0.8685","7.3671"
"222.5470","0.8681","7.3979"
"222.5670","0.8677","7.3497"
"222.5870","0.8672","7.2725"
"222.6070","0.8668","7.2404"
"222.6270","0.8664","7.2357"
"222.6470","0.8662","7.2434"
"222.6670","0.8660","7.2263"
"222.6870","0.8657","7.1979"
"222.7070","0.8654","7.1568"
"222.7270","0.8651","7.2164"
"222.7470","0.8647","7.2027"
"222.7670","0.8643","7.3025"
"222.7870","0.8639","7.3405"
"222.8070","0.8636","7.3061"
"222.8270","0.8633","7.2323"
"222.8470","0.8630","7.1700"
"222.8670","0.8627","7.1269"
"222.8870","0.8624","7.0715"
"222.9070","0.8620","7.1683"
"222.9270","0.8616","7.1940"
"222.9470","0.8612","7.2069"
"222.9670","0.8608","7.1869"
"222.9870","0.8605","7.0798"
"223.0070","0.8602","7.0298"
"223.0270","0.8599","7.1097"
"223.0470","0.8596","7.1833"
"223.0670","0.8593","7.2324"
"223.0870","0.8589","7.1501"
"223.1070","0.8586","7.0849"
"223.1270","0.8582","7.1022"
"223.1470","0.8579","7.1160"
"223.1670","0.8577","7.0563"
"223.1870","0.8574","7.0398"
"223.2070","0.8571","7.0407"
"223.2270","0.8567","7.0593"
"223.2470","0.8563","7.0704"
"223.2670","0.8559","7.1158"
"223.2870","0.8555","7.1848"
"223.3070","0.8551","7.1187"
"223.3270","0.8548","7.0545"
"223.3470","0.8546","7.0423"
"223.3670","0.8544","7.0325"
"223.3870","0.8541","7.0178"
"223.4070","0.8538","7.0356"
"223.4270","0.8534","7.0047"
"223.4470","0.8530","7.0138"
"223.4670","0.8526","7.0630"
"223.4870","0.8523","7.0199"
"223.5070","0.8519","7.0979"
"223.5270","0.8516","7.1677"
"223.5470","0.8514","7.1703"
"223.5670","0.8510","7.0569"
"223.5870","0.8507","7.1127"
"223.6070","0.8503","7.0643"
"223.6270","0.8499","6.9634"
"223.6470","0.8495","6.9836"
"223.6670","0.8491","7.0636"
"223.6870","0.8488","7.0296"
"223.7070","0.8486","7.0161"
"223.7270","0.8483","7.0592"
"223.7470","0.8480","7.0612"
"223.7670","0.8476","6.9929"
"223.7870","0.8473","6.9482"
"223.8070","0.8469","6.9183"
"223.8270","0.8466","6.9595"
"223.8470","0.8463","7.0550"
"223.8670","0.8460","7.0439"
"223.8870","0.8457","7.0563"
"223.9070","0.8454","6.9940"
"223.9270","0.8450","6.8725"
"223.9470","0.8446","6.8992"
"223.9670","0.8442","6.8851"
"223.9870","0.8438","6.8492"
"224.0070","0.8435","6.8774"
"224.0270","0.8432","6.9601"
"224.0470","0.8430","6.9691"
"224.0670","0.8427","6.9668"
"224.0870","0.8424","6.9711"
"224.1070","0.8421","6.9918"
"224.1270","0.8417","6.9736"
"224.1470","0.8413","6.9458"
"224.1670","0.8409","6.8591"
"224.1870","0.8406","6.8994"
"224.2070","0.8403","6.9162"
"224.2270","0.8400","6.8174"
"224.2470","0.8397","6.8466"
"224.2670","0.8394","6.9577"
"224.2870","0.8390","6.9340"
"224.3070","0.8386","6.8447"
"224.3270","0.8382","6.8142"
"224.3470","0.8378","6.8555"
"224.3670","0.8375","6.9193"
"224.3870","0.8372","6.9252"
"224.4070","0.8369","6.8346"
"224.4270","0.8366","6.8200"
"224.4470","0.8363","6.8007"
"224.4670","0.8359","6.8001"
"224.4870","0.8356","6.8432"
"224.5070","0.8352","6.8233"
"224.5270","0.8349","6.7943"
"224.5470","0.8347","6.8792"
"224.5670","0.8344","6.8577"
"224.5870","0.8341","6.8020"
"224.6070","0.8337","6.7669"
"224.6270","0.8333","6.8818"
"224.6470","0.8328","6.9227"
"224.6670","0.8324","6.7787"
"224.6870","0.8321","6.7144"
"224.7070","0.8318","6.7926"
"224.7270","0.8316","6.8908"
"224.7470","0.8313","6.8403"
"224.7670","0.8311","6.8375"
"224.7870","0.8307","6.8726"
"224.8070","0.8304","6.8740"
"224.8270","0.8300","6.8023"
"224.8470","0.8296","6.7731"
"224.8670","0.8293","6.7199"
"224.8870","0.8289","6.7715"
"224.9070","0.8287","6.7670"
"224.9270","0.8284","6.8231"
"224.9470","0.8281","6.7357"
"224.9670","0.8277","6.7111"
"224.9870","0.8273","6.6588"
"225.0070","0.8268","6.6543"
"225.0270","0.8264","6.7117"
"225.0470","0.8261","6.6938"
"225.0670","0.8258","6.6568"
"225.0870","0.8255","6.6468"
"225.1070","0.8253","6.6562"
"225.1270","0.8250","6.6776"
"225.1470","0.8246","6.6895"
"225.1670","0.8243","6.7328"
"225.1870","0.8239","6.6913"
"225.2070","0.8236","6.6740"
"225.2270","0.8233","6.6794"
"225.2470","0.8230","6.7100"
"225.2670","0.8227","6.7208"
"225.2870","0.8224","6.6547"
"225.3070","0.8220","6.6411"
"225.3270","0.8215","6.6287"
"225.3470","0.8211","6.6840"
"225.3670","0.8207","6.6738"
"225.3870","0.8204","6.5957"
"225.4070","0.8202","6.6321"
"225.4270","0.8200","6.6735"
"225.4470","0.8197","6.7401"
"225.4670","0.8194","6.6603"
"225.4870","0.8191","6.6811"
"225.5070","0.8187","6.7076"
"225.5270","0.8183","6.7343"
"225.5470","0.8179","6.7652"
"225.5670","0.8176","6.7604"
"225.5870","0.8173","6.7135"
"225.6070","0.8170","6.7552"
"225.6270","0.8167","6.8005"
"225.6470","0.8164","6.7694"
"225.6670","0.8160","6.7708"
"225.6870","0.8155","6.6913"
"225.7070","0.8151","6.6907"
"225.7270","0.8147","6.7652"
"225.7470","0.8144","6.7030"
"225.7670","0.8141","6.7353"
"225.7870","0.8139","6.7391"
"225.8070","0.8136","6.7207"
"225.8270","0.8133","6.6996"
"225.8470","0.8129","6.6252"
"225.8670","0.8126","6.6228"
"225.8870","0.8122","6.6462"
"225.9070","0.8119","6.6888"
"225.9270","0.8117","6.7185"
"225.9470","0.8114","6.6819"
"225.9670","0.8111","6.6791"
"225.9870","0.8107","6.6353"
"226.0070","0.8103","6.6581"
"226.0270","0.8098","6.6223"
"226.0470","0.8094","6.6711"
"226.0670","0.8091","6.7706"
"226.0870","0.8088","6.7390"
"226.1070","0.8086","6.5933"
"226.1270","0.8084","6.6084"
"226.1470","0.8081","6.6918"
"226.1670","0.8078","6.7774"
"226.1870","0.8074","6.7239"
"226.2070","0.8070","6.6562"
"226.2270","0.8066","6.6695"
"226.2470","0.8063","6.6179"
"226.2670","0.8060","6.6384"
"226.2870","0.8057","6.6804"
"226.3070","0.8054","6.6803"
"226.3270","0.8051","6.6022"
"226.3470","0.8047","6.5642"
"226.3670","0.8043","6.6538"
"226.3870","0.8039","6.6083"
"226.4070","0.8035","6.6351"
"226.4270","0.8031","6.6949"
"226.4470","0.8028","6.5664"
"226.4670","0.8025","6.6133"
"226.4870","0.8023","6.5770"
"226.5070","0.8019","6.5619"
"226.5270","0.8016","6.6113"
"226.5470","0.8013","6.6374"
"226.5670","0.8009","6.5925"
"226.5870","0.8006","6.5531"
"226.6070","0.8003","6.5315"
"226.6270","0.8000","6.6896"
"226.6470","0.7997","6.6784"
"226.6670","0.7994","6.5941"
"226.6870","0.7990","6.5407"
"226.7070","0.7986","6.5649"
"226.7270","0.7981","6.6063"
"226.7470","0.7977","6.5576"
"226.7670","0.7975","6.4953"
"226.7870","0.7972","6.5307"
"226.8070","0.7970","6.5376"
"226.8270","0.7967","6.4917"
"226.8470","0.7964","6.4596"
"226.8670","0.7961","6.5477"
"226.8870","0.7957","6.6096"
"226.9070","0.7953","6.6343"
"226.9270","0.7949","6.6607"
"226.9470","0.7946","6.6183"
"226.9670","0.7943","6.5584"
"226.9870","0.7941","6.5734"
"227.0070","0.7938","6.5083"
"227.0270","0.7934","6.4846"
"227.0470","0.7930","6.5607"
"227.0670","0.7926","6.5610"
"227.0870","0.7922","6.4656"
"227.1070","0.7918","6.4090"
"227.1270","0.7915","6.4769"
"227.1470","0.7912","6.4878"
"227.1670","0.7909","6.5153"
"227.1870","0.7906","6.4151"
"227.2070","0.7902","6.4691"
"227.2270","0.7899","6.5298"
"227.2470","0.7895","6.5880"
"227.2670","0.7892","6.6750"
"227.2870","0.7889","6.5700"
"227.3070","0.7887","6.5050"
"227.3270","0.7884","6.5162"
"227.3470","0.7881","6.4895"
"227.3670","0.7877","6.5089"
"227.3870","0.7872","6.5510"
"227.4070","0.7868","6.5610"
"227.4270","0.7864","6.5402"
"227.4470","0.7861","6.5264"
"227.4670","0.7858","6.4731"
"227.4870","0.7856","6.4731"
"227.5070","0.7854","6.4373"
"227.5270","0.7851","6.5400"
"227.5470","0.7847","6.5656"
"227.5670","0.7844","6.4956"
"227.5870","0.7840","6.4025"
"227.6070","0.7836","6.4395"
"227.6270","0.7833","6.4789"
"227.6470","0.7830","6.5226"
"227.6670","0.7827","6.4415"
"227.6870","0.7824","6.4410"
"227.7070","0.7821","6.4367"
"227.7270","0.7817","6.4055"
"227.7470","0.7813","6.4146"
"227.7670","0.7809","6.4804"
"227.7870","0.7805","6.4582"
"227.8070","0.7801","6.4252"
"227.8270","0.7798","6.3915"
"227.8470","0.7795","6.4216"
"227.8670","0.7792","6.4761"
"227.8870","0.7789","6.4803"
"227.9070","0.7785","6.4767"
"227.9270","0.7782","6.4314"
"227.9470","0.7779","6.3945"
"227.9670","0.7776","6.4126"
"227.9870","0.7774","6.4406"
"228.0070","0.7771","6.4479"
"228.0270","0.7768","6.4731"
"228.0470","0.7764","6.4174"
"228.0670","0.7760","6.3482"
"228.0870","0.7755","6.3607"
"228.1070","0.7751","6.4019"
"228.1270","0.7747","6.3714"
"228.1470","0.7744","6.3788"
"228.1670","0.7742","6.3706"
"228.1870","0.7740","6.4325"
"228.2070","0.7737","6.4739"
"228.2270","0.7734","6.4556"
"228.2470","0.7730","6.4144"
"228.2670","0.7726","6.3884"
"228.2870","0.7723","6.3760"
"228.3070","0.7719","6.4379"
"228.3270","0.7716","6.4543"
"228.3470","0.7713","6.4039"
"228.3670","0.7710","6.3180"
"228.3870","0.7707","6.3498"
"228.4070","0.7704","6.3755"
"228.4270","0.7700","6.3989"
"228.4470","0.7696","6.3710"
"228.4670","0.7692","6.3305"
"228.4870","0.7688","6.2821"
"228.5070","0.7685","6.2864"
"228.5270","0.7682","6.3440"
"228.5470","0.7679","6.3540"
"228.5670","0.7676","6.2754"
"228.5870","0.7672","6.2775"
"228.6070","0.7669","6.3880"
"228.6270","0.7665","6.3773"
"228.6470","0.7662","6.3007"
"228.6670","0.7659","6.3183"
"228.6870","0.7657","6.4113"
"228.7070","0.7654","6.4583"
"228.7270","0.7651","6.4117"
"228.7470","0.7647","6.3637"
"228.7670","0.7643","6.3185"
"228.7870","0.7638","6.3733"
"228.8070","0.7634","6.3540"
"228.8270","0.7631","6.3044"
"228.8470","0.7628","6.2665"
"228.8670","0.7626","6.2736"
"228.8870","0.7623","6.3569"
"228.9070","0.7620","6.2894"
"228.9270","0.7617","6.2379"
"228.9470","0.7613","6.2772"
"228.9670","0.7609","6.2923"
"228.9870","0.7606","6.3614"
"229.0070","0.7603","6.3526"
"229.0270","0.7600","6.3054"
"229.0470","0.7597","6.2843"
"229.0670","0.7594","6.2774"
"229.0870","0.7591","6.2985"
"229.1070","0.7587","6.4052"
"229.1270","0.7583","6.3997"
"229.1470","0.7579","6.3237"
"229.1670","0.7575","6.2818"
"229.1870","0.7572","6.2910"
"229.2070","0.7569","6.3776"
"229.2270","0.7566","6.3295"
"229.2470","0.7563","6.3163"
"229.2670","0.7559","6.2796"
"229.2870","0.7556","6.2879"
"229.3070","0.7552","6.2495"
"229.3270","0.7549","6.2270"
"229.3470","0.7546","6.2357"
"229.3670","0.7544","6.2981"
"229.3870","0.7541","6.3573"
"229.4070","0.7537","6.2557"
"229.4270","0.7534","6.2145"
"229.4470","0.7530","6.1980"
"229.4670","0.7525","6.2409"
"229.4870","0.7521","6.1777"
"229.5070","0.7517","6.1870"
"229.5270","0.7515","6.2663"
"229.5470","0.7512","6.2965"
"229.5670","0.7510","6.2180"
"229.5870","0.7507","6.1957"
"229.6070","0.7504","6.2473"
"229.6270","0.7500","6.2839"
"229.6470","0.7497","6.2141"
"229.6670","0.7493","6.1704"
"229.6870","0.7489","6.2289"
"229.7070","0.7486","6.2255"
"229.7270","0.7484","6.2091"
"229.7470","0.7481","6.1612"
"229.7670","0.7478","6.1948"
"229.7870","0.7474","6.2207"
"229.8070","0.7470","6.2450"
"229.8270","0.7466","6.2654"
"229.8470","0.7462","6.2793"
"229.8670","0.7458","6.2801"
"229.8870","0.7455","6.1484"
"229.9070","0.7452","6.0740"
"229.9270","0.7449","6.1958"
"229.9470","0.7446","6.2602"
"229.9670","0.7442","6.1820"
"229.9870","0.7439","6.1370"
"230.0070","0.7435","6.1142"
"230.0270","0.7432","6.1764"
"230.0470","0.7430","6.1870"
"230.0670","0.7427","6.2732"
"230.0870","0.7424","6.2639"
"230.1070","0.7421","6.1910"
"230.1270","0.7417","6.1312"
"230.1470","0.7412","6.2323"
"230.1670","0.7408","6.2098"
"230.1870","0.7404","6.1493"
"230.2070","0.7401","6.1573"
"230.2270","0.7399","6.1492"
"230.2470","0.7396","6.1572"
"230.2670","0.7394","6.2395"
"230.2870","0.7391","6.1892"
"230.3070","0.7387","6.1279"
"230.3270","0.7383","6.1704"
"230.3470","0.7379","6.1416"
"230.3670","0.7376","6.1735"
"230.3870","0.7373","6.1713"
"230.4070","0.7370","6.1251"
"230.4270","0.7367","6.0925"
"230.4470","0.7364","6.1721"
"230.4670","0.7361","6.2043"
"230.4870","0.7357","6.1478"
"230.5070","0.7353","6.0661"
"230.5270","0.7349","6.0460"
"230.5470","0.7345","6.0718"
"230.5670","0.7341","6.0851"
"230.5870","0.7338","6.0892"
"230.6070","0.7336","6.1013"
"230.6270","0.7332","6.1871"
"230.6470","0.7329","6.1466"
"230.6670","0.7326","6.0697"
"230.6870","0.7322","6.0825"
"230.7070","0.7319","6.0987"
"230.7270","0.7316","6.1146"
"230.7470","0.7314","5.9305"
"230.7670","0.7311","5.9076"
"230.7870","0.7308","5.9556"
"230.8070","0.7304","6.0715"
"230.8270","0.7300","6.0993"
"230.8470","0.7295","6.0552"
"230.8670","0.7291","6.0190"
"230.8870","0.7288","5.9690"
"230.9070","0.7285","6.0027"
"230.9270","0.7283","6.0110"
"230.9470","0.7280","6.0358"
"230.9670","0.7277","6.0460"
"230.9870","0.7274","6.0452"
"231.0070","0.7270","6.0470"
"231.0270","0.7266","6.0092"
"231.0470","0.7262","5.9759"
"231.0670","0.7259","5.9651"
"231.0870","0.7256","5.9732"
"231.1070","0.7254","6.0633"
"231.1270","0.7251","6.0674"
"231.1470","0.7248","6.0946"
"231.1670","0.7244","6.0257"
"231.1870","0.7240","6.0032"
"231.2070","0.7236","6.0091"
"231.2270","0.7231","6.0275"
"231.2470","0.7228","6.0323"
"231.2670","0.7225","6.0535"
"231.2870","0.7222","6.0647"
"231.3070","0.7219","5.9975"
"231.3270","0.7216","6.0357"
"231.3470","0.7213","5.9576"
"231.3670","0.7209","5.8420"
"231.3870","0.7206","5.8956"
"231.4070","0.7203","5.9023"
"231.4270","0.7200","5.9359"
"231.4470","0.7197","5.9101"
"231.4670","0.7194","5.9025"
"231.4870","0.7191","5.9581"
"231.5070","0.7187","5.9132"
"231.5270","0.7182","5.9616"
"231.5470","0.7178","5.9397"
"231.5670","0.7174","5.8851"
"231.5870","0.7171","5.9113"
"231.6070","0.7169","5.9094"
"231.6270","0.7166","5.9382"
"231.6470","0.7164","5.9439"
"231.6670","0.7160","5.9129"
"231.6870","0.7157","5.9377"
"231.7070","0.7153","5.9317"
"231.7270","0.7149","5.9664"
"231.7470","0.7146","5.9787"
"231.7670","0.7143","5.8731"
"231.7870","0.7140","5.9101"
"231.8070","0.7137","5.9407"
"231.8270","0.7134","5.8867"
"231.8470","0.7131","5.8161"
"231.8670","0.7127","5.8741"
"231.8870","0.7122","5.8765"
"231.9070","0.7118","5.8310"
"231.9270","0.7115","5.8400"
"231.9470","0.7111","5.8294"
"231.9670","0.7109","5.8631"
"231.9870","0.7106","5.8417"
"232.0070","0.7103","5.8065"
"232.0270","0.7099","5.7609"
"232.0470","0.7096","5.6940"
"232.0670","0.7092","5.7798"
"232.0870","0.7089","5.7759"
"232.1070","0.7087","5.7529"
"232.1270","0.7084","5.7405"
"232.1470","0.7081","5.8333"
"232.1670","0.7077","5.8467"
"232.1870","0.7073","5.7703"
"232.2070","0.7069","5.8004"
"232.2270","0.7064","5.8501"
"232.2470","0.7060","5.7920"
"232.2670","0.7057","5.7577"
"232.2870","0.7055","5.7208"
"232.3070","0.7053","5.7310"
"232.3270","0.7050","5.8092"
"232.3470","0.7047","5.8002"
"232.3670","0.7044","5.7267"
"232.3870","0.7040","5.6658"
"232.4070","0.7036","5.6718"
"232.4270","0.7032","5.6639"
"232.4470","0.7029","5.6762"
"232.4670","0.7026","5.6070"
"232.4870","0.7023","5.5855"
"232.5070","0.7020","5.5971"
"232.5270","0.7017","5.6696"
"232.5470","0.7013","5.7041"
"232.5670","0.7009","5.7028"
"232.5870","0.7005","5.6950"
"232.6070","0.7001","5.6987"
"232.6270","0.6998","5.6777"
"232.6470","0.6995","5.6335"
"232.6670","0.6992","5.6651"
"232.6870","0.6989","5.6151"
"232.7070","0.6986","5.6175"
"232.7270","0.6983","5.5760"
"232.7470","0.6979","5.6197"
"232.7670","0.6976","5.7279"
"232.7870","0.6973","5.6443"
"232.8070","0.6970","5.6209"
"232.8270","0.6967","5.5618"
"232.8470","0.6964","5.5792"
"232.8670","0.6960","5.5661"
"232.8870","0.6956","5.5207"
"232.9070","0.6951","5.5105"
"232.9270","0.6947","5.5755"
"232.9470","0.6944","5.5391"
"232.9670","0.6941","5.5370"
"232.9870","0.6939","5.4938"
"233.0070","0.6937","5.5124"
"233.0270","0.6934","5.5154"
"233.0470","0.6931","5.4900"
"233.0670","0.6927","5.5027"
"233.0870","0.6923","5.5002"
"233.1070","0.6919","5.5830"
"233.1270","0.6916","5.5945"
"233.1470","0.6913","5.5892"
"233.1670","0.6910","5.5475"
"233.1870","0.6907","5.5599"
"233.2070","0.6904","5.5329"
"233.2270","0.6900","5.5175"
"233.2470","0.6896","5.4959"
"233.2670","0.6892","5.3595"
"233.2870","0.6888","5.3850"
"233.3070","0.6885","5.4575"
"233.3270","0.6882","5.4723"
"233.3470","0.6879","5.4123"
"233.3670","0.6876","5.3741"
"233.3870","0.6873","5.4463"
"233.4070","0.6869","5.4600"
"233.4270","0.6866","5.4250"
"233.4470","0.6863","5.4357"
"233.4670","0.6859","5.4183"
"233.4870","0.6857","5.3353"
"233.5070","0.6854","5.3599"
"233.5270","0.6851","5.4571"
"233.5470","0.6848","5.5792"
"233.5670","0.6844","5.6203"
"233.5870","0.6839","5.5813"
"233.6070","0.6834","5.4887"
"233.6270","0.6830","5.3772"
"233.6470","0.6827","5.3149"
"233.6670","0.6825","5.3264"
"233.6870","0.6823","5.3715"
"233.7070","0.6820","5.4002"
"233.7270","0.6817","5.3401"
"233.7470","0.6814","5.3507"
"233.7670","0.6810","5.2917"
"233.7870","0.6806","5.2468"
"233.8070","0.6803","5.3104"
"233.8270","0.6799","5.3247"
"233.8470","0.6796","5.3760"
"233.8670","0.6793","5.3394"
"233.8870","0.6791","5.2491"
"233.9070","0.6787","5.3461"
"233.9270","0.6783","5.3876"
"233.9470","0.6779","5.3322"
"233.9670","0.6775","5.3253"
"233.9870","0.6771","5.2566"
"234.0070","0.6768","5.2012"
"234.0270","0.6765","5.2538"
"234.0470","0.6762","5.2342"
"234.0670","0.6760","5.1536"
"234.0870","0.6756","5.1531"
"234.1070","0.6753","5.2166"
"234.1270","0.6749","5.2014"
"234.1470","0.6746","5.2190"
"234.1670","0.6743","5.2426"
"234.1870","0.6740","5.2602"
"234.2070","0.6737","5.2339"
"234.2270","0.6734","5.1799"
"234.2470","0.6731","5.1072"
"234.2670","0.6726","5.1737"
"234.2870","0.6722","5.2446"
"234.3070","0.6717","5.2679"
"234.3270","0.6714","5.2669"
"234.3470","0.6711","5.2195"
"234.3670","0.6709","5.1381"
"234.3870","0.6707","5.0671"
"234.4070","0.6704","5.0808"
"234.4270","0.6701","5.1309"
"234.4470","0.6697","5.1275"
"234.4670","0.6693","5.1051"
"234.4870","0.6689","5.1538"
"234.5070","0.6686","5.1548"
"234.5270","0.6683","5.1542"
"234.5470","0.6680","5.1385"
"234.5670","0.6677","5.1648"
"234.5870","0.6674","5.1840"
"234.6070","0.6671","5.1208"
"234.6270","0.6667","5.0772"
"234.6470","0.6662","5.0574"
"234.6670","0.6658","5.0660"
"234.6870","0.6655","5.0189"
"234.7070","0.6652","5.0704"
"234.7270","0.6649","5.1276"
"234.7470","0.6646","5.2332"
"234.7670","0.6643","5.1259"
"234.7870","0.6639","5.0496"
"234.8070","0.6636","5.0774"
"234.8270","0.6632","5.0516"
"234.8470","0.6629","5.1255"
"234.8670","0.6627","5.0834"
"234.8870","0.6624","5.0048"
"234.9070","0.6621","4.9377"
"234.9270","0.6618","4.9483"
"234.9470","0.6614","4.9746"
"234.9670","0.6609","4.9616"
"234.9870","0.6604","4.9934"
"235.0070","0.6600","5.0373"
"235.0270","0.6597","5.0258"
"235.0470","0.6595","5.0163"
"235.0670","0.6593","4.9985"
"235.0870","0.6590","5.0478"
"235.1070","0.6587","5.0251"
"235.1270","0.6584","4.9402"
"235.1470","0.6580","4.9705"
"235.1670","0.6576","4.9196"
"235.1870","0.6572","4.9451"
"235.2070","0.6569","4.9546"
"235.2270","0.6566","4.9838"
"235.2470","0.6564","4.9566"
"235.2670","0.6561","4.9482"
"235.2870","0.6557","4.8089"
"235.3070","0.6554","4.8568"
"235.3270","0.6549","4.9127"
"235.3470","0.6545","4.9481"
"235.3670","0.6541","5.0272"
"235.3870","0.6538","5.0259"
"235.4070","0.6535","4.9007"
"235.4270","0.6532","4.8514"
"235.4470","0.6529","4.7679"
"235.4670","0.6526","4.8200"
"235.4870","0.6522","4.7958"
"235.5070","0.6519","4.8189"
"235.5270","0.6516","4.8420"
"235.5470","0.6513","4.7819"
"235.5670","0.6510","4.7925"
"235.5870","0.6507","4.8349"
"235.6070","0.6504","4.9045"
"235.6270","0.6501","4.9712"
"235.6470","0.6496","4.8915"
"235.6670","0.6492","4.8388"
"235.6870","0.6487","4.8961"
"235.7070","0.6484","4.8721"
"235.7270","0.6481","4.8412"
"235.7470","0.6479","4.7327"
"235.7670","0.6477","4.8083"
"235.7870","0.6474","4.8933"
"235.8070","0.6470","4.8656"
"235.8270","0.6467","4.8303"
"235.8470","0.6463","4.7794"
"235.8670","0.6459","4.7409"
"235.8870","0.6455","4.7869"
"235.9070","0.6452","4.8766"
"235.9270","0.6450","4.8910"
"235.9470","0.6447","4.8643"
"235.9670","0.6444","4.7585"
"235.9870","0.6440","4.7353"
"236.0070","0.6436","4.7775"
"236.0270","0.6432","4.8144"
"236.0470","0.6428","4.7783"
"236.0670","0.6425","4.8068"
"236.0870","0.6421","4.7533"
"236.1070","0.6419","4.7533"
"236.1270","0.6416","4.7285"
"236.1470","0.6413","4.7366"
"236.1670","0.6409","4.6700"
"236.1870","0.6405","4.6281"
"236.2070","0.6402","4.6490"
"236.2270","0.6399","4.6737"
"236.2470","0.6396","4.6904"
"236.2670","0.6394","4.6738"
"236.2870","0.6391","4.5461"
"236.3070","0.6387","4.5832"
"236.3270","0.6383","4.7166"
"236.3470","0.6379","4.6730"
"236.3670","0.6374","4.6497"
"236.3870","0.6370","4.6812"
"236.4070","0.6367","4.7075"
"236.4270","0.6365","4.5795"
"236.4470","0.6363","4.5939"
"236.4670","0.6360","4.6317"
"236.4870","0.6357","4.6444"
"236.5070","0.6354","4.6039"
"236.5270","0.6350","4.5954"
"236.5470","0.6346","4.6908"
"236.5670","0.6342","4.7072"
"236.5870","0.6339","4.7109"
"236.6070","0.6336","4.6274"
"236.6270","0.6333","4.6546"
"236.6470","0.6330","4.6943"
"236.6670","0.6327","4.5974"
"236.6870","0.6323","4.4785"
"236.7070","0.6319","4.4914"
"236.7270","0.6315","4.5554"
"236.7470","0.6311","4.5549"
"236.7670","0.6308","4.5241"
"236.7870","0.6305","4.4989"
"236.8070","0.6303","4.6092"
"236.8270","0.6300","4.5779"
"236.8470","0.6296","4.5213"
"236.8670","0.6293","4.5342"
"236.8870","0.6289","4.4929"
"236.9070","0.6286","4.4823"
"236.9270","0.6283","4.4902"
"236.9470","0.6280","4.4998"
"236.9670","0.6278","4.5053"
"236.9870","0.6274","4.4607"
"237.0070","0.6271","4.4548"
"237.0270","0.6267","4.4440"
"237.0470","0.6262","4.3812"
"237.0670","0.6258","4.3835"
"237.0870","0.6254","4.3984"
"237.1070","0.6252","4.4211"
"237.1270","0.6249","4.4133"
"237.1470","0.6247","4.4368"
"237.1670","0.6244","4.4355"
"237.1870","0.6241","4.5050"
"237.2070","0.6237","4.4482"
"237.2270","0.6233","4.3590"
"237.2470","0.6229","4.3562"
"237.2670","0.6226","4.3850"
"237.2870","0.6223","4.3546"
"237.3070","0.6220","4.3516"
"237.3270","0.6217","4.3305"
"237.3470","0.6214","4.3654"
"237.3670","0.6210","4.3705"
"237.3870","0.6206","4.4048"
"237.4070","0.6202","4.3537"
"237.4270","0.6198","4.3876"
"237.4470","0.6195","4.3413"
"237.4670","0.6192","4.2751"
"237.4870","0.6189","4.3384"
"237.5070","0.6186","4.3390"
"237.5270","0.6183","4.3560"
"237.5470","0.6179","4.3936"
"237.5670","0.6176","4.3465"
"237.5870","0.6172","4.3097"
"237.6070","0.6169","4.3596"
"237.6270","0.6166","4.3250"
"237.6470","0.6164","4.3090"
"237.6670","0.6161","4.3210"
"237.6870","0.6157","4.2834"
"237.7070","0.6154","4.2382"
"237.7270","0.6149","4.2561"
"237.7470","0.6145","4.3264"
"237.7670","0.6141","4.2415"
"237.7870","0.6138","4.2862"
"237.8070","0.6136","4.2975"
"237.8270","0.6133","4.2272"
"237.8470","0.6131","4.1990"
"237.8670","0.6127","4.2750"
"237.8870","0.6124","4.3293"
"237.9070","0.6120","4.3213"
"237.9270","0.6116","4.2893"
"237.9470","0.6112","4.2387"
"237.9670","0.6109","4.2147"
"237.9870","0.6106","4.2933"
"238.0070","0.6104","4.2453"
"238.0270","0.6101","4.1732"
"238.0470","0.6097","4.1603"
"238.0670","0.6093","4.2302"
"238.0870","0.6089","4.2926"
"238.1070","0.6085","4.1926"
"238.1270","0.6081","4.1877"
"238.1470","0.6078","4.1591"
"238.1670","0.6075","4.2024"
"238.1870","0.6073","4.1488"
"238.2070","0.6070","4.1235"
"238.2270","0.6066","4.1748"
"238.2470","0.6063","4.2450"
"238.2670","0.6059","4.2052"
"238.2870","0.6056","4.1508"
"238.3070","0.6053","4.1278"
"238.3270","0.6050","4.1362"
"238.3470","0.6047","4.1401"
"238.3670","0.6044","4.1817"
"238.3870","0.6040","4.1985"
"238.4070","0.6036","4.0593"
"238.4270","0.6032","3.9865"
"238.4470","0.6028","4.0054"
"238.4670","0.6024","4.1293"
"238.4870","0.6022","4.1344"
"238.5070","0.6020","4.1056"
"238.5270","0.6017","4.0757"
"238.5470","0.6014","4.0508"
"238.5670","0.6011","3.9560"
"238.5870","0.6007","3.9480"
"238.6070","0.6003","4.0831"
"238.6270","0.5999","4.0968"
"238.6470","0.5996","4.0226"
"238.6670","0.5993","3.9634"
"238.6870","0.5990","4.0188"
"238.7070","0.5987","4.0908"
"238.7270","0.5984","3.9810"
"238.7470","0.5980","4.0216"
"238.7670","0.5976","4.0634"
"238.7870","0.5972","4.0730"
"238.8070","0.5968","4.0971"
"238.8270","0.5964","4.0104"
"238.8470","0.5962","3.9301"
"238.8670","0.5959","3.9712"
"238.8870","0.5956","4.0123"
"238.9070","0.5953","3.9717"
"238.9270","0.5949","3.8920"
"238.9470","0.5946","3.9587"
"238.9670","0.5942","4.0263"
"238.9870","0.5939","4.0007"
"239.0070","0.5936","3.9743"
"239.0270","0.5933","3.9632"
"239.0470","0.5930","3.9627"
"239.0670","0.5927","3.9921"
"239.0870","0.5923","4.0076"
"239.1070","0.5919","3.9826"
"239.1270","0.5914","3.9295"
"239.1470","0.5911","3.9232"
"239.1670","0.5908","3.9622"
"239.1870","0.5906","4.0047"
"239.2070","0.5903","3.9527"
"239.2270","0.5901","3.9686"
"239.2470","0.5897","3.9913"
"239.2670","0.5894","3.9919"
"239.2870","0.5890","3.8523"
"239.3070","0.5886","3.8815"
"239.3270","0.5883","3.8866"
"239.3470","0.5879","3.8871"
"239.3670","0.5877","3.8500"
"239.3870","0.5874","3.8487"
"239.4070","0.5871","3.8350"
"239.4270","0.5867","3.8583"
"239.4470","0.5863","3.8888"
"239.4670","0.5858","3.8315"
"239.4870","0.5854","3.8541"
"239.5070","0.5851","3.8286"
"239.5270","0.5848","3.8980"
"239.5470","0.5845","3.8460"
"239.5670","0.5842","3.8039"
"239.5870","0.5839","3.8731"
"239.6070","0.5836","3.8802"
"239.6270","0.5833","3.8451"
"239.6470","0.5829","3.9204"
"239.6670","0.5826","3.8717"
"239.6870","0.5823","3.8478"
"239.7070","0.5820","3.7993"
"239.7270","0.5817","3.7797"
"239.7470","0.5814","3.7840"
"239.7670","0.5810","3.8074"
"239.7870","0.5806","3.7435"
"239.8070","0.5801","3.8059"
"239.8270","0.5797","3.7497"
"239.8470","0.5794","3.8043"
"239.8670","0.5792","3.7743"
"239.8870","0.5790","3.7896"
"239.9070","0.5787","3.7708"
"239.9270","0.5784","3.7278"
"239.9470","0.5781","3.6610"
"239.9670","0.5777","3.6424"
"239.9870","0.5773","3.7170"
"240.0070","0.5769","3.7618"
"240.0270","0.5766","3.7702"
"240.0470","0.5763","3.7333"
"240.0670","0.5760","3.7306"
"240.0870","0.5757","3.7497"
"240.1070","0.5754","3.7363"
"240.1270","0.5750","3.7178"
"240.1470","0.5746","3.7849"
"240.1670","0.5742","3.7926"
"240.1870","0.5738","3.7605"
"240.2070","0.5735","3.7643"
"240.2270","0.5732","3.7672"
"240.2470","0.5729","3.7824"
"240.2670","0.5726","3.7403"
"240.2870","0.5723","3.7611"
"240.3070","0.5719","3.7142"
"240.3270","0.5716","3.7460"
"240.3470","0.5713","3.7035"
"240.3670","0.5710","3.6874"
"240.3870","0.5707","3.6620"
"240.4070","0.5704","3.6563"
"240.4270","0.5701","3.6255"
"240.4470","0.5697","3.7120"
"240.4670","0.5693","3.7138"
"240.4870","0.5689","3.6723"
"240.5070","0.5684","3.6478"
"240.5270","0.5681","3.6144"
"240.5470","0.5678","3.6257"
"240.5670","0.5676","3.6711"
"240.5870","0.5673","3.6707"
"240.6070","0.5671","3.6273"
"240.6270","0.5667","3.5526"
"240.6470","0.5664","3.6148"
"240.6670","0.5660","3.6597"
"240.6870","0.5656","3.6363"
"240.7070","0.5653","3.6598"
"240.7270","0.5650","3.6664"
"240.7470","0.5647","3.6044"
"240.7670","0.5644","3.6301"
"240.7870","0.5641","3.5820"
"240.8070","0.5637","3.6189"
"240.8270","0.5633","3.5677"
"240.8470","0.5629","3.6267"
"240.8670","0.5625","3.6317"
"240.8870","0.5621","3.5304"
"240.9070","0.5618","3.5690"
"240.9270","0.5615","3.5370"
"240.9470","0.5612","3.5497"
"240.9670","0.5609","3.5400"
"240.9870","0.5606","3.6135"
"241.0070","0.5602","3.5962"
"241.0270","0.5599","3.6180"
"241.0470","0.5596","3.5611"
"241.0670","0.5593","3.4849"
"241.0870","0.5590","3.5417"
"241.1070","0.5587","3.5634"
"241.1270","0.5584","3.5454"
"241.1470","0.5580","3.5603"
"241.1670","0.5576","3.4943"
"241.1870","0.5571","3.5376"
"241.2070","0.5567","3.5491"
"241.2270","0.5564","3.5939"
"241.2470","0.5562","3.6128"
"241.2670","0.5560","3.5858"
"241.2870","0.5557","3.5404"
"241.3070","0.5554","3.5314"
"241.3270","0.5551","3.4947"
"241.3470","0.5547","3.5611"
"241.3670","0.5543","3.5713"
"241.3870","0.5539","3.5435"
"241.4070","0.5536","3.4510"
"241.4270","0.5533","3.3911"
"241.4470","0.5530","3.4866"
"241.4670","0.5527","3.4746"
"241.4870","0.5524","3.5063"
"241.5070","0.5520","3.4366"
"241.5270","0.5516","3.3925"
"241.5470","0.5512","3.2951"
"241.5670","0.5508","3.4522"
"241.5870","0.5505","3.5197"
"241.6070","0.5502","3.4774"
"241.6270","0.5499","3.5116"
"241.6470","0.5496","3.5541"
"241.6670","0.5493","3.5817"
"241.6870","0.5489","3.4555"
"241.7070","0.5485","3.3814"
"241.7270","0.5482","3.4389"
"241.7470","0.5479","3.4817"
"241.7670","0.5477","3.4966"
"241.7870","0.5474","3.4314"
"241.8070","0.5471","3.4488"
"241.8270","0.5467","3.4484"
"241.8470","0.5463","3.5064"
"241.8670","0.5458","3.4961"
"241.8870","0.5454","3.4468"
"241.9070","0.5450","3.3649"
"241.9270","0.5448","3.3559"
"241.9470","0.5446","3.4048"
"241.9670","0.5443","3.3584"
"241.9870","0.5441","3.3350"
"242.0070","0.5437","3.3823"
"242.0270","0.5434","3.4363"
"242.0470","0.5430","3.3925"
"242.0670","0.5426","3.2965"
"242.0870","0.5423","3.1807"
"242.1070","0.5420","3.2075"
"242.1270","0.5417","3.2779"
"242.1470","0.5414","3.3789"
"242.1670","0.5411","3.3972"
"242.1870","0.5408","3.3709"
"242.2070","0.5403","3.3167"
"242.2270","0.5399","3.3497"
"242.2470","0.5395","3.3632"
"242.2670","0.5391","3.2889"
"242.2870","0.5388","3.3135"
"242.3070","0.5385","3.2706"
"242.3270","0.5382","3.2734"
"242.3470","0.5379","3.2889"
"242.3670","0.5376","3.2585"
"242.3870","0.5372","3.2714"
"242.4070","0.5369","3.2104"
"242.4270","0.5366","3.2427"
"242.4470","0.5363","3.2234"
"242.4670","0.5361","3.2482"
"242.4870","0.5358","3.3536"
"242.5070","0.5354","3.3615"
"242.5270","0.5350","3.3041"
"242.5470","0.5346","3.2023"
"242.5670","0.5341","3.1511"
"242.5870","0.5337","3.1568"
"242.6070","0.5334","3.1656"
"242.6270","0.5332","3.2643"
"242.6470","0.5330","3.3140"
"242.6670","0.5327","3.1882"
"242.6870","0.5324","3.1424"
"242.7070","0.5320","3.2407"
"242.7270","0.5317","3.2752"
"242.7470","0.5313","3.2643"
"242.7670","0.5309","3.3211"
"242.7870","0.5306","3.2618"
"242.8070","0.5303","3.2238"
"242.8270","0.5301","3.1273"
"242.8470","0.5298","3.2152"
"242.8670","0.5294","3.2479"
"242.8870","0.5291","3.1781"
"242.9070","0.5286","3.1064"
"242.9270","0.5282","3.0994"
"242.9470","0.5278","3.1236"
"242.9670","0.5275","3.1865"
"242.9870","0.5272","3.1297"
"243.0070","0.5269","3.0664"
"243.0270","0.5266","3.0402"
"243.0470","0.5262","3.1278"
"243.0670","0.5259","3.1539"
"243.0870","0.5255","3.1737"
"243.1070","0.5252","3.1519"
"243.1270","0.5249","3.1524"
"243.1470","0.5247","3.1683"
"243.1670","0.5244","3.1032"
"243.1870","0.5241","3.0901"
"243.2070","0.5237","3.1190"
"243.2270","0.5233","3.0685"
"243.2470","0.5228","3.0430"
"243.2670","0.5224","3.0761"
"243.2870","0.5220","3.0815"
"243.3070","0.5218","3.0747"
"243.3270","0.5216","3.0505"
"243.3470","0.5213","3.0694"
"243.3670","0.5210","3.0880"
"243.3870","0.5207","3.1016"
"243.4070","0.5204","3.0207"
"243.4270","0.5200","3.0357"
"243.4470","0.5196","3.0896"
"243.4670","0.5193","3.0686"
"243.4870","0.5190","3.0563"
"243.5070","0.5187","2.9479"
"243.5270","0.5184","2.9843"
"243.5470","0.5181","3.0114"
"243.5670","0.5177","3.0356"
"243.5870","0.5173","3.0316"
"243.6070","0.5169","3.0544"
"243.6270","0.5165","3.0026"
"243.6470","0.5161","3.0205"
"243.6670","0.5158","2.9908"
"243.6870","0.5155","2.9405"
"243.7070","0.5152","2.9534"
"243.7270","0.5149","2.9872"
"243.7470","0.5145","2.9382"
"243.7670","0.5142","2.9119"
"243.7870","0.5139","2.9407"
"243.8070","0.5136","2.9932"
"243.8270","0.5133","2.9923"
"243.8470","0.5131","2.9549"
"243.8670","0.5127","2.9500"
"243.8870","0.5124","2.9968"
"243.9070","0.5120","3.0852"
"243.9270","0.5115","3.0336"
"243.9470","0.5111","3.0036"
"243.9670","0.5107","2.9942"
"243.9870","0.5104","2.9797"
"244.0070","0.5102","2.8979"
"244.0270","0.5100","2.8272"
"244.0470","0.5097","2.8416"
"244.0670","0.5094","2.9103"
"244.0870","0.5090","2.9979"
"244.1070","0.5086","2.9850"
"244.1270","0.5083","2.8877"
"244.1470","0.5079","2.9057"
"244.1670","0.5076","2.8486"
"244.1870","0.5073","2.8272"
"244.2070","0.5071","2.8003"
"244.2270","0.5068","2.8345"
"244.2470","0.5064","2.8464"
"244.2670","0.5060","2.8968"
"244.2870","0.5056","3.0224"
"244.3070","0.5052","2.9207"
"244.3270","0.5048","2.7845"
"244.3470","0.5045","2.7864"
"244.3670","0.5042","2.7983"
"244.3870","0.5039","2.7641"
"244.4070","0.5036","2.7631"
"244.4270","0.5032","2.7918"
"244.4470","0.5029","2.8523"
"244.4670","0.5026","2.8931"
"244.4870","0.5023","2.9314"
"244.5070","0.5020","2.9213"
"244.5270","0.5017","2.9220"
"244.5470","0.5014","2.8655"
"244.5670","0.5011","2.7224"
"244.5870","0.5007","2.7243"
"244.6070","0.5003","2.7535"
"244.6270","0.4998","2.7614"
"244.6470","0.4994","2.7276"
"244.6670","0.4991","2.8078"
"244.6870","0.4988","2.8238"
"244.7070","0.4986","2.8616"
"244.7270","0.4984","2.9269"
"244.7470","0.4981","2.8876"
"244.7670","0.4977","2.7809"
"244.7870","0.4973","2.7945"
"244.8070","0.4969","2.7824"
"244.8270","0.4966","2.8243"
"244.8470","0.4963","2.8303"
"244.8670","0.4960","2.7651"
"244.8870","0.4957","2.8115"
"244.9070","0.4954","2.8228"
"244.9270","0.4951","2.8499"
"244.9470","0.4947","2.8014"
"244.9670","0.4943","2.7906"
"244.9870","0.4939","2.7689"
"245.0070","0.4935","2.7472"
"245.0270","0.4931","2.6720"
"245.0470","0.4928","2.7286"
"245.0670","0.4926","2.7790"
"245.0870","0.4923","2.7253"
"245.1070","0.4919","2.6821"
"245.1270","0.4916","2.7033"
"245.1470","0.4912","2.7208"
"245.1670","0.4909","2.6753"
"245.1870","0.4906","2.6680"
"245.2070","0.4904","2.7589"
"245.2270","0.4901","2.8556"
"245.2470","0.4898","2.8600"
"245.2670","0.4894","2.7302"
"245.2870","0.4890","2.6394"
"245.3070","0.4885","2.6895"
"245.3270","0.4881","2.7363"
"245.3470","0.4878","2.6859"
"245.3670","0.4875","2.6570"
"245.3870","0.4873","2.7305"
"245.4070","0.4870","2.7291"
"245.4270","0.4867","2.6779"
"245.4470","0.4864","2.5918"
"245.4670","0.4860","2.6167"
"245.4870","0.4856","2.6378"
"245.5070","0.4853","2.6244"
"245.5270","0.4849","2.6390"
"245.5470","0.4846","2.6615"
"245.5670","0.4844","2.7648"
"245.5870","0.4841","2.7906"
"245.6070","0.4838","2.7058"
"245.6270","0.4834","2.6130"
"245.6470","0.4830","2.6297"
"245.6670","0.4826","2.5573"
"245.6870","0.4822","2.5550"
"245.7070","0.4818","2.6444"
"245.7270","0.4815","2.7248"
"245.7470","0.4812","2.7716"
"245.7670","0.4809","2.7109"
"245.7870","0.4806","2.6377"
"245.8070","0.4803","2.6665"
"245.8270","0.4799","2.6839"
"245.8470","0.4796","2.6305"
"245.8670","0.4792","2.6280"
"245.8870","0.4790","2.6953"
"245.9070","0.4787","2.6363"
"245.9270","0.4784","2.6137"
"245.9470","0.4781","2.5811"
"245.9670","0.4777","2.5920"
"245.9870","0.4772","2.6494"
"246.0070","0.4768","2.6466"
"246.0270","0.4764","2.5703"
"246.0470","0.4761","2.6872"
"246.0670","0.4759","2.7351"
"246.0870","0.4756","2.7199"
"246.1070","0.4754","2.6240"
"246.1270","0.4751","2.5520"
"246.1470","0.4747","2.5722"
"246.1670","0.4743","2.6600"
"246.1870","0.4739","2.6418"
"246.2070","0.4736","2.5895"
"246.2270","0.4733","2.5468"
"246.2470","0.4730","2.5584"
"246.2670","0.4727","2.5575"
"246.2870","0.4724","2.5107"
"246.3070","0.4721","2.5145"
"246.3270","0.4717","2.5178"
"246.3470","0.4712","2.5000"
"246.3670","0.4708","2.5434"
"246.3870","0.4704","2.5319"
"246.4070","0.4701","2.5410"
"246.4270","0.4698","2.5592"
"246.4470","0.4696","2.4706"
"246.4670","0.4693","2.4193"
"246.4870","0.4689","2.4668"
"246.5070","0.4686","2.4510"
"246.5270","0.4682","2.5003"
"246.5470","0.4679","2.4765"
"246.5670","0.4676","2.4638"
"246.5870","0.4674","2.4557"
"246.6070","0.4671","2.4791"
"246.6270","0.4667","2.4795"
"246.6470","0.4663","2.3962"
"246.6670","0.4659","2.3399"
"246.6870","0.4654","2.4274"
"246.7070","0.4650","2.4189"
"246.7270","0.4647","2.3942"
"246.7470","0.4645","2.3319"
"246.7670","0.4643","2.3569"
"246.7870","0.4640","2.4714"
"246.8070","0.4637","2.5470"
"246.8270","0.4634","2.4441"
"246.8470","0.4630","2.3616"
"246.8670","0.4626","2.3655"
"246.8870","0.4622","2.3495"
"246.9070","0.4619","2.3822"
"246.9270","0.4616","2.3658"
"246.9470","0.4613","2.4294"
"246.9670","0.4610","2.4262"
"246.9870","0.4607","2.4538"
"247.0070","0.4604","2.3715"
"247.0270","0.4600","2.3468"
"247.0470","0.4595","2.3865"
"247.0670","0.4591","2.3876"
"247.0870","0.4588","2.3204"
"247.1070","0.4585","2.2950"
"247.1270","0.4582","2.3211"
"247.1470","0.4579","2.3882"
"247.1670","0.4576","2.3419"
"247.1870","0.4573","2.4262"
"247.2070","0.4569","2.4214"
"247.2270","0.4566","2.3246"
"247.2470","0.4563","2.2544"
"247.2670","0.4560","2.2614"
"247.2870","0.4557","2.2737"
"247.3070","0.4554","2.3305"
"247.3270","0.4551","2.3529"
"247.3470","0.4546","2.3878"
"247.3670","0.4542","2.2828"
"247.3870","0.4537","2.2819"
"247.4070","0.4533","2.2731"
"247.4270","0.4531","2.2490"
"247.4470","0.4529","2.2240"
"247.4670","0.4527","2.1300"
"247.4870","0.4524","2.1535"
"247.5070","0.4521","2.2369"
"247.5270","0.4517","2.2924"
"247.5470","0.4514","2.3102"
"247.5670","0.4510","2.2681"
"247.5870","0.4506","2.1840"
"247.6070","0.4502","2.1923"
"247.6270","0.4500","2.1750"
"247.6470","0.4497","2.1595"
"247.6670","0.4494","2.1919"
"247.6870","0.4491","2.2095"
"247.7070","0.4487","2.2039"
"247.7270","0.4483","2.1394"
"247.7470","0.4479","2.2209"
"247.7670","0.4475","2.2786"
"247.7870","0.4472","2.2761"
"247.8070","0.4469","2.1906"
"247.8270","0.4466","2.1808"
"247.8470","0.4463","2.2492"
"247.8670","0.4460","2.2325"
"247.8870","0.4456","2.2225"
"247.9070","0.4453","2.2189"
"247.9270","0.4450","2.1068"
"247.9470","0.4447","2.1297"
"247.9670","0.4444","2.0961"
"247.9870","0.4441","2.1040"
"248.0070","0.4438","2.0865"
"248.0270","0.4434","2.1314"
"248.0470","0.4430","2.0930"
"248.0670","0.4425","2.1100"
"248.0870","0.4420","2.1161"
"248.1070","0.4417","2.1121"
"248.1270","0.4415","2.0258"
"248.1470","0.4413","2.0715"
"248.1670","0.4410","2.0612"
"248.1870","0.4407","2.0853"
"248.2070","0.4404","2.1658"
"248.2270","0.4400","2.0390"
"248.2470","0.4396","1.9600"
"248.2670","0.4393","2.0380"
"248.2870","0.4389","2.0767"
"248.3070","0.4386","2.0645"
"248.3270","0.4383","2.1131"
"248.3470","0.4380","2.1020"
"248.3670","0.4377","2.1150"
"248.3870","0.4374","1.9990"
"248.4070","0.4370","2.0291"
"248.4270","0.4365","2.1242"
"248.4470","0.4362","2.1011"
"248.4670","0.4358","2.0727"
"248.4870","0.4355","1.9878"
"248.5070","0.4352","1.9956"
"248.5270","0.4349","2.0164"
"248.5470","0.4346","1.9402"
"248.5670","0.4343","1.9288"
"248.5870","0.4339","1.9360"
"248.6070","0.4336","1.9185"
"248.6270","0.4333","1.9065"
"248.6470","0.4330","2.0106"
"248.6670","0.4327","2.0378"
"248.6870","0.4324","1.9423"
"248.7070","0.4321","1.9714"
"248.7270","0.4317","2.0070"
"248.7470","0.4312","2.0409"
"248.7670","0.4308","1.9619"
"248.7870","0.4304","1.9464"
"248.8070","0.4301","1.8983"
"248.8270","0.4299","1.8785"
"248.8470","0.4297","1.9051"
"248.8670","0.4294","1.9487"
"248.8870","0.4291","1.9877"
"248.9070","0.4287","2.0040"
"248.9270","0.4283","2.0014"
"248.9470","0.4279","1.9198"
"248.9670","0.4276","1.9147"
"248.9870","0.4272","1.9630"
"249.0070","0.4270","1.9196"
"249.0270","0.4267","1.8151"
"249.0470","0.4264","1.8159"
"249.0670","0.4260","1.8938"
"249.0870","0.4257","1.9394"
"249.1070","0.4252","1.8494"
"249.1270","0.4248","1.8885"
"249.1470","0.4245","1.9141"
"249.1670","0.4241","1.8061"
"249.1870","0.4239","1.8532"
"249.2070","0.4236","1.7918"
"249.2270","0.4233","1.7400"
"249.2470","0.4229","1.8497"
"249.2670","0.4226","1.9239"
"249.2870","0.4222","1.9359"
"249.3070","0.4219","1.8652"
"249.3270","0.4216","1.7826"
"249.3470","0.4214","1.6654"
"249.3670","0.4211","1.6702"
"249.3870","0.4208","1.7418"
"249.4070","0.4204","1.7732"
"249.4270","0.4199","1.8631"
"249.4470","0.4195","1.7814"
"249.4670","0.4190","1.7682"
"249.4870","0.4187","1.7383"
"249.5070","0.4185","1.7834"
"249.5270","0.4183","1.8233"
"249.5470","0.4180","1.7751"
"249.5670","0.4177","1.7246"
"249.5870","0.4174","1.6865"
"249.6070","0.4170","1.6539"
"249.6270","0.4166","1.6816"
"249.6470","0.4162","1.7166"
"249.6670","0.4159","1.7785"
"249.6870","0.4156","1.7342"
"249.7070","0.4153","1.6931"
"249.7270","0.4151","1.6512"
"249.7470","0.4147","1.5953"
"249.7670","0.4144","1.6214"
"249.7870","0.4139","1.7418"
"249.8070","0.4135","1.7880"
"249.8270","0.4132","1.6733"
"249.8470","0.4128","1.6376"
"249.8670","0.4125","1.6360"
"249.8870","0.4122","1.7078"
"249.9070","0.4119","1.7194"
"249.9270","0.4116","1.6742"
"249.9470","0.4112","1.7246"
"249.9670","0.4109","1.7160"
"249.9870","0.4105","1.6795"
"250.0070","0.4103","1.6404"
"250.0270","0.4100","1.6230"
"250.0470","0.4097","1.6468"
"250.0670","0.4094","1.5237"
"250.0870","0.4091","1.4976"
"250.1070","0.4087","1.5756"
"250.1270","0.4082","1.5884"
"250.1470","0.4078","1.6661"
"250.1670","0.4074","1.5947"
"250.1870","0.4071","1.5771"
"250.2070","0.4069","1.5600"
"250.2270","0.4067","1.5598"
"250.2470","0.4064","1.5583"
"250.2670","0.4061","1.6540"
"250.2870","0.4057","1.6193"
"250.3070","0.4053","1.5532"
"250.3270","0.4049","1.5862"
"250.3470","0.4045","1.6333"
"250.3670","0.4042","1.6513"
"250.3870","0.4040","1.6346"
"250.4070","0.4037","1.5996"
"250.4270","0.4034","1.6082"
"250.4470","0.4031","1.6437"
"250.4670","0.4027","1.7096"
"250.4870","0.4023","1.5828"
"250.5070","0.4019","1.6131"
"250.5270","0.4015","1.5761"
"250.5470","0.4012","1.5900"
"250.5670","0.4009","1.6710"
"250.5870","0.4006","1.6751"
"250.6070","0.4003","1.6641"
"250.6270","0.3999","1.6613"
"250.6470","0.3996","1.6588"
"250.6670","0.3992","1.7037"
"250.6870","0.3989","1.6542"
"250.7070","0.3986","1.5877"
"250.7270","0.3983","1.5571"
"250.7470","0.3981","1.5665"
"250.7670","0.3977","1.5670"
"250.7870","0.3974","1.5562"
"250.8070","0.3969","1.5802"
"250.8270","0.3965","1.5654"
"250.8470","0.3960","1.5479"
"250.8670","0.3957","1.5630"
"250.8870","0.3955","1.5224"
"250.9070","0.3953","1.5671"
"250.9270","0.3950","1.5383"
"250.9470","0.3947","1.5962"
"250.9670","0.3944","1.5590"
"250.9870","0.3940","1.5403"
"251.0070","0.3936","1.5372"
"251.0270","0.3932","1.5661"
"251.0470","0.3929","1.5986"
"251.0670","0.3926","1.4677"
"251.0870","0.3923","1.4430"
"251.1070","0.3920","1.4077"
"251.1270","0.3917","1.4740"
"251.1470","0.3913","1.5366"
"251.1670","0.3909","1.4277"
"251.1870","0.3905","1.4359"
"251.2070","0.3901","1.5060"
"251.2270","0.3898","1.4953"
"251.2470","0.3895","1.4359"
"251.2670","0.3892","1.4066"
"251.2870","0.3890","1.4418"
"251.3070","0.3886","1.4358"
"251.3270","0.3883","1.5108"
"251.3470","0.3879","1.4975"
"251.3670","0.3876","1.5155"
"251.3870","0.3873","1.4915"
"251.4070","0.3870","1.5092"
"251.4270","0.3867","1.4503"
"251.4470","0.3864","1.4576"
"251.4670","0.3861","1.4278"
"251.4870","0.3857","1.3914"
"251.5070","0.3852","1.4292"
"251.5270","0.3848","1.4540"
"251.5470","0.3844","1.4806"
"251.5670","0.3841","1.5015"
"251.5870","0.3839","1.4719"
"251.6070","0.3837","1.4333"
"251.6270","0.3834","1.4778"
"251.6470","0.3831","1.4543"
"251.6670","0.3827","1.4273"
"251.6870","0.3823","1.4359"
"251.7070","0.3819","1.4472"
"251.7270","0.3816","1.4467"
"251.7470","0.3813","1.4197"
"251.7670","0.3810","1.5017"
"251.7870","0.3807","1.3177"
"251.8070","0.3804","1.3509"
"251.8270","0.3800","1.3845"
"251.8470","0.3796","1.3710"
"251.8670","0.3792","1.3571"
"251.8870","0.3788","1.4098"
"251.9070","0.3785","1.4531"
"251.9270","0.3782","1.4365"
"251.9470","0.3779","1.3913"
"251.9670","0.3776","1.3019"
"251.9870","0.3773","1.2812"
"252.0070","0.3770","1.2970"
"252.0270","0.3766","1.3270"
"252.0470","0.3762","1.3513"
"252.0670","0.3759","1.3259"
"252.0870","0.3756","1.3402"
"252.1070","0.3754","1.3697"
"252.1270","0.3751","1.3325"
"252.1470","0.3747","1.2947"
"252.1670","0.3744","1.3154"
"252.1870","0.3739","1.3186"
"252.2070","0.3735","1.3448"
"252.2270","0.3731","1.2898"
"252.2470","0.3728","1.2900"
"252.2670","0.3725","1.3112"
"252.2870","0.3723","1.3758"
"252.3070","0.3720","1.3665"
"252.3270","0.3717","1.3467"
"252.3470","0.3714","1.2900"
"252.3670","0.3710","1.2365"
"252.3870","0.3706","1.2894"
"252.4070","0.3702","1.3043"
"252.4270","0.3699","1.2606"
"252.4470","0.3696","1.1621"
"252.4670","0.3693","1.1561"
"252.4870","0.3691","1.2374"
"252.5070","0.3687","1.2102"
"252.5270","0.3683","1.2857"
"252.5470","0.3679","1.3027"
"252.5670","0.3675","1.2720"
"252.5870","0.3671","1.2295"
"252.6070","0.3668","1.2200"
"252.6270","0.3665","1.2128"
"252.6470","0.3662","1.1967"
"252.6670","0.3660","1.1980"
"252.6870","0.3656","1.1657"
"252.7070","0.3653","1.0742"
"252.7270","0.3649","1.0429"
"252.7470","0.3646","1.0639"
"252.7670","0.3643","1.1456"
"252.7870","0.3640","1.2230"
"252.8070","0.3637","1.1611"
"252.8270","0.3634","1.0888"
"252.8470","0.3631","1.0595"
"252.8670","0.3626","1.1362"
"252.8870","0.3622","1.1482"
"252.9070","0.3618","1.1435"
"252.9270","0.3614","1.1889"
"252.9470","0.3612","1.1832"
"252.9670","0.3609","1.2129"
"252.9870","0.3607","1.1575"
"253.0070","0.3604","1.1086"
"253.0270","0.3601","1.1083"
"253.0470","0.3597","1.1263"
"253.0670","0.3593","1.0541"
"253.0870","0.3589","1.0250"
"253.1070","0.3586","1.0309"
"253.1270","0.3583","1.0374"
"253.1470","0.3580","1.0816"
"253.1670","0.3577","1.0797"
"253.1870","0.3574","1.0478"
"253.2070","0.3570","1.1066"
"253.2270","0.3566","1.0544"
"253.2470","0.3562","1.0200"
"253.2670","0.3558","1.1548"
"253.2870","0.3555","1.0844"
"253.3070","0.3552","1.1164"
"253.3270","0.3549","1.1038"
"253.3470","0.3546","1.0085"
"253.3670","0.3543","1.0075"
"253.3870","0.3539","1.0395"
"253.4070","0.3536","1.0617"
"253.4270","0.3532","1.0900"
"253.4470","0.3529","1.0736"
"253.4670","0.3526","1.0243"
"253.4870","0.3524","0.9756"
"253.5070","0.3521","0.8979"
"253.5270","0.3517","0.9534"
"253.5470","0.3513","0.9989"
"253.5670","0.3509","1.0399"
"253.5870","0.3504","1.0314"
"253.6070","0.3501","0.9653"
"253.6270","0.3498","0.9607"
"253.6470","0.3495","1.0160"
"253.6670","0.3493","1.0280"
"253.6870","0.3490","1.0753"
"253.7070","0.3487","1.0339"
"253.7270","0.3484","0.9840"
"253.7470","0.3480","0.9758"
"253.7670","0.3476","0.9492"
"253.7870","0.3473","0.9510"
"253.8070","0.3469","0.9651"
"253.8270","0.3466","0.9786"
"253.8470","0.3464","0.9218"
"253.8670","0.3461","0.9240"
"253.8870","0.3457","0.9412"
"253.9070","0.3453","0.8782"
"253.9270","0.3449","0.8665"
"253.9470","0.3444","0.8907"
"253.9670","0.3441","0.9498"
"253.9870","0.3438","0.8944"
"254.0070","0.3435","0.8655"
"254.0270","0.3432","0.8602"
"254.0470","0.3429","0.8626"
"254.0670","0.3426","0.8587"
"254.0870","0.3423","0.9625"
"254.1070","0.3419","0.9948"
"254.1270","0.3416","0.9449"
"254.1470","0.3413","0.9293"
"254.1670","0.3410","0.8630"
"254.1870","0.3407","0.8659"
"254.2070","0.3404","0.8673"
"254.2270","0.3400","0.8641"
"254.2470","0.3396","0.9044"
"254.2670","0.3391","0.9227"
"254.2870","0.3387","0.9876"
"254.3070","0.3384","0.9515"
"254.3270","0.3381","0.9413"
"254.3470","0.3379","0.9510"
"254.3670","0.3377","0.8142"
"254.3870","0.3374","0.8242"
"254.4070","0.3371","0.7819"
"254.4270","0.3367","0.8080"
"254.4470","0.3363","0.8318"
"254.4670","0.3359","0.8503"
"254.4870","0.3356","0.8026"
"254.5070","0.3353","0.8025"
"254.5270","0.3350","0.7805"
"254.5470","0.3347","0.7646"
"254.5670","0.3344","0.7628"
"254.5870","0.3340","0.7615"
"254.6070","0.3336","0.7538"
"254.6270","0.3332","0.7936"
"254.6470","0.3328","0.8024"
"254.6670","0.3324","0.8644"
"254.6870","0.3322","0.8393"
"254.7070","0.3319","0.8163"
"254.7270","0.3316","0.7678"
"254.7470","0.3313","0.7973"
"254.7670","0.3309","0.7997"
"254.7870","0.3306","0.7690"
"254.8070","0.3303","0.7109"
"254.8270","0.3299","0.6754"
"254.8470","0.3297","0.6883"
"254.8670","0.3294","0.7379"
"254.8870","0.3291","0.8065"
"254.9070","0.3287","0.8544"
"254.9270","0.3283","0.7552"
"254.9470","0.3279","0.7034"
"254.9670","0.3274","0.6923"
"254.9870","0.3271","0.7429"
"255.0070","0.3268","0.7424"
"255.0270","0.3266","0.7135"
"255.0470","0.3263","0.6918"
"255.0670","0.3261","0.6699"
"255.0870","0.3257","0.7522"
"255.1070","0.3254","0.7094"
"255.1270","0.3250","0.7672"
"255.1470","0.3246","0.7809"
"255.1670","0.3243","0.7894"
"255.1870","0.3239","0.7914"
"255.2070","0.3237","0.7400"
"255.2270","0.3234","0.6637"
"255.2470","0.3231","0.7753"
"255.2670","0.3227","0.7841"
"255.2870","0.3223","0.8048"
"255.3070","0.3219","0.8084"
"255.3270","0.3215","0.7622"
"255.3470","0.3211","0.7572"
"255.3670","0.3208","0.6951"
"255.3870","0.3205","0.7375"
"255.4070","0.3202","0.7486"
"255.4270","0.3199","0.7557"
"255.4470","0.3196","0.7011"
"255.4670","0.3193","0.6699"
"255.4870","0.3189","0.6925"
"255.5070","0.3186","0.7131"
"255.5270","0.3183","0.7306"
"255.5470","0.3180","0.7315"
"255.5670","0.3177","0.7870"
"255.5870","0.3174","0.7855"
"255.6070","0.3170","0.7484"
"255.6270","0.3166","0.7758"
"255.6470","0.3161","0.6793"
"255.6670","0.3157","0.6867"
"255.6870","0.3154","0.7142"
"255.7070","0.3152","0.6718"
"255.7270","0.3150","0.7002"
"255.7470","0.3147","0.7155"
"255.7670","0.3144","0.7842"
"255.7870","0.3141","0.7851"
"255.8070","0.3137","0.7474"
"255.8270","0.3133","0.7159"
"255.8470","0.3130","0.7310"
"255.8670","0.3126","0.7072"
"255.8870","0.3123","0.6903"
"255.9070","0.3120","0.6730"
"255.9270","0.3117","0.7085"
"255.9470","0.3114","0.6751"
"255.9670","0.3111","0.6875"
"255.9870","0.3107","0.6912"
"256.0070","0.3102","0.7195"
"256.0270","0.3098","0.7713"
"256.0470","0.3095","0.7653"
"256.0670","0.3092","0.7123"
"256.0870","0.3089","0.7584"
"256.1070","0.3086","0.7709"
"256.1270","0.3083","0.7486"
"256.1470","0.3079","0.7715"
"256.1670","0.3076","0.7562"
"256.1870","0.3072","0.7010"
"256.2070","0.3069","0.7321"
"256.2270","0.3067","0.7299"
"256.2470","0.3064","0.7295"
"256.2670","0.3061","0.6190"
"256.2870","0.3057","0.5984"
"256.3070","0.3053","0.6094"
"256.3270","0.3049","0.6659"
"256.3470","0.3044","0.6518"
"256.3670","0.3041","0.6488"
"256.3870","0.3038","0.6898"
"256.4070","0.3036","0.6965"
"256.4270","0.3033","0.7539"
"256.4470","0.3031","0.7952"
"256.4670","0.3027","0.7727"
"256.4870","0.3024","0.6913"
"256.5070","0.3020","0.6777"
"256.5270","0.3016","0.7242"
"256.5470","0.3013","0.7334"
"256.5670","0.3010","0.7806"
"256.5870","0.3007","0.7866"
"256.6070","0.3004","0.7583"
"256.6270","0.3001","0.7287"
"256.6470","0.2998","0.6736"
"256.6670","0.2994","0.6692"
"256.6870","0.2989","0.5969"
"256.7070","0.2985","0.6573"
"256.7270","0.2981","0.7026"
"256.7470","0.2978","0.6347"
"256.7670","0.2975","0.6355"
"256.7870","0.2972","0.6587"
"256.8070","0.2969","0.5859"
"256.8270","0.2966","0.5966"
"256.8470","0.2962","0.6119"
"256.8670","0.2959","0.6412"
"256.8870","0.2956","0.7012"
"256.9070","0.2953","0.7357"
"256.9270","0.2951","0.6651"
"256.9470","0.2948","0.6454"
"256.9670","0.2944","0.6160"
"256.9870","0.2940","0.6310"
"257.0070","0.2936","0.6825"
"257.0270","0.2931","0.6874"
"257.0470","0.2927","0.6680"
"257.0670","0.2924","0.5823"
"257.0870","0.2922","0.5710"
"257.1070","0.2919","0.6331"
"257.1270","0.2917","0.7145"
"257.1470","0.2914","0.6718"
"257.1670","0.2910","0.5809"
"257.1870","0.2907","0.5529"
"257.2070","0.2903","0.6195"
"257.2270","0.2899","0.5937"
"257.2470","0.2896","0.5629"
"257.2670","0.2893","0.5886"
"257.2870","0.2890","0.5960"
"257.3070","0.2887","0.5628"
"257.3270","0.2884","0.5325"
"257.3470","0.2881","0.5317"
"257.3670","0.2876","0.4914"
"257.3870","0.2872","0.6207"
"257.4070","0.2868","0.7160"
"257.4270","0.2865","0.6881"
"257.4470","0.2862","0.6561"
"257.4670","0.2859","0.6420"
"257.4870","0.2856","0.5783"
"257.5070","0.2852","0.6609"
"257.5270","0.2849","0.6860"
"257.5470","0.2845","0.5888"
"257.5670","0.2842","0.5196"
"257.5870","0.2839","0.4805"
"257.6070","0.2837","0.5352"
"257.6270","0.2834","0.6162"
"257.6470","0.2831","0.5651"
"257.6670","0.2827","0.5429"
"257.6870","0.2823","0.5918"
"257.7070","0.2818","0.6123"
"257.7270","0.2814","0.5164"
"257.7470","0.2810","0.4358"
"257.7670","0.2808","0.6018"
"257.7870","0.2805","0.6437"
"257.8070","0.2803","0.5684"
"257.8270","0.2800","0.4924"
"257.8470","0.2797","0.4673"
"257.8670","0.2793","0.4545"
"257.8870","0.2790","0.5152"
"257.9070","0.2786","0.5873"
"257.9270","0.2783","0.5410"
"257.9470","0.2779","0.5953"
"257.9670","0.2777","0.5811"
"257.9870","0.2774","0.5928"
"258.0070","0.2771","0.5719"
"258.0270","0.2767","0.4965"
"258.0470","0.2763","0.6003"
"258.0670","0.2759","0.5976"
"258.0870","0.2755","0.5753"
"258.1070","0.2751","0.5703"
"258.1270","0.2748","0.5674"
"258.1470","0.2745","0.5988"
"258.1670","0.2742","0.5266"
"258.1870","0.2739","0.5582"
"258.2070","0.2736","0.5309"
"258.2270","0.2732","0.5594"
"258.2470","0.2729","0.6658"
"258.2670","0.2726","0.6571"
"258.2870","0.2723","0.5435"
"258.3070","0.2720","0.5133"
"258.3270","0.2717","0.5068"
"258.3470","0.2714","0.5134"
"258.3670","0.2710","0.4709"
"258.3870","0.2706","0.4804"
"258.4070","0.2701","0.6052"
"258.4270","0.2697","0.6215"
"258.4470","0.2694","0.6011"
"258.4670","0.2692","0.5644"
"258.4870","0.2690","0.5247"
"258.5070","0.2687","0.5241"
"258.5270","0.2684","0.5687"
"258.5470","0.2680","0.5736"
"258.5670","0.2677","0.6060"
"258.5870","0.2673","0.5488"
"258.6070","0.2669","0.5204"
"258.6270","0.2666","0.5386"
"258.6470","0.2663","0.5440"
"258.6670","0.2661","0.4969"
"258.6870","0.2658","0.5289"
"258.7070","0.2654","0.6143"
"258.7270","0.2650","0.5909"
"258.7470","0.2646","0.6422"
"258.7670","0.2642","0.6086"
"258.7870","0.2638","0.5648"
"258.8070","0.2635","0.5038"
"258.8270","0.2632","0.4669"
"258.8470","0.2629","0.5854"
"258.8670","0.2626","0.6358"
"258.8870","0.2622","0.5847"
"258.9070","0.2619","0.5532"
"258.9270","0.2616","0.4880"
"258.9470","0.2612","0.5093"
"258.9670","0.2610","0.5125"
"258.9870","0.2607","0.5160"
"259.0070","0.2604","0.5150"
"259.0270","0.2601","0.5420"
"259.0470","0.2597","0.5573"
"259.0670","0.2593","0.5940"
"259.0870","0.2588","0.6253"
"259.1070","0.2584","0.5947"
"259.1270","0.2581","0.6000"
"259.1470","0.2578","0.5017"
"259.1670","0.2576","0.5030"
"259.1870","0.2573","0.5173"
"259.2070","0.2571","0.5147"
"259.2270","0.2567","0.5688"
"259.2470","0.2564","0.5867"
"259.2670","0.2560","0.5881"
"259.2870","0.2556","0.5471"
"259.3070","0.2553","0.5112"
"259.3270","0.2550","0.4768"
"259.3470","0.2547","0.5195"
"259.3670","0.2544","0.5410"
"259.3870","0.2541","0.5726"
"259.4070","0.2537","0.5129"
"259.4270","0.2533","0.4755"
"259.4470","0.2529","0.5018"
"259.4670","0.2525","0.6192"
"259.4870","0.2521","0.6440"
"259.5070","0.2518","0.6110"
"259.5270","0.2515","0.5487"
"259.5470","0.2512","0.5831"
"259.5670","0.2509","0.6152"
"259.5870","0.2506","0.6207"
"259.6070","0.2502","0.5601"
"259.6270","0.2499","0.5940"
"259.6470","0.2496","0.5706"
"259.6670","0.2493","0.5325"
"259.6870","0.2491","0.5406"
"259.7070","0.2488","0.5854"
"259.7270","0.2484","0.5680"
"259.7470","0.2480","0.5791"
"259.7670","0.2475","0.5280"
"259.7870","0.2471","0.4968"
"259.8070","0.2467","0.4830"
"259.8270","0.2464","0.5467"
"259.8470","0.2462","0.5303"
"259.8670","0.2460","0.6066"
"259.8870","0.2457","0.5563"
"259.9070","0.2454","0.4748"
"259.9270","0.2450","0.4878"
"259.9470","0.2446","0.5479"
"259.9670","0.2443","0.6242"
"259.9870","0.2439","0.6344"
"260.0070","0.2436","0.5667"
"260.0270","0.2433","0.5508"
"260.0470","0.2431","0.5326"
"260.0670","0.2428","0.5336"
"260.0870","0.2424","0.5404"
"260.1070","0.2420","0.5517"
"260.1270","0.2416","0.5640"
"260.1470","0.2412","0.5919"
"260.1670","0.2408","0.5998"
"260.1870","0.2405","0.5910"
"260.2070","0.2402","0.5197"
"260.2270","0.2399","0.5387"
"260.2470","0.2396","0.6227"
"260.2670","0.2393","0.5997"
"260.2870","0.2389","0.5174"
"260.3070","0.2386","0.4927"
"260.3270","0.2382","0.4939"
"260.3470","0.2380","0.5672"
"260.3670","0.2377","0.5720"
"260.3870","0.2374","0.5771"
"260.4070","0.2371","0.5882"
"260.4270","0.2367","0.6170"
"260.4470","0.2363","0.6073"
"260.4670","0.2358","0.5720"
"260.4870","0.2354","0.6292"
"260.5070","0.2351","0.6431"
"260.5270","0.2348","0.5541"
"260.5470","0.2346","0.4964"
"260.5670","0.2343","0.5417"
"260.5870","0.2340","0.5655"
"260.6070","0.2337","0.4849"
"260.6270","0.2333","0.4831"
"260.6470","0.2329","0.4941"
"260.6670","0.2326","0.5265"
"260.6870","0.2322","0.6552"
"260.7070","0.2320","0.6111"
"260.7270","0.2317","0.5525"
"260.7470","0.2314","0.5612"
"260.7670","0.2311","0.5730"
"260.7870","0.2307","0.5237"
"260.8070","0.2303","0.5163"
"260.8270","0.2299","0.4792"
"260.8470","0.2295","0.5194"
"260.8670","0.2291","0.5433"
"260.8870","0.2288","0.6148"
"260.9070","0.2286","0.5798"
"260.9270","0.2283","0.5504"
"260.9470","0.2279","0.6161"
"260.9670","0.2276","0.5981"
"260.9870","0.2272","0.5223"
"261.0070","0.2269","0.5134"
"261.0270","0.2266","0.5117"
"261.0470","0.2264","0.5766"
"261.0670","0.2261","0.5758"
"261.0870","0.2258","0.5456"
"261.1070","0.2254","0.4639"
"261.1270","0.2249","0.4520"
"261.1470","0.2245","0.4407"
"261.1670","0.2240","0.4829"
"261.1870","0.2237","0.5238"
"261.2070","0.2234","0.4541"
"261.2270","0.2232","0.4594"
"261.2470","0.2230","0.4843"
"261.2670","0.2227","0.5320"
"261.2870","0.2224","0.5363"
"261.3070","0.2220","0.5488"
"261.3270","0.2216","0.5279"
"261.3470","0.2213","0.5925"
"261.3670","0.2209","0.5880"
"261.3870","0.2206","0.5548"
"261.4070","0.2203","0.5224"
"261.4270","0.2200","0.5302"
"261.4470","0.2197","0.5293"
"261.4670","0.2194","0.5020"
"261.4870","0.2190","0.4743"
"261.5070","0.2186","0.4954"
"261.5270","0.2182","0.5415"
"261.5470","0.2178","0.5585"
"261.5670","0.2175","0.4785"
"261.5870","0.2172","0.4759"
"261.6070","0.2169","0.5174"
"261.6270","0.2166","0.5076"
"261.6470","0.2163","0.5427"
"261.6670","0.2159","0.5407"
"261.6870","0.2156","0.4357"
"261.7070","0.2153","0.3963"
"261.7270","0.2150","0.4023"
"261.7470","0.2147","0.4702"
"261.7670","0.2144","0.4648"
"261.7870","0.2141","0.4699"
"261.8070","0.2136","0.4486"
"261.8270","0.2132","0.4631"
"261.8470","0.2127","0.5433"
"261.8670","0.2123","0.5892"
"261.8870","0.2121","0.5074"
"261.9070","0.2119","0.4231"
"261.9270","0.2116","0.3568"
"261.9470","0.2114","0.3135"
"261.9670","0.2111","0.4549"
"261.9870","0.2107","0.5216"
"262.0070","0.2103","0.4771"
"262.0270","0.2100","0.5201"
"262.0470","0.2096","0.5815"
"262.0670","0.2092","0.5771"
"262.0870","0.2090","0.5711"
"262.1070","0.2087","0.5614"
"262.1270","0.2084","0.5876"
"262.1470","0.2081","0.5623"
"262.1670","0.2077","0.5679"
"262.1870","0.2073","0.5283"
"262.2070","0.2069","0.5108"
"262.2270","0.2065","0.6209"
"262.2470","0.2061","0.6356"
"262.2670","0.2059","0.6170"
"262.2870","0.2056","0.5386"
"262.3070","0.2053","0.5437"
"262.3270","0.2050","0.5265"
"262.3470","0.2046","0.5518"
"262.3670","0.2043","0.5439"
"262.3870","0.2039","0.5619"
"262.4070","0.2036","0.5469"
"262.4270","0.2034","0.5330"
"262.4470","0.2031","0.4986"
"262.4670","0.2028","0.5376"
"262.4870","0.2024","0.5067"
"262.5070","0.2020","0.5291"
"262.5270","0.2015","0.4617"
"262.5470","0.2010","0.3655"
"262.5670","0.2007","0.3811"
"262.5870","0.2004","0.4128"
"262.6070","0.2002","0.4653"
"262.6270","0.2000","0.4801"
"262.6470","0.1997","0.5100"
"262.6670","0.1994","0.5157"
"262.6870","0.1990","0.5251"
"262.7070","0.1987","0.5533"
"262.7270","0.1983","0.5231"
"262.7470","0.1979","0.5273"
"262.7670","0.1976","0.4992"
"262.7870","0.1973","0.5104"
"262.8070","0.1970","0.4593"
"262.8270","0.1967","0.4231"
"262.8470","0.1964","0.4552"
"262.8670","0.1960","0.4975"
"262.8870","0.1956","0.5086"
"262.9070","0.1952","0.5532"
"262.9270","0.1948","0.6279"
"262.9470","0.1945","0.5779"
"262.9670","0.1942","0.4678"
"262.9870","0.1939","0.4493"
"263.0070","0.1936","0.3772"
"263.0270","0.1933","0.4813"
"263.0470","0.1929","0.4952"
"263.0670","0.1926","0.4818"
"263.0870","0.1923","0.4649"
"263.1070","0.1920","0.4668"
"263.1270","0.1917","0.4895"
"263.1470","0.1914","0.5827"
"263.1670","0.1911","0.5583"
"263.1870","0.1907","0.4787"
"263.2070","0.1902","0.4611"
"263.2270","0.1898","0.4762"
"263.2470","0.1894","0.4582"
"263.2670","0.1891","0.4456"
"263.2870","0.1889","0.4315"
"263.3070","0.1886","0.4709"
"263.3270","0.1884","0.4944"
"263.3470","0.1881","0.4894"
"263.3670","0.1877","0.4353"
"263.3870","0.1873","0.4368"
"263.4070","0.1869","0.4465"
"263.4270","0.1866","0.4842"
"263.4470","0.1862","0.4801"
"263.4670","0.1860","0.5475"
"263.4870","0.1857","0.5400"
"263.5070","0.1854","0.4701"
"263.5270","0.1851","0.4059"
"263.5470","0.1847","0.4485"
"263.5670","0.1843","0.4570"
"263.5870","0.1839","0.4578"
"263.6070","0.1835","0.4189"
"263.6270","0.1831","0.4556"
"263.6470","0.1829","0.4560"
"263.6670","0.1826","0.4869"
"263.6870","0.1823","0.4515"
"263.7070","0.1819","0.4131"
"263.7270","0.1816","0.4692"
"263.7470","0.1813","0.4888"
"263.7670","0.1809","0.4202"
"263.7870","0.1806","0.4287"
"263.8070","0.1804","0.5294"
"263.8270","0.1801","0.4429"
"263.8470","0.1798","0.3339"
"263.8670","0.1794","0.3656"
"263.8870","0.1790","0.4084"
"263.9070","0.1785","0.4253"
"263.9270","0.1780","0.3491"
"263.9470","0.1777","0.4409"
"263.9670","0.1775","0.4564"
"263.9870","0.1772","0.4410"
"264.0070","0.1770","0.4039"
"264.0270","0.1767","0.3867"
"264.0470","0.1764","0.4260"
"264.0670","0.1761","0.3953"
"264.0870","0.1756","0.4050"
"264.1070","0.1752","0.4095"
"264.1270","0.1749","0.3259"
"264.1470","0.1746","0.4256"
"264.1670","0.1743","0.3743"
"264.1870","0.1741","0.3708"
"264.2070","0.1738","0.4026"
"264.2270","0.1734","0.4619"
"264.2470","0.1730","0.4006"
"264.2670","0.1726","0.3736"
"264.2870","0.1722","0.3268"
"264.3070","0.1718","0.3199"
"264.3270","0.1715","0.3597"
"264.3470","0.1712","0.4047"
"264.3670","0.1709","0.3856"
"264.3870","0.1706","0.3998"
"264.4070","0.1702","0.3998"
"264.4270","0.1699","0.4165"
"264.4470","0.1695","0.3825"
"264.4670","0.1692","0.3576"
"264.4870","0.1690","0.3371"
"264.5070","0.1687","0.3612"
"264.5270","0.1684","0.4138"
"264.5470","0.1681","0.4309"
"264.5670","0.1677","0.3546"
"264.5870","0.1672","0.3842"
"264.6070","0.1668","0.4161"
"264.6270","0.1664","0.3336"
"264.6470","0.1661","0.2561"
"264.6670","0.1659","0.3356"
"264.6870","0.1656","0.4430"
"264.7070","0.1654","0.3651"
"264.7270","0.1650","0.3072"
"264.7470","0.1647","0.3163"
"264.7670","0.1643","0.3698"
"264.7870","0.1639","0.3722"
"264.8070","0.1635","0.3660"
"264.8270","0.1632","0.3706"
"264.8470","0.1629","0.3276"
"264.8670","0.1627","0.3035"
"264.8870","0.1624","0.3396"
"264.9070","0.1620","0.3718"
"264.9270","0.1617","0.3335"
"264.9470","0.1612","0.3142"
"264.9670","0.1608","0.3782"
"264.9870","0.1605","0.4060"
"265.0070","0.1601","0.3541"
"265.0270","0.1598","0.3966"
"265.0470","0.1596","0.3955"
"265.0670","0.1593","0.4115"
"265.0870","0.1589","0.2762"
"265.1070","0.1586","0.2345"
"265.1270","0.1582","0.2455"
"265.1470","0.1579","0.3214"
"265.1670","0.1576","0.3724"
"265.1870","0.1573","0.2932"
"265.2070","0.1570","0.3182"
"265.2270","0.1567","0.3283"
"265.2470","0.1564","0.2818"
"265.2670","0.1559","0.2790"
"265.2870","0.1555","0.3297"
"265.3070","0.1551","0.2539"
"265.3270","0.1547","0.2112"
"265.3470","0.1545","0.2357"
"265.3670","0.1543","0.1997"
"265.3870","0.1540","0.2125"
"265.4070","0.1537","0.2155"
"265.4270","0.1534","0.2025"
"265.4470","0.1530","0.1869"
"265.4670","0.1526","0.2233"
"265.4870","0.1522","0.2492"
"265.5070","0.1519","0.1435"
"265.5270","0.1516","0.1773"
"265.5470","0.1513","0.2182"
"265.5670","0.1510","0.1128"
"265.5870","0.1507","0.0672"
"265.6070","0.1503","0.2243"
"265.6270","0.1499","0.2260"
"265.6470","0.1495","0.2440"
"265.6670","0.1491","0.2173"
"265.6870","0.1488","0.1894"
"265.7070","0.1485","0.1290"
"265.7270","0.1482","0.1837"
"265.7470","0.1479","0.2820"
"265.7670","0.1476","0.2755"
"265.7870","0.1473","0.3125"
"265.8070","0.1469","0.2906"
"265.8270","0.1466","0.1804"
"265.8470","0.1463","0.1681"
"265.8670","0.1460","0.0925"
"265.8870","0.1457","0.0757"
"265.9070","0.1454","0.1865"
"265.9270","0.1451","0.2100"
"265.9470","0.1447","0.0628"
"265.9670","0.1443","0.0990"
"265.9870","0.1438","0.2399"
"266.0070","0.1434","0.2549"
"266.0270","0.1431","0.2056"
"266.0470","0.1429","0.1467"
"266.0670","0.1427","0.1891"
"266.0870","0.1424","0.2114"
"266.1070","0.1421","0.1643"
"266.1270","0.1417","0.1751"
"266.1470","0.1414","0.2073"
"266.1670","0.1410","0.1936"
"266.1870","0.1406","0.1160"
"266.2070","0.1403","0.1567"
"266.2270","0.1400","0.1465"
"266.2470","0.1397","0.0981"
"266.2670","0.1394","0.0666"
"266.2870","0.1390","0.0696"
"266.3070","0.1387","0.0973"
"266.3270","0.1383","0.1039"
"266.3470","0.1378","0.0937"
"266.3670","0.1375","0.1531"
"266.3870","0.1372","0.1965"
"266.4070","0.1369","0.1888"
"266.4270","0.1366","0.1968"
"266.4470","0.1363","0.1237"
"266.4670","0.1360","0.1397"
"266.4870","0.1356","0.2055"
"266.5070","0.1352","0.1982"
"266.5270","0.1349","0.1226"
"266.5470","0.1346","0.1832"
"266.5670","0.1343","0.2027"
"266.5870","0.1341","0.1474"
"266.6070","0.1337","0.1562"
"266.6270","0.1334","0.1855"
"266.6470","0.1330","0.2144"
"266.6670","0.1325","0.2176"
"266.6870","0.1321","0.2826"
"266.7070","0.1318","0.2653"
"266.7270","0.1315","0.2171"
"266.7470","0.1313","0.1699"
"266.7670","0.1310","0.1758"
"266.7870","0.1307","0.2030"
"266.8070","0.1304","0.2249"
"266.8270","0.1300","0.2538"
"266.8470","0.1296","0.2218"
"266.8670","0.1293","0.1311"
"266.8870","0.1289","0.0969"
"266.9070","0.1286","0.1610"
"266.9270","0.1283","0.2164"
"266.9470","0.1281","0.2002"
"266.9670","0.1277","0.1969"
"266.9870","0.1274","0.1574"
"267.0070","0.1269","0.1287"
"267.0270","0.1265","0.1436"
"267.0470","0.1261","0.1054"
"267.0670","0.1258","0.1139"
"267.0870","0.1255","0.1541"
"267.1070","0.1252","0.1130"
"267.1270","0.1249","0.1297"
"267.1470","0.1246","0.0241"
"267.1670","0.1243","-0.0069"
"267.1870","0.1239","0.0579"
"267.2070","0.1236","0.1126"
"267.2270","0.1233","0.1658"
"267.2470","0.1230","0.1362"
"267.2670","0.1227","0.1368"
"267.2870","0.1224","0.1568"
"267.3070","0.1221","0.2235"
"267.3270","0.1217","0.1924"
"267.3470","0.1212","0.2109"
"267.3670","0.1208","0.1363"
"267.3870","0.1204","0.0832"
"267.4070","0.1201","0.0519"
"267.4270","0.1199","0.0867"
"267.4470","0.1197","0.1044"
"267.4670","0.1194","0.1075"
"267.4870","0.1191","0.1134"
"267.5070","0.1187","0.0175"
"267.5270","0.1183","0.0835"
"267.5470","0.1179","0.0983"
"267.5670","0.1176","0.0213"
"267.5870","0.1172","0.0432"
"267.6070","0.1170","0.1076"
"267.6270","0.1167","0.0949"
"267.6470","0.1164","0.0532"
"267.6670","0.1160","0.1474"
"267.6870","0.1156","0.1016"
"267.7070","0.1152","0.0655"
"267.7270","0.1148","0.0877"
"267.7470","0.1144","0.1615"
"267.7670","0.1141","0.1991"
"267.7870","0.1139","0.1679"
"267.8070","0.1136","0.0421"
"267.8270","0.1133","0.0974"
"267.8470","0.1129","0.1018"
"267.8670","0.1126","0.1606"
"267.8870","0.1122","0.0273"
"267.9070","0.1119","-0.0408"
"267.9270","0.1116","0.0238"
"267.9470","0.1113","0.0637"
"267.9670","0.1110","0.0386"
"267.9870","0.1107","0.0974"
"268.0070","0.1103","0.1206"
"268.0270","0.1099","0.1430"
"268.0470","0.1095","0.1643"
"268.0670","0.1090","0.1972"
"268.0870","0.1087","0.1427"
"268.1070","0.1085","0.0920"
"268.1270","0.1083","0.1310"
"268.1470","0.1080","0.1720"
"268.1670","0.1077","0.1190"
"268.1870","0.1074","0.0438"
"268.2070","0.1070","0.0371"
"268.2270","0.1066","0.1076"
"268.2470","0.1063","0.1142"
"268.2670","0.1059","0.1448"
"268.2870","0.1056","0.1002"
"268.3070","0.1054","0.0326"
"268.3270","0.1051","0.0138"
"268.3470","0.1047","0.0560"
"268.3670","0.1043","0.1159"
"268.3870","0.1039","0.1626"
"268.4070","0.1035","0.0317"
"268.4270","0.1031","0.0131"
"268.4470","0.1027","0.0344"
"268.4670","0.1025","0.0600"
"268.4870","0.1022","0.1266"
"268.5070","0.1019","0.1858"
"268.5270","0.1016","0.2081"
"268.5470","0.1013","0.1572"
"268.5670","0.1009","0.0352"
"268.5870","0.1006","0.0904"
"268.6070","0.1003","0.1463"
"268.6270","0.1000","0.1024"
"268.6470","0.0997","0.0264"
"268.6670","0.0994","-0.0036"
"268.6870","0.0990","0.0292"
"268.7070","0.0986","-0.0373"
"268.7270","0.0982","-0.0270"
"268.7470","0.0977","-0.0413"
"268.7670","0.0974","0.0252"
"268.7870","0.0971","0.0125"
"268.8070","0.0969","0.0357"
"268.8270","0.0967","0.0063"
"268.8470","0.0964","0.0897"
"268.8670","0.0961","0.1455"
"268.8870","0.0957","0.0902"
"268.9070","0.0954","0.0549"
"268.9270","0.0950","-0.0233"
"268.9470","0.0946","0.0419"
"268.9670","0.0943","0.0911"
"268.9870","0.0940","0.0152"
"269.0070","0.0938","0.0483"
"269.0270","0.0934","-0.0084"
"269.0470","0.0931","-0.0602"
"269.0670","0.0927","-0.0285"
"269.0870","0.0922","0.0276"
"269.1070","0.0918","0.0348"
"269.1270","0.0915","-0.0077"
"269.1470","0.0912","-0.0498"
"269.1670","0.0909","-0.0296"
"269.1870","0.0906","-0.0243"
"269.2070","0.0903","-0.0005"
"269.2270","0.0900","-0.0121"
"269.2470","0.0896","0.0275"
"269.2670","0.0893","0.0658"
"269.2870","0.0889","0.0139"
"269.3070","0.0886","-0.0438"
"269.3270","0.0884","-0.0389"
"269.3470","0.0881","-0.0473"
"269.3670","0.0877","0.0181"
"269.3870","0.0873","0.0490"
"269.4070","0.0869","0.0709"
"269.4270","0.0865","0.0075"
"269.4470","0.0861","-0.0400"
"269.4670","0.0858","-0.0858"
"269.4870","0.0855","-0.0515"
"269.5070","0.0853","0.0121"
"269.5270","0.0850","0.0363"
"269.5470","0.0847","0.0567"
"269.5670","0.0844","0.0587"
"269.5870","0.0840","-0.0072"
"269.6070","0.0836","0.0142"
"269.6270","0.0833","0.0304"
"269.6470","0.0830","0.0276"
"269.6670","0.0827","-0.0129"
"269.6870","0.0824","-0.0143"
"269.7070","0.0821","-0.0280"
"269.7270","0.0818","-0.0514"
"269.7470","0.0814","-0.0271"
"269.7670","0.0810","0.0133"
"269.7870","0.0805","0.0328"
"269.8070","0.0801","0.0128"
"269.8270","0.0798","0.0196"
"269.8470","0.0795","-0.0398"
"269.8670","0.0792","-0.0351"
"269.8870","0.0789","-0.0295"
"269.9070","0.0786","-0.0379"
"269.9270","0.0783","0.0221"
"269.9470","0.0779","0.0139"
"269.9670","0.0776","0.0107"
"269.9870","0.0773","0.1187"
"270.0070","0.0770","0.1108"
"270.0270","0.0767","0.0620"
"270.0470","0.0764","-0.0291"
"270.0670","0.0760","-0.0328"
"270.0870","0.0756","0.0053"
"270.1070","0.0752","0.0337"
"270.1270","0.0747","-0.0232"
"270.1470","0.0744","-0.0808"
"270.1670","0.0742","-0.0779"
"270.1870","0.0739","-0.0106"
"270.2070","0.0737","0.0095"
"270.2270","0.0734","0.0113"
"270.2470","0.0731","0.0791"
"270.2670","0.0727","0.0313"
"270.2870","0.0723","0.0140"
"270.3070","0.0719","-0.0070"
"270.3270","0.0716","-0.0198"
"270.3470","0.0713","-0.0391"
"270.3670","0.0710","-0.1109"
"270.3870","0.0707","0.0072"
"270.4070","0.0704","-0.0093"
"270.4270","0.0701","-0.0704"
"270.4470","0.0697","-0.1153"
"270.4670","0.0692","-0.1038"
"270.4870","0.0688","-0.1021"
"270.5070","0.0685","-0.1347"
"270.5270","0.0682","-0.0911"
"270.5470","0.0679","-0.0783"
"270.5670","0.0676","-0.0271"
"270.5870","0.0673","-0.0129"
"270.6070","0.0669","0.0114"
"270.6270","0.0666","0.0114"
"270.6470","0.0662","0.0293"
"270.6670","0.0659","0.0487"
"270.6870","0.0657","-0.0198"
"270.7070","0.0654","-0.0288"
"270.7270","0.0651","-0.0501"
"270.7470","0.0648","-0.0780"
"270.7670","0.0643","-0.0583"
"270.7870","0.0639","0.0153"
"270.8070","0.0634","-0.0130"
"270.8270","0.0631","-0.0666"
"270.8470","0.0628","-0.0195"
"270.8670","0.0625","-0.0508"
"270.8870","0.0623","-0.0815"
"270.9070","0.0620","0.0008"
"270.9270","0.0617","0.0380"
"270.9470","0.0614","0.0123"
"270.9670","0.0610","-0.0373"
"270.9870","0.0606","-0.0464"
"271.0070","0.0603","0.0154"
"271.0270","0.0600","-0.0163"
"271.0470","0.0597","-0.0332"
"271.0670","0.0594","0.0234"
"271.0870","0.0591","0.0614"
"271.1070","0.0588","0.0203"
"271.1270","0.0584","-0.0655"
"271.1470","0.0579","-0.0647"
"271.1670","0.0575","-0.1091"
"271.1870","0.0571","-0.1140"
"271.2070","0.0568","-0.0492"
"271.2270","0.0565","0.0086"
"271.2470","0.0562","0.0068"
"271.2670","0.0559","0.0244"
"271.2870","0.0556","-0.0116"
"271.3070","0.0552","-0.0305"
"271.3270","0.0549","0.0146"
"271.3470","0.0546","-0.0098"
"271.3670","0.0543","-0.0533"
"271.3870","0.0540","-0.0492"
"271.4070","0.0538","-0.1053"
"271.4270","0.0534","-0.1428"
"271.4470","0.0530","-0.1549"
"271.4670","0.0526","-0.1408"
"271.4870","0.0521","-0.1192"
"271.5070","0.0517","-0.1633"
"271.5270","0.0514","-0.0931"
"271.5470","0.0511","0.0729"
"271.5670","0.0509","0.0597"
"271.5870","0.0507","0.0701"
"271.6070","0.0504","-0.0971"
"271.6270","0.0500","-0.1439"
"271.6470","0.0497","-0.1013"
"271.6670","0.0493","-0.0096"
"271.6870","0.0489","-0.0077"
"271.7070","0.0486","-0.0560"
"271.7270","0.0483","-0.0388"
"271.7470","0.0480","-0.0343"
"271.7670","0.0477","-0.0118"
"271.7870","0.0474","-0.0227"
"271.8070","0.0471","-0.0648"
"271.8270","0.0467","-0.0572"
"271.8470","0.0462","0.0176"
"271.8670","0.0458","-0.0100"
"271.8870","0.0455","-0.1545"
"271.9070","0.0452","-0.1359"
"271.9270","0.0449","-0.1033"
"271.9310","0.0448","-0.1213"

