Time,Displacement,Force
(s),(mm),(N)
"0.0000","0.0000","0.0312"
"0.0200","0.0000","-0.0795"
"0.0400","0.0000","-0.0267"
"0.0600","0.0000","-0.0538"
"0.0800","0.0001","-0.0037"
"0.1000","0.0002","-0.0079"
"0.1200","0.0004","-0.0054"
"0.1400","0.0005","0.0131"
"0.1600","0.0006","-0.0662"
"0.1800","0.0006","-0.0559"
"0.2000","0.0006","0.0542"
"0.2200","0.0008","0.0480"
"0.2400","0.0011","0.0169"
"0.2600","0.0016","0.0089"
"0.2800","0.0021","0.0262"
"0.3000","0.0025","0.0846"
"0.3200","0.0029","0.1219"
"0.3400","0.0033","0.0190"
"0.3600","0.0036","0.0713"
"0.3800","0.0041","0.1475"
"0.4000","0.0046","0.1787"
"0.4200","0.0050","0.1416"
"0.4400","0.0054","0.0589"
"0.4600","0.0058","0.0506"
"0.4800","0.0061","0.1445"
"0.5000","0.0065","0.1805"
"0.5200","0.0069","0.1380"
"0.5400","0.0074","0.0950"
"0.5600","0.0078","-0.0082"
"0.5800","0.0082","0.0383"
"0.6000","0.0084","0.0884"
"0.6200","0.0087","0.1743"
"0.6400","0.0089","0.1322"
"0.6600","0.0092","0.1008"
"0.6800","0.0096","0.1742"
"0.7000","0.0100","0.1595"
"0.7200","0.0104","0.1218"
"0.7400","0.0107","0.1761"
"0.7600","0.0110","0.1225"
"0.7800","0.0113","0.1889"
"0.8000","0.0115","0.2005"
"0.8200","0.0118","0.2178"
"0.8400","0.0121","0.2009"
"0.8600","0.0126","0.1858"
"0.8800","0.0130","0.1472"
"0.9000","0.0135","0.1468"
"0.9200","0.0138","0.1006"
"0.9400","0.0141","0.1433"
"0.9600","0.0143","0.1232"
"0.9800","0.0146","0.1130"
"1.0000","0.0149","0.1106"
"1.0200","0.0152","0.1429"
"1.0400","0.0155","0.1970"
"1.0600","0.0159","0.2271"
"1.0800","0.0163","0.1867"
"1.1000","0.0167","0.1395"
"1.1200","0.0170","0.1316"
"1.1400","0.0173","0.1767"
"1.1600","0.0176","0.1641"
"1.1800","0.0180","0.1030"
"1.2000","0.0184","0.1362"
"1.2200","0.0188","0.1574"
"1.2400","0.0192","0.1544"
"1.2600","0.0195","0.1675"
"1.2800","0.0198","0.2270"
"1.3000","0.0200","0.2681"
"1.3200","0.0203","0.2592"
"1.3400","0.0206","0.2708"
"1.3600","0.0209","0.2884"
"1.3800","0.0213","0.1797"
"1.4000","0.0216","0.1992"
"1.4200","0.0220","0.2060"
"1.4400","0.0223","0.1688"
"1.4600","0.0226","0.1908"
"1.4800","0.0229","0.1404"
"1.5000","0.0231","0.1442"
"1.5200","0.0235","0.1720"
"1.5400","0.0238","0.1628"
"1.5600","0.0243","0.1476"
"1.5800","0.0247","0.1942"
"1.6000","0.0251","0.2540"
"1.6200","0.0255","0.1962"
"1.6400","0.0257","0.1269"
"1.6600","0.0260","0.1118"
"1.6800","0.0262","0.1781"
"1.7000","0.0265","0.1824"
"1.7200","0.0268","0.1878"
"1.7400","0.0272","0.1355"
"1.7600","0.0276","0.2353"
"1.7800","0.0280","0.2350"
"1.8000","0.0283","0.2136"
"1.8200","0.0286","0.1822"
"1.8400","0.0289","0.1576"
"1.8600","0.0293","0.1914"
"1.8800","0.0296","0.1994"
"1.9000","0.0301","0.1371"
"1.9200","0.0305","0.1737"
"1.9400","0.0308","0.2083"
"1.9600","0.0311","0.2252"
"1.9800","0.0314","0.1986"
"2.0000","0.0316","0.2715"
"2.0200","0.0319","0.2239"
"2.0400","0.0322","0.2465"
"2.0600","0.0326","0.2697"
"2.0800","0.0329","0.2966"
"2.1000","0.0333","0.2264"
"2.1200","0.0337","0.1427"
"2.1400","0.0340","0.2837"
"2.1600","0.0342","0.3175"
"2.1800","0.0345","0.2863"
"2.2000","0.0348","0.2304"
"2.2200","0.0351","0.1852"
"2.2400","0.0355","0.1272"
"2.2600","0.0360","0.1295"
"2.2800","0.0365","0.1966"
"2.3000","0.0368","0.2271"
"2.3200","0.0371","0.1735"
"2.3400","0.0374","0.2125"
"2.3600","0.0376","0.1911"
"2.3800","0.0379","0.1791"
"2.4000","0.0382","0.2049"
"2.4200","0.0385","0.3006"
"2.4400","0.0389","0.3222"
"2.4600","0.0393","0.3352"
"2.4800","0.0397","0.2326"
"2.5000","0.0400","0.1726"
"2.5200","0.0403","0.1941"
"2.5400","0.0406","0.2688"
"2.5600","0.0410","0.3204"
"2.5800","0.0414","0.2791"
"2.6000","0.0418","0.2261"
"2.6200","0.0422","0.1922"
"2.6400","0.0425","0.1106"
"2.6600","0.0427","0.2126"
"2.6800","0.0430","0.1948"
"2.7000","0.0432","0.2699"
"2.7200","0.0435","0.2808"
"2.7400","0.0438","0.2751"
"2.7600","0.0442","0.2423"
"2.7800","0.0446","0.2132"
"2.8000","0.0450","0.2275"
"2.8200","0.0454","0.2308"
"2.8400","0.0456","0.2848"
"2.8600","0.0459","0.3155"
"2.8800","0.0462","0.2490"
"2.9000","0.0465","0.2414"
"2.9200","0.0469","0.2541"
"2.9400","0.0473","0.2443"
"2.9600","0.0478","0.2131"
"2.9800","0.0482","0.2578"
"3.0000","0.0485","0.3367"
"3.0200","0.0488","0.3120"
"3.0400","0.0490","0.3649"
"3.0600","0.0492","0.2707"
"3.0800","0.0495","0.2247"
"3.1000","0.0499","0.2429"
"3.1200","0.0502","0.2160"
"3.1400","0.0506","0.3003"
"3.1600","0.0510","0.3419"
"3.1800","0.0513","0.2354"
"3.2000","0.0516","0.2128"
"3.2200","0.0519","0.2661"
"3.2400","0.0523","0.2796"
"3.2600","0.0527","0.3308"
"3.2800","0.0531","0.2946"
"3.3000","0.0535","0.3238"
"3.3200","0.0538","0.2714"
"3.3400","0.0541","0.3155"
"3.3600","0.0544","0.2668"
"3.3800","0.0546","0.2412"
"3.4000","0.0549","0.2780"
"3.4200","0.0552","0.2650"
"3.4400","0.0556","0.2914"
"3.4600","0.0560","0.2588"
"3.4800","0.0563","0.2470"
"3.5000","0.0567","0.2978"
"3.5200","0.0570","0.2756"
"3.5400","0.0573","0.2813"
"3.5600","0.0575","0.2867"
"3.5800","0.0578","0.3536"
"3.6000","0.0582","0.3243"
"3.6200","0.0586","0.2701"
"3.6400","0.0591","0.2339"
"3.6600","0.0595","0.2486"
"3.6800","0.0599","0.3383"
"3.7000","0.0601","0.3694"
"3.7200","0.0604","0.3274"
"3.7400","0.0606","0.3013"
"3.7600","0.0609","0.2695"
"3.7800","0.0612","0.2923"
"3.8000","0.0616","0.3109"
"3.8200","0.0620","0.3434"
"3.8400","0.0623","0.3371"
"3.8600","0.0627","0.2865"
"3.8800","0.0630","0.3043"
"3.9000","0.0633","0.3221"
"3.9200","0.0636","0.2618"
"3.9400","0.0640","0.2597"
"3.9600","0.0644","0.2876"
"3.9800","0.0648","0.3340"
"4.0000","0.0652","0.3351"
"4.0200","0.0655","0.2857"
"4.0400","0.0657","0.3260"
"4.0600","0.0660","0.3250"
"4.0800","0.0662","0.2398"
"4.1000","0.0665","0.2227"
"4.1200","0.0669","0.2382"
"4.1400","0.0672","0.2668"
"4.1600","0.0676","0.3798"
"4.1800","0.0680","0.3734"
"4.2000","0.0683","0.3295"
"4.2200","0.0686","0.3591"
"4.2400","0.0689","0.4584"
"4.2600","0.0692","0.4284"
"4.2800","0.0695","0.3795"
"4.3000","0.0699","0.3439"
"4.3200","0.0703","0.3163"
"4.3400","0.0708","0.3502"
"4.3600","0.0712","0.3596"
"4.3800","0.0715","0.3605"
"4.4000","0.0717","0.3616"
"4.4200","0.0720","0.3264"
"4.4400","0.0722","0.3592"
"4.4600","0.0725","0.3955"
"4.4800","0.0729","0.4023"
"4.5000","0.0732","0.3508"
"4.5200","0.0736","0.2463"
"4.5400","0.0740","0.3531"
"4.5600","0.0743","0.3487"
"4.5800","0.0746","0.3483"
"4.6000","0.0749","0.3366"
"4.6200","0.0753","0.2924"
"4.6400","0.0757","0.3149"
"4.6600","0.0761","0.3463"
"4.6800","0.0765","0.3724"
"4.7000","0.0768","0.3433"
"4.7200","0.0771","0.3174"
"4.7400","0.0774","0.3499"
"4.7600","0.0776","0.3466"
"4.7800","0.0779","0.3261"
"4.8000","0.0782","0.3536"
"4.8200","0.0786","0.4210"
"4.8400","0.0789","0.3986"
"4.8600","0.0793","0.3854"
"4.8800","0.0797","0.4376"
"4.9000","0.0800","0.4591"
"4.9200","0.0802","0.3917"
"4.9400","0.0805","0.3939"
"4.9600","0.0808","0.3860"
"4.9800","0.0811","0.4298"
"5.0000","0.0816","0.4689"
"5.0200","0.0820","0.5290"
"5.0400","0.0825","0.5817"
"5.0600","0.0829","0.4729"
"5.0800","0.0831","0.4029"
"5.1000","0.0834","0.4339"
"5.1200","0.0836","0.4713"
"5.1400","0.0839","0.4341"
"5.1600","0.0842","0.4441"
"5.1800","0.0845","0.4271"
"5.2000","0.0849","0.4027"
"5.2200","0.0853","0.3951"
"5.2400","0.0856","0.3499"
"5.2600","0.0859","0.4623"
"5.2800","0.0862","0.5240"
"5.3000","0.0866","0.4781"
"5.3200","0.0869","0.4032"
"5.3400","0.0874","0.3754"
"5.3600","0.0878","0.5184"
"5.3800","0.0882","0.5192"
"5.4000","0.0885","0.3916"
"5.4200","0.0887","0.4044"
"5.4400","0.0890","0.3671"
"5.4600","0.0892","0.4468"
"5.4800","0.0895","0.4957"
"5.5000","0.0898","0.5183"
"5.5200","0.0902","0.5028"
"5.5400","0.0906","0.5103"
"5.5600","0.0910","0.4063"
"5.5800","0.0913","0.4186"
"5.6000","0.0916","0.4708"
"5.6200","0.0919","0.4981"
"5.6400","0.0922","0.4743"
"5.6600","0.0925","0.4434"
"5.6800","0.0929","0.3591"
"5.7000","0.0934","0.2612"
"5.7200","0.0938","0.4024"
"5.7400","0.0942","0.5020"
"5.7600","0.0945","0.5382"
"5.7800","0.0948","0.4655"
"5.8000","0.0950","0.4665"
"5.8200","0.0952","0.4940"
"5.8400","0.0955","0.5383"
"5.8600","0.0958","0.5602"
"5.8800","0.0962","0.4934"
"5.9000","0.0966","0.4347"
"5.9200","0.0969","0.4224"
"5.9400","0.0973","0.5575"
"5.9600","0.0976","0.5689"
"5.9800","0.0979","0.4849"
"6.0000","0.0983","0.4859"
"6.0200","0.0987","0.4775"
"6.0400","0.0991","0.5098"
"6.0600","0.0995","0.5493"
"6.0800","0.0998","0.5056"
"6.1000","0.1001","0.4984"
"6.1200","0.1004","0.5078"
"6.1400","0.1006","0.5389"
"6.1600","0.1009","0.5747"
"6.1800","0.1012","0.5404"
"6.2000","0.1016","0.4239"
"6.2200","0.1020","0.3957"
"6.2400","0.1023","0.4816"
"6.2600","0.1027","0.4192"
"6.2800","0.1030","0.4212"
"6.3000","0.1032","0.5000"
"6.3200","0.1035","0.4662"
"6.3400","0.1038","0.4535"
"6.3600","0.1042","0.4883"
"6.3800","0.1046","0.5018"
"6.4000","0.1051","0.4899"
"6.4200","0.1055","0.4414"
"6.4400","0.1059","0.4680"
"6.4600","0.1062","0.5323"
"6.4800","0.1064","0.5310"
"6.5000","0.1066","0.5605"
"6.5200","0.1069","0.5804"
"6.5400","0.1072","0.5370"
"6.5600","0.1075","0.6157"
"6.5800","0.1079","0.6139"
"6.6000","0.1083","0.5984"
"6.6200","0.1086","0.4857"
"6.6400","0.1089","0.5203"
"6.6600","0.1093","0.5952"
"6.6800","0.1096","0.6021"
"6.7000","0.1100","0.6108"
"6.7200","0.1104","0.6343"
"6.7400","0.1108","0.6417"
"6.7600","0.1112","0.5495"
"6.7800","0.1115","0.5241"
"6.8000","0.1117","0.5872"
"6.8200","0.1120","0.6338"
"6.8400","0.1122","0.6656"
"6.8600","0.1125","0.6239"
"6.8800","0.1129","0.5484"
"6.9000","0.1133","0.5206"
"6.9200","0.1137","0.5681"
"6.9400","0.1140","0.6012"
"6.9600","0.1143","0.5910"
"6.9800","0.1146","0.5879"
"7.0000","0.1149","0.5447"
"7.0200","0.1151","0.6087"
"7.0400","0.1155","0.5981"
"7.0600","0.1159","0.5539"
"7.0800","0.1164","0.4908"
"7.1000","0.1168","0.5797"
"7.1200","0.1172","0.7007"
"7.1400","0.1176","0.6846"
"7.1600","0.1178","0.6655"
"7.1800","0.1180","0.6725"
"7.2000","0.1183","0.6847"
"7.2200","0.1186","0.6940"
"7.2400","0.1189","0.6706"
"7.2600","0.1193","0.5588"
"7.2800","0.1196","0.5314"
"7.3000","0.1200","0.5530"
"7.3200","0.1203","0.5950"
"7.3400","0.1206","0.6018"
"7.3600","0.1210","0.5542"
"7.3800","0.1213","0.5171"
"7.4000","0.1217","0.5684"
"7.4200","0.1221","0.5659"
"7.4400","0.1225","0.5802"
"7.4600","0.1228","0.6242"
"7.4800","0.1231","0.6305"
"7.5000","0.1233","0.6592"
"7.5200","0.1236","0.6343"
"7.5400","0.1239","0.6346"
"7.5600","0.1242","0.5991"
"7.5800","0.1245","0.5088"
"7.6000","0.1249","0.5629"
"7.6200","0.1253","0.5898"
"7.6400","0.1257","0.6225"
"7.6600","0.1260","0.6266"
"7.6800","0.1262","0.5981"
"7.7000","0.1265","0.6139"
"7.7200","0.1268","0.6699"
"7.7400","0.1272","0.6543"
"7.7600","0.1276","0.7353"
"7.7800","0.1281","0.6989"
"7.8000","0.1285","0.6761"
"7.8200","0.1289","0.6538"
"7.8400","0.1291","0.6440"
"7.8600","0.1294","0.7551"
"7.8800","0.1296","0.7283"
"7.9000","0.1299","0.6777"
"7.9200","0.1302","0.6287"
"7.9400","0.1306","0.6573"
"7.9600","0.1309","0.6348"
"7.9800","0.1313","0.7572"
"8.0000","0.1316","0.7679"
"8.0200","0.1319","0.7534"
"8.0400","0.1323","0.6687"
"8.0600","0.1326","0.6826"
"8.0800","0.1330","0.6524"
"8.1000","0.1334","0.6734"
"8.1200","0.1338","0.7252"
"8.1400","0.1341","0.7049"
"8.1600","0.1344","0.7101"
"8.1800","0.1347","0.7153"
"8.2000","0.1349","0.6848"
"8.2200","0.1352","0.7329"
"8.2400","0.1355","0.7426"
"8.2600","0.1358","0.7272"
"8.2800","0.1362","0.5940"
"8.3000","0.1366","0.6180"
"8.3200","0.1370","0.6380"
"8.3400","0.1373","0.6908"
"8.3600","0.1376","0.7171"
"8.3800","0.1379","0.6871"
"8.4000","0.1382","0.6397"
"8.4200","0.1385","0.5828"
"8.4400","0.1389","0.5971"
"8.4600","0.1394","0.6612"
"8.4800","0.1398","0.6562"
"8.5000","0.1402","0.7223"
"8.5200","0.1405","0.7539"
"8.5400","0.1407","0.7065"
"8.5600","0.1410","0.6314"
"8.5800","0.1412","0.6170"
"8.6000","0.1415","0.6646"
"8.6200","0.1419","0.7140"
"8.6400","0.1422","0.7332"
"8.6600","0.1426","0.8185"
"8.6800","0.1430","0.7629"
"8.7000","0.1433","0.7165"
"8.7200","0.1436","0.6665"
"8.7400","0.1440","0.6850"
"8.7600","0.1443","0.6732"
"8.7800","0.1447","0.7198"
"8.8000","0.1451","0.7343"
"8.8200","0.1455","0.6802"
"8.8400","0.1458","0.7538"
"8.8600","0.1461","0.9141"
"8.8800","0.1463","0.8526"
"8.9000","0.1466","0.7600"
"8.9200","0.1469","0.7421"
"8.9400","0.1472","0.7858"
"8.9600","0.1476","0.8018"
"8.9800","0.1480","0.7956"
"9.0000","0.1483","0.8345"
"9.0200","0.1487","0.7877"
"9.0400","0.1490","0.7393"
"9.0600","0.1492","0.7258"
"9.0800","0.1495","0.7026"
"9.1000","0.1498","0.6995"
"9.1200","0.1502","0.7011"
"9.1400","0.1506","0.7522"
"9.1600","0.1511","0.7797"
"9.1800","0.1515","0.7672"
"9.2000","0.1519","0.6939"
"9.2200","0.1521","0.6165"
"9.2400","0.1524","0.6404"
"9.2600","0.1526","0.6865"
"9.2800","0.1529","0.7083"
"9.3000","0.1532","0.6752"
"9.3200","0.1536","0.6783"
"9.3400","0.1539","0.7074"
"9.3600","0.1543","0.6397"
"9.3800","0.1546","0.6653"
"9.4000","0.1550","0.6966"
"9.4200","0.1553","0.6803"
"9.4400","0.1556","0.6680"
"9.4600","0.1560","0.6877"
"9.4800","0.1564","0.7227"
"9.5000","0.1568","0.7288"
"9.5200","0.1571","0.7716"
"9.5400","0.1574","0.7369"
"9.5600","0.1577","0.8037"
"9.5800","0.1579","0.9018"
"9.6000","0.1582","0.8813"
"9.6200","0.1585","0.8894"
"9.6400","0.1588","0.8693"
"9.6600","0.1592","0.7407"
"9.6800","0.1596","0.7256"
"9.7000","0.1600","0.6051"
"9.7200","0.1603","0.7144"
"9.7400","0.1606","0.8489"
"9.7600","0.1608","0.8553"
"9.7800","0.1611","0.8083"
"9.8000","0.1615","0.7461"
"9.8200","0.1619","0.7665"
"9.8400","0.1624","0.7395"
"9.8600","0.1629","0.7581"
"9.8800","0.1632","0.8492"
"9.9000","0.1635","0.8884"
"9.9200","0.1637","0.8634"
"9.9400","0.1640","0.7410"
"9.9600","0.1642","0.7129"
"9.9800","0.1646","0.7492"
"10.0000","0.1649","0.8275"
"10.0200","0.1653","0.7937"
"10.0400","0.1657","0.7750"
"10.0600","0.1660","0.8093"
"10.0800","0.1664","0.8336"
"10.1000","0.1667","0.8614"
"10.1200","0.1670","0.9039"
"10.1400","0.1674","0.8615"
"10.1600","0.1677","0.7379"
"10.1800","0.1681","0.7227"
"10.2000","0.1685","0.7965"
"10.2200","0.1688","0.7790"
"10.2400","0.1690","0.7708"
"10.2600","0.1693","0.9114"
"10.2800","0.1695","0.9442"
"10.3000","0.1698","0.9084"
"10.3200","0.1702","0.8669"
"10.3400","0.1705","0.8564"
"10.3600","0.1709","0.8695"
"10.3800","0.1713","0.8609"
"10.4000","0.1716","0.7809"
"10.4200","0.1719","0.7883"
"10.4400","0.1722","0.9163"
"10.4600","0.1725","0.8841"
"10.4800","0.1728","0.8688"
"10.5000","0.1732","0.8983"
"10.5200","0.1737","0.8736"
"10.5400","0.1742","0.9837"
"10.5600","0.1746","1.0329"
"10.5800","0.1749","0.9339"
"10.6000","0.1751","0.8955"
"10.6200","0.1753","0.8833"
"10.6400","0.1756","0.8097"
"10.6600","0.1759","0.8299"
"10.6800","0.1762","0.8362"
"10.7000","0.1766","0.8696"
"10.7200","0.1770","0.8608"
"10.7400","0.1774","0.8626"
"10.7600","0.1777","0.9215"
"10.7800","0.1780","0.9022"
"10.8000","0.1783","0.8107"
"10.8200","0.1787","0.8592"
"10.8400","0.1790","0.9403"
"10.8600","0.1794","0.9364"
"10.8800","0.1798","0.9185"
"10.9000","0.1801","0.8840"
"10.9200","0.1804","0.9129"
"10.9400","0.1806","0.9968"
"10.9600","0.1809","1.0067"
"10.9800","0.1812","1.0327"
"11.0000","0.1815","1.0197"
"11.0200","0.1818","0.9353"
"11.0400","0.1822","0.9017"
"11.0600","0.1826","0.9435"
"11.0800","0.1830","0.8549"
"11.1000","0.1833","0.8606"
"11.1200","0.1835","1.0211"
"11.1400","0.1838","0.9780"
"11.1600","0.1841","0.8841"
"11.1800","0.1845","0.8475"
"11.2000","0.1850","0.9663"
"11.2200","0.1855","1.0342"
"11.2400","0.1859","1.0138"
"11.2600","0.1862","0.9214"
"11.2800","0.1865","0.9556"
"11.3000","0.1867","0.9982"
"11.3200","0.1869","0.9453"
"11.3400","0.1872","0.9239"
"11.3600","0.1875","1.0015"
"11.3800","0.1879","1.0342"
"11.4000","0.1883","0.8747"
"11.4200","0.1887","0.7958"
"11.4400","0.1890","0.8543"
"11.4600","0.1894","0.9754"
"11.4800","0.1897","0.9680"
"11.5000","0.1900","0.8946"
"11.5200","0.1903","0.9021"
"11.5400","0.1907","0.9183"
"11.5600","0.1911","0.9919"
"11.5800","0.1915","0.9340"
"11.6000","0.1918","0.9225"
"11.6200","0.1920","0.9712"
"11.6400","0.1923","0.9172"
"11.6600","0.1925","0.8787"
"11.6800","0.1928","0.9119"
"11.7000","0.1932","0.8924"
"11.7200","0.1935","0.9078"
"11.7400","0.1939","0.9827"
"11.7600","0.1943","0.9912"
"11.7800","0.1946","1.0383"
"11.8000","0.1949","0.9789"
"11.8200","0.1951","1.0300"
"11.8400","0.1954","1.0201"
"11.8600","0.1958","0.9982"
"11.8800","0.1962","0.9466"
"11.9000","0.1967","0.9629"
"11.9200","0.1972","1.0062"
"11.9400","0.1976","0.9589"
"11.9600","0.1979","0.9316"
"11.9800","0.1981","0.9056"
"12.0000","0.1983","0.8744"
"12.0200","0.1986","1.0023"
"12.0400","0.1989","0.9682"
"12.0600","0.1992","0.9130"
"12.0800","0.1996","0.8632"
"12.1000","0.2000","0.9693"
"12.1200","0.2003","0.9207"
"12.1400","0.2007","0.9327"
"12.1600","0.2010","0.9797"
"12.1800","0.2013","0.9456"
"12.2000","0.2016","0.9701"
"12.2200","0.2020","1.0080"
"12.2400","0.2024","1.0158"
"12.2600","0.2028","0.9676"
"12.2800","0.2031","0.9396"
"12.3000","0.2034","0.9469"
"12.3200","0.2036","0.9383"
"12.3400","0.2039","0.9423"
"12.3600","0.2042","1.0059"
"12.3800","0.2045","1.0564"
"12.4000","0.2049","1.0976"
"12.4200","0.2053","0.9946"
"12.4400","0.2056","0.9497"
"12.4600","0.2060","1.0127"
"12.4800","0.2063","1.0508"
"12.5000","0.2065","0.9530"
"12.5200","0.2068","0.9072"
"12.5400","0.2071","0.9296"
"12.5600","0.2075","0.8715"
"12.5800","0.2079","0.9224"
"12.6000","0.2084","0.9830"
"12.6200","0.2089","1.0198"
"12.6400","0.2092","1.0262"
"12.6600","0.2095","0.9290"
"12.6800","0.2097","0.8327"
"12.7000","0.2099","0.8790"
"12.7200","0.2102","0.8905"
"12.7400","0.2105","0.9235"
"12.7600","0.2109","0.9693"
"12.7800","0.2113","0.9865"
"12.8000","0.2116","0.9675"
"12.8200","0.2120","0.9069"
"12.8400","0.2123","0.9323"
"12.8600","0.2126","0.9528"
"12.8800","0.2129","0.9187"
"12.9000","0.2133","0.8695"
"12.9200","0.2137","0.9340"
"12.9400","0.2141","0.9313"
"12.9600","0.2145","1.0094"
"12.9800","0.2148","1.0046"
"13.0000","0.2150","1.0049"
"13.0200","0.2153","0.9211"
"13.0400","0.2156","0.8490"
"13.0600","0.2159","0.8956"
"13.0800","0.2162","0.9930"
"13.1000","0.2166","1.0231"
"13.1200","0.2169","1.0090"
"13.1400","0.2173","1.0078"
"13.1600","0.2176","0.9839"
"13.1800","0.2179","0.9832"
"13.2000","0.2182","0.9781"
"13.2200","0.2185","1.0085"
"13.2400","0.2188","1.0025"
"13.2600","0.2192","0.9951"
"13.2800","0.2197","1.0018"
"13.3000","0.2202","1.0259"
"13.3200","0.2205","1.0298"
"13.3400","0.2208","1.0633"
"13.3600","0.2211","1.0572"
"13.3800","0.2213","0.9919"
"13.4000","0.2216","0.9852"
"13.4200","0.2219","0.9662"
"13.4400","0.2222","0.9818"
"13.4600","0.2226","1.0243"
"13.4800","0.2230","1.0107"
"13.5000","0.2233","0.9770"
"13.5200","0.2236","1.0332"
"13.5400","0.2239","1.0275"
"13.5600","0.2243","0.9269"
"13.5800","0.2246","0.9704"
"13.6000","0.2250","1.0711"
"13.6200","0.2254","1.0133"
"13.6400","0.2258","1.0159"
"13.6600","0.2261","1.0860"
"13.6800","0.2264","1.0432"
"13.7000","0.2266","0.9900"
"13.7200","0.2269","0.9519"
"13.7400","0.2272","0.9737"
"13.7600","0.2275","0.8851"
"13.7800","0.2279","0.8321"
"13.8000","0.2283","0.9182"
"13.8200","0.2286","0.9715"
"13.8400","0.2289","0.9623"
"13.8600","0.2292","1.0985"
"13.8800","0.2295","1.0456"
"13.9000","0.2298","0.9769"
"13.9200","0.2301","0.8744"
"13.9400","0.2305","0.9446"
"13.9600","0.2309","1.0016"
"13.9800","0.2314","1.0538"
"14.0000","0.2318","1.0464"
"14.0200","0.2322","1.0236"
"14.0400","0.2324","0.9980"
"14.0600","0.2327","1.0333"
"14.0800","0.2329","1.0246"
"14.1000","0.2332","1.0022"
"14.1200","0.2336","1.0534"
"14.1400","0.2339","1.1060"
"14.1600","0.2343","0.9930"
"14.1800","0.2347","1.0267"
"14.2000","0.2350","1.0094"
"14.2200","0.2353","0.9887"
"14.2400","0.2356","1.0643"
"14.2600","0.2360","1.0937"
"14.2800","0.2364","1.1809"
"14.3000","0.2368","1.1765"
"14.3200","0.2372","1.0416"
"14.3400","0.2376","1.0736"
"14.3600","0.2379","1.0400"
"14.3800","0.2381","0.9789"
"14.4000","0.2383","1.0027"
"14.4200","0.2386","1.0685"
"14.4400","0.2389","1.1145"
"14.4600","0.2392","1.0758"
"14.4800","0.2396","1.0422"
"14.5000","0.2400","1.0294"
"14.5200","0.2403","1.0296"
"14.5400","0.2406","1.0198"
"14.5600","0.2409","1.0782"
"14.5800","0.2411","1.0727"
"14.6000","0.2414","1.0509"
"14.6200","0.2418","1.0674"
"14.6400","0.2422","1.1061"
"14.6600","0.2427","1.1580"
"14.6800","0.2431","1.0918"
"14.7000","0.2435","1.0959"
"14.7200","0.2438","1.0239"
"14.7400","0.2440","1.0244"
"14.7600","0.2443","1.0165"
"14.7800","0.2445","0.9998"
"14.8000","0.2449","0.9636"
"14.8200","0.2452","0.9716"
"14.8400","0.2456","1.1141"
"14.8600","0.2460","1.0833"
"14.8800","0.2463","1.1272"
"14.9000","0.2466","1.1817"
"14.9200","0.2469","1.1679"
"14.9400","0.2473","1.1143"
"14.9600","0.2476","1.0814"
"14.9800","0.2480","1.0165"
"15.0000","0.2485","0.9997"
"15.0200","0.2488","1.0212"
"15.0400","0.2492","1.0326"
"15.0600","0.2494","1.0323"
"15.0800","0.2497","0.9800"
"15.1000","0.2499","1.0610"
"15.1200","0.2502","1.1324"
"15.1400","0.2506","1.1184"
"15.1600","0.2509","1.1498"
"15.1800","0.2513","1.0757"
"15.2000","0.2517","1.0716"
"15.2200","0.2520","1.1456"
"15.2400","0.2523","1.1681"
"15.2600","0.2525","1.1002"
"15.2800","0.2528","1.1891"
"15.3000","0.2531","1.1893"
"15.3200","0.2535","1.1671"
"15.3400","0.2540","1.0862"
"15.3600","0.2544","1.0889"
"15.3800","0.2548","1.1352"
"15.4000","0.2551","1.2289"
"15.4200","0.2554","1.2165"
"15.4400","0.2556","1.1816"
"15.4600","0.2559","1.2194"
"15.4800","0.2562","1.2004"
"15.5000","0.2565","1.1689"
"15.5200","0.2569","1.1502"
"15.5400","0.2573","1.2221"
"15.5600","0.2577","1.2864"
"15.5800","0.2580","1.2821"
"15.6000","0.2583","1.1796"
"15.6200","0.2586","1.2139"
"15.6400","0.2589","1.2799"
"15.6600","0.2593","1.3924"
"15.6800","0.2597","1.3541"
"15.7000","0.2601","1.3765"
"15.7200","0.2605","1.3838"
"15.7400","0.2608","1.3826"
"15.7600","0.2610","1.3466"
"15.7800","0.2613","1.3483"
"15.8000","0.2616","1.2823"
"15.8200","0.2619","1.2213"
"15.8400","0.2623","1.2725"
"15.8600","0.2626","1.2016"
"15.8800","0.2630","1.2217"
"15.9000","0.2633","1.2726"
"15.9200","0.2636","1.3657"
"15.9400","0.2639","1.3709"
"15.9600","0.2642","1.3594"
"15.9800","0.2645","1.4585"
"16.0000","0.2648","1.4774"
"16.0200","0.2653","1.4651"
"16.0400","0.2657","1.4642"
"16.0600","0.2662","1.3529"
"16.0800","0.2665","1.3170"
"16.1000","0.2668","1.3094"
"16.1200","0.2670","1.4349"
"16.1400","0.2673","1.4322"
"16.1600","0.2675","1.4188"
"16.1800","0.2679","1.4617"
"16.2000","0.2682","1.4231"
"16.2200","0.2686","1.4276"
"16.2400","0.2690","1.4666"
"16.2600","0.2693","1.4932"
"16.2800","0.2696","1.4224"
"16.3000","0.2699","1.3915"
"16.3200","0.2702","1.4799"
"16.3400","0.2706","1.5636"
"16.3600","0.2710","1.5911"
"16.3800","0.2714","1.5793"
"16.4000","0.2718","1.5587"
"16.4200","0.2721","1.4610"
"16.4400","0.2724","1.4734"
"16.4600","0.2726","1.5629"
"16.4800","0.2729","1.5757"
"16.5000","0.2732","1.5740"
"16.5200","0.2735","1.4895"
"16.5400","0.2739","1.4648"
"16.5600","0.2743","1.5214"
"16.5800","0.2747","1.4716"
"16.6000","0.2750","1.4755"
"16.6200","0.2753","1.5309"
"16.6400","0.2755","1.5871"
"16.6600","0.2758","1.5991"
"16.6800","0.2761","1.6793"
"16.7000","0.2765","1.6787"
"16.7200","0.2770","1.6352"
"16.7400","0.2774","1.6602"
"16.7600","0.2778","1.6718"
"16.7800","0.2781","1.6765"
"16.8000","0.2784","1.5464"
"16.8200","0.2786","1.5748"
"16.8400","0.2789","1.5122"
"16.8600","0.2792","1.5211"
"16.8800","0.2795","1.6052"
"16.9000","0.2799","1.6725"
"16.9200","0.2803","1.6640"
"16.9400","0.2807","1.6333"
"16.9600","0.2810","1.6204"
"16.9800","0.2813","1.6139"
"17.0000","0.2816","1.5601"
"17.0200","0.2820","1.5733"
"17.0400","0.2824","1.6704"
"17.0600","0.2828","1.6843"
"17.0800","0.2832","1.6780"
"17.1000","0.2835","1.7087"
"17.1200","0.2838","1.6797"
"17.1400","0.2840","1.7806"
"17.1600","0.2843","1.8295"
"17.1800","0.2845","1.7541"
"17.2000","0.2848","1.7442"
"17.2200","0.2852","1.7002"
"17.2400","0.2856","1.7382"
"17.2600","0.2860","1.8138"
"17.2800","0.2864","1.8062"
"17.3000","0.2867","1.7949"
"17.3200","0.2869","1.7387"
"17.3400","0.2872","1.7494"
"17.3600","0.2875","1.7225"
"17.3800","0.2879","1.7697"
"17.4000","0.2883","1.7525"
"17.4200","0.2887","1.7136"
"17.4400","0.2892","1.7233"
"17.4600","0.2895","1.7548"
"17.4800","0.2898","1.7625"
"17.5000","0.2900","1.7837"
"17.5200","0.2903","1.8377"
"17.5400","0.2906","1.8581"
"17.5600","0.2909","1.9073"
"17.5800","0.2912","1.8571"
"17.6000","0.2916","1.7165"
"17.6200","0.2920","1.7513"
"17.6400","0.2923","1.8218"
"17.6600","0.2926","1.8329"
"17.6800","0.2929","1.8439"
"17.7000","0.2933","1.9114"
"17.7200","0.2937","1.9636"
"17.7400","0.2941","1.9633"
"17.7600","0.2945","1.9353"
"17.7800","0.2948","1.8909"
"17.8000","0.2951","1.8947"
"17.8200","0.2954","1.8907"
"17.8400","0.2956","1.8232"
"17.8600","0.2959","1.8981"
"17.8800","0.2962","1.9536"
"17.9000","0.2965","1.9817"
"17.9200","0.2969","1.9652"
"17.9400","0.2973","1.9684"
"17.9600","0.2977","1.9833"
"17.9800","0.2980","1.9425"
"18.0000","0.2983","1.9253"
"18.0200","0.2985","1.8945"
"18.0400","0.2988","1.8946"
"18.0600","0.2991","1.9364"
"18.0800","0.2995","1.9907"
"18.1000","0.3000","2.0642"
"18.1200","0.3005","2.0122"
"18.1400","0.3008","2.0470"
"18.1600","0.3011","2.0822"
"18.1800","0.3014","2.1253"
"18.2000","0.3016","2.0689"
"18.2200","0.3019","2.0691"
"18.2400","0.3022","2.0690"
"18.2600","0.3026","2.0600"
"18.2800","0.3029","2.0444"
"18.3000","0.3033","2.0185"
"18.3200","0.3037","1.9873"
"18.3400","0.3040","2.0207"
"18.3600","0.3044","2.0546"
"18.3800","0.3047","2.0400"
"18.4000","0.3051","2.0955"
"18.4200","0.3055","2.1484"
"18.4400","0.3059","2.1148"
"18.4600","0.3063","2.1198"
"18.4800","0.3066","2.0479"
"18.5000","0.3068","2.0070"
"18.5200","0.3070","2.0567"
"18.5400","0.3073","1.9642"
"18.5600","0.3076","2.0431"
"18.5800","0.3079","2.1204"
"18.6000","0.3083","2.1277"
"18.6200","0.3087","2.1011"
"18.6400","0.3090","2.1258"
"18.6600","0.3093","2.1453"
"18.6800","0.3096","2.1540"
"18.7000","0.3099","2.1739"
"18.7200","0.3101","2.1128"
"18.7400","0.3105","2.1548"
"18.7600","0.3108","2.2118"
"18.7800","0.3113","2.2408"
"18.8000","0.3117","2.2147"
"18.8200","0.3121","2.1464"
"18.8400","0.3125","2.1420"
"18.8600","0.3127","2.2601"
"18.8800","0.3130","2.2368"
"18.9000","0.3132","2.1994"
"18.9200","0.3135","2.1302"
"18.9400","0.3138","2.2445"
"18.9600","0.3142","2.2867"
"18.9800","0.3146","2.3297"
"19.0000","0.3149","2.3215"
"19.0200","0.3153","2.2969"
"19.0400","0.3156","2.2221"
"19.0600","0.3159","2.2041"
"19.0800","0.3162","2.2757"
"19.1000","0.3166","2.3779"
"19.1200","0.3171","2.3506"
"19.1400","0.3175","2.3175"
"19.1600","0.3178","2.2737"
"19.1800","0.3181","2.2893"
"19.2000","0.3184","2.3471"
"19.2200","0.3186","2.3261"
"19.2400","0.3189","2.3116"
"19.2600","0.3192","2.3351"
"19.2800","0.3195","2.2704"
"19.3000","0.3199","2.2786"
"19.3200","0.3203","2.3332"
"19.3400","0.3207","2.2835"
"19.3600","0.3210","2.2845"
"19.3800","0.3212","2.3251"
"19.4000","0.3215","2.3732"
"19.4200","0.3218","2.3652"
"19.4400","0.3221","2.3882"
"19.4600","0.3226","2.3391"
"19.4800","0.3230","2.3566"
"19.5000","0.3235","2.3189"
"19.5200","0.3239","2.3396"
"19.5400","0.3242","2.3972"
"19.5600","0.3244","2.4259"
"19.5800","0.3246","2.4167"
"19.6000","0.3249","2.4098"
"19.6200","0.3252","2.4752"
"19.6400","0.3255","2.5026"
"19.6600","0.3259","2.4733"
"19.6800","0.3263","2.5044"
"19.7000","0.3266","2.5005"
"19.7200","0.3269","2.4543"
"19.7400","0.3273","2.4590"
"19.7600","0.3276","2.3913"
"19.7800","0.3280","2.4860"
"19.8000","0.3284","2.5715"
"19.8200","0.3288","2.5845"
"19.8400","0.3292","2.5769"
"19.8600","0.3295","2.6226"
"19.8800","0.3298","2.5983"
"19.9000","0.3300","2.5445"
"19.9200","0.3302","2.4934"
"19.9400","0.3305","2.5222"
"19.9600","0.3309","2.5009"
"19.9800","0.3312","2.4646"
"20.0000","0.3316","2.5238"
"20.0200","0.3320","2.5668"
"20.0400","0.3323","2.5953"
"20.0600","0.3326","2.6448"
"20.0800","0.3329","2.5112"
"20.1000","0.3332","2.5629"
"20.1200","0.3335","2.6265"
"20.1400","0.3339","2.5807"
"20.1600","0.3343","2.6315"
"20.1800","0.3348","2.6150"
"20.2000","0.3352","2.6835"
"20.2200","0.3355","2.7171"
"20.2400","0.3358","2.6954"
"20.2600","0.3360","2.6770"
"20.2800","0.3362","2.7041"
"20.3000","0.3365","2.7551"
"20.3200","0.3368","2.7643"
"20.3400","0.3372","2.5628"
"20.3600","0.3376","2.5878"
"20.3800","0.3379","2.7125"
"20.4000","0.3383","2.7373"
"20.4200","0.3386","2.7360"
"20.4400","0.3389","2.7840"
"20.4600","0.3392","2.7820"
"20.4800","0.3396","2.7448"
"20.5000","0.3401","2.6889"
"20.5200","0.3405","2.7308"
"20.5400","0.3408","2.7457"
"20.5600","0.3411","2.7665"
"20.5800","0.3414","2.7926"
"20.6000","0.3416","2.8349"
"20.6200","0.3419","2.8621"
"20.6400","0.3422","2.9325"
"20.6600","0.3425","2.9020"
"20.6800","0.3429","2.8525"
"20.7000","0.3433","2.7772"
"20.7200","0.3437","2.8900"
"20.7400","0.3440","2.9817"
"20.7600","0.3443","2.9147"
"20.7800","0.3445","2.9120"
"20.8000","0.3448","2.8840"
"20.8200","0.3452","2.9294"
"20.8400","0.3456","2.9886"
"20.8600","0.3461","3.0093"
"20.8800","0.3465","2.9545"
"20.9000","0.3469","2.9391"
"20.9200","0.3472","2.9928"
"20.9400","0.3474","2.9528"
"20.9600","0.3476","2.9659"
"20.9800","0.3479","2.9861"
"21.0000","0.3482","3.0798"
"21.0200","0.3485","3.0368"
"21.0400","0.3489","2.9933"
"21.0600","0.3493","3.0552"
"21.0800","0.3496","3.0874"
"21.1000","0.3500","3.0617"
"21.1200","0.3503","3.0993"
"21.1400","0.3506","3.1577"
"21.1600","0.3510","3.1433"
"21.1800","0.3514","3.0776"
"21.2000","0.3518","3.0754"
"21.2200","0.3522","3.1554"
"21.2400","0.3525","3.2023"
"21.2600","0.3527","3.0842"
"21.2800","0.3530","3.0892"
"21.3000","0.3532","3.1128"
"21.3200","0.3535","3.1532"
"21.3400","0.3538","3.0730"
"21.3600","0.3542","3.0643"
"21.3800","0.3546","3.1001"
"21.4000","0.3550","3.1573"
"21.4200","0.3553","3.1287"
"21.4400","0.3556","3.1446"
"21.4600","0.3559","3.1411"
"21.4800","0.3562","3.1485"
"21.5000","0.3565","3.1117"
"21.5200","0.3569","3.1271"
"21.5400","0.3573","3.1829"
"21.5600","0.3578","3.2782"
"21.5800","0.3583","3.3104"
"21.6000","0.3586","3.2484"
"21.6200","0.3588","3.2069"
"21.6400","0.3590","3.2176"
"21.6600","0.3593","3.2425"
"21.6800","0.3596","3.2970"
"21.7000","0.3599","3.2180"
"21.7200","0.3602","3.1939"
"21.7400","0.3606","3.2397"
"21.7600","0.3610","3.2753"
"21.7800","0.3613","3.2725"
"21.8000","0.3616","3.3049"
"21.8200","0.3619","3.3346"
"21.8400","0.3623","3.3388"
"21.8600","0.3627","3.3706"
"21.8800","0.3631","3.4307"
"21.9000","0.3635","3.5030"
"21.9200","0.3638","3.5038"
"21.9400","0.3641","3.4976"
"21.9600","0.3644","3.5469"
"21.9800","0.3646","3.5673"
"22.0000","0.3649","3.4687"
"22.0200","0.3652","3.4837"
"22.0400","0.3656","3.5229"
"22.0600","0.3660","3.4600"
"22.0800","0.3663","3.4677"
"22.1000","0.3667","3.5750"
"22.1200","0.3670","3.6107"
"22.1400","0.3673","3.5522"
"22.1600","0.3675","3.5165"
"22.1800","0.3678","3.4903"
"22.2000","0.3682","3.5818"
"22.2200","0.3686","3.7037"
"22.2400","0.3691","3.6377"
"22.2600","0.3695","3.6687"
"22.2800","0.3699","3.6344"
"22.3000","0.3701","3.6455"
"22.3200","0.3704","3.6684"
"22.3400","0.3706","3.6508"
"22.3600","0.3709","3.6040"
"22.3800","0.3712","3.6598"
"22.4000","0.3715","3.5989"
"22.4200","0.3719","3.5779"
"22.4400","0.3723","3.6206"
"22.4600","0.3726","3.6442"
"22.4800","0.3730","3.7400"
"22.5000","0.3733","3.7135"
"22.5200","0.3736","3.6854"
"22.5400","0.3740","3.7480"
"22.5600","0.3744","3.8158"
"22.5800","0.3748","3.6978"
"22.6000","0.3752","3.6885"
"22.6200","0.3755","3.8316"
"22.6400","0.3757","3.8887"
"22.6600","0.3760","3.8710"
"22.6800","0.3762","3.8419"
"22.7000","0.3765","3.6926"
"22.7200","0.3768","3.7008"
"22.7400","0.3772","3.7501"
"22.7600","0.3776","3.7839"
"22.7800","0.3780","3.7839"
"22.8000","0.3783","3.8055"
"22.8200","0.3786","3.7715"
"22.8400","0.3789","3.7920"
"22.8600","0.3792","3.8482"
"22.8800","0.3795","3.8792"
"22.9000","0.3799","3.8849"
"22.9200","0.3803","3.9088"
"22.9400","0.3808","3.9445"
"22.9600","0.3812","3.8647"
"22.9800","0.3815","3.8890"
"23.0000","0.3817","3.9261"
"23.0200","0.3820","3.9983"
"23.0400","0.3822","3.9611"
"23.0600","0.3825","3.9504"
"23.0800","0.3828","3.9324"
"23.1000","0.3832","3.9596"
"23.1200","0.3836","4.0575"
"23.1400","0.3840","4.0651"
"23.1600","0.3843","4.0127"
"23.1800","0.3846","4.0274"
"23.2000","0.3849","4.0056"
"23.2200","0.3853","4.0678"
"23.2400","0.3857","4.1271"
"23.2600","0.3861","4.0619"
"23.2800","0.3864","3.9728"
"23.3000","0.3868","3.9707"
"23.3200","0.3871","4.0740"
"23.3400","0.3873","4.1235"
"23.3600","0.3876","4.0991"
"23.3800","0.3878","4.1200"
"23.4000","0.3882","4.0853"
"23.4200","0.3885","4.0175"
"23.4400","0.3889","3.9868"
"23.4600","0.3893","4.0177"
"23.4800","0.3897","4.1463"
"23.5000","0.3900","4.1699"
"23.5200","0.3902","4.1807"
"23.5400","0.3905","4.1509"
"23.5600","0.3908","4.1286"
"23.5800","0.3912","4.0653"
"23.6000","0.3916","4.1563"
"23.6200","0.3921","4.1780"
"23.6400","0.3925","4.2387"
"23.6600","0.3929","4.2496"
"23.6800","0.3932","4.2270"
"23.7000","0.3934","4.2859"
"23.7200","0.3936","4.2176"
"23.7400","0.3939","4.1773"
"23.7600","0.3942","4.2167"
"23.7800","0.3946","4.2550"
"23.8000","0.3949","4.2748"
"23.8200","0.3953","4.2773"
"23.8400","0.3956","4.2338"
"23.8600","0.3959","4.1913"
"23.8800","0.3963","4.2212"
"23.9000","0.3966","4.2666"
"23.9200","0.3970","4.2992"
"23.9400","0.3974","4.2709"
"23.9600","0.3977","4.2238"
"23.9800","0.3981","4.2174"
"24.0000","0.3984","4.2766"
"24.0200","0.3987","4.3798"
"24.0400","0.3989","4.4076"
"24.0600","0.3992","4.3926"
"24.0800","0.3995","4.3205"
"24.1000","0.3998","4.3135"
"24.1200","0.4002","4.3798"
"24.1400","0.4006","4.3421"
"24.1600","0.4009","4.2976"
"24.1800","0.4013","4.3063"
"24.2000","0.4016","4.4295"
"24.2200","0.4018","4.4704"
"24.2400","0.4021","4.4697"
"24.2600","0.4025","4.4870"
"24.2800","0.4029","4.4081"
"24.3000","0.4034","4.4011"
"24.3200","0.4038","4.4802"
"24.3400","0.4042","4.5283"
"24.3600","0.4045","4.4701"
"24.3800","0.4047","4.4212"
"24.4000","0.4049","4.4309"
"24.4200","0.4052","4.4535"
"24.4400","0.4055","4.5055"
"24.4600","0.4059","4.5301"
"24.4800","0.4063","4.5779"
"24.5000","0.4067","4.6000"
"24.5200","0.4070","4.6060"
"24.5400","0.4074","4.5455"
"24.5600","0.4077","4.6354"
"24.5800","0.4080","4.6549"
"24.6000","0.4084","4.5970"
"24.6200","0.4087","4.5704"
"24.6400","0.4091","4.5407"
"24.6600","0.4095","4.5791"
"24.6800","0.4098","4.5667"
"24.7000","0.4101","4.5891"
"24.7200","0.4103","4.6057"
"24.7400","0.4106","4.6696"
"24.7600","0.4109","4.6452"
"24.7800","0.4112","4.6505"
"24.8000","0.4116","4.6489"
"24.8200","0.4119","4.6308"
"24.8400","0.4123","4.7148"
"24.8600","0.4127","4.6372"
"24.8800","0.4129","4.6584"
"24.9000","0.4132","4.7088"
"24.9200","0.4135","4.7401"
"24.9400","0.4138","4.7566"
"24.9600","0.4142","4.7350"
"24.9800","0.4147","4.7577"
"25.0000","0.4152","4.6968"
"25.0200","0.4156","4.7490"
"25.0400","0.4159","4.6866"
"25.0600","0.4161","4.6648"
"25.0800","0.4163","4.7887"
"25.1000","0.4166","4.8212"
"25.1200","0.4169","4.8449"
"25.1400","0.4172","4.7253"
"25.1600","0.4176","4.7246"
"25.1800","0.4180","4.7913"
"25.2000","0.4184","4.8306"
"25.2200","0.4187","4.8969"
"25.2400","0.4190","4.9467"
"25.2600","0.4193","4.9720"
"25.2800","0.4197","4.9059"
"25.3000","0.4200","4.8397"
"25.3200","0.4204","4.8709"
"25.3400","0.4208","4.8261"
"25.3600","0.4211","4.7894"
"25.3800","0.4214","4.8513"
"25.4000","0.4217","4.8890"
"25.4200","0.4219","4.9281"
"25.4400","0.4222","4.8913"
"25.4600","0.4225","4.8982"
"25.4800","0.4228","4.8787"
"25.5000","0.4232","4.8422"
"25.5200","0.4236","4.8726"
"25.5400","0.4240","4.9373"
"25.5600","0.4243","4.9172"
"25.5800","0.4246","4.8886"
"25.6000","0.4248","4.8872"
"25.6200","0.4251","4.9168"
"25.6400","0.4255","4.9637"
"25.6600","0.4260","4.9751"
"25.6800","0.4264","5.0213"
"25.7000","0.4269","4.9965"
"25.7200","0.4272","4.9885"
"25.7400","0.4275","5.0649"
"25.7600","0.4277","5.0255"
"25.7800","0.4279","5.0221"
"25.8000","0.4282","4.9443"
"25.8200","0.4285","4.9687"
"25.8400","0.4289","4.9881"
"25.8600","0.4293","5.0178"
"25.8800","0.4297","4.9987"
"25.9000","0.4301","5.0028"
"25.9200","0.4304","5.0237"
"25.9400","0.4307","5.0298"
"25.9600","0.4310","5.0252"
"25.9800","0.4313","5.0973"
"26.0000","0.4317","5.0781"
"26.0200","0.4321","5.1610"
"26.0400","0.4325","5.1024"
"26.0600","0.4328","5.1090"
"26.0800","0.4330","5.1302"
"26.1000","0.4333","5.1008"
"26.1200","0.4335","4.9834"
"26.1400","0.4338","4.9752"
"26.1600","0.4342","5.0239"
"26.1800","0.4345","5.0970"
"26.2000","0.4349","5.0899"
"26.2200","0.4353","5.1529"
"26.2400","0.4356","5.1448"
"26.2600","0.4359","5.1571"
"26.2800","0.4362","5.0847"
"26.3000","0.4364","5.1379"
"26.3200","0.4368","5.1742"
"26.3400","0.4372","5.0947"
"26.3600","0.4376","5.1198"
"26.3800","0.4381","5.1579"
"26.4000","0.4386","5.2254"
"26.4200","0.4389","5.1992"
"26.4400","0.4391","5.1752"
"26.4600","0.4393","5.1367"
"26.4800","0.4396","5.1492"
"26.5000","0.4399","5.1806"
"26.5200","0.4402","5.2203"
"26.5400","0.4406","5.2575"
"26.5600","0.4410","5.3114"
"26.5800","0.4413","5.2263"
"26.6000","0.4417","5.1199"
"26.6200","0.4420","5.1300"
"26.6400","0.4423","5.1737"
"26.6600","0.4426","5.1730"
"26.6800","0.4430","5.2175"
"26.7000","0.4434","5.3089"
"26.7200","0.4438","5.2765"
"26.7400","0.4441","5.2832"
"26.7600","0.4444","5.3075"
"26.7800","0.4447","5.2755"
"26.8000","0.4449","5.2531"
"26.8200","0.4452","5.2606"
"26.8400","0.4455","5.2958"
"26.8600","0.4459","5.3055"
"26.8800","0.4463","5.3424"
"26.9000","0.4466","5.2192"
"26.9200","0.4470","5.2329"
"26.9400","0.4473","5.2965"
"26.9600","0.4476","5.2830"
"26.9800","0.4478","5.2549"
"27.0000","0.4481","5.2294"
"27.0200","0.4485","5.3230"
"27.0400","0.4489","5.4004"
"27.0600","0.4494","5.3899"
"27.0800","0.4498","5.4446"
"27.1000","0.4502","5.3631"
"27.1200","0.4505","5.3951"
"27.1400","0.4507","5.3379"
"27.1600","0.4509","5.3270"
"27.1800","0.4512","5.3901"
"27.2000","0.4515","5.4353"
"27.2200","0.4519","5.4383"
"27.2400","0.4523","5.3820"
"27.2600","0.4526","5.3786"
"27.2800","0.4530","5.4710"
"27.3000","0.4533","5.4919"
"27.3200","0.4536","5.5247"
"27.3400","0.4539","5.4550"
"27.3600","0.4543","5.4787"
"27.3800","0.4547","5.4846"
"27.4000","0.4551","5.4730"
"27.4200","0.4555","5.4667"
"27.4400","0.4558","5.5154"
"27.4600","0.4560","5.5296"
"27.4800","0.4563","5.4916"
"27.5000","0.4566","5.5173"
"27.5200","0.4569","5.5000"
"27.5400","0.4572","5.5265"
"27.5600","0.4576","5.5756"
"27.5800","0.4579","5.5884"
"27.6000","0.4583","5.4828"
"27.6200","0.4586","5.5059"
"27.6400","0.4589","5.5221"
"27.6600","0.4592","5.6429"
"27.6800","0.4595","5.6248"
"27.7000","0.4598","5.5570"
"27.7200","0.4602","5.6010"
"27.7400","0.4607","5.6533"
"27.7600","0.4611","5.6830"
"27.7800","0.4615","5.6711"
"27.8000","0.4618","5.5814"
"27.8200","0.4621","5.5526"
"27.8400","0.4623","5.5313"
"27.8600","0.4626","5.5852"
"27.8800","0.4629","5.6578"
"27.9000","0.4632","5.6914"
"27.9200","0.4636","5.6082"
"27.9400","0.4640","5.6499"
"27.9600","0.4643","5.6599"
"27.9800","0.4646","5.7189"
"28.0000","0.4649","5.7103"
"28.0200","0.4653","5.7318"
"28.0400","0.4656","5.7857"
"28.0600","0.4660","5.7504"
"28.0800","0.4665","5.6512"
"28.1000","0.4668","5.6177"
"28.1200","0.4672","5.6127"
"28.1400","0.4674","5.5902"
"28.1600","0.4677","5.6495"
"28.1800","0.4679","5.6850"
"28.2000","0.4682","5.7249"
"28.2200","0.4686","5.7169"
"28.2400","0.4689","5.6667"
"28.2600","0.4693","5.6407"
"28.2800","0.4697","5.7190"
"28.3000","0.4700","5.8229"
"28.3200","0.4703","5.8543"
"28.3400","0.4706","5.8267"
"28.3600","0.4708","5.8423"
"28.3800","0.4712","5.7961"
"28.4000","0.4715","5.7312"
"28.4200","0.4720","5.7403"
"28.4400","0.4724","5.7394"
"28.4600","0.4729","5.8426"
"28.4800","0.4732","5.8852"
"28.5000","0.4734","5.9227"
"28.5200","0.4737","5.8544"
"28.5400","0.4739","5.8421"
"28.5600","0.4742","5.8999"
"28.5800","0.4746","5.9389"
"28.6000","0.4749","5.8946"
"28.6200","0.4753","5.8443"
"28.6400","0.4757","5.8674"
"28.6600","0.4760","5.8593"
"28.6800","0.4763","5.8873"
"28.7000","0.4766","5.9615"
"28.7200","0.4769","6.0361"
"28.7400","0.4773","5.9800"
"28.7600","0.4777","5.9878"
"28.7800","0.4782","5.9678"
"28.8000","0.4785","5.9853"
"28.8200","0.4788","6.0468"
"28.8400","0.4791","5.9773"
"28.8600","0.4793","6.0131"
"28.8800","0.4796","6.0833"
"28.9000","0.4799","6.0347"
"28.9200","0.4802","6.0090"
"28.9400","0.4806","6.0391"
"28.9600","0.4810","6.0457"
"28.9800","0.4813","6.0810"
"29.0000","0.4816","6.1095"
"29.0200","0.4819","6.0615"
"29.0400","0.4822","5.9792"
"29.0600","0.4824","5.9592"
"29.0800","0.4828","5.9902"
"29.1000","0.4832","6.0189"
"29.1200","0.4837","6.0784"
"29.1400","0.4841","6.0129"
"29.1600","0.4845","6.0990"
"29.1800","0.4848","6.0839"
"29.2000","0.4850","6.0514"
"29.2200","0.4853","6.0193"
"29.2400","0.4856","5.9901"
"29.2600","0.4859","6.0527"
"29.2800","0.4862","6.0807"
"29.3000","0.4866","6.1025"
"29.3200","0.4870","6.1524"
"29.3400","0.4873","6.1734"
"29.3600","0.4877","6.0924"
"29.3800","0.4879","6.0535"
"29.4000","0.4883","6.0759"
"29.4200","0.4886","6.0832"
"29.4400","0.4890","6.1066"
"29.4600","0.4894","6.0670"
"29.4800","0.4898","6.0228"
"29.5000","0.4901","6.0444"
"29.5200","0.4904","6.1303"
"29.5400","0.4907","6.1145"
"29.5600","0.4909","6.1295"
"29.5800","0.4912","6.1278"
"29.6000","0.4916","6.0703"
"29.6200","0.4919","6.0789"
"29.6400","0.4923","6.0607"
"29.6600","0.4927","6.1400"
"29.6800","0.4930","6.1434"
"29.7000","0.4933","6.1191"
"29.7200","0.4935","6.1065"
"29.7400","0.4938","6.1742"
"29.7600","0.4941","6.2342"
"29.7800","0.4945","6.2766"
"29.8000","0.4949","6.1694"
"29.8200","0.4954","6.1128"
"29.8400","0.4958","6.1183"
"29.8600","0.4961","6.1288"
"29.8800","0.4964","6.1420"
"29.9000","0.4966","6.0826"
"29.9200","0.4969","6.1497"
"29.9400","0.4972","6.1257"
"29.9600","0.4975","6.0807"
"29.9800","0.4979","6.0029"
"30.0000","0.4983","5.9789"
"30.0200","0.4987","6.0999"
"30.0400","0.4990","6.1965"
"30.0600","0.4993","6.1334"
"30.0800","0.4996","6.1219"
"30.1000","0.5000","6.1410"
"30.1200","0.5004","6.2154"
"30.1400","0.5008","6.1980"
"30.1600","0.5012","6.1132"
"30.1800","0.5015","6.0987"
"30.2000","0.5018","6.1313"
"30.2200","0.5021","6.2451"
"30.2400","0.5023","6.2607"
"30.2600","0.5026","6.2272"
"30.2800","0.5029","6.2248"
"30.3000","0.5032","6.2033"
"30.3200","0.5036","6.1915"
"30.3400","0.5040","6.1416"
"30.3600","0.5043","6.0996"
"30.3800","0.5046","6.1902"
"30.4000","0.5049","6.2234"
"30.4200","0.5052","6.2397"
"30.4400","0.5055","6.2961"
"30.4600","0.5058","6.2629"
"30.4800","0.5062","6.3024"
"30.5000","0.5067","6.2402"
"30.5200","0.5071","6.2120"
"30.5400","0.5075","6.2529"
"30.5600","0.5078","6.2772"
"30.5800","0.5080","6.2754"
"30.6000","0.5082","6.2413"
"30.6200","0.5085","6.2387"
"30.6400","0.5089","6.2501"
"30.6600","0.5092","6.2541"
"30.6800","0.5096","6.2597"
"30.7000","0.5100","6.2158"
"30.7200","0.5103","6.2439"
"30.7400","0.5107","6.2886"
"30.7600","0.5110","6.3527"
"30.7800","0.5113","6.3511"
"30.8000","0.5116","6.2631"
"30.8200","0.5120","6.2752"
"30.8400","0.5124","6.2607"
"30.8600","0.5128","6.2998"
"30.8800","0.5131","6.3278"
"30.9000","0.5134","6.2890"
"30.9200","0.5136","6.2754"
"30.9400","0.5139","6.3476"
"30.9600","0.5142","6.2662"
"30.9800","0.5145","6.3124"
"31.0000","0.5149","6.3399"
"31.0200","0.5153","6.2954"
"31.0400","0.5157","6.2823"
"31.0600","0.5160","6.3696"
"31.0800","0.5163","6.3630"
"31.1000","0.5165","6.3466"
"31.1200","0.5168","6.3728"
"31.1400","0.5171","6.4171"
"31.1600","0.5175","6.3978"
"31.1800","0.5179","6.4272"
"31.2000","0.5184","6.4543"
"31.2200","0.5188","6.3803"
"31.2400","0.5192","6.3015"
"31.2600","0.5194","6.2968"
"31.2800","0.5196","6.3122"
"31.3000","0.5199","6.3428"
"31.3200","0.5202","6.3954"
"31.3400","0.5205","6.3847"
"31.3600","0.5209","6.3731"
"31.3800","0.5213","6.4235"
"31.4000","0.5217","6.3832"
"31.4200","0.5220","6.3522"
"31.4400","0.5223","6.3948"
"31.4600","0.5226","6.3949"
"31.4800","0.5230","6.3686"
"31.5000","0.5233","6.3938"
"31.5200","0.5238","6.3872"
"31.5400","0.5242","6.4331"
"31.5600","0.5245","6.3975"
"31.5800","0.5248","6.3320"
"31.6000","0.5250","6.3191"
"31.6200","0.5253","6.3924"
"31.6400","0.5255","6.4368"
"31.6600","0.5258","6.3349"
"31.6800","0.5262","6.4127"
"31.7000","0.5266","6.4862"
"31.7200","0.5270","6.4791"
"31.7400","0.5273","6.4183"
"31.7600","0.5277","6.3114"
"31.7800","0.5279","6.3322"
"31.8000","0.5282","6.3925"
"31.8200","0.5285","6.3322"
"31.8400","0.5288","6.3609"
"31.8600","0.5292","6.4769"
"31.8800","0.5297","6.4918"
"31.9000","0.5302","6.4148"
"31.9200","0.5305","6.3951"
"31.9400","0.5308","6.3874"
"31.9600","0.5310","6.4112"
"31.9800","0.5313","6.4574"
"32.0000","0.5316","6.4406"
"32.0200","0.5319","6.4605"
"32.0400","0.5322","6.4573"
"32.0600","0.5326","6.4112"
"32.0800","0.5330","6.4183"
"32.1000","0.5333","6.4191"
"32.1200","0.5336","6.4025"
"32.1400","0.5339","6.4095"
"32.1600","0.5343","6.3909"
"32.1800","0.5347","6.4761"
"32.2000","0.5351","6.4683"
"32.2200","0.5355","6.4696"
"32.2400","0.5358","6.4996"
"32.2600","0.5361","6.4240"
"32.2800","0.5364","6.4315"
"32.3000","0.5366","6.4408"
"32.3200","0.5369","6.4393"
"32.3400","0.5372","6.4876"
"32.3600","0.5375","6.5069"
"32.3800","0.5379","6.5174"
"32.4000","0.5383","6.5002"
"32.4200","0.5387","6.5130"
"32.4400","0.5390","6.5096"
"32.4600","0.5393","6.4407"
"32.4800","0.5395","6.5087"
"32.5000","0.5398","6.5604"
"32.5200","0.5401","6.4901"
"32.5400","0.5405","6.4829"
"32.5600","0.5410","6.4505"
"32.5800","0.5415","6.4358"
"32.6000","0.5419","6.5274"
"32.6200","0.5422","6.5623"
"32.6400","0.5424","6.5559"
"32.6600","0.5426","6.5511"
"32.6800","0.5429","6.4656"
"32.7000","0.5432","6.4375"
"32.7200","0.5436","6.4464"
"32.7400","0.5439","6.5094"
"32.7600","0.5443","6.4812"
"32.7800","0.5447","6.4870"
"32.8000","0.5450","6.5260"
"32.8200","0.5453","6.5364"
"32.8400","0.5456","6.5017"
"32.8600","0.5460","6.5001"
"32.8800","0.5464","6.4741"
"32.9000","0.5468","6.4140"
"32.9200","0.5472","6.3925"
"32.9400","0.5475","6.3981"
"32.9600","0.5478","6.4663"
"32.9800","0.5480","6.4750"
"33.0000","0.5483","6.3860"
"33.0200","0.5485","6.3947"
"33.0400","0.5489","6.3815"
"33.0600","0.5492","6.4852"
"33.0800","0.5496","6.4729"
"33.1000","0.5500","6.4313"
"33.1200","0.5504","6.5625"
"33.1400","0.5506","6.4722"
"33.1600","0.5509","6.3850"
"33.1800","0.5512","6.3916"
"33.2000","0.5515","6.4537"
"33.2200","0.5519","6.5023"
"33.2400","0.5523","6.4893"
"33.2600","0.5528","6.4613"
"33.2800","0.5532","6.4494"
"33.3000","0.5535","6.4355"
"33.3200","0.5538","6.3895"
"33.3400","0.5540","6.3552"
"33.3600","0.5542","6.3582"
"33.3800","0.5545","6.4595"
"33.4000","0.5548","6.4336"
"33.4200","0.5552","6.4512"
"33.4400","0.5556","6.3771"
"33.4600","0.5559","6.4395"
"33.4800","0.5563","6.3287"
"33.5000","0.5566","6.3366"
"33.5200","0.5569","6.4621"
"33.5400","0.5572","6.5183"
"33.5600","0.5576","6.4136"
"33.5800","0.5580","6.4206"
"33.6000","0.5585","6.4639"
"33.6200","0.5588","6.4666"
"33.6400","0.5592","6.5433"
"33.6600","0.5594","6.4628"
"33.6800","0.5596","6.4242"
"33.7000","0.5599","6.4954"
"33.7200","0.5602","6.4288"
"33.7400","0.5605","6.3390"
"33.7600","0.5609","6.3960"
"33.7800","0.5613","6.4638"
"33.8000","0.5617","6.4813"
"33.8200","0.5620","6.3912"
"33.8400","0.5623","6.4247"
"33.8600","0.5625","6.4264"
"33.8800","0.5628","6.3729"
"33.9000","0.5632","6.3837"
"33.9200","0.5636","6.4609"
"33.9400","0.5640","6.4208"
"33.9600","0.5645","6.3925"
"33.9800","0.5649","6.4618"
"34.0000","0.5652","6.4635"
"34.0200","0.5654","6.4522"
"34.0400","0.5657","6.4092"
"34.0600","0.5659","6.4646"
"34.0800","0.5662","6.4113"
"34.1000","0.5665","6.3778"
"34.1200","0.5669","6.2766"
"34.1400","0.5672","6.3587"
"34.1600","0.5676","6.3581"
"34.1800","0.5679","6.3551"
"34.2000","0.5682","6.3641"
"34.2200","0.5686","6.4186"
"34.2400","0.5689","6.4516"
"34.2600","0.5693","6.4576"
"34.2800","0.5697","6.4252"
"34.3000","0.5701","6.4055"
"34.3200","0.5705","6.4431"
"34.3400","0.5707","6.4891"
"34.3600","0.5710","6.4350"
"34.3800","0.5712","6.3429"
"34.4000","0.5715","6.3807"
"34.4200","0.5718","6.5071"
"34.4400","0.5722","6.5328"
"34.4600","0.5726","6.5502"
"34.4800","0.5730","6.4168"
"34.5000","0.5733","6.4680"
"34.5200","0.5736","6.4527"
"34.5400","0.5739","6.3757"
"34.5600","0.5742","6.3726"
"34.5800","0.5745","6.3655"
"34.6000","0.5748","6.4297"
"34.6200","0.5753","6.4638"
"34.6400","0.5757","6.4396"
"34.6600","0.5762","6.4224"
"34.6800","0.5765","6.3776"
"34.7000","0.5768","6.4055"
"34.7200","0.5770","6.3901"
"34.7400","0.5772","6.4300"
"34.7600","0.5775","6.4276"
"34.7800","0.5778","6.4053"
"34.8000","0.5782","6.4234"
"34.8200","0.5786","6.3662"
"34.8400","0.5789","6.4382"
"34.8600","0.5793","6.4989"
"34.8800","0.5796","6.4635"
"34.9000","0.5799","6.4139"
"34.9200","0.5802","6.4232"
"34.9400","0.5806","6.3947"
"34.9600","0.5810","6.3701"
"34.9800","0.5815","6.3474"
"35.0000","0.5818","6.3690"
"35.0200","0.5821","6.4034"
"35.0400","0.5824","6.4800"
"35.0600","0.5826","6.5291"
"35.0800","0.5829","6.5151"
"35.1000","0.5832","6.4782"
"35.1200","0.5835","6.4469"
"35.1400","0.5839","6.5246"
"35.1600","0.5843","6.5376"
"35.1800","0.5847","6.5269"
"35.2000","0.5850","6.5136"
"35.2200","0.5853","6.4844"
"35.2400","0.5855","6.4279"
"35.2600","0.5858","6.4357"
"35.2800","0.5861","6.4724"
"35.3000","0.5865","6.5607"
"35.3200","0.5870","6.6014"
"35.3400","0.5875","6.6093"
"35.3600","0.5879","6.5007"
"35.3800","0.5882","6.4441"
"35.4000","0.5884","6.4142"
"35.4200","0.5887","6.5219"
"35.4400","0.5889","6.6069"
"35.4600","0.5892","6.5601"
"35.4800","0.5895","6.5837"
"35.5000","0.5899","6.6105"
"35.5200","0.5903","6.5422"
"35.5400","0.5906","6.5152"
"35.5600","0.5910","6.5438"
"35.5800","0.5913","6.5685"
"35.6000","0.5916","6.5488"
"35.6200","0.5920","6.5464"
"35.6400","0.5924","6.6001"
"35.6600","0.5928","6.6040"
"35.6800","0.5932","6.6395"
"35.7000","0.5935","6.6355"
"35.7200","0.5938","6.6058"
"35.7400","0.5940","6.5667"
"35.7600","0.5942","6.5784"
"35.7800","0.5945","6.6153"
"35.8000","0.5948","6.6693"
"35.8200","0.5952","6.6364"
"35.8400","0.5956","6.7102"
"35.8600","0.5960","6.7429"
"35.8800","0.5963","6.7606"
"35.9000","0.5966","6.7222"
"35.9200","0.5969","6.7059"
"35.9400","0.5971","6.7532"
"35.9600","0.5975","6.7894"
"35.9800","0.5978","6.7675"
"36.0000","0.5983","6.7203"
"36.0200","0.5988","6.7391"
"36.0400","0.5992","6.7916"
"36.0600","0.5996","6.8471"
"36.0800","0.5998","6.8107"
"36.1000","0.6001","6.7840"
"36.1200","0.6003","6.7974"
"36.1400","0.6006","6.8326"
"36.1600","0.6009","6.8356"
"36.1800","0.6012","6.8833"
"36.2000","0.6016","6.9189"
"36.2200","0.6020","6.9274"
"36.2400","0.6023","6.8844"
"36.2600","0.6026","6.8121"
"36.2800","0.6029","6.7963"
"36.3000","0.6033","6.8197"
"36.3200","0.6037","6.8630"
"36.3400","0.6041","6.8966"
"36.3600","0.6045","6.8699"
"36.3800","0.6048","6.8568"
"36.4000","0.6051","6.8859"
"36.4200","0.6054","6.9385"
"36.4400","0.6056","6.9056"
"36.4600","0.6059","6.8154"
"36.4800","0.6062","6.8351"
"36.5000","0.6065","6.8458"
"36.5200","0.6069","6.8666"
"36.5400","0.6073","6.9218"
"36.5600","0.6077","6.8670"
"36.5800","0.6080","6.8587"
"36.6000","0.6083","6.9047"
"36.6200","0.6085","6.8894"
"36.6400","0.6088","6.9268"
"36.6600","0.6092","6.9937"
"36.6800","0.6096","6.9271"
"36.7000","0.6100","6.9133"
"36.7200","0.6105","6.9493"
"36.7400","0.6109","7.0880"
"36.7600","0.6112","7.0722"
"36.7800","0.6114","7.0348"
"36.8000","0.6116","6.9630"
"36.8200","0.6119","6.9270"
"36.8400","0.6122","6.9467"
"36.8600","0.6125","7.0243"
"36.8800","0.6129","7.0236"
"36.9000","0.6133","7.0258"
"36.9200","0.6136","6.9762"
"36.9400","0.6139","7.0829"
"36.9600","0.6143","7.1431"
"36.9800","0.6146","7.1581"
"37.0000","0.6150","7.0895"
"37.0200","0.6153","7.1130"
"37.0400","0.6157","7.1364"
"37.0600","0.6161","7.1702"
"37.0800","0.6164","7.1508"
"37.1000","0.6167","7.0632"
"37.1200","0.6170","7.0660"
"37.1400","0.6172","7.0702"
"37.1600","0.6175","7.1789"
"37.1800","0.6178","7.2265"
"37.2000","0.6182","7.1425"
"37.2200","0.6186","7.0649"
"37.2400","0.6190","7.1425"
"37.2600","0.6193","7.2226"
"37.2800","0.6196","7.2453"
"37.3000","0.6199","7.2581"
"37.3200","0.6202","7.2081"
"37.3400","0.6205","7.1794"
"37.3600","0.6209","7.1696"
"37.3800","0.6213","7.1145"
"37.4000","0.6218","7.1727"
"37.4200","0.6222","7.1969"
"37.4400","0.6225","7.2254"
"37.4600","0.6228","7.2337"
"37.4800","0.6230","7.2379"
"37.5000","0.6232","7.2407"
"37.5200","0.6235","7.2247"
"37.5400","0.6238","7.1725"
"37.5600","0.6242","7.1897"
"37.5800","0.6246","7.2153"
"37.6000","0.6249","7.2119"
"37.6200","0.6253","7.2559"
"37.6400","0.6256","7.2730"
"37.6600","0.6259","7.2772"
"37.6800","0.6263","7.3481"
"37.7000","0.6267","7.3482"
"37.7200","0.6270","7.2609"
"37.7400","0.6274","7.2303"
"37.7600","0.6278","7.3136"
"37.7800","0.6281","7.4307"
"37.8000","0.6283","7.3616"
"37.8200","0.6286","7.3632"
"37.8400","0.6288","7.3732"
"37.8600","0.6291","7.3397"
"37.8800","0.6295","7.2481"
"37.9000","0.6299","7.3204"
"37.9200","0.6303","7.3240"
"37.9400","0.6306","7.3478"
"37.9600","0.6310","7.3884"
"37.9800","0.6313","7.4399"
"38.0000","0.6315","7.4217"
"38.0200","0.6318","7.3893"
"38.0400","0.6322","7.3136"
"38.0600","0.6326","7.3424"
"38.0800","0.6331","7.4522"
"38.1000","0.6335","7.5120"
"38.1200","0.6339","7.4668"
"38.1400","0.6342","7.4058"
"38.1600","0.6344","7.4038"
"38.1800","0.6346","7.3674"
"38.2000","0.6349","7.4270"
"38.2200","0.6352","7.4482"
"38.2400","0.6356","7.5063"
"38.2600","0.6360","7.5443"
"38.2800","0.6363","7.5428"
"38.3000","0.6367","7.5177"
"38.3200","0.6370","7.6186"
"38.3400","0.6373","7.6343"
"38.3600","0.6377","7.6168"
"38.3800","0.6380","7.5937"
"38.4000","0.6384","7.5087"
"38.4200","0.6388","7.4877"
"38.4400","0.6391","7.4705"
"38.4600","0.6394","7.5490"
"38.4800","0.6397","7.5693"
"38.5000","0.6399","7.5692"
"38.5200","0.6402","7.5251"
"38.5400","0.6405","7.5590"
"38.5600","0.6408","7.6069"
"38.5800","0.6412","7.5961"
"38.6000","0.6416","7.5438"
"38.6200","0.6419","7.5675"
"38.6400","0.6423","7.6499"
"38.6600","0.6426","7.6645"
"38.6800","0.6429","7.6411"
"38.7000","0.6431","7.6577"
"38.7200","0.6435","7.6818"
"38.7400","0.6439","7.7315"
"38.7600","0.6444","7.7412"
"38.7800","0.6448","7.7708"
"38.8000","0.6452","7.7266"
"38.8200","0.6455","7.7156"
"38.8400","0.6458","7.6784"
"38.8600","0.6460","7.7378"
"38.8800","0.6462","7.7526"
"38.9000","0.6465","7.7765"
"38.9200","0.6469","7.6706"
"38.9400","0.6473","7.7308"
"38.9600","0.6477","7.7402"
"38.9800","0.6480","7.7681"
"39.0000","0.6484","7.7724"
"39.0200","0.6487","7.7263"
"39.0400","0.6490","7.6998"
"39.0600","0.6493","7.7902"
"39.0800","0.6497","7.8111"
"39.1000","0.6501","7.8063"
"39.1200","0.6505","7.7710"
"39.1400","0.6508","7.7354"
"39.1600","0.6511","7.8003"
"39.1800","0.6513","7.9205"
"39.2000","0.6516","7.9339"
"39.2200","0.6519","7.8707"
"39.2400","0.6522","7.8882"
"39.2600","0.6525","7.9606"
"39.2800","0.6529","7.8951"
"39.3000","0.6533","7.8124"
"39.3200","0.6536","7.8669"
"39.3400","0.6539","7.9357"
"39.3600","0.6542","7.9668"
"39.3800","0.6545","7.9056"
"39.4000","0.6548","7.8816"
"39.4200","0.6552","7.8941"
"39.4400","0.6556","7.9480"
"39.4600","0.6561","7.9173"
"39.4800","0.6566","7.9749"
"39.5000","0.6569","8.0094"
"39.5200","0.6571","7.8760"
"39.5400","0.6573","7.8816"
"39.5600","0.6576","7.9514"
"39.5800","0.6579","8.0371"
"39.6000","0.6582","8.0345"
"39.6200","0.6585","7.9827"
"39.6400","0.6589","7.9977"
"39.6600","0.6593","8.0263"
"39.6800","0.6597","8.0531"
"39.7000","0.6600","8.0305"
"39.7200","0.6603","7.9972"
"39.7400","0.6607","7.9943"
"39.7600","0.6610","7.9025"
"39.7800","0.6614","7.9315"
"39.8000","0.6618","8.0207"
"39.8200","0.6621","8.0619"
"39.8400","0.6624","8.1701"
"39.8600","0.6627","8.1771"
"39.8800","0.6629","8.0950"
"39.9000","0.6632","8.0340"
"39.9200","0.6635","8.0593"
"39.9400","0.6639","8.0632"
"39.9600","0.6642","8.0294"
"39.9800","0.6646","8.1096"
"40.0000","0.6650","8.2247"
"40.0200","0.6653","8.1629"
"40.0400","0.6656","8.1754"
"40.0600","0.6659","8.1916"
"40.0800","0.6661","8.1635"
"40.1000","0.6665","8.1461"
"40.1200","0.6669","8.1753"
"40.1400","0.6674","8.2459"
"40.1600","0.6678","8.1968"
"40.1800","0.6682","8.2253"
"40.2000","0.6685","8.2824"
"40.2200","0.6687","8.3291"
"40.2400","0.6689","8.2992"
"40.2600","0.6692","8.3220"
"40.2800","0.6695","8.2707"
"40.3000","0.6699","8.3116"
"40.3200","0.6703","8.3307"
"40.3400","0.6707","8.3705"
"40.3600","0.6710","8.3463"
"40.3800","0.6714","8.3873"
"40.4000","0.6717","8.3420"
"40.4200","0.6720","8.3409"
"40.4400","0.6723","8.4125"
"40.4600","0.6727","8.4062"
"40.4800","0.6731","8.3792"
"40.5000","0.6735","8.3140"
"40.5200","0.6738","8.2840"
"40.5400","0.6741","8.3668"
"40.5600","0.6743","8.3672"
"40.5800","0.6746","8.3852"
"40.6000","0.6748","8.3297"
"40.6200","0.6752","8.3922"
"40.6400","0.6755","8.4269"
"40.6600","0.6759","8.4278"
"40.6800","0.6763","8.4230"
"40.7000","0.6766","8.3297"
"40.7200","0.6769","8.3185"
"40.7400","0.6772","8.3391"
"40.7600","0.6775","8.4067"
"40.7800","0.6778","8.3718"
"40.8000","0.6782","8.4432"
"40.8200","0.6786","8.4892"
"40.8400","0.6791","8.5036"
"40.8600","0.6796","8.5125"
"40.8800","0.6799","8.5062"
"40.9000","0.6802","8.5099"
"40.9200","0.6804","8.4716"
"40.9400","0.6806","8.4893"
"40.9600","0.6809","8.4920"
"40.9800","0.6812","8.4994"
"41.0000","0.6816","8.4520"
"41.0200","0.6820","8.4572"
"41.0400","0.6823","8.5113"
"41.0600","0.6827","8.5222"
"41.0800","0.6830","8.5506"
"41.1000","0.6833","8.5369"
"41.1200","0.6836","8.5815"
"41.1400","0.6840","8.6110"
"41.1600","0.6844","8.5433"
"41.1800","0.6848","8.5418"
"41.2000","0.6851","8.5301"
"41.2200","0.6854","8.5751"
"41.2400","0.6857","8.6749"
"41.2600","0.6859","8.6418"
"41.2800","0.6862","8.6088"
"41.3000","0.6865","8.6510"
"41.3200","0.6869","8.6629"
"41.3400","0.6872","8.7250"
"41.3600","0.6876","8.6762"
"41.3800","0.6880","8.6455"
"41.4000","0.6883","8.6393"
"41.4200","0.6886","8.6892"
"41.4400","0.6888","8.6269"
"41.4600","0.6891","8.5613"
"41.4800","0.6895","8.5399"
"41.5000","0.6899","8.5981"
"41.5200","0.6904","8.6982"
"41.5400","0.6908","8.7415"
"41.5600","0.6912","8.7844"
"41.5800","0.6915","8.7234"
"41.6000","0.6917","8.7565"
"41.6200","0.6919","8.7740"
"41.6400","0.6922","8.8555"
"41.6600","0.6925","8.7882"
"41.6800","0.6929","8.7389"
"41.7000","0.6932","8.7330"
"41.7200","0.6936","8.7545"
"41.7400","0.6940","8.7612"
"41.7600","0.6943","8.7682"
"41.7800","0.6946","8.7106"
"41.8000","0.6949","8.6782"
"41.8200","0.6953","8.6784"
"41.8400","0.6957","8.7811"
"41.8600","0.6961","8.7989"
"41.8800","0.6965","8.8709"
"41.9000","0.6968","8.8335"
"41.9200","0.6971","8.8380"
"41.9400","0.6973","8.8674"
"41.9600","0.6976","8.9184"
"41.9800","0.6979","8.9068"
"42.0000","0.6982","8.8926"
"42.0200","0.6986","8.8622"
"42.0400","0.6989","8.9022"
"42.0600","0.6993","8.9115"
"42.0800","0.6996","8.9177"
"42.1000","0.6999","8.8675"
"42.1200","0.7002","8.9007"
"42.1400","0.7005","8.9637"
"42.1600","0.7008","9.0040"
"42.1800","0.7012","9.0448"
"42.2000","0.7017","9.0268"
"42.2200","0.7021","9.0660"
"42.2400","0.7026","9.0734"
"42.2600","0.7029","9.0303"
"42.2800","0.7031","9.0097"
"42.3000","0.7033","9.0001"
"42.3200","0.7036","9.0277"
"42.3400","0.7039","9.0806"
"42.3600","0.7042","9.0462"
"42.3800","0.7046","9.0890"
"42.4000","0.7050","9.0727"
"42.4200","0.7054","9.0563"
"42.4400","0.7057","9.0008"
"42.4600","0.7060","9.0293"
"42.4800","0.7063","9.0628"
"42.5000","0.7067","9.0325"
"42.5200","0.7070","8.9795"
"42.5400","0.7074","9.0103"
"42.5600","0.7078","9.0479"
"42.5800","0.7082","9.0460"
"42.6000","0.7084","9.0928"
"42.6200","0.7087","9.1364"
"42.6400","0.7089","9.1420"
"42.6600","0.7092","9.1914"
"42.6800","0.7095","9.2266"
"42.7000","0.7099","9.2147"
"42.7200","0.7102","9.1528"
"42.7400","0.7106","9.1244"
"42.7600","0.7109","9.1510"
"42.7800","0.7112","9.2165"
"42.8000","0.7115","9.2123"
"42.8200","0.7118","9.1536"
"42.8400","0.7121","9.1902"
"42.8600","0.7125","9.1763"
"42.8800","0.7129","9.1782"
"42.9000","0.7133","9.2426"
"42.9200","0.7138","9.3934"
"42.9400","0.7142","9.2967"
"42.9600","0.7144","9.2421"
"42.9800","0.7147","9.2543"
"43.0000","0.7149","9.2949"
"43.0200","0.7152","9.2127"
"43.0400","0.7155","9.2060"
"43.0600","0.7159","9.2923"
"43.0800","0.7163","9.2217"
"43.1000","0.7167","9.2816"
"43.1200","0.7170","9.3146"
"43.1400","0.7173","9.2765"
"43.1600","0.7176","9.2618"
"43.1800","0.7179","9.2803"
"43.2000","0.7183","9.3092"
"43.2200","0.7187","9.3474"
"43.2400","0.7192","9.3850"
"43.2600","0.7195","9.3465"
"43.2800","0.7198","9.3684"
"43.3000","0.7201","9.3916"
"43.3200","0.7203","9.4399"
"43.3400","0.7206","9.4604"
"43.3600","0.7209","9.4465"
"43.3800","0.7212","9.3752"
"43.4000","0.7216","9.4008"
"43.4200","0.7220","9.4081"
"43.4400","0.7223","9.4582"
"43.4600","0.7226","9.4739"
"43.4800","0.7229","9.4881"
"43.5000","0.7232","9.5181"
"43.5200","0.7235","9.4477"
"43.5400","0.7238","9.3961"
"43.5600","0.7242","9.3719"
"43.5800","0.7247","9.4107"
"43.6000","0.7251","9.4435"
"43.6200","0.7255","9.4901"
"43.6400","0.7258","9.3903"
"43.6600","0.7261","9.4192"
"43.6800","0.7263","9.4288"
"43.7000","0.7266","9.5038"
"43.7200","0.7269","9.5268"
"43.7400","0.7273","9.5325"
"43.7600","0.7276","9.5374"
"43.7800","0.7280","9.5943"
"43.8000","0.7284","9.5394"
"43.8200","0.7287","9.5132"
"43.8400","0.7290","9.6002"
"43.8600","0.7293","9.6726"
"43.8800","0.7296","9.6264"
"43.9000","0.7300","9.6191"
"43.9200","0.7304","9.5711"
"43.9400","0.7308","9.5742"
"43.9600","0.7312","9.5735"
"43.9800","0.7314","9.6431"
"44.0000","0.7317","9.6842"
"44.0200","0.7319","9.5968"
"44.0400","0.7322","9.7207"
"44.0600","0.7325","9.7296"
"44.0800","0.7329","9.6720"
"44.1000","0.7333","9.6113"
"44.1200","0.7337","9.5594"
"44.1400","0.7340","9.6370"
"44.1600","0.7343","9.6167"
"44.1800","0.7345","9.7115"
"44.2000","0.7348","9.7354"
"44.2200","0.7351","9.7174"
"44.2400","0.7355","9.7068"
"44.2600","0.7359","9.7118"
"44.2800","0.7364","9.7057"
"44.3000","0.7368","9.7238"
"44.3200","0.7371","9.7700"
"44.3400","0.7374","9.8016"
"44.3600","0.7376","9.8270"
"44.3800","0.7379","9.8626"
"44.4000","0.7382","9.8903"
"44.4200","0.7385","9.8979"
"44.4400","0.7389","9.8635"
"44.4600","0.7393","9.7794"
"44.4800","0.7397","9.7761"
"44.5000","0.7400","9.8034"
"44.5200","0.7403","9.7865"
"44.5400","0.7406","9.7965"
"44.5600","0.7409","9.9144"
"44.5800","0.7413","9.9066"
"44.6000","0.7417","9.9599"
"44.6200","0.7421","9.9672"
"44.6400","0.7425","9.9488"
"44.6600","0.7428","9.9956"
"44.6800","0.7431","10.0126"
"44.7000","0.7433","9.9704"
"44.7200","0.7436","9.9578"
"44.7400","0.7439","9.9549"
"44.7600","0.7442","9.9973"
"44.7800","0.7446","10.0539"
"44.8000","0.7450","10.1025"
"44.8200","0.7453","10.0856"
"44.8400","0.7456","10.0540"
"44.8600","0.7459","10.0328"
"44.8800","0.7462","10.0164"
"44.9000","0.7465","10.0079"
"44.9200","0.7468","10.0385"
"44.9400","0.7472","10.1726"
"44.9600","0.7477","10.2018"
"44.9800","0.7481","10.1369"
"45.0000","0.7485","10.0644"
"45.0200","0.7488","10.0285"
"45.0400","0.7490","10.0443"
"45.0600","0.7493","10.0914"
"45.0800","0.7495","10.1700"
"45.1000","0.7498","10.1472"
"45.1200","0.7502","10.1597"
"45.1400","0.7506","10.1414"
"45.1600","0.7510","10.1049"
"45.1800","0.7513","10.0784"
"45.2000","0.7516","10.1483"
"45.2200","0.7519","10.1680"
"45.2400","0.7523","10.1336"
"45.2600","0.7526","10.2116"
"45.2800","0.7530","10.2463"
"45.3000","0.7534","10.1348"
"45.3200","0.7538","10.0886"
"45.3400","0.7542","10.2651"
"45.3600","0.7544","10.3188"
"45.3800","0.7547","10.1889"
"45.4000","0.7549","10.1839"
"45.4200","0.7552","10.2875"
"45.4400","0.7555","10.2702"
"45.4600","0.7559","10.2440"
"45.4800","0.7563","10.2087"
"45.5000","0.7567","10.1663"
"45.5200","0.7570","10.2216"
"45.5400","0.7573","10.2623"
"45.5600","0.7575","10.2642"
"45.5800","0.7578","10.2438"
"45.6000","0.7581","10.3834"
"45.6200","0.7585","10.3700"
"45.6400","0.7589","10.2473"
"45.6600","0.7594","10.2490"
"45.6800","0.7598","10.2028"
"45.7000","0.7601","10.2416"
"45.7200","0.7604","10.4317"
"45.7400","0.7606","10.3990"
"45.7600","0.7609","10.3838"
"45.7800","0.7612","10.3166"
"45.8000","0.7615","10.3628"
"45.8200","0.7619","10.3950"
"45.8400","0.7623","10.4363"
"45.8600","0.7626","10.4318"
"45.8800","0.7630","10.3200"
"45.9000","0.7633","10.3211"
"45.9200","0.7636","10.3497"
"45.9400","0.7639","10.3269"
"45.9600","0.7643","10.4078"
"45.9800","0.7647","10.4495"
"46.0000","0.7651","10.4317"
"46.0200","0.7655","10.4321"
"46.0400","0.7658","10.4304"
"46.0600","0.7660","10.5726"
"46.0800","0.7663","10.5345"
"46.1000","0.7665","10.5403"
"46.1200","0.7668","10.5248"
"46.1400","0.7672","10.5698"
"46.1600","0.7675","10.5335"
"46.1800","0.7679","10.4670"
"46.2000","0.7683","10.5042"
"46.2200","0.7687","10.5972"
"46.2400","0.7690","10.6031"
"46.2600","0.7692","10.5449"
"46.2800","0.7695","10.5197"
"46.3000","0.7699","10.5819"
"46.3200","0.7703","10.5860"
"46.3400","0.7707","10.6092"
"46.3600","0.7712","10.6350"
"46.3800","0.7716","10.5753"
"46.4000","0.7719","10.6129"
"46.4200","0.7721","10.6080"
"46.4400","0.7723","10.6594"
"46.4600","0.7726","10.6092"
"46.4800","0.7729","10.5901"
"46.5000","0.7733","10.6518"
"46.5200","0.7736","10.6205"
"46.5400","0.7740","10.5587"
"46.5600","0.7744","10.6481"
"46.5800","0.7747","10.7505"
"46.6000","0.7750","10.7781"
"46.6200","0.7753","10.7198"
"46.6400","0.7757","10.7967"
"46.6600","0.7761","10.8031"
"46.6800","0.7765","10.7390"
"46.7000","0.7769","10.7194"
"46.7200","0.7772","10.6951"
"46.7400","0.7774","10.7841"
"46.7600","0.7777","10.8295"
"46.7800","0.7779","10.8518"
"46.8000","0.7782","10.8244"
"46.8200","0.7785","10.7921"
"46.8400","0.7789","10.7585"
"46.8600","0.7793","10.7878"
"46.8800","0.7797","10.7651"
"46.9000","0.7800","10.7635"
"46.9200","0.7803","10.8498"
"46.9400","0.7806","10.8444"
"46.9600","0.7808","10.8709"
"46.9800","0.7812","10.8537"
"47.0000","0.7815","10.9276"
"47.0200","0.7820","10.8947"
"47.0400","0.7824","10.8836"
"47.0600","0.7829","10.8472"
"47.0800","0.7832","10.8221"
"47.1000","0.7834","10.9284"
"47.1200","0.7837","10.8820"
"47.1400","0.7839","10.8656"
"47.1600","0.7842","10.8802"
"47.1800","0.7845","10.8554"
"47.2000","0.7849","10.8229"
"47.2200","0.7853","10.8825"
"47.2400","0.7857","11.0030"
"47.2600","0.7860","11.0535"
"47.2800","0.7863","11.0047"
"47.3000","0.7866","10.9549"
"47.3200","0.7870","10.9570"
"47.3400","0.7874","11.0041"
"47.3600","0.7878","11.0218"
"47.3800","0.7882","11.0490"
"47.4000","0.7885","11.0388"
"47.4200","0.7888","11.0893"
"47.4400","0.7890","11.1180"
"47.4600","0.7893","11.1191"
"47.4800","0.7896","11.0857"
"47.5000","0.7899","11.0216"
"47.5200","0.7902","11.0591"
"47.5400","0.7906","11.0977"
"47.5600","0.7910","11.1347"
"47.5800","0.7913","11.1151"
"47.6000","0.7916","11.1347"
"47.6200","0.7919","11.2022"
"47.6400","0.7922","11.1815"
"47.6600","0.7925","11.0547"
"47.6800","0.7928","11.0799"
"47.7000","0.7932","11.0730"
"47.7200","0.7937","11.1226"
"47.7400","0.7941","11.2291"
"47.7600","0.7945","11.2240"
"47.7800","0.7948","11.2014"
"47.8000","0.7950","11.1868"
"47.8200","0.7952","11.2281"
"47.8400","0.7955","11.2180"
"47.8600","0.7958","11.1660"
"47.8800","0.7962","11.1730"
"47.9000","0.7965","11.2527"
"47.9200","0.7969","11.3265"
"47.9400","0.7973","11.3453"
"47.9600","0.7976","11.3034"
"47.9800","0.7979","11.2629"
"48.0000","0.7982","11.2740"
"48.0200","0.7986","11.3349"
"48.0400","0.7990","11.3118"
"48.0600","0.7994","11.2585"
"48.0800","0.7998","11.3182"
"48.1000","0.8002","11.3491"
"48.1200","0.8004","11.3292"
"48.1400","0.8006","11.3349"
"48.1600","0.8009","11.3694"
"48.1800","0.8012","11.3736"
"48.2000","0.8015","11.3296"
"48.2200","0.8019","11.2977"
"48.2400","0.8023","11.3187"
"48.2600","0.8027","11.3646"
"48.2800","0.8030","11.3708"
"48.3000","0.8033","11.3420"
"48.3200","0.8035","11.4417"
"48.3400","0.8038","11.4396"
"48.3600","0.8041","11.5320"
"48.3800","0.8045","11.5359"
"48.4000","0.8050","11.4570"
"48.4200","0.8054","11.4498"
"48.4400","0.8059","11.5126"
"48.4600","0.8062","11.5775"
"48.4800","0.8065","11.5641"
"48.5000","0.8067","11.6081"
"48.5200","0.8069","11.5982"
"48.5400","0.8072","11.4646"
"48.5600","0.8075","11.4426"
"48.5800","0.8079","11.4614"
"48.6000","0.8082","11.5429"
"48.6200","0.8086","11.5508"
"48.6400","0.8089","11.5134"
"48.6600","0.8093","11.5370"
"48.6800","0.8096","11.6131"
"48.7000","0.8099","11.6406"
"48.7200","0.8103","11.6454"
"48.7400","0.8108","11.5059"
"48.7600","0.8112","11.5874"
"48.7800","0.8115","11.6120"
"48.8000","0.8118","11.6752"
"48.8200","0.8120","11.7022"
"48.8400","0.8123","11.6065"
"48.8600","0.8125","11.6187"
"48.8800","0.8129","11.6190"
"48.9000","0.8132","11.7195"
"48.9200","0.8136","11.7895"
"48.9400","0.8140","11.8005"
"48.9600","0.8143","11.7252"
"48.9800","0.8146","11.6920"
"49.0000","0.8149","11.6658"
"49.0200","0.8152","11.7264"
"49.0400","0.8155","11.6865"
"49.0600","0.8158","11.7243"
"49.0800","0.8163","11.7662"
"49.1000","0.8167","11.8419"
"49.1200","0.8172","11.7402"
"49.1400","0.8176","11.7565"
"49.1600","0.8178","11.7662"
"49.1800","0.8181","11.8131"
"49.2000","0.8183","11.8407"
"49.2200","0.8185","11.7848"
"49.2400","0.8188","11.7949"
"49.2600","0.8192","11.7379"
"49.2800","0.8196","11.8268"
"49.3000","0.8200","11.9453"
"49.3200","0.8203","11.8991"
"49.3400","0.8206","11.8166"
"49.3600","0.8209","11.8000"
"49.3800","0.8213","11.8529"
"49.4000","0.8216","11.9614"
"49.4200","0.8221","11.9824"
"49.4400","0.8225","11.9290"
"49.4600","0.8228","12.0143"
"49.4800","0.8231","12.0377"
"49.5000","0.8234","11.9501"
"49.5200","0.8236","11.8224"
"49.5400","0.8239","11.8262"
"49.5600","0.8242","11.9709"
"49.5800","0.8245","11.9948"
"49.6000","0.8249","11.9582"
"49.6200","0.8253","11.9250"
"49.6400","0.8257","12.0308"
"49.6600","0.8260","12.0437"
"49.6800","0.8263","11.9898"
"49.7000","0.8265","11.9543"
"49.7200","0.8268","11.9475"
"49.7400","0.8271","11.9636"
"49.7600","0.8275","12.0094"
"49.7800","0.8280","12.0503"
"49.8000","0.8285","11.9379"
"49.8200","0.8289","11.9275"
"49.8400","0.8292","12.0276"
"49.8600","0.8295","12.0625"
"49.8800","0.8297","12.1197"
"49.9000","0.8299","12.1128"
"49.9200","0.8302","12.0610"
"49.9400","0.8305","12.0134"
"49.9600","0.8309","12.1658"
"49.9800","0.8313","12.1928"
"50.0000","0.8316","12.1072"
"50.0200","0.8320","12.0957"
"50.0400","0.8323","12.1395"
"50.0600","0.8326","12.1556"
"50.0800","0.8330","12.1665"
"50.1000","0.8334","12.1064"
"50.1200","0.8338","11.9898"
"50.1400","0.8342","12.0245"
"50.1600","0.8345","12.1519"
"50.1800","0.8348","12.2648"
"50.2000","0.8350","12.2989"
"50.2200","0.8353","12.2953"
"50.2400","0.8355","12.2337"
"50.2600","0.8358","12.3014"
"50.2800","0.8362","12.3525"
"50.3000","0.8366","12.3964"
"50.3200","0.8370","12.3525"
"50.3400","0.8373","12.3389"
"50.3600","0.8376","12.2924"
"50.3800","0.8379","12.3257"
"50.4000","0.8382","12.3400"
"50.4200","0.8385","12.3335"
"50.4400","0.8388","12.2997"
"50.4600","0.8393","12.2584"
"50.4800","0.8397","12.2329"
"50.5000","0.8402","12.3746"
"50.5200","0.8406","12.3808"
"50.5400","0.8409","12.3417"
"50.5600","0.8411","12.4508"
"50.5800","0.8413","12.4425"
"50.6000","0.8416","12.3436"
"50.6200","0.8419","12.3325"
"50.6400","0.8422","12.3707"
"50.6600","0.8426","12.4567"
"50.6800","0.8430","12.5058"
"50.7000","0.8433","12.5201"
"50.7200","0.8436","12.5157"
"50.7400","0.8439","12.4402"
"50.7600","0.8443","12.3990"
"50.7800","0.8446","12.3902"
"50.8000","0.8451","12.4220"
"50.8200","0.8455","12.4985"
"50.8400","0.8458","12.5131"
"50.8600","0.8461","12.5101"
"50.8800","0.8464","12.4937"
"50.9000","0.8466","12.4445"
"50.9200","0.8469","12.4848"
"50.9400","0.8472","12.5761"
"50.9600","0.8475","12.5527"
"50.9800","0.8479","12.5232"
"51.0000","0.8483","12.5053"
"51.0200","0.8487","12.6469"
"51.0400","0.8490","12.6947"
"51.0600","0.8493","12.6612"
"51.0800","0.8495","12.6106"
"51.1000","0.8498","12.5558"
"51.1200","0.8502","12.4987"
"51.1400","0.8505","12.5972"
"51.1600","0.8510","12.6523"
"51.1800","0.8515","12.7046"
"51.2000","0.8519","12.7543"
"51.2200","0.8522","12.6919"
"51.2400","0.8524","12.6571"
"51.2600","0.8526","12.7604"
"51.2800","0.8529","12.7370"
"51.3000","0.8532","12.7417"
"51.3200","0.8535","12.7424"
"51.3400","0.8539","12.7694"
"51.3600","0.8543","12.8013"
"51.3800","0.8546","12.7559"
"51.4000","0.8550","12.7021"
"51.4200","0.8553","12.7337"
"51.4400","0.8556","12.6870"
"51.4600","0.8560","12.6479"
"51.4800","0.8563","12.8231"
"51.5000","0.8567","12.8814"
"51.5200","0.8571","12.8511"
"51.5400","0.8575","12.8559"
"51.5600","0.8577","12.8972"
"51.5800","0.8580","12.8970"
"51.6000","0.8582","12.9338"
"51.6200","0.8585","12.8881"
"51.6400","0.8588","12.9563"
"51.6600","0.8592","13.0011"
"51.6800","0.8596","12.9636"
"51.7000","0.8600","12.8399"
"51.7200","0.8603","12.8696"
"51.7400","0.8606","12.9168"
"51.7600","0.8609","13.0049"
"51.7800","0.8612","13.0451"
"51.8000","0.8615","12.9448"
"51.8200","0.8619","12.9029"
"51.8400","0.8623","12.9163"
"51.8600","0.8628","13.1010"
"51.8800","0.8632","13.2081"
"51.9000","0.8635","13.0873"
"51.9200","0.8638","12.9764"
"51.9400","0.8640","12.9681"
"51.9600","0.8643","13.0518"
"51.9800","0.8645","13.0966"
"52.0000","0.8649","13.0493"
"52.0200","0.8652","13.0299"
"52.0400","0.8656","13.0142"
"52.0600","0.8660","13.0316"
"52.0800","0.8663","13.0864"
"52.1000","0.8666","13.1599"
"52.1200","0.8670","13.1519"
"52.1400","0.8673","13.1445"
"52.1600","0.8677","13.1162"
"52.1800","0.8681","13.1090"
"52.2000","0.8685","13.1791"
"52.2200","0.8688","13.2349"
"52.2400","0.8691","13.2390"
"52.2600","0.8694","13.2590"
"52.2800","0.8696","13.1878"
"52.3000","0.8699","13.1232"
"52.3200","0.8702","13.1411"
"52.3400","0.8705","13.2068"
"52.3600","0.8709","13.2167"
"52.3800","0.8713","13.1924"
"52.4000","0.8716","13.1795"
"52.4200","0.8720","13.1806"
"52.4400","0.8723","13.2346"
"52.4600","0.8725","13.2849"
"52.4800","0.8728","13.2977"
"52.5000","0.8732","13.3185"
"52.5200","0.8735","13.2639"
"52.5400","0.8740","13.3682"
"52.5600","0.8745","13.3782"
"52.5800","0.8749","13.3187"
"52.6000","0.8752","13.2792"
"52.6200","0.8754","13.3225"
"52.6400","0.8756","13.3978"
"52.6600","0.8759","13.4003"
"52.6800","0.8762","13.2475"
"52.7000","0.8765","13.2669"
"52.7200","0.8769","13.3033"
"52.7400","0.8773","13.2999"
"52.7600","0.8776","13.3216"
"52.7800","0.8780","13.4231"
"52.8000","0.8783","13.5345"
"52.8200","0.8786","13.5573"
"52.8400","0.8790","13.5256"
"52.8600","0.8794","13.5143"
"52.8800","0.8797","13.3809"
"52.9000","0.8801","13.4824"
"52.9200","0.8804","13.5730"
"52.9400","0.8807","13.5874"
"52.9600","0.8810","13.5807"
"52.9800","0.8812","13.6030"
"53.0000","0.8815","13.5865"
"53.0200","0.8818","13.5980"
"53.0400","0.8822","13.5934"
"53.0600","0.8826","13.5737"
"53.0800","0.8829","13.5694"
"53.1000","0.8833","13.5836"
"53.1200","0.8836","13.5710"
"53.1400","0.8839","13.5765"
"53.1600","0.8841","13.5387"
"53.1800","0.8845","13.6087"
"53.2000","0.8849","13.6156"
"53.2200","0.8853","13.5630"
"53.2400","0.8858","13.5198"
"53.2600","0.8862","13.5117"
"53.2800","0.8865","13.5971"
"53.3000","0.8868","13.6282"
"53.3200","0.8870","13.6693"
"53.3400","0.8872","13.8278"
"53.3600","0.8875","13.7725"
"53.3800","0.8879","13.6456"
"53.4000","0.8882","13.6687"
"53.4200","0.8886","13.7425"
"53.4400","0.8890","13.8092"
"53.4600","0.8894","13.7613"
"53.4800","0.8897","13.7442"
"53.5000","0.8900","13.7369"
"53.5200","0.8903","13.7387"
"53.5400","0.8907","13.8233"
"53.5600","0.8911","13.8093"
"53.5800","0.8915","13.7957"
"53.6000","0.8918","13.7870"
"53.6200","0.8921","13.8177"
"53.6400","0.8923","13.7918"
"53.6600","0.8926","13.7644"
"53.6800","0.8929","13.8421"
"53.7000","0.8932","13.8518"
"53.7200","0.8935","13.8072"
"53.7400","0.8939","13.8980"
"53.7600","0.8943","13.8561"
"53.7800","0.8947","13.8992"
"53.8000","0.8950","13.9949"
"53.8200","0.8953","13.9488"
"53.8400","0.8955","13.8816"
"53.8600","0.8958","13.8958"
"53.8800","0.8962","13.9804"
"53.9000","0.8966","14.0394"
"53.9200","0.8971","14.0506"
"53.9400","0.8976","13.9797"
"53.9600","0.8979","13.9379"
"53.9800","0.8982","13.8896"
"54.0000","0.8984","13.8469"
"54.0200","0.8986","13.9429"
"54.0400","0.8989","14.0215"
"54.0600","0.8992","14.0541"
"54.0800","0.8995","13.9861"
"54.1000","0.8999","13.9870"
"54.1200","0.9003","14.0404"
"54.1400","0.9007","14.0593"
"54.1600","0.9010","14.0318"
"54.1800","0.9013","13.9659"
"54.2000","0.9016","14.0396"
"54.2200","0.9020","14.1157"
"54.2400","0.9024","14.0650"
"54.2600","0.9028","14.0616"
"54.2800","0.9031","14.0516"
"54.3000","0.9034","14.1269"
"54.3200","0.9037","14.1478"
"54.3400","0.9040","14.1066"
"54.3600","0.9042","14.1057"
"54.3800","0.9045","14.0900"
"54.4000","0.9048","14.1274"
"54.4200","0.9052","14.1894"
"54.4400","0.9056","14.2773"
"54.4600","0.9060","14.2667"
"54.4800","0.9063","14.2361"
"54.5000","0.9066","14.1295"
"54.5200","0.9069","14.1237"
"54.5400","0.9071","14.1745"
"54.5600","0.9075","14.1746"
"54.5800","0.9079","14.2252"
"54.6000","0.9084","14.3203"
"54.6200","0.9089","14.3815"
"54.6400","0.9093","14.3561"
"54.6600","0.9095","14.4416"
"54.6800","0.9098","14.4225"
"54.7000","0.9100","14.3444"
"54.7200","0.9102","14.3212"
"54.7400","0.9105","14.3566"
"54.7600","0.9109","14.3337"
"54.7800","0.9113","14.2913"
"54.8000","0.9117","14.2786"
"54.8200","0.9120","14.3272"
"54.8400","0.9124","14.3466"
"54.8600","0.9127","14.3940"
"54.8800","0.9130","14.4687"
"54.9000","0.9133","14.4117"
"54.9200","0.9137","14.3724"
"54.9400","0.9141","14.3932"
"54.9600","0.9145","14.3922"
"54.9800","0.9148","14.4235"
"55.0000","0.9151","14.4807"
"55.0200","0.9153","14.4091"
"55.0400","0.9156","14.4290"
"55.0600","0.9159","14.4084"
"55.0800","0.9162","14.4576"
"55.1000","0.9165","14.4350"
"55.1200","0.9169","14.4196"
"55.1400","0.9173","14.4351"
"55.1600","0.9176","14.5072"
"55.1800","0.9179","14.5039"
"55.2000","0.9182","14.5210"
"55.2200","0.9185","14.4966"
"55.2400","0.9188","14.5242"
"55.2600","0.9192","14.5517"
"55.2800","0.9196","14.5668"
"55.3000","0.9201","14.6203"
"55.3200","0.9205","14.6160"
"55.3400","0.9209","14.5770"
"55.3600","0.9212","14.5618"
"55.3800","0.9214","14.5804"
"55.4000","0.9216","14.6775"
"55.4200","0.9219","14.6452"
"55.4400","0.9222","14.6133"
"55.4600","0.9225","14.6288"
"55.4800","0.9229","14.7039"
"55.5000","0.9233","14.7254"
"55.5200","0.9237","14.7179"
"55.5400","0.9240","14.6834"
"55.5600","0.9243","14.6851"
"55.5800","0.9246","14.6557"
"55.6000","0.9250","14.6633"
"55.6200","0.9254","14.6902"
"55.6400","0.9258","14.6784"
"55.6600","0.9261","14.7080"
"55.6800","0.9264","14.7227"
"55.7000","0.9267","14.7614"
"55.7200","0.9270","14.7615"
"55.7400","0.9272","14.7378"
"55.7600","0.9275","14.7605"
"55.7800","0.9279","14.8028"
"55.8000","0.9282","14.8511"
"55.8200","0.9286","14.8820"
"55.8400","0.9290","14.8095"
"55.8600","0.9293","14.8841"
"55.8800","0.9296","14.9306"
"55.9000","0.9298","14.9507"
"55.9200","0.9301","14.9276"
"55.9400","0.9305","14.8915"
"55.9600","0.9309","14.8822"
"55.9800","0.9313","14.9139"
"56.0000","0.9318","14.9688"
"56.0200","0.9322","14.9788"
"56.0400","0.9325","15.0016"
"56.0600","0.9327","14.9340"
"56.0800","0.9330","14.8523"
"56.1000","0.9332","14.9393"
"56.1200","0.9335","14.9620"
"56.1400","0.9339","15.0232"
"56.1600","0.9342","15.0547"
"56.1800","0.9346","15.0760"
"56.2000","0.9350","15.0047"
"56.2200","0.9353","14.9910"
"56.2400","0.9356","14.9655"
"56.2600","0.9359","14.9597"
"56.2800","0.9363","15.0451"
"56.3000","0.9367","15.1476"
"56.3200","0.9371","15.1229"
"56.3400","0.9374","15.0123"
"56.3600","0.9378","15.0182"
"56.3800","0.9381","15.0196"
"56.4000","0.9383","15.0620"
"56.4200","0.9386","15.0591"
"56.4400","0.9389","15.1178"
"56.4600","0.9392","15.1324"
"56.4800","0.9395","15.0515"
"56.5000","0.9399","15.0827"
"56.5200","0.9403","15.2312"
"56.5400","0.9406","15.2004"
"56.5600","0.9409","15.1746"
"56.5800","0.9412","15.2266"
"56.6000","0.9415","15.1556"
"56.6200","0.9418","15.0857"
"56.6400","0.9422","15.0589"
"56.6600","0.9426","15.0804"
"56.6800","0.9431","15.1414"
"56.7000","0.9435","15.2548"
"56.7200","0.9439","15.2652"
"56.7400","0.9441","15.2118"
"56.7600","0.9444","15.2238"
"56.7800","0.9446","15.3206"
"56.8000","0.9449","15.3290"
"56.8200","0.9452","15.3798"
"56.8400","0.9456","15.3312"
"56.8600","0.9460","15.3375"
"56.8800","0.9463","15.3565"
"56.9000","0.9467","15.2975"
"56.9200","0.9470","15.1862"
"56.9400","0.9473","15.3852"
"56.9600","0.9476","15.4083"
"56.9800","0.9480","15.3506"
"57.0000","0.9484","15.3174"
"57.0200","0.9488","15.3365"
"57.0400","0.9492","15.4162"
"57.0600","0.9495","15.4195"
"57.0800","0.9497","15.4135"
"57.1000","0.9500","15.4107"
"57.1200","0.9502","15.4006"
"57.1400","0.9505","15.4792"
"57.1600","0.9509","15.4708"
"57.1800","0.9513","15.5169"
"57.2000","0.9516","15.5227"
"57.2200","0.9520","15.5050"
"57.2400","0.9523","15.4660"
"57.2600","0.9526","15.4456"
"57.2800","0.9528","15.4531"
"57.3000","0.9531","15.4650"
"57.3200","0.9535","15.5123"
"57.3400","0.9539","15.5676"
"57.3600","0.9543","15.5718"
"57.3800","0.9548","15.5284"
"57.4000","0.9552","15.5274"
"57.4200","0.9555","15.6477"
"57.4400","0.9557","15.6343"
"57.4600","0.9560","15.5764"
"57.4800","0.9562","15.6042"
"57.5000","0.9566","15.6995"
"57.5200","0.9569","15.6719"
"57.5400","0.9573","15.6815"
"57.5600","0.9577","15.6428"
"57.5800","0.9580","15.6360"
"57.6000","0.9583","15.6739"
"57.6200","0.9586","15.6731"
"57.6400","0.9590","15.7003"
"57.6600","0.9593","15.7884"
"57.6800","0.9597","15.7546"
"57.7000","0.9602","15.7301"
"57.7200","0.9605","15.7654"
"57.7400","0.9609","15.7803"
"57.7600","0.9611","15.8713"
"57.7800","0.9614","15.7946"
"57.8000","0.9616","15.7560"
"57.8200","0.9619","15.7841"
"57.8400","0.9622","15.7795"
"57.8600","0.9626","15.8099"
"57.8800","0.9630","15.7561"
"57.9000","0.9633","15.7470"
"57.9200","0.9636","15.8388"
"57.9400","0.9639","15.8880"
"57.9600","0.9642","15.8645"
"57.9800","0.9645","15.8258"
"58.0000","0.9648","15.8879"
"58.0200","0.9652","15.8593"
"58.0400","0.9656","15.8390"
"58.0600","0.9661","15.9114"
"58.0800","0.9665","15.9106"
"58.1000","0.9668","15.8431"
"58.1200","0.9671","15.8720"
"58.1400","0.9673","15.9326"
"58.1600","0.9676","15.8642"
"58.1800","0.9679","15.8817"
"58.2000","0.9682","15.8510"
"58.2200","0.9686","15.8750"
"58.2400","0.9690","15.8615"
"58.2600","0.9693","15.8787"
"58.2800","0.9697","15.9007"
"58.3000","0.9700","15.9083"
"58.3200","0.9703","15.9316"
"58.3400","0.9706","15.9834"
"58.3600","0.9710","15.9906"
"58.3800","0.9714","15.9671"
"58.4000","0.9718","15.9926"
"58.4200","0.9722","16.0116"
"58.4400","0.9725","15.9386"
"58.4600","0.9727","15.9936"
"58.4800","0.9730","16.0112"
"58.5000","0.9732","16.0674"
"58.5200","0.9735","16.1748"
"58.5400","0.9739","16.0795"
"58.5600","0.9743","16.0493"
"58.5800","0.9747","16.0551"
"58.6000","0.9750","16.0626"
"58.6200","0.9753","16.0409"
"58.6400","0.9756","16.0271"
"58.6600","0.9758","16.0961"
"58.6800","0.9761","16.1557"
"58.7000","0.9764","16.2038"
"58.7200","0.9768","16.2084"
"58.7400","0.9773","16.1696"
"58.7600","0.9778","16.2112"
"58.7800","0.9781","16.2054"
"58.8000","0.9784","16.1698"
"58.8200","0.9786","16.1550"
"58.8400","0.9789","16.1991"
"58.8600","0.9792","16.2290"
"58.8800","0.9795","16.2330"
"58.9000","0.9799","16.2978"
"58.9200","0.9803","16.2328"
"58.9400","0.9806","16.2564"
"58.9600","0.9810","16.2979"
"58.9800","0.9813","16.3108"
"59.0000","0.9816","16.2793"
"59.0200","0.9819","16.2725"
"59.0400","0.9823","16.3886"
"59.0600","0.9827","16.4327"
"59.0800","0.9831","16.3649"
"59.1000","0.9835","16.3245"
"59.1200","0.9838","16.3914"
"59.1400","0.9841","16.4391"
"59.1600","0.9843","16.3896"
"59.1800","0.9846","16.4006"
"59.2000","0.9849","16.4019"
"59.2200","0.9852","16.4070"
"59.2400","0.9856","16.3878"
"59.2600","0.9860","16.3585"
"59.2800","0.9863","16.4079"
"59.3000","0.9866","16.5031"
"59.3200","0.9869","16.4500"
"59.3400","0.9872","16.3995"
"59.3600","0.9875","16.3947"
"59.3800","0.9878","16.3763"
"59.4000","0.9882","16.4473"
"59.4200","0.9886","16.4493"
"59.4400","0.9891","16.4786"
"59.4600","0.9895","16.5121"
"59.4800","0.9898","16.5665"
"59.5000","0.9901","16.5671"
"59.5200","0.9903","16.5075"
"59.5400","0.9906","16.4577"
"59.5600","0.9909","16.4720"
"59.5800","0.9912","16.4579"
"59.6000","0.9916","16.5184"
"59.6200","0.9920","16.5800"
"59.6400","0.9923","16.5464"
"59.6600","0.9927","16.5445"
"59.6800","0.9930","16.6250"
"59.7000","0.9933","16.6283"
"59.7200","0.9936","16.6400"
"59.7400","0.9940","16.7438"
"59.7600","0.9944","16.6903"
"59.7800","0.9948","16.7313"
"59.8000","0.9952","16.7976"
"59.8200","0.9954","16.7619"
"59.8400","0.9957","16.7010"
"59.8600","0.9959","16.7792"
"59.8800","0.9962","16.8260"
"59.9000","0.9965","16.8136"
"59.9200","0.9969","16.6900"
"59.9400","0.9973","16.7465"
"59.9600","0.9977","16.7868"
"59.9800","0.9980","16.7921"
"60.0000","0.9983","16.7628"
"60.0200","0.9985","16.8320"
"60.0400","0.9988","16.8433"
"60.0600","0.9991","16.8063"
"60.0800","0.9995","16.7692"
"60.1000","0.9999","16.8073"
"60.1200","1.0004","16.8078"
"60.1400","1.0008","16.7961"
"60.1600","1.0012","16.7797"
"60.1800","1.0015","16.8819"
"60.2000","1.0017","16.9386"
"60.2200","1.0019","16.8938"
"60.2400","1.0022","16.9501"
"60.2600","1.0025","16.9135"
"60.2800","1.0029","16.8802"
"60.3000","1.0033","16.8588"
"60.3200","1.0037","16.8566"
"60.3400","1.0040","16.8951"
"60.3600","1.0043","16.9272"
"60.3800","1.0046","16.9162"
"60.4000","1.0049","16.8726"
"60.4200","1.0053","16.8837"
"60.4400","1.0057","16.9094"
"60.4600","1.0062","16.9237"
"60.4800","1.0065","16.9747"
"60.5000","1.0068","16.9751"
"60.5200","1.0071","16.9986"
"60.5400","1.0073","17.0609"
"60.5600","1.0076","17.0476"
"60.5800","1.0078","17.0785"
"60.6000","1.0082","17.1508"
"60.6200","1.0085","17.1061"
"60.6400","1.0090","17.1103"
"60.6600","1.0093","17.1485"
"60.6800","1.0097","17.1765"
"60.7000","1.0100","17.1224"
"60.7200","1.0102","17.1294"
"60.7400","1.0105","17.1621"
"60.7600","1.0108","17.1048"
"60.7800","1.0112","17.0871"
"60.8000","1.0117","17.1427"
"60.8200","1.0121","17.1266"
"60.8400","1.0125","17.1486"
"60.8600","1.0128","17.1367"
"60.8800","1.0131","17.0906"
"60.9000","1.0133","17.1016"
"60.9200","1.0136","17.1702"
"60.9400","1.0139","17.2568"
"60.9600","1.0142","17.2249"
"60.9800","1.0146","17.2490"
"61.0000","1.0150","17.2623"
"61.0200","1.0153","17.2945"
"61.0400","1.0157","17.2829"
"61.0600","1.0160","17.2708"
"61.0800","1.0163","17.2970"
"61.1000","1.0166","17.2543"
"61.1200","1.0170","17.2693"
"61.1400","1.0175","17.2937"
"61.1600","1.0179","17.2620"
"61.1800","1.0182","17.3027"
"61.2000","1.0184","17.3570"
"61.2200","1.0187","17.3204"
"61.2400","1.0189","17.3507"
"61.2600","1.0192","17.3562"
"61.2800","1.0195","17.4750"
"61.3000","1.0199","17.4663"
"61.3200","1.0203","17.4458"
"61.3400","1.0207","17.4198"
"61.3600","1.0210","17.4087"
"61.3800","1.0213","17.4424"
"61.4000","1.0216","17.3987"
"61.4200","1.0218","17.3723"
"61.4400","1.0222","17.4258"
"61.4600","1.0225","17.5080"
"61.4800","1.0229","17.5707"
"61.5000","1.0234","17.4909"
"61.5200","1.0238","17.5482"
"61.5400","1.0242","17.6146"
"61.5600","1.0244","17.6342"
"61.5800","1.0247","17.5133"
"61.6000","1.0249","17.5165"
"61.6200","1.0252","17.5544"
"61.6400","1.0255","17.6078"
"61.6600","1.0259","17.6083"
"61.6800","1.0263","17.5428"
"61.7000","1.0266","17.5910"
"61.7200","1.0270","17.5675"
"61.7400","1.0273","17.5685"
"61.7600","1.0276","17.6477"
"61.7800","1.0280","17.7161"
"61.8000","1.0283","17.6804"
"61.8200","1.0287","17.6494"
"61.8400","1.0291","17.6788"
"61.8600","1.0295","17.5750"
"61.8800","1.0298","17.5794"
"61.9000","1.0301","17.7005"
"61.9200","1.0303","17.7652"
"61.9400","1.0306","17.7045"
"61.9600","1.0309","17.7474"
"61.9800","1.0312","17.6826"
"62.0000","1.0316","17.6397"
"62.0200","1.0320","17.7070"
"62.0400","1.0324","17.7401"
"62.0600","1.0327","17.7087"
"62.0800","1.0329","17.7546"
"62.1000","1.0332","17.7631"
"62.1200","1.0335","17.8149"
"62.1400","1.0338","17.8371"
"62.1600","1.0343","17.8362"
"62.1800","1.0347","17.8278"
"62.2000","1.0352","17.8211"
"62.2200","1.0355","17.7951"
"62.2400","1.0358","17.8200"
"62.2600","1.0361","17.7945"
"62.2800","1.0363","17.8741"
"62.3000","1.0366","17.8339"
"62.3200","1.0368","17.8087"
"62.3400","1.0372","17.8383"
"62.3600","1.0375","17.8977"
"62.3800","1.0379","17.9533"
"62.4000","1.0383","17.9495"
"62.4200","1.0386","17.9576"
"62.4400","1.0389","18.0089"
"62.4600","1.0392","17.9678"
"62.4800","1.0396","18.0026"
"62.5000","1.0400","18.0277"
"62.5200","1.0404","17.9249"
"62.5400","1.0408","18.0136"
"62.5600","1.0412","18.0840"
"62.5800","1.0414","18.0508"
"62.6000","1.0417","18.0276"
"62.6200","1.0419","18.0463"
"62.6400","1.0422","18.0873"
"62.6600","1.0425","18.0877"
"62.6800","1.0429","18.0547"
"62.7000","1.0433","18.0996"
"62.7200","1.0437","18.1301"
"62.7400","1.0440","18.0698"
"62.7600","1.0443","18.0149"
"62.7800","1.0446","17.9168"
"62.8000","1.0448","18.0092"
"62.8200","1.0452","18.1097"
"62.8400","1.0455","18.0958"
"62.8600","1.0460","18.1057"
"62.8800","1.0464","18.1057"
"62.9000","1.0469","18.1196"
"62.9200","1.0472","18.1694"
"62.9400","1.0475","18.2002"
"62.9600","1.0477","18.1304"
"62.9800","1.0479","18.1622"
"63.0000","1.0482","18.2077"
"63.0200","1.0485","18.1992"
"63.0400","1.0489","18.1139"
"63.0600","1.0492","18.1516"
"63.0800","1.0496","18.2926"
"63.1000","1.0499","18.3259"
"63.1200","1.0503","18.2850"
"63.1400","1.0506","18.1850"
"63.1600","1.0509","18.2002"
"63.1800","1.0513","18.2672"
"63.2000","1.0517","18.2813"
"63.2200","1.0521","18.3103"
"63.2400","1.0525","18.3823"
"63.2600","1.0528","18.3457"
"63.2800","1.0530","18.3072"
"63.3000","1.0533","18.3694"
"63.3200","1.0535","18.4316"
"63.3400","1.0538","18.3822"
"63.3600","1.0542","18.4069"
"63.3800","1.0546","18.3286"
"63.4000","1.0550","18.4040"
"63.4200","1.0553","18.4530"
"63.4400","1.0556","18.4174"
"63.4600","1.0559","18.3430"
"63.4800","1.0562","18.3813"
"63.5000","1.0565","18.4435"
"63.5200","1.0568","18.5071"
"63.5400","1.0572","18.4790"
"63.5600","1.0577","18.4713"
"63.5800","1.0582","18.4495"
"63.6000","1.0586","18.5364"
"63.6200","1.0588","18.4762"
"63.6400","1.0591","18.4801"
"63.6600","1.0593","18.5304"
"63.6800","1.0595","18.5146"
"63.7000","1.0598","18.5483"
"63.7200","1.0602","18.4998"
"63.7400","1.0606","18.4810"
"63.7600","1.0609","18.5682"
"63.7800","1.0613","18.5535"
"63.8000","1.0616","18.6465"
"63.8200","1.0619","18.7018"
"63.8400","1.0622","18.6706"
"63.8600","1.0626","18.6611"
"63.8800","1.0630","18.6375"
"63.9000","1.0634","18.6053"
"63.9200","1.0638","18.5886"
"63.9400","1.0642","18.6244"
"63.9600","1.0644","18.6658"
"63.9800","1.0646","18.6606"
"64.0000","1.0649","18.6222"
"64.0200","1.0652","18.6263"
"64.0400","1.0655","18.6601"
"64.0600","1.0659","18.6355"
"64.0800","1.0663","18.5597"
"64.1000","1.0667","18.6572"
"64.1200","1.0670","18.6602"
"64.1400","1.0673","18.7702"
"64.1600","1.0676","18.7597"
"64.1800","1.0678","18.7067"
"64.2000","1.0681","18.7267"
"64.2200","1.0685","18.7826"
"64.2400","1.0689","18.7861"
"64.2600","1.0694","18.8240"
"64.2800","1.0699","18.7857"
"64.3000","1.0702","18.7823"
"64.3200","1.0705","18.8327"
"64.3400","1.0707","18.7341"
"64.3600","1.0709","18.6757"
"64.3800","1.0712","18.7518"
"64.4000","1.0715","18.8136"
"64.4200","1.0718","18.9004"
"64.4400","1.0722","18.8544"
"64.4600","1.0726","18.8306"
"64.4800","1.0730","18.8417"
"64.5000","1.0733","18.8458"
"64.5200","1.0736","18.9260"
"64.5400","1.0740","18.9452"
"64.5600","1.0743","18.9626"
"64.5800","1.0748","18.9804"
"64.6000","1.0752","18.9183"
"64.6200","1.0755","18.8921"
"64.6400","1.0758","18.9176"
"64.6600","1.0761","18.9931"
"64.6800","1.0763","19.0110"
"64.7000","1.0766","19.0863"
"64.7200","1.0769","19.0627"
"64.7400","1.0772","18.9514"
"64.7600","1.0776","18.9183"
"64.7800","1.0780","18.9145"
"64.8000","1.0784","18.9778"
"64.8200","1.0787","19.0198"
"64.8400","1.0789","18.9995"
"64.8600","1.0792","19.0996"
"64.8800","1.0795","19.1525"
"64.9000","1.0798","19.1298"
"64.9200","1.0802","19.0845"
"64.9400","1.0807","19.0677"
"64.9600","1.0812","19.0621"
"64.9800","1.0816","19.0438"
"65.0000","1.0819","19.0985"
"65.0200","1.0821","19.1559"
"65.0400","1.0823","19.2244"
"65.0600","1.0826","19.2403"
"65.0800","1.0829","19.2408"
"65.1000","1.0832","19.1893"
"65.1200","1.0836","19.1776"
"65.1400","1.0839","19.1643"
"65.1600","1.0843","19.2650"
"65.1800","1.0846","19.2657"
"65.2000","1.0849","19.1952"
"65.2200","1.0853","19.2039"
"65.2400","1.0856","19.1883"
"65.2600","1.0860","19.2519"
"65.2800","1.0864","19.2262"
"65.3000","1.0868","19.3167"
"65.3200","1.0872","19.3966"
"65.3400","1.0874","19.3504"
"65.3600","1.0877","19.2942"
"65.3800","1.0879","19.2585"
"65.4000","1.0882","19.2471"
"65.4200","1.0885","19.2770"
"65.4400","1.0889","19.3430"
"65.4600","1.0893","19.3682"
"65.4800","1.0897","19.3616"
"65.5000","1.0900","19.3584"
"65.5200","1.0903","19.3333"
"65.5400","1.0906","19.3966"
"65.5600","1.0908","19.4456"
"65.5800","1.0911","19.4182"
"65.6000","1.0915","19.4211"
"65.6200","1.0920","19.4213"
"65.6400","1.0925","19.4710"
"65.6600","1.0929","19.5508"
"65.6800","1.0932","19.6085"
"65.7000","1.0935","19.5121"
"65.7200","1.0937","19.4701"
"65.7400","1.0939","19.5257"
"65.7600","1.0942","19.5426"
"65.7800","1.0945","19.5122"
"65.8000","1.0949","19.4771"
"65.8200","1.0953","19.4742"
"65.8400","1.0956","19.4801"
"65.8600","1.0960","19.5679"
"65.8800","1.0963","19.5465"
"65.9000","1.0966","19.5741"
"65.9200","1.0970","19.5579"
"65.9400","1.0973","19.5267"
"65.9600","1.0977","19.4994"
"65.9800","1.0981","19.5502"
"66.0000","1.0985","19.5715"
"66.0200","1.0988","19.6084"
"66.0400","1.0990","19.6701"
"66.0600","1.0993","19.7104"
"66.0800","1.0995","19.7183"
"66.1000","1.0998","19.6833"
"66.1200","1.1002","19.5936"
"66.1400","1.1006","19.6393"
"66.1600","1.1010","19.6966"
"66.1800","1.1014","19.6866"
"66.2000","1.1017","19.7290"
"66.2200","1.1020","19.8089"
"66.2400","1.1022","19.8020"
"66.2600","1.1025","19.7505"
"66.2800","1.1029","19.7464"
"66.3000","1.1033","19.7238"
"66.3200","1.1038","19.7316"
"66.3400","1.1042","19.7544"
"66.3600","1.1046","19.8094"
"66.3800","1.1048","19.8774"
"66.4000","1.1051","19.7934"
"66.4200","1.1053","19.7845"
"66.4400","1.1055","19.8134"
"66.4600","1.1058","19.8393"
"66.4800","1.1062","19.8673"
"66.5000","1.1066","19.7826"
"66.5200","1.1069","19.8411"
"66.5400","1.1073","19.8047"
"66.5600","1.1076","19.8488"
"66.5800","1.1079","19.8923"
"66.6000","1.1083","19.9862"
"66.6200","1.1086","20.0309"
"66.6400","1.1090","19.9833"
"66.6600","1.1094","19.9634"
"66.6800","1.1098","19.9669"
"66.7000","1.1101","19.9354"
"66.7200","1.1103","19.9327"
"66.7400","1.1106","19.9338"
"66.7600","1.1108","19.9575"
"66.7800","1.1111","20.0174"
"66.8000","1.1115","20.0106"
"66.8200","1.1118","20.0768"
"66.8400","1.1122","19.9964"
"66.8600","1.1126","19.9963"
"66.8800","1.1130","20.0066"
"66.9000","1.1133","20.0541"
"66.9200","1.1135","20.0353"
"66.9400","1.1138","20.1015"
"66.9600","1.1141","20.0590"
"66.9800","1.1145","20.0325"
"67.0000","1.1150","20.1149"
"67.0200","1.1154","20.1738"
"67.0400","1.1159","20.1964"
"67.0600","1.1162","20.1676"
"67.0800","1.1164","20.1674"
"67.1000","1.1167","20.1989"
"67.1200","1.1169","20.1457"
"67.1400","1.1172","20.1168"
"67.1600","1.1175","20.0855"
"67.1800","1.1179","20.0942"
"67.2000","1.1183","20.0908"
"67.2200","1.1187","20.1411"
"67.2400","1.1190","20.2223"
"67.2600","1.1193","20.2446"
"67.2800","1.1196","20.2756"
"67.3000","1.1200","20.2938"
"67.3200","1.1204","20.2588"
"67.3400","1.1208","20.3305"
"67.3600","1.1211","20.3108"
"67.3800","1.1215","20.2452"
"67.4000","1.1217","20.2936"
"67.4200","1.1220","20.2717"
"67.4400","1.1222","20.3543"
"67.4600","1.1225","20.3837"
"67.4800","1.1228","20.4419"
"67.5000","1.1232","20.3424"
"67.5200","1.1236","20.3678"
"67.5400","1.1239","20.3778"
"67.5600","1.1243","20.3825"
"67.5800","1.1246","20.3451"
"67.6000","1.1249","20.3640"
"67.6200","1.1252","20.4001"
"67.6400","1.1255","20.4423"
"67.6600","1.1259","20.5031"
"67.6800","1.1263","20.4565"
"67.7000","1.1268","20.4497"
"67.7200","1.1272","20.4659"
"67.7400","1.1276","20.4711"
"67.7600","1.1278","20.4510"
"67.7800","1.1280","20.4339"
"67.8000","1.1282","20.4686"
"67.8200","1.1285","20.5121"
"67.8400","1.1289","20.5424"
"67.8600","1.1292","20.4815"
"67.8800","1.1296","20.4669"
"67.9000","1.1300","20.4648"
"67.9200","1.1303","20.4810"
"67.9400","1.1307","20.5497"
"67.9600","1.1310","20.4900"
"67.9800","1.1313","20.5205"
"68.0000","1.1317","20.5377"
"68.0200","1.1321","20.5914"
"68.0400","1.1324","20.6475"
"68.0600","1.1328","20.6293"
"68.0800","1.1331","20.5372"
"68.1000","1.1334","20.5349"
"68.1200","1.1336","20.5732"
"68.1400","1.1339","20.6534"
"68.1600","1.1342","20.6625"
"68.1800","1.1345","20.7108"
"68.2000","1.1349","20.7442"
"68.2200","1.1353","20.6987"
"68.2400","1.1357","20.7111"
"68.2600","1.1360","20.6843"
"68.2800","1.1363","20.6700"
"68.3000","1.1365","20.6716"
"68.3200","1.1368","20.7623"
"68.3400","1.1372","20.7177"
"68.3600","1.1376","20.7045"
"68.3800","1.1381","20.7503"
"68.4000","1.1385","20.8484"
"68.4200","1.1389","20.9250"
"68.4400","1.1392","20.9360"
"68.4600","1.1394","20.9406"
"68.4800","1.1396","20.9336"
"68.5000","1.1399","20.7960"
"68.5200","1.1402","20.8213"
"68.5400","1.1405","20.9376"
"68.5600","1.1409","20.8977"
"68.5800","1.1413","20.8242"
"68.6000","1.1417","20.8320"
"68.6200","1.1420","20.8326"
"68.6400","1.1424","20.8591"
"68.6600","1.1427","20.8402"
"68.6800","1.1430","20.8666"
"68.7000","1.1434","20.9183"
"68.7200","1.1438","20.9355"
"68.7400","1.1441","20.9970"
"68.7600","1.1445","20.9502"
"68.7800","1.1447","20.8303"
"68.8000","1.1450","20.9765"
"68.8200","1.1452","20.9950"
"68.8400","1.1455","21.0331"
"68.8600","1.1458","21.0524"
"68.8800","1.1462","21.0441"
"68.9000","1.1466","20.9954"
"68.9200","1.1470","20.9803"
"68.9400","1.1473","20.9363"
"68.9600","1.1476","20.9750"
"68.9800","1.1479","21.0835"
"69.0000","1.1481","21.1335"
"69.0200","1.1485","21.1022"
"69.0400","1.1489","21.0920"
"69.0600","1.1493","21.1248"
"69.0800","1.1498","21.1814"
"69.1000","1.1502","21.2311"
"69.1200","1.1506","21.2363"
"69.1400","1.1508","21.2413"
"69.1600","1.1510","21.1164"
"69.1800","1.1512","21.1295"
"69.2000","1.1515","21.1572"
"69.2200","1.1519","21.1029"
"69.2400","1.1522","21.1385"
"69.2600","1.1527","21.1810"
"69.2800","1.1530","21.1911"
"69.3000","1.1534","21.2367"
"69.3200","1.1537","21.2799"
"69.3400","1.1540","21.2690"
"69.3600","1.1543","21.3247"
"69.3800","1.1547","21.2195"
"69.4000","1.1551","21.2188"
"69.4200","1.1554","21.3516"
"69.4400","1.1558","21.3720"
"69.4600","1.1561","21.3500"
"69.4800","1.1563","21.2899"
"69.5000","1.1566","21.3346"
"69.5200","1.1568","21.3425"
"69.5400","1.1571","21.3081"
"69.5600","1.1575","21.3434"
"69.5800","1.1579","21.3362"
"69.6000","1.1582","21.4047"
"69.6200","1.1586","21.4235"
"69.6400","1.1589","21.4088"
"69.6600","1.1592","21.3865"
"69.6800","1.1595","21.3841"
"69.7000","1.1598","21.4210"
"69.7200","1.1601","21.3716"
"69.7400","1.1605","21.3943"
"69.7600","1.1610","21.5084"
"69.7800","1.1615","21.5358"
"69.8000","1.1619","21.5288"
"69.8200","1.1622","21.5106"
"69.8400","1.1624","21.4374"
"69.8600","1.1626","21.5127"
"69.8800","1.1629","21.5459"
"69.9000","1.1632","21.5794"
"69.9200","1.1635","21.5868"
"69.9400","1.1639","21.5062"
"69.9600","1.1643","21.5389"
"69.9800","1.1647","21.5786"
"70.0000","1.1650","21.6060"
"70.0200","1.1653","21.6186"
"70.0400","1.1656","21.5671"
"70.0600","1.1660","21.4904"
"70.0800","1.1663","21.5208"
"70.1000","1.1667","21.5801"
"70.1200","1.1671","21.5979"
"70.1400","1.1674","21.6102"
"70.1600","1.1677","21.5449"
"70.1800","1.1680","21.6038"
"70.2000","1.1682","21.6538"
"70.2200","1.1685","21.6637"
"70.2400","1.1689","21.7652"
"70.2600","1.1692","21.7971"
"70.2800","1.1696","21.7402"
"70.3000","1.1700","21.7076"
"70.3200","1.1703","21.6835"
"70.3400","1.1706","21.7247"
"70.3600","1.1709","21.6564"
"70.3800","1.1712","21.6866"
"70.4000","1.1715","21.6972"
"70.4200","1.1719","21.7019"
"70.4400","1.1723","21.7702"
"70.4600","1.1728","21.8729"
"70.4800","1.1732","21.8552"
"70.5000","1.1735","21.8458"
"70.5200","1.1738","21.9041"
"70.5400","1.1740","21.8341"
"70.5600","1.1742","21.8337"
"70.5800","1.1745","21.8911"
"70.6000","1.1749","21.8455"
"70.6200","1.1752","21.8423"
"70.6400","1.1756","21.8828"
"70.6600","1.1760","21.9926"
"70.6800","1.1763","22.0148"
"70.7000","1.1766","21.9901"
"70.7200","1.1770","21.9824"
"70.7400","1.1773","21.9644"
"70.7600","1.1777","21.9435"
"70.7800","1.1781","21.9135"
"70.8000","1.1785","21.9580"
"70.8200","1.1788","21.9964"
"70.8400","1.1791","21.9709"
"70.8600","1.1794","21.9726"
"70.8800","1.1796","21.9790"
"70.9000","1.1799","22.0098"
"70.9200","1.1802","22.0332"
"70.9400","1.1806","22.0170"
"70.9600","1.1809","22.0461"
"70.9800","1.1813","22.0478"
"71.0000","1.1817","22.0712"
"71.0200","1.1820","22.0554"
"71.0400","1.1822","22.0594"
"71.0600","1.1825","22.0851"
"71.0800","1.1828","22.0589"
"71.1000","1.1832","22.0364"
"71.1200","1.1836","22.0859"
"71.1400","1.1841","22.1743"
"71.1600","1.1845","22.2145"
"71.1800","1.1849","22.1747"
"71.2000","1.1851","22.1579"
"71.2200","1.1854","22.2213"
"71.2400","1.1856","22.2537"
"71.2600","1.1859","22.1988"
"71.2800","1.1862","22.1548"
"71.3000","1.1866","22.1915"
"71.3200","1.1869","22.2568"
"71.3400","1.1873","22.2995"
"71.3600","1.1876","22.2474"
"71.3800","1.1880","22.1963"
"71.4000","1.1883","22.1739"
"71.4200","1.1886","22.1926"
"71.4400","1.1890","22.2072"
"71.4600","1.1894","22.1881"
"71.4800","1.1898","22.2726"
"71.5000","1.1902","22.3429"
"71.5200","1.1905","22.3133"
"71.5400","1.1907","22.3268"
"71.5600","1.1910","22.2905"
"71.5800","1.1912","22.2716"
"71.6000","1.1915","22.3289"
"71.6200","1.1919","22.3936"
"71.6400","1.1922","22.3250"
"71.6600","1.1926","22.3371"
"71.6800","1.1929","22.3293"
"71.7000","1.1933","22.3241"
"71.7200","1.1935","22.3394"
"71.7400","1.1938","22.3357"
"71.7600","1.1941","22.3356"
"71.7800","1.1944","22.4100"
"71.8000","1.1948","22.3891"
"71.8200","1.1953","22.4189"
"71.8400","1.1957","22.4653"
"71.8600","1.1961","22.4443"
"71.8800","1.1965","22.4902"
"71.9000","1.1967","22.5111"
"71.9200","1.1969","22.5223"
"71.9400","1.1972","22.5136"
"71.9600","1.1975","22.4863"
"71.9800","1.1979","22.5050"
"72.0000","1.1983","22.5764"
"72.0200","1.1987","22.6226"
"72.0400","1.1990","22.6767"
"72.0600","1.1993","22.6462"
"72.0800","1.1996","22.6231"
"72.1000","1.1999","22.5505"
"72.1200","1.2003","22.4992"
"72.1400","1.2007","22.5564"
"72.1600","1.2011","22.6205"
"72.1800","1.2015","22.6342"
"72.2000","1.2019","22.5164"
"72.2200","1.2021","22.5234"
"72.2400","1.2024","22.5982"
"72.2600","1.2026","22.6156"
"72.2800","1.2029","22.5663"
"72.3000","1.2032","22.6323"
"72.3200","1.2036","22.5942"
"72.3400","1.2039","22.6686"
"72.3600","1.2043","22.6734"
"72.3800","1.2046","22.6630"
"72.4000","1.2049","22.7597"
"72.4200","1.2052","22.7862"
"72.4400","1.2055","22.7329"
"72.4600","1.2058","22.6467"
"72.4800","1.2061","22.7317"
"72.5000","1.2066","22.8069"
"72.5200","1.2071","22.8502"
"72.5400","1.2075","22.8316"
"72.5600","1.2079","22.8237"
"72.5800","1.2081","22.8671"
"72.6000","1.2084","22.8695"
"72.6200","1.2086","22.7781"
"72.6400","1.2089","22.7805"
"72.6600","1.2092","22.8374"
"72.6800","1.2096","22.7716"
"72.7000","1.2100","22.8323"
"72.7200","1.2104","22.8367"
"72.7400","1.2107","22.8827"
"72.7600","1.2110","22.9221"
"72.7800","1.2113","22.9095"
"72.8000","1.2116","22.9160"
"72.8200","1.2120","22.8696"
"72.8400","1.2124","22.8652"
"72.8600","1.2128","22.8812"
"72.8800","1.2132","22.9950"
"72.9000","1.2135","23.0316"
"72.9200","1.2137","23.0097"
"72.9400","1.2140","23.0457"
"72.9600","1.2142","22.9940"
"72.9800","1.2146","22.9154"
"73.0000","1.2149","22.9754"
"73.0200","1.2153","22.9786"
"73.0400","1.2157","22.9866"
"73.0600","1.2160","23.0473"
"73.0800","1.2163","23.0752"
"73.1000","1.2166","23.0364"
"73.1200","1.2168","23.0294"
"73.1400","1.2171","22.9994"
"73.1600","1.2174","23.0563"
"73.1800","1.2178","23.0519"
"73.2000","1.2183","23.1210"
"73.2200","1.2188","23.1649"
"73.2400","1.2192","23.1434"
"73.2600","1.2194","23.1513"
"73.2800","1.2197","23.1681"
"73.3000","1.2199","23.1064"
"73.3200","1.2202","23.1428"
"73.3400","1.2205","23.1884"
"73.3600","1.2209","23.2257"
"73.3800","1.2213","23.1712"
"73.4000","1.2217","23.1800"
"73.4200","1.2220","23.1568"
"73.4400","1.2223","23.1708"
"73.4600","1.2226","23.2094"
"73.4800","1.2229","23.1408"
"73.5000","1.2233","23.1828"
"73.5200","1.2237","23.2642"
"73.5400","1.2241","23.2159"
"73.5600","1.2245","23.2651"
"73.5800","1.2248","23.1815"
"73.6000","1.2251","23.2845"
"73.6200","1.2254","23.2940"
"73.6400","1.2256","23.3212"
"73.6600","1.2259","23.3622"
"73.6800","1.2262","23.3356"
"73.7000","1.2266","23.2719"
"73.7200","1.2270","23.3090"
"73.7400","1.2273","23.2970"
"73.7600","1.2277","23.2908"
"73.7800","1.2279","23.3486"
"73.8000","1.2282","23.3972"
"73.8200","1.2285","23.4601"
"73.8400","1.2288","23.4712"
"73.8600","1.2292","23.3788"
"73.8800","1.2296","23.4132"
"73.9000","1.2301","23.4759"
"73.9200","1.2305","23.4485"
"73.9400","1.2308","23.4206"
"73.9600","1.2311","23.3828"
"73.9800","1.2313","23.4484"
"74.0000","1.2315","23.5186"
"74.0200","1.2318","23.5388"
"74.0400","1.2322","23.5244"
"74.0600","1.2325","23.5452"
"74.0800","1.2329","23.5258"
"74.1000","1.2333","23.5309"
"74.1200","1.2337","23.4937"
"74.1400","1.2340","23.5372"
"74.1600","1.2343","23.5066"
"74.1800","1.2346","23.5075"
"74.2000","1.2350","23.5198"
"74.2200","1.2354","23.5925"
"74.2400","1.2358","23.6401"
"74.2600","1.2361","23.6175"
"74.2800","1.2364","23.6130"
"74.3000","1.2367","23.6872"
"74.3200","1.2369","23.7417"
"74.3400","1.2372","23.6836"
"74.3600","1.2375","23.6182"
"74.3800","1.2379","23.6398"
"74.4000","1.2383","23.7156"
"74.4200","1.2386","23.7662"
"74.4400","1.2390","23.7558"
"74.4600","1.2393","23.7412"
"74.4800","1.2396","23.6416"
"74.5000","1.2398","23.6625"
"74.5200","1.2401","23.6899"
"74.5400","1.2405","23.7556"
"74.5600","1.2409","23.7806"
"74.5800","1.2413","23.7774"
"74.6000","1.2418","23.8248"
"74.6200","1.2422","23.8176"
"74.6400","1.2425","23.8575"
"74.6600","1.2427","23.9666"
"74.6800","1.2429","23.9003"
"74.7000","1.2432","23.8407"
"74.7200","1.2435","23.7568"
"74.7400","1.2439","23.8109"
"74.7600","1.2443","23.8961"
"74.7800","1.2446","23.8468"
"74.8000","1.2450","23.8280"
"74.8200","1.2453","23.8336"
"74.8400","1.2456","23.8346"
"74.8600","1.2459","23.8382"
"74.8800","1.2463","23.9251"
"74.9000","1.2467","23.9230"
"74.9200","1.2471","23.8741"
"74.9400","1.2475","23.8728"
"74.9600","1.2478","23.8987"
"74.9800","1.2481","23.9089"
"75.0000","1.2483","23.9561"
"75.0200","1.2485","24.0199"
"75.0400","1.2488","24.0639"
"75.0600","1.2492","24.0212"
"75.0800","1.2495","24.0795"
"75.1000","1.2499","24.0260"
"75.1200","1.2503","23.9305"
"75.1400","1.2507","23.8958"
"75.1600","1.2510","23.9213"
"75.1800","1.2512","24.0253"
"75.2000","1.2515","23.9794"
"75.2200","1.2519","23.9775"
"75.2400","1.2523","24.0001"
"75.2600","1.2527","24.0951"
"75.2800","1.2531","24.1177"
"75.3000","1.2535","24.1208"
"75.3200","1.2539","24.1601"
"75.3400","1.2541","24.1069"
"75.3600","1.2543","24.1228"
"75.3800","1.2546","24.1700"
"75.4000","1.2549","24.1551"
"75.4200","1.2552","24.1517"
"75.4400","1.2556","24.1398"
"75.4600","1.2560","24.0859"
"75.4800","1.2563","24.0572"
"75.5000","1.2567","24.0772"
"75.5200","1.2570","24.1640"
"75.5400","1.2573","24.1946"
"75.5600","1.2576","24.2774"
"75.5800","1.2580","24.3308"
"75.6000","1.2584","24.3385"
"75.6200","1.2588","24.2200"
"75.6400","1.2592","24.1996"
"75.6600","1.2595","24.2831"
"75.6800","1.2597","24.3194"
"75.7000","1.2599","24.3120"
"75.7200","1.2602","24.3542"
"75.7400","1.2606","24.3048"
"75.7600","1.2609","24.2318"
"75.7800","1.2613","24.2275"
"75.8000","1.2617","24.2825"
"75.8200","1.2621","24.2683"
"75.8400","1.2623","24.3624"
"75.8600","1.2626","24.4341"
"75.8800","1.2629","24.4795"
"75.9000","1.2632","24.4995"
"75.9200","1.2635","24.3834"
"75.9400","1.2639","24.4170"
"75.9600","1.2644","24.4138"
"75.9800","1.2648","24.3848"
"76.0000","1.2652","24.3820"
"76.0200","1.2655","24.4674"
"76.0400","1.2657","24.5494"
"76.0600","1.2659","24.5396"
"76.0800","1.2662","24.4619"
"76.1000","1.2665","24.4381"
"76.1200","1.2669","24.4387"
"76.1400","1.2673","24.4861"
"76.1600","1.2677","24.4903"
"76.1800","1.2680","24.5228"
"76.2000","1.2683","24.5362"
"76.2200","1.2686","24.5306"
"76.2400","1.2690","24.5511"
"76.2600","1.2693","24.4970"
"76.2800","1.2698","24.4446"
"76.3000","1.2702","24.5282"
"76.3200","1.2705","24.6084"
"76.3400","1.2708","24.6614"
"76.3600","1.2711","24.6154"
"76.3800","1.2713","24.5759"
"76.4000","1.2716","24.6518"
"76.4200","1.2719","24.6968"
"76.4400","1.2722","24.7314"
"76.4600","1.2726","24.7493"
"76.4800","1.2730","24.7312"
"76.5000","1.2733","24.6258"
"76.5200","1.2737","24.6590"
"76.5400","1.2739","24.6491"
"76.5600","1.2742","24.6851"
"76.5800","1.2745","24.6884"
"76.6000","1.2748","24.7289"
"76.6200","1.2752","24.7496"
"76.6400","1.2757","24.8458"
"76.6600","1.2761","24.8606"
"76.6800","1.2765","24.9537"
"76.7000","1.2768","24.9969"
"76.7200","1.2771","24.9295"
"76.7400","1.2773","24.7664"
"76.7600","1.2775","24.8435"
"76.7800","1.2778","24.9020"
"76.8000","1.2782","24.8508"
"76.8200","1.2785","24.8582"
"76.8400","1.2789","24.8757"
"76.8600","1.2793","24.8536"
"76.8800","1.2796","24.8260"
"76.9000","1.2799","24.8497"
"76.9200","1.2802","24.8880"
"76.9400","1.2806","24.8780"
"76.9600","1.2810","24.8686"
"76.9800","1.2814","24.8524"
"77.0000","1.2818","24.8130"
"77.0200","1.2822","24.9381"
"77.0400","1.2824","25.0741"
"77.0600","1.2827","25.0435"
"77.0800","1.2829","25.0274"
"77.1000","1.2832","24.9992"
"77.1200","1.2835","24.9975"
"77.1400","1.2839","25.0298"
"77.1600","1.2843","24.9638"
"77.1800","1.2846","24.9888"
"77.2000","1.2850","25.0526"
"77.2200","1.2853","24.9594"
"77.2400","1.2856","24.8846"
"77.2600","1.2858","24.9947"
"77.2800","1.2861","25.1361"
"77.3000","1.2865","25.1111"
"77.3200","1.2869","25.0995"
"77.3400","1.2874","25.1327"
"77.3600","1.2879","25.1281"
"77.3800","1.2883","25.1270"
"77.4000","1.2885","25.1308"
"77.4200","1.2887","25.0876"
"77.4400","1.2890","25.1277"
"77.4600","1.2892","25.1390"
"77.4800","1.2895","25.2197"
"77.5000","1.2898","25.1585"
"77.5200","1.2902","25.1342"
"77.5400","1.2906","25.0911"
"77.5600","1.2909","25.1081"
"77.5800","1.2912","25.1929"
"77.6000","1.2915","25.2705"
"77.6200","1.2919","25.2511"
"77.6400","1.2923","25.2462"
"77.6600","1.2927","25.2343"
"77.6800","1.2931","25.2285"
"77.7000","1.2935","25.2923"
"77.7200","1.2938","25.4353"
"77.7400","1.2941","25.3470"
"77.7600","1.2943","25.2666"
"77.7800","1.2946","25.2304"
"77.8000","1.2948","25.2235"
"77.8200","1.2952","25.2284"
"77.8400","1.2956","25.2329"
"77.8600","1.2960","25.2721"
"77.8800","1.2964","25.2996"
"77.9000","1.2967","25.4141"
"77.9200","1.2970","25.4745"
"77.9400","1.2972","25.4273"
"77.9600","1.2975","25.3329"
"77.9800","1.2978","25.3024"
"78.0000","1.2982","25.3582"
"78.0200","1.2987","25.4095"
"78.0400","1.2991","25.4613"
"78.0600","1.2995","25.4538"
"78.0800","1.2998","25.4792"
"78.1000","1.3001","25.4816"
"78.1200","1.3003","25.5049"
"78.1400","1.3005","25.5316"
"78.1600","1.3008","25.4666"
"78.1800","1.3012","25.5159"
"78.2000","1.3015","25.5487"
"78.2200","1.3019","25.5130"
"78.2400","1.3023","25.5106"
"78.2600","1.3026","25.5801"
"78.2800","1.3029","25.5320"
"78.3000","1.3032","25.5015"
"78.3200","1.3036","25.5483"
"78.3400","1.3040","25.5893"
"78.3600","1.3044","25.5968"
"78.3800","1.3049","25.6319"
"78.4000","1.3052","25.6050"
"78.4200","1.3055","25.6608"
"78.4400","1.3057","25.6107"
"78.4600","1.3060","25.6149"
"78.4800","1.3062","25.6379"
"78.5000","1.3065","25.6408"
"78.5200","1.3069","25.6569"
"78.5400","1.3073","25.6729"
"78.5600","1.3077","25.7531"
"78.5800","1.3080","25.8290"
"78.6000","1.3083","25.7530"
"78.6200","1.3086","25.6797"
"78.6400","1.3088","25.6926"
"78.6600","1.3091","25.7328"
"78.6800","1.3095","25.7646"
"78.7000","1.3099","25.7397"
"78.7200","1.3104","25.8008"
"78.7400","1.3108","25.8336"
"78.7600","1.3112","25.8362"
"78.7800","1.3115","25.7784"
"78.8000","1.3117","25.8456"
"78.8200","1.3120","25.8423"
"78.8400","1.3122","25.8598"
"78.8600","1.3125","25.8015"
"78.8800","1.3128","25.8003"
"78.9000","1.3132","25.8087"
"78.9200","1.3136","25.9294"
"78.9400","1.3140","25.9204"
"78.9600","1.3143","25.8903"
"78.9800","1.3147","25.9358"
"79.0000","1.3150","25.8985"
"79.0200","1.3154","25.8615"
"79.0400","1.3158","25.9132"
"79.0600","1.3162","25.9247"
"79.0800","1.3165","25.9303"
"79.1000","1.3168","26.0263"
"79.1200","1.3170","25.9894"
"79.1400","1.3173","25.9970"
"79.1600","1.3175","25.9518"
"79.1800","1.3178","25.9489"
"79.2000","1.3182","26.0011"
"79.2200","1.3186","26.0008"
"79.2400","1.3190","26.0035"
"79.2600","1.3193","26.0187"
"79.2800","1.3196","26.0877"
"79.3000","1.3199","26.0271"
"79.3200","1.3202","25.9954"
"79.3400","1.3205","25.9809"
"79.3600","1.3208","26.0324"
"79.3800","1.3212","26.0617"
"79.4000","1.3217","26.0960"
"79.4200","1.3222","26.1155"
"79.4400","1.3226","26.0328"
"79.4600","1.3229","26.0924"
"79.4800","1.3231","26.1354"
"79.5000","1.3234","26.0886"
"79.5200","1.3236","26.1321"
"79.5400","1.3239","26.1451"
"79.5600","1.3242","26.1671"
"79.5800","1.3246","26.1801"
"79.6000","1.3250","26.1815"
"79.6200","1.3253","26.1995"
"79.6400","1.3256","26.2431"
"79.6600","1.3259","26.2316"
"79.6800","1.3263","26.1118"
"79.7000","1.3266","26.1762"
"79.7200","1.3270","26.2565"
"79.7400","1.3274","26.3144"
"79.7600","1.3278","26.3420"
"79.7800","1.3281","26.3410"
"79.8000","1.3284","26.2496"
"79.8200","1.3287","26.2468"
"79.8400","1.3289","26.2960"
"79.8600","1.3292","26.2612"
"79.8800","1.3295","26.2475"
"79.9000","1.3299","26.3426"
"79.9200","1.3303","26.4608"
"79.9400","1.3307","26.3861"
"79.9600","1.3310","26.3819"
"79.9800","1.3313","26.3804"
"80.0000","1.3316","26.3334"
"80.0200","1.3319","26.2835"
"80.0400","1.3322","26.3714"
"80.0600","1.3325","26.3539"
"80.0800","1.3330","26.3130"
"80.1000","1.3335","26.3313"
"80.1200","1.3339","26.3992"
"80.1400","1.3342","26.4369"
"80.1600","1.3345","26.5356"
"80.1800","1.3347","26.5685"
"80.2000","1.3349","26.5971"
"80.2200","1.3352","26.5460"
"80.2400","1.3355","26.5161"
"80.2600","1.3359","26.4839"
"80.2800","1.3362","26.4632"
"80.3000","1.3366","26.4885"
"80.3200","1.3369","26.5176"
"80.3400","1.3373","26.5614"
"80.3600","1.3376","26.5590"
"80.3800","1.3379","26.5876"
"80.4000","1.3383","26.5589"
"80.4200","1.3387","26.5163"
"80.4400","1.3391","26.5714"
"80.4600","1.3395","26.6623"
"80.4800","1.3398","26.6694"
"80.5000","1.3400","26.6401"
"80.5200","1.3403","26.6237"
"80.5400","1.3405","26.6824"
"80.5600","1.3408","26.7027"
"80.5800","1.3412","26.6156"
"80.6000","1.3416","26.6243"
"80.6200","1.3420","26.6301"
"80.6400","1.3424","26.6717"
"80.6600","1.3427","26.6845"
"80.6800","1.3430","26.7161"
"80.7000","1.3432","26.7637"
"80.7200","1.3435","26.8246"
"80.7400","1.3438","26.7926"
"80.7600","1.3442","26.7967"
"80.7800","1.3447","26.7667"
"80.8000","1.3452","26.6745"
"80.8200","1.3455","26.6524"
"80.8400","1.3458","26.7654"
"80.8600","1.3461","26.7857"
"80.8800","1.3463","26.8243"
"80.9000","1.3465","26.7879"
"80.9200","1.3469","26.7841"
"80.9400","1.3472","26.7532"
"80.9600","1.3476","26.8402"
"80.9800","1.3479","26.9288"
"81.0000","1.3483","26.9815"
"81.0200","1.3486","27.0097"
"81.0400","1.3490","26.9276"
"81.0600","1.3493","26.8917"
"81.0800","1.3496","26.8578"
"81.1000","1.3500","26.9200"
"81.1200","1.3504","26.9550"
"81.1400","1.3508","26.9174"
"81.1600","1.3511","27.0330"
"81.1800","1.3514","27.0875"
"81.2000","1.3516","27.0082"
"81.2200","1.3519","27.0203"
"81.2400","1.3522","27.0238"
"81.2600","1.3525","27.0039"
"81.2800","1.3529","27.0629"
"81.3000","1.3533","27.0546"
"81.3200","1.3536","27.1226"
"81.3400","1.3540","27.0835"
"81.3600","1.3543","26.9917"
"81.3800","1.3546","27.0307"
"81.4000","1.3548","27.0422"
"81.4200","1.3551","27.1012"
"81.4400","1.3555","27.0543"
"81.4600","1.3560","27.0961"
"81.4800","1.3564","27.0551"
"81.5000","1.3569","27.0054"
"81.5200","1.3572","27.0852"
"81.5400","1.3575","27.1301"
"81.5600","1.3577","27.0923"
"81.5800","1.3579","27.1472"
"81.6000","1.3582","27.1726"
"81.6200","1.3586","27.1183"
"81.6400","1.3589","27.1472"
"81.6600","1.3593","27.1676"
"81.6800","1.3597","27.1656"
"81.7000","1.3600","27.1209"
"81.7200","1.3603","27.1262"
"81.7400","1.3606","27.2240"
"81.7600","1.3610","27.3210"
"81.7800","1.3613","27.3365"
"81.8000","1.3617","27.2915"
"81.8200","1.3621","27.3741"
"81.8400","1.3625","27.3203"
"81.8600","1.3627","27.3973"
"81.8800","1.3630","27.4049"
"81.9000","1.3632","27.3236"
"81.9200","1.3635","27.2886"
"81.9400","1.3638","27.2968"
"81.9600","1.3642","27.3093"
"81.9800","1.3645","27.3624"
"82.0000","1.3649","27.3072"
"82.0200","1.3653","27.2845"
"82.0400","1.3656","27.3532"
"82.0600","1.3659","27.3669"
"82.0800","1.3662","27.3608"
"82.1000","1.3665","27.3337"
"82.1200","1.3668","27.4107"
"82.1400","1.3673","27.4626"
"82.1600","1.3678","27.5071"
"82.1800","1.3682","27.4799"
"82.2000","1.3686","27.3426"
"82.2200","1.3688","27.2966"
"82.2400","1.3691","27.4022"
"82.2600","1.3693","27.4514"
"82.2800","1.3696","27.5098"
"82.3000","1.3699","27.5501"
"82.3200","1.3702","27.5288"
"82.3400","1.3706","27.5394"
"82.3600","1.3710","27.5887"
"82.3800","1.3714","27.5745"
"82.4000","1.3717","27.5763"
"82.4200","1.3720","27.5694"
"82.4400","1.3723","27.5350"
"82.4600","1.3727","27.5239"
"82.4800","1.3730","27.5560"
"82.5000","1.3734","27.5643"
"82.5200","1.3738","27.5256"
"82.5400","1.3741","27.5749"
"82.5600","1.3744","27.6679"
"82.5800","1.3746","27.5837"
"82.6000","1.3749","27.5786"
"82.6200","1.3752","27.5794"
"82.6400","1.3755","27.5946"
"82.6600","1.3759","27.6783"
"82.6800","1.3763","27.7465"
"82.7000","1.3766","27.6562"
"82.7200","1.3770","27.6102"
"82.7400","1.3773","27.6007"
"82.7600","1.3775","27.6678"
"82.7800","1.3778","27.7057"
"82.8000","1.3781","27.7204"
"82.8200","1.3785","27.7705"
"82.8400","1.3790","27.8708"
"82.8600","1.3795","27.8309"
"82.8800","1.3799","27.7389"
"82.9000","1.3802","27.6937"
"82.9200","1.3804","27.6672"
"82.9400","1.3806","27.6495"
"82.9600","1.3809","27.7269"
"82.9800","1.3812","27.8106"
"83.0000","1.3815","27.7706"
"83.0200","1.3819","27.7421"
"83.0400","1.3823","27.8231"
"83.0600","1.3827","27.9361"
"83.0800","1.3830","27.9300"
"83.1000","1.3833","27.8661"
"83.1200","1.3836","27.8596"
"83.1400","1.3840","27.8139"
"83.1600","1.3843","27.8502"
"83.1800","1.3847","27.8132"
"83.2000","1.3851","27.9026"
"83.2200","1.3855","28.0028"
"83.2400","1.3857","28.0155"
"83.2600","1.3860","27.9567"
"83.2800","1.3862","27.9209"
"83.3000","1.3865","27.9015"
"83.3200","1.3868","27.9156"
"83.3400","1.3872","27.9921"
"83.3600","1.3876","27.9859"
"83.3800","1.3880","27.9663"
"83.4000","1.3883","28.0155"
"83.4200","1.3886","28.1086"
"83.4400","1.3889","28.0869"
"83.4600","1.3891","27.9643"
"83.4800","1.3895","28.0552"
"83.5000","1.3898","28.0863"
"83.5200","1.3903","28.0853"
"83.5400","1.3908","28.0323"
"83.5600","1.3912","28.0035"
"83.5800","1.3916","28.0662"
"83.6000","1.3918","28.0956"
"83.6200","1.3920","28.0809"
"83.6400","1.3922","28.0658"
"83.6600","1.3925","28.0092"
"83.6800","1.3928","28.0043"
"83.7000","1.3932","27.9900"
"83.7200","1.3936","27.9925"
"83.7400","1.3940","28.0799"
"83.7600","1.3944","28.1177"
"83.7800","1.3947","28.1304"
"83.8000","1.3950","28.1798"
"83.8200","1.3953","28.2003"
"83.8400","1.3957","28.1938"
"83.8600","1.3961","28.2024"
"83.8800","1.3964","28.2330"
"83.9000","1.3968","28.2769"
"83.9200","1.3971","28.2702"
"83.9400","1.3974","28.3220"
"83.9600","1.3976","28.3623"
"83.9800","1.3979","28.2917"
"84.0000","1.3982","28.3494"
"84.0200","1.3985","28.3046"
"84.0400","1.3989","28.3454"
"84.0600","1.3993","28.3811"
"84.0800","1.3996","28.3260"
"84.1000","1.4000","28.2907"
"84.1200","1.4002","28.3861"
"84.1400","1.4005","28.3495"
"84.1600","1.4008","28.3347"
"84.1800","1.4011","28.3850"
"84.2000","1.4015","28.4560"
"84.2200","1.4020","28.4883"
"84.2400","1.4025","28.4160"
"84.2600","1.4029","28.3359"
"84.2800","1.4032","28.3994"
"84.3000","1.4035","28.4908"
"84.3200","1.4037","28.4815"
"84.3400","1.4039","28.5197"
"84.3600","1.4042","28.5403"
"84.3800","1.4046","28.5490"
"84.4000","1.4049","28.4887"
"84.4200","1.4053","28.4524"
"84.4400","1.4057","28.4376"
"84.4600","1.4060","28.4868"
"84.4800","1.4063","28.5214"
"84.5000","1.4066","28.6332"
"84.5200","1.4070","28.6557"
"84.5400","1.4073","28.5948"
"84.5600","1.4077","28.5863"
"84.5800","1.4081","28.5163"
"84.6000","1.4084","28.5633"
"84.6200","1.4087","28.5057"
"84.6400","1.4090","28.5561"
"84.6600","1.4092","28.5656"
"84.6800","1.4095","28.6073"
"84.7000","1.4098","28.5663"
"84.7200","1.4102","28.5502"
"84.7400","1.4106","28.6973"
"84.7600","1.4109","28.7743"
"84.7800","1.4113","28.7558"
"84.8000","1.4116","28.7196"
"84.8200","1.4119","28.7164"
"84.8400","1.4121","28.6066"
"84.8600","1.4124","28.6352"
"84.8800","1.4128","28.6819"
"84.9000","1.4133","28.7773"
"84.9200","1.4137","28.8086"
"84.9400","1.4142","28.8524"
"84.9600","1.4145","28.7723"
"84.9800","1.4148","28.7187"
"85.0000","1.4150","28.7264"
"85.0200","1.4152","28.7726"
"85.0400","1.4155","28.7089"
"85.0600","1.4159","28.7232"
"85.0800","1.4162","28.7594"
"85.1000","1.4166","28.7976"
"85.1200","1.4170","28.8282"
"85.1400","1.4173","28.8736"
"85.1600","1.4176","28.9341"
"85.1800","1.4179","28.8955"
"85.2000","1.4183","28.8143"
"85.2200","1.4186","28.7857"
"85.2400","1.4190","28.7498"
"85.2600","1.4194","28.8324"
"85.2800","1.4198","28.8719"
"85.3000","1.4201","28.8154"
"85.3200","1.4204","28.8369"
"85.3400","1.4206","28.8354"
"85.3600","1.4209","28.8213"
"85.3800","1.4212","28.8605"
"85.4000","1.4215","28.8736"
"85.4200","1.4219","28.9489"
"85.4400","1.4223","28.9606"
"85.4600","1.4226","28.9574"
"85.4800","1.4229","28.9685"
"85.5000","1.4232","29.0317"
"85.5200","1.4235","29.0554"
"85.5400","1.4238","28.9651"
"85.5600","1.4241","29.0231"
"85.5800","1.4245","29.0606"
"85.6000","1.4250","29.0133"
"85.6200","1.4255","28.9992"
"85.6400","1.4258","29.0296"
"85.6600","1.4261","28.9470"
"85.6800","1.4264","28.9674"
"85.7000","1.4266","28.9932"
"85.7200","1.4269","29.0523"
"85.7400","1.4272","29.1281"
"85.7600","1.4275","29.0850"
"85.7800","1.4279","29.0268"
"85.8000","1.4283","29.0667"
"85.8200","1.4287","29.0424"
"85.8400","1.4290","29.0899"
"85.8600","1.4293","29.2025"
"85.8800","1.4296","29.2306"
"85.9000","1.4300","29.1583"
"85.9200","1.4304","29.1799"
"85.9400","1.4308","29.2361"
"85.9600","1.4312","29.3420"
"85.9800","1.4315","29.3917"
"86.0000","1.4318","29.2930"
"86.0200","1.4320","29.2618"
"86.0400","1.4323","29.2570"
"86.0600","1.4326","29.2287"
"86.0800","1.4329","29.2531"
"86.1000","1.4332","29.2737"
"86.1200","1.4336","29.3500"
"86.1400","1.4340","29.3271"
"86.1600","1.4343","29.3274"
"86.1800","1.4346","29.3736"
"86.2000","1.4349","29.4388"
"86.2200","1.4351","29.4319"
"86.2400","1.4355","29.4241"
"86.2600","1.4358","29.3194"
"86.2800","1.4363","29.2138"
"86.3000","1.4368","29.2543"
"86.3200","1.4372","29.3012"
"86.3400","1.4375","29.3378"
"86.3600","1.4378","29.4596"
"86.3800","1.4380","29.4662"
"86.4000","1.4383","29.4134"
"86.4200","1.4386","29.4144"
"86.4400","1.4389","29.3818"
"86.4600","1.4393","29.3827"
"86.4800","1.4397","29.5060"
"86.5000","1.4400","29.5632"
"86.5200","1.4403","29.4914"
"86.5400","1.4406","29.4808"
"86.5600","1.4409","29.4450"
"86.5800","1.4413","29.4541"
"86.6000","1.4417","29.4518"
"86.6200","1.4421","29.5479"
"86.6400","1.4425","29.5832"
"86.6600","1.4429","29.5748"
"86.6800","1.4432","29.6245"
"86.7000","1.4434","29.6269"
"86.7200","1.4436","29.5841"
"86.7400","1.4439","29.6174"
"86.7600","1.4442","29.6194"
"86.7800","1.4446","29.6103"
"86.8000","1.4449","29.7046"
"86.8200","1.4453","29.7385"
"86.8400","1.4457","29.7176"
"86.8600","1.4460","29.6829"
"86.8800","1.4462","29.6579"
"86.9000","1.4465","29.6559"
"86.9200","1.4468","29.7241"
"86.9400","1.4471","29.7263"
"86.9600","1.4476","29.7189"
"86.9800","1.4480","29.6761"
"87.0000","1.4485","29.6740"
"87.0200","1.4489","29.6667"
"87.0400","1.4492","29.7421"
"87.0600","1.4494","29.7544"
"87.0800","1.4496","29.7945"
"87.1000","1.4499","29.8157"
"87.1200","1.4502","29.8573"
"87.1400","1.4506","29.8736"
"87.1600","1.4510","29.8758"
"87.1800","1.4513","29.8244"
"87.2000","1.4517","29.7774"
"87.2200","1.4520","29.7671"
"87.2400","1.4523","29.8134"
"87.2600","1.4526","29.9020"
"87.2800","1.4530","29.9106"
"87.3000","1.4534","29.9497"
"87.3200","1.4538","29.9502"
"87.3400","1.4541","29.9622"
"87.3600","1.4545","29.9329"
"87.3800","1.4547","29.9465"
"87.4000","1.4550","29.9545"
"87.4200","1.4552","29.9600"
"87.4400","1.4555","29.9653"
"87.4600","1.4559","29.9708"
"87.4800","1.4563","30.0464"
"87.5000","1.4567","29.9778"
"87.5200","1.4570","30.0028"
"87.5400","1.4573","30.0202"
"87.5600","1.4576","30.0086"
"87.5800","1.4579","29.9988"
"87.6000","1.4581","30.0121"
"87.6200","1.4585","30.0121"
"87.6400","1.4588","29.9979"
"87.6600","1.4593","30.0243"
"87.6800","1.4598","30.1255"
"87.7000","1.4602","30.1264"
"87.7200","1.4605","30.0126"
"87.7400","1.4607","30.0186"
"87.7600","1.4609","30.1135"
"87.7800","1.4612","30.1559"
"87.8000","1.4615","30.1746"
"87.8200","1.4619","30.1328"
"87.8400","1.4623","30.0969"
"87.8600","1.4626","30.1288"
"87.8800","1.4630","30.1678"
"87.9000","1.4633","30.1540"
"87.9200","1.4636","30.1852"
"87.9400","1.4639","30.2288"
"87.9600","1.4643","30.2149"
"87.9800","1.4647","30.2641"
"88.0000","1.4651","30.2796"
"88.0200","1.4655","30.1984"
"88.0400","1.4658","30.2004"
"88.0600","1.4661","30.1970"
"88.0800","1.4664","30.1732"
"88.1000","1.4666","30.1781"
"88.1200","1.4669","30.2809"
"88.1400","1.4672","30.2551"
"88.1600","1.4676","30.1957"
"88.1800","1.4679","30.3075"
"88.2000","1.4683","30.3500"
"88.2200","1.4686","30.3821"
"88.2400","1.4689","30.3526"
"88.2600","1.4692","30.2514"
"88.2800","1.4695","30.2610"
"88.3000","1.4698","30.3044"
"88.3200","1.4701","30.3659"
"88.3400","1.4705","30.3815"
"88.3600","1.4710","30.4010"
"88.3800","1.4714","30.3326"
"88.4000","1.4718","30.3530"
"88.4200","1.4721","30.3846"
"88.4400","1.4723","30.4491"
"88.4600","1.4726","30.4352"
"88.4800","1.4728","30.4624"
"88.5000","1.4732","30.4979"
"88.5200","1.4735","30.3981"
"88.5400","1.4739","30.3902"
"88.5600","1.4743","30.4517"
"88.5800","1.4747","30.4858"
"88.6000","1.4750","30.4952"
"88.6200","1.4753","30.4878"
"88.6400","1.4756","30.5001"
"88.6600","1.4760","30.5625"
"88.6800","1.4764","30.5594"
"88.7000","1.4768","30.5546"
"88.7200","1.4772","30.5734"
"88.7400","1.4775","30.5394"
"88.7600","1.4777","30.5696"
"88.7800","1.4780","30.5542"
"88.8000","1.4782","30.5767"
"88.8200","1.4785","30.5813"
"88.8400","1.4789","30.5874"
"88.8600","1.4793","30.5824"
"88.8800","1.4797","30.6255"
"88.9000","1.4800","30.6570"
"88.9200","1.4803","30.6395"
"88.9400","1.4806","30.6327"
"88.9600","1.4808","30.6573"
"88.9800","1.4811","30.6459"
"89.0000","1.4814","30.7306"
"89.0200","1.4818","30.7229"
"89.0400","1.4823","30.6493"
"89.0600","1.4828","30.7422"
"89.0800","1.4832","30.7127"
"89.1000","1.4835","30.7378"
"89.1200","1.4837","30.7335"
"89.1400","1.4840","30.7302"
"89.1600","1.4842","30.7543"
"89.1800","1.4845","30.8327"
"89.2000","1.4849","30.8026"
"89.2200","1.4852","30.8372"
"89.2400","1.4856","30.7907"
"89.2600","1.4860","30.7696"
"89.2800","1.4863","30.7226"
"89.3000","1.4866","30.8233"
"89.3200","1.4869","30.8853"
"89.3400","1.4873","30.8370"
"89.3600","1.4877","30.8761"
"89.3800","1.4881","30.9101"
"89.4000","1.4885","30.9155"
"89.4200","1.4888","30.9484"
"89.4400","1.4891","30.9533"
"89.4600","1.4894","30.9479"
"89.4800","1.4896","30.9517"
"89.5000","1.4899","30.8649"
"89.5200","1.4902","30.8598"
"89.5400","1.4905","30.8442"
"89.5600","1.4909","30.9056"
"89.5800","1.4913","30.9338"
"89.6000","1.4917","30.9054"
"89.6200","1.4920","31.0094"
"89.6400","1.4923","31.0121"
"89.6600","1.4925","30.9396"
"89.6800","1.4928","30.9352"
"89.7000","1.4932","30.9595"
"89.7200","1.4936","30.9927"
"89.7400","1.4941","31.0848"
"89.7600","1.4945","30.9947"
"89.7800","1.4949","31.0306"
"89.8000","1.4951","31.0674"
"89.8200","1.4954","31.1034"
"89.8400","1.4956","31.0597"
"89.8600","1.4959","31.0221"
"89.8800","1.4962","31.0615"
"89.9000","1.4966","31.1026"
"89.9200","1.4970","31.1858"
"89.9400","1.4973","31.1890"
"89.9600","1.4977","31.2110"
"89.9800","1.4980","31.2299"
"90.0000","1.4983","31.1636"
"90.0200","1.4986","31.1636"
"90.0400","1.4990","31.1780"
"90.0600","1.4994","31.2032"
"90.0800","1.4998","31.2545"
"90.1000","1.5002","31.2220"
"90.1200","1.5005","31.1730"
"90.1400","1.5007","31.1726"
"90.1600","1.5010","31.2407"
"90.1800","1.5012","31.2532"
"90.2000","1.5015","31.2136"
"90.2200","1.5019","31.2276"
"90.2400","1.5023","31.2226"
"90.2600","1.5027","31.2199"
"90.2800","1.5030","31.2277"
"90.3000","1.5033","31.2521"
"90.3200","1.5036","31.3423"
"90.3400","1.5039","31.3486"
"90.3600","1.5041","31.3451"
"90.3800","1.5045","31.3614"
"90.4000","1.5049","31.3182"
"90.4200","1.5053","31.3204"
"90.4400","1.5058","31.3475"
"90.4600","1.5062","31.3648"
"90.4800","1.5065","31.3459"
"90.5000","1.5067","31.3928"
"90.5200","1.5069","31.3835"
"90.5400","1.5072","31.3492"
"90.5600","1.5075","31.4834"
"90.5800","1.5079","31.5179"
"90.6000","1.5082","31.4525"
"90.6200","1.5086","31.4680"
"90.6400","1.5090","31.4577"
"90.6600","1.5093","31.4835"
"90.6800","1.5096","31.5044"
"90.7000","1.5099","31.4753"
"90.7200","1.5103","31.4837"
"90.7400","1.5107","31.5327"
"90.7600","1.5111","31.5266"
"90.7800","1.5115","31.4960"
"90.8000","1.5118","31.5715"
"90.8200","1.5121","31.6689"
"90.8400","1.5123","31.5790"
"90.8600","1.5126","31.6326"
"90.8800","1.5129","31.5529"
"90.9000","1.5132","31.5046"
"90.9200","1.5136","31.5737"
"90.9400","1.5140","31.5465"
"90.9600","1.5143","31.5501"
"90.9800","1.5147","31.6115"
"91.0000","1.5149","31.5849"
"91.0200","1.5152","31.5849"
"91.0400","1.5155","31.5806"
"91.0600","1.5158","31.6460"
"91.0800","1.5162","31.6803"
"91.1000","1.5166","31.6385"
"91.1200","1.5171","31.7353"
"91.1400","1.5175","31.7731"
"91.1600","1.5179","31.7796"
"91.1800","1.5181","31.7186"
"91.2000","1.5183","31.6747"
"91.2200","1.5186","31.6695"
"91.2400","1.5189","31.6683"
"91.2600","1.5192","31.6746"
"91.2800","1.5195","31.6418"
"91.3000","1.5199","31.6898"
"91.3200","1.5203","31.7555"
"91.3400","1.5206","31.9238"
"91.3600","1.5209","31.9691"
"91.3800","1.5212","31.8762"
"91.4000","1.5216","31.8024"
"91.4200","1.5220","31.8037"
"91.4400","1.5224","31.8014"
"91.4600","1.5228","31.8170"
"91.4800","1.5232","31.9329"
"91.5000","1.5235","31.9589"
"91.5200","1.5237","31.9367"
"91.5400","1.5240","31.8764"
"91.5600","1.5242","31.8353"
"91.5800","1.5245","31.9324"
"91.6000","1.5249","31.8780"
"91.6200","1.5253","31.8672"
"91.6400","1.5256","31.9377"
"91.6600","1.5260","31.9906"
"91.6800","1.5263","31.9483"
"91.7000","1.5266","32.0015"
"91.7200","1.5268","31.9664"
"91.7400","1.5271","31.9883"
"91.7600","1.5275","31.9885"
"91.7800","1.5279","32.0709"
"91.8000","1.5284","32.0433"
"91.8200","1.5288","31.9421"
"91.8400","1.5292","31.9903"
"91.8600","1.5295","32.0257"
"91.8800","1.5298","32.0223"
"91.9000","1.5300","32.0288"
"91.9200","1.5302","32.0905"
"91.9400","1.5305","32.1235"
"91.9600","1.5308","32.1124"
"91.9800","1.5312","32.0818"
"92.0000","1.5316","32.1177"
"92.0200","1.5320","32.1274"
"92.0400","1.5323","32.1083"
"92.0600","1.5326","32.0160"
"92.0800","1.5329","32.0127"
"92.1000","1.5333","32.1533"
"92.1200","1.5337","32.2587"
"92.1400","1.5341","32.2526"
"92.1600","1.5345","32.2280"
"92.1800","1.5348","32.1953"
"92.2000","1.5351","32.2138"
"92.2200","1.5353","32.2103"
"92.2400","1.5356","32.2625"
"92.2600","1.5358","32.2795"
"92.2800","1.5362","32.2615"
"92.3000","1.5365","32.2644"
"92.3200","1.5369","32.2620"
"92.3400","1.5373","32.2777"
"92.3600","1.5377","32.1790"
"92.3800","1.5380","32.1732"
"92.4000","1.5382","32.2971"
"92.4200","1.5385","32.3063"
"92.4400","1.5388","32.2520"
"92.4600","1.5392","32.2230"
"92.4800","1.5397","32.2597"
"92.5000","1.5401","32.3192"
"92.5200","1.5406","32.3735"
"92.5400","1.5409","32.3415"
"92.5600","1.5411","32.3595"
"92.5800","1.5414","32.2491"
"92.6000","1.5416","32.2114"
"92.6200","1.5419","32.3023"
"92.6400","1.5422","32.3828"
"92.6600","1.5425","32.4119"
"92.6800","1.5429","32.4416"
"92.7000","1.5433","32.3985"
"92.7200","1.5436","32.3916"
"92.7400","1.5439","32.4928"
"92.7600","1.5442","32.5496"
"92.7800","1.5446","32.4579"
"92.8000","1.5450","32.4698"
"92.8200","1.5454","32.5139"
"92.8400","1.5458","32.5634"
"92.8600","1.5462","32.5486"
"92.8800","1.5465","32.5803"
"92.9000","1.5467","32.5569"
"92.9200","1.5469","32.4509"
"92.9400","1.5472","32.5032"
"92.9600","1.5475","32.5526"
"92.9800","1.5479","32.6182"
"93.0000","1.5483","32.5796"
"93.0200","1.5487","32.5731"
"93.0400","1.5490","32.5971"
"93.0600","1.5493","32.6148"
"93.0800","1.5496","32.6727"
"93.1000","1.5498","32.6937"
"93.1200","1.5501","32.6551"
"93.1400","1.5505","32.5871"
"93.1600","1.5509","32.6305"
"93.1800","1.5514","32.6343"
"93.2000","1.5518","32.6516"
"93.2200","1.5522","32.6810"
"93.2400","1.5525","32.7521"
"93.2600","1.5527","32.8151"
"93.2800","1.5530","32.7336"
"93.3000","1.5532","32.7007"
"93.3200","1.5535","32.7293"
"93.3400","1.5538","32.7117"
"93.3600","1.5542","32.7477"
"93.3800","1.5546","32.7673"
"93.4000","1.5550","32.8121"
"93.4200","1.5553","32.6982"
"93.4400","1.5556","32.7194"
"93.4600","1.5559","32.8443"
"93.4800","1.5563","32.8608"
"93.5000","1.5567","32.8190"
"93.5200","1.5571","32.8366"
"93.5400","1.5575","32.8963"
"93.5600","1.5578","32.8818"
"93.5800","1.5581","32.8808"
"93.6000","1.5583","32.8364"
"93.6200","1.5586","32.8404"
"93.6400","1.5588","32.8725"
"93.6600","1.5592","32.8456"
"93.6800","1.5595","32.8840"
"93.7000","1.5599","32.9118"
"93.7200","1.5603","32.9073"
"93.7400","1.5606","32.9669"
"93.7600","1.5609","33.0053"
"93.7800","1.5612","32.9578"
"93.8000","1.5615","32.8914"
"93.8200","1.5618","32.9987"
"93.8400","1.5622","33.0212"
"93.8600","1.5626","33.0325"
"93.8800","1.5631","33.0518"
"93.9000","1.5636","33.0945"
"93.9200","1.5639","33.1125"
"93.9400","1.5642","33.0564"
"93.9600","1.5644","33.0288"
"93.9800","1.5646","33.0684"
"94.0000","1.5649","33.1647"
"94.0200","1.5652","33.1030"
"94.0400","1.5656","33.0883"
"94.0600","1.5660","33.1229"
"94.0800","1.5663","33.1027"
"94.1000","1.5666","33.1444"
"94.1200","1.5669","33.1787"
"94.1400","1.5673","33.2601"
"94.1600","1.5676","33.2265"
"94.1800","1.5680","33.2111"
"94.2000","1.5684","33.1159"
"94.2200","1.5688","33.1162"
"94.2400","1.5692","33.1285"
"94.2600","1.5695","33.1974"
"94.2800","1.5697","33.2317"
"94.3000","1.5699","33.2110"
"94.3200","1.5702","33.1665"
"94.3400","1.5705","33.2149"
"94.3600","1.5709","33.2787"
"94.3800","1.5713","33.2040"
"94.4000","1.5717","33.2199"
"94.4200","1.5720","33.2010"
"94.4400","1.5723","33.2398"
"94.4600","1.5726","33.2178"
"94.4800","1.5729","33.2235"
"94.5000","1.5732","33.3003"
"94.5200","1.5735","33.3406"
"94.5400","1.5739","33.4021"
"94.5600","1.5744","33.3527"
"94.5800","1.5749","33.3796"
"94.6000","1.5752","33.3617"
"94.6200","1.5755","33.3700"
"94.6400","1.5757","33.4110"
"94.6600","1.5760","33.4491"
"94.6800","1.5762","33.4338"
"94.7000","1.5765","33.3920"
"94.7200","1.5769","33.3272"
"94.7400","1.5773","33.3308"
"94.7600","1.5777","33.4601"
"94.7800","1.5780","33.4969"
"94.8000","1.5783","33.4554"
"94.8200","1.5786","33.4027"
"94.8400","1.5790","33.4418"
"94.8600","1.5793","33.5646"
"94.8800","1.5797","33.4935"
"94.9000","1.5801","33.5271"
"94.9200","1.5805","33.5291"
"94.9400","1.5808","33.5505"
"94.9600","1.5810","33.5057"
"94.9800","1.5813","33.4717"
"95.0000","1.5816","33.5100"
"95.0200","1.5818","33.4899"
"95.0400","1.5822","33.4869"
"95.0600","1.5826","33.4547"
"95.0800","1.5830","33.4811"
"95.1000","1.5834","33.5376"
"95.1200","1.5837","33.4677"
"95.1400","1.5840","33.5042"
"95.1600","1.5842","33.5684"
"95.1800","1.5845","33.6240"
"95.2000","1.5848","33.6638"
"95.2200","1.5852","33.6209"
"95.2400","1.5857","33.6508"
"95.2600","1.5861","33.6244"
"95.2800","1.5865","33.6734"
"95.3000","1.5868","33.7102"
"95.3200","1.5871","33.6725"
"95.3400","1.5873","33.6326"
"95.3600","1.5876","33.6565"
"95.3800","1.5878","33.6447"
"95.4000","1.5882","33.6320"
"95.4200","1.5885","33.6993"
"95.4400","1.5889","33.6782"
"95.4600","1.5893","33.7508"
"95.4800","1.5896","33.8399"
"95.5000","1.5900","33.8889"
"95.5200","1.5903","33.8369"
"95.5400","1.5906","33.7999"
"95.5600","1.5910","33.8264"
"95.5800","1.5914","33.8262"
"95.6000","1.5918","33.8627"
"95.6200","1.5921","33.8950"
"95.6400","1.5924","33.8311"
"95.6600","1.5926","33.7756"
"95.6800","1.5929","33.7708"
"95.7000","1.5932","33.7829"
"95.7200","1.5935","33.8911"
"95.7400","1.5938","33.9560"
"95.7600","1.5942","33.8993"
"95.7800","1.5946","33.9813"
"95.8000","1.5949","33.9432"
"95.8200","1.5953","33.9119"
"95.8400","1.5955","33.9431"
"95.8600","1.5958","33.9606"
"95.8800","1.5961","33.9675"
"95.9000","1.5964","33.9370"
"95.9200","1.5969","33.9801"
"95.9400","1.5973","34.0711"
"95.9600","1.5978","34.0104"
"95.9800","1.5982","34.0708"
"96.0000","1.5984","34.0943"
"96.0200","1.5987","34.1221"
"96.0400","1.5989","34.0947"
"96.0600","1.5992","34.1043"
"96.0800","1.5995","34.1239"
"96.1000","1.5999","34.1257"
"96.1200","1.6003","34.0408"
"96.1400","1.6006","33.9803"
"96.1600","1.6010","33.9763"
"96.1800","1.6013","33.9867"
"96.2000","1.6016","33.9678"
"96.2200","1.6020","34.0221"
"96.2400","1.6023","34.1140"
"96.2600","1.6027","34.2206"
"96.2800","1.6031","34.1838"
"96.3000","1.6035","34.1312"
"96.3200","1.6038","34.1246"
"96.3400","1.6040","34.0800"
"96.3600","1.6043","34.1315"
"96.3800","1.6045","34.1844"
"96.4000","1.6048","34.2184"
"96.4200","1.6052","34.2514"
"96.4400","1.6055","34.2472"
"96.4600","1.6059","34.1911"
"96.4800","1.6063","34.0890"
"96.5000","1.6066","34.1526"
"96.5200","1.6069","34.2416"
"96.5400","1.6072","34.3060"
"96.5600","1.6075","34.3586"
"96.5800","1.6078","34.2938"
"96.6000","1.6082","34.2979"
"96.6200","1.6087","34.2964"
"96.6400","1.6092","34.2614"
"96.6600","1.6096","34.2694"
"96.6800","1.6098","34.3038"
"96.7000","1.6101","34.2951"
"96.7200","1.6103","34.2567"
"96.7400","1.6105","34.2543"
"96.7600","1.6108","34.2966"
"96.7800","1.6112","34.4202"
"96.8000","1.6116","34.4401"
"96.8200","1.6120","34.5043"
"96.8400","1.6124","34.4921"
"96.8600","1.6127","34.3566"
"96.8800","1.6130","34.4151"
"96.9000","1.6133","34.4179"
"96.9200","1.6137","34.4195"
"96.9400","1.6141","34.4051"
"96.9600","1.6145","34.4515"
"96.9800","1.6148","34.4394"
"97.0000","1.6151","34.4427"
"97.0200","1.6154","34.4670"
"97.0400","1.6156","34.5038"
"97.0600","1.6159","34.5989"
"97.0800","1.6162","34.5644"
"97.1000","1.6165","34.5943"
"97.1200","1.6169","34.5532"
"97.1400","1.6173","34.4909"
"97.1600","1.6177","34.5782"
"97.1800","1.6180","34.6277"
"97.2000","1.6183","34.6128"
"97.2200","1.6186","34.4966"
"97.2400","1.6188","34.5201"
"97.2600","1.6192","34.5147"
"97.2800","1.6195","34.5197"
"97.3000","1.6200","34.6077"
"97.3200","1.6205","34.6459"
"97.3400","1.6209","34.6695"
"97.3600","1.6212","34.6215"
"97.3800","1.6215","34.5500"
"97.4000","1.6217","34.5611"
"97.4200","1.6219","34.5757"
"97.4400","1.6222","34.6174"
"97.4600","1.6225","34.7076"
"97.4800","1.6229","34.7223"
"97.5000","1.6233","34.7948"
"97.5200","1.6237","34.7744"
"97.5400","1.6240","34.7943"
"97.5600","1.6244","34.8255"
"97.5800","1.6247","34.8151"
"97.6000","1.6250","34.7641"
"97.6200","1.6254","34.7549"
"97.6400","1.6258","34.7927"
"97.6600","1.6261","34.8102"
"97.6800","1.6265","34.7436"
"97.7000","1.6268","34.7220"
"97.7200","1.6270","34.8288"
"97.7400","1.6273","34.9169"
"97.7600","1.6275","34.9205"
"97.7800","1.6278","34.8316"
"97.8000","1.6282","34.8066"
"97.8200","1.6286","34.8594"
"97.8400","1.6290","34.8536"
"97.8600","1.6293","34.7619"
"97.8800","1.6296","34.7882"
"97.9000","1.6299","34.8554"
"97.9200","1.6302","34.8951"
"97.9400","1.6305","34.8372"
"97.9600","1.6308","34.9685"
"97.9800","1.6313","34.9623"
"98.0000","1.6318","34.9764"
"98.0200","1.6322","34.9580"
"98.0400","1.6326","34.9568"
"98.0600","1.6328","34.9847"
"98.0800","1.6330","35.1155"
"98.1000","1.6333","35.1108"
"98.1200","1.6335","35.0285"
"98.1400","1.6338","35.0577"
"98.1600","1.6342","35.1516"
"98.1800","1.6346","35.1300"
"98.2000","1.6350","35.1011"
"98.2200","1.6354","35.0801"
"98.2400","1.6357","35.1702"
"98.2600","1.6360","35.1765"
"98.2800","1.6363","35.1365"
"98.3000","1.6367","35.1040"
"98.3200","1.6371","35.1302"
"98.3400","1.6374","35.1256"
"98.3600","1.6378","35.1362"
"98.3800","1.6381","35.0816"
"98.4000","1.6384","35.1322"
"98.4200","1.6386","35.0849"
"98.4400","1.6389","35.1023"
"98.4600","1.6392","35.1272"
"98.4800","1.6395","35.1303"
"98.5000","1.6399","35.2078"
"98.5200","1.6402","35.2656"
"98.5400","1.6406","35.2328"
"98.5600","1.6409","35.2349"
"98.5800","1.6412","35.2467"
"98.6000","1.6415","35.2556"
"98.6200","1.6418","35.3280"
"98.6400","1.6421","35.3111"
"98.6600","1.6425","35.3048"
"98.6800","1.6429","35.3211"
"98.7000","1.6434","35.3264"
"98.7200","1.6439","35.3179"
"98.7400","1.6442","35.3771"
"98.7600","1.6444","35.4305"
"98.7800","1.6447","35.3974"
"98.8000","1.6449","35.3764"
"98.8200","1.6452","35.3163"
"98.8400","1.6455","35.2759"
"98.8600","1.6459","35.4002"
"98.8800","1.6463","35.4470"
"98.9000","1.6467","35.4371"
"98.9200","1.6470","35.4422"
"98.9400","1.6473","35.3821"
"98.9600","1.6476","35.4137"
"98.9800","1.6480","35.4920"
"99.0000","1.6483","35.4342"
"99.0200","1.6487","35.4060"
"99.0400","1.6491","35.4013"
"99.0600","1.6494","35.4172"
"99.0800","1.6497","35.4482"
"99.1000","1.6500","35.4815"
"99.1200","1.6502","35.4878"
"99.1400","1.6505","35.4177"
"99.1600","1.6508","35.4048"
"99.1800","1.6512","35.4831"
"99.2000","1.6516","35.5093"
"99.2200","1.6519","35.5171"
"99.2400","1.6523","35.5478"
"99.2600","1.6526","35.5369"
"99.2800","1.6529","35.5720"
"99.3000","1.6531","35.5987"
"99.3200","1.6534","35.5865"
"99.3400","1.6538","35.6397"
"99.3600","1.6542","35.6345"
"99.3800","1.6547","35.7403"
"99.4000","1.6552","35.6807"
"99.4200","1.6555","35.5891"
"99.4400","1.6558","35.5985"
"99.4600","1.6560","35.5866"
"99.4800","1.6563","35.6605"
"99.5000","1.6565","35.7054"
"99.5200","1.6569","35.7055"
"99.5400","1.6572","35.6951"
"99.5600","1.6576","35.6512"
"99.5800","1.6580","35.6764"
"99.6000","1.6583","35.6952"
"99.6200","1.6586","35.7005"
"99.6400","1.6589","35.6604"
"99.6600","1.6593","35.6678"
"99.6800","1.6596","35.7477"
"99.7000","1.6600","35.8193"
"99.7200","1.6604","35.7661"
"99.7400","1.6608","35.8531"
"99.7600","1.6611","35.8588"
"99.7800","1.6614","35.8602"
"99.8000","1.6616","35.9310"
"99.8200","1.6619","35.8760"
"99.8400","1.6622","35.8920"
"99.8600","1.6625","35.9376"
"99.8800","1.6629","35.8813"
"99.9000","1.6633","35.7946"
"99.9200","1.6636","35.8143"
"99.9400","1.6640","35.8447"
"99.9600","1.6643","35.8795"
"99.9800","1.6645","35.8890"
"100.0000","1.6648","35.8852"
"100.0200","1.6651","35.9173"
"100.0400","1.6655","35.9466"
"100.0600","1.6660","35.9525"
"100.0800","1.6665","35.9199"
"100.1000","1.6669","36.0317"
"100.1200","1.6672","36.0662"
"100.1400","1.6674","36.0239"
"100.1600","1.6676","35.9718"
"100.1800","1.6679","35.9366"
"100.2000","1.6682","35.9335"
"100.2200","1.6686","35.9798"
"100.2400","1.6689","35.9372"
"100.2600","1.6693","35.9105"
"100.2800","1.6697","35.9663"
"100.3000","1.6700","36.0871"
"100.3200","1.6703","36.0796"
"100.3400","1.6706","36.1383"
"100.3600","1.6710","36.1067"
"100.3800","1.6714","36.1108"
"100.4000","1.6718","36.0710"
"100.4200","1.6722","36.1790"
"100.4400","1.6725","36.1537"
"100.4600","1.6728","36.1627"
"100.4800","1.6730","36.2432"
"100.5000","1.6733","36.2824"
"100.5200","1.6735","36.2984"
"100.5400","1.6739","36.2463"
"100.5600","1.6742","36.1996"
"100.5800","1.6746","36.2273"
"100.6000","1.6750","36.1948"
"100.6200","1.6753","36.2312"
"100.6400","1.6756","36.1860"
"100.6600","1.6759","36.1752"
"100.6800","1.6762","36.1509"
"100.7000","1.6765","36.1758"
"100.7200","1.6768","36.2431"
"100.7400","1.6773","36.3354"
"100.7600","1.6777","36.2914"
"100.7800","1.6782","36.2939"
"100.8000","1.6785","36.2512"
"100.8200","1.6788","36.3389"
"100.8400","1.6790","36.4061"
"100.8600","1.6793","36.3621"
"100.8800","1.6796","36.2914"
"100.9000","1.6799","36.3163"
"100.9200","1.6803","36.3172"
"100.9400","1.6807","36.4332"
"100.9600","1.6810","36.4146"
"100.9800","1.6813","36.3030"
"101.0000","1.6816","36.3073"
"101.0200","1.6819","36.3246"
"101.0400","1.6823","36.4346"
"101.0600","1.6827","36.4150"
"101.0800","1.6831","36.4392"
"101.1000","1.6835","36.5051"
"101.1200","1.6839","36.4341"
"101.1400","1.6842","36.4666"
"101.1600","1.6844","36.5147"
"101.1800","1.6846","36.4641"
"101.2000","1.6849","36.4879"
"101.2200","1.6852","36.5619"
"101.2400","1.6855","36.5318"
"101.2600","1.6859","36.3999"
"101.2800","1.6863","36.4408"
"101.3000","1.6866","36.4878"
"101.3200","1.6869","36.6040"
"101.3400","1.6872","36.6214"
"101.3600","1.6875","36.7045"
"101.3800","1.6878","36.7011"
"101.4000","1.6881","36.6508"
"101.4200","1.6885","36.6173"
"101.4400","1.6890","36.5217"
"101.4600","1.6895","36.5277"
"101.4800","1.6899","36.5722"
"101.5000","1.6902","36.6300"
"101.5200","1.6904","36.6655"
"101.5400","1.6906","36.7881"
"101.5600","1.6909","36.7642"
"101.5800","1.6912","36.6814"
"101.6000","1.6916","36.6581"
"101.6200","1.6920","36.6711"
"101.6400","1.6923","36.7397"
"101.6600","1.6927","36.8427"
"101.6800","1.6930","36.7928"
"101.7000","1.6933","36.6902"
"101.7200","1.6936","36.6925"
"101.7400","1.6940","36.7255"
"101.7600","1.6944","36.7348"
"101.7800","1.6948","36.7712"
"101.8000","1.6952","36.7692"
"101.8200","1.6955","36.7902"
"101.8400","1.6958","36.8048"
"101.8600","1.6960","36.7341"
"101.8800","1.6963","36.7224"
"101.9000","1.6965","36.7483"
"101.9200","1.6969","36.8516"
"101.9400","1.6972","36.8546"
"101.9600","1.6976","36.8221"
"101.9800","1.6980","36.8633"
"102.0000","1.6983","36.7707"
"102.0200","1.6986","36.7450"
"102.0400","1.6989","36.8246"
"102.0600","1.6991","36.8670"
"102.0800","1.6994","36.9149"
"102.1000","1.6998","36.9546"
"102.1200","1.7002","36.8910"
"102.1400","1.7007","36.8358"
"102.1600","1.7011","36.8845"
"102.1800","1.7015","36.8913"
"102.2000","1.7017","36.9057"
"102.2200","1.7020","36.9216"
"102.2400","1.7022","37.0678"
"102.2600","1.7025","37.0559"
"102.2800","1.7029","37.0057"
"102.3000","1.7032","36.9748"
"102.3200","1.7036","37.0461"
"102.3400","1.7040","37.0694"
"102.3600","1.7043","37.0009"
"102.3800","1.7046","36.9563"
"102.4000","1.7049","36.9677"
"102.4200","1.7053","37.0091"
"102.4400","1.7057","37.0703"
"102.4600","1.7061","37.1616"
"102.4800","1.7065","37.1778"
"102.5000","1.7068","37.1905"
"102.5200","1.7071","37.2165"
"102.5400","1.7074","37.1944"
"102.5600","1.7076","37.1247"
"102.5800","1.7079","37.0986"
"102.6000","1.7082","37.1175"
"102.6200","1.7086","37.1443"
"102.6400","1.7090","37.1558"
"102.6600","1.7093","37.1703"
"102.6800","1.7097","37.2033"
"102.7000","1.7100","37.2468"
"102.7200","1.7102","37.2452"
"102.7400","1.7105","37.1835"
"102.7600","1.7108","37.1621"
"102.7800","1.7112","37.2872"
"102.8000","1.7116","37.2687"
"102.8200","1.7120","37.1980"
"102.8400","1.7125","37.2150"
"102.8600","1.7128","37.2359"
"102.8800","1.7131","37.2439"
"102.9000","1.7133","37.2160"
"102.9200","1.7136","37.2577"
"102.9400","1.7139","37.3850"
"102.9600","1.7142","37.4235"
"102.9800","1.7145","37.4226"
"103.0000","1.7149","37.3465"
"103.0200","1.7153","37.3527"
"103.0400","1.7157","37.3975"
"103.0600","1.7160","37.3374"
"103.0800","1.7163","37.4137"
"103.1000","1.7166","37.4630"
"103.1200","1.7170","37.4221"
"103.1400","1.7174","37.4358"
"103.1600","1.7178","37.4519"
"103.1800","1.7182","37.3992"
"103.2000","1.7185","37.3709"
"103.2200","1.7188","37.3543"
"103.2400","1.7190","37.3455"
"103.2600","1.7193","37.4223"
"103.2800","1.7196","37.4979"
"103.3000","1.7199","37.4781"
"103.3200","1.7203","37.5068"
"103.3400","1.7206","37.5149"
"103.3600","1.7210","37.4285"
"103.3800","1.7213","37.4373"
"103.4000","1.7216","37.5514"
"103.4200","1.7219","37.5607"
"103.4400","1.7221","37.5961"
"103.4600","1.7224","37.5929"
"103.4800","1.7228","37.6213"
"103.5000","1.7233","37.5360"
"103.5200","1.7237","37.4453"
"103.5400","1.7242","37.5603"
"103.5600","1.7245","37.7485"
"103.5800","1.7247","37.7519"
"103.6000","1.7250","37.7042"
"103.6200","1.7252","37.6695"
"103.6400","1.7255","37.6322"
"103.6600","1.7259","37.6568"
"103.6800","1.7262","37.6521"
"103.7000","1.7266","37.6735"
"103.7200","1.7270","37.6963"
"103.7400","1.7273","37.6970"
"103.7600","1.7276","37.7426"
"103.7800","1.7279","37.7523"
"103.8000","1.7283","37.7694"
"103.8200","1.7287","37.7409"
"103.8400","1.7291","37.6955"
"103.8600","1.7295","37.7720"
"103.8800","1.7298","37.7997"
"103.9000","1.7301","37.7942"
"103.9200","1.7304","37.8191"
"103.9400","1.7306","37.8569"
"103.9600","1.7309","37.8104"
"103.9800","1.7312","37.7919"
"104.0000","1.7315","37.7700"
"104.0200","1.7319","37.8131"
"104.0400","1.7323","37.8378"
"104.0600","1.7327","37.8606"
"104.0800","1.7330","37.9260"
"104.1000","1.7333","37.9149"
"104.1200","1.7335","37.9332"
"104.1400","1.7338","37.8935"
"104.1600","1.7342","37.8004"
"104.1800","1.7346","37.8151"
"104.2000","1.7350","37.9186"
"104.2200","1.7355","37.8577"
"104.2400","1.7359","37.8068"
"104.2600","1.7362","37.8492"
"104.2800","1.7364","37.9511"
"104.3000","1.7366","37.9683"
"104.3200","1.7369","37.9467"
"104.3400","1.7372","38.0209"
"104.3600","1.7376","38.0415"
"104.3800","1.7380","38.0350"
"104.4000","1.7383","37.9283"
"104.4200","1.7387","37.9377"
"104.4400","1.7390","38.0249"
"104.4600","1.7393","38.0265"
"104.4800","1.7396","37.9457"
"104.5000","1.7400","37.9766"
"104.5200","1.7404","37.9928"
"104.5400","1.7408","38.0288"
"104.5600","1.7412","38.1314"
"104.5800","1.7415","38.1158"
"104.6000","1.7417","38.0949"
"104.6200","1.7420","38.0848"
"104.6400","1.7422","38.0749"
"104.6600","1.7425","38.0331"
"104.6800","1.7429","37.9910"
"104.7000","1.7432","38.0608"
"104.7200","1.7436","38.2129"
"104.7400","1.7440","38.1904"
"104.7600","1.7443","38.1534"
"104.7800","1.7446","38.1712"
"104.8000","1.7449","38.1584"
"104.8200","1.7452","38.2152"
"104.8400","1.7455","38.2717"
"104.8600","1.7459","38.2323"
"104.8800","1.7463","38.2210"
"104.9000","1.7468","38.1661"
"104.9200","1.7472","38.1702"
"104.9400","1.7475","38.2220"
"104.9600","1.7477","38.2794"
"104.9800","1.7480","38.3289"
"105.0000","1.7482","38.3114"
"105.0200","1.7485","38.2997"
"105.0400","1.7489","38.3177"
"105.0600","1.7492","38.2874"
"105.0800","1.7496","38.2903"
"105.1000","1.7500","38.2821"
"105.1200","1.7503","38.2431"
"105.1400","1.7506","38.3020"
"105.1600","1.7509","38.3631"
"105.1800","1.7513","38.4642"
"105.2000","1.7517","38.4560"
"105.2200","1.7521","38.4441"
"105.2400","1.7525","38.4249"
"105.2600","1.7528","38.4429"
"105.2800","1.7531","38.4437"
"105.3000","1.7534","38.4474"
"105.3200","1.7536","38.5061"
"105.3400","1.7539","38.4767"
"105.3600","1.7542","38.4249"
"105.3800","1.7546","38.4192"
"105.4000","1.7550","38.4257"
"105.4200","1.7554","38.4620"
"105.4400","1.7557","38.4474"
"105.4600","1.7560","38.5029"
"105.4800","1.7563","38.5595"
"105.5000","1.7565","38.5296"
"105.5200","1.7568","38.5139"
"105.5400","1.7572","38.5820"
"105.5600","1.7576","38.5667"
"105.5800","1.7581","38.6547"
"105.6000","1.7585","38.5718"
"105.6200","1.7589","38.5356"
"105.6400","1.7591","38.5629"
"105.6600","1.7593","38.6691"
"105.6800","1.7596","38.7356"
"105.7000","1.7599","38.6704"
"105.7200","1.7602","38.6794"
"105.7400","1.7605","38.7020"
"105.7600","1.7609","38.7114"
"105.7800","1.7613","38.7286"
"105.8000","1.7616","38.6944"
"105.8200","1.7619","38.6658"
"105.8400","1.7622","38.6841"
"105.8600","1.7626","38.6947"
"105.8800","1.7630","38.7072"
"105.9000","1.7634","38.7203"
"105.9200","1.7638","38.7277"
"105.9400","1.7642","38.7707"
"105.9600","1.7645","38.7589"
"105.9800","1.7647","38.7836"
"106.0000","1.7650","38.8354"
"106.0200","1.7652","38.7602"
"106.0400","1.7655","38.7277"
"106.0600","1.7659","38.7905"
"106.0800","1.7663","38.7455"
"106.1000","1.7667","38.7395"
"106.1200","1.7670","38.8232"
"106.1400","1.7673","38.8750"
"106.1600","1.7676","38.8580"
"106.1800","1.7679","38.8703"
"106.2000","1.7682","38.8231"
"106.2200","1.7685","38.8392"
"106.2400","1.7689","38.8969"
"106.2600","1.7693","38.9729"
"106.2800","1.7698","38.9355"
"106.3000","1.7702","38.9589"
"106.3200","1.7705","38.9696"
"106.3400","1.7708","38.8643"
"106.3600","1.7710","38.9334"
"106.3800","1.7712","38.9609"
"106.4000","1.7715","38.9849"
"106.4200","1.7718","38.9822"
"106.4400","1.7722","38.9462"
"106.4600","1.7726","38.9478"
"106.4800","1.7729","38.9388"
"106.5000","1.7733","39.0426"
"106.5200","1.7736","39.0962"
"106.5400","1.7739","39.0730"
"106.5600","1.7742","39.0012"
"106.5800","1.7746","39.0030"
"106.6000","1.7751","39.1605"
"106.6200","1.7755","39.1816"
"106.6400","1.7758","39.2304"
"106.6600","1.7761","39.1835"
"106.6800","1.7763","39.1853"
"106.7000","1.7766","39.1064"
"106.7200","1.7768","39.0598"
"106.7400","1.7772","39.0926"
"106.7600","1.7775","39.0914"
"106.7800","1.7779","39.1254"
"106.8000","1.7783","39.0808"
"106.8200","1.7787","39.1326"
"106.8400","1.7790","39.1436"
"106.8600","1.7792","39.1369"
"106.8800","1.7795","39.1909"
"106.9000","1.7798","39.2481"
"106.9200","1.7802","39.2327"
"106.9400","1.7806","39.2320"
"106.9600","1.7811","39.1626"
"106.9800","1.7815","39.1260"
"107.0000","1.7819","39.2020"
"107.0200","1.7821","39.2328"
"107.0400","1.7824","39.2583"
"107.0600","1.7826","39.2668"
"107.0800","1.7829","39.2736"
"107.1000","1.7832","39.2930"
"107.1200","1.7835","39.3521"
"107.1400","1.7839","39.3224"
"107.1600","1.7843","39.3085"
"107.1800","1.7846","39.3039"
"107.2000","1.7849","39.3767"
"107.2200","1.7852","39.3787"
"107.2400","1.7856","39.3522"
"107.2600","1.7860","39.3645"
"107.2800","1.7864","39.4090"
"107.3000","1.7868","39.4225"
"107.3200","1.7872","39.3651"
"107.3400","1.7875","39.3143"
"107.3600","1.7877","39.2966"
"107.3800","1.7879","39.4544"
"107.4000","1.7882","39.5617"
"107.4200","1.7885","39.4913"
"107.4400","1.7889","39.4357"
"107.4600","1.7892","39.3927"
"107.4800","1.7896","39.4157"
"107.5000","1.7900","39.4899"
"107.5200","1.7903","39.4222"
"107.5400","1.7906","39.4761"
"107.5600","1.7908","39.6133"
"107.5800","1.7911","39.5600"
"107.6000","1.7915","39.4542"
"107.6200","1.7919","39.5327"
"107.6400","1.7923","39.4672"
"107.6600","1.7928","39.4152"
"107.6800","1.7932","39.4943"
"107.7000","1.7935","39.5844"
"107.7200","1.7938","39.5924"
"107.7400","1.7940","39.5474"
"107.7600","1.7942","39.5773"
"107.7800","1.7945","39.5616"
"107.8000","1.7948","39.5464"
"107.8200","1.7952","39.5883"
"107.8400","1.7956","39.5662"
"107.8600","1.7960","39.6430"
"107.8800","1.7963","39.6672"
"107.9000","1.7966","39.6428"
"107.9200","1.7970","39.6451"
"107.9400","1.7973","39.7046"
"107.9600","1.7977","39.7905"
"107.9800","1.7981","39.7917"
"108.0000","1.7985","39.7981"
"108.0200","1.7988","39.7750"
"108.0400","1.7991","39.6616"
"108.0600","1.7993","39.7057"
"108.0800","1.7996","39.7231"
"108.1000","1.7999","39.7700"
"108.1200","1.8002","39.8628"
"108.1400","1.8006","39.8878"
"108.1600","1.8010","39.8326"
"108.1800","1.8013","39.8372"
"108.2000","1.8017","39.7811"
"108.2200","1.8020","39.7616"
"108.2400","1.8022","39.8312"
"108.2600","1.8025","39.8257"
"108.2800","1.8028","39.8237"
"108.3000","1.8032","39.9113"
"108.3200","1.8036","39.8847"
"108.3400","1.8041","39.7939"
"108.3600","1.8046","39.8395"
"108.3800","1.8049","39.8627"
"108.4000","1.8052","39.8613"
"108.4200","1.8054","39.8634"
"108.4400","1.8056","39.9328"
"108.4600","1.8059","39.9928"
"108.4800","1.8062","39.9901"
"108.5000","1.8066","39.9857"
"108.5200","1.8069","39.9553"
"108.5400","1.8073","40.0189"
"108.5600","1.8076","40.0224"
"108.5800","1.8079","40.0730"
"108.6000","1.8083","40.1354"
"108.6200","1.8086","40.1056"
"108.6400","1.8090","40.0515"
"108.6600","1.8094","39.9807"
"108.6800","1.8098","39.9544"
"108.7000","1.8102","40.0085"
"108.7200","1.8105","40.0763"
"108.7400","1.8107","40.0376"
"108.7600","1.8109","39.9767"
"108.7800","1.8112","39.9982"
"108.8000","1.8115","40.0803"
"108.8200","1.8119","40.1456"
"108.8400","1.8123","40.1231"
"108.8600","1.8127","40.0613"
"108.8800","1.8130","39.9890"
"108.9000","1.8133","40.0773"
"108.9200","1.8136","40.0994"
"108.9400","1.8139","40.1209"
"108.9600","1.8142","40.1091"
"108.9800","1.8145","40.1264"
"109.0000","1.8149","40.1095"
"109.0200","1.8154","40.1873"
"109.0400","1.8158","40.2289"
"109.0600","1.8162","40.2280"
"109.0800","1.8165","40.2986"
"109.1000","1.8167","40.2608"
"109.1200","1.8170","40.1836"
"109.1400","1.8172","40.2017"
"109.1600","1.8175","40.2587"
"109.1800","1.8179","40.1823"
"109.2000","1.8182","40.2394"
"109.2200","1.8186","40.3377"
"109.2400","1.8190","40.2972"
"109.2600","1.8193","40.2450"
"109.2800","1.8196","40.3484"
"109.3000","1.8199","40.3822"
"109.3200","1.8203","40.3764"
"109.3400","1.8207","40.3591"
"109.3600","1.8211","40.3132"
"109.3800","1.8215","40.3785"
"109.4000","1.8218","40.4222"
"109.4200","1.8221","40.4728"
"109.4400","1.8223","40.4832"
"109.4600","1.8226","40.4902"
"109.4800","1.8228","40.4718"
"109.5000","1.8231","40.4583"
"109.5200","1.8235","40.3889"
"109.5400","1.8239","40.4661"
"109.5600","1.8243","40.4832"
"109.5800","1.8247","40.4380"
"109.6000","1.8250","40.3881"
"109.6200","1.8252","40.3698"
"109.6400","1.8255","40.3849"
"109.6600","1.8258","40.4419"
"109.6800","1.8262","40.5646"
"109.7000","1.8267","40.5927"
"109.7200","1.8271","40.5741"
"109.7400","1.8275","40.5727"
"109.7600","1.8279","40.5644"
"109.7800","1.8281","40.5505"
"109.8000","1.8283","40.4422"
"109.8200","1.8286","40.4590"
"109.8400","1.8289","40.4962"
"109.8600","1.8292","40.5549"
"109.8800","1.8295","40.5412"
"109.9000","1.8299","40.6152"
"109.9200","1.8303","40.6284"
"109.9400","1.8306","40.5986"
"109.9600","1.8310","40.6476"
"109.9800","1.8313","40.6566"
"110.0000","1.8316","40.6866"
"110.0200","1.8320","40.7183"
"110.0400","1.8324","40.7594"
"110.0600","1.8328","40.7284"
"110.0800","1.8331","40.6792"
"110.1000","1.8334","40.6498"
"110.1200","1.8337","40.7316"
"110.1400","1.8339","40.7382"
"110.1600","1.8342","40.7597"
"110.1800","1.8345","40.7039"
"110.2000","1.8348","40.7026"
"110.2200","1.8352","40.7959"
"110.2400","1.8356","40.8065"
"110.2600","1.8360","40.8040"
"110.2800","1.8363","40.8229"
"110.3000","1.8366","40.8606"
"110.3200","1.8369","40.8183"
"110.3400","1.8371","40.8684"
"110.3600","1.8375","40.8943"
"110.3800","1.8379","40.8818"
"110.4000","1.8384","40.8650"
"110.4200","1.8388","40.8642"
"110.4400","1.8392","40.9617"
"110.4600","1.8395","40.9377"
"110.4800","1.8397","40.8760"
"110.5000","1.8400","40.8693"
"110.5200","1.8402","40.8661"
"110.5400","1.8405","40.9153"
"110.5600","1.8409","40.9792"
"110.5800","1.8413","41.0213"
"110.6000","1.8416","40.9983"
"110.6200","1.8420","40.9989"
"110.6400","1.8423","41.0038"
"110.6600","1.8426","40.9820"
"110.6800","1.8430","40.9539"
"110.7000","1.8433","40.9067"
"110.7200","1.8437","40.9702"
"110.7400","1.8441","41.0179"
"110.7600","1.8445","41.1335"
"110.7800","1.8448","41.2232"
"110.8000","1.8450","41.0911"
"110.8200","1.8453","41.0100"
"110.8400","1.8455","41.0575"
"110.8600","1.8458","41.0269"
"110.8800","1.8462","40.9675"
"110.9000","1.8465","41.0912"
"110.9200","1.8469","41.1140"
"110.9400","1.8473","41.1259"
"110.9600","1.8476","41.1772"
"110.9800","1.8479","41.1745"
"111.0000","1.8482","41.1340"
"111.0200","1.8485","41.1486"
"111.0400","1.8488","41.1879"
"111.0600","1.8492","41.2702"
"111.0800","1.8497","41.2554"
"111.1000","1.8502","41.2298"
"111.1200","1.8506","41.2314"
"111.1400","1.8508","41.1342"
"111.1600","1.8511","41.2083"
"111.1800","1.8513","41.2571"
"111.2000","1.8516","41.2545"
"111.2200","1.8518","41.2305"
"111.2400","1.8522","41.2341"
"111.2600","1.8526","41.3038"
"111.2800","1.8530","41.2811"
"111.3000","1.8534","41.2576"
"111.3200","1.8537","41.2721"
"111.3400","1.8540","41.2947"
"111.3600","1.8543","41.3497"
"111.3800","1.8547","41.2571"
"111.4000","1.8550","41.2725"
"111.4200","1.8554","41.3327"
"111.4400","1.8558","41.3802"
"111.4600","1.8561","41.3841"
"111.4800","1.8564","41.3754"
"111.5000","1.8567","41.3969"
"111.5200","1.8569","41.3770"
"111.5400","1.8572","41.4015"
"111.5600","1.8575","41.4007"
"111.5800","1.8579","41.5035"
"111.6000","1.8583","41.4774"
"111.6200","1.8587","41.4090"
"111.6400","1.8590","41.4184"
"111.6600","1.8593","41.4739"
"111.6800","1.8596","41.4781"
"111.7000","1.8599","41.4905"
"111.7200","1.8602","41.5709"
"111.7400","1.8605","41.5861"
"111.7600","1.8610","41.5726"
"111.7800","1.8615","41.4973"
"111.8000","1.8619","41.5266"
"111.8200","1.8622","41.5251"
"111.8400","1.8625","41.4662"
"111.8600","1.8627","41.5327"
"111.8800","1.8629","41.6055"
"111.9000","1.8632","41.6063"
"111.9200","1.8635","41.6096"
"111.9400","1.8639","41.5450"
"111.9600","1.8643","41.5118"
"111.9800","1.8647","41.5278"
"112.0000","1.8650","41.5993"
"112.0200","1.8653","41.6244"
"112.0400","1.8657","41.6586"
"112.0600","1.8660","41.6010"
"112.0800","1.8663","41.5791"
"112.1000","1.8667","41.6200"
"112.1200","1.8671","41.6113"
"112.1400","1.8675","41.6038"
"112.1600","1.8678","41.6483"
"112.1800","1.8680","41.7205"
"112.2000","1.8683","41.7011"
"112.2200","1.8685","41.6623"
"112.2400","1.8688","41.6885"
"112.2600","1.8692","41.6813"
"112.2800","1.8696","41.6898"
"112.3000","1.8699","41.7672"
"112.3200","1.8703","41.8264"
"112.3400","1.8706","41.8387"
"112.3600","1.8709","41.7876"
"112.3800","1.8712","41.7448"
"112.4000","1.8715","41.8368"
"112.4200","1.8718","41.8083"
"112.4400","1.8722","41.8026"
"112.4600","1.8727","41.8624"
"112.4800","1.8732","41.8962"
"112.5000","1.8736","41.8759"
"112.5200","1.8739","41.8472"
"112.5400","1.8741","41.8908"
"112.5600","1.8743","41.8829"
"112.5800","1.8745","41.9065"
"112.6000","1.8749","41.9672"
"112.6200","1.8752","41.9119"
"112.6400","1.8756","41.8533"
"112.6600","1.8760","41.8959"
"112.6800","1.8764","41.9674"
"112.7000","1.8767","42.0166"
"112.7200","1.8770","42.0287"
"112.7400","1.8773","41.9837"
"112.7600","1.8776","42.0554"
"112.7800","1.8780","42.0498"
"112.8000","1.8784","41.9949"
"112.8200","1.8788","42.0006"
"112.8400","1.8791","42.0224"
"112.8600","1.8794","41.9704"
"112.8800","1.8796","42.0423"
"112.9000","1.8799","42.0187"
"112.9200","1.8802","42.0757"
"112.9400","1.8805","42.0095"
"112.9600","1.8808","41.9921"
"112.9800","1.8812","42.0365"
"113.0000","1.8816","42.0921"
"113.0200","1.8819","42.1038"
"113.0400","1.8822","42.1361"
"113.0600","1.8825","42.1639"
"113.0800","1.8828","42.1328"
"113.1000","1.8831","42.2149"
"113.1200","1.8835","42.2466"
"113.1400","1.8839","42.2008"
"113.1600","1.8844","42.1408"
"113.1800","1.8849","42.1562"
"113.2000","1.8853","42.1498"
"113.2200","1.8855","42.2829"
"113.2400","1.8857","42.2624"
"113.2600","1.8859","42.2817"
"113.2800","1.8862","42.2010"
"113.3000","1.8865","42.2272"
"113.3200","1.8869","42.2016"
"113.3400","1.8873","42.2056"
"113.3600","1.8877","42.2103"
"113.3800","1.8880","42.2737"
"113.4000","1.8883","42.3023"
"113.4200","1.8887","42.3409"
"113.4400","1.8890","42.3117"
"113.4600","1.8893","42.2995"
"113.4800","1.8897","42.3046"
"113.5000","1.8901","42.3183"
"113.5200","1.8905","42.2463"
"113.5400","1.8908","42.3128"
"113.5600","1.8910","42.4080"
"113.5800","1.8913","42.3689"
"113.6000","1.8915","42.3586"
"113.6200","1.8919","42.3064"
"113.6400","1.8922","42.2964"
"113.6600","1.8926","42.2858"
"113.6800","1.8930","42.3273"
"113.7000","1.8933","42.4410"
"113.7200","1.8936","42.4541"
"113.7400","1.8939","42.4512"
"113.7600","1.8942","42.4292"
"113.7800","1.8945","42.4371"
"113.8000","1.8948","42.5007"
"113.8200","1.8952","42.4850"
"113.8400","1.8957","42.4801"
"113.8600","1.8962","42.5034"
"113.8800","1.8966","42.5526"
"113.9000","1.8969","42.5301"
"113.9200","1.8971","42.4394"
"113.9400","1.8973","42.5079"
"113.9600","1.8976","42.5794"
"113.9800","1.8979","42.6090"
"114.0000","1.8982","42.5922"
"114.0200","1.8986","42.6035"
"114.0400","1.8990","42.5745"
"114.0600","1.8993","42.5659"
"114.0800","1.8997","42.6367"
"114.1000","1.9000","42.6484"
"114.1200","1.9003","42.5793"
"114.1400","1.9006","42.5947"
"114.1600","1.9010","42.6601"
"114.1800","1.9014","42.7299"
"114.2000","1.9018","42.6672"
"114.2200","1.9021","42.5748"
"114.2400","1.9024","42.6315"
"114.2600","1.9026","42.7353"
"114.2800","1.9029","42.7379"
"114.3000","1.9032","42.7128"
"114.3200","1.9035","42.7054"
"114.3400","1.9038","42.7138"
"114.3600","1.9042","42.6812"
"114.3800","1.9046","42.7330"
"114.4000","1.9049","42.7053"
"114.4200","1.9052","42.6472"
"114.4400","1.9055","42.6965"
"114.4600","1.9058","42.7639"
"114.4800","1.9061","42.7429"
"114.5000","1.9065","42.7873"
"114.5200","1.9069","42.8978"
"114.5400","1.9074","42.8645"
"114.5600","1.9079","42.8628"
"114.5800","1.9082","42.8933"
"114.6000","1.9084","42.9324"
"114.6200","1.9087","42.8627"
"114.6400","1.9089","42.7833"
"114.6600","1.9092","42.7591"
"114.6800","1.9095","42.8745"
"114.7000","1.9099","42.9477"
"114.7200","1.9103","42.9680"
"114.7400","1.9107","42.9780"
"114.7600","1.9110","42.9238"
"114.7800","1.9113","42.9165"
"114.8000","1.9116","42.9287"
"114.8200","1.9120","42.9359"
"114.8400","1.9123","42.9581"
"114.8600","1.9127","42.9792"
"114.8800","1.9131","43.0416"
"114.9000","1.9135","43.0965"
"114.9200","1.9138","43.0480"
"114.9400","1.9140","42.9514"
"114.9600","1.9143","42.9319"
"114.9800","1.9146","42.9129"
"115.0000","1.9149","42.9885"
"115.0200","1.9152","43.0389"
"115.0400","1.9156","43.0855"
"115.0600","1.9160","43.0275"
"115.0800","1.9163","43.0066"
"115.1000","1.9166","43.0764"
"115.1200","1.9169","43.1227"
"115.1400","1.9171","43.1502"
"115.1600","1.9175","43.1732"
"115.1800","1.9178","43.1596"
"115.2000","1.9182","43.0932"
"115.2200","1.9187","43.1294"
"115.2400","1.9192","43.1758"
"115.2600","1.9195","43.1708"
"115.2800","1.9198","43.1742"
"115.3000","1.9200","43.1969"
"115.3200","1.9203","43.2143"
"115.3400","1.9206","43.1658"
"115.3600","1.9209","43.1217"
"115.3800","1.9212","43.1099"
"115.4000","1.9216","43.2258"
"115.4200","1.9220","43.3001"
"115.4400","1.9223","43.2962"
"115.4600","1.9226","43.3031"
"115.4800","1.9229","43.3282"
"115.5000","1.9233","43.2877"
"115.5200","1.9236","43.2382"
"115.5400","1.9241","43.3175"
"115.5600","1.9245","43.3484"
"115.5800","1.9249","43.3368"
"115.6000","1.9252","43.4154"
"115.6200","1.9254","43.4310"
"115.6400","1.9257","43.4736"
"115.6600","1.9259","43.4473"
"115.6800","1.9262","43.3229"
"115.7000","1.9266","43.3995"
"115.7200","1.9269","43.4269"
"115.7400","1.9273","43.2789"
"115.7600","1.9277","43.2773"
"115.7800","1.9280","43.3253"
"115.8000","1.9282","43.4699"
"115.8200","1.9285","43.4912"
"115.8400","1.9288","43.4654"
"115.8600","1.9291","43.3961"
"115.8800","1.9295","43.3875"
"115.9000","1.9300","43.4778"
"115.9200","1.9304","43.4282"
"115.9400","1.9308","43.4331"
"115.9600","1.9312","43.4604"
"115.9800","1.9314","43.4840"
"116.0000","1.9316","43.5363"
"116.0200","1.9319","43.4865"
"116.0400","1.9322","43.5228"
"116.0600","1.9326","43.5858"
"116.0800","1.9329","43.6441"
"116.1000","1.9333","43.6122"
"116.1200","1.9337","43.5899"
"116.1400","1.9340","43.5832"
"116.1600","1.9343","43.5832"
"116.1800","1.9346","43.5120"
"116.2000","1.9350","43.5552"
"116.2200","1.9354","43.5848"
"116.2400","1.9358","43.6208"
"116.2600","1.9362","43.6031"
"116.2800","1.9365","43.5665"
"116.3000","1.9368","43.6031"
"116.3200","1.9370","43.5757"
"116.3400","1.9373","43.6391"
"116.3600","1.9376","43.7545"
"116.3800","1.9379","43.7212"
"116.4000","1.9383","43.7164"
"116.4200","1.9387","43.6657"
"116.4400","1.9390","43.6698"
"116.4600","1.9394","43.7391"
"116.4800","1.9396","43.7727"
"116.5000","1.9399","43.7556"
"116.5200","1.9401","43.6882"
"116.5400","1.9404","43.7326"
"116.5600","1.9408","43.8059"
"116.5800","1.9412","43.8187"
"116.6000","1.9417","43.8491"
"116.6200","1.9421","43.8817"
"116.6400","1.9425","43.9247"
"116.6600","1.9427","43.9254"
"116.6800","1.9430","43.8611"
"116.7000","1.9432","43.8086"
"116.7200","1.9435","43.7746"
"116.7400","1.9439","43.8450"
"116.7600","1.9442","43.9667"
"116.7800","1.9446","43.9225"
"116.8000","1.9450","43.8856"
"116.8200","1.9453","43.8797"
"116.8400","1.9456","43.8947"
"116.8600","1.9459","43.9183"
"116.8800","1.9463","44.0016"
"116.9000","1.9467","43.9840"
"116.9200","1.9471","43.9320"
"116.9400","1.9475","43.9622"
"116.9600","1.9478","43.9671"
"116.9800","1.9481","43.9009"
"117.0000","1.9484","43.8868"
"117.0200","1.9486","43.9257"
"117.0400","1.9489","44.0214"
"117.0600","1.9492","43.9659"
"117.0800","1.9496","44.0258"
"117.1000","1.9499","44.1306"
"117.1200","1.9503","44.1045"
"117.1400","1.9506","44.0046"
"117.1600","1.9510","44.0312"
"117.1800","1.9512","44.1157"
"117.2000","1.9515","44.1097"
"117.2200","1.9518","44.0844"
"117.2400","1.9521","44.1346"
"117.2600","1.9525","44.1372"
"117.2800","1.9530","44.1113"
"117.3000","1.9534","44.0871"
"117.3200","1.9538","44.1356"
"117.3400","1.9541","44.1467"
"117.3600","1.9543","44.1524"
"117.3800","1.9546","44.1498"
"117.4000","1.9549","44.0922"
"117.4200","1.9552","44.1150"
"117.4400","1.9555","44.0932"
"117.4600","1.9559","44.0894"
"117.4800","1.9563","44.1855"
"117.5000","1.9567","44.3510"
"117.5200","1.9570","44.3690"
"117.5400","1.9573","44.3706"
"117.5600","1.9576","44.2871"
"117.5800","1.9579","44.2329"
"117.6000","1.9583","44.2376"
"117.6200","1.9587","44.2942"
"117.6400","1.9592","44.2422"
"117.6600","1.9595","44.3100"
"117.6800","1.9598","44.3289"
"117.7000","1.9600","44.2392"
"117.7200","1.9603","44.2225"
"117.7400","1.9605","44.2622"
"117.7600","1.9609","44.3342"
"117.7800","1.9612","44.3155"
"117.8000","1.9616","44.3162"
"117.8200","1.9620","44.3761"
"117.8400","1.9623","44.3839"
"117.8600","1.9626","44.4241"
"117.8800","1.9629","44.3952"
"117.9000","1.9631","44.3652"
"117.9200","1.9634","44.3939"
"117.9400","1.9638","44.4541"
"117.9600","1.9642","44.4616"
"117.9800","1.9647","44.5345"
"118.0000","1.9652","44.5492"
"118.0200","1.9655","44.5445"
"118.0400","1.9658","44.4849"
"118.0600","1.9660","44.4967"
"118.0800","1.9662","44.5089"
"118.1000","1.9665","44.4337"
"118.1200","1.9668","44.3848"
"118.1400","1.9672","44.5521"
"118.1600","1.9676","44.6434"
"118.1800","1.9680","44.5981"
"118.2000","1.9683","44.5646"
"118.2200","1.9686","44.5515"
"118.2400","1.9689","44.5880"
"118.2600","1.9693","44.5935"
"118.2800","1.9697","44.5851"
"118.3000","1.9701","44.5349"
"118.3200","1.9705","44.5929"
"118.3400","1.9708","44.5910"
"118.3600","1.9711","44.5840"
"118.3800","1.9714","44.5903"
"118.4000","1.9716","44.6630"
"118.4200","1.9719","44.6175"
"118.4400","1.9722","44.5964"
"118.4600","1.9725","44.6309"
"118.4800","1.9729","44.7605"
"118.5000","1.9733","44.8322"
"118.5200","1.9737","44.7908"
"118.5400","1.9740","44.6724"
"118.5600","1.9743","44.7156"
"118.5800","1.9746","44.7332"
"118.6000","1.9749","44.7420"
"118.6200","1.9752","44.7776"
"118.6400","1.9756","44.8462"
"118.6600","1.9760","44.9076"
"118.6800","1.9765","44.8226"
"118.7000","1.9769","44.8428"
"118.7200","1.9772","44.7972"
"118.7400","1.9774","44.7900"
"118.7600","1.9777","44.8002"
"118.7800","1.9779","44.8309"
"118.8000","1.9782","44.8034"
"118.8200","1.9786","44.7829"
"118.8400","1.9790","44.8186"
"118.8600","1.9793","44.8372"
"118.8800","1.9797","44.8281"
"118.9000","1.9800","44.8722"
"118.9200","1.9803","44.9797"
"118.9400","1.9806","45.0395"
"118.9600","1.9810","44.9989"
"118.9800","1.9814","44.9574"
"119.0000","1.9818","44.9111"
"119.0200","1.9822","44.9890"
"119.0400","1.9825","44.9983"
"119.0600","1.9827","44.9521"
"119.0800","1.9830","45.0553"
"119.1000","1.9832","44.9706"
"119.1200","1.9835","44.9529"
"119.1400","1.9838","45.0346"
"119.1600","1.9842","45.0839"
"119.1800","1.9846","45.1604"
"119.2000","1.9850","45.1705"
"119.2200","1.9854","45.1392"
"119.2400","1.9856","45.1526"
"119.2600","1.9859","45.1224"
"119.2800","1.9862","45.0402"
"119.3000","1.9865","45.1293"
"119.3200","1.9869","45.1501"
"119.3400","1.9873","45.0909"
"119.3600","1.9878","45.0590"
"119.3800","1.9882","45.0419"
"119.4000","1.9885","45.0472"
"119.4200","1.9887","45.0619"
"119.4400","1.9890","45.1056"
"119.4600","1.9892","45.1294"
"119.4800","1.9895","45.1576"
"119.5000","1.9898","45.1649"
"119.5200","1.9902","45.1637"
"119.5400","1.9906","45.2345"
"119.5600","1.9910","45.1524"
"119.5800","1.9913","45.0921"
"119.6000","1.9916","45.1990"
"119.6200","1.9919","45.2280"
"119.6400","1.9923","45.1809"
"119.6600","1.9927","45.2309"
"119.6800","1.9931","45.2322"
"119.7000","1.9935","45.2939"
"119.7200","1.9938","45.2897"
"119.7400","1.9941","45.2226"
"119.7600","1.9944","45.2432"
"119.7800","1.9946","45.2588"
"119.8000","1.9949","45.2764"
"119.8200","1.9952","45.2873"
"119.8400","1.9955","45.3128"
"119.8600","1.9959","45.4111"
"119.8800","1.9963","45.4382"
"119.9000","1.9967","45.3843"
"119.9200","1.9970","45.4602"
"119.9400","1.9972","45.4563"
"119.9600","1.9975","45.3501"
"119.9800","1.9978","45.3504"
"120.0000","1.9982","45.3435"
"120.0200","1.9986","45.3187"
"120.0400","1.9991","45.3555"
"120.0600","1.9995","45.4136"
"120.0800","1.9999","45.4827"
"120.1000","2.0002","45.4960"
"120.1200","2.0004","45.5222"
"120.1400","2.0006","45.5482"
"120.1600","2.0009","45.4928"
"120.1800","2.0012","45.4765"
"120.2000","2.0015","45.5153"
"120.2200","2.0019","45.5571"
"120.2400","2.0023","45.5289"
"120.2600","2.0026","45.5292"
"120.2800","2.0029","45.4647"
"120.3000","2.0032","45.5213"
"120.3200","2.0036","45.5760"
"120.3400","2.0039","45.5971"
"120.3600","2.0044","45.6143"
"120.3800","2.0048","45.5908"
"120.4000","2.0052","45.5764"
"120.4200","2.0055","45.6084"
"120.4400","2.0058","45.6234"
"120.4600","2.0060","45.6038"
"120.4800","2.0062","45.5935"
"120.5000","2.0065","45.6829"
"120.5200","2.0069","45.6853"
"120.5400","2.0072","45.6821"
"120.5600","2.0076","45.7035"
"120.5800","2.0080","45.6691"
"120.6000","2.0083","45.6799"
"120.6200","2.0086","45.7260"
"120.6400","2.0089","45.7424"
"120.6600","2.0092","45.7393"
"120.6800","2.0095","45.6547"
"120.7000","2.0099","45.5933"
"120.7200","2.0103","45.6983"
"120.7400","2.0108","45.8183"
"120.7600","2.0112","45.7820"
"120.7800","2.0115","45.7396"
"120.8000","2.0118","45.7540"
"120.8200","2.0120","45.7922"
"120.8400","2.0122","45.7569"
"120.8600","2.0125","45.7413"
"120.8800","2.0128","45.8092"
"120.9000","2.0132","45.8773"
"120.9200","2.0136","45.8432"
"120.9400","2.0139","45.8634"
"120.9600","2.0143","45.8953"
"120.9800","2.0146","45.8651"
"121.0000","2.0149","45.9707"
"121.0200","2.0153","45.9345"
"121.0400","2.0157","45.8566"
"121.0600","2.0161","45.8625"
"121.0800","2.0165","45.8990"
"121.1000","2.0168","45.9938"
"121.1200","2.0171","46.0412"
"121.1400","2.0174","45.9120"
"121.1600","2.0176","45.9162"
"121.1800","2.0179","45.9960"
"121.2000","2.0182","46.0098"
"121.2200","2.0185","46.0621"
"121.2400","2.0189","46.0781"
"121.2600","2.0193","46.0605"
"121.2800","2.0197","46.0389"
"121.3000","2.0200","45.9694"
"121.3200","2.0202","45.9472"
"121.3400","2.0205","45.9891"
"121.3600","2.0208","46.0469"
"121.3800","2.0212","46.0097"
"121.4000","2.0216","45.9786"
"121.4200","2.0221","45.9674"
"121.4400","2.0225","46.0493"
"121.4600","2.0229","46.1083"
"121.4800","2.0232","46.1974"
"121.5000","2.0234","46.2369"
"121.5200","2.0236","46.2570"
"121.5400","2.0239","46.1423"
"121.5600","2.0242","46.1562"
"121.5800","2.0245","46.1231"
"121.6000","2.0249","46.1740"
"121.6200","2.0253","46.1870"
"121.6400","2.0256","46.2442"
"121.6600","2.0260","46.2891"
"121.6800","2.0263","46.3231"
"121.7000","2.0266","46.3620"
"121.7200","2.0270","46.2715"
"121.7400","2.0274","46.1629"
"121.7600","2.0278","46.1989"
"121.7800","2.0282","46.2716"
"121.8000","2.0285","46.2360"
"121.8200","2.0287","46.2433"
"121.8400","2.0290","46.2203"
"121.8600","2.0292","46.1912"
"121.8800","2.0295","46.2185"
"121.9000","2.0299","46.2984"
"121.9200","2.0302","46.3746"
"121.9400","2.0306","46.3565"
"121.9600","2.0310","46.2845"
"121.9800","2.0313","46.2903"
"122.0000","2.0316","46.3583"
"122.0200","2.0319","46.3372"
"122.0400","2.0321","46.3762"
"122.0600","2.0325","46.4320"
"122.0800","2.0328","46.4641"
"122.1000","2.0333","46.4617"
"122.1200","2.0338","46.4550"
"122.1400","2.0342","46.4065"
"122.1600","2.0346","46.3998"
"122.1800","2.0348","46.4704"
"122.2000","2.0350","46.4271"
"122.2200","2.0353","46.3437"
"122.2400","2.0355","46.3638"
"122.2600","2.0359","46.4469"
"122.2800","2.0362","46.4804"
"122.3000","2.0366","46.4816"
"122.3200","2.0370","46.4804"
"122.3400","2.0373","46.5541"
"122.3600","2.0376","46.5989"
"122.3800","2.0379","46.5205"
"122.4000","2.0383","46.5163"
"122.4200","2.0387","46.5474"
"122.4400","2.0391","46.5621"
"122.4600","2.0395","46.5467"
"122.4800","2.0398","46.5899"
"122.5000","2.0401","46.5968"
"122.5200","2.0403","46.5561"
"122.5400","2.0406","46.5071"
"122.5600","2.0409","46.6097"
"122.5800","2.0412","46.6205"
"122.6000","2.0415","46.6069"
"122.6200","2.0419","46.6429"
"122.6400","2.0423","46.6266"
"122.6600","2.0427","46.6586"
"122.6800","2.0430","46.6643"
"122.7000","2.0432","46.7234"
"122.7200","2.0435","46.7247"
"122.7400","2.0438","46.6919"
"122.7600","2.0441","46.6986"
"122.7800","2.0446","46.8140"
"122.8000","2.0451","46.8066"
"122.8200","2.0455","46.7191"
"122.8400","2.0459","46.7362"
"122.8600","2.0462","46.7386"
"122.8800","2.0464","46.7564"
"122.9000","2.0466","46.7347"
"122.9200","2.0469","46.6898"
"122.9400","2.0472","46.6771"
"122.9600","2.0475","46.7653"
"122.9800","2.0479","46.7650"
"123.0000","2.0483","46.7780"
"123.0200","2.0486","46.8251"
"123.0400","2.0489","46.8738"
"123.0600","2.0492","46.9337"
"123.0800","2.0496","46.9409"
"123.1000","2.0500","46.9124"
"123.1200","2.0504","46.8840"
"123.1400","2.0508","46.9333"
"123.1600","2.0511","46.9946"
"123.1800","2.0515","46.9354"
"123.2000","2.0517","46.9586"
"123.2200","2.0520","46.9496"
"123.2400","2.0522","46.9754"
"123.2600","2.0525","46.9734"
"123.2800","2.0529","47.0347"
"123.3000","2.0532","46.9790"
"123.3200","2.0536","46.9543"
"123.3400","2.0540","46.9632"
"123.3600","2.0543","46.9639"
"123.3800","2.0546","46.9565"
"123.4000","2.0549","47.0177"
"123.4200","2.0552","47.0571"
"123.4400","2.0555","47.0593"
"123.4600","2.0559","47.0395"
"123.4800","2.0563","47.0539"
"123.5000","2.0568","47.0452"
"123.5200","2.0572","47.0958"
"123.5400","2.0575","47.0532"
"123.5600","2.0578","47.1291"
"123.5800","2.0580","47.1389"
"123.6000","2.0582","47.2504"
"123.6200","2.0585","47.2595"
"123.6400","2.0589","47.2288"
"123.6600","2.0592","47.2187"
"123.6800","2.0596","47.1698"
"123.7000","2.0600","47.1163"
"123.7200","2.0603","47.1225"
"123.7400","2.0606","47.2353"
"123.7600","2.0609","47.2712"
"123.7800","2.0613","47.2323"
"123.8000","2.0617","47.2379"
"123.8200","2.0621","47.2050"
"123.8400","2.0625","47.2742"
"123.8600","2.0628","47.2904"
"123.8800","2.0631","47.2437"
"123.9000","2.0633","47.2901"
"123.9200","2.0636","47.2803"
"123.9400","2.0639","47.2764"
"123.9600","2.0642","47.3730"
"123.9800","2.0645","47.3142"
"124.0000","2.0649","47.1630"
"124.0200","2.0653","47.1305"
"124.0400","2.0657","47.2655"
"124.0600","2.0660","47.3393"
"124.0800","2.0663","47.3662"
"124.1000","2.0665","47.4353"
"124.1200","2.0668","47.4042"
"124.1400","2.0672","47.3779"
"124.1600","2.0676","47.3540"
"124.1800","2.0681","47.3167"
"124.2000","2.0685","47.3403"
"124.2200","2.0689","47.3211"
"124.2400","2.0691","47.3817"
"124.2600","2.0694","47.4772"
"124.2800","2.0696","47.4495"
"124.3000","2.0699","47.4155"
"124.3200","2.0702","47.4768"
"124.3400","2.0705","47.5199"
"124.3600","2.0709","47.5080"
"124.3800","2.0713","47.4768"
"124.4000","2.0716","47.5346"
"124.4200","2.0720","47.4989"
"124.4400","2.0723","47.4668"
"124.4600","2.0726","47.5061"
"124.4800","2.0730","47.5467"
"124.5000","2.0734","47.5329"
"124.5200","2.0738","47.5190"
"124.5400","2.0741","47.5754"
"124.5600","2.0744","47.6287"
"124.5800","2.0747","47.6385"
"124.6000","2.0749","47.6236"
"124.6200","2.0752","47.5996"
"124.6400","2.0755","47.6220"
"124.6600","2.0758","47.6773"
"124.6800","2.0762","47.7480"
"124.7000","2.0766","47.6380"
"124.7200","2.0770","47.6209"
"124.7400","2.0773","47.6850"
"124.7600","2.0776","47.7220"
"124.7800","2.0779","47.7207"
"124.8000","2.0782","47.6982"
"124.8200","2.0785","47.6741"
"124.8400","2.0789","47.7692"
"124.8600","2.0793","47.6748"
"124.8800","2.0798","47.6222"
"124.9000","2.0802","47.6960"
"124.9200","2.0805","47.7903"
"124.9400","2.0807","47.7728"
"124.9600","2.0810","47.7917"
"124.9800","2.0812","47.8090"
"125.0000","2.0815","47.8253"
"125.0200","2.0819","47.8083"
"125.0400","2.0822","47.7802"
"125.0600","2.0826","47.8378"
"125.0800","2.0830","47.8465"
"125.1000","2.0833","47.8535"
"125.1200","2.0836","47.7845"
"125.1400","2.0839","47.7256"
"125.1600","2.0843","47.8263"
"125.1800","2.0847","47.9054"
"125.2000","2.0851","47.9582"
"125.2200","2.0854","47.9430"
"125.2400","2.0858","47.8640"
"125.2600","2.0860","47.8080"
"125.2800","2.0863","47.8802"
"125.3000","2.0865","47.8935"
"125.3200","2.0868","47.8295"
"125.3400","2.0871","47.8424"
"125.3600","2.0875","47.9577"
"125.3800","2.0879","47.9404"
"125.4000","2.0883","48.0487"
"125.4200","2.0886","48.0592"
"125.4400","2.0889","47.9725"
"125.4600","2.0892","47.9634"
"125.4800","2.0895","48.0289"
"125.5000","2.0898","47.9988"
"125.5200","2.0902","47.9985"
"125.5400","2.0907","48.0040"
"125.5600","2.0911","47.9634"
"125.5800","2.0916","47.9362"
"125.6000","2.0919","47.9853"
"125.6200","2.0921","48.1027"
"125.6400","2.0923","48.2406"
"125.6600","2.0926","48.1498"
"125.6800","2.0929","48.1031"
"125.7000","2.0932","48.1340"
"125.7200","2.0936","48.1985"
"125.7400","2.0940","48.1421"
"125.7600","2.0944","48.1032"
"125.7800","2.0947","48.0617"
"125.8000","2.0950","48.0516"
"125.8200","2.0953","48.0529"
"125.8400","2.0957","48.0915"
"125.8600","2.0960","48.2357"
"125.8800","2.0964","48.2972"
"125.9000","2.0968","48.3357"
"125.9200","2.0971","48.2400"
"125.9400","2.0974","48.2561"
"125.9600","2.0977","48.2666"
"125.9800","2.0979","48.2378"
"126.0000","2.0982","48.2185"
"126.0200","2.0985","48.1795"
"126.0400","2.0989","48.2678"
"126.0600","2.0992","48.3182"
"126.0800","2.0996","48.2527"
"126.1000","2.1000","48.2299"
"126.1200","2.1003","48.2475"
"126.1400","2.1006","48.2516"
"126.1600","2.1008","48.2488"
"126.1800","2.1011","48.3160"
"126.2000","2.1015","48.3486"
"126.2200","2.1019","48.3208"
"126.2400","2.1024","48.3290"
"126.2600","2.1029","48.3001"
"126.2800","2.1032","48.3102"
"126.3000","2.1035","48.3221"
"126.3200","2.1037","48.3413"
"126.3400","2.1039","48.3154"
"126.3600","2.1042","48.2915"
"126.3800","2.1045","48.3810"
"126.4000","2.1049","48.3756"
"126.4200","2.1053","48.3988"
"126.4400","2.1057","48.4642"
"126.4600","2.1060","48.4014"
"126.4800","2.1064","48.3827"
"126.5000","2.1067","48.3718"
"126.5200","2.1070","48.4337"
"126.5400","2.1073","48.4353"
"126.5600","2.1077","48.4813"
"126.5800","2.1081","48.4728"
"126.6000","2.1085","48.5263"
"126.6200","2.1088","48.6129"
"126.6400","2.1090","48.6586"
"126.6600","2.1093","48.6252"
"126.6800","2.1095","48.6092"
"126.7000","2.1098","48.6041"
"126.7200","2.1102","48.5798"
"126.7400","2.1106","48.5510"
"126.7600","2.1109","48.5696"
"126.7800","2.1113","48.6274"
"126.8000","2.1117","48.6479"
"126.8200","2.1119","48.6523"
"126.8400","2.1122","48.6283"
"126.8600","2.1125","48.6389"
"126.8800","2.1128","48.6455"
"126.9000","2.1132","48.6159"
"126.9200","2.1137","48.6113"
"126.9400","2.1142","48.6685"
"126.9600","2.1146","48.7010"
"126.9800","2.1149","48.7196"
"127.0000","2.1151","48.8392"
"127.0200","2.1153","48.8232"
"127.0400","2.1156","48.7129"
"127.0600","2.1159","48.7613"
"127.0800","2.1162","48.8189"
"127.1000","2.1166","48.8130"
"127.1200","2.1170","48.8937"
"127.1400","2.1174","48.8905"
"127.1600","2.1177","48.7652"
"127.1800","2.1180","48.7185"
"127.2000","2.1183","48.7472"
"127.2200","2.1187","48.8064"
"127.2400","2.1190","48.8361"
"127.2600","2.1194","48.8981"
"127.2800","2.1198","48.9225"
"127.3000","2.1201","48.8660"
"127.3200","2.1204","48.8833"
"127.3400","2.1207","48.8507"
"127.3600","2.1209","48.8311"
"127.3800","2.1212","48.9217"
"127.4000","2.1215","48.8676"
"127.4200","2.1218","48.8384"
"127.4400","2.1222","48.9177"
"127.4600","2.1226","48.9774"
"127.4800","2.1230","48.9512"
"127.5000","2.1233","48.8876"
"127.5200","2.1235","48.9397"
"127.5400","2.1238","48.9703"
"127.5600","2.1241","49.0501"
"127.5800","2.1245","48.9602"
"127.6000","2.1249","48.9650"
"127.6200","2.1254","49.0642"
"127.6400","2.1259","49.1544"
"127.6600","2.1262","49.1023"
"127.6800","2.1265","49.0159"
"127.7000","2.1267","49.0262"
"127.7200","2.1269","49.0377"
"127.7400","2.1272","49.0859"
"127.7600","2.1275","49.1314"
"127.7800","2.1279","49.0912"
"127.8000","2.1283","49.1294"
"127.8200","2.1286","49.1182"
"127.8400","2.1290","49.0885"
"127.8600","2.1293","49.0405"
"127.8800","2.1296","49.1161"
"127.9000","2.1300","49.1449"
"127.9200","2.1303","49.1779"
"127.9400","2.1307","49.1198"
"127.9600","2.1311","49.2600"
"127.9800","2.1314","49.3137"
"128.0000","2.1318","49.2489"
"128.0200","2.1320","49.2195"
"128.0400","2.1323","49.2412"
"128.0600","2.1325","49.2400"
"128.0800","2.1328","49.2515"
"128.1000","2.1332","49.2750"
"128.1200","2.1336","49.3217"
"128.1400","2.1339","49.2962"
"128.1600","2.1343","49.2451"
"128.1800","2.1346","49.2102"
"128.2000","2.1349","49.1880"
"128.2200","2.1352","49.3207"
"128.2400","2.1355","49.3596"
"128.2600","2.1358","49.4040"
"128.2800","2.1362","49.4439"
"128.3000","2.1366","49.3830"
"128.3200","2.1371","49.3515"
"128.3400","2.1376","49.3563"
"128.3600","2.1379","49.3122"
"128.3800","2.1381","49.3874"
"128.4000","2.1383","49.3986"
"128.4200","2.1386","49.3879"
"128.4400","2.1389","49.4554"
"128.4600","2.1392","49.3747"
"128.4800","2.1396","49.3842"
"128.5000","2.1400","49.3882"
"128.5200","2.1403","49.5063"
"128.5400","2.1407","49.5229"
"128.5600","2.1410","49.4924"
"128.5800","2.1413","49.4349"
"128.6000","2.1416","49.4176"
"128.6200","2.1420","49.4908"
"128.6400","2.1424","49.5199"
"128.6600","2.1428","49.6007"
"128.6800","2.1431","49.6362"
"128.7000","2.1434","49.5722"
"128.7200","2.1437","49.5030"
"128.7400","2.1439","49.4667"
"128.7600","2.1442","49.4992"
"128.7800","2.1445","49.4437"
"128.8000","2.1449","49.5402"
"128.8200","2.1452","49.5907"
"128.8400","2.1456","49.5773"
"128.8600","2.1459","49.5248"
"128.8800","2.1462","49.5087"
"128.9000","2.1465","49.4863"
"128.9200","2.1468","49.5720"
"128.9400","2.1471","49.6682"
"128.9600","2.1475","49.6377"
"128.9800","2.1479","49.6123"
"129.0000","2.1484","49.6669"
"129.0200","2.1488","49.6405"
"129.0400","2.1492","49.6883"
"129.0600","2.1495","49.7318"
"129.0800","2.1497","49.7776"
"129.1000","2.1499","49.6602"
"129.1200","2.1502","49.7004"
"129.1400","2.1505","49.7450"
"129.1600","2.1509","49.7430"
"129.1800","2.1513","49.6966"
"129.2000","2.1517","49.7327"
"129.2200","2.1520","49.7854"
"129.2400","2.1523","49.8277"
"129.2600","2.1526","49.8096"
"129.2800","2.1530","49.7859"
"129.3000","2.1533","49.6743"
"129.3200","2.1537","49.7503"
"129.3400","2.1541","49.8287"
"129.3600","2.1545","49.8112"
"129.3800","2.1548","49.8168"
"129.4000","2.1550","49.8039"
"129.4200","2.1553","49.8519"
"129.4400","2.1556","49.8573"
"129.4600","2.1559","49.8020"
"129.4800","2.1562","49.8610"
"129.5000","2.1566","49.9946"
"129.5200","2.1570","49.9619"
"129.5400","2.1573","49.9695"
"129.5600","2.1576","49.9156"
"129.5800","2.1579","49.9223"
"129.6000","2.1582","49.9442"
"129.6200","2.1585","49.9216"
"129.6400","2.1588","49.9597"
"129.6600","2.1592","49.9194"
"129.6800","2.1597","49.9806"
"129.7000","2.1602","50.0019"
"129.7200","2.1605","50.0595"
"129.7400","2.1608","50.1209"
"129.7600","2.1611","50.0437"
"129.7800","2.1613","50.0141"
"129.8000","2.1616","49.9894"
"129.8200","2.1619","50.0281"
"129.8400","2.1623","50.0594"
"129.8600","2.1627","50.0635"
"129.8800","2.1630","50.0900"
"129.9000","2.1634","50.0705"
"129.9200","2.1637","50.0916"
"129.9400","2.1640","50.0136"
"129.9600","2.1643","50.0414"
"129.9800","2.1647","50.1019"
"130.0000","2.1651","50.0993"
"130.0200","2.1655","50.0761"
"130.0400","2.1659","50.1108"
"130.0600","2.1662","50.1739"
"130.0800","2.1665","50.1486"
"130.1000","2.1667","50.1711"
"130.1200","2.1669","50.2181"
"130.1400","2.1672","50.2361"
"130.1600","2.1675","50.2858"
"130.1800","2.1679","50.2628"
"130.2000","2.1683","50.2046"
"130.2200","2.1686","50.1962"
"130.2400","2.1690","50.2222"
"130.2600","2.1693","50.2084"
"130.2800","2.1695","50.2678"
"130.3000","2.1698","50.3165"
"130.3200","2.1701","50.3761"
"130.3400","2.1705","50.3448"
"130.3600","2.1709","50.3173"
"130.3800","2.1714","50.4011"
"130.4000","2.1718","50.3979"
"130.4200","2.1722","50.3651"
"130.4400","2.1724","50.2831"
"130.4600","2.1726","50.2963"
"130.4800","2.1729","50.2985"
"130.5000","2.1732","50.3280"
"130.5200","2.1735","50.3566"
"130.5400","2.1739","50.3657"
"130.5600","2.1743","50.3652"
"130.5800","2.1747","50.3489"
"130.6000","2.1750","50.3698"
"130.6200","2.1753","50.4586"
"130.6400","2.1756","50.4638"
"130.6600","2.1759","50.5178"
"130.6800","2.1763","50.5758"
"130.7000","2.1767","50.5803"
"130.7200","2.1771","50.5571"
"130.7400","2.1775","50.4753"
"130.7600","2.1778","50.4412"
"130.7800","2.1780","50.5407"
"130.8000","2.1783","50.5196"
"130.8200","2.1786","50.5475"
"130.8400","2.1789","50.5147"
"130.8600","2.1792","50.5623"
"130.8800","2.1796","50.5743"
"130.9000","2.1800","50.5201"
"130.9200","2.1803","50.5846"
"130.9400","2.1806","50.6492"
"130.9600","2.1809","50.6476"
"130.9800","2.1812","50.6083"
"131.0000","2.1814","50.6159"
"131.0200","2.1818","50.5662"
"131.0400","2.1822","50.6116"
"131.0600","2.1827","50.6384"
"131.0800","2.1831","50.7126"
"131.1000","2.1835","50.6467"
"131.1200","2.1838","50.6853"
"131.1400","2.1840","50.7158"
"131.1600","2.1842","50.7005"
"131.1800","2.1845","50.6704"
"131.2000","2.1849","50.6837"
"131.2200","2.1852","50.7270"
"131.2400","2.1856","50.7968"
"131.2600","2.1860","50.7913"
"131.2800","2.1863","50.7726"
"131.3000","2.1866","50.8156"
"131.3200","2.1869","50.7883"
"131.3400","2.1873","50.7785"
"131.3600","2.1876","50.7952"
"131.3800","2.1880","50.8228"
"131.4000","2.1884","50.7894"
"131.4200","2.1888","50.7353"
"131.4400","2.1891","50.7863"
"131.4600","2.1894","50.8466"
"131.4800","2.1896","50.8118"
"131.5000","2.1899","50.8339"
"131.5200","2.1902","50.8451"
"131.5400","2.1905","50.8657"
"131.5600","2.1909","50.7664"
"131.5800","2.1913","50.8295"
"131.6000","2.1916","50.8617"
"131.6200","2.1920","50.9057"
"131.6400","2.1922","50.8938"
"131.6600","2.1925","50.8663"
"131.6800","2.1928","50.9508"
"131.7000","2.1931","50.9200"
"131.7200","2.1935","50.8955"
"131.7400","2.1939","50.9945"
"131.7600","2.1944","50.9683"
"131.7800","2.1948","50.9169"
"131.8000","2.1952","50.8794"
"131.8200","2.1954","50.8567"
"131.8400","2.1956","50.8989"
"131.8600","2.1959","50.9222"
"131.8800","2.1962","50.9713"
"131.9000","2.1965","50.9652"
"131.9200","2.1969","50.9542"
"131.9400","2.1973","51.0838"
"131.9600","2.1977","51.1505"
"131.9800","2.1980","51.1329"
"132.0000","2.1983","51.1604"
"132.0200","2.1986","51.2066"
"132.0400","2.1989","51.1053"
"132.0600","2.1993","51.1410"
"132.0800","2.1998","51.1149"
"132.1000","2.2002","51.0900"
"132.1200","2.2005","51.1278"
"132.1400","2.2008","51.1192"
"132.1600","2.2010","51.0536"
"132.1800","2.2013","51.0288"
"132.2000","2.2016","51.0780"
"132.2200","2.2019","51.1308"
"132.2400","2.2022","51.1322"
"132.2600","2.2026","51.2522"
"132.2800","2.2030","51.2960"
"132.3000","2.2033","51.1772"
"132.3200","2.2036","51.2164"
"132.3400","2.2039","51.2346"
"132.3600","2.2042","51.2706"
"132.3800","2.2044","51.2325"
"132.4000","2.2048","51.1724"
"132.4200","2.2052","51.1535"
"132.4400","2.2057","51.2104"
"132.4600","2.2061","51.3021"
"132.4800","2.2065","51.3700"
"132.5000","2.2068","51.2890"
"132.5200","2.2070","51.3239"
"132.5400","2.2073","51.3171"
"132.5600","2.2075","51.2882"
"132.5800","2.2079","51.3121"
"132.6000","2.2082","51.2443"
"132.6200","2.2086","51.2903"
"132.6400","2.2090","51.3512"
"132.6600","2.2093","51.4343"
"132.6800","2.2096","51.4437"
"132.7000","2.2099","51.3429"
"132.7200","2.2103","51.3590"
"132.7400","2.2106","51.3865"
"132.7600","2.2110","51.4250"
"132.7800","2.2115","51.4682"
"132.8000","2.2118","51.5171"
"132.8200","2.2121","51.4772"
"132.8400","2.2124","51.4087"
"132.8600","2.2126","51.4565"
"132.8800","2.2129","51.5160"
"132.9000","2.2132","51.5137"
"132.9200","2.2135","51.4622"
"132.9400","2.2139","51.4211"
"132.9600","2.2143","51.5149"
"132.9800","2.2147","51.5138"
"133.0000","2.2150","51.5484"
"133.0200","2.2153","51.4695"
"133.0400","2.2156","51.5468"
"133.0600","2.2158","51.5512"
"133.0800","2.2162","51.5770"
"133.1000","2.2165","51.5950"
"133.1200","2.2170","51.6426"
"133.1400","2.2175","51.6476"
"133.1600","2.2179","51.6330"
"133.1800","2.2182","51.6772"
"133.2000","2.2184","51.6385"
"133.2200","2.2187","51.7029"
"133.2400","2.2189","51.6953"
"133.2600","2.2192","51.6836"
"133.2800","2.2195","51.6585"
"133.3000","2.2199","51.6471"
"133.3200","2.2203","51.6261"
"133.3400","2.2207","51.6164"
"133.3600","2.2210","51.6457"
"133.3800","2.2213","51.7020"
"133.4000","2.2216","51.7415"
"133.4200","2.2219","51.6491"
"133.4400","2.2223","51.6758"
"133.4600","2.2228","51.7216"
"133.4800","2.2232","51.7916"
"133.5000","2.2235","51.8134"
"133.5200","2.2238","51.7452"
"133.5400","2.2240","51.6897"
"133.5600","2.2243","51.7451"
"133.5800","2.2245","51.7671"
"133.6000","2.2249","51.8379"
"133.6200","2.2252","51.8571"
"133.6400","2.2256","51.8752"
"133.6600","2.2260","51.9454"
"133.6800","2.2264","51.9274"
"133.7000","2.2267","51.9409"
"133.7200","2.2269","51.9252"
"133.7400","2.2272","51.9015"
"133.7600","2.2275","51.9131"
"133.7800","2.2278","51.9136"
"133.8000","2.2283","51.8832"
"133.8200","2.2287","51.8671"
"133.8400","2.2292","51.9084"
"133.8600","2.2295","51.9710"
"133.8800","2.2298","51.9462"
"133.9000","2.2300","51.9227"
"133.9200","2.2303","51.8487"
"133.9400","2.2305","51.9235"
"133.9600","2.2309","51.9523"
"133.9800","2.2312","51.9564"
"134.0000","2.2316","51.9096"
"134.0200","2.2320","51.9424"
"134.0400","2.2323","52.0187"
"134.0600","2.2326","52.0776"
"134.0800","2.2329","52.1485"
"134.1000","2.2333","52.1517"
"134.1200","2.2337","52.0737"
"134.1400","2.2341","51.9339"
"134.1600","2.2345","51.9796"
"134.1800","2.2348","51.9867"
"134.2000","2.2351","52.0257"
"134.2200","2.2354","52.0875"
"134.2400","2.2356","52.0289"
"134.2600","2.2359","52.0828"
"134.2800","2.2362","52.2228"
"134.3000","2.2365","52.1790"
"134.3200","2.2369","52.0904"
"134.3400","2.2373","52.0697"
"134.3600","2.2377","52.0908"
"134.3800","2.2380","52.1872"
"134.4000","2.2383","52.2818"
"134.4200","2.2385","52.2658"
"134.4400","2.2388","52.1927"
"134.4600","2.2392","52.1382"
"134.4800","2.2396","52.2292"
"134.5000","2.2400","52.3616"
"134.5200","2.2405","52.3008"
"134.5400","2.2409","52.2518"
"134.5600","2.2412","52.2056"
"134.5800","2.2414","52.2638"
"134.6000","2.2416","52.3984"
"134.6200","2.2419","52.3422"
"134.6400","2.2422","52.2868"
"134.6600","2.2425","52.2804"
"134.6800","2.2429","52.2764"
"134.7000","2.2433","52.2895"
"134.7200","2.2436","52.3614"
"134.7400","2.2439","52.3055"
"134.7600","2.2442","52.3675"
"134.7800","2.2446","52.3331"
"134.8000","2.2449","52.3854"
"134.8200","2.2453","52.4213"
"134.8400","2.2458","52.4847"
"134.8600","2.2462","52.4270"
"134.8800","2.2465","52.3644"
"134.9000","2.2468","52.3567"
"134.9200","2.2470","52.4232"
"134.9400","2.2473","52.4016"
"134.9600","2.2475","52.2780"
"134.9800","2.2478","52.3683"
"135.0000","2.2482","52.4062"
"135.0200","2.2486","52.4178"
"135.0400","2.2490","52.4665"
"135.0600","2.2493","52.6044"
"135.0800","2.2496","52.5302"
"135.1000","2.2499","52.5355"
"135.1200","2.2502","52.5047"
"135.1400","2.2505","52.4863"
"135.1600","2.2508","52.4304"
"135.1800","2.2513","52.5129"
"135.2000","2.2518","52.6153"
"135.2200","2.2522","52.6167"
"135.2400","2.2526","52.5792"
"135.2600","2.2528","52.5862"
"135.2800","2.2530","52.5780"
"135.3000","2.2533","52.5875"
"135.3200","2.2535","52.5369"
"135.3400","2.2538","52.5116"
"135.3600","2.2542","52.4637"
"135.3800","2.2546","52.4996"
"135.4000","2.2550","52.4956"
"135.4200","2.2553","52.5640"
"135.4400","2.2556","52.6552"
"135.4600","2.2559","52.6963"
"135.4800","2.2563","52.6877"
"135.5000","2.2566","52.6593"
"135.5200","2.2571","52.6723"
"135.5400","2.2575","52.7439"
"135.5600","2.2578","52.7029"
"135.5800","2.2581","52.6579"
"135.6000","2.2584","52.6478"
"135.6200","2.2586","52.6384"
"135.6400","2.2589","52.7377"
"135.6600","2.2592","52.7831"
"135.6800","2.2595","52.7646"
"135.7000","2.2599","52.7661"
"135.7200","2.2603","52.7850"
"135.7400","2.2607","52.7896"
"135.7600","2.2610","52.7344"
"135.7800","2.2612","52.7290"
"135.8000","2.2615","52.7841"
"135.8200","2.2618","52.7813"
"135.8400","2.2621","52.8078"
"135.8600","2.2625","52.8863"
"135.8800","2.2630","52.8940"
"135.9000","2.2635","52.9259"
"135.9200","2.2639","52.9006"
"135.9400","2.2642","52.8264"
"135.9600","2.2644","52.8809"
"135.9800","2.2646","52.8811"
"136.0000","2.2649","52.8469"
"136.0200","2.2652","52.8379"
"136.0400","2.2655","52.8284"
"136.0600","2.2659","52.8434"
"136.0800","2.2663","52.9832"
"136.1000","2.2666","52.9964"
"136.1200","2.2669","53.0158"
"136.1400","2.2672","52.9189"
"136.1600","2.2676","52.8457"
"136.1800","2.2679","52.9897"
"136.2000","2.2683","53.0050"
"136.2200","2.2688","53.0240"
"136.2400","2.2692","53.0186"
"136.2600","2.2695","52.9916"
"136.2800","2.2698","52.9624"
"136.3000","2.2700","52.9847"
"136.3200","2.2702","52.9652"
"136.3400","2.2705","52.9492"
"136.3600","2.2708","52.9338"
"136.3800","2.2712","52.9296"
"136.4000","2.2716","53.0113"
"136.4200","2.2720","52.9869"
"136.4400","2.2723","53.0412"
"136.4600","2.2726","53.0647"
"136.4800","2.2729","53.0953"
"136.5000","2.2731","53.1474"
"136.5200","2.2735","53.1284"
"136.5400","2.2738","53.1241"
"136.5600","2.2743","53.1419"
"136.5800","2.2747","53.1165"
"136.6000","2.2752","53.0375"
"136.6200","2.2756","53.0695"
"136.6400","2.2758","53.1491"
"136.6600","2.2760","53.1726"
"136.6800","2.2763","53.1993"
"136.7000","2.2765","53.1680"
"136.7200","2.2768","53.1770"
"136.7400","2.2772","53.1264"
"136.7600","2.2776","53.0844"
"136.7800","2.2780","53.0889"
"136.8000","2.2783","53.1093"
"136.8200","2.2786","53.1374"
"136.8400","2.2790","53.2112"
"136.8600","2.2793","53.2616"
"136.8800","2.2797","53.2883"
"136.9000","2.2801","53.2646"
"136.9200","2.2805","53.2545"
"136.9400","2.2808","53.2279"
"136.9600","2.2811","53.3039"
"136.9800","2.2814","53.3643"
"137.0000","2.2816","53.3361"
"137.0200","2.2819","53.3905"
"137.0400","2.2822","53.3576"
"137.0600","2.2825","53.3229"
"137.0800","2.2829","53.3174"
"137.1000","2.2833","53.3489"
"137.1200","2.2837","53.3500"
"137.1400","2.2840","53.4334"
"137.1600","2.2843","53.3678"
"137.1800","2.2845","53.4269"
"137.2000","2.2848","53.4788"
"137.2200","2.2852","53.4881"
"137.2400","2.2856","53.4239"
"137.2600","2.2861","53.4492"
"137.2800","2.2865","53.5127"
"137.3000","2.2869","53.4403"
"137.3200","2.2872","53.4309"
"137.3400","2.2875","53.4147"
"137.3600","2.2877","53.4285"
"137.3800","2.2879","53.4624"
"137.4000","2.2882","53.4274"
"137.4200","2.2886","53.4660"
"137.4400","2.2889","53.5076"
"137.4600","2.2893","53.4922"
"137.4800","2.2896","53.5059"
"137.5000","2.2899","53.4522"
"137.5200","2.2903","53.4814"
"137.5400","2.2906","53.5537"
"137.5600","2.2910","53.4498"
"137.5800","2.2914","53.3857"
"137.6000","2.2918","53.3588"
"137.6200","2.2922","53.3879"
"137.6400","2.2925","53.3892"
"137.6600","2.2928","53.4262"
"137.6800","2.2930","53.4049"
"137.7000","2.2932","53.3901"
"137.7200","2.2935","53.4313"
"137.7400","2.2939","53.4560"
"137.7600","2.2942","53.4295"
"137.7800","2.2946","53.4877"
"137.8000","2.2950","53.5465"
"137.8200","2.2954","53.4961"
"137.8400","2.2957","53.4603"
"137.8600","2.2959","53.5121"
"137.8800","2.2962","53.5560"
"137.9000","2.2965","53.5495"
"137.9200","2.2969","53.5190"
"137.9400","2.2973","53.4409"
"137.9600","2.2978","53.3676"
"137.9800","2.2982","53.3447"
"138.0000","2.2985","53.3452"
"138.0200","2.2988","53.2911"
"138.0400","2.2990","53.3112"
"138.0600","2.2993","53.3436"
"138.0800","2.2995","53.3032"
"138.1000","2.2999","53.1876"
"138.1200","2.3002","53.1394"
"138.1400","2.3006","53.1070"
"138.1600","2.3010","53.0773"
"138.1800","2.3013","51.4270"
"138.2000","2.3016","47.4387"
"138.2200","2.3019","45.4340"
"138.2400","2.3023","44.9880"
"138.2600","2.3026","44.9968"
"138.2800","2.3030","45.0741"
"138.3000","2.3034","45.1025"
"138.3200","2.3038","45.1026"
"138.3400","2.3041","45.0386"
"138.3600","2.3043","44.9939"
"138.3800","2.3046","45.0410"
"138.4000","2.3048","45.0208"
"138.4200","2.3052","44.9573"
"138.4400","2.3055","45.0416"
"138.4600","2.3059","44.9445"
"138.4800","2.3063","44.8265"
"138.5000","2.3067","44.9407"
"138.5200","2.3070","45.0173"
"138.5400","2.3073","44.9274"
"138.5600","2.3075","44.8662"
"138.5800","2.3078","44.8482"
"138.6000","2.3082","44.8808"
"138.6200","2.3086","44.9187"
"138.6400","2.3091","44.8326"
"138.6600","2.3095","44.8001"
"138.6800","2.3099","44.8359"
"138.7000","2.3101","44.8938"
"138.7200","2.3104","44.9027"
"138.7400","2.3106","44.8168"
"138.7600","2.3109","44.8314"
"138.7800","2.3112","44.8486"
"138.8000","2.3115","44.8372"
"138.8200","2.3119","44.7914"
"138.8400","2.3123","44.8171"
"138.8600","2.3126","44.7910"
"138.8800","2.3130","44.7212"
"138.9000","2.3133","44.6922"
"138.9200","2.3136","44.6561"
"138.9400","2.3140","44.7231"
"138.9600","2.3144","44.7614"
"138.9800","2.3148","44.7122"
"139.0000","2.3151","44.7570"
"139.0200","2.3154","44.7069"
"139.0400","2.3157","44.7373"
"139.0600","2.3160","44.7697"
"139.0800","2.3162","44.8045"
"139.1000","2.3165","44.7446"
"139.1200","2.3168","44.6818"
"139.1400","2.3172","44.5976"
"139.1600","2.3176","44.5860"
"139.1800","2.3180","44.6151"
"139.2000","2.3183","44.6707"
"139.2200","2.3186","44.7297"
"139.2400","2.3189","44.7387"
"139.2600","2.3192","44.7389"
"139.2800","2.3195","44.7347"
"139.3000","2.3198","44.7372"
"139.3200","2.3203","44.7378"
"139.3400","2.3208","44.7616"
"139.3600","2.3212","44.6808"
"139.3800","2.3215","44.6218"
"139.4000","2.3218","44.6494"
"139.4200","2.3220","44.5921"
"139.4400","2.3222","44.6182"
"139.4600","2.3225","44.6829"
"139.4800","2.3229","44.6338"
"139.5000","2.3232","44.6038"
"139.5200","2.3236","44.5426"
"139.5400","2.3240","44.5713"
"139.5600","2.3243","44.5806"
"139.5800","2.3246","44.5007"
"139.6000","2.3249","44.5461"
"139.6200","2.3253","44.6256"
"139.6400","2.3257","44.6727"
"139.6600","2.3261","44.5871"
"139.6800","2.3264","44.5701"
"139.7000","2.3268","44.5436"
"139.7200","2.3271","44.5772"
"139.7400","2.3273","44.5977"
"139.7600","2.3276","44.5496"
"139.7800","2.3278","44.5258"
"139.8000","2.3281","44.4782"
"139.8200","2.3285","44.4729"
"139.8400","2.3289","44.5484"
"139.8600","2.3293","44.4779"
"139.8800","2.3296","44.4932"
"139.9000","2.3300","44.4465"
"139.9200","2.3302","44.4348"
"139.9400","2.3305","44.5501"
"139.9600","2.3308","44.5191"
"139.9800","2.3312","44.4472"
"140.0000","2.3316","44.4208"
"140.0200","2.3321","44.4720"
"140.0400","2.3326","44.5342"
"140.0600","2.3329","44.5518"
"140.0800","2.3331","44.4726"
"140.1000","2.3334","44.4548"
"140.1200","2.3336","44.4682"
"140.1400","2.3339","44.4601"
"140.1600","2.3342","44.4079"
"140.1800","2.3346","44.4101"
"140.2000","2.3350","44.4416"
"140.2200","2.3354","44.4365"
"140.2400","2.3357","44.4521"
"140.2600","2.3360","44.4685"
"140.2800","2.3364","44.3989"
"140.3000","2.3367","44.3976"
"140.3200","2.3370","44.3878"
"140.3400","2.3374","44.4698"
"140.3600","2.3378","44.4979"
"140.3800","2.3382","44.4002"
"140.4000","2.3385","44.3887"
"140.4200","2.3387","44.3957"
"140.4400","2.3390","44.3919"
"140.4600","2.3392","44.3709"
"140.4800","2.3395","44.3471"
"140.5000","2.3399","44.4123"
"140.5200","2.3402","44.4622"
"140.5400","2.3406","44.4333"
"140.5600","2.3410","44.4164"
"140.5800","2.3413","44.4053"
"140.6000","2.3416","44.4171"
"140.6200","2.3419","44.4979"
"140.6400","2.3422","44.4883"
"140.6600","2.3425","44.4862"
"140.6800","2.3429","44.4495"
"140.7000","2.3434","44.4433"
"140.7200","2.3439","44.4459"
"140.7400","2.3443","44.3829"
"140.7600","2.3445","44.3588"
"140.7800","2.3447","44.4370"
"140.8000","2.3450","44.4675"
"140.8200","2.3452","44.4830"
"140.8400","2.3455","44.4541"
"140.8600","2.3459","44.4378"
"140.8800","2.3463","44.4183"
"140.9000","2.3466","44.4288"
"140.9200","2.3470","44.4503"
"140.9400","2.3474","44.3989"
"140.9600","2.3477","44.3790"
"140.9800","2.3480","44.4324"
"141.0000","2.3483","44.4573"
"141.0200","2.3487","44.5241"
"141.0400","2.3491","44.5431"
"141.0600","2.3495","44.4964"
"141.0800","2.3498","44.5050"
"141.1000","2.3500","44.5743"
"141.1200","2.3503","44.5016"
"141.1400","2.3505","44.5118"
"141.1600","2.3508","44.5234"
"141.1800","2.3511","44.5142"
"141.2000","2.3515","44.4764"
"141.2200","2.3519","44.5214"
"141.2400","2.3523","44.4497"
"141.2600","2.3526","44.4840"
"141.2800","2.3529","44.5581"
"141.3000","2.3532","44.5793"
"141.3200","2.3535","44.5563"
"141.3400","2.3538","44.4675"
"141.3600","2.3542","44.5082"
"141.3800","2.3546","44.5640"
"141.4000","2.3551","44.4605"
"141.4200","2.3556","44.3769"
"141.4400","2.3559","44.4348"
"141.4600","2.3561","44.5359"
"141.4800","2.3563","44.6134"
"141.5000","2.3566","44.6074"
"141.5200","2.3568","44.5782"
"141.5400","2.3572","44.5094"
"141.5600","2.3576","44.4761"
"141.5800","2.3580","44.5268"
"141.6000","2.3584","44.5134"
"141.6200","2.3587","44.6134"
"141.6400","2.3590","44.6683"
"141.6600","2.3593","44.5852"
"141.6800","2.3596","44.5940"
"141.7000","2.3600","44.5543"
"141.7200","2.3604","44.5328"
"141.7400","2.3608","44.4986"
"141.7600","2.3611","44.4337"
"141.7800","2.3614","44.5563"
"141.8000","2.3617","44.6844"
"141.8200","2.3619","44.6979"
"141.8400","2.3622","44.5748"
"141.8600","2.3625","44.5667"
"141.8800","2.3628","44.6180"
"141.9000","2.3632","44.6583"
"141.9200","2.3636","44.5716"
"141.9400","2.3640","44.5921"
"141.9600","2.3643","44.6116"
"141.9800","2.3645","44.5981"
"142.0000","2.3648","44.5705"
"142.0200","2.3651","44.5924"
"142.0400","2.3655","44.6321"
"142.0600","2.3659","44.5941"
"142.0800","2.3664","44.5264"
"142.1000","2.3669","44.5172"
"142.1200","2.3673","44.4961"
"142.1400","2.3675","44.4771"
"142.1600","2.3677","44.5694"
"142.1800","2.3680","44.6673"
"142.2000","2.3682","44.6150"
"142.2200","2.3685","44.6081"
"142.2400","2.3689","44.6610"
"142.2600","2.3693","44.7038"
"142.2800","2.3696","44.6677"
"142.3000","2.3700","44.5977"
"142.3200","2.3703","44.5479"
"142.3400","2.3707","44.4946"
"142.3600","2.3710","44.5753"
"142.3800","2.3713","44.6593"
"142.4000","2.3717","44.6147"
"142.4200","2.3721","44.5693"
"142.4400","2.3725","44.5203"
"142.4600","2.3728","44.5080"
"142.4800","2.3731","44.4802"
"142.5000","2.3733","44.5507"
"142.5200","2.3736","44.5388"
"142.5400","2.3739","44.5289"
"142.5600","2.3742","44.5760"
"142.5800","2.3746","44.5760"
"142.6000","2.3750","44.5524"
"142.6200","2.3753","44.6280"
"142.6400","2.3756","44.7132"
"142.6600","2.3759","44.7288"
"142.6800","2.3762","44.6607"
"142.7000","2.3765","44.6573"
"142.7200","2.3768","44.6725"
"142.7400","2.3772","44.7130"
"142.7600","2.3776","44.6741"
"142.7800","2.3781","44.6705"
"142.8000","2.3785","44.6974"
"142.8200","2.3789","44.8352"
"142.8400","2.3791","44.8204"
"142.8600","2.3793","44.7752"
"142.8800","2.3796","44.7045"
"142.9000","2.3799","44.6378"
"142.9200","2.3802","44.6661"
"142.9400","2.3806","44.6866"
"142.9600","2.3810","44.7646"
"142.9800","2.3813","44.7105"
"143.0000","2.3817","44.6550"
"143.0200","2.3820","44.6458"
"143.0400","2.3823","44.6601"
"143.0600","2.3826","44.6810"
"143.0800","2.3830","44.7340"
"143.1000","2.3834","44.7447"
"143.1200","2.3838","44.7533"
"143.1400","2.3841","44.7420"
"143.1600","2.3844","44.7184"
"143.1800","2.3847","44.7457"
"143.2000","2.3849","44.7790"
"143.2200","2.3852","44.6895"
"143.2400","2.3855","44.7168"
"143.2600","2.3858","44.7565"
"143.2800","2.3862","44.7765"
"143.3000","2.3866","44.7444"
"143.3200","2.3869","44.7373"
"143.3400","2.3872","44.7378"
"143.3510","2.3874","44.7898"
"143.3520","2.3874","44.7921"
"143.3720","2.3877","44.7752"
"143.3920","2.3880","44.8170"
"143.4120","2.3883","44.7782"
"143.4320","2.3885","44.8007"
"143.4520","2.3886","44.7760"
"143.4720","2.3886","44.7980"
"143.4920","2.3886","44.7515"
"143.5120","2.3886","44.7875"
"143.5320","2.3886","44.8029"
"143.5520","2.3886","44.8371"
"143.5720","2.3886","44.7781"
"143.5920","2.3886","44.7676"
"143.6120","2.3886","44.7417"
"143.6320","2.3886","44.7652"
"143.6520","2.3886","44.7771"
"143.6720","2.3886","44.7283"
"143.6920","2.3886","44.6825"
"143.7120","2.3886","44.6394"
"143.7320","2.3886","44.6588"
"143.7520","2.3886","44.6403"
"143.7720","2.3885","44.6387"
"143.7920","2.3885","44.7152"
"143.8120","2.3885","44.7491"
"143.8320","2.3885","44.6728"
"143.8520","2.3885","44.6201"
"143.8720","2.3885","44.6203"
"143.8920","2.3885","44.6354"
"143.9120","2.3885","44.5912"
"143.9320","2.3884","44.6599"
"143.9520","2.3884","44.6369"
"143.9720","2.3884","44.6314"
"143.9920","2.3884","44.5945"
"144.0120","2.3884","44.6018"
"144.0320","2.3884","44.6022"
"144.0520","2.3884","44.6095"
"144.0720","2.3883","44.6188"
"144.0920","2.3883","44.6172"
"144.1120","2.3883","44.5085"
"144.1320","2.3883","44.4691"
"144.1520","2.3883","44.5589"
"144.1720","2.3883","44.6040"
"144.1920","2.3883","44.6032"
"144.2120","2.3883","44.5102"
"144.2320","2.3883","44.5118"
"144.2520","2.3883","44.5620"
"144.2720","2.3883","44.5162"
"144.2920","2.3883","44.5516"
"144.3120","2.3883","44.6749"
"144.3320","2.3883","44.6225"
"144.3520","2.3883","44.5256"
"144.3720","2.3883","44.4784"
"144.3920","2.3883","44.4398"
"144.4120","2.3883","44.4258"
"144.4320","2.3883","44.4225"
"144.4520","2.3883","44.4781"
"144.4720","2.3883","44.5214"
"144.4920","2.3883","44.5305"
"144.5120","2.3882","44.4553"
"144.5320","2.3882","44.3397"
"144.5520","2.3882","44.3888"
"144.5720","2.3882","44.3879"
"144.5920","2.3882","44.4805"
"144.6120","2.3882","44.4516"
"144.6320","2.3882","44.4849"
"144.6520","2.3882","44.4866"
"144.6720","2.3882","44.4306"
"144.6920","2.3882","44.4581"
"144.7120","2.3882","44.4777"
"144.7320","2.3882","44.4529"
"144.7520","2.3882","44.3580"
"144.7720","2.3882","44.3183"
"144.7920","2.3882","44.3499"
"144.8120","2.3882","44.2761"
"144.8320","2.3882","44.3237"
"144.8520","2.3882","44.3877"
"144.8720","2.3882","44.3845"
"144.8920","2.3882","44.3419"
"144.9120","2.3882","44.3343"
"144.9320","2.3882","44.3696"
"144.9520","2.3882","44.3644"
"144.9720","2.3882","44.4357"
"144.9920","2.3882","44.4252"
"145.0120","2.3882","44.3315"
"145.0320","2.3882","44.3288"
"145.0520","2.3882","44.3310"
"145.0720","2.3882","44.3320"
"145.0920","2.3882","44.3788"
"145.1120","2.3882","44.3217"
"145.1320","2.3882","44.3662"
"145.1520","2.3882","44.3409"
"145.1720","2.3882","44.2673"
"145.1920","2.3882","44.2195"
"145.2120","2.3882","44.3223"
"145.2320","2.3882","44.3240"
"145.2520","2.3882","44.3224"
"145.2720","2.3882","44.2776"
"145.2920","2.3882","44.3144"
"145.3120","2.3882","44.3451"
"145.3320","2.3882","44.3085"
"145.3520","2.3882","44.3029"
"145.3720","2.3882","44.2711"
"145.3920","2.3882","44.3000"
"145.4120","2.3882","44.2802"
"145.4320","2.3882","44.2050"
"145.4520","2.3882","44.2298"
"145.4720","2.3882","44.2787"
"145.4920","2.3882","44.1904"
"145.5120","2.3882","44.1544"
"145.5320","2.3882","44.1687"
"145.5520","2.3882","44.2323"
"145.5720","2.3882","44.2158"
"145.5920","2.3882","44.1220"
"145.6120","2.3882","44.1528"
"145.6320","2.3882","44.2049"
"145.6520","2.3882","44.2539"
"145.6720","2.3882","44.2822"
"145.6920","2.3882","44.2641"
"145.7120","2.3882","44.2357"
"145.7320","2.3882","44.2098"
"145.7520","2.3882","44.2391"
"145.7720","2.3882","44.2035"
"145.7920","2.3882","44.1445"
"145.8120","2.3882","44.1416"
"145.8320","2.3882","44.1980"
"145.8520","2.3882","44.2226"
"145.8720","2.3882","44.1567"
"145.8920","2.3882","44.1466"
"145.9120","2.3882","44.1290"
"145.9320","2.3882","44.2034"
"145.9520","2.3882","44.1051"
"145.9720","2.3882","44.0335"
"145.9920","2.3882","44.0299"
"146.0120","2.3882","44.0225"
"146.0320","2.3882","43.9798"
"146.0520","2.3882","44.0956"
"146.0720","2.3882","44.2256"
"146.0920","2.3882","44.1726"
"146.1120","2.3882","44.1182"
"146.1320","2.3882","44.1349"
"146.1520","2.3882","44.1578"
"146.1720","2.3882","44.1870"
"146.1920","2.3882","44.1012"
"146.2120","2.3882","44.0334"
"146.2320","2.3882","44.0623"
"146.2520","2.3882","44.0933"
"146.2720","2.3882","44.1001"
"146.2920","2.3882","44.1621"
"146.3120","2.3882","44.1832"
"146.3320","2.3882","44.1038"
"146.3520","2.3882","44.0583"
"146.3720","2.3882","44.0363"
"146.3920","2.3882","44.0882"
"146.4120","2.3882","44.0308"
"146.4320","2.3882","44.0106"
"146.4520","2.3882","44.0335"
"146.4720","2.3882","44.1470"
"146.4920","2.3882","44.1370"
"146.5120","2.3882","44.0489"
"146.5320","2.3882","43.9740"
"146.5520","2.3882","44.0085"
"146.5720","2.3882","44.0200"
"146.5920","2.3882","44.0716"
"146.6120","2.3882","44.0774"
"146.6320","2.3882","44.1092"
"146.6520","2.3882","44.0821"
"146.6720","2.3882","44.0793"
"146.6920","2.3882","44.0988"
"146.7120","2.3882","44.0293"
"146.7320","2.3882","44.0595"
"146.7520","2.3882","44.0773"
"146.7720","2.3882","44.0014"
"146.7920","2.3882","44.0284"
"146.8120","2.3882","44.0607"
"146.8320","2.3882","44.0987"
"146.8520","2.3882","44.1499"
"146.8720","2.3882","44.1623"
"146.8920","2.3882","44.0337"
"146.9120","2.3882","44.0345"
"146.9320","2.3882","44.0136"
"146.9520","2.3882","43.9963"
"146.9720","2.3882","44.0565"
"146.9920","2.3882","44.0745"
"147.0120","2.3882","44.0260"
"147.0320","2.3882","43.9716"
"147.0520","2.3882","44.0155"
"147.0720","2.3882","44.0063"
"147.0920","2.3882","44.0239"
"147.1120","2.3882","44.0527"
"147.1320","2.3882","43.9754"
"147.1520","2.3882","43.9181"
"147.1720","2.3882","43.9823"
"147.1920","2.3882","43.9853"
"147.2120","2.3882","44.0403"
"147.2320","2.3882","44.0078"
"147.2520","2.3882","43.8636"
"147.2720","2.3882","43.9116"
"147.2920","2.3882","43.9628"
"147.3120","2.3882","43.9388"
"147.3320","2.3882","43.9676"
"147.3520","2.3882","44.0369"
"147.3720","2.3882","44.0898"
"147.3920","2.3882","44.0354"
"147.4120","2.3882","43.9505"
"147.4320","2.3882","43.9006"
"147.4520","2.3882","43.9477"
"147.4720","2.3882","43.9860"
"147.4920","2.3882","43.9884"
"147.5120","2.3882","43.9766"
"147.5320","2.3882","44.0318"
"147.5520","2.3882","44.0634"
"147.5720","2.3882","44.0270"
"147.5920","2.3882","44.0123"
"147.6120","2.3882","43.9538"
"147.6320","2.3882","43.9236"
"147.6520","2.3882","43.9600"
"147.6720","2.3882","43.9600"
"147.6920","2.3882","43.9653"
"147.7120","2.3882","43.9709"
"147.7320","2.3882","44.0093"
"147.7520","2.3882","43.9926"
"147.7720","2.3882","43.9635"
"147.7920","2.3882","44.0348"
"147.8120","2.3882","43.9614"
"147.8320","2.3882","43.9315"
"147.8520","2.3882","43.9031"
"147.8720","2.3882","43.8390"
"147.8920","2.3882","43.9843"
"147.9120","2.3882","43.9997"
"147.9320","2.3882","43.9649"
"147.9520","2.3882","43.9371"
"147.9720","2.3882","43.9672"
"147.9920","2.3882","43.9735"
"148.0120","2.3882","43.9614"
"148.0320","2.3882","43.9285"
"148.0520","2.3882","43.8829"
"148.0720","2.3882","43.8955"
"148.0920","2.3882","43.9917"
"148.1120","2.3882","43.9685"
"148.1320","2.3882","43.8899"
"148.1520","2.3882","43.8530"
"148.1720","2.3882","43.8179"
"148.1920","2.3882","43.8803"
"148.2120","2.3882","43.8968"
"148.2320","2.3882","43.9002"
"148.2520","2.3882","43.8623"
"148.2720","2.3882","43.9011"
"148.2920","2.3882","43.8738"
"148.3120","2.3882","43.9237"
"148.3320","2.3882","43.9825"
"148.3520","2.3882","43.9602"
"148.3720","2.3882","43.9429"
"148.3920","2.3882","43.9016"
"148.4120","2.3882","43.9940"
"148.4320","2.3882","43.9078"
"148.4520","2.3882","43.9536"
"148.4720","2.3882","43.9172"
"148.4920","2.3882","43.9520"
"148.5120","2.3882","43.9275"
"148.5320","2.3882","43.9351"
"148.5520","2.3882","43.9163"
"148.5720","2.3882","43.9491"
"148.5920","2.3882","43.9279"
"148.6120","2.3882","43.9241"
"148.6320","2.3882","43.9094"
"148.6520","2.3882","43.8890"
"148.6720","2.3882","43.9117"
"148.6920","2.3882","43.9501"
"148.7120","2.3882","43.9732"
"148.7320","2.3882","43.9414"
"148.7520","2.3882","43.9279"
"148.7720","2.3882","43.9433"
"148.7920","2.3882","43.8714"
"148.8120","2.3882","43.8345"
"148.8320","2.3882","43.9606"
"148.8520","2.3882","43.9506"
"148.8720","2.3882","43.9438"
"148.8920","2.3882","43.9496"
"148.9120","2.3882","43.8688"
"148.9320","2.3882","43.8051"
"148.9520","2.3882","43.8323"
"148.9720","2.3882","43.8642"
"148.9920","2.3882","43.8732"
"149.0120","2.3882","43.8924"
"149.0320","2.3882","43.9417"
"149.0520","2.3882","43.9146"
"149.0720","2.3882","43.7777"
"149.0920","2.3882","43.8199"
"149.1120","2.3882","43.8786"
"149.1320","2.3882","43.8342"
"149.1520","2.3882","43.7683"
"149.1720","2.3882","43.8562"
"149.1920","2.3882","43.9051"
"149.2120","2.3882","43.8891"
"149.2320","2.3882","43.9006"
"149.2520","2.3882","43.9545"
"149.2720","2.3882","43.9421"
"149.2920","2.3882","43.8787"
"149.3120","2.3882","43.8840"
"149.3320","2.3882","43.8584"
"149.3520","2.3882","43.8578"
"149.3720","2.3882","43.8172"
"149.3920","2.3882","43.8092"
"149.4120","2.3882","43.8879"
"149.4320","2.3882","43.7923"
"149.4520","2.3882","43.7225"
"149.4720","2.3882","43.8592"
"149.4920","2.3882","43.9295"
"149.5120","2.3882","43.8726"
"149.5320","2.3882","43.7727"
"149.5520","2.3882","43.7350"
"149.5720","2.3882","43.7940"
"149.5920","2.3882","43.9006"
"149.6120","2.3882","43.8869"
"149.6320","2.3882","43.8327"
"149.6520","2.3882","43.7938"
"149.6720","2.3882","43.7746"
"149.6920","2.3882","43.7513"
"149.7120","2.3882","43.8076"
"149.7320","2.3882","43.8651"
"149.7520","2.3882","43.8743"
"149.7720","2.3882","43.7565"
"149.7920","2.3882","43.7867"
"149.8120","2.3882","43.7877"
"149.8320","2.3882","43.8051"
"149.8520","2.3882","43.8530"
"149.8720","2.3882","43.8275"
"149.8920","2.3882","43.8013"
"149.9120","2.3882","43.8455"
"149.9320","2.3882","43.8783"
"149.9520","2.3882","43.8662"
"149.9720","2.3882","43.7684"
"149.9920","2.3882","43.8595"
"150.0120","2.3882","43.8661"
"150.0320","2.3882","43.8112"
"150.0520","2.3882","43.8495"
"150.0720","2.3882","43.8252"
"150.0920","2.3882","43.8409"
"150.1120","2.3882","43.8824"
"150.1320","2.3882","43.8253"
"150.1520","2.3882","43.8003"
"150.1720","2.3882","43.8191"
"150.1920","2.3882","43.8289"
"150.2120","2.3882","43.8270"
"150.2320","2.3882","43.7950"
"150.2520","2.3882","43.8110"
"150.2720","2.3882","43.8153"
"150.2920","2.3882","43.7823"
"150.3120","2.3882","43.7414"
"150.3320","2.3882","43.6949"
"150.3520","2.3882","43.7214"
"150.3720","2.3882","43.7369"
"150.3920","2.3882","43.7585"
"150.4120","2.3882","43.7542"
"150.4320","2.3882","43.8339"
"150.4520","2.3882","43.7759"
"150.4720","2.3882","43.7869"
"150.4920","2.3882","43.7765"
"150.5120","2.3882","43.7849"
"150.5320","2.3882","43.7990"
"150.5520","2.3882","43.7423"
"150.5720","2.3882","43.7413"
"150.5920","2.3882","43.7844"
"150.6120","2.3882","43.8515"
"150.6320","2.3882","43.8679"
"150.6520","2.3882","43.8052"
"150.6720","2.3882","43.7862"
"150.6920","2.3882","43.7771"
"150.7120","2.3882","43.7421"
"150.7320","2.3882","43.7605"
"150.7520","2.3882","43.7036"
"150.7720","2.3882","43.6875"
"150.7920","2.3882","43.7385"
"150.8120","2.3882","43.7569"
"150.8320","2.3882","43.7526"
"150.8520","2.3882","43.7275"
"150.8720","2.3882","43.7712"
"150.8920","2.3882","43.7798"
"150.9120","2.3882","43.7829"
"150.9320","2.3882","43.7541"
"150.9520","2.3882","43.7427"
"150.9720","2.3882","43.7249"
"150.9920","2.3882","43.7063"
"151.0120","2.3882","43.7572"
"151.0320","2.3882","43.7677"
"151.0520","2.3882","43.7359"
"151.0720","2.3882","43.7483"
"151.0920","2.3882","43.7901"
"151.1120","2.3882","43.7218"
"151.1320","2.3882","43.7225"
"151.1520","2.3882","43.7397"
"151.1720","2.3882","43.7121"
"151.1920","2.3882","43.6982"
"151.2120","2.3882","43.6671"
"151.2320","2.3882","43.6878"
"151.2520","2.3882","43.8283"
"151.2720","2.3882","43.8098"
"151.2920","2.3882","43.7709"
"151.3120","2.3882","43.7636"
"151.3320","2.3882","43.7418"
"151.3520","2.3882","43.7627"
"151.3720","2.3882","43.7388"
"151.3920","2.3882","43.7638"
"151.4120","2.3882","43.7918"
"151.4320","2.3882","43.6983"
"151.4520","2.3882","43.6373"
"151.4720","2.3882","43.6455"
"151.4920","2.3882","43.6721"
"151.5120","2.3882","43.6460"
"151.5320","2.3882","43.6696"
"151.5520","2.3882","43.6712"
"151.5720","2.3882","43.7245"
"151.5920","2.3882","43.7977"
"151.6120","2.3882","43.7778"
"151.6320","2.3882","43.6979"
"151.6520","2.3882","43.7263"
"151.6720","2.3882","43.7629"
"151.6920","2.3882","43.7601"
"151.7120","2.3882","43.7153"
"151.7320","2.3882","43.7136"
"151.7520","2.3882","43.7749"
"151.7720","2.3882","43.7972"
"151.7920","2.3882","43.6540"
"151.8120","2.3882","43.6979"
"151.8320","2.3882","43.7366"
"151.8520","2.3882","43.7352"
"151.8720","2.3882","43.7200"
"151.8920","2.3882","43.7271"
"151.9120","2.3882","43.6718"
"151.9320","2.3882","43.6505"
"151.9520","2.3882","43.6532"
"151.9720","2.3882","43.7017"
"151.9920","2.3882","43.7230"
"152.0120","2.3882","43.7379"
"152.0320","2.3882","43.7242"
"152.0520","2.3882","43.6739"
"152.0720","2.3882","43.6548"
"152.0920","2.3882","43.6488"
"152.1120","2.3882","43.6886"
"152.1320","2.3882","43.7054"
"152.1520","2.3882","43.7029"
"152.1720","2.3882","43.7453"
"152.1920","2.3882","43.6952"
"152.2120","2.3882","43.6848"
"152.2320","2.3882","43.7010"
"152.2520","2.3882","43.7016"
"152.2720","2.3882","43.7380"
"152.2920","2.3882","43.7255"
"152.3120","2.3882","43.6991"
"152.3320","2.3882","43.6537"
"152.3520","2.3882","43.6294"
"152.3720","2.3882","43.6480"
"152.3920","2.3882","43.6754"
"152.4120","2.3882","43.6262"
"152.4320","2.3882","43.6861"
"152.4520","2.3882","43.7242"
"152.4720","2.3882","43.7690"
"152.4920","2.3882","43.7404"
"152.5120","2.3882","43.6861"
"152.5320","2.3882","43.6745"
"152.5520","2.3882","43.6877"
"152.5720","2.3882","43.6397"
"152.5920","2.3882","43.5559"
"152.6120","2.3882","43.5725"
"152.6320","2.3882","43.6305"
"152.6520","2.3882","43.6567"
"152.6720","2.3882","43.6728"
"152.6920","2.3882","43.6967"
"152.7120","2.3882","43.6827"
"152.7320","2.3882","43.6728"
"152.7520","2.3882","43.6561"
"152.7720","2.3882","43.6637"
"152.7920","2.3882","43.6329"
"152.8120","2.3882","43.6075"
"152.8320","2.3882","43.6341"
"152.8520","2.3882","43.7063"
"152.8720","2.3882","43.7336"
"152.8920","2.3882","43.7047"
"152.9120","2.3882","43.6745"
"152.9320","2.3882","43.5808"
"152.9520","2.3882","43.5751"
"152.9720","2.3882","43.6352"
"152.9920","2.3882","43.5778"
"153.0120","2.3882","43.5795"
"153.0320","2.3882","43.5861"
"153.0520","2.3882","43.5486"
"153.0720","2.3882","43.5660"
"153.0920","2.3882","43.6478"
"153.1120","2.3882","43.6113"
"153.1320","2.3882","43.6698"
"153.1520","2.3882","43.6700"
"153.1720","2.3882","43.5616"
"153.1920","2.3882","43.5938"
"153.2120","2.3882","43.6419"
"153.2320","2.3882","43.6111"
"153.2520","2.3882","43.6369"
"153.2720","2.3882","43.6545"
"153.2920","2.3882","43.5761"
"153.3120","2.3882","43.5751"
"153.3320","2.3882","43.6835"
"153.3520","2.3882","43.6874"
"153.3720","2.3882","43.6239"
"153.3920","2.3882","43.5791"
"153.4120","2.3882","43.5780"
"153.4320","2.3882","43.5814"
"153.4520","2.3882","43.6396"
"153.4720","2.3882","43.6293"
"153.4920","2.3882","43.6277"
"153.5120","2.3882","43.5997"
"153.5320","2.3882","43.6138"
"153.5520","2.3882","43.6777"
"153.5720","2.3882","43.6891"
"153.5920","2.3882","43.6331"
"153.6120","2.3882","43.6153"
"153.6320","2.3882","43.6085"
"153.6520","2.3882","43.5258"
"153.6720","2.3882","43.5992"
"153.6920","2.3882","43.6177"
"153.7120","2.3882","43.6933"
"153.7320","2.3882","43.5883"
"153.7520","2.3882","43.5103"
"153.7720","2.3882","43.5426"
"153.7920","2.3882","43.6688"
"153.8120","2.3882","43.6400"
"153.8320","2.3882","43.5622"
"153.8520","2.3882","43.5397"
"153.8720","2.3882","43.5898"
"153.8920","2.3882","43.7017"
"153.9120","2.3882","43.7167"
"153.9320","2.3882","43.6258"
"153.9520","2.3882","43.5723"
"153.9720","2.3882","43.6178"
"153.9920","2.3882","43.6521"
"154.0120","2.3882","43.6106"
"154.0320","2.3882","43.6161"
"154.0520","2.3882","43.6221"
"154.0720","2.3882","43.5425"
"154.0920","2.3882","43.4732"
"154.1120","2.3882","43.4914"
"154.1320","2.3882","43.5876"
"154.1520","2.3882","43.6237"
"154.1720","2.3882","43.6684"
"154.1920","2.3882","43.6310"
"154.2120","2.3882","43.6272"
"154.2320","2.3882","43.6553"
"154.2520","2.3882","43.6247"
"154.2720","2.3882","43.6124"
"154.2920","2.3882","43.5817"
"154.3120","2.3882","43.6500"
"154.3320","2.3882","43.6573"
"154.3520","2.3882","43.5730"
"154.3720","2.3882","43.5121"
"154.3920","2.3882","43.5288"
"154.4120","2.3882","43.5953"
"154.4320","2.3882","43.6440"
"154.4520","2.3882","43.6393"
"154.4720","2.3882","43.6125"
"154.4920","2.3882","43.6465"
"154.5120","2.3882","43.6434"
"154.5320","2.3882","43.5139"
"154.5520","2.3882","43.5468"
"154.5720","2.3882","43.5659"
"154.5920","2.3882","43.5996"
"154.6120","2.3882","43.6553"
"154.6320","2.3882","43.5956"
"154.6520","2.3882","43.5307"
"154.6720","2.3882","43.4733"
"154.6920","2.3882","43.3905"
"154.7120","2.3882","43.4441"
"154.7320","2.3882","43.4821"
"154.7520","2.3882","43.5856"
"154.7720","2.3882","43.5891"
"154.7920","2.3882","43.5045"
"154.8120","2.3882","43.4951"
"154.8320","2.3882","43.5267"
"154.8520","2.3882","43.5159"
"154.8720","2.3882","43.5085"
"154.8920","2.3882","43.5193"
"154.9120","2.3882","43.5636"
"154.9320","2.3882","43.6129"
"154.9520","2.3882","43.6036"
"154.9720","2.3882","43.5837"
"154.9920","2.3882","43.5973"
"155.0120","2.3882","43.6069"
"155.0320","2.3882","43.5694"
"155.0520","2.3882","43.4965"
"155.0720","2.3882","43.4613"
"155.0920","2.3882","43.4647"
"155.1120","2.3882","43.5161"
"155.1320","2.3882","43.4842"
"155.1520","2.3882","43.4749"
"155.1720","2.3882","43.4756"
"155.1920","2.3882","43.4688"
"155.2120","2.3882","43.4766"
"155.2320","2.3882","43.4960"
"155.2520","2.3882","43.5398"
"155.2720","2.3882","43.5649"
"155.2920","2.3882","43.5001"
"155.3120","2.3882","43.4820"
"155.3320","2.3882","43.4573"
"155.3520","2.3882","43.4869"
"155.3720","2.3882","43.5324"
"155.3920","2.3882","43.5461"
"155.4120","2.3882","43.5184"
"155.4320","2.3882","43.5191"
"155.4520","2.3882","43.5431"
"155.4720","2.3882","43.6002"
"155.4920","2.3882","43.5896"
"155.5120","2.3882","43.5413"
"155.5320","2.3882","43.6195"
"155.5520","2.3882","43.6109"
"155.5720","2.3882","43.5843"
"155.5920","2.3882","43.5162"
"155.6120","2.3882","43.4406"
"155.6320","2.3882","43.4091"
"155.6520","2.3882","43.4040"
"155.6720","2.3882","43.4763"
"155.6920","2.3882","43.5138"
"155.7120","2.3882","43.5662"
"155.7320","2.3882","43.4878"
"155.7520","2.3882","43.3491"
"155.7720","2.3882","43.3607"
"155.7920","2.3882","43.4635"
"155.8120","2.3882","43.4753"
"155.8320","2.3882","43.5426"
"155.8520","2.3882","43.5474"
"155.8720","2.3882","43.4792"
"155.8920","2.3882","43.3965"
"155.9120","2.3882","43.4097"
"155.9320","2.3882","43.4201"
"155.9520","2.3882","43.4241"
"155.9720","2.3882","43.4490"
"155.9920","2.3882","43.5612"
"156.0120","2.3882","43.5362"
"156.0320","2.3882","43.4341"
"156.0520","2.3882","43.4658"
"156.0720","2.3882","43.5209"
"156.0920","2.3882","43.5715"
"156.1120","2.3882","43.5673"
"156.1320","2.3882","43.5277"
"156.1520","2.3882","43.5342"
"156.1720","2.3882","43.5078"
"156.1920","2.3882","43.5468"
"156.2120","2.3882","43.5889"
"156.2320","2.3882","43.5291"
"156.2520","2.3882","43.4711"
"156.2720","2.3882","43.5155"
"156.2920","2.3882","43.4763"
"156.3120","2.3882","43.3445"
"156.3320","2.3882","43.3816"
"156.3520","2.3882","43.3879"
"156.3720","2.3882","43.4468"
"156.3920","2.3882","43.4716"
"156.4120","2.3882","43.4447"
"156.4320","2.3882","43.4437"
"156.4520","2.3882","43.3779"
"156.4720","2.3882","43.3767"
"156.4920","2.3882","43.4524"
"156.5120","2.3882","43.4892"
"156.5320","2.3882","43.4872"
"156.5520","2.3882","43.5306"
"156.5720","2.3882","43.4230"
"156.5920","2.3882","43.4011"
"156.6120","2.3882","43.4841"
"156.6320","2.3882","43.4555"
"156.6520","2.3882","43.4240"
"156.6720","2.3882","43.4159"
"156.6920","2.3882","43.4317"
"156.7120","2.3882","43.5322"
"156.7320","2.3882","43.5129"
"156.7520","2.3882","43.4861"
"156.7720","2.3882","43.4677"
"156.7920","2.3882","43.4627"
"156.8120","2.3882","43.4224"
"156.8320","2.3882","43.3746"
"156.8520","2.3882","43.3781"
"156.8720","2.3882","43.3564"
"156.8920","2.3882","43.4276"
"156.9120","2.3882","43.4821"
"156.9320","2.3882","43.3719"
"156.9520","2.3882","43.3473"
"156.9720","2.3882","43.3760"
"156.9920","2.3882","43.3753"
"157.0120","2.3882","43.4543"
"157.0320","2.3882","43.5072"
"157.0520","2.3882","43.4232"
"157.0720","2.3882","43.3951"
"157.0920","2.3882","43.4034"
"157.1120","2.3882","43.3158"
"157.1320","2.3882","43.2861"
"157.1520","2.3882","43.3186"
"157.1720","2.3882","43.4565"
"157.1920","2.3882","43.4717"
"157.2120","2.3882","43.4464"
"157.2320","2.3882","43.5494"
"157.2520","2.3882","43.4620"
"157.2720","2.3882","43.4382"
"157.2920","2.3882","43.4553"
"157.3120","2.3882","43.4516"
"157.3320","2.3882","43.4376"
"157.3520","2.3882","43.4328"
"157.3720","2.3882","43.4158"
"157.3920","2.3882","43.3926"
"157.4120","2.3882","43.4409"
"157.4320","2.3882","43.4410"
"157.4520","2.3882","43.4892"
"157.4720","2.3882","43.4247"
"157.4920","2.3882","43.3949"
"157.5120","2.3882","43.3730"
"157.5320","2.3882","43.2981"
"157.5520","2.3882","43.3696"
"157.5720","2.3882","43.3506"
"157.5920","2.3882","43.3383"
"157.6120","2.3882","43.3950"
"157.6320","2.3882","43.3893"
"157.6520","2.3882","43.4198"
"157.6720","2.3882","43.4152"
"157.6920","2.3882","43.4169"
"157.7120","2.3882","43.3971"
"157.7320","2.3882","43.3990"
"157.7520","2.3882","43.4559"
"157.7720","2.3882","43.4206"
"157.7920","2.3882","43.4299"
"157.8120","2.3882","43.4831"
"157.8320","2.3882","43.4634"
"157.8520","2.3882","43.4643"
"157.8720","2.3882","43.3904"
"157.8920","2.3882","43.2980"
"157.9120","2.3882","43.3167"
"157.9320","2.3882","43.3481"
"157.9520","2.3882","43.2845"
"157.9720","2.3882","43.4361"
"157.9920","2.3882","43.4744"
"158.0120","2.3882","43.4674"
"158.0320","2.3882","43.4122"
"158.0520","2.3882","43.3536"
"158.0720","2.3882","43.3256"
"158.0920","2.3882","43.3390"
"158.1120","2.3882","43.3600"
"158.1320","2.3882","43.3380"
"158.1520","2.3882","43.3014"
"158.1720","2.3882","43.3590"
"158.1920","2.3882","43.4524"
"158.2120","2.3882","43.4793"
"158.2320","2.3882","43.4455"
"158.2520","2.3882","43.3869"
"158.2720","2.3882","43.3833"
"158.2920","2.3882","43.4012"
"158.3120","2.3882","43.3307"
"158.3320","2.3882","43.3315"
"158.3520","2.3882","43.3133"
"158.3720","2.3882","43.3187"
"158.3920","2.3882","43.2984"
"158.4120","2.3882","43.2909"
"158.4320","2.3882","43.3298"
"158.4520","2.3882","43.2594"
"158.4720","2.3882","43.2337"
"158.4920","2.3882","43.3496"
"158.5120","2.3882","43.3768"
"158.5320","2.3882","43.3492"
"158.5520","2.3882","43.2434"
"158.5720","2.3882","43.3080"
"158.5920","2.3882","43.4088"
"158.6120","2.3882","43.4966"
"158.6320","2.3882","43.3364"
"158.6520","2.3882","43.3341"
"158.6720","2.3882","43.3979"
"158.6920","2.3882","43.3229"
"158.7120","2.3882","43.2871"
"158.7320","2.3882","43.2848"
"158.7520","2.3882","43.2878"
"158.7720","2.3882","43.2989"
"158.7920","2.3882","43.4046"
"158.8120","2.3882","43.3513"
"158.8320","2.3882","43.3291"
"158.8520","2.3882","43.3615"
"158.8720","2.3882","43.3776"
"158.8920","2.3882","43.3538"
"158.9120","2.3882","43.3146"
"158.9320","2.3882","43.3178"
"158.9520","2.3882","43.2599"
"158.9720","2.3882","43.3156"
"158.9920","2.3882","43.3153"
"159.0120","2.3882","43.3092"
"159.0320","2.3882","43.3350"
"159.0520","2.3882","43.3461"
"159.0720","2.3882","43.3110"
"159.0920","2.3882","43.1909"
"159.1120","2.3882","43.2310"
"159.1320","2.3882","43.3059"
"159.1520","2.3882","43.3274"
"159.1720","2.3882","43.3242"
"159.1920","2.3882","43.2773"
"159.2120","2.3882","43.2870"
"159.2320","2.3882","43.2397"
"159.2520","2.3882","43.2956"
"159.2720","2.3882","43.3788"
"159.2920","2.3882","43.3563"
"159.3120","2.3882","43.3394"
"159.3320","2.3882","43.3344"
"159.3520","2.3882","43.2637"
"159.3720","2.3882","43.1604"
"159.3920","2.3882","43.2803"
"159.4120","2.3882","43.3866"
"159.4320","2.3882","43.3412"
"159.4520","2.3882","43.3550"
"159.4720","2.3882","43.3683"
"159.4920","2.3882","43.3822"
"159.5120","2.3882","43.3739"
"159.5320","2.3882","43.3428"
"159.5520","2.3882","43.3304"
"159.5720","2.3882","43.3340"
"159.5920","2.3882","43.3372"
"159.6120","2.3882","43.4216"
"159.6320","2.3882","43.3734"
"159.6520","2.3882","43.3436"
"159.6720","2.3882","43.3159"
"159.6920","2.3882","43.3138"
"159.7120","2.3882","43.2980"
"159.7320","2.3882","43.3040"
"159.7520","2.3882","43.3450"
"159.7720","2.3882","43.3740"
"159.7920","2.3882","43.3077"
"159.8120","2.3882","43.2886"
"159.8320","2.3882","43.3327"
"159.8520","2.3882","43.3039"
"159.8720","2.3882","43.3122"
"159.8920","2.3882","43.2315"
"159.9120","2.3882","43.2482"
"159.9320","2.3882","43.3539"
"159.9520","2.3882","43.2779"
"159.9720","2.3882","43.2436"
"159.9920","2.3882","43.3149"
"160.0120","2.3882","43.3365"
"160.0320","2.3882","43.2903"
"160.0520","2.3882","43.2677"
"160.0720","2.3882","43.2656"
"160.0920","2.3882","43.2977"
"160.1120","2.3882","43.3030"
"160.1320","2.3882","43.2967"
"160.1520","2.3882","43.3529"
"160.1720","2.3882","43.3251"
"160.1920","2.3882","43.3060"
"160.2120","2.3882","43.3175"
"160.2320","2.3882","43.3560"
"160.2520","2.3882","43.3232"
"160.2720","2.3882","43.2850"
"160.2920","2.3882","43.3225"
"160.3120","2.3882","43.2632"
"160.3320","2.3882","43.1825"
"160.3520","2.3882","43.2012"
"160.3720","2.3882","43.2983"
"160.3920","2.3882","43.2811"
"160.4120","2.3882","43.2219"
"160.4320","2.3882","43.2598"
"160.4520","2.3882","43.1729"
"160.4720","2.3882","43.1377"
"160.4920","2.3882","43.2113"
"160.5120","2.3882","43.2259"
"160.5320","2.3882","43.2766"
"160.5520","2.3882","43.2840"
"160.5720","2.3882","43.2664"
"160.5920","2.3882","43.2572"
"160.6120","2.3882","43.1823"
"160.6320","2.3882","43.1611"
"160.6520","2.3882","43.1612"
"160.6720","2.3882","43.1634"
"160.6920","2.3882","43.2001"
"160.7120","2.3882","43.1476"
"160.7320","2.3882","43.2566"
"160.7520","2.3882","43.3201"
"160.7720","2.3882","43.2950"
"160.7920","2.3882","43.2452"
"160.8120","2.3882","43.2550"
"160.8320","2.3882","43.2271"
"160.8520","2.3882","43.3464"
"160.8720","2.3882","43.3824"
"160.8920","2.3882","43.2938"
"160.9120","2.3882","43.2483"
"160.9320","2.3882","43.2907"
"160.9520","2.3882","43.2950"
"160.9720","2.3882","43.2848"
"160.9920","2.3882","43.2149"
"161.0120","2.3882","43.1775"
"161.0320","2.3882","43.3115"
"161.0520","2.3882","43.3486"
"161.0720","2.3882","43.2597"
"161.0920","2.3882","43.2226"
"161.1120","2.3882","43.1982"
"161.1320","2.3882","43.2861"
"161.1520","2.3882","43.2905"
"161.1720","2.3882","43.2552"
"161.1920","2.3882","43.3230"
"161.2120","2.3882","43.3342"
"161.2320","2.3882","43.2732"
"161.2520","2.3882","43.2523"
"161.2720","2.3882","43.1984"
"161.2920","2.3882","43.1754"
"161.3120","2.3882","43.1943"
"161.3320","2.3882","43.1630"
"161.3520","2.3882","43.2512"
"161.3720","2.3882","43.2960"
"161.3920","2.3882","43.2640"
"161.4120","2.3882","43.1833"
"161.4320","2.3882","43.1837"
"161.4520","2.3882","43.1656"
"161.4720","2.3882","43.1540"
"161.4920","2.3882","43.2306"
"161.5120","2.3882","43.2784"
"161.5320","2.3882","43.3262"
"161.5520","2.3882","43.3171"
"161.5720","2.3882","43.2586"
"161.5920","2.3882","43.2682"
"161.6120","2.3882","43.3101"
"161.6320","2.3882","43.2930"
"161.6520","2.3882","43.2378"
"161.6720","2.3882","43.2041"
"161.6920","2.3882","43.2050"
"161.7120","2.3882","43.2515"
"161.7320","2.3882","43.2464"
"161.7520","2.3882","43.2437"
"161.7720","2.3882","43.0888"
"161.7920","2.3882","43.1498"
"161.8120","2.3882","43.2418"
"161.8320","2.3882","43.2405"
"161.8520","2.3882","43.3519"
"161.8720","2.3882","43.3626"
"161.8920","2.3882","43.2981"
"161.9120","2.3882","43.2049"
"161.9320","2.3882","43.1656"
"161.9520","2.3882","43.2555"
"161.9720","2.3882","43.2954"
"161.9920","2.3882","43.2605"
"162.0120","2.3882","43.2752"
"162.0320","2.3882","43.1940"
"162.0520","2.3882","43.1617"
"162.0720","2.3882","43.2168"
"162.0920","2.3882","43.2309"
"162.1120","2.3882","43.2131"
"162.1320","2.3882","43.2118"
"162.1520","2.3882","43.2081"
"162.1720","2.3882","43.2063"
"162.1920","2.3882","43.1877"
"162.2120","2.3882","43.2269"
"162.2320","2.3882","43.2105"
"162.2520","2.3882","43.2196"
"162.2720","2.3882","43.2269"
"162.2920","2.3882","43.2206"
"162.3120","2.3882","43.2096"
"162.3320","2.3882","43.2252"
"162.3520","2.3882","43.2042"
"162.3720","2.3882","43.1435"
"162.3920","2.3882","43.0995"
"162.4120","2.3882","43.1342"
"162.4320","2.3882","43.2151"
"162.4520","2.3882","43.2612"
"162.4720","2.3882","43.2864"
"162.4920","2.3882","43.2675"
"162.5120","2.3882","43.2573"
"162.5320","2.3882","43.2501"
"162.5520","2.3882","43.1812"
"162.5720","2.3882","43.2457"
"162.5920","2.3882","43.2638"
"162.6120","2.3882","43.2963"
"162.6320","2.3882","43.2774"
"162.6520","2.3882","43.2224"
"162.6720","2.3882","43.2009"
"162.6920","2.3882","43.2079"
"162.7120","2.3882","43.2414"
"162.7320","2.3882","43.2229"
"162.7520","2.3882","43.2177"
"162.7720","2.3882","43.2312"
"162.7920","2.3882","43.2427"
"162.8120","2.3882","43.2128"
"162.8320","2.3882","43.1835"
"162.8520","2.3882","43.1997"
"162.8720","2.3882","43.1334"
"162.8920","2.3882","43.1475"
"162.9120","2.3882","43.1687"
"162.9320","2.3882","43.2501"
"162.9520","2.3882","43.2182"
"162.9720","2.3882","43.1286"
"162.9920","2.3882","43.1214"
"163.0120","2.3882","43.1673"
"163.0320","2.3882","43.2315"
"163.0520","2.3882","43.1840"
"163.0720","2.3882","43.2101"
"163.0920","2.3882","43.1150"
"163.1120","2.3882","43.0950"
"163.1320","2.3882","43.1250"
"163.1520","2.3882","43.1451"
"163.1720","2.3882","43.1556"
"163.1920","2.3882","43.1231"
"163.2120","2.3882","43.1559"
"163.2320","2.3882","43.2356"
"163.2520","2.3882","43.2412"
"163.2720","2.3882","43.2611"
"163.2920","2.3882","43.1557"
"163.3120","2.3882","43.1138"
"163.3320","2.3882","43.1424"
"163.3520","2.3882","43.2198"
"163.3720","2.3882","43.1952"
"163.3920","2.3882","43.2117"
"163.4120","2.3882","43.2616"
"163.4320","2.3882","43.2301"
"163.4520","2.3882","43.1469"
"163.4720","2.3882","43.1524"
"163.4920","2.3882","43.1858"
"163.5120","2.3882","43.1762"
"163.5320","2.3882","43.1729"
"163.5520","2.3882","43.1813"
"163.5720","2.3882","43.0667"
"163.5920","2.3882","43.0685"
"163.6120","2.3882","43.2448"
"163.6320","2.3882","43.3169"
"163.6520","2.3882","43.2733"
"163.6720","2.3882","43.1858"
"163.6920","2.3882","43.1866"
"163.7120","2.3882","43.1988"
"163.7320","2.3882","43.1860"
"163.7520","2.3882","43.1525"
"163.7720","2.3882","43.1566"
"163.7920","2.3882","43.0638"
"163.8120","2.3882","43.0961"
"163.8320","2.3882","43.1797"
"163.8520","2.3882","43.2200"
"163.8720","2.3882","43.2319"
"163.8920","2.3882","43.2124"
"163.9120","2.3882","43.1794"
"163.9320","2.3882","43.2374"
"163.9520","2.3882","43.2143"
"163.9720","2.3882","43.1697"
"163.9920","2.3882","43.1258"
"164.0120","2.3882","43.1822"
"164.0320","2.3882","43.0901"
"164.0520","2.3882","43.0639"
"164.0720","2.3882","43.0893"
"164.0920","2.3882","43.1686"
"164.1120","2.3882","43.2051"
"164.1320","2.3882","43.1957"
"164.1520","2.3882","43.1899"
"164.1720","2.3882","43.2182"
"164.1920","2.3882","43.2011"
"164.2120","2.3882","43.2309"
"164.2320","2.3882","43.2141"
"164.2520","2.3882","43.1210"
"164.2720","2.3882","43.1755"
"164.2920","2.3882","43.2313"
"164.3120","2.3882","43.2233"
"164.3320","2.3882","43.2016"
"164.3520","2.3882","43.1549"
"164.3720","2.3882","43.1314"
"164.3920","2.3882","43.2024"
"164.4120","2.3882","43.1395"
"164.4320","2.3882","43.1225"
"164.4520","2.3882","43.0860"
"164.4720","2.3882","43.1841"
"164.4920","2.3882","43.1731"
"164.5120","2.3882","43.1644"
"164.5320","2.3882","43.1450"
"164.5520","2.3882","43.1843"
"164.5720","2.3882","43.1784"
"164.5920","2.3882","43.1369"
"164.6120","2.3882","43.0821"
"164.6320","2.3882","43.1835"
"164.6520","2.3882","43.2185"
"164.6720","2.3882","43.1693"
"164.6920","2.3882","43.1141"
"164.7120","2.3882","43.0756"
"164.7320","2.3882","43.0889"
"164.7520","2.3882","43.0936"
"164.7720","2.3882","43.1440"
"164.7920","2.3882","43.1045"
"164.8120","2.3882","43.0953"
"164.8320","2.3882","43.1412"
"164.8520","2.3882","43.1026"
"164.8720","2.3882","43.1140"
"164.8920","2.3882","43.1834"
"164.9120","2.3882","43.2001"
"164.9320","2.3882","43.1360"
"164.9520","2.3882","43.0912"
"164.9660","2.3882","43.0721"
"164.9670","2.3882","43.0715"
"164.9870","2.3882","43.1142"
"165.0070","2.3882","43.1598"
"165.0270","2.3882","43.1248"
"165.0470","2.3882","43.0672"
"165.0670","2.3882","43.0056"
"165.0870","2.3883","43.0821"
"165.1070","2.3884","43.0882"
"165.1270","2.3885","43.1645"
"165.1470","2.3887","43.2449"
"165.1670","2.3886","43.2155"
"165.1870","2.3886","43.1053"
"165.2070","2.3886","43.0792"
"165.2270","2.3887","43.0822"
"165.2470","2.3889","43.1096"
"165.2670","2.3893","43.0671"
"165.2870","2.3899","43.1047"
"165.3070","2.3905","43.1795"
"165.3270","2.3910","43.1700"
"165.3470","2.3915","43.1532"
"165.3670","2.3919","43.2163"
"165.3870","2.3924","43.2604"
"165.4070","2.3929","43.2389"
"165.4270","2.3933","43.2922"
"165.4470","2.3936","43.2646"
"165.4670","2.3940","43.3013"
"165.4870","2.3944","43.3491"
"165.5070","2.3949","43.3177"
"165.5270","2.3953","43.3064"
"165.5470","2.3957","43.2482"
"165.5670","2.3960","43.2826"
"165.5870","2.3962","43.3027"
"165.6070","2.3965","43.3680"
"165.6270","2.3968","43.3393"
"165.6470","2.3971","43.3612"
"165.6670","2.3975","43.4264"
"165.6870","2.3978","43.4282"
"165.7070","2.3982","43.4213"
"165.7270","2.3985","43.4365"
"165.7470","2.3988","43.3680"
"165.7670","2.3991","43.3851"
"165.7870","2.3994","43.3930"
"165.8070","2.3997","43.4305"
"165.8270","2.4001","43.4424"
"165.8470","2.4005","43.4140"
"165.8670","2.4010","43.4208"
"165.8870","2.4014","43.3843"
"165.9070","2.4016","43.4351"
"165.9270","2.4017","43.4507"
"165.9470","2.4016","43.4999"
"165.9670","2.4015","43.5654"
"165.9870","2.4013","43.5988"
"166.0070","2.4010","43.5897"
"166.0270","2.4007","43.5650"
"166.0470","2.4005","43.5421"
"166.0670","2.4003","43.4819"
"166.0870","2.4000","43.4601"
"166.1070","2.3997","43.4824"
"166.1270","2.3993","43.4255"
"166.1470","2.3990","43.3827"
"166.1670","2.3987","43.4171"
"166.1870","2.3985","43.4347"
"166.2070","2.3982","43.4397"
"166.2270","2.3979","43.5547"
"166.2470","2.3975","43.5344"
"166.2670","2.3971","43.4192"
"166.2870","2.3967","43.2664"
"166.3070","2.3963","43.2751"
"166.3270","2.3959","43.2605"
"166.3470","2.3956","43.3166"
"166.3670","2.3953","43.3481"
"166.3870","2.3950","43.3697"
"166.4070","2.3946","43.3922"
"166.4270","2.3942","43.3946"
"166.4470","2.3938","43.3193"
"166.4670","2.3934","43.2976"
"166.4870","2.3930","43.1833"
"166.5070","2.3927","43.1732"
"166.5270","2.3924","43.2157"
"166.5470","2.3921","43.2295"
"166.5670","2.3918","43.2288"
"166.5870","2.3914","43.1441"
"166.6070","2.3911","43.1475"
"166.6270","2.3907","43.1792"
"166.6470","2.3904","43.1400"
"166.6670","2.3901","43.1490"
"166.6870","2.3898","43.1345"
"166.7070","2.3895","43.1835"
"166.7270","2.3892","43.1208"
"166.7470","2.3888","43.1052"
"166.7670","2.3883","43.0967"
"166.7870","2.3878","43.1106"
"166.8070","2.3875","43.1728"
"166.8270","2.3872","43.1353"
"166.8470","2.3870","43.1026"
"166.8670","2.3867","43.1213"
"166.8870","2.3865","43.1000"
"166.9070","2.3862","43.0359"
"166.9270","2.3858","43.0506"
"166.9470","2.3854","43.1191"
"166.9670","2.3851","43.0655"
"166.9870","2.3847","43.1020"
"167.0070","2.3844","43.0386"
"167.0270","2.3841","43.0129"
"167.0470","2.3839","42.9854"
"167.0670","2.3836","43.0211"
"167.0870","2.3832","42.9540"
"167.1070","2.3828","42.8916"
"167.1270","2.3824","42.8697"
"167.1470","2.3819","42.8621"
"167.1670","2.3816","42.8296"
"167.1870","2.3812","42.8579"
"167.2070","2.3809","42.8735"
"167.2270","2.3807","42.8723"
"167.2470","2.3804","42.9297"
"167.2670","2.3800","42.8503"
"167.2870","2.3797","42.7635"
"167.3070","2.3793","42.8185"
"167.3270","2.3790","42.9022"
"167.3470","2.3787","42.7957"
"167.3670","2.3784","42.7215"
"167.3870","2.3781","42.7205"
"167.4070","2.3778","42.7086"
"167.4270","2.3774","42.6587"
"167.4470","2.3770","42.7082"
"167.4670","2.3765","42.7130"
"167.4870","2.3761","42.7074"
"167.5070","2.3758","42.7044"
"167.5270","2.3756","42.7391"
"167.5470","2.3754","42.7058"
"167.5670","2.3751","42.7504"
"167.5870","2.3748","42.7307"
"167.6070","2.3745","42.6934"
"167.6270","2.3741","42.6925"
"167.6470","2.3737","42.6742"
"167.6670","2.3733","42.6373"
"167.6870","2.3730","42.6444"
"167.7070","2.3727","42.6181"
"167.7270","2.3725","42.5851"
"167.7470","2.3722","42.5671"
"167.7670","2.3718","42.5950"
"167.7870","2.3715","42.6580"
"167.8070","2.3710","42.6369"
"167.8270","2.3706","42.5675"
"167.8470","2.3702","42.5281"
"167.8670","2.3699","42.5653"
"167.8870","2.3696","42.5096"
"167.9070","2.3693","42.4393"
"167.9270","2.3690","42.4649"
"167.9470","2.3687","42.5743"
"167.9670","2.3683","42.5890"
"167.9870","2.3680","42.5559"
"168.0070","2.3676","42.4697"
"168.0270","2.3674","42.4586"
"168.0470","2.3671","42.4235"
"168.0670","2.3669","42.3767"
"168.0870","2.3665","42.4238"
"168.1070","2.3662","42.4421"
"168.1270","2.3657","42.3814"
"168.1470","2.3653","42.3919"
"168.1670","2.3648","42.4401"
"168.1870","2.3645","42.4100"
"168.2070","2.3642","42.4668"
"168.2270","2.3640","42.4831"
"168.2470","2.3638","42.3915"
"168.2670","2.3635","42.3302"
"168.2870","2.3632","42.3791"
"168.3070","2.3628","42.3678"
"168.3270","2.3624","42.3585"
"168.3470","2.3620","42.3923"
"168.3670","2.3617","42.4845"
"168.3870","2.3614","42.3872"
"168.4070","2.3611","42.3360"
"168.4270","2.3609","42.2986"
"168.4470","2.3606","42.2822"
"168.4670","2.3602","42.2851"
"168.4870","2.3598","42.3008"
"168.5070","2.3593","42.3209"
"168.5270","2.3589","42.3049"
"168.5470","2.3585","42.2372"
"168.5670","2.3582","42.1724"
"168.5870","2.3579","42.2444"
"168.6070","2.3577","42.2919"
"168.6270","2.3573","42.2859"
"168.6470","2.3570","42.2603"
"168.6670","2.3566","42.2082"
"168.6870","2.3563","42.1718"
"168.7070","2.3560","42.2238"
"168.7270","2.3558","42.2815"
"168.7470","2.3555","42.2759"
"168.7670","2.3552","42.1515"
"168.7870","2.3549","42.1186"
"168.8070","2.3545","42.1642"
"168.8270","2.3540","42.1592"
"168.8470","2.3535","42.1429"
"168.8670","2.3531","42.1461"
"168.8870","2.3528","42.1640"
"168.9070","2.3526","42.0126"
"168.9270","2.3524","42.0125"
"168.9470","2.3521","42.0047"
"168.9670","2.3518","41.9768"
"168.9870","2.3515","42.1069"
"169.0070","2.3511","42.1186"
"169.0270","2.3507","42.0519"
"169.0470","2.3503","42.0105"
"169.0670","2.3500","42.0023"
"169.0870","2.3497","42.0408"
"169.1070","2.3495","42.0034"
"169.1270","2.3492","41.9769"
"169.1470","2.3489","41.9552"
"169.1670","2.3485","41.9977"
"169.1870","2.3481","41.9804"
"169.2070","2.3476","41.9281"
"169.2270","2.3472","41.8810"
"169.2470","2.3469","41.9079"
"169.2670","2.3466","41.9218"
"169.2870","2.3463","41.8623"
"169.3070","2.3460","41.8649"
"169.3270","2.3456","41.9665"
"169.3470","2.3453","41.9308"
"169.3670","2.3449","41.9239"
"169.3870","2.3446","41.9046"
"169.4070","2.3443","41.8213"
"169.4270","2.3441","41.7611"
"169.4470","2.3438","41.7238"
"169.4670","2.3435","41.7917"
"169.4870","2.3431","41.8955"
"169.5070","2.3427","41.8348"
"169.5270","2.3422","41.7629"
"169.5470","2.3418","41.7466"
"169.5670","2.3414","41.7875"
"169.5870","2.3412","41.8087"
"169.6070","2.3410","41.7988"
"169.6270","2.3407","41.7938"
"169.6470","2.3405","41.7709"
"169.6670","2.3401","41.7042"
"169.6870","2.3398","41.7001"
"169.7070","2.3394","41.7025"
"169.7270","2.3390","41.6973"
"169.7470","2.3387","41.6974"
"169.7670","2.3384","41.7429"
"169.7870","2.3381","41.7206"
"169.8070","2.3378","41.5791"
"169.8270","2.3375","41.6311"
"169.8470","2.3372","41.6504"
"169.8670","2.3368","41.6694"
"169.8870","2.3363","41.6677"
"169.9070","2.3359","41.6396"
"169.9270","2.3355","41.5754"
"169.9470","2.3352","41.4844"
"169.9670","2.3349","41.4334"
"169.9870","2.3346","41.4843"
"170.0070","2.3343","41.5293"
"170.0270","2.3340","41.5705"
"170.0470","2.3336","41.5907"
"170.0670","2.3333","41.5219"
"170.0870","2.3330","41.5616"
"170.1070","2.3328","41.5732"
"170.1270","2.3325","41.5400"
"170.1470","2.3322","41.5507"
"170.1670","2.3318","41.5384"
"170.1870","2.3314","41.5740"
"170.2070","2.3310","41.5036"
"170.2270","2.3305","41.4924"
"170.2470","2.3301","41.4652"
"170.2670","2.3298","41.4036"
"170.2870","2.3296","41.4175"
"170.3070","2.3294","41.4360"
"170.3270","2.3291","41.5305"
"170.3470","2.3288","41.4595"
"170.3670","2.3285","41.3542"
"170.3870","2.3281","41.3616"
"170.4070","2.3277","41.4511"
"170.4270","2.3274","41.4716"
"170.4470","2.3270","41.5024"
"170.4670","2.3268","41.5616"
"170.4870","2.3265","41.5144"
"170.5070","2.3262","41.4145"
"170.5270","2.3259","41.3845"
"170.5470","2.3255","41.3978"
"170.5670","2.3250","41.3271"
"170.5870","2.3246","41.3342"
"170.6070","2.3242","41.3657"
"170.6270","2.3239","41.4571"
"170.6470","2.3236","41.3844"
"170.6670","2.3233","41.3384"
"170.6870","2.3230","41.3377"
"170.7070","2.3227","41.3367"
"170.7270","2.3223","41.3075"
"170.7470","2.3220","41.2256"
"170.7670","2.3217","41.1553"
"170.7870","2.3214","41.1789"
"170.8070","2.3211","41.1507"
"170.8270","2.3209","41.2079"
"170.8470","2.3205","41.2880"
"170.8670","2.3202","41.2909"
"170.8870","2.3197","41.3005"
"170.9070","2.3192","41.2633"
"170.9270","2.3188","41.1994"
"170.9470","2.3185","41.1567"
"170.9670","2.3182","41.1094"
"170.9870","2.3180","41.0686"
"171.0070","2.3178","41.0735"
"171.0270","2.3175","41.1012"
"171.0470","2.3172","41.1235"
"171.0670","2.3168","41.1850"
"171.0870","2.3164","41.1098"
"171.1070","2.3160","41.0803"
"171.1270","2.3157","41.0860"
"171.1470","2.3154","41.0958"
"171.1670","2.3151","41.1513"
"171.1870","2.3148","41.0826"
"171.2070","2.3145","41.0119"
"171.2270","2.3141","41.0918"
"171.2470","2.3137","41.1910"
"171.2670","2.3133","41.1397"
"171.2870","2.3129","41.0871"
"171.3070","2.3125","41.0051"
"171.3270","2.3123","41.0097"
"171.3470","2.3120","40.9677"
"171.3670","2.3117","41.0303"
"171.3870","2.3114","40.9977"
"171.4070","2.3110","40.9694"
"171.4270","2.3107","41.0559"
"171.4470","2.3103","40.9670"
"171.4670","2.3101","40.9372"
"171.4870","2.3098","41.0230"
"171.5070","2.3095","40.9671"
"171.5270","2.3092","40.9100"
"171.5470","2.3089","40.9050"
"171.5670","2.3084","40.8418"
"171.5870","2.3080","40.8524"
"171.6070","2.3075","40.8727"
"171.6270","2.3071","40.9284"
"171.6470","2.3069","40.8802"
"171.6670","2.3066","40.8157"
"171.6870","2.3064","40.7600"
"171.7070","2.3061","40.8007"
"171.7270","2.3058","40.8624"
"171.7470","2.3054","40.9455"
"171.7670","2.3051","40.8781"
"171.7870","2.3047","40.8070"
"171.8070","2.3043","40.8687"
"171.8270","2.3040","40.8171"
"171.8470","2.3038","40.7907"
"171.8670","2.3035","40.8001"
"171.8870","2.3032","40.7078"
"171.9070","2.3029","40.7403"
"171.9270","2.3025","40.7299"
"171.9470","2.3020","40.7609"
"171.9670","2.3016","40.8094"
"171.9870","2.3012","40.7758"
"172.0070","2.3009","40.6726"
"172.0270","2.3006","40.6226"
"172.0470","2.3004","40.6001"
"172.0670","2.3000","40.6868"
"172.0870","2.2997","40.7790"
"172.1070","2.2993","40.7586"
"172.1270","2.2990","40.6577"
"172.1470","2.2987","40.6208"
"172.1670","2.2984","40.6477"
"172.1870","2.2981","40.5926"
"172.2070","2.2978","40.6439"
"172.2270","2.2975","40.5915"
"172.2470","2.2971","40.5415"
"172.2670","2.2966","40.5719"
"172.2870","2.2962","40.6413"
"172.3070","2.2958","40.6209"
"172.3270","2.2955","40.5948"
"172.3470","2.2953","40.5826"
"172.3670","2.2950","40.5948"
"172.3870","2.2948","40.6774"
"172.4070","2.2945","40.5916"
"172.4270","2.2941","40.5814"
"172.4470","2.2937","40.4656"
"172.4670","2.2933","40.3785"
"172.4870","2.2930","40.3965"
"172.5070","2.2927","40.5048"
"172.5270","2.2924","40.5806"
"172.5470","2.2921","40.5838"
"172.5670","2.2918","40.5793"
"172.5870","2.2915","40.5311"
"172.6070","2.2911","40.4572"
"172.6270","2.2907","40.4225"
"172.6470","2.2902","40.4743"
"172.6670","2.2898","40.4511"
"172.6870","2.2895","40.4669"
"172.7070","2.2892","40.4068"
"172.7270","2.2890","40.4108"
"172.7470","2.2887","40.3909"
"172.7670","2.2884","40.3737"
"172.7870","2.2880","40.3193"
"172.8070","2.2877","40.3306"
"172.8270","2.2873","40.4847"
"172.8470","2.2871","40.4792"
"172.8670","2.2868","40.3962"
"172.8870","2.2865","40.3793"
"172.9070","2.2862","40.3032"
"172.9270","2.2858","40.3407"
"172.9470","2.2853","40.4050"
"172.9670","2.2849","40.3984"
"172.9870","2.2844","40.4422"
"173.0070","2.2841","40.4152"
"173.0270","2.2839","40.3431"
"173.0470","2.2837","40.2918"
"173.0670","2.2834","40.2936"
"173.0870","2.2832","40.2391"
"173.1070","2.2828","40.2438"
"173.1270","2.2825","40.2722"
"173.1470","2.2821","40.3249"
"173.1670","2.2817","40.2738"
"173.1870","2.2813","40.2004"
"173.2070","2.2810","40.2140"
"173.2270","2.2807","40.2310"
"173.2470","2.2805","40.1266"
"173.2670","2.2802","40.0679"
"173.2870","2.2798","40.1132"
"173.3070","2.2794","40.1879"
"173.3270","2.2790","40.1763"
"173.3470","2.2785","40.1177"
"173.3670","2.2782","40.1340"
"173.3870","2.2779","40.1620"
"173.4070","2.2776","40.1650"
"173.4270","2.2773","40.1510"
"173.4470","2.2770","40.1295"
"173.4670","2.2767","40.1335"
"173.4870","2.2764","40.1613"
"173.5070","2.2760","40.0967"
"173.5270","2.2757","40.0796"
"173.5470","2.2754","40.0425"
"173.5670","2.2752","39.9603"
"173.5870","2.2749","39.9689"
"173.6070","2.2745","40.0503"
"173.6270","2.2741","40.0448"
"173.6470","2.2736","40.0878"
"173.6670","2.2731","40.0599"
"173.6870","2.2728","39.9977"
"173.7070","2.2725","40.0203"
"173.7270","2.2723","40.0049"
"173.7470","2.2721","39.9430"
"173.7670","2.2718","39.9826"
"173.7870","2.2715","40.0233"
"173.8070","2.2712","39.9737"
"173.8270","2.2708","39.9446"
"173.8470","2.2704","39.9379"
"173.8670","2.2700","39.9477"
"173.8870","2.2697","39.9829"
"173.9070","2.2694","40.0514"
"173.9270","2.2691","40.1054"
"173.9470","2.2688","39.9752"
"173.9670","2.2685","39.8804"
"173.9870","2.2681","39.8655"
"174.0070","2.2677","39.8871"
"174.0270","2.2673","39.9077"
"174.0470","2.2669","39.9083"
"174.0670","2.2666","39.8785"
"174.0870","2.2663","39.8100"
"174.1070","2.2660","39.8405"
"174.1270","2.2657","39.8032"
"174.1470","2.2654","39.7284"
"174.1670","2.2650","39.8030"
"174.1870","2.2647","39.8031"
"174.2070","2.2644","39.7206"
"174.2270","2.2641","39.7318"
"174.2470","2.2638","39.8570"
"174.2670","2.2635","39.7573"
"174.2870","2.2632","39.7721"
"174.3070","2.2628","39.8011"
"174.3270","2.2624","39.8135"
"174.3470","2.2619","39.8111"
"174.3670","2.2614","39.7936"
"174.3870","2.2611","39.8048"
"174.4070","2.2609","39.7650"
"174.4270","2.2607","39.7651"
"174.4470","2.2605","39.7596"
"174.4670","2.2602","39.7563"
"174.4870","2.2599","39.6377"
"174.5070","2.2595","39.5879"
"174.5270","2.2591","39.6550"
"174.5470","2.2587","39.7178"
"174.5670","2.2583","39.7247"
"174.5870","2.2580","39.7555"
"174.6070","2.2578","39.6588"
"174.6270","2.2575","39.5580"
"174.6470","2.2572","39.5655"
"174.6670","2.2568","39.5998"
"174.6870","2.2564","39.5876"
"174.7070","2.2560","39.6153"
"174.7270","2.2556","39.6411"
"174.7470","2.2552","39.6066"
"174.7670","2.2549","39.5757"
"174.7870","2.2546","39.5774"
"174.8070","2.2544","39.6131"
"174.8270","2.2541","39.5460"
"174.8470","2.2537","39.5635"
"174.8670","2.2533","39.5692"
"174.8870","2.2530","39.5603"
"174.9070","2.2527","39.6080"
"174.9270","2.2524","39.5765"
"174.9470","2.2521","39.4828"
"174.9670","2.2518","39.4945"
"174.9870","2.2515","39.4440"
"175.0070","2.2511","39.3869"
"175.0270","2.2506","39.3990"
"175.0470","2.2501","39.4105"
"175.0670","2.2498","39.4055"
"175.0870","2.2495","39.4571"
"175.1070","2.2493","39.5385"
"175.1270","2.2491","39.5140"
"175.1470","2.2488","39.4458"
"175.1670","2.2485","39.4487"
"175.1870","2.2482","39.4122"
"175.2070","2.2478","39.4428"
"175.2270","2.2474","39.3264"
"175.2470","2.2470","39.3092"
"175.2670","2.2467","39.2778"
"175.2870","2.2464","39.3282"
"175.3070","2.2461","39.3669"
"175.3270","2.2458","39.3641"
"175.3470","2.2455","39.2972"
"175.3670","2.2451","39.3033"
"175.3870","2.2447","39.2943"
"175.4070","2.2443","39.4051"
"175.4270","2.2439","39.3420"
"175.4470","2.2436","39.2494"
"175.4670","2.2433","39.2507"
"175.4870","2.2430","39.2537"
"175.5070","2.2427","39.2914"
"175.5270","2.2424","39.3504"
"175.5470","2.2420","39.2788"
"175.5670","2.2417","39.2078"
"175.5870","2.2414","39.2074"
"175.6070","2.2411","39.2559"
"175.6270","2.2408","39.2528"
"175.6470","2.2405","39.2247"
"175.6670","2.2402","39.1661"
"175.6870","2.2398","39.0607"
"175.7070","2.2394","39.0537"
"175.7270","2.2389","39.0514"
"175.7470","2.2385","39.1274"
"175.7670","2.2381","39.2078"
"175.7870","2.2379","39.1519"
"175.8070","2.2377","39.1427"
"175.8270","2.2375","39.1017"
"175.8470","2.2372","39.1475"
"175.8670","2.2368","39.0927"
"175.8870","2.2365","39.1115"
"175.9070","2.2361","39.1156"
"175.9270","2.2357","39.1150"
"175.9470","2.2353","39.0740"
"175.9670","2.2350","39.0310"
"175.9870","2.2348","39.0386"
"176.0070","2.2345","39.1458"
"176.0270","2.2342","39.1462"
"176.0470","2.2338","39.0132"
"176.0670","2.2334","38.9970"
"176.0870","2.2330","38.9964"
"176.1070","2.2326","39.0689"
"176.1270","2.2322","39.0446"
"176.1470","2.2319","39.0249"
"176.1670","2.2316","39.0435"
"176.1870","2.2313","39.0093"
"176.2070","2.2310","38.9462"
"176.2270","2.2306","38.9507"
"176.2470","2.2303","38.9823"
"176.2670","2.2300","39.0457"
"176.2870","2.2297","38.9667"
"176.3070","2.2294","38.8984"
"176.3270","2.2291","38.9496"
"176.3470","2.2289","38.9137"
"176.3670","2.2285","38.9070"
"176.3870","2.2281","38.8670"
"176.4070","2.2276","38.8492"
"176.4270","2.2272","38.9329"
"176.4470","2.2268","38.9782"
"176.4670","2.2265","38.9377"
"176.4870","2.2263","38.8579"
"176.5070","2.2261","38.8665"
"176.5270","2.2258","38.8189"
"176.5470","2.2255","38.8459"
"176.5670","2.2251","38.8796"
"176.5870","2.2247","38.8927"
"176.6070","2.2243","38.8525"
"176.6270","2.2240","38.8071"
"176.6470","2.2236","38.7945"
"176.6670","2.2234","38.8171"
"176.6870","2.2231","38.8248"
"176.7070","2.2228","38.8113"
"176.7270","2.2225","38.7605"
"176.7470","2.2221","38.7749"
"176.7670","2.2217","38.7965"
"176.7870","2.2213","38.7326"
"176.8070","2.2209","38.6591"
"176.8270","2.2206","38.6131"
"176.8470","2.2203","38.6698"
"176.8670","2.2200","38.7435"
"176.8870","2.2197","38.7634"
"176.9070","2.2194","38.6677"
"176.9270","2.2190","38.6108"
"176.9470","2.2187","38.6572"
"176.9670","2.2183","38.7425"
"176.9870","2.2180","38.7454"
"177.0070","2.2178","38.6545"
"177.0270","2.2175","38.6279"
"177.0470","2.2172","38.5602"
"177.0670","2.2168","38.5893"
"177.0870","2.2164","38.6263"
"177.1070","2.2159","38.6970"
"177.1270","2.2155","38.6624"
"177.1470","2.2152","38.5588"
"177.1670","2.2149","38.5156"
"177.1870","2.2147","38.4930"
"177.2070","2.2145","38.5538"
"177.2270","2.2142","38.6527"
"177.2470","2.2138","38.5931"
"177.2670","2.2134","38.4631"
"177.2870","2.2130","38.4844"
"177.3070","2.2127","38.5641"
"177.3270","2.2123","38.5596"
"177.3470","2.2120","38.5637"
"177.3670","2.2118","38.5493"
"177.3870","2.2115","38.4632"
"177.4070","2.2111","38.4984"
"177.4270","2.2108","38.5681"
"177.4470","2.2104","38.5173"
"177.4670","2.2099","38.4772"
"177.4870","2.2095","38.4527"
"177.5070","2.2092","38.4665"
"177.5270","2.2089","38.5025"
"177.5470","2.2086","38.5189"
"177.5670","2.2084","38.5270"
"177.5870","2.2080","38.5177"
"177.6070","2.2077","38.4675"
"177.6270","2.2073","38.4035"
"177.6470","2.2070","38.3845"
"177.6670","2.2067","38.4077"
"177.6870","2.2064","38.3463"
"177.7070","2.2062","38.3687"
"177.7270","2.2059","38.3932"
"177.7470","2.2055","38.3407"
"177.7670","2.2051","38.3532"
"177.7870","2.2046","38.3439"
"177.8070","2.2042","38.3189"
"177.8270","2.2038","38.3507"
"177.8470","2.2036","38.3440"
"177.8670","2.2033","38.3011"
"177.8870","2.2031","38.2286"
"177.9070","2.2028","38.2231"
"177.9270","2.2025","38.2557"
"177.9470","2.2022","38.3669"
"177.9670","2.2018","38.3200"
"177.9870","2.2014","38.2774"
"178.0070","2.2010","38.2263"
"178.0270","2.2007","38.2667"
"178.0470","2.2004","38.2287"
"178.0670","2.2001","38.2309"
"178.0870","2.1998","38.3086"
"178.1070","2.1994","38.2898"
"178.1270","2.1991","38.1905"
"178.1470","2.1986","38.1796"
"178.1670","2.1982","38.2312"
"178.1870","2.1979","38.1660"
"178.2070","2.1975","38.1131"
"178.2270","2.1973","38.1531"
"178.2470","2.1970","38.2179"
"178.2670","2.1967","38.2824"
"178.2870","2.1963","38.1686"
"178.3070","2.1960","38.1074"
"178.3270","2.1956","38.1185"
"178.3470","2.1953","38.1829"
"178.3670","2.1950","38.1283"
"178.3870","2.1948","38.1291"
"178.4070","2.1945","38.1547"
"178.4270","2.1942","38.0864"
"178.4470","2.1938","38.0783"
"178.4670","2.1934","38.1033"
"178.4870","2.1929","38.1259"
"178.5070","2.1925","38.0165"
"178.5270","2.1922","38.0442"
"178.5470","2.1919","38.0059"
"178.5670","2.1917","37.9879"
"178.5870","2.1915","38.0462"
"178.6070","2.1912","38.0947"
"178.6270","2.1908","38.0669"
"178.6470","2.1905","37.9717"
"178.6670","2.1901","37.9210"
"178.6870","2.1897","37.9071"
"178.7070","2.1893","38.0125"
"178.7270","2.1891","38.0673"
"178.7470","2.1888","37.9904"
"178.7670","2.1885","37.9159"
"178.7870","2.1882","37.9028"
"178.8070","2.1878","37.9169"
"178.8270","2.1874","37.9358"
"178.8470","2.1869","37.9374"
"178.8670","2.1866","37.9470"
"178.8870","2.1862","37.8595"
"178.9070","2.1859","37.8845"
"178.9270","2.1857","37.7950"
"178.9470","2.1854","37.7558"
"178.9670","2.1851","37.7698"
"178.9870","2.1847","37.8427"
"179.0070","2.1843","37.9072"
"179.0270","2.1840","37.8429"
"179.0470","2.1837","37.8087"
"179.0670","2.1834","37.7761"
"179.0870","2.1832","37.8367"
"179.1070","2.1829","37.8743"
"179.1270","2.1825","37.8823"
"179.1470","2.1821","37.8699"
"179.1670","2.1816","37.8286"
"179.1870","2.1812","37.7847"
"179.2070","2.1808","37.7660"
"179.2270","2.1806","37.7885"
"179.2470","2.1804","37.7722"
"179.2670","2.1801","37.7748"
"179.2870","2.1799","37.7086"
"179.3070","2.1795","37.7038"
"179.3270","2.1792","37.6317"
"179.3470","2.1788","37.7464"
"179.3670","2.1784","37.7461"
"179.3870","2.1780","37.6286"
"179.4070","2.1777","37.6101"
"179.4270","2.1774","37.6291"
"179.4470","2.1771","37.6938"
"179.4670","2.1768","37.7555"
"179.4870","2.1764","37.7617"
"179.5070","2.1760","37.6445"
"179.5270","2.1756","37.5473"
"179.5470","2.1752","37.6044"
"179.5670","2.1749","37.6549"
"179.5870","2.1746","37.5804"
"179.6070","2.1743","37.6358"
"179.6270","2.1740","37.5864"
"179.6470","2.1737","37.5538"
"179.6670","2.1734","37.5358"
"179.6870","2.1730","37.5806"
"179.7070","2.1727","37.6074"
"179.7270","2.1723","37.5954"
"179.7470","2.1721","37.5720"
"179.7670","2.1718","37.5532"
"179.7870","2.1715","37.5685"
"179.8070","2.1711","37.4973"
"179.8270","2.1708","37.4916"
"179.8470","2.1703","37.5139"
"179.8670","2.1699","37.5496"
"179.8870","2.1695","37.5171"
"179.9070","2.1692","37.4680"
"179.9270","2.1690","37.3923"
"179.9470","2.1687","37.4258"
"179.9670","2.1685","37.4616"
"179.9870","2.1682","37.5551"
"180.0070","2.1678","37.4907"
"180.0270","2.1675","37.4418"
"180.0470","2.1671","37.4759"
"180.0670","2.1667","37.5062"
"180.0870","2.1664","37.4340"
"180.1070","2.1661","37.3985"
"180.1270","2.1658","37.3822"
"180.1470","2.1655","37.3444"
"180.1670","2.1651","37.3170"
"180.1870","2.1647","37.3100"
"180.2070","2.1643","37.3029"
"180.2270","2.1639","37.2974"
"180.2470","2.1635","37.3054"
"180.2670","2.1632","37.2885"
"180.2870","2.1629","37.3047"
"180.3070","2.1626","37.3973"
"180.3270","2.1624","37.3960"
"180.3470","2.1620","37.3488"
"180.3670","2.1617","37.3133"
"180.3870","2.1613","37.3032"
"180.4070","2.1610","37.2861"
"180.4270","2.1607","37.3157"
"180.4470","2.1604","37.3006"
"180.4670","2.1601","37.2968"
"180.4870","2.1598","37.2057"
"180.5070","2.1594","37.1955"
"180.5270","2.1590","37.1971"
"180.5470","2.1586","37.2097"
"180.5670","2.1581","37.1399"
"180.5870","2.1578","37.0739"
"180.6070","2.1576","37.0855"
"180.6270","2.1573","37.1474"
"180.6470","2.1571","37.1658"
"180.6670","2.1568","37.1387"
"180.6870","2.1565","37.1305"
"180.7070","2.1561","37.1002"
"180.7270","2.1558","37.1561"
"180.7470","2.1554","37.1349"
"180.7670","2.1550","37.1063"
"180.7870","2.1547","37.0302"
"180.8070","2.1545","37.0858"
"180.8270","2.1542","37.1278"
"180.8470","2.1538","37.1945"
"180.8670","2.1535","37.1638"
"180.8870","2.1530","37.0682"
"180.9070","2.1526","37.0433"
"180.9270","2.1522","37.0945"
"180.9470","2.1519","37.1716"
"180.9670","2.1516","37.1768"
"180.9870","2.1513","37.0818"
"181.0070","2.1510","37.0353"
"181.0270","2.1507","37.0517"
"181.0470","2.1504","37.1210"
"181.0670","2.1500","37.0027"
"181.0870","2.1497","37.0455"
"181.1070","2.1494","37.0258"
"181.1270","2.1491","36.9791"
"181.1470","2.1488","36.9856"
"181.1670","2.1485","37.0218"
"181.1870","2.1482","37.1050"
"181.2070","2.1478","37.0101"
"181.2270","2.1473","36.8829"
"181.2470","2.1469","36.8921"
"181.2670","2.1465","36.9663"
"181.2870","2.1462","36.9392"
"181.3070","2.1460","36.8488"
"181.3270","2.1457","36.9653"
"181.3470","2.1455","37.0166"
"181.3670","2.1452","36.9511"
"181.3870","2.1448","36.8826"
"181.4070","2.1444","36.8944"
"181.4270","2.1441","36.8388"
"181.4470","2.1437","36.8226"
"181.4670","2.1434","36.8495"
"181.4870","2.1431","36.8055"
"181.5070","2.1428","36.8358"
"181.5270","2.1425","36.9249"
"181.5470","2.1422","36.8745"
"181.5670","2.1418","36.7296"
"181.5870","2.1414","36.7554"
"181.6070","2.1410","36.8023"
"181.6270","2.1406","36.7345"
"181.6470","2.1402","36.7071"
"181.6670","2.1399","36.7486"
"181.6870","2.1397","36.7844"
"181.7070","2.1394","36.8337"
"181.7270","2.1390","36.8215"
"181.7470","2.1387","36.7578"
"181.7670","2.1383","36.7712"
"181.7870","2.1380","36.7521"
"181.8070","2.1377","36.6541"
"181.8270","2.1374","36.6709"
"181.8470","2.1371","36.6835"
"181.8670","2.1368","36.7437"
"181.8870","2.1364","36.7653"
"181.9070","2.1360","36.7221"
"181.9270","2.1356","36.6877"
"181.9470","2.1351","36.6261"
"181.9670","2.1348","36.6316"
"181.9870","2.1346","36.5856"
"182.0070","2.1344","36.5766"
"182.0270","2.1341","36.6213"
"182.0470","2.1338","36.6312"
"182.0670","2.1335","36.6155"
"182.0870","2.1331","36.6520"
"182.1070","2.1328","36.5932"
"182.1270","2.1324","36.6212"
"182.1470","2.1320","36.6699"
"182.1670","2.1317","36.5857"
"182.1870","2.1315","36.5561"
"182.2070","2.1312","36.5241"
"182.2270","2.1308","36.5463"
"182.2470","2.1305","36.5820"
"182.2670","2.1301","36.5013"
"182.2870","2.1297","36.5428"
"182.3070","2.1293","36.5232"
"182.3270","2.1289","36.5179"
"182.3470","2.1286","36.4586"
"182.3670","2.1283","36.5331"
"182.3870","2.1280","36.4679"
"182.4070","2.1277","36.4971"
"182.4270","2.1273","36.5159"
"182.4470","2.1270","36.5357"
"182.4670","2.1266","36.5090"
"182.4870","2.1264","36.5040"
"182.5070","2.1261","36.5045"
"182.5270","2.1258","36.4335"
"182.5470","2.1255","36.4241"
"182.5670","2.1252","36.4507"
"182.5870","2.1248","36.3813"
"182.6070","2.1243","36.4457"
"182.6270","2.1239","36.4248"
"182.6470","2.1235","36.4176"
"182.6670","2.1232","36.3949"
"182.6870","2.1230","36.3153"
"182.7070","2.1227","36.3740"
"182.7270","2.1225","36.3968"
"182.7470","2.1222","36.3710"
"182.7670","2.1218","36.3136"
"182.7870","2.1214","36.2829"
"182.8070","2.1211","36.3533"
"182.8270","2.1207","36.3896"
"182.8470","2.1204","36.3166"
"182.8670","2.1201","36.2247"
"182.8870","2.1198","36.2664"
"182.9070","2.1195","36.2947"
"182.9270","2.1192","36.2737"
"182.9470","2.1188","36.1769"
"182.9670","2.1183","36.2035"
"182.9870","2.1179","36.1503"
"183.0070","2.1175","36.1240"
"183.0270","2.1172","36.1918"
"183.0470","2.1169","36.2740"
"183.0670","2.1166","36.2837"
"183.0870","2.1163","36.2731"
"183.1070","2.1160","36.1931"
"183.1270","2.1156","36.1703"
"183.1470","2.1153","36.1600"
"183.1670","2.1150","36.1922"
"183.1870","2.1147","36.1007"
"183.2070","2.1145","36.0422"
"183.2270","2.1142","36.0535"
"183.2470","2.1138","36.0780"
"183.2670","2.1135","36.0914"
"183.2870","2.1130","36.0909"
"183.3070","2.1126","36.1505"
"183.3270","2.1121","36.1541"
"183.3470","2.1118","36.1293"
"183.3670","2.1116","36.0514"
"183.3870","2.1113","36.0908"
"183.4070","2.1111","36.1403"
"183.4270","2.1108","36.0777"
"183.4470","2.1105","36.1168"
"183.4670","2.1101","36.0493"
"183.4870","2.1097","35.9723"
"183.5070","2.1093","35.9684"
"183.5270","2.1090","35.9772"
"183.5470","2.1087","36.0225"
"183.5670","2.1084","36.0422"
"183.5870","2.1082","35.9943"
"183.6070","2.1078","35.9752"
"183.6270","2.1075","36.0105"
"183.6470","2.1071","36.0281"
"183.6670","2.1067","36.0600"
"183.6870","2.1063","36.0601"
"183.7070","2.1059","36.0346"
"183.7270","2.1056","35.9541"
"183.7470","2.1053","35.9751"
"183.7670","2.1050","35.9927"
"183.7870","2.1047","35.9753"
"183.8070","2.1043","35.9671"
"183.8270","2.1039","35.9341"
"183.8470","2.1036","35.8773"
"183.8670","2.1033","35.9073"
"183.8870","2.1031","35.8970"
"183.9070","2.1028","35.8731"
"183.9270","2.1025","35.9197"
"183.9470","2.1022","35.9233"
"183.9670","2.1017","35.8611"
"183.9870","2.1013","35.7917"
"184.0070","2.1008","35.8521"
"184.0270","2.1005","35.9483"
"184.0470","2.1002","35.8922"
"184.0670","2.1000","35.7737"
"184.0870","2.0997","35.7885"
"184.1070","2.0994","35.7618"
"184.1270","2.0991","35.8123"
"184.1470","2.0988","35.7984"
"184.1670","2.0984","35.7757"
"184.1870","2.0980","35.7682"
"184.2070","2.0977","35.7208"
"184.2270","2.0974","35.6573"
"184.2470","2.0971","35.7346"
"184.2670","2.0968","35.8660"
"184.2870","2.0965","35.8303"
"184.3070","2.0962","35.7644"
"184.3270","2.0958","35.7069"
"184.3470","2.0954","35.6606"
"184.3670","2.0950","35.7630"
"184.3870","2.0946","35.7910"
"184.4070","2.0943","35.8211"
"184.4270","2.0940","35.7311"
"184.4470","2.0937","35.7072"
"184.4670","2.0933","35.6717"
"184.4870","2.0930","35.6200"
"184.5070","2.0926","35.5864"
"184.5270","2.0923","35.5822"
"184.5470","2.0920","35.5699"
"184.5670","2.0917","35.5901"
"184.5870","2.0915","35.6275"
"184.6070","2.0912","35.6610"
"184.6270","2.0908","35.6234"
"184.6470","2.0904","35.6316"
"184.6670","2.0900","35.6354"
"184.6870","2.0896","35.6424"
"184.7070","2.0892","35.6199"
"184.7270","2.0888","35.5263"
"184.7470","2.0886","35.5379"
"184.7670","2.0884","35.5809"
"184.7870","2.0881","35.5645"
"184.8070","2.0878","35.6420"
"184.8270","2.0875","35.5964"
"184.8470","2.0871","35.4796"
"184.8670","2.0867","35.4122"
"184.8870","2.0864","35.3947"
"184.9070","2.0860","35.5185"
"184.9270","2.0858","35.5810"
"184.9470","2.0855","35.5153"
"184.9670","2.0852","35.4366"
"184.9870","2.0849","35.5065"
"185.0070","2.0845","35.4926"
"185.0270","2.0841","35.3895"
"185.0470","2.0836","35.3875"
"185.0670","2.0833","35.3249"
"185.0870","2.0829","35.3413"
"185.1070","2.0826","35.3569"
"185.1270","2.0823","35.4287"
"185.1470","2.0820","35.3649"
"185.1670","2.0817","35.3775"
"185.1870","2.0813","35.3438"
"185.2070","2.0810","35.3721"
"185.2270","2.0807","35.4881"
"185.2470","2.0804","35.4563"
"185.2670","2.0801","35.3885"
"185.2870","2.0798","35.3532"
"185.3070","2.0795","35.3512"
"185.3270","2.0791","35.3558"
"185.3470","2.0787","35.3583"
"185.3670","2.0783","35.2692"
"185.3870","2.0778","35.2002"
"185.4070","2.0775","35.2778"
"185.4270","2.0772","35.3166"
"185.4470","2.0770","35.2547"
"185.4670","2.0767","35.2516"
"185.4870","2.0765","35.2411"
"185.5070","2.0761","35.2762"
"185.5270","2.0758","35.3332"
"185.5470","2.0754","35.2955"
"185.5670","2.0750","35.2313"
"185.5870","2.0747","35.2328"
"185.6070","2.0744","35.2066"
"185.6270","2.0741","35.1870"
"185.6470","2.0738","35.1358"
"185.6670","2.0735","35.2062"
"185.6870","2.0731","35.1933"
"185.7070","2.0727","35.1701"
"185.7270","2.0723","35.2326"
"185.7470","2.0718","35.2163"
"185.7670","2.0706","35.0910"
"185.7870","2.0683","35.0553"
"185.8070","2.0659","35.0270"
"185.8270","2.0635","34.9481"
"185.8470","2.0605","34.8923"
"185.8670","2.0567","34.8124"
"185.8870","2.0526","34.6962"
"185.9070","2.0486","34.6662"
"185.9270","2.0448","34.5615"
"185.9470","2.0414","34.3932"
"185.9670","2.0381","34.3232"
"185.9870","2.0348","34.2924"
"186.0070","2.0314","34.1728"
"186.0270","2.0281","34.0476"
"186.0470","2.0248","33.9711"
"186.0670","2.0214","33.9469"
"186.0870","2.0181","33.8629"
"186.1070","2.0148","33.7993"
"186.1270","2.0115","33.7626"
"186.1470","2.0081","33.6858"
"186.1670","2.0048","33.5597"
"186.1870","2.0014","33.4600"
"186.2070","1.9981","33.3682"
"186.2270","1.9948","33.3848"
"186.2470","1.9916","33.3290"
"186.2670","1.9882","33.1830"
"186.2870","1.9848","33.0759"
"186.3070","1.9814","32.9943"
"186.3270","1.9780","32.9428"
"186.3470","1.9746","32.8682"
"186.3670","1.9713","32.8051"
"186.3870","1.9679","32.7627"
"186.4070","1.9646","32.6256"
"186.4270","1.9613","32.5050"
"186.4470","1.9580","32.3664"
"186.4670","1.9547","32.3107"
"186.4870","1.9514","32.2120"
"186.5070","1.9482","32.1150"
"186.5270","1.9449","32.0527"
"186.5470","1.9415","32.0897"
"186.5670","1.9382","32.0296"
"186.5870","1.9348","31.9104"
"186.6070","1.9314","31.8177"
"186.6270","1.9280","31.8238"
"186.6470","1.9247","31.7017"
"186.6670","1.9214","31.5893"
"186.6870","1.9180","31.4878"
"186.7070","1.9147","31.4364"
"186.7270","1.9114","31.3700"
"186.7470","1.9081","31.3518"
"186.7670","1.9048","31.2701"
"186.7870","1.9015","31.1653"
"186.8070","1.8982","30.9877"
"186.8270","1.8948","30.9196"
"186.8470","1.8914","30.8795"
"186.8670","1.8881","30.7858"
"186.8870","1.8848","30.7527"
"186.9070","1.8814","30.6648"
"186.9270","1.8781","30.5146"
"186.9470","1.8748","30.5649"
"186.9670","1.8715","30.5197"
"186.9870","1.8682","30.4385"
"187.0070","1.8648","30.3014"
"187.0270","1.8615","30.2110"
"187.0470","1.8581","30.1901"
"187.0670","1.8547","30.1052"
"187.0870","1.8513","30.0325"
"187.1070","1.8480","29.9053"
"187.1270","1.8447","29.8259"
"187.1470","1.8414","29.8466"
"187.1670","1.8381","29.7853"
"187.1870","1.8348","29.6362"
"187.2070","1.8315","29.4837"
"187.2270","1.8282","29.4478"
"187.2470","1.8248","29.3895"
"187.2670","1.8215","29.3735"
"187.2870","1.8182","29.2187"
"187.3070","1.8149","29.1328"
"187.3270","1.8115","29.0842"
"187.3470","1.8081","28.9254"
"187.3670","1.8047","28.8846"
"187.3870","1.8013","28.8506"
"187.4070","1.7980","28.7103"
"187.4270","1.7946","28.6321"
"187.4470","1.7912","28.6731"
"187.4670","1.7879","28.6338"
"187.4870","1.7847","28.5037"
"187.5070","1.7814","28.4307"
"187.5270","1.7781","28.2970"
"187.5470","1.7748","28.2579"
"187.5670","1.7715","28.1076"
"187.5870","1.7681","27.9793"
"187.6070","1.7648","27.9836"
"187.6270","1.7615","27.9945"
"187.6470","1.7582","27.9473"
"187.6670","1.7548","27.7704"
"187.6870","1.7514","27.7089"
"187.7070","1.7481","27.6560"
"187.7270","1.7447","27.5630"
"187.7470","1.7414","27.4661"
"187.7670","1.7380","27.3931"
"187.7870","1.7347","27.3379"
"187.8070","1.7314","27.2556"
"187.8270","1.7280","27.2147"
"187.8470","1.7247","27.1633"
"187.8670","1.7214","27.0491"
"187.8870","1.7181","26.8963"
"187.9070","1.7147","26.7824"
"187.9270","1.7114","26.7600"
"187.9470","1.7081","26.7531"
"187.9670","1.7047","26.7004"
"187.9870","1.7014","26.5885"
"188.0070","1.6981","26.5169"
"188.0270","1.6948","26.3768"
"188.0470","1.6915","26.2296"
"188.0670","1.6881","26.2000"
"188.0870","1.6848","26.1593"
"188.1070","1.6814","26.2072"
"188.1270","1.6780","26.1519"
"188.1470","1.6747","26.0700"
"188.1670","1.6713","25.8849"
"188.1870","1.6680","25.7383"
"188.2070","1.6647","25.7044"
"188.2270","1.6614","25.6540"
"188.2470","1.6581","25.6527"
"188.2670","1.6547","25.5648"
"188.2870","1.6514","25.5343"
"188.3070","1.6481","25.4161"
"188.3270","1.6448","25.3301"
"188.3470","1.6415","25.3474"
"188.3670","1.6382","25.2698"
"188.3870","1.6349","25.0997"
"188.4070","1.6316","24.9515"
"188.4270","1.6282","24.9220"
"188.4470","1.6248","24.8575"
"188.4670","1.6214","24.7294"
"188.4870","1.6180","24.5863"
"188.5070","1.6146","24.6455"
"188.5270","1.6113","24.6328"
"188.5470","1.6080","24.5071"
"188.5670","1.6047","24.4603"
"188.5870","1.6014","24.3626"
"188.6070","1.5981","24.3210"
"188.6270","1.5949","24.2083"
"188.6470","1.5916","24.2725"
"188.6670","1.5883","24.1696"
"188.6870","1.5849","23.9588"
"188.7070","1.5815","23.8999"
"188.7270","1.5782","23.8407"
"188.7470","1.5748","23.7189"
"188.7670","1.5714","23.5928"
"188.7870","1.5680","23.5942"
"188.8070","1.5646","23.6233"
"188.8270","1.5613","23.5410"
"188.8470","1.5580","23.3588"
"188.8670","1.5547","23.1723"
"188.8870","1.5514","23.1789"
"188.9070","1.5481","23.1191"
"188.9270","1.5448","23.0290"
"188.9470","1.5415","22.9256"
"188.9670","1.5381","22.8441"
"188.9870","1.5347","22.8053"
"189.0070","1.5314","22.6863"
"189.0270","1.5281","22.6474"
"189.0470","1.5247","22.5083"
"189.0670","1.5214","22.3988"
"189.0870","1.5181","22.3867"
"189.1070","1.5148","22.2861"
"189.1270","1.5115","22.3186"
"189.1470","1.5082","22.2216"
"189.1670","1.5048","22.1417"
"189.1870","1.5015","22.0359"
"189.2070","1.4981","21.9249"
"189.2270","1.4947","21.9352"
"189.2470","1.4913","21.8294"
"189.2670","1.4880","21.7182"
"189.2870","1.4847","21.6558"
"189.3070","1.4813","21.5240"
"189.3270","1.4780","21.5086"
"189.3470","1.4747","21.4102"
"189.3670","1.4714","21.3379"
"189.3870","1.4681","21.2894"
"189.4070","1.4648","21.2224"
"189.4270","1.4615","21.1236"
"189.4470","1.4582","21.0553"
"189.4670","1.4549","20.9903"
"189.4870","1.4515","20.9849"
"189.5070","1.4481","20.9059"
"189.5270","1.4447","20.8425"
"189.5470","1.4414","20.8168"
"189.5670","1.4381","20.7305"
"189.5870","1.4347","20.6140"
"189.6070","1.4313","20.4829"
"189.6270","1.4280","20.4051"
"189.6470","1.4247","20.3342"
"189.6670","1.4214","20.2805"
"189.6870","1.4181","20.2466"
"189.7070","1.4148","20.0995"
"189.7270","1.4115","20.0021"
"189.7470","1.4082","19.9527"
"189.7670","1.4049","19.8519"
"189.7870","1.4015","19.7670"
"189.8070","1.3981","19.7837"
"189.8270","1.3948","19.6860"
"189.8470","1.3914","19.5982"
"189.8670","1.3881","19.4334"
"189.8870","1.3847","19.5057"
"189.9070","1.3814","19.4771"
"189.9270","1.3781","19.3380"
"189.9470","1.3747","19.2467"
"189.9670","1.3714","19.2127"
"189.9870","1.3681","19.1812"
"190.0070","1.3647","19.0174"
"190.0270","1.3614","18.8955"
"190.0470","1.3581","18.8540"
"190.0670","1.3548","18.7825"
"190.0870","1.3514","18.6626"
"190.1070","1.3481","18.6883"
"190.1270","1.3448","18.6331"
"190.1470","1.3415","18.5181"
"190.1670","1.3382","18.5378"
"190.1870","1.3349","18.4065"
"190.2070","1.3315","18.3874"
"190.2270","1.3282","18.3190"
"190.2470","1.3248","18.3185"
"190.2670","1.3214","18.2700"
"190.2870","1.3180","18.1114"
"190.3070","1.3147","18.0399"
"190.3270","1.3113","17.9255"
"190.3470","1.3080","17.8584"
"190.3670","1.3047","17.7350"
"190.3870","1.3014","17.6570"
"190.4070","1.2981","17.5741"
"190.4270","1.2948","17.5489"
"190.4470","1.2914","17.5013"
"190.4670","1.2881","17.3784"
"190.4870","1.2848","17.3094"
"190.5070","1.2815","17.3106"
"190.5270","1.2781","17.2484"
"190.5470","1.2748","17.1747"
"190.5670","1.2715","17.0784"
"190.5870","1.2682","17.0382"
"190.6070","1.2648","17.0385"
"190.6270","1.2614","16.8931"
"190.6470","1.2580","16.8091"
"190.6670","1.2546","16.6840"
"190.6870","1.2512","16.6775"
"190.7070","1.2479","16.6351"
"190.7270","1.2447","16.5012"
"190.7470","1.2414","16.4009"
"190.7670","1.2382","16.3283"
"190.7870","1.2349","16.3193"
"190.8070","1.2315","16.3458"
"190.8270","1.2281","16.2520"
"190.8470","1.2248","16.0829"
"190.8670","1.2214","16.0385"
"190.8870","1.2181","15.9676"
"190.9070","1.2148","15.8309"
"190.9270","1.2114","15.7963"
"190.9470","1.2081","15.7892"
"190.9670","1.2047","15.7272"
"190.9870","1.2014","15.7154"
"191.0070","1.1981","15.6140"
"191.0270","1.1948","15.5551"
"191.0470","1.1914","15.5413"
"191.0670","1.1882","15.4495"
"191.0870","1.1849","15.3301"
"191.1070","1.1815","15.2049"
"191.1270","1.1781","15.1349"
"191.1470","1.1748","15.1028"
"191.1670","1.1714","15.0566"
"191.1870","1.1680","14.9869"
"191.2070","1.1647","14.9771"
"191.2270","1.1614","14.8146"
"191.2470","1.1581","14.7081"
"191.2670","1.1548","14.6084"
"191.2870","1.1515","14.5183"
"191.3070","1.1482","14.4732"
"191.3270","1.1448","14.4277"
"191.3470","1.1414","14.4535"
"191.3670","1.1381","14.3408"
"191.3870","1.1347","14.3317"
"191.4070","1.1314","14.2308"
"191.4270","1.1280","14.1562"
"191.4470","1.1247","14.1083"
"191.4670","1.1214","14.0335"
"191.4870","1.1181","13.9640"
"191.5070","1.1148","13.9423"
"191.5270","1.1115","13.8024"
"191.5470","1.1082","13.7039"
"191.5670","1.1048","13.7014"
"191.5870","1.1015","13.6407"
"191.6070","1.0982","13.6253"
"191.6270","1.0948","13.5290"
"191.6470","1.0915","13.3705"
"191.6670","1.0881","13.2471"
"191.6870","1.0847","13.1499"
"191.7070","1.0814","13.0706"
"191.7270","1.0780","13.0265"
"191.7470","1.0746","12.9902"
"191.7670","1.0713","12.9144"
"191.7870","1.0680","12.8206"
"191.8070","1.0647","12.7466"
"191.8270","1.0614","12.7463"
"191.8470","1.0581","12.7238"
"191.8670","1.0548","12.7297"
"191.8870","1.0515","12.7205"
"191.9070","1.0482","12.6266"
"191.9270","1.0448","12.4947"
"191.9470","1.0415","12.3812"
"191.9670","1.0381","12.3114"
"191.9870","1.0348","12.2640"
"192.0070","1.0315","12.1407"
"192.0270","1.0281","12.0027"
"192.0470","1.0248","11.9324"
"192.0670","1.0214","11.9273"
"192.0870","1.0181","11.8932"
"192.1070","1.0147","11.8801"
"192.1270","1.0113","11.8870"
"192.1470","1.0080","11.8142"
"192.1670","1.0047","11.7738"
"192.1870","1.0013","11.7127"
"192.2070","0.9980","11.6007"
"192.2270","0.9947","11.4526"
"192.2470","0.9914","11.3196"
"192.2670","0.9881","11.3234"
"192.2870","0.9848","11.3238"
"192.3070","0.9815","11.2901"
"192.3270","0.9781","11.1627"
"192.3470","0.9748","11.0261"
"192.3670","0.9715","10.9144"
"192.3870","0.9682","10.8387"
"192.4070","0.9649","10.8170"
"192.4270","0.9615","10.7372"
"192.4470","0.9581","10.6323"
"192.4670","0.9547","10.5471"
"192.4870","0.9513","10.5570"
"192.5070","0.9480","10.4959"
"192.5270","0.9447","10.4968"
"192.5470","0.9414","10.3807"
"192.5670","0.9381","10.2867"
"192.5870","0.9348","10.2894"
"192.6070","0.9315","10.2634"
"192.6270","0.9281","10.1164"
"192.6470","0.9248","10.0537"
"192.6670","0.9215","9.9704"
"192.6870","0.9182","9.8422"
"192.7070","0.9148","9.7691"
"192.7270","0.9115","9.7210"
"192.7470","0.9081","9.6255"
"192.7670","0.9048","9.5772"
"192.7870","0.9014","9.5066"
"192.8070","0.8981","9.4179"
"192.8270","0.8947","9.3060"
"192.8470","0.8913","9.2733"
"192.8670","0.8880","9.2328"
"192.8870","0.8849","9.1841"
"192.9070","0.8830","9.1626"
"192.9270","0.8824","9.2091"
"192.9470","0.8825","9.2191"
"192.9670","0.8826","9.1791"
"192.9870","0.8826","9.2090"
"193.0070","0.8826","9.2696"
"193.0270","0.8826","9.1694"
"193.0470","0.8826","9.2064"
"193.0670","0.8826","9.2255"
"193.0870","0.8825","9.1765"
"193.1070","0.8822","9.1341"
"193.1270","0.8819","9.0605"
"193.1470","0.8814","9.1537"
"193.1670","0.8809","9.1562"
"193.1870","0.8805","9.1788"
"193.2070","0.8802","9.1429"
"193.2270","0.8799","9.1746"
"193.2470","0.8795","9.0720"
"193.2670","0.8791","9.1185"
"193.2870","0.8787","9.1512"
"193.3070","0.8782","9.1277"
"193.3270","0.8778","9.0448"
"193.3470","0.8775","9.0299"
"193.3670","0.8772","9.0167"
"193.3870","0.8769","9.0867"
"193.4070","0.8766","9.1080"
"193.4270","0.8762","9.0796"
"193.4470","0.8759","9.0065"
"193.4670","0.8755","8.9786"
"193.4870","0.8752","8.9255"
"193.5070","0.8750","8.9753"
"193.5270","0.8747","8.9934"
"193.5470","0.8744","9.0162"
"193.5670","0.8741","8.9988"
"193.5870","0.8737","8.9542"
"193.6070","0.8732","8.9581"
"193.6270","0.8728","8.9426"
"193.6470","0.8723","8.9591"
"193.6670","0.8720","9.0132"
"193.6870","0.8718","8.9573"
"193.7070","0.8716","8.9585"
"193.7270","0.8713","8.9326"
"193.7470","0.8710","8.8935"
"193.7670","0.8707","8.8349"
"193.7870","0.8703","8.9276"
"193.8070","0.8699","8.9531"
"193.8270","0.8696","8.7984"
"193.8470","0.8692","8.8386"
"193.8670","0.8689","8.8847"
"193.8870","0.8687","8.8498"
"193.9070","0.8684","8.9112"
"193.9270","0.8681","8.9714"
"193.9470","0.8677","8.9436"
"193.9670","0.8673","8.8589"
"193.9870","0.8668","8.8386"
"194.0070","0.8664","8.8622"
"194.0270","0.8661","8.9046"
"194.0470","0.8658","8.8683"
"194.0670","0.8655","8.8403"
"194.0870","0.8652","8.8478"
"194.1070","0.8649","8.8467"
"194.1270","0.8645","8.8023"
"194.1470","0.8642","8.7550"
"194.1670","0.8639","8.7577"
"194.1870","0.8636","8.7664"
"194.2070","0.8633","8.8260"
"194.2270","0.8630","8.8607"
"194.2470","0.8627","8.8238"
"194.2670","0.8623","8.8182"
"194.2870","0.8619","8.7727"
"194.3070","0.8615","8.7484"
"194.3270","0.8610","8.7922"
"194.3470","0.8607","8.7489"
"194.3670","0.8604","8.7156"
"194.3870","0.8602","8.6604"
"194.4070","0.8600","8.6429"
"194.4270","0.8597","8.6764"
"194.4470","0.8593","8.7035"
"194.4670","0.8590","8.7309"
"194.4870","0.8586","8.7074"
"194.5070","0.8582","8.6727"
"194.5270","0.8579","8.6029"
"194.5470","0.8576","8.6387"
"194.5670","0.8573","8.6747"
"194.5870","0.8570","8.6903"
"194.6070","0.8567","8.6096"
"194.6270","0.8564","8.6117"
"194.6470","0.8560","8.5919"
"194.6670","0.8555","8.5691"
"194.6870","0.8551","8.5952"
"194.7070","0.8547","8.6067"
"194.7270","0.8545","8.6210"
"194.7470","0.8542","8.5730"
"194.7670","0.8539","8.5671"
"194.7870","0.8536","8.6238"
"194.8070","0.8532","8.6601"
"194.8270","0.8529","8.6332"
"194.8470","0.8525","8.5550"
"194.8670","0.8522","8.5476"
"194.8870","0.8519","8.5530"
"194.9070","0.8517","8.5015"
"194.9270","0.8514","8.4453"
"194.9470","0.8511","8.5077"
"194.9670","0.8507","8.5243"
"194.9870","0.8502","8.5236"
"195.0070","0.8497","8.5473"
"195.0270","0.8493","8.4664"
"195.0470","0.8490","8.4989"
"195.0670","0.8488","8.4832"
"195.0870","0.8486","8.4795"
"195.1070","0.8483","8.4341"
"195.1270","0.8480","8.4546"
"195.1470","0.8476","8.3675"
"195.1670","0.8473","8.4346"
"195.1870","0.8469","8.4188"
"195.2070","0.8465","8.4465"
"195.2270","0.8462","8.5021"
"195.2470","0.8459","8.4879"
"195.2670","0.8457","8.5007"
"195.2870","0.8454","8.4531"
"195.3070","0.8450","8.4084"
"195.3270","0.8446","8.3638"
"195.3470","0.8442","8.4821"
"195.3670","0.8438","8.4587"
"195.3870","0.8434","8.4392"
"195.4070","0.8431","8.4816"
"195.4270","0.8428","8.4089"
"195.4470","0.8425","8.3203"
"195.4670","0.8422","8.3423"
"195.4870","0.8419","8.4535"
"195.5070","0.8415","8.4065"
"195.5270","0.8412","8.3479"
"195.5470","0.8409","8.3760"
"195.5670","0.8406","8.3586"
"195.5870","0.8403","8.3984"
"195.6070","0.8400","8.3647"
"195.6270","0.8397","8.3669"
"195.6470","0.8393","8.2803"
"195.6670","0.8388","8.2858"
"195.6870","0.8384","8.2557"
"195.7070","0.8379","8.2922"
"195.7270","0.8376","8.3084"
"195.7470","0.8374","8.2723"
"195.7670","0.8372","8.2092"
"195.7870","0.8369","8.2426"
"195.8070","0.8367","8.3204"
"195.8270","0.8363","8.2954"
"195.8470","0.8360","8.2071"
"195.8670","0.8356","8.2404"
"195.8870","0.8352","8.2640"
"195.9070","0.8348","8.2507"
"195.9270","0.8345","8.2261"
"195.9470","0.8343","8.2624"
"195.9670","0.8340","8.1750"
"195.9870","0.8337","8.1800"
"196.0070","0.8333","8.0806"
"196.0270","0.8329","8.0931"
"196.0470","0.8325","8.1511"
"196.0670","0.8321","8.1454"
"196.0870","0.8317","8.1019"
"196.1070","0.8314","8.0213"
"196.1270","0.8311","8.0521"
"196.1470","0.8309","8.0698"
"196.1670","0.8305","8.1223"
"196.1870","0.8302","8.1530"
"196.2070","0.8299","8.0760"
"196.2270","0.8295","8.0920"
"196.2470","0.8292","8.1453"
"196.2670","0.8290","8.1889"
"196.2870","0.8287","8.1957"
"196.3070","0.8284","8.2024"
"196.3270","0.8280","8.1511"
"196.3470","0.8276","8.1231"
"196.3670","0.8271","8.1347"
"196.3870","0.8267","8.0647"
"196.4070","0.8263","8.0399"
"196.4270","0.8260","8.0416"
"196.4470","0.8258","8.0315"
"196.4670","0.8256","7.9770"
"196.4870","0.8253","8.0398"
"196.5070","0.8250","8.1020"
"196.5270","0.8247","8.0402"
"196.5470","0.8243","7.9724"
"196.5670","0.8239","8.0827"
"196.5870","0.8235","8.0832"
"196.6070","0.8232","8.0353"
"196.6270","0.8229","8.0119"
"196.6470","0.8226","7.9693"
"196.6670","0.8223","7.9433"
"196.6870","0.8220","7.9323"
"196.7070","0.8216","7.8503"
"196.7270","0.8212","7.8537"
"196.7470","0.8208","7.8847"
"196.7670","0.8204","7.9470"
"196.7870","0.8201","7.9471"
"196.8070","0.8198","7.8709"
"196.8270","0.8195","7.8084"
"196.8470","0.8192","7.7705"
"196.8670","0.8189","7.8323"
"196.8870","0.8186","7.8658"
"196.9070","0.8182","7.8526"
"196.9270","0.8179","7.8789"
"196.9470","0.8176","7.8205"
"196.9670","0.8173","7.7607"
"196.9870","0.8170","7.7793"
"197.0070","0.8167","7.7433"
"197.0270","0.8163","7.7832"
"197.0470","0.8159","7.8321"
"197.0670","0.8154","7.8303"
"197.0870","0.8150","7.8866"
"197.1070","0.8146","7.8674"
"197.1270","0.8144","7.7615"
"197.1470","0.8142","7.7649"
"197.1670","0.8140","7.7003"
"197.1870","0.8137","7.7229"
"197.2070","0.8133","7.7559"
"197.2270","0.8130","7.7537"
"197.2470","0.8126","7.7578"
"197.2670","0.8122","7.7648"
"197.2870","0.8119","7.7225"
"197.3070","0.8116","7.6911"
"197.3270","0.8113","7.7659"
"197.3470","0.8110","7.7499"
"197.3670","0.8107","7.6968"
"197.3870","0.8103","7.6118"
"197.4070","0.8099","7.7062"
"197.4270","0.8095","7.7676"
"197.4470","0.8091","7.6329"
"197.4670","0.8088","7.6886"
"197.4870","0.8085","7.6934"
"197.5070","0.8082","7.6460"
"197.5270","0.8079","7.7122"
"197.5470","0.8076","7.7241"
"197.5670","0.8073","7.7076"
"197.5870","0.8069","7.6290"
"197.6070","0.8066","7.6140"
"197.6270","0.8063","7.6677"
"197.6470","0.8060","7.7173"
"197.6670","0.8057","7.6501"
"197.6870","0.8054","7.5918"
"197.7070","0.8050","7.6234"
"197.7270","0.8046","7.5618"
"197.7470","0.8042","7.5387"
"197.7670","0.8037","7.5863"
"197.7870","0.8033","7.5974"
"197.8070","0.8031","7.5318"
"197.8270","0.8028","7.5480"
"197.8470","0.8026","7.5269"
"197.8670","0.8023","7.4500"
"197.8870","0.8020","7.4856"
"197.9070","0.8017","7.5691"
"197.9270","0.8013","7.5436"
"197.9470","0.8009","7.5474"
"197.9670","0.8005","7.6272"
"197.9870","0.8002","7.5643"
"198.0070","0.7999","7.5328"
"198.0270","0.7997","7.4572"
"198.0470","0.7994","7.4912"
"198.0670","0.7990","7.5198"
"198.0870","0.7986","7.5330"
"198.1070","0.7982","7.5755"
"198.1270","0.7978","7.5980"
"198.1470","0.7974","7.5576"
"198.1670","0.7971","7.4865"
"198.1870","0.7968","7.4728"
"198.2070","0.7966","7.4993"
"198.2270","0.7962","7.5343"
"198.2470","0.7959","7.5047"
"198.2670","0.7955","7.4333"
"198.2870","0.7952","7.3987"
"198.3070","0.7949","7.3760"
"198.3270","0.7946","7.3990"
"198.3470","0.7944","7.5176"
"198.3670","0.7941","7.4738"
"198.3870","0.7937","7.4472"
"198.4070","0.7934","7.3788"
"198.4270","0.7929","7.3325"
"198.4470","0.7924","7.3614"
"198.4670","0.7920","7.3535"
"198.4870","0.7917","7.3723"
"198.5070","0.7914","7.4097"
"198.5270","0.7912","7.3746"
"198.5470","0.7910","7.2934"
"198.5670","0.7907","7.3290"
"198.5870","0.7904","7.2555"
"198.6070","0.7900","7.2377"
"198.6270","0.7896","7.3331"
"198.6470","0.7892","7.2730"
"198.6670","0.7888","7.2872"
"198.6870","0.7886","7.2810"
"198.7070","0.7883","7.2844"
"198.7270","0.7880","7.2563"
"198.7470","0.7877","7.2316"
"198.7670","0.7873","7.1631"
"198.7870","0.7869","7.1080"
"198.8070","0.7865","7.1941"
"198.8270","0.7861","7.2790"
"198.8470","0.7857","7.2430"
"198.8670","0.7854","7.2263"
"198.8870","0.7852","7.2417"
"198.9070","0.7849","7.2546"
"198.9270","0.7845","7.1892"
"198.9470","0.7842","7.2102"
"198.9670","0.7838","7.2641"
"198.9870","0.7835","7.3159"
"199.0070","0.7832","7.2060"
"199.0270","0.7829","7.1587"
"199.0470","0.7827","7.1336"
"199.0670","0.7824","7.1036"
"199.0870","0.7820","7.1434"
"199.1070","0.7816","7.1929"
"199.1270","0.7811","7.2496"
"199.1470","0.7807","7.2488"
"199.1670","0.7803","7.2167"
"199.1870","0.7801","7.1854"
"199.2070","0.7798","7.1734"
"199.2270","0.7796","7.1540"
"199.2470","0.7793","7.1064"
"199.2670","0.7790","7.1481"
"199.2870","0.7786","7.1614"
"199.3070","0.7782","7.0905"
"199.3270","0.7778","7.0697"
"199.3470","0.7775","7.0541"
"199.3670","0.7772","7.1325"
"199.3870","0.7769","7.1747"
"199.4070","0.7766","7.1463"
"199.4270","0.7763","7.1736"
"199.4470","0.7760","7.1214"
"199.4670","0.7756","7.0704"
"199.4870","0.7752","7.0605"
"199.5070","0.7748","7.0072"
"199.5270","0.7744","7.0621"
"199.5470","0.7741","7.1483"
"199.5670","0.7738","7.1626"
"199.5870","0.7735","6.9645"
"199.6070","0.7732","6.8637"
"199.6270","0.7729","6.9060"
"199.6470","0.7725","6.9057"
"199.6670","0.7722","6.8795"
"199.6870","0.7718","6.9317"
"199.7070","0.7716","6.9237"
"199.7270","0.7713","6.9483"
"199.7470","0.7710","6.9293"
"199.7670","0.7707","6.8973"
"199.7870","0.7703","6.9151"
"199.8070","0.7698","7.0085"
"199.8270","0.7694","7.0027"
"199.8470","0.7690","6.9313"
"199.8670","0.7687","6.9153"
"199.8870","0.7685","6.9235"
"199.9070","0.7682","6.8855"
"199.9270","0.7680","6.9358"
"199.9470","0.7677","6.9255"
"199.9670","0.7673","6.8415"
"199.9870","0.7670","6.8157"
"200.0070","0.7666","6.8265"
"200.0270","0.7662","6.8455"
"200.0470","0.7659","6.8350"
"200.0670","0.7656","6.8734"
"200.0870","0.7653","6.8731"
"200.1070","0.7650","6.8111"
"200.1270","0.7647","6.8481"
"200.1470","0.7643","6.9038"
"200.1670","0.7639","6.9211"
"200.1870","0.7635","6.8464"
"200.2070","0.7631","6.8060"
"200.2270","0.7628","6.7538"
"200.2470","0.7625","6.8033"
"200.2670","0.7622","6.8176"
"200.2870","0.7619","6.8703"
"200.3070","0.7616","6.8646"
"200.3270","0.7612","6.8904"
"200.3470","0.7609","6.8316"
"200.3670","0.7605","6.7860"
"200.3870","0.7602","6.8228"
"200.4070","0.7600","6.8009"
"200.4270","0.7597","6.7215"
"200.4470","0.7594","6.6256"
"200.4670","0.7590","6.6983"
"200.4870","0.7586","6.7172"
"200.5070","0.7582","6.7186"
"200.5270","0.7577","6.7850"
"200.5470","0.7574","6.9055"
"200.5670","0.7571","6.9001"
"200.5870","0.7569","6.7730"
"200.6070","0.7566","6.7231"
"200.6270","0.7563","6.6998"
"200.6470","0.7560","6.6680"
"200.6670","0.7557","6.6787"
"200.6870","0.7553","6.7509"
"200.7070","0.7549","6.7978"
"200.7270","0.7545","6.7995"
"200.7470","0.7542","6.7517"
"200.7670","0.7539","6.7365"
"200.7870","0.7536","6.6658"
"200.8070","0.7533","6.6272"
"200.8270","0.7530","6.6472"
"200.8470","0.7526","6.7026"
"200.8670","0.7522","6.7178"
"200.8870","0.7518","6.7180"
"200.9070","0.7514","6.6566"
"200.9270","0.7511","6.7160"
"200.9470","0.7508","6.7451"
"200.9670","0.7505","6.7198"
"200.9870","0.7502","6.7164"
"201.0070","0.7499","6.6863"
"201.0270","0.7495","6.6763"
"201.0470","0.7492","6.7089"
"201.0670","0.7489","6.6498"
"201.0870","0.7486","6.6161"
"201.1070","0.7483","6.6510"
"201.1270","0.7480","6.6668"
"201.1470","0.7477","6.5855"
"201.1670","0.7473","6.5438"
"201.1870","0.7469","6.6212"
"201.2070","0.7464","6.6096"
"201.2270","0.7460","6.6757"
"201.2470","0.7457","6.6292"
"201.2670","0.7455","6.6330"
"201.2870","0.7453","6.6285"
"201.3070","0.7450","6.6484"
"201.3270","0.7447","6.5715"
"201.3470","0.7443","6.4704"
"201.3670","0.7440","6.4439"
"201.3870","0.7436","6.4893"
"201.4070","0.7432","6.6850"
"201.4270","0.7429","6.7437"
"201.4470","0.7426","6.6407"
"201.4670","0.7423","6.5548"
"201.4870","0.7420","6.4561"
"201.5070","0.7417","6.5290"
"201.5270","0.7413","6.5053"
"201.5470","0.7409","6.6172"
"201.5670","0.7404","6.6508"
"201.5870","0.7401","6.6680"
"201.6070","0.7398","6.6331"
"201.6270","0.7395","6.4972"
"201.6470","0.7392","6.4687"
"201.6670","0.7389","6.4669"
"201.6870","0.7386","6.5631"
"201.7070","0.7382","6.5930"
"201.7270","0.7379","6.5687"
"201.7470","0.7375","6.4979"
"201.7670","0.7372","6.4510"
"201.7870","0.7369","6.4798"
"201.8070","0.7367","6.5466"
"201.8270","0.7364","6.4738"
"201.8470","0.7360","6.4491"
"201.8670","0.7356","6.4523"
"201.8870","0.7351","6.4277"
"201.9070","0.7347","6.4734"
"201.9270","0.7344","6.4655"
"201.9470","0.7341","6.3958"
"201.9670","0.7339","6.4780"
"201.9870","0.7336","6.4615"
"202.0070","0.7334","6.3878"
"202.0270","0.7330","6.4043"
"202.0470","0.7327","6.3902"
"202.0670","0.7323","6.3968"
"202.0870","0.7319","6.3273"
"202.1070","0.7315","6.3562"
"202.1270","0.7312","6.3185"
"202.1470","0.7309","6.3079"
"202.1670","0.7306","6.3533"
"202.1870","0.7303","6.3097"
"202.2070","0.7299","6.3780"
"202.2270","0.7295","6.3509"
"202.2470","0.7291","6.3870"
"202.2670","0.7287","6.4159"
"202.2870","0.7284","6.4289"
"202.3070","0.7281","6.3213"
"202.3270","0.7278","6.3140"
"202.3470","0.7276","6.3085"
"202.3670","0.7272","6.2956"
"202.3870","0.7269","6.3015"
"202.4070","0.7265","6.3261"
"202.4270","0.7262","6.2679"
"202.4470","0.7259","6.2029"
"202.4670","0.7256","6.2208"
"202.4870","0.7253","6.2499"
"202.5070","0.7250","6.2681"
"202.5270","0.7247","6.2362"
"202.5470","0.7243","6.1646"
"202.5670","0.7238","6.1566"
"202.5870","0.7234","6.2385"
"202.6070","0.7230","6.1684"
"202.6270","0.7227","6.1121"
"202.6470","0.7225","6.1513"
"202.6670","0.7223","6.1476"
"202.6870","0.7220","6.1780"
"202.7070","0.7217","6.2882"
"202.7270","0.7213","6.2610"
"202.7470","0.7210","6.1506"
"202.7670","0.7206","6.0753"
"202.7870","0.7202","6.0198"
"202.8070","0.7199","6.0072"
"202.8270","0.7196","6.1032"
"202.8470","0.7193","6.1454"
"202.8670","0.7190","6.0749"
"202.8870","0.7187","6.0454"
"202.9070","0.7183","5.9273"
"202.9270","0.7178","5.9221"
"202.9470","0.7174","5.9402"
"202.9670","0.7170","5.9873"
"202.9870","0.7167","5.9950"
"203.0070","0.7164","6.0600"
"203.0270","0.7162","6.0331"
"203.0470","0.7159","6.0101"
"203.0670","0.7156","6.0692"
"203.0870","0.7152","6.0689"
"203.1070","0.7149","6.0232"
"203.1270","0.7145","5.9865"
"203.1470","0.7142","5.9412"
"203.1670","0.7139","5.9402"
"203.1870","0.7136","5.9984"
"203.2070","0.7133","5.9594"
"203.2270","0.7130","5.9331"
"203.2470","0.7125","5.9655"
"203.2670","0.7121","5.9478"
"203.2870","0.7117","5.9336"
"203.3070","0.7114","5.8543"
"203.3270","0.7111","5.8166"
"203.3470","0.7109","5.8252"
"203.3670","0.7106","5.8905"
"203.3870","0.7104","5.8640"
"203.4070","0.7100","5.8979"
"203.4270","0.7097","5.8966"
"203.4470","0.7093","5.8955"
"203.4670","0.7089","5.9129"
"203.4870","0.7085","5.9542"
"203.5070","0.7082","5.9595"
"203.5270","0.7080","5.9350"
"203.5470","0.7077","5.9487"
"203.5670","0.7073","5.9129"
"203.5870","0.7070","5.9141"
"203.6070","0.7065","5.9508"
"203.6270","0.7061","5.9095"
"203.6470","0.7057","5.7233"
"203.6670","0.7054","5.7143"
"203.6870","0.7051","5.8516"
"203.7070","0.7048","5.8272"
"203.7270","0.7045","5.8237"
"203.7470","0.7042","5.7974"
"203.7670","0.7039","5.7449"
"203.7870","0.7035","5.6950"
"203.8070","0.7032","5.7323"
"203.8270","0.7029","5.7779"
"203.8470","0.7026","5.7021"
"203.8670","0.7023","5.6567"
"203.8870","0.7020","5.6508"
"203.9070","0.7017","5.7178"
"203.9270","0.7013","5.7379"
"203.9470","0.7008","5.6872"
"203.9670","0.7004","5.7775"
"203.9870","0.7000","5.8316"
"204.0070","0.6997","5.7355"
"204.0270","0.6995","5.6832"
"204.0470","0.6993","5.7301"
"204.0670","0.6990","5.8163"
"204.0870","0.6987","5.7036"
"204.1070","0.6983","5.7182"
"204.1270","0.6979","5.7760"
"204.1470","0.6976","5.7733"
"204.1670","0.6972","5.7310"
"204.1870","0.6969","5.7027"
"204.2070","0.6966","5.7700"
"204.2270","0.6963","5.7584"
"204.2470","0.6960","5.8256"
"204.2670","0.6957","5.8677"
"204.2870","0.6953","5.7480"
"204.3070","0.6949","5.7342"
"204.3270","0.6945","5.6842"
"204.3470","0.6941","5.6758"
"204.3670","0.6938","5.7295"
"204.3870","0.6935","5.7420"
"204.4070","0.6932","5.7566"
"204.4270","0.6929","5.8192"
"204.4470","0.6926","5.8270"
"204.4670","0.6922","5.7958"
"204.4870","0.6919","5.7484"
"204.5070","0.6915","5.7211"
"204.5270","0.6912","5.6548"
"204.5470","0.6909","5.6752"
"204.5670","0.6907","5.7253"
"204.5870","0.6903","5.7168"
"204.6070","0.6900","5.7671"
"204.6270","0.6895","5.7425"
"204.6470","0.6891","5.7653"
"204.6670","0.6887","5.7570"
"204.6870","0.6883","5.7523"
"204.7070","0.6881","5.7760"
"204.7270","0.6879","5.7644"
"204.7470","0.6876","5.7143"
"204.7670","0.6874","5.6965"
"204.7870","0.6870","5.6960"
"204.8070","0.6866","5.7420"
"204.8270","0.6863","5.8545"
"204.8470","0.6859","5.8231"
"204.8670","0.6856","5.7740"
"204.8870","0.6853","5.8179"
"204.9070","0.6850","5.8306"
"204.9270","0.6847","5.6869"
"204.9470","0.6844","5.6400"
"204.9670","0.6840","5.7164"
"204.9870","0.6836","5.7168"
"205.0070","0.6832","5.6788"
"205.0270","0.6828","5.6812"
"205.0470","0.6824","5.6962"
"205.0670","0.6821","5.7582"
"205.0870","0.6818","5.7528"
"205.1070","0.6815","5.7398"
"205.1270","0.6812","5.7652"
"205.1470","0.6808","5.7521"
"205.1670","0.6805","5.7419"
"205.1870","0.6802","5.6462"
"205.2070","0.6799","5.6406"
"205.2270","0.6796","5.6846"
"205.2470","0.6793","5.7040"
"205.2670","0.6790","5.7656"
"205.2870","0.6787","5.7348"
"205.3070","0.6782","5.6649"
"205.3270","0.6778","5.6646"
"205.3470","0.6773","5.6911"
"205.3670","0.6770","5.6505"
"205.3870","0.6767","5.6026"
"205.4070","0.6765","5.6551"
"205.4270","0.6763","5.6977"
"205.4470","0.6760","5.7257"
"205.4670","0.6757","5.6510"
"205.4870","0.6753","5.6280"
"205.5070","0.6750","5.6195"
"205.5270","0.6746","5.5419"
"205.5470","0.6742","5.5704"
"205.5670","0.6739","5.5800"
"205.5870","0.6736","5.6779"
"205.6070","0.6734","5.7098"
"205.6270","0.6731","5.6417"
"205.6470","0.6727","5.5859"
"205.6670","0.6723","5.5849"
"205.6870","0.6719","5.6305"
"205.7070","0.6714","5.6016"
"205.7270","0.6711","5.5822"
"205.7470","0.6707","5.6226"
"205.7670","0.6704","5.7152"
"205.7870","0.6701","5.7575"
"205.8070","0.6698","5.7222"
"205.8270","0.6695","5.7107"
"205.8470","0.6692","5.6350"
"205.8670","0.6688","5.5287"
"205.8870","0.6685","5.5089"
"205.9070","0.6683","5.6410"
"205.9270","0.6680","5.6509"
"205.9470","0.6677","5.6015"
"205.9670","0.6674","5.5609"
"205.9870","0.6670","5.5249"
"206.0070","0.6665","5.5541"
"206.0270","0.6661","5.5357"
"206.0470","0.6657","5.4780"
"206.0670","0.6654","5.4077"
"206.0870","0.6651","5.5288"
"206.1070","0.6649","5.6504"
"206.1270","0.6646","5.6368"
"206.1470","0.6643","5.5469"
"206.1670","0.6640","5.5335"
"206.1870","0.6636","5.4422"
"206.2070","0.6632","5.4600"
"206.2270","0.6629","5.5214"
"206.2470","0.6625","5.6204"
"206.2670","0.6623","5.6002"
"206.2870","0.6620","5.5796"
"206.3070","0.6617","5.5818"
"206.3270","0.6614","5.5907"
"206.3470","0.6610","5.5466"
"206.3670","0.6606","5.5833"
"206.3870","0.6602","5.5830"
"206.4070","0.6598","5.5225"
"206.4270","0.6594","5.5403"
"206.4470","0.6591","5.5508"
"206.4670","0.6588","5.5408"
"206.4870","0.6585","5.5465"
"206.5070","0.6582","5.5466"
"206.5270","0.6578","5.5693"
"206.5470","0.6575","5.6678"
"206.5670","0.6572","5.5636"
"206.5870","0.6569","5.4887"
"206.6070","0.6566","5.4893"
"206.6270","0.6564","5.5969"
"206.6470","0.6560","5.5806"
"206.6670","0.6557","5.5201"
"206.6870","0.6553","5.4813"
"206.7070","0.6548","5.4836"
"206.7270","0.6544","5.5768"
"206.7470","0.6540","5.5824"
"206.7670","0.6537","5.5856"
"206.7870","0.6535","5.6110"
"206.8070","0.6533","5.5347"
"206.8270","0.6530","5.4720"
"206.8470","0.6527","5.3980"
"206.8670","0.6523","5.2772"
"206.8870","0.6519","5.3573"
"206.9070","0.6516","5.5138"
"206.9270","0.6512","5.5789"
"206.9470","0.6509","5.5120"
"206.9670","0.6506","5.4946"
"206.9870","0.6503","5.5092"
"207.0070","0.6500","5.5147"
"207.0270","0.6497","5.4993"
"207.0470","0.6493","5.5405"
"207.0670","0.6489","5.5103"
"207.0870","0.6485","5.5615"
"207.1070","0.6481","5.5116"
"207.1270","0.6478","5.4458"
"207.1470","0.6475","5.5518"
"207.1670","0.6472","5.5850"
"207.1870","0.6468","5.5059"
"207.2070","0.6465","5.5096"
"207.2270","0.6462","5.5108"
"207.2470","0.6458","5.4763"
"207.2670","0.6456","5.4976"
"207.2870","0.6453","5.4845"
"207.3070","0.6450","5.5122"
"207.3270","0.6447","5.4988"
"207.3470","0.6443","5.4679"
"207.3670","0.6439","5.4510"
"207.3870","0.6435","5.4916"
"207.4070","0.6431","5.4977"
"207.4270","0.6427","5.4821"
"207.4470","0.6424","5.4992"
"207.4670","0.6421","5.4137"
"207.4870","0.6419","5.5302"
"207.5070","0.6416","5.5033"
"207.5270","0.6413","5.4634"
"207.5470","0.6410","5.4478"
"207.5670","0.6406","5.5428"
"207.5870","0.6402","5.5161"
"207.6070","0.6399","5.4973"
"207.6270","0.6396","5.4813"
"207.6470","0.6393","5.5067"
"207.6670","0.6390","5.4473"
"207.6870","0.6387","5.4065"
"207.7070","0.6384","5.4677"
"207.7270","0.6380","5.5407"
"207.7470","0.6376","5.4947"
"207.7670","0.6371","5.4901"
"207.7870","0.6368","5.5229"
"207.8070","0.6364","5.4992"
"207.8270","0.6361","5.4826"
"207.8470","0.6358","5.4359"
"207.8670","0.6355","5.4770"
"207.8870","0.6352","5.4771"
"207.9070","0.6348","5.4247"
"207.9270","0.6345","5.4604"
"207.9470","0.6342","5.4564"
"207.9670","0.6339","5.5165"
"207.9870","0.6336","5.5728"
"208.0070","0.6334","5.5394"
"208.0270","0.6330","5.4238"
"208.0470","0.6327","5.4753"
"208.0670","0.6322","5.5395"
"208.0870","0.6318","5.5957"
"208.1070","0.6313","5.5743"
"208.1270","0.6310","5.5199"
"208.1470","0.6308","5.5344"
"208.1670","0.6305","5.5876"
"208.1870","0.6303","5.5710"
"208.2070","0.6300","5.5628"
"208.2270","0.6297","5.5600"
"208.2470","0.6293","5.4623"
"208.2670","0.6289","5.4542"
"208.2870","0.6286","5.4994"
"208.3070","0.6282","5.5481"
"208.3270","0.6279","5.4773"
"208.3470","0.6276","5.5567"
"208.3670","0.6274","5.6038"
"208.3870","0.6270","5.5389"
"208.4070","0.6267","5.5053"
"208.4270","0.6263","5.5115"
"208.4470","0.6258","5.5236"
"208.4670","0.6254","5.5467"
"208.4870","0.6251","5.5944"
"208.5070","0.6248","5.5447"
"208.5270","0.6245","5.5086"
"208.5470","0.6242","5.5143"
"208.5670","0.6239","5.5241"
"208.5870","0.6235","5.5274"
"208.6070","0.6232","5.5365"
"208.6270","0.6228","5.5951"
"208.6470","0.6226","5.6090"
"208.6670","0.6223","5.5974"
"208.6870","0.6220","5.6177"
"208.7070","0.6217","5.5756"
"208.7270","0.6214","5.5597"
"208.7470","0.6210","5.5299"
"208.7670","0.6205","5.4407"
"208.7870","0.6201","5.4822"
"208.8070","0.6197","5.5541"
"208.8270","0.6194","5.5318"
"208.8470","0.6192","5.4415"
"208.8670","0.6189","5.4173"
"208.8870","0.6187","5.5162"
"208.9070","0.6183","5.5118"
"208.9270","0.6180","5.5315"
"208.9470","0.6176","5.5328"
"208.9670","0.6172","5.4977"
"208.9870","0.6169","5.5134"
"209.0070","0.6166","5.4839"
"209.0270","0.6163","5.4232"
"209.0470","0.6160","5.5421"
"209.0670","0.6157","5.4958"
"209.0870","0.6154","5.4340"
"209.1070","0.6150","5.4072"
"209.1270","0.6146","5.5138"
"209.1470","0.6141","5.5444"
"209.1670","0.6138","5.4797"
"209.1870","0.6134","5.4694"
"209.2070","0.6132","5.4944"
"209.2270","0.6129","5.4742"
"209.2470","0.6126","5.4779"
"209.2670","0.6122","5.5120"
"209.2870","0.6119","5.5075"
"209.3070","0.6115","5.4964"
"209.3270","0.6112","5.4621"
"209.3470","0.6109","5.4309"
"209.3670","0.6106","5.5007"
"209.3870","0.6104","5.4821"
"209.4070","0.6100","5.4253"
"209.4270","0.6097","5.3935"
"209.4470","0.6092","5.4485"
"209.4670","0.6087","5.4669"
"209.4870","0.6083","5.3975"
"209.5070","0.6080","5.4397"
"209.5270","0.6078","5.4389"
"209.5470","0.6075","5.4937"
"209.5670","0.6073","5.4850"
"209.5870","0.6070","5.4859"
"209.6070","0.6066","5.4732"
"209.6270","0.6063","5.4619"
"209.6470","0.6059","5.4347"
"209.6670","0.6055","5.4365"
"209.6870","0.6052","5.4065"
"209.7070","0.6049","5.3657"
"209.7270","0.6046","5.3797"
"209.7470","0.6043","5.4052"
"209.7670","0.6040","5.4448"
"209.7870","0.6036","5.3562"
"209.8070","0.6032","5.2503"
"209.8270","0.6028","5.2242"
"209.8470","0.6024","5.2982"
"209.8670","0.6021","5.2616"
"209.8870","0.6018","5.2881"
"209.9070","0.6015","5.2844"
"209.9270","0.6012","5.2442"
"209.9470","0.6009","5.2040"
"209.9670","0.6005","5.2866"
"209.9870","0.6002","5.3398"
"210.0070","0.5999","5.2778"
"210.0270","0.5996","5.2682"
"210.0470","0.5993","5.2247"
"210.0670","0.5990","5.2399"
"210.0870","0.5987","5.2703"
"210.1070","0.5983","5.2483"
"210.1270","0.5979","5.2470"
"210.1470","0.5974","5.1732"
"210.1670","0.5970","5.2048"
"210.1870","0.5966","5.2466"
"210.2070","0.5964","5.2478"
"210.2270","0.5962","5.2630"
"210.2470","0.5960","5.2296"
"210.2670","0.5957","5.2789"
"210.2870","0.5954","5.2235"
"210.3070","0.5950","5.1841"
"210.3270","0.5946","5.1545"
"210.3470","0.5942","5.2029"
"210.3670","0.5939","5.2218"
"210.3870","0.5935","5.1732"
"210.4070","0.5933","5.2177"
"210.4270","0.5930","5.2172"
"210.4470","0.5927","5.1691"
"210.4670","0.5923","5.1310"
"210.4870","0.5919","5.1763"
"210.5070","0.5915","5.2034"
"210.5270","0.5911","5.2175"
"210.5470","0.5907","5.1567"
"210.5670","0.5904","5.0894"
"210.5870","0.5901","5.1425"
"210.6070","0.5898","5.2446"
"210.6270","0.5895","5.2213"
"210.6470","0.5892","5.1125"
"210.6670","0.5889","5.0556"
"210.6870","0.5885","5.1104"
"210.7070","0.5882","5.1212"
"210.7270","0.5879","5.1316"
"210.7470","0.5877","5.1941"
"210.7670","0.5874","5.1929"
"210.7870","0.5870","5.1586"
"210.8070","0.5866","5.1228"
"210.8270","0.5861","5.0959"
"210.8470","0.5857","5.1049"
"210.8670","0.5853","5.0485"
"210.8870","0.5850","5.0394"
"210.9070","0.5848","5.0201"
"210.9270","0.5846","5.0171"
"210.9470","0.5843","5.0766"
"210.9670","0.5840","5.0988"
"210.9870","0.5837","5.0558"
"211.0070","0.5833","5.0751"
"211.0270","0.5829","5.0680"
"211.0470","0.5825","5.1658"
"211.0670","0.5822","5.2007"
"211.0870","0.5819","5.1612"
"211.1070","0.5816","5.1259"
"211.1270","0.5813","5.0958"
"211.1470","0.5810","5.1428"
"211.1670","0.5806","5.1348"
"211.1870","0.5802","5.1317"
"211.2070","0.5798","5.1416"
"211.2270","0.5794","5.0402"
"211.2470","0.5791","5.0264"
"211.2670","0.5788","5.0551"
"211.2870","0.5785","5.0332"
"211.3070","0.5782","5.0193"
"211.3270","0.5779","4.9271"
"211.3470","0.5776","5.0552"
"211.3670","0.5772","5.0523"
"211.3870","0.5769","4.9225"
"211.4070","0.5766","4.9493"
"211.4270","0.5763","5.0194"
"211.4470","0.5761","5.1078"
"211.4670","0.5757","5.0988"
"211.4870","0.5754","5.0643"
"211.5070","0.5749","4.9855"
"211.5270","0.5745","4.9830"
"211.5470","0.5740","4.9725"
"211.5670","0.5737","5.0582"
"211.5870","0.5734","5.0733"
"211.6070","0.5732","5.0618"
"211.6270","0.5730","5.0395"
"211.6470","0.5727","4.9728"
"211.6670","0.5724","4.9637"
"211.6870","0.5720","4.9546"
"211.7070","0.5716","5.0704"
"211.7270","0.5712","4.9655"
"211.7470","0.5709","4.8866"
"211.7670","0.5706","4.9700"
"211.7870","0.5703","5.0742"
"211.8070","0.5700","5.0864"
"211.8270","0.5697","5.0114"
"211.8470","0.5693","4.9850"
"211.8670","0.5689","4.9374"
"211.8870","0.5685","4.8986"
"211.9070","0.5681","4.8742"
"211.9270","0.5677","4.9213"
"211.9470","0.5674","4.9133"
"211.9670","0.5672","4.9127"
"211.9870","0.5669","4.9823"
"212.0070","0.5666","5.0625"
"212.0270","0.5662","4.9709"
"212.0470","0.5659","4.9127"
"212.0670","0.5655","4.9204"
"212.0870","0.5652","4.9960"
"212.1070","0.5649","4.9117"
"212.1270","0.5647","4.8938"
"212.1470","0.5644","4.9315"
"212.1670","0.5640","4.9674"
"212.1870","0.5636","4.9176"
"212.2070","0.5632","4.9029"
"212.2270","0.5627","4.9077"
"212.2470","0.5623","4.8892"
"212.2670","0.5620","4.8780"
"212.2870","0.5618","4.8534"
"212.3070","0.5616","4.8987"
"212.3270","0.5613","4.8853"
"212.3470","0.5610","4.8140"
"212.3670","0.5607","4.8166"
"212.3870","0.5603","4.8773"
"212.4070","0.5599","4.8601"
"212.4270","0.5595","4.7874"
"212.4470","0.5592","4.7914"
"212.4670","0.5589","4.8033"
"212.4870","0.5586","4.7905"
"212.5070","0.5583","4.7815"
"212.5270","0.5580","4.7570"
"212.5470","0.5576","4.7954"
"212.5670","0.5572","4.7897"
"212.5870","0.5568","4.7582"
"212.6070","0.5564","4.7478"
"212.6270","0.5561","4.6747"
"212.6470","0.5558","4.7275"
"212.6670","0.5555","4.7164"
"212.6870","0.5552","4.7039"
"212.7070","0.5549","4.6982"
"212.7270","0.5545","4.7094"
"212.7470","0.5542","4.7185"
"212.7670","0.5539","4.7133"
"212.7870","0.5536","4.7431"
"212.8070","0.5533","4.5981"
"212.8270","0.5530","4.5663"
"212.8470","0.5527","4.6467"
"212.8670","0.5524","4.6581"
"212.8870","0.5519","4.6882"
"212.9070","0.5515","4.7130"
"212.9270","0.5510","4.7313"
"212.9470","0.5507","4.6716"
"212.9670","0.5504","4.6589"
"212.9870","0.5502","4.6117"
"213.0070","0.5499","4.5700"
"213.0270","0.5497","4.5420"
"213.0470","0.5493","4.5358"
"213.0670","0.5490","4.4951"
"213.0870","0.5486","4.5860"
"213.1070","0.5482","4.6097"
"213.1270","0.5478","4.5991"
"213.1470","0.5475","4.4716"
"213.1670","0.5473","4.5214"
"213.1870","0.5470","4.6382"
"213.2070","0.5467","4.5816"
"213.2270","0.5463","4.5020"
"213.2470","0.5459","4.4933"
"213.2670","0.5455","4.5199"
"213.2870","0.5451","4.5457"
"213.3070","0.5447","4.5330"
"213.3270","0.5444","4.4734"
"213.3470","0.5441","4.4791"
"213.3670","0.5438","4.4878"
"213.3870","0.5435","4.4888"
"213.4070","0.5432","4.5318"
"213.4270","0.5428","4.5098"
"213.4470","0.5425","4.4938"
"213.4670","0.5422","4.4968"
"213.4870","0.5419","4.4001"
"213.5070","0.5416","4.4785"
"213.5270","0.5414","4.4669"
"213.5470","0.5410","4.4940"
"213.5670","0.5406","4.4290"
"213.5870","0.5402","4.3450"
"213.6070","0.5397","4.3585"
"213.6270","0.5393","4.3206"
"213.6470","0.5391","4.4131"
"213.6670","0.5388","4.4720"
"213.6870","0.5386","4.3535"
"213.7070","0.5383","4.3111"
"213.7270","0.5380","4.3318"
"213.7470","0.5376","4.3168"
"213.7670","0.5372","4.2860"
"213.7870","0.5369","4.3532"
"213.8070","0.5365","4.4324"
"213.8270","0.5362","4.4577"
"213.8470","0.5359","4.3884"
"213.8670","0.5356","4.3750"
"213.8870","0.5353","4.3806"
"213.9070","0.5350","4.4232"
"213.9270","0.5346","4.3501"
"213.9470","0.5342","4.3397"
"213.9670","0.5338","4.2903"
"213.9870","0.5334","4.2802"
"214.0070","0.5331","4.2892"
"214.0270","0.5328","4.3088"
"214.0470","0.5325","4.3725"
"214.0670","0.5322","4.3232"
"214.0870","0.5319","4.3603"
"214.1070","0.5315","4.3888"
"214.1270","0.5312","4.3421"
"214.1470","0.5308","4.2522"
"214.1670","0.5306","4.1615"
"214.1870","0.5303","4.2299"
"214.2070","0.5300","4.2491"
"214.2270","0.5297","4.2947"
"214.2470","0.5293","4.2698"
"214.2670","0.5289","4.2314"
"214.2870","0.5284","4.2813"
"214.3070","0.5280","4.2515"
"214.3270","0.5277","4.1837"
"214.3470","0.5274","4.1982"
"214.3670","0.5272","4.1810"
"214.3870","0.5270","4.1788"
"214.4070","0.5267","4.1383"
"214.4270","0.5263","4.0903"
"214.4470","0.5260","4.1244"
"214.4670","0.5256","4.1305"
"214.4870","0.5252","4.1251"
"214.5070","0.5249","4.1559"
"214.5270","0.5246","4.1459"
"214.5470","0.5243","4.1916"
"214.5670","0.5240","4.1201"
"214.5870","0.5237","4.1703"
"214.6070","0.5233","4.1337"
"214.6270","0.5229","4.0901"
"214.6470","0.5225","4.0832"
"214.6670","0.5221","4.0655"
"214.6870","0.5218","4.0721"
"214.7070","0.5215","4.1512"
"214.7270","0.5212","4.1945"
"214.7470","0.5209","4.0882"
"214.7670","0.5206","3.9867"
"214.7870","0.5202","3.9766"
"214.8070","0.5198","3.9848"
"214.8270","0.5195","4.0734"
"214.8470","0.5192","4.0780"
"214.8670","0.5189","4.1432"
"214.8870","0.5187","4.1164"
"214.9070","0.5184","4.0183"
"214.9270","0.5180","3.9935"
"214.9470","0.5176","4.0285"
"214.9670","0.5172","4.0528"
"214.9870","0.5167","3.9913"
"215.0070","0.5164","3.9006"
"215.0270","0.5161","3.8827"
"215.0470","0.5159","3.9448"
"215.0670","0.5156","4.0065"
"215.0870","0.5153","3.9484"
"215.1070","0.5150","3.9638"
"215.1270","0.5147","3.9743"
"215.1470","0.5143","3.9442"
"215.1670","0.5139","3.9311"
"215.1870","0.5135","3.9071"
"215.2070","0.5132","3.9481"
"215.2270","0.5129","4.0211"
"215.2470","0.5126","4.0819"
"215.2670","0.5123","3.9831"
"215.2870","0.5120","3.8814"
"215.3070","0.5116","3.8986"
"215.3270","0.5112","3.8717"
"215.3470","0.5108","3.7996"
"215.3670","0.5104","3.8098"
"215.3870","0.5101","3.9263"
"215.4070","0.5098","3.8930"
"215.4270","0.5095","3.8385"
"215.4470","0.5092","3.8475"
"215.4670","0.5089","3.8566"
"215.4870","0.5085","3.8020"
"215.5070","0.5082","3.8657"
"215.5270","0.5079","3.8775"
"215.5470","0.5076","3.9142"
"215.5670","0.5073","3.9107"
"215.5870","0.5070","3.8608"
"215.6070","0.5067","3.8629"
"215.6270","0.5063","3.8137"
"215.6470","0.5059","3.7895"
"215.6670","0.5055","3.7932"
"215.6870","0.5051","3.7431"
"215.7070","0.5047","3.7579"
"215.7270","0.5045","3.8669"
"215.7470","0.5042","3.8652"
"215.7670","0.5040","3.8220"
"215.7870","0.5037","3.7429"
"215.8070","0.5033","3.7393"
"215.8270","0.5030","3.8054"
"215.8470","0.5026","3.8762"
"215.8670","0.5022","3.8222"
"215.8870","0.5019","3.7677"
"215.9070","0.5016","3.7636"
"215.9270","0.5013","3.7288"
"215.9470","0.5010","3.7117"
"215.9670","0.5007","3.6780"
"215.9870","0.5003","3.7281"
"216.0070","0.4999","3.7378"
"216.0270","0.4995","3.7005"
"216.0470","0.4991","3.6532"
"216.0670","0.4987","3.6779"
"216.0870","0.4985","3.7123"
"216.1070","0.4982","3.6917"
"216.1270","0.4979","3.6883"
"216.1470","0.4976","3.5679"
"216.1670","0.4972","3.5942"
"216.1870","0.4968","3.6844"
"216.2070","0.4965","3.6674"
"216.2270","0.4962","3.6435"
"216.2470","0.4959","3.6416"
"216.2670","0.4957","3.6398"
"216.2870","0.4954","3.6095"
"216.3070","0.4950","3.5904"
"216.3270","0.4946","3.5954"
"216.3470","0.4942","3.5420"
"216.3670","0.4937","3.6556"
"216.3870","0.4934","3.6288"
"216.4070","0.4931","3.6100"
"216.4270","0.4929","3.5654"
"216.4470","0.4926","3.5808"
"216.4670","0.4924","3.5801"
"216.4870","0.4920","3.5499"
"216.5070","0.4917","3.5455"
"216.5270","0.4913","3.4764"
"216.5470","0.4909","3.4269"
"216.5670","0.4905","3.4189"
"216.5870","0.4902","3.3898"
"216.6070","0.4899","3.4208"
"216.6270","0.4896","3.4710"
"216.6470","0.4893","3.5190"
"216.6670","0.4890","3.5484"
"216.6870","0.4886","3.5631"
"216.7070","0.4881","3.4621"
"216.7270","0.4877","3.3691"
"216.7470","0.4874","3.4334"
"216.7670","0.4871","3.5104"
"216.7870","0.4868","3.4980"
"216.8070","0.4865","3.4445"
"216.8270","0.4862","3.4268"
"216.8470","0.4859","3.4220"
"216.8670","0.4855","3.5004"
"216.8870","0.4852","3.5040"
"216.9070","0.4849","3.4850"
"216.9270","0.4846","3.4706"
"216.9470","0.4843","3.4266"
"216.9670","0.4840","3.4399"
"216.9870","0.4837","3.4270"
"217.0070","0.4833","3.3993"
"217.0270","0.4829","3.4004"
"217.0470","0.4824","3.3097"
"217.0670","0.4820","3.3654"
"217.0870","0.4817","3.4433"
"217.1070","0.4815","3.3480"
"217.1270","0.4812","3.3356"
"217.1470","0.4810","3.3407"
"217.1670","0.4807","3.3090"
"217.1870","0.4804","3.3517"
"217.2070","0.4800","3.4715"
"217.2270","0.4796","3.4078"
"217.2470","0.4792","3.3889"
"217.2670","0.4789","3.2911"
"217.2870","0.4786","3.2593"
"217.3070","0.4783","3.2464"
"217.3270","0.4780","3.2095"
"217.3470","0.4777","3.2840"
"217.3670","0.4773","3.3276"
"217.3870","0.4768","3.2930"
"217.4070","0.4764","3.2554"
"217.4270","0.4760","3.2591"
"217.4470","0.4757","3.2112"
"217.4670","0.4754","3.2416"
"217.4870","0.4752","3.2114"
"217.5070","0.4749","3.2274"
"217.5270","0.4746","3.2517"
"217.5470","0.4742","3.2533"
"217.5670","0.4739","3.1842"
"217.5870","0.4735","3.1729"
"217.6070","0.4732","3.1875"
"217.6270","0.4729","3.2251"
"217.6470","0.4726","3.2746"
"217.6670","0.4723","3.1691"
"217.6870","0.4720","3.0762"
"217.7070","0.4716","3.1205"
"217.7270","0.4711","3.1989"
"217.7470","0.4707","3.1413"
"217.7670","0.4704","3.1566"
"217.7870","0.4701","3.1606"
"217.8070","0.4699","3.1411"
"217.8270","0.4696","3.2227"
"217.8470","0.4694","3.2187"
"217.8670","0.4690","3.1722"
"217.8870","0.4687","3.1349"
"217.9070","0.4683","3.1149"
"217.9270","0.4679","3.0725"
"217.9470","0.4675","3.0329"
"217.9670","0.4672","3.0341"
"217.9870","0.4670","3.0759"
"218.0070","0.4667","3.0908"
"218.0270","0.4663","3.0956"
"218.0470","0.4660","3.0625"
"218.0670","0.4656","3.0372"
"218.0870","0.4651","3.0650"
"218.1070","0.4647","3.0454"
"218.1270","0.4644","2.9799"
"218.1470","0.4641","3.0309"
"218.1670","0.4638","3.0155"
"218.1870","0.4635","3.0675"
"218.2070","0.4632","3.1076"
"218.2270","0.4629","3.0476"
"218.2470","0.4625","3.0263"
"218.2670","0.4622","3.0267"
"218.2870","0.4619","3.0592"
"218.3070","0.4616","3.0677"
"218.3270","0.4613","3.0359"
"218.3470","0.4610","3.0066"
"218.3670","0.4607","3.0465"
"218.3870","0.4603","2.9657"
"218.4070","0.4598","2.8865"
"218.4270","0.4594","2.8766"
"218.4470","0.4590","2.9063"
"218.4670","0.4587","2.9440"
"218.4870","0.4585","2.8449"
"218.5070","0.4582","2.8685"
"218.5270","0.4580","2.8772"
"218.5470","0.4577","2.8130"
"218.5670","0.4573","2.8512"
"218.5870","0.4570","2.9373"
"218.6070","0.4566","2.8942"
"218.6270","0.4562","2.7598"
"218.6470","0.4559","2.8178"
"218.6670","0.4556","2.8752"
"218.6870","0.4553","2.8257"
"218.7070","0.4550","2.7705"
"218.7270","0.4547","2.8432"
"218.7470","0.4543","2.8851"
"218.7670","0.4539","2.8745"
"218.7870","0.4535","2.8097"
"218.8070","0.4531","2.7961"
"218.8270","0.4528","2.7680"
"218.8470","0.4525","2.8215"
"218.8670","0.4522","2.7847"
"218.8870","0.4519","2.7548"
"218.9070","0.4516","2.6734"
"218.9270","0.4512","2.6872"
"218.9470","0.4509","2.7487"
"218.9670","0.4505","2.8015"
"218.9870","0.4502","2.7839"
"219.0070","0.4500","2.7780"
"219.0270","0.4497","2.8166"
"219.0470","0.4494","2.7463"
"219.0670","0.4490","2.6773"
"219.0870","0.4486","2.6817"
"219.1070","0.4481","2.6878"
"219.1270","0.4477","2.6256"
"219.1470","0.4474","2.6489"
"219.1670","0.4471","2.6894"
"219.1870","0.4469","2.7033"
"219.2070","0.4466","2.6991"
"219.2270","0.4464","2.5878"
"219.2470","0.4460","2.6013"
"219.2670","0.4457","2.6503"
"219.2870","0.4453","2.6995"
"219.3070","0.4449","2.6672"
"219.3270","0.4446","2.6221"
"219.3470","0.4443","2.7250"
"219.3670","0.4440","2.7133"
"219.3870","0.4437","2.6400"
"219.4070","0.4434","2.6489"
"219.4270","0.4430","2.6667"
"219.4470","0.4426","2.6351"
"219.4670","0.4422","2.6891"
"219.4870","0.4418","2.6840"
"219.5070","0.4414","2.5637"
"219.5270","0.4411","2.5496"
"219.5470","0.4408","2.5158"
"219.5670","0.4405","2.4860"
"219.5870","0.4402","2.5557"
"219.6070","0.4399","2.6471"
"219.6270","0.4395","2.6305"
"219.6470","0.4392","2.5575"
"219.6670","0.4389","2.5170"
"219.6870","0.4386","2.5150"
"219.7070","0.4383","2.5558"
"219.7270","0.4380","2.5378"
"219.7470","0.4377","2.5309"
"219.7670","0.4373","2.5606"
"219.7870","0.4368","2.5968"
"219.8070","0.4364","2.6131"
"219.8270","0.4360","2.5480"
"219.8470","0.4357","2.4454"
"219.8670","0.4355","2.4234"
"219.8870","0.4353","2.4926"
"219.9070","0.4350","2.5555"
"219.9270","0.4347","2.5199"
"219.9470","0.4343","2.4500"
"219.9670","0.4340","2.3978"
"219.9870","0.4336","2.4411"
"220.0070","0.4332","2.5023"
"220.0270","0.4329","2.4744"
"220.0470","0.4326","2.4881"
"220.0670","0.4324","2.4536"
"220.0870","0.4321","2.4199"
"220.1070","0.4317","2.4490"
"220.1270","0.4313","2.4347"
"220.1470","0.4309","2.4809"
"220.1670","0.4304","2.4205"
"220.1870","0.4300","2.4381"
"220.2070","0.4297","2.4595"
"220.2270","0.4294","2.4802"
"220.2470","0.4291","2.4423"
"220.2670","0.4288","2.4648"
"220.2870","0.4285","2.4469"
"220.3070","0.4282","2.4345"
"220.3270","0.4278","2.4223"
"220.3470","0.4275","2.4108"
"220.3670","0.4272","2.4432"
"220.3870","0.4270","2.3893"
"220.4070","0.4267","2.3997"
"220.4270","0.4264","2.3600"
"220.4470","0.4260","2.2675"
"220.4670","0.4256","2.3564"
"220.4870","0.4251","2.4357"
"220.5070","0.4247","2.4758"
"220.5270","0.4243","2.4438"
"220.5470","0.4241","2.4061"
"220.5670","0.4239","2.3368"
"220.5870","0.4236","2.3003"
"220.6070","0.4233","2.3523"
"220.6270","0.4230","2.3969"
"220.6470","0.4226","2.3614"
"220.6670","0.4222","2.3507"
"220.6870","0.4219","2.3129"
"220.7070","0.4215","2.3373"
"220.7270","0.4212","2.3741"
"220.7470","0.4210","2.3387"
"220.7670","0.4207","2.2891"
"220.7870","0.4204","2.3184"
"220.8070","0.4200","2.3248"
"220.8270","0.4196","2.2930"
"220.8470","0.4192","2.1562"
"220.8670","0.4188","2.1631"
"220.8870","0.4184","2.2137"
"220.9070","0.4181","2.2727"
"220.9270","0.4178","2.3165"
"220.9470","0.4175","2.3733"
"220.9670","0.4172","2.3753"
"220.9870","0.4168","2.3169"
"221.0070","0.4165","2.2453"
"221.0270","0.4161","2.2517"
"221.0470","0.4158","2.2169"
"221.0670","0.4156","2.1890"
"221.0870","0.4153","2.1820"
"221.1070","0.4150","2.3068"
"221.1270","0.4147","2.3306"
"221.1470","0.4143","2.2687"
"221.1670","0.4138","2.2887"
"221.1870","0.4133","2.2356"
"221.2070","0.4130","2.1805"
"221.2270","0.4127","2.1728"
"221.2470","0.4125","2.1673"
"221.2670","0.4122","2.1795"
"221.2870","0.4120","2.2101"
"221.3070","0.4116","2.2636"
"221.3270","0.4113","2.2839"
"221.3470","0.4109","2.3041"
"221.3670","0.4106","2.2267"
"221.3870","0.4102","2.1250"
"221.4070","0.4099","2.1424"
"221.4270","0.4096","2.1818"
"221.4470","0.4093","2.1477"
"221.4670","0.4090","2.2273"
"221.4870","0.4087","2.1886"
"221.5070","0.4083","2.1364"
"221.5270","0.4079","2.1651"
"221.5470","0.4075","2.1663"
"221.5670","0.4071","2.1754"
"221.5870","0.4068","2.1343"
"221.6070","0.4065","2.1145"
"221.6270","0.4062","2.1070"
"221.6470","0.4059","2.1410"
"221.6670","0.4055","2.1690"
"221.6870","0.4052","2.1145"
"221.7070","0.4048","2.2241"
"221.7270","0.4045","2.2258"
"221.7470","0.4043","2.1676"
"221.7670","0.4040","2.0894"
"221.7870","0.4037","2.0478"
"221.8070","0.4034","2.0700"
"221.8270","0.4030","2.1276"
"221.8470","0.4025","2.1759"
"221.8670","0.4021","2.1104"
"221.8870","0.4017","2.1094"
"221.9070","0.4014","2.1955"
"221.9270","0.4011","2.1872"
"221.9470","0.4009","2.0972"
"221.9670","0.4006","2.0231"
"221.9870","0.4003","1.9826"
"222.0070","0.4000","2.0234"
"222.0270","0.3996","2.0506"
"222.0470","0.3993","2.0893"
"222.0670","0.3989","2.1205"
"222.0870","0.3986","2.0783"
"222.1070","0.3983","2.0292"
"222.1270","0.3980","1.9711"
"222.1470","0.3977","2.0031"
"222.1670","0.3974","2.0808"
"222.1870","0.3970","2.1243"
"222.2070","0.3966","2.0575"
"222.2270","0.3962","1.9949"
"222.2470","0.3958","1.9410"
"222.2670","0.3954","2.0501"
"222.2870","0.3951","2.0911"
"222.3070","0.3948","2.0826"
"222.3270","0.3945","2.0455"
"222.3470","0.3942","2.0166"
"222.3670","0.3938","1.9057"
"222.3870","0.3935","1.9092"
"222.4070","0.3932","1.9419"
"222.4270","0.3929","1.9706"
"222.4470","0.3926","1.9930"
"222.4670","0.3924","2.0232"
"222.4870","0.3920","1.9909"
"222.5070","0.3917","1.9855"
"222.5270","0.3913","2.0379"
"222.5470","0.3908","1.9989"
"222.5670","0.3904","2.0339"
"222.5870","0.3900","2.0179"
"222.6070","0.3898","1.9178"
"222.6270","0.3895","1.9017"
"222.6470","0.3893","1.9792"
"222.6670","0.3890","1.9679"
"222.6870","0.3887","1.9316"
"222.7070","0.3883","1.9351"
"222.7270","0.3879","1.8821"
"222.7470","0.3876","1.9182"
"222.7670","0.3872","1.9495"
"222.7870","0.3869","1.8895"
"222.8070","0.3866","1.9378"
"222.8270","0.3864","1.9468"
"222.8470","0.3861","1.9206"
"222.8670","0.3857","1.9456"
"222.8870","0.3853","1.9839"
"222.9070","0.3849","1.9848"
"222.9270","0.3845","1.9755"
"222.9470","0.3841","1.9311"
"222.9670","0.3838","1.9056"
"222.9870","0.3835","1.8793"
"223.0070","0.3832","1.8482"
"223.0270","0.3829","1.8636"
"223.0470","0.3825","1.8780"
"223.0670","0.3822","1.8747"
"223.0870","0.3818","1.8091"
"223.1070","0.3815","1.8589"
"223.1270","0.3813","1.8738"
"223.1470","0.3810","1.8904"
"223.1670","0.3807","1.8827"
"223.1870","0.3804","1.9305"
"223.2070","0.3799","1.8848"
"223.2270","0.3795","1.8717"
"223.2470","0.3790","1.8886"
"223.2670","0.3787","1.8631"
"223.2870","0.3784","1.9351"
"223.3070","0.3781","1.8893"
"223.3270","0.3779","1.8140"
"223.3470","0.3776","1.7944"
"223.3670","0.3773","1.7748"
"223.3870","0.3770","1.7711"
"223.4070","0.3766","1.8159"
"223.4270","0.3762","1.8461"
"223.4470","0.3759","1.7800"
"223.4670","0.3755","1.7521"
"223.4870","0.3753","1.7582"
"223.5070","0.3750","1.7438"
"223.5270","0.3747","1.6528"
"223.5470","0.3744","1.7286"
"223.5670","0.3740","1.7668"
"223.5870","0.3736","1.7316"
"223.6070","0.3731","1.6751"
"223.6270","0.3727","1.7403"
"223.6470","0.3724","1.7356"
"223.6670","0.3721","1.8071"
"223.6870","0.3719","1.8154"
"223.7070","0.3716","1.7770"
"223.7270","0.3712","1.7779"
"223.7470","0.3709","1.6468"
"223.7670","0.3705","1.6813"
"223.7870","0.3702","1.7357"
"223.8070","0.3699","1.7233"
"223.8270","0.3696","1.6630"
"223.8470","0.3694","1.6768"
"223.8670","0.3690","1.7330"
"223.8870","0.3687","1.7513"
"223.9070","0.3682","1.7629"
"223.9270","0.3678","1.7084"
"223.9470","0.3673","1.6823"
"223.9670","0.3670","1.6320"
"223.9870","0.3668","1.6826"
"224.0070","0.3665","1.6614"
"224.0270","0.3663","1.7323"
"224.0470","0.3660","1.7125"
"224.0670","0.3657","1.6531"
"224.0870","0.3653","1.6747"
"224.1070","0.3649","1.7064"
"224.1270","0.3645","1.7441"
"224.1470","0.3642","1.6461"
"224.1670","0.3639","1.6470"
"224.1870","0.3636","1.6916"
"224.2070","0.3633","1.6957"
"224.2270","0.3630","1.5984"
"224.2470","0.3627","1.6078"
"224.2670","0.3622","1.6085"
"224.2870","0.3618","1.5835"
"224.3070","0.3614","1.5934"
"224.3270","0.3611","1.5939"
"224.3470","0.3608","1.6987"
"224.3670","0.3605","1.6869"
"224.3870","0.3602","1.6021"
"224.4070","0.3599","1.5538"
"224.4270","0.3595","1.6029"
"224.4470","0.3592","1.5990"
"224.4670","0.3589","1.6103"
"224.4870","0.3586","1.6481"
"224.5070","0.3583","1.5772"
"224.5270","0.3580","1.5292"
"224.5470","0.3577","1.5591"
"224.5670","0.3573","1.5715"
"224.5870","0.3569","1.6548"
"224.6070","0.3565","1.6552"
"224.6270","0.3560","1.5878"
"224.6470","0.3556","1.5258"
"224.6670","0.3554","1.5702"
"224.6870","0.3552","1.5253"
"224.7070","0.3549","1.5207"
"224.7270","0.3547","1.5580"
"224.7470","0.3543","1.5803"
"224.7670","0.3540","1.5385"
"224.7870","0.3536","1.4787"
"224.8070","0.3532","1.4408"
"224.8270","0.3529","1.5022"
"224.8470","0.3525","1.5872"
"224.8670","0.3522","1.5937"
"224.8870","0.3520","1.4740"
"224.9070","0.3517","1.4757"
"224.9270","0.3513","1.4722"
"224.9470","0.3509","1.4608"
"224.9670","0.3505","1.4292"
"224.9870","0.3501","1.4837"
"225.0070","0.3497","1.5486"
"225.0270","0.3494","1.4739"
"225.0470","0.3491","1.4206"
"225.0670","0.3488","1.3657"
"225.0870","0.3486","1.4230"
"225.1070","0.3482","1.3931"
"225.1270","0.3479","1.4032"
"225.1470","0.3475","1.4252"
"225.1670","0.3472","1.4592"
"225.1870","0.3469","1.4661"
"225.2070","0.3467","1.4420"
"225.2270","0.3464","1.4468"
"225.2470","0.3460","1.5459"
"225.2670","0.3456","1.4595"
"225.2870","0.3452","1.4472"
"225.3070","0.3447","1.4357"
"225.3270","0.3443","1.3710"
"225.3470","0.3440","1.3733"
"225.3670","0.3438","1.3650"
"225.3870","0.3436","1.3383"
"225.4070","0.3433","1.3337"
"225.4270","0.3430","1.3921"
"225.4470","0.3427","1.3400"
"225.4670","0.3423","1.3574"
"225.4870","0.3419","1.3791"
"225.5070","0.3415","1.4219"
"225.5270","0.3412","1.4013"
"225.5470","0.3409","1.3837"
"225.5670","0.3406","1.3657"
"225.5870","0.3403","1.3508"
"225.6070","0.3400","1.2987"
"225.6270","0.3396","1.2997"
"225.6470","0.3392","1.4230"
"225.6670","0.3388","1.3753"
"225.6870","0.3384","1.3314"
"225.7070","0.3381","1.2948"
"225.7270","0.3378","1.3345"
"225.7470","0.3375","1.2898"
"225.7670","0.3372","1.3191"
"225.7870","0.3369","1.3606"
"225.8070","0.3366","1.3062"
"225.8270","0.3362","1.2798"
"225.8470","0.3359","1.3132"
"225.8670","0.3356","1.3805"
"225.8870","0.3353","1.3617"
"225.9070","0.3350","1.3402"
"225.9270","0.3347","1.3205"
"225.9470","0.3343","1.2838"
"225.9670","0.3339","1.3213"
"225.9870","0.3335","1.2795"
"226.0070","0.3330","1.3333"
"226.0270","0.3327","1.2976"
"226.0470","0.3324","1.2745"
"226.0670","0.3322","1.2027"
"226.0870","0.3319","1.1811"
"226.1070","0.3317","1.1090"
"226.1270","0.3314","1.1495"
"226.1470","0.3310","1.2691"
"226.1670","0.3306","1.3211"
"226.1870","0.3302","1.2850"
"226.2070","0.3299","1.2069"
"226.2270","0.3296","1.2424"
"226.2470","0.3293","1.2445"
"226.2670","0.3290","1.2062"
"226.2870","0.3287","1.2183"
"226.3070","0.3283","1.1874"
"226.3270","0.3279","1.1982"
"226.3470","0.3275","1.1692"
"226.3670","0.3271","1.1801"
"226.3870","0.3268","1.2192"
"226.4070","0.3264","1.1876"
"226.4270","0.3262","1.1480"
"226.4470","0.3259","1.0603"
"226.4670","0.3256","1.0547"
"226.4870","0.3252","1.1646"
"226.5070","0.3249","1.2609"
"226.5270","0.3245","1.2067"
"226.5470","0.3242","1.2339"
"226.5670","0.3239","1.1409"
"226.5870","0.3236","0.9444"
"226.6070","0.3234","0.9283"
"226.6270","0.3230","1.1220"
"226.6470","0.3226","1.1448"
"226.6670","0.3222","1.1011"
"226.6870","0.3217","1.1027"
"226.7070","0.3213","1.1672"
"226.7270","0.3210","1.1450"
"226.7470","0.3208","1.2171"
"226.7670","0.3206","1.1253"
"226.7870","0.3203","1.0243"
"226.8070","0.3200","0.9959"
"226.8270","0.3197","1.0679"
"226.8470","0.3193","1.0700"
"226.8670","0.3189","1.0603"
"226.8870","0.3185","0.9859"
"226.9070","0.3182","0.9975"
"226.9270","0.3179","1.0402"
"226.9470","0.3176","1.0556"
"226.9670","0.3173","1.0170"
"226.9870","0.3170","1.0558"
"227.0070","0.3167","1.1248"
"227.0270","0.3162","1.0909"
"227.0470","0.3158","1.0337"
"227.0670","0.3154","1.0953"
"227.0870","0.3151","1.0632"
"227.1070","0.3148","0.9423"
"227.1270","0.3145","0.9513"
"227.1470","0.3142","0.9839"
"227.1670","0.3139","1.0016"
"227.1870","0.3135","0.9830"
"227.2070","0.3132","0.9346"
"227.2270","0.3129","0.9124"
"227.2470","0.3126","0.9868"
"227.2670","0.3123","1.0211"
"227.2870","0.3120","1.0198"
"227.3070","0.3117","1.0253"
"227.3270","0.3114","0.9889"
"227.3470","0.3109","0.9865"
"227.3670","0.3105","0.9585"
"227.3870","0.3100","0.9624"
"227.4070","0.3097","0.9357"
"227.4270","0.3094","0.9292"
"227.4470","0.3092","0.9200"
"227.4670","0.3089","0.9184"
"227.4870","0.3087","0.9502"
"227.5070","0.3084","0.8755"
"227.5270","0.3080","0.8539"
"227.5470","0.3076","0.8695"
"227.5670","0.3072","0.8868"
"227.5870","0.3068","0.9501"
"227.6070","0.3065","0.9580"
"227.6270","0.3063","0.9285"
"227.6470","0.3060","0.8917"
"227.6670","0.3057","0.8819"
"227.6870","0.3054","0.9094"
"227.7070","0.3050","0.9026"
"227.7270","0.3045","0.9161"
"227.7470","0.3041","0.8366"
"227.7670","0.3037","0.8579"
"227.7870","0.3034","0.8696"
"227.8070","0.3031","0.8568"
"227.8270","0.3029","0.8667"
"227.8470","0.3025","0.9018"
"227.8670","0.3022","0.8994"
"227.8870","0.3018","0.7367"
"227.9070","0.3015","0.7323"
"227.9270","0.3012","0.7116"
"227.9470","0.3009","0.7735"
"227.9670","0.3007","0.8081"
"227.9870","0.3004","0.8547"
"228.0070","0.3000","0.9387"
"228.0270","0.2996","0.8778"
"228.0470","0.2992","0.8382"
"228.0670","0.2987","0.7416"
"228.0870","0.2983","0.6973"
"228.1070","0.2980","0.7850"
"228.1270","0.2978","0.8003"
"228.1470","0.2976","0.7817"
"228.1670","0.2973","0.8318"
"228.1870","0.2970","0.7973"
"228.2070","0.2966","0.7749"
"228.2270","0.2963","0.8441"
"228.2470","0.2959","0.8147"
"228.2670","0.2955","0.7331"
"228.2870","0.2952","0.7791"
"228.3070","0.2949","0.8410"
"228.3270","0.2946","0.8709"
"228.3470","0.2943","0.8516"
"228.3670","0.2940","0.9262"
"228.3870","0.2936","0.9522"
"228.4070","0.2932","0.8208"
"228.4270","0.2928","0.7366"
"228.4470","0.2924","0.7790"
"228.4670","0.2921","0.7892"
"228.4870","0.2918","0.8026"
"228.5070","0.2915","0.7529"
"228.5270","0.2912","0.6628"
"228.5470","0.2909","0.6472"
"228.5670","0.2905","0.6502"
"228.5870","0.2902","0.7307"
"228.6070","0.2898","0.7910"
"228.6270","0.2895","0.7428"
"228.6470","0.2893","0.8319"
"228.6670","0.2890","0.8218"
"228.6870","0.2887","0.8036"
"228.7070","0.2883","0.8601"
"228.7270","0.2879","0.8425"
"228.7470","0.2875","0.8186"
"228.7670","0.2870","0.7688"
"228.7870","0.2867","0.7792"
"228.8070","0.2864","0.7330"
"228.8270","0.2862","0.7321"
"228.8470","0.2859","0.7382"
"228.8670","0.2857","0.6766"
"228.8870","0.2853","0.7277"
"228.9070","0.2850","0.7312"
"228.9270","0.2846","0.7605"
"228.9470","0.2842","0.7948"
"228.9670","0.2838","0.8050"
"228.9870","0.2835","0.8012"
"229.0070","0.2833","0.8013"
"229.0270","0.2830","0.7422"
"229.0470","0.2827","0.7336"
"229.0670","0.2823","0.7703"
"229.0870","0.2819","0.7178"
"229.1070","0.2815","0.7212"
"229.1270","0.2811","0.7965"
"229.1470","0.2808","0.7412"
"229.1670","0.2805","0.7578"
"229.1870","0.2802","0.6934"
"229.2070","0.2799","0.6736"
"229.2270","0.2796","0.6394"
"229.2470","0.2792","0.6715"
"229.2670","0.2789","0.6318"
"229.2870","0.2785","0.6060"
"229.3070","0.2782","0.7046"
"229.3270","0.2779","0.7932"
"229.3470","0.2777","0.7728"
"229.3670","0.2774","0.7273"
"229.3870","0.2770","0.7305"
"229.4070","0.2766","0.7761"
"229.4270","0.2762","0.7904"
"229.4470","0.2758","0.7596"
"229.4670","0.2754","0.7893"
"229.4870","0.2751","0.6993"
"229.5070","0.2748","0.6427"
"229.5270","0.2746","0.6557"
"229.5470","0.2743","0.6540"
"229.5670","0.2740","0.6921"
"229.5870","0.2737","0.7190"
"229.6070","0.2733","0.8043"
"229.6270","0.2729","0.7542"
"229.6470","0.2725","0.7387"
"229.6670","0.2722","0.7102"
"229.6870","0.2719","0.6646"
"229.7070","0.2716","0.5959"
"229.7270","0.2713","0.5773"
"229.7470","0.2710","0.6912"
"229.7670","0.2706","0.7137"
"229.7870","0.2702","0.7344"
"229.8070","0.2698","0.6816"
"229.8270","0.2694","0.6938"
"229.8470","0.2691","0.7006"
"229.8670","0.2688","0.6983"
"229.8870","0.2685","0.5488"
"229.9070","0.2682","0.5478"
"229.9270","0.2679","0.6864"
"229.9470","0.2676","0.7459"
"229.9670","0.2672","0.7146"
"229.9870","0.2669","0.6716"
"230.0070","0.2666","0.5874"
"230.0270","0.2663","0.5992"
"230.0470","0.2660","0.5291"
"230.0670","0.2657","0.5924"
"230.0870","0.2654","0.6732"
"230.1070","0.2649","0.6858"
"230.1270","0.2645","0.6523"
"230.1470","0.2641","0.5916"
"230.1670","0.2637","0.5772"
"230.1870","0.2635","0.6343"
"230.2070","0.2632","0.6408"
"230.2270","0.2630","0.5593"
"230.2470","0.2627","0.4810"
"230.2670","0.2624","0.5261"
"230.2870","0.2620","0.6136"
"230.3070","0.2616","0.6082"
"230.3270","0.2612","0.5776"
"230.3470","0.2609","0.5519"
"230.3670","0.2606","0.6127"
"230.3870","0.2603","0.5759"
"230.4070","0.2600","0.5647"
"230.4270","0.2597","0.5974"
"230.4470","0.2593","0.5681"
"230.4670","0.2589","0.6175"
"230.4870","0.2585","0.6159"
"230.5070","0.2581","0.5777"
"230.5270","0.2577","0.6075"
"230.5470","0.2574","0.6957"
"230.5670","0.2572","0.6105"
"230.5870","0.2569","0.5056"
"230.6070","0.2566","0.4656"
"230.6270","0.2562","0.5513"
"230.6470","0.2559","0.5251"
"230.6670","0.2555","0.5465"
"230.6870","0.2552","0.5870"
"230.7070","0.2549","0.5060"
"230.7270","0.2547","0.4524"
"230.7470","0.2544","0.5119"
"230.7670","0.2540","0.5915"
"230.7870","0.2536","0.6255"
"230.8070","0.2532","0.6079"
"230.8270","0.2527","0.5407"
"230.8470","0.2524","0.5568"
"230.8670","0.2521","0.5637"
"230.8870","0.2518","0.5807"
"230.9070","0.2516","0.5435"
"230.9270","0.2513","0.5035"
"230.9470","0.2510","0.5443"
"230.9670","0.2507","0.5513"
"230.9870","0.2503","0.5314"
"231.0070","0.2499","0.5830"
"231.0270","0.2495","0.5949"
"231.0470","0.2492","0.5484"
"231.0670","0.2489","0.5013"
"231.0870","0.2486","0.4833"
"231.1070","0.2483","0.6177"
"231.1270","0.2480","0.6426"
"231.1470","0.2476","0.5595"
"231.1670","0.2471","0.5338"
"231.1870","0.2467","0.5248"
"231.2070","0.2464","0.4499"
"231.2270","0.2461","0.4302"
"231.2470","0.2458","0.3707"
"231.2670","0.2455","0.4373"
"231.2870","0.2452","0.5340"
"231.3070","0.2449","0.6212"
"231.3270","0.2445","0.6314"
"231.3470","0.2442","0.5610"
"231.3670","0.2439","0.5889"
"231.3870","0.2436","0.6251"
"231.4070","0.2433","0.7050"
"231.4270","0.2430","0.5666"
"231.4470","0.2427","0.4894"
"231.4670","0.2423","0.5502"
"231.4870","0.2419","0.5904"
"231.5070","0.2414","0.5363"
"231.5270","0.2410","0.4363"
"231.5470","0.2407","0.4913"
"231.5670","0.2404","0.5450"
"231.5870","0.2402","0.4909"
"231.6070","0.2400","0.4511"
"231.6270","0.2397","0.4847"
"231.6470","0.2393","0.4796"
"231.6670","0.2390","0.4931"
"231.6870","0.2386","0.5372"
"231.7070","0.2382","0.5444"
"231.7270","0.2379","0.5403"
"231.7470","0.2376","0.5387"
"231.7670","0.2373","0.5784"
"231.7870","0.2370","0.5996"
"231.8070","0.2367","0.5785"
"231.8270","0.2363","0.6905"
"231.8470","0.2359","0.7227"
"231.8670","0.2354","0.5642"
"231.8870","0.2350","0.4844"
"231.9070","0.2347","0.4756"
"231.9270","0.2344","0.4582"
"231.9470","0.2342","0.4187"
"231.9670","0.2339","0.4351"
"231.9870","0.2336","0.4473"
"232.0070","0.2332","0.5851"
"232.0270","0.2329","0.5250"
"232.0470","0.2325","0.4140"
"232.0670","0.2322","0.4019"
"232.0870","0.2319","0.5282"
"232.1070","0.2316","0.5338"
"232.1270","0.2313","0.5007"
"232.1470","0.2310","0.4982"
"232.1670","0.2306","0.4503"
"232.1870","0.2301","0.4413"
"232.2070","0.2297","0.4894"
"232.2270","0.2293","0.4539"
"232.2470","0.2291","0.4544"
"232.2670","0.2288","0.4188"
"232.2870","0.2286","0.4093"
"232.3070","0.2283","0.4371"
"232.3270","0.2280","0.4462"
"232.3470","0.2277","0.5008"
"232.3670","0.2273","0.4736"
"232.3870","0.2269","0.4480"
"232.4070","0.2266","0.5192"
"232.4270","0.2262","0.4899"
"232.4470","0.2260","0.4424"
"232.4670","0.2257","0.4191"
"232.4870","0.2254","0.3758"
"232.5070","0.2250","0.4382"
"232.5270","0.2246","0.5135"
"232.5470","0.2242","0.5300"
"232.5670","0.2238","0.4614"
"232.5870","0.2234","0.4827"
"232.6070","0.2231","0.4764"
"232.6270","0.2228","0.5615"
"232.6470","0.2225","0.5143"
"232.6670","0.2222","0.5530"
"232.6870","0.2219","0.5517"
"232.7070","0.2216","0.6722"
"232.7270","0.2212","0.6383"
"232.7470","0.2209","0.4918"
"232.7670","0.2206","0.4465"
"232.7870","0.2203","0.3641"
"232.8070","0.2200","0.4218"
"232.8270","0.2197","0.4132"
"232.8470","0.2193","0.4750"
"232.8670","0.2189","0.4560"
"232.8870","0.2184","0.4926"
"232.9070","0.2180","0.5730"
"232.9270","0.2177","0.5318"
"232.9470","0.2175","0.3999"
"232.9670","0.2172","0.4117"
"232.9870","0.2170","0.4782"
"233.0070","0.2167","0.4642"
"233.0270","0.2163","0.3873"
"233.0470","0.2160","0.3731"
"233.0670","0.2156","0.4613"
"233.0870","0.2152","0.4136"
"233.1070","0.2149","0.3707"
"233.1270","0.2146","0.3691"
"233.1470","0.2143","0.3745"
"233.1670","0.2140","0.4218"
"233.1870","0.2137","0.3584"
"233.2070","0.2133","0.3381"
"233.2270","0.2129","0.3408"
"233.2470","0.2125","0.3607"
"233.2670","0.2121","0.3618"
"233.2870","0.2117","0.3233"
"233.3070","0.2114","0.3224"
"233.3270","0.2112","0.3661"
"233.3470","0.2109","0.3446"
"233.3670","0.2105","0.4046"
"233.3870","0.2102","0.4152"
"233.4070","0.2099","0.3725"
"233.4270","0.2095","0.3850"
"233.4470","0.2092","0.3663"
"233.4670","0.2089","0.2758"
"233.4870","0.2086","0.3243"
"233.5070","0.2083","0.3187"
"233.5270","0.2080","0.3510"
"233.5470","0.2076","0.3322"
"233.5670","0.2071","0.3299"
"233.5870","0.2067","0.4163"
"233.6070","0.2063","0.4041"
"233.6270","0.2061","0.3728"
"233.6470","0.2059","0.3398"
"233.6670","0.2056","0.3920"
"233.6870","0.2053","0.3646"
"233.7070","0.2050","0.3728"
"233.7270","0.2047","0.3809"
"233.7470","0.2043","0.3201"
"233.7670","0.2039","0.3505"
"233.7870","0.2036","0.4335"
"233.8070","0.2032","0.5054"
"233.8270","0.2030","0.4592"
"233.8470","0.2027","0.4215"
"233.8670","0.2024","0.4106"
"233.8870","0.2020","0.4731"
"233.9070","0.2016","0.4784"
"233.9270","0.2012","0.3860"
"233.9470","0.2008","0.3461"
"233.9670","0.2004","0.3291"
"233.9870","0.2001","0.3231"
"234.0070","0.1998","0.3356"
"234.0270","0.1995","0.2986"
"234.0470","0.1992","0.2452"
"234.0670","0.1989","0.3003"
"234.0870","0.1985","0.3722"
"234.1070","0.1982","0.3823"
"234.1270","0.1979","0.3554"
"234.1470","0.1976","0.3125"
"234.1670","0.1973","0.3282"
"234.1870","0.1970","0.4061"
"234.2070","0.1967","0.3780"
"234.2270","0.1963","0.3226"
"234.2470","0.1959","0.3493"
"234.2670","0.1954","0.3704"
"234.2870","0.1950","0.4020"
"234.3070","0.1947","0.3365"
"234.3270","0.1945","0.3421"
"234.3470","0.1942","0.3468"
"234.3670","0.1940","0.3762"
"234.3870","0.1937","0.4078"
"234.4070","0.1933","0.4102"
"234.4270","0.1930","0.3483"
"234.4470","0.1926","0.2494"
"234.4670","0.1922","0.2452"
"234.4870","0.1919","0.2800"
"234.5070","0.1916","0.3160"
"234.5270","0.1913","0.3693"
"234.5470","0.1911","0.3693"
"234.5670","0.1907","0.3701"
"234.5870","0.1903","0.3694"
"234.6070","0.1899","0.2735"
"234.6270","0.1895","0.2873"
"234.6470","0.1891","0.3411"
"234.6670","0.1887","0.3895"
"234.6870","0.1884","0.3291"
"234.7070","0.1881","0.3371"
"234.7270","0.1878","0.2922"
"234.7470","0.1875","0.2845"
"234.7670","0.1872","0.2694"
"234.7870","0.1868","0.2294"
"234.8070","0.1865","0.3110"
"234.8270","0.1862","0.3601"
"234.8470","0.1860","0.3096"
"234.8670","0.1857","0.2696"
"234.8870","0.1854","0.2324"
"234.9070","0.1850","0.2344"
"234.9270","0.1846","0.2495"
"234.9470","0.1841","0.3105"
"234.9670","0.1837","0.3305"
"234.9870","0.1833","0.2526"
"235.0070","0.1831","0.2950"
"235.0270","0.1829","0.2835"
"235.0470","0.1826","0.2694"
"235.0670","0.1823","0.2807"
"235.0870","0.1820","0.2631"
"235.1070","0.1816","0.3049"
"235.1270","0.1813","0.3378"
"235.1470","0.1809","0.3027"
"235.1670","0.1805","0.2624"
"235.1870","0.1802","0.2748"
"235.2070","0.1800","0.2885"
"235.2270","0.1797","0.2848"
"235.2470","0.1794","0.2723"
"235.2670","0.1790","0.2740"
"235.2870","0.1786","0.2802"
"235.3070","0.1782","0.2663"
"235.3270","0.1778","0.2027"
"235.3470","0.1774","0.2580"
"235.3670","0.1771","0.3874"
"235.3870","0.1768","0.3910"
"235.4070","0.1765","0.3173"
"235.4270","0.1762","0.2824"
"235.4470","0.1758","0.2908"
"235.4670","0.1755","0.2819"
"235.4870","0.1752","0.2706"
"235.5070","0.1749","0.3193"
"235.5270","0.1746","0.3682"
"235.5470","0.1743","0.2530"
"235.5670","0.1740","0.2704"
"235.5870","0.1737","0.3022"
"235.6070","0.1733","0.2775"
"235.6270","0.1729","0.2063"
"235.6470","0.1724","0.2706"
"235.6670","0.1720","0.3853"
"235.6870","0.1717","0.3446"
"235.7070","0.1715","0.2511"
"235.7270","0.1712","0.2624"
"235.7470","0.1710","0.2350"
"235.7670","0.1707","0.2637"
"235.7870","0.1703","0.2572"
"235.8070","0.1699","0.2428"
"235.8270","0.1696","0.2871"
"235.8470","0.1692","0.3137"
"235.8670","0.1689","0.3575"
"235.8870","0.1686","0.2530"
"235.9070","0.1683","0.2383"
"235.9270","0.1680","0.2141"
"235.9470","0.1677","0.2138"
"235.9670","0.1673","0.2051"
"235.9870","0.1669","0.1854"
"236.0070","0.1665","0.1652"
"236.0270","0.1661","0.2763"
"236.0470","0.1658","0.3484"
"236.0670","0.1655","0.2481"
"236.0870","0.1652","0.2064"
"236.1070","0.1649","0.2554"
"236.1270","0.1645","0.3457"
"236.1470","0.1642","0.2442"
"236.1670","0.1638","0.2809"
"236.1870","0.1635","0.3168"
"236.2070","0.1633","0.2743"
"236.2270","0.1630","0.3765"
"236.2470","0.1627","0.3419"
"236.2670","0.1624","0.3206"
"236.2870","0.1620","0.2174"
"236.3070","0.1616","0.1854"
"236.3270","0.1611","0.1563"
"236.3470","0.1607","0.1509"
"236.3670","0.1603","0.1853"
"236.3870","0.1601","0.2805"
"236.4070","0.1599","0.3173"
"236.4270","0.1596","0.3196"
"236.4470","0.1593","0.2975"
"236.4670","0.1590","0.2301"
"236.4870","0.1586","0.2677"
"236.5070","0.1582","0.2282"
"236.5270","0.1579","0.2134"
"236.5470","0.1575","0.2349"
"236.5670","0.1573","0.2177"
"236.5870","0.1570","0.2428"
"236.6070","0.1567","0.3309"
"236.6270","0.1564","0.2550"
"236.6470","0.1560","0.1977"
"236.6670","0.1556","0.1607"
"236.6870","0.1552","0.1955"
"236.7070","0.1548","0.2137"
"236.7270","0.1544","0.1873"
"236.7470","0.1541","0.1251"
"236.7670","0.1538","0.1373"
"236.7870","0.1535","0.1857"
"236.8070","0.1532","0.2231"
"236.8270","0.1528","0.2233"
"236.8470","0.1525","0.2273"
"236.8670","0.1522","0.1813"
"236.8870","0.1519","0.1432"
"236.9070","0.1516","0.1439"
"236.9270","0.1513","0.1798"
"236.9470","0.1510","0.2736"
"236.9670","0.1507","0.2735"
"236.9870","0.1503","0.2408"
"237.0070","0.1498","0.2946"
"237.0270","0.1494","0.2512"
"237.0470","0.1490","0.1977"
"237.0670","0.1487","0.2100"
"237.0870","0.1485","0.1953"
"237.1070","0.1483","0.1815"
"237.1270","0.1480","0.2436"
"237.1470","0.1477","0.1639"
"237.1670","0.1473","0.2211"
"237.1870","0.1469","0.2187"
"237.2070","0.1466","0.1806"
"237.2270","0.1462","0.1149"
"237.2470","0.1459","0.1588"
"237.2670","0.1456","0.1469"
"237.2870","0.1453","0.1853"
"237.3070","0.1450","0.2062"
"237.3270","0.1447","0.2441"
"237.3470","0.1443","0.2067"
"237.3670","0.1439","0.1018"
"237.3870","0.1434","0.1327"
"237.4070","0.1431","0.2363"
"237.4270","0.1428","0.1778"
"237.4470","0.1425","0.1772"
"237.4670","0.1422","0.2254"
"237.4870","0.1419","0.2013"
"237.5070","0.1415","0.2147"
"237.5270","0.1412","0.1003"
"237.5470","0.1408","0.0679"
"237.5670","0.1405","0.1057"
"237.5870","0.1403","0.1399"
"237.6070","0.1400","0.2084"
"237.6270","0.1397","0.1449"
"237.6470","0.1394","0.1433"
"237.6670","0.1390","0.2084"
"237.6870","0.1385","0.2788"
"237.7070","0.1381","0.1956"
"237.7270","0.1377","0.1602"
"237.7470","0.1374","0.0888"
"237.7670","0.1371","0.0890"
"237.7870","0.1369","0.1020"
"237.8070","0.1366","0.1528"
"237.8270","0.1363","0.1193"
"237.8470","0.1360","0.1067"
"237.8670","0.1356","0.1309"
"237.8870","0.1352","0.1837"
"237.9070","0.1349","0.1730"
"237.9270","0.1346","0.1333"
"237.9470","0.1343","0.1204"
"237.9670","0.1340","0.1420"
"237.9870","0.1337","0.1805"
"238.0070","0.1334","0.1546"
"238.0270","0.1330","0.1396"
"238.0470","0.1326","0.0902"
"238.0670","0.1322","0.0316"
"238.0870","0.1318","0.0888"
"238.1070","0.1314","0.1381"
"238.1270","0.1311","0.0031"
"238.1470","0.1309","0.0167"
"238.1670","0.1306","0.0165"
"238.1870","0.1302","0.0632"
"238.2070","0.1299","0.0397"
"238.2270","0.1295","-0.0039"
"238.2470","0.1292","0.0937"
"238.2670","0.1289","0.1822"
"238.2870","0.1286","0.1841"
"238.3070","0.1283","0.1769"
"238.3270","0.1280","0.0786"
"238.3470","0.1277","0.0408"
"238.3670","0.1273","0.0453"
"238.3870","0.1268","0.0138"
"238.4070","0.1263","0.0530"
"238.4270","0.1260","0.1046"
"238.4470","0.1257","0.0930"
"238.4670","0.1255","0.0899"
"238.4870","0.1253","0.0313"
"238.5070","0.1250","0.0472"
"238.5270","0.1247","0.1225"
"238.5470","0.1243","0.1075"
"238.5670","0.1239","0.0628"
"238.5870","0.1235","0.0521"
"238.6070","0.1232","0.0491"
"238.6270","0.1229","0.0612"
"238.6470","0.1226","0.0719"
"238.6670","0.1224","0.0837"
"238.6870","0.1220","0.0305"
"238.7070","0.1217","0.0551"
"238.7270","0.1213","0.0762"
"238.7470","0.1208","0.1200"
"238.7670","0.1204","0.0902"
"238.7870","0.1201","0.0355"
"238.8070","0.1198","0.1018"
"238.8270","0.1195","0.1222"
"238.8470","0.1192","0.2282"
"238.8670","0.1189","0.1215"
"238.8870","0.1185","0.0203"
"238.9070","0.1182","0.0507"
"238.9270","0.1178","-0.0070"
"238.9470","0.1175","-0.0129"
"238.9670","0.1173","0.0907"
"238.9870","0.1170","0.1348"
"239.0070","0.1167","0.1042"
"239.0270","0.1163","0.0357"
"239.0470","0.1159","0.0191"
"239.0670","0.1155","-0.0154"
"239.0870","0.1150","0.0028"
"239.1070","0.1146","0.0463"
"239.1270","0.1143","0.1211"
"239.1470","0.1141","0.0090"
"239.1670","0.1139","-0.0664"
"239.1870","0.1136","-0.0561"
"239.2070","0.1133","0.0160"
"239.2270","0.1130","0.0733"
"239.2470","0.1126","0.0524"
"239.2670","0.1122","0.0883"
"239.2870","0.1119","-0.0154"
"239.3070","0.1115","-0.0170"
"239.3270","0.1112","0.0154"
"239.3470","0.1110","0.0716"
"239.3670","0.1107","0.0123"
"239.3870","0.1103","0.0307"
"239.4070","0.1100","-0.0344"
"239.4270","0.1095","-0.0676"
"239.4470","0.1091","-0.0212"
"239.4670","0.1087","0.0738"
"239.4870","0.1084","0.0439"
"239.5070","0.1081","0.0775"
"239.5270","0.1078","0.0901"
"239.5470","0.1075","0.0691"
"239.5670","0.1072","0.0267"
"239.5870","0.1069","-0.0317"
"239.6070","0.1065","0.0530"
"239.6270","0.1062","0.0640"
"239.6470","0.1059","0.0396"
"239.6670","0.1056","0.0598"
"239.6870","0.1054","-0.0189"
"239.7070","0.1050","-0.0349"
"239.7270","0.1046","0.0771"
"239.7470","0.1042","0.0822"
"239.7670","0.1037","0.0280"
"239.7870","0.1033","-0.0034"
"239.8070","0.1030","0.0219"
"239.8270","0.1027","0.0679"
"239.8470","0.1025","-0.0194"
"239.8670","0.1023","-0.0152"
"239.8870","0.1020","0.0217"
"239.9070","0.1017","-0.0571"
"239.9270","0.1013","-0.0847"
"239.9470","0.1009","-0.0656"
"239.9670","0.1005","-0.0627"
"239.9870","0.1002","-0.0559"
"240.0070","0.0999","0.0188"
"240.0270","0.0996","0.0314"
"240.0470","0.0993","-0.0298"
"240.0670","0.0990","-0.0372"
"240.0870","0.0986","-0.0491"
"240.1070","0.0982","-0.0461"
"240.1270","0.0978","-0.0780"
"240.1470","0.0974","-0.0368"
"240.1670","0.0971","0.0211"
"240.1870","0.0968","-0.0216"
"240.2070","0.0965","-0.0886"
"240.2270","0.0962","-0.0887"
"240.2470","0.0959","-0.0834"
"240.2670","0.0956","-0.1053"
"240.2870","0.0952","-0.0826"
"240.3070","0.0949","-0.0852"
"240.3270","0.0946","-0.0885"
"240.3470","0.0943","-0.0924"
"240.3670","0.0940","-0.0607"
"240.3870","0.0937","-0.0216"
"240.4070","0.0934","-0.0140"
"240.4270","0.0930","-0.0908"
"240.4470","0.0925","-0.1678"
"240.4670","0.0920","-0.1373"
"240.4870","0.0916","-0.0886"
"240.5070","0.0914","0.0476"
"240.5270","0.0911","0.0584"
"240.5470","0.0909","0.0208"
"240.5670","0.0907","-0.0794"
"240.5870","0.0904","-0.0868"
"240.6070","0.0900","-0.0728"
"240.6270","0.0896","-0.0610"
"240.6470","0.0892","-0.0517"
"240.6670","0.0889","-0.0519"
"240.6870","0.0886","-0.0322"
"240.7070","0.0883","-0.0909"
"240.7270","0.0880","-0.0548"
"240.7470","0.0877","-0.0371"
"240.7670","0.0873","-0.0414"
"240.7870","0.0870","-0.0955"
"240.8070","0.0865","-0.1311"
"240.8270","0.0861","-0.0770"
"240.8470","0.0858","-0.0998"
"240.8670","0.0854","-0.0842"
"240.8870","0.0852","-0.0982"
"240.9070","0.0849","-0.1225"
"240.9270","0.0846","-0.1155"
"240.9470","0.0843","-0.1693"
"240.9670","0.0839","-0.1254"
"240.9870","0.0836","-0.0694"
"241.0070","0.0832","-0.0812"
"241.0270","0.0829","-0.0742"
"241.0470","0.0827","-0.0715"
"241.0670","0.0824","-0.0513"
"241.0870","0.0820","-0.0367"
"241.1070","0.0817","-0.0315"
"241.1270","0.0812","-0.0201"
"241.1470","0.0808","0.0129"
"241.1670","0.0803","-0.0224"
"241.1870","0.0800","-0.0789"
"241.2070","0.0798","-0.0889"
"241.2270","0.0795","-0.0834"
"241.2470","0.0793","0.0155"
"241.2670","0.0790","-0.0489"
"241.2870","0.0787","-0.0898"
"241.3070","0.0783","-0.0390"
"241.3270","0.0779","-0.0425"
"241.3470","0.0775","-0.0754"
"241.3670","0.0772","-0.0789"
"241.3870","0.0769","-0.1070"
"241.4070","0.0766","-0.0184"
"241.4270","0.0763","-0.0924"
"241.4470","0.0760","-0.1245"
"241.4670","0.0757","-0.1492"
"241.4870","0.0753","-0.1408"
"241.5070","0.0749","-0.1244"
"241.5270","0.0745","-0.0767"
"241.5470","0.0741","-0.0442"
"241.5670","0.0738","-0.0301"
"241.5870","0.0735","-0.0279"
"241.6070","0.0732","-0.0572"
"241.6270","0.0729","-0.1186"
"241.6470","0.0725","-0.1849"
"241.6670","0.0722","-0.1835"
"241.6870","0.0719","-0.2080"
"241.7070","0.0716","-0.1217"
"241.7270","0.0713","-0.1615"
"241.7470","0.0710","-0.1929"
"241.7670","0.0707","-0.1851"
"241.7870","0.0704","-0.0985"
"241.8070","0.0700","-0.0841"
"241.8270","0.0695","-0.2007"
"241.8470","0.0690","-0.2023"
"241.8670","0.0686","-0.1850"
"241.8870","0.0684","-0.0952"
"241.9070","0.0681","-0.0321"
"241.9270","0.0679","-0.0549"
"241.9470","0.0677","-0.1207"
"241.9670","0.0674","-0.1529"
"241.9870","0.0670","-0.2159"
"242.0070","0.0666","-0.2184"
"242.0270","0.0662","-0.1844"
"242.0470","0.0658","-0.0568"
"242.0670","0.0655","-0.0549"
"242.0870","0.0653","-0.1105"
"242.1070","0.0650","-0.0990"
"242.1270","0.0647","-0.0088"
"242.1470","0.0643","-0.0412"
"242.1670","0.0640","-0.1020"
"242.1870","0.0635","-0.0860"
"242.2070","0.0631","-0.1020"
"242.2270","0.0627","-0.0504"
"242.2470","0.0624","-0.0112"
"242.2670","0.0621","-0.0677"
"242.2870","0.0618","-0.0919"
"242.3070","0.0615","-0.1267"
"242.3270","0.0612","-0.1556"
"242.3470","0.0608","-0.0971"
"242.3670","0.0605","-0.0186"
"242.3870","0.0602","-0.0330"
"242.4070","0.0599","-0.0364"
"242.4270","0.0596","-0.0212"
"242.4470","0.0593","-0.1112"
"242.4670","0.0590","-0.1011"
"242.4870","0.0587","-0.1145"
"242.5070","0.0582","-0.0632"
"242.5270","0.0578","-0.0891"
"242.5470","0.0574","-0.1053"
"242.5670","0.0570","-0.1078"
"242.5870","0.0568","-0.1596"
"242.6070","0.0565","-0.0715"
"242.6270","0.0563","-0.0624"
"242.6470","0.0560","-0.1945"
"242.6670","0.0557","-0.2300"
"242.6870","0.0553","-0.2315"
"242.7070","0.0549","-0.2264"
"242.7270","0.0545","-0.1955"
"242.7470","0.0542","-0.1831"
"242.7670","0.0539","-0.0905"
"242.7870","0.0536","-0.1707"
"242.8070","0.0533","-0.2163"
"242.8270","0.0530","-0.1270"
"242.8470","0.0526","-0.2083"
"242.8670","0.0522","-0.1350"
"242.8870","0.0518","-0.1069"
"242.9070","0.0514","-0.0881"
"242.9270","0.0511","-0.0852"
"242.9470","0.0508","-0.0805"
"242.9670","0.0505","-0.1872"
"242.9870","0.0502","-0.1610"
"243.0070","0.0499","-0.1540"
"243.0270","0.0495","-0.1431"
"243.0470","0.0492","-0.1300"
"243.0670","0.0488","-0.1821"
"243.0870","0.0485","-0.1521"
"243.1070","0.0483","-0.1309"
"243.1270","0.0480","-0.1675"
"243.1470","0.0477","-0.1132"
"243.1670","0.0474","-0.1388"
"243.1870","0.0470","-0.1449"
"243.2070","0.0465","-0.1239"
"243.2270","0.0461","-0.0758"
"243.2470","0.0457","-0.1123"
"243.2670","0.0454","-0.1369"
"243.2870","0.0452","-0.1694"
"243.3070","0.0449","-0.1877"
"243.3270","0.0447","-0.1273"
"243.3470","0.0443","-0.1480"
"243.3670","0.0440","-0.1323"
"243.3870","0.0436","-0.1612"
"243.4070","0.0432","-0.1802"
"243.4160","0.0430","-0.2228"

